file,year,report_series,page_title,category,confidence,layout_scores.paragraph_nlr,layout_scores.dense_br_nlr,layout_scores.structured_slr,layout_scores.late_slr_font,fingerprint.paragraph_count,fingerprint.char_count,fingerprint.br_count,fingerprint.br_per_paragraph,fingerprint.br_per_1000_chars,fingerprint.font_count,fingerprint.font_per_paragraph,fingerprint.font_per_1000_chars,fingerprint.strong_count,fingerprint.em_count,fingerprint.has_held,fingerprint.has_cases_referred,fingerprint.has_cur_adv_vult,fingerprint.has_agreement,fingerprint.has_explicit_result,paragraph_nlr,dense_br_nlr,structured_slr,late_slr_font,decade,top_score,score_margin
1878/1.html,1878,NLR,"Re the Complaint of Dr. Kriekenbeek, C.J.,Against, A.J., A Proctor of the Supreme Court. - NLR - 242 of 3 [1878] LKSC 1; (1878) 3 NLR 242 (14 June 1878)",paragraph_nlr,0.903453,0.903453,0.016547,0.079121,0.000879,44,14303,0,0.0,0.0,0,0.0,0.0,10,17,True,False,True,False,False,0.9034526868348758,0.016547313165124235,0.0791210445895525,0.000878955410447454,1870,0.9034526868348758,0.8243316422453233
1878/2.html,1878,NLR,Arumukham Et Al v. The British India Steam Navigation Company - NLR - 61 of 1 [1878] LKSC 2; (1878) 1 NLR 61 (15 October 1878),dense_br_nlr,0.918178,0.001822,0.918178,0.079121,0.000879,18,19147,46,2.555556,2.402465,0,0.0,0.0,10,2,True,False,False,False,False,0.0018224227754862988,0.9181775772245138,0.0791210445895525,0.000878955410447454,1870,0.9181775772245138,0.8390565326349613
1895/1.html,1895,NLR,Mahamado v. Ibhrahim - NLR - 36 of 2 [1895] LKSC 1; (1895) 2 NLR 36 (21 June 1895),paragraph_nlr,0.903453,0.903453,0.016547,0.079121,0.000879,39,11455,0,0.0,0.0,0,0.0,0.0,10,21,True,True,True,False,True,0.9034526868348758,0.016547313165124235,0.0791210445895525,0.000878955410447454,1890,0.9034526868348758,0.8243316422453233
1895/2.html,1895,NLR,"In the Matter of the Last Will and Testament of L. Carolis Dias, Deceased.. - NLR - 66 of 2 [1895] LKSC 2; (1895) 2 NLR 66 (24 September 1895)",paragraph_nlr,0.897636,0.897636,0.022364,0.079121,0.000879,26,7512,2,0.076923,0.266241,0,0.0,0.0,11,33,True,False,False,True,False,0.8976359101489995,0.022364089851000583,0.0791210445895525,0.000878955410447454,1890,0.8976359101489995,0.818514865559447
1895/3.html,1895,NLR,In Re Application of Canagaratne For A Mandamus - NLR - 34 of 1 [1895] LKSC 3; (1895) 1 NLR 34 (1 March 1895),dense_br_nlr,0.913843,0.006157,0.913843,0.074596,0.005404,8,6294,18,2.25,2.859867,1,0.125,0.158881,7,2,True,False,False,False,False,0.006157422850341954,0.9138425771496581,0.07459626470882964,0.0054037352911703255,1890,0.9138425771496581,0.8392463124408285
1895/4.html,1895,NLR,Rodgers v. Tindals - NLR - 126 of 1 [1895] LKSC 4; (1895) 1 NLR 126 (17 June 1895),dense_br_nlr,0.919919,8.1e-05,0.919919,0.079121,0.000879,6,3453,20,3.333333,5.792065,0,0.0,0.0,4,0,False,False,False,False,False,8.134574486875491e-05,0.9199186542551313,0.0791210445895525,0.000878955410447454,1890,0.9199186542551313,0.8407976096655788
1896/1.html,1896,NLR,"The Government Agent, Southern Province v. Karolis Et Al. - NLR - 72 of 2 [1896] LKSC 1; (1896) 2 NLR 72 (11 June 1896)",paragraph_nlr,0.891099,0.891099,0.028901,0.079121,0.000879,14,3465,2,0.142857,0.577201,0,0.0,0.0,12,12,False,False,False,True,False,0.891098794647127,0.028901205352872984,0.0791210445895525,0.000878955410447454,1890,0.891098794647127,0.8119777500575746
1896/2.html,1896,NLR,Abdul Cader v. Annamalay - NLR - 166 of 2 [1896] LKSC 2; (1896) 2 NLR 166 (6 October 1896),paragraph_nlr,0.900142,0.900142,0.019858,0.079121,0.000879,43,8762,2,0.046512,0.228258,0,0.0,0.0,11,18,True,False,True,True,False,0.9001421247352925,0.019857875264707555,0.0791210445895525,0.000878955410447454,1890,0.9001421247352925,0.82102108014574
1896/3.html,1896,NLR,Between Dingiriappu v. Punchirala Et Al. - NLR - 178 of 2 [1896] LKSC 3; (1896) 2 NLR 178 (8 July 1896),paragraph_nlr,0.901056,0.901056,0.018944,0.079121,0.000879,29,4465,1,0.034483,0.223964,0,0.0,0.0,12,14,True,False,True,True,False,0.90105577456601,0.018944225433989947,0.0791210445895525,0.000878955410447454,1890,0.90105577456601,0.8219347299764576
1896/4.html,1896,NLR,King v. Harvey - NLR - 129 of 5 [1896] LKSC 4; (1896) 5 NLR 129 (7 July 1896),paragraph_nlr,0.903453,0.903453,0.016547,0.078667,0.001333,71,24693,0,0.0,0.0,2,0.028169,0.080995,14,38,True,False,False,False,False,0.9034526868348758,0.016547313165124235,0.07866657168133108,0.0013334283186688812,1890,0.9034526868348758,0.8247861151535447
1896/5.html,1896,NLR,Allis v. Babunhamy Et Al. - NLR - 198 of 2 [1896] LKSC 5; (1896) 2 NLR 198 (17 July 1896),paragraph_nlr,0.891099,0.891099,0.028901,0.079121,0.000879,14,1634,2,0.142857,1.22399,0,0.0,0.0,7,9,True,False,False,True,False,0.891098794647127,0.028901205352872984,0.0791210445895525,0.000878955410447454,1890,0.891098794647127,0.8119777500575746
1896/6.html,1896,NLR,In the Matter of the Forest Settlement Inquiry Regarding the Land Called Chetty Chena At Puttalam. - NLR - 129 of 2 [1896] LKSC 6; (1896) 2 NLR 129 (11 August 1896),paragraph_nlr,0.898279,0.898279,0.021721,0.079121,0.000879,72,22064,5,0.069444,0.226613,0,0.0,0.0,18,29,True,False,True,True,False,0.898279484051123,0.02172051594887711,0.0791210445895525,0.000878955410447454,1890,0.898279484051123,0.8191584394615705
1897/1.html,1897,NLR,The Queen v. Kapurala - NLR - 330 of 2 [1897] LKSC 1; (1897) 2 NLR 330 (9 April 1897),paragraph_nlr,0.654683,0.654683,0.265317,0.078584,0.001416,31,14440,24,0.774194,1.66205,1,0.032258,0.069252,12,14,True,False,True,False,False,0.6546826579787772,0.2653173420212228,0.0785837188349146,0.0014162811650853544,1890,0.6546826579787772,0.3893653159575544
1897/2.html,1897,NLR,"In the Matter of the Petition of Mr. Kristnaratne, A Proctor of the District Court of Colombo, For A Transfer of His Warrant To Practice In the District Court of Anuradhapura - NLR - 202 of 3 [1897] LKSC 2; (1897) 3 NLR 202 (15 January 1897)",paragraph_nlr,0.876368,0.876368,0.043632,0.079121,0.000879,8,1718,2,0.25,1.164144,0,0.0,0.0,3,4,False,False,False,False,False,0.8763681966766387,0.04363180332336144,0.0791210445895525,0.000878955410447454,1890,0.8763681966766387,0.7972471520870862
1898/1.html,1898,NLR,Suppramanian Chetty Et Al. v. Curera Et Al. - NLR - 193 of 3 [1898] LKSC 1; (1898) 3 NLR 193 (17 January 1898),paragraph_nlr,0.903453,0.903453,0.016547,0.079121,0.000879,20,3053,0,0.0,0.0,0,0.0,0.0,23,12,True,False,False,False,False,0.9034526868348758,0.016547313165124235,0.0791210445895525,0.000878955410447454,1890,0.9034526868348758,0.8243316422453233
1898/2.html,1898,NLR,"In the Matter of the Last Will and Testament of Kolambapatabendige Abraham Perera, of Horatudwa, Deceased: K. Haramanis Perera and Another, Application and Pespondants and K. Johana Perera and Eleven Others, Respondents and Appellants - NLR - 306 of 3 [1898] LKSC 2; (1898) 3 NLR 306 (20 May 1898)",paragraph_nlr,0.903453,0.903453,0.016547,0.079121,0.000879,80,26464,0,0.0,0.0,0,0.0,0.0,25,29,True,False,True,False,False,0.9034526868348758,0.016547313165124235,0.0791210445895525,0.000878955410447454,1890,0.9034526868348758,0.8243316422453233
1899/1.html,1899,NLR,Ismail Lebbe v. Omer Lebbe - NLR - 303 of 3 [1899] LKSC 1; (1899) 3 NLR 303 (28 February 1899),paragraph_nlr,0.903453,0.903453,0.016547,0.079121,0.000879,18,2576,0,0.0,0.0,0,0.0,0.0,8,8,False,False,False,True,False,0.9034526868348758,0.016547313165124235,0.0791210445895525,0.000878955410447454,1890,0.9034526868348758,0.8243316422453233
1899/2.html,1899,NLR,Villandan v. Perera. - NLR - 48 of 6 [1899] LKSC 2; (1899) 6 NLR 48 (19 April 1899),paragraph_nlr,0.903453,0.903453,0.016547,0.079121,0.000879,17,4778,0,0.0,0.0,0,0.0,0.0,6,8,False,False,False,False,False,0.9034526868348758,0.016547313165124235,0.0791210445895525,0.000878955410447454,1890,0.9034526868348758,0.8243316422453233
1900/1.html,1900,NLR,Ponnamma v. Armugam - NLR - 223 of 8 [1900] LKSC 1; (1900) 8 NLR 223 (4 January 1900),paragraph_nlr,0.899768,0.899768,0.020232,0.079121,0.000879,39,14879,2,0.051282,0.134418,0,0.0,0.0,8,2,True,True,False,False,False,0.8997680110224159,0.020231988977584183,0.0791210445895525,0.000878955410447454,1900,0.8997680110224159,0.8206469664328634
1901/1.html,1901,NLR,King v. Walter Don - NLR - 375 of 5 [1901] LKSC 1; (1901) 5 NLR 375 (18 December 1901),paragraph_nlr,0.903453,0.903453,0.016547,0.077655,0.002345,15,2824,0,0.0,0.0,1,0.066667,0.354108,7,10,False,False,False,True,False,0.9034526868348758,0.016547313165124235,0.07765501015865511,0.002344989841344842,1900,0.9034526868348758,0.8257976766762207
1901/2.html,1901,NLR,Minga v. Senderiya - NLR - 50 of 5 [1901] LKSC 2; (1901) 5 NLR 50 (26 March 1901),paragraph_nlr,0.903453,0.903453,0.016547,0.077388,0.002612,27,4776,0,0.0,0.0,2,0.074074,0.41876,5,20,False,False,True,False,False,0.9034526868348758,0.016547313165124235,0.07738844082988092,0.0026115591701190476,1900,0.9034526868348758,0.8260642460049948
1901/3.html,1901,NLR,Perera v. Pody Sinho - NLR - 243 of 5 [1901] LKSC 3; (1901) 5 NLR 243 (19 November 1901),paragraph_nlr,0.903453,0.903453,0.016547,0.077655,0.002345,30,9610,0,0.0,0.0,2,0.066667,0.208117,9,18,False,False,False,True,False,0.9034526868348758,0.016547313165124235,0.07765501015865511,0.002344989841344842,1900,0.9034526868348758,0.8257976766762207
1901/4.html,1901,NLR,Sinchohamy v. Gunavathamy - NLR - 123 of 5 [1901] LKSC 4; (1901) 5 NLR 123 (6 May 1901),paragraph_nlr,0.903453,0.903453,0.016547,0.077278,0.002722,13,2043,0,0.0,0.0,1,0.076923,0.489476,5,9,False,False,True,False,False,0.9034526868348758,0.016547313165124235,0.07727829603884145,0.0027217039611585133,1900,0.9034526868348758,0.8261743907960344
1901/5.html,1901,NLR,Wijesinha v. Babahamy - NLR - 126 of 5 [1901] LKSC 5; (1901) 5 NLR 126 (1 May 1901),paragraph_nlr,0.903453,0.903453,0.016547,0.077487,0.002513,28,8748,0,0.0,0.0,2,0.071429,0.228624,11,14,True,False,True,False,False,0.9034526868348758,0.016547313165124235,0.07748683466899436,0.0025131653310056005,1900,0.9034526868348758,0.8259658521658815
1902/1.html,1902,NLR,Samarasinha v. Balahamy - NLR - 379 of 5 [1902] LKSC 1; (1902) 5 NLR 379 (20 May 1902),paragraph_nlr,0.903453,0.903453,0.016547,0.075126,0.004874,17,2174,0,0.0,0.0,2,0.117647,0.919963,8,6,False,False,False,True,False,0.9034526868348758,0.016547313165124235,0.07512619795961603,0.004873802040383932,1900,0.9034526868348758,0.8283264888752597
1902/10.html,1902,NLR,Devairakkam v. Samarasinghe - NLR - 18 of 65 [1902] LKSC 10; (1902) 65 NLR 18 (4 October 1902),dense_br_nlr,0.919999,1e-06,0.919999,0.079121,0.000879,7,3575,31,4.428571,8.671329,0,0.0,0.0,10,8,True,False,False,False,True,1.0180039951190878e-06,0.9199989819960049,0.0791210445895525,0.000878955410447454,1900,0.9199989819960049,0.8408779374064524
1902/11.html,1902,NLR,King v. Seneviratne - NLR - 138 of 6 [1902] LKSC 11; (1902) 6 NLR 138 (28 October 1902),paragraph_nlr,0.903453,0.903453,0.016547,0.079121,0.000879,28,8532,0,0.0,0.0,0,0.0,0.0,21,11,True,False,True,False,False,0.9034526868348758,0.016547313165124235,0.0791210445895525,0.000878955410447454,1900,0.9034526868348758,0.8243316422453233
1902/12.html,1902,NLR,Sinnatamby v. Meera Levvai - NLR - 50 of 6 [1902] LKSC 12; (1902) 6 NLR 50 (19 August 1902),paragraph_nlr,0.903453,0.903453,0.016547,0.079121,0.000879,18,5066,0,0.0,0.0,0,0.0,0.0,8,9,True,False,False,False,False,0.9034526868348758,0.016547313165124235,0.0791210445895525,0.000878955410447454,1900,0.9034526868348758,0.8243316422453233
1902/2.html,1902,NLR,King v. Tajudeen - NLR - 16 of 6 [1902] LKSC 2; (1902) 6 NLR 16 (29 January 1902),paragraph_nlr,0.903453,0.903453,0.016547,0.079121,0.000879,39,13113,0,0.0,0.0,0,0.0,0.0,11,10,True,False,False,False,False,0.9034526868348758,0.016547313165124235,0.0791210445895525,0.000878955410447454,1900,0.9034526868348758,0.8243316422453233
1902/3.html,1902,NLR,Abdan v. Deen - NLR - 381 of 5 [1902] LKSC 3; (1902) 5 NLR 381 (15 May 1902),paragraph_nlr,0.903453,0.903453,0.016547,0.076669,0.003331,22,4700,0,0.0,0.0,2,0.090909,0.425532,6,10,False,False,True,False,False,0.9034526868348758,0.016547313165124235,0.07666944722808026,0.003330552771919697,1900,0.9034526868348758,0.8267832396067956
1902/4.html,1902,NLR,Rex v. Baba - NLR - 35 of 6 [1902] LKSC 4; (1902) 6 NLR 35 (10 June 1902),paragraph_nlr,0.903453,0.903453,0.016547,0.079121,0.000879,50,14249,0,0.0,0.0,0,0.0,0.0,13,17,True,False,True,False,True,0.9034526868348758,0.016547313165124235,0.0791210445895525,0.000878955410447454,1900,0.9034526868348758,0.8243316422453233
1902/5.html,1902,NLR,Dahanayake v. Jayasekera - NLR - 257 of 5 [1902] LKSC 5; (1902) 5 NLR 257 (5 February 1902),paragraph_nlr,0.903453,0.903453,0.016547,0.07809,0.00191,19,4609,0,0.0,0.0,1,0.052632,0.216967,9,13,False,False,False,False,False,0.9034526868348758,0.016547313165124235,0.07808955479507407,0.0019104452049258926,1900,0.9034526868348758,0.8253631320398017
1902/6.html,1902,NLR,Ukku v. Kirihonda - NLR - 104 of 6 [1902] LKSC 6; (1902) 6 NLR 104 (22 September 1902),paragraph_nlr,0.903453,0.903453,0.016547,0.079121,0.000879,32,8870,0,0.0,0.0,0,0.0,0.0,8,40,True,False,False,False,False,0.9034526868348758,0.016547313165124235,0.0791210445895525,0.000878955410447454,1900,0.9034526868348758,0.8243316422453233
1902/7.html,1902,NLR,Rex v. Periyatamby - NLR - 338 of 5 [1902] LKSC 7; (1902) 5 NLR 338 (28 May 1902),paragraph_nlr,0.903453,0.903453,0.016547,0.079121,0.000879,41,12455,0,0.0,0.0,0,0.0,0.0,12,15,True,False,False,True,False,0.9034526868348758,0.016547313165124235,0.0791210445895525,0.000878955410447454,1900,0.9034526868348758,0.8243316422453233
1902/8.html,1902,NLR,Changarapilla v. Chelliah - NLR - 270 of 5 [1902] LKSC 8; (1902) 5 NLR 270 (13 February 1902),paragraph_nlr,0.903453,0.903453,0.016547,0.078537,0.001463,29,8158,0,0.0,0.0,1,0.034483,0.122579,10,33,True,False,False,False,False,0.9034526868348758,0.016547313165124235,0.07853653209940319,0.0014634679005967736,1900,0.9034526868348758,0.8249161547354726
1902/9.html,1902,NLR,Mendis v. Mohideen - NLR - 317 of 5 [1902] LKSC 9; (1902) 5 NLR 317 (16 January 1902),paragraph_nlr,0.903453,0.903453,0.016547,0.079121,0.000879,30,7867,0,0.0,0.0,0,0.0,0.0,10,28,True,False,False,True,False,0.9034526868348758,0.016547313165124235,0.0791210445895525,0.000878955410447454,1900,0.9034526868348758,0.8243316422453233
1903/1.html,1903,NLR,Menika v. Disanayaka - NLR - 8 of 7 [1903] LKSC 1; (1903) 7 NLR 8 (16 July 1903),paragraph_nlr,0.89445,0.89445,0.02555,0.079121,0.000879,18,4236,2,0.111111,0.472144,0,0.0,0.0,6,3,True,False,True,False,False,0.8944496103106613,0.025550389689338694,0.0791210445895525,0.000878955410447454,1900,0.8944496103106613,0.8153285657211088
1903/2.html,1903,NLR,The Anglo Oriental Furnishing Company v. Samarasinha - NLR - 12 of 7 [1903] LKSC 2; (1903) 7 NLR 12 (6 July 1903),paragraph_nlr,0.89727,0.89727,0.02273,0.079121,0.000879,37,8666,3,0.081081,0.34618,0,0.0,0.0,8,6,True,False,True,True,False,0.8972701068017442,0.0227298931982558,0.0791210445895525,0.000878955410447454,1900,0.8972701068017442,0.8181490622121917
1903/3.html,1903,NLR,Muttiah Chetty v. Don Martines - NLR - 175 of 10 [1903] LKSC 3; (1903) 10 NLR 175 (19 June 1903),paragraph_nlr,0.862835,0.862835,0.057165,0.079121,0.000879,28,7107,9,0.321429,1.266357,0,0.0,0.0,15,8,True,False,True,True,True,0.8628351256527372,0.057164874347262855,0.0791210445895525,0.000878955410447454,1900,0.8628351256527372,0.7837140810631847
1903/4.html,1903,NLR,Treaby v. Bawa - NLR - 22 of 7 [1903] LKSC 4; (1903) 7 NLR 22 (16 July 1903),paragraph_nlr,0.896382,0.896382,0.023618,0.079121,0.000879,22,3467,2,0.090909,0.576868,0,0.0,0.0,6,3,True,False,True,False,False,0.8963821489259947,0.023617851074005394,0.0791210445895525,0.000878955410447454,1900,0.8963821489259947,0.8172611043364422
1904/1.html,1904,NLR,"Neina Marikar v. Ceylon Standard Press Company, Limited - NLR - 251 of 7 [1904] LKSC 1; (1904) 7 NLR 251 (17 June 1904)",paragraph_nlr,0.897803,0.897803,0.022197,0.079121,0.000879,40,13822,3,0.075,0.217045,0,0.0,0.0,13,9,True,False,True,False,False,0.8978031402957444,0.02219685970425566,0.0791210445895525,0.000878955410447454,1900,0.8978031402957444,0.8186820957061919
1905/1.html,1905,NLR,Hassim v. Carolis - NLR - 133 of 8 [1905] LKSC 1; (1905) 8 NLR 133 (13 February 1905),paragraph_nlr,0.860228,0.860228,0.059772,0.077014,0.002986,12,1795,4,0.333333,2.228412,1,0.083333,0.557103,4,3,False,False,False,False,False,0.8602284389193486,0.05977156108065137,0.07701386338587268,0.0029861366141272767,1900,0.8602284389193486,0.783214575533476
1906/1.html,1906,NLR,"In the Matter of A Mandamus On the Chairman of the Municipal Council, Galle - NLR - 156 of 9 [1906] LKSC 1; (1906) 9 NLR 156 (12 February 1906)",paragraph_nlr,0.888962,0.888962,0.031038,0.079121,0.000879,31,13808,5,0.16129,0.362109,0,0.0,0.0,14,7,True,False,True,True,False,0.8889619331294631,0.03103806687053688,0.0791210445895525,0.000878955410447454,1900,0.8889619331294631,0.8098408885399107
1906/2.html,1906,NLR,"Abeyewardene, G.E. v. The Chairman of the Municipal Council - NLR - 304 of 9 [1906] LKSC 2; (1906) 9 NLR 304 (29 August 1906)",paragraph_nlr,0.866797,0.866797,0.053203,0.079121,0.000879,86,27025,26,0.302326,0.962072,0,0.0,0.0,27,13,True,False,True,False,False,0.8667972996083909,0.05320270039160912,0.0791210445895525,0.000878955410447454,1900,0.8667972996083909,0.7876762550188384
1906/3.html,1906,NLR,In the Matter of the Election of A Councillor Foe the Galupiadda Ward of the Galle Municipality. - NLR - 300 of 8 [1906] LKSC 3; (1906) 8 NLR 300 (25 November 1906),paragraph_nlr,0.875606,0.875606,0.044394,0.078849,0.001151,55,21041,14,0.254545,0.665368,1,0.018182,0.047526,13,3,True,False,False,False,False,0.8756063425383778,0.044393657461622264,0.07884941569681364,0.0011505843031863173,1900,0.8756063425383778,0.7967569268415642
1906/4.html,1906,NLR,"In the Matter of the Application For A Writ of Quo Warranto Declare the Election of Danister Perera As Member of the Municipal Council of Galle, Null and Void. - NLR - 142 of 9 [1906] LKSC 4; (1906) 9 NLR 142 (23 March 1906)",paragraph_nlr,0.857298,0.857298,0.062702,0.079121,0.000879,26,11579,9,0.346154,0.777269,0,0.0,0.0,13,7,True,False,True,True,False,0.8572975186799806,0.06270248132001949,0.0791210445895525,0.000878955410447454,1900,0.8572975186799806,0.7781764740904281
1908/1.html,1908,NLR,Kadija Umma Et Al. v. Meera Lebbe Et Al. - NLR - 75 of 11 [1908] LKSC 1; (1908) 11 NLR 75 (6 March 1908),paragraph_nlr,0.84829,0.84829,0.07171,0.079121,0.000879,102,22706,39,0.382353,1.717608,0,0.0,0.0,25,90,True,False,True,True,False,0.8482897123377131,0.07171028766228695,0.0791210445895525,0.000878955410447454,1900,0.8482897123377131,0.7691686677481606
1908/2.html,1908,NLR,Goonewardene v. The Chairman - NLR - 3 of 12 [1908] LKSC 2; (1908) 12 NLR 3 (31 October 1908),paragraph_nlr,0.903453,0.903453,0.016547,0.077278,0.002722,26,12138,0,0.0,0.0,2,0.076923,0.164772,12,9,False,False,True,False,False,0.9034526868348758,0.016547313165124235,0.07727829603884145,0.0027217039611585133,1900,0.9034526868348758,0.8261743907960344
1908/3.html,1908,NLR,"In the Matter of the Stamp Ordinance,1890 - NLR - 357 of 11 [1908] LKSC 3; (1908) 11 NLR 357 (10 November 1908)",paragraph_nlr,0.830049,0.830049,0.089951,0.079121,0.000879,27,9410,12,0.444444,1.275239,0,0.0,0.0,9,9,True,False,True,False,True,0.8300493524146176,0.08995064758538242,0.0791210445895525,0.000878955410447454,1900,0.8300493524146176,0.7400987048292352
1909/1.html,1909,NLR,Tissera v. Tissera - NLR - 281 of 12 [1909] LKSC 1; (1909) 12 NLR 281 (21 August 1909),paragraph_nlr,0.901747,0.901747,0.018253,0.069363,0.010637,40,15178,1,0.025,0.065885,7,0.175,0.461194,14,33,True,False,True,True,True,0.9017469187246487,0.01825308127535131,0.06936286078417363,0.010637139215826336,1900,0.9017469187246487,0.8323840579404751
1910/1.html,1910,NLR,In the Matter of A Rule Served On D.J. Wlifvn.4ivrhf For Contempt of Court - NLR - 43 of 14 [1910] LKSC 1; (1910) 14 NLR 43 (9 December 1910),paragraph_nlr,0.885659,0.885659,0.034341,0.074596,0.005404,16,2947,3,0.1875,1.017984,2,0.125,0.678656,12,7,False,False,False,True,False,0.885659263643401,0.0343407363565991,0.07459626470882964,0.0054037352911703255,1910,0.885659263643401,0.8110629989345713
1911/1.html,1911,NLR,Aiyar v. Tambyah Et Al. - NLR - 41 of 15 [1911] LKSC 1; (1911) 15 NLR 41 (15 December 1911),paragraph_nlr,0.903453,0.903453,0.016547,0.060214,0.019786,31,4855,0,0.0,0.0,7,0.225806,1.441813,13,36,True,False,True,True,True,0.9034526868348758,0.016547313165124235,0.060213698180835766,0.019786301819164194,1910,0.9034526868348758,0.84323898865404
1911/2.html,1911,NLR,King v. Perumal - NLR - 496 of 14 [1911] LKSC 2; (1911) 14 NLR 496 (20 September 1911),paragraph_nlr,0.897976,0.897976,0.022024,0.077688,0.002312,137,38625,10,0.072993,0.2589,9,0.065693,0.23301,28,160,True,False,False,False,True,0.8979763745985053,0.02202362540149474,0.07768803849451818,0.0023119615054817853,1910,0.8979763745985053,0.8202883361039871
1911/3.html,1911,NLR,In the Matter of An Application For A Writ of Habeas Corpus By Wappu Marikar and His Wife Ummaniumma - NLR - 225 of 14 [1911] LKSC 3; (1911) 14 NLR 225 (30 May 1911),paragraph_nlr,0.890288,0.890288,0.029712,0.076206,0.003794,20,3509,3,0.15,0.854944,2,0.1,0.569963,7,27,False,False,False,False,True,0.8902881724774255,0.029711827522574476,0.07620593014579462,0.003794069854205342,1910,0.8902881724774255,0.814082242331631
1912/1.html,1912,NLR,The Attorney General v. Pedru - NLR - 388 of 15 [1912] LKSC 1; (1912) 15 NLR 388 (15 July 1912),paragraph_nlr,0.903453,0.903453,0.016547,0.078715,0.001285,39,10071,0,0.0,0.0,1,0.025641,0.099295,21,25,False,False,True,True,True,0.9034526868348758,0.016547313165124235,0.07871539187233334,0.001284608127666619,1910,0.9034526868348758,0.8247372949625424
1913/1.html,1913,NLR,Fernando v. Perera - NLR - 73 of 16 [1913] LKSC 1; (1913) 16 NLR 73 (6 February 1913),dense_br_nlr,0.889843,0.030157,0.889843,0.079121,0.000879,13,8505,24,1.846154,2.821869,0,0.0,0.0,9,5,True,False,True,False,False,0.030157349264504967,0.8898426507354951,0.0791210445895525,0.000878955410447454,1910,0.8898426507354951,0.8107216061459426
1913/2.html,1913,NLR,In Re Wijesinghe - NLR - 312 of 16 [1913] LKSC 2; (1913) 16 NLR 312 (4 June 1913),dense_br_nlr,0.918831,0.001169,0.918831,0.079121,0.000879,9,6865,24,2.666667,3.495994,0,0.0,0.0,10,2,False,False,False,True,True,0.0011693334049041714,0.9188306665950958,0.0791210445895525,0.000878955410447454,1910,0.9188306665950958,0.8397096220055433
1914/1.html,1914,NLR,In Prize Ss Reichenfels - NLR - 432 of 17 [1914] LKSC 1; (1914) 17 NLR 432 (23 October 1914),paragraph_nlr,0.883968,0.883968,0.036032,0.07308,0.00692,35,12981,7,0.2,0.53925,5,0.142857,0.385178,19,44,True,False,False,False,True,0.8839675350269769,0.03603246497302321,0.07308003816939575,0.006919961830604208,1910,0.8839675350269769,0.8108874968575811
1914/2.html,1914,NLR,In Ra Proctor - NLR - 51 of 18 [1914] LKSC 2; (1914) 18 NLR 51 (2 November 1914),dense_br_nlr,0.92,0.0,0.92,0.079121,0.000879,6,5216,33,5.5,6.326687,0,0.0,0.0,5,8,True,False,False,False,False,1.4011581139783403e-08,0.9199999859884189,0.0791210445895525,0.000878955410447454,1910,0.9199999859884189,0.8408789413988664
1914/3.html,1914,NLR,"In the Matter of the Rule On De Souza, Editor of the Ceylon Morning Leader - NLR - 41 of 18 [1914] LKSC 3; (1914) 18 NLR 41 (6 April 1914)",dense_br_nlr,0.876368,0.043632,0.876368,0.079121,0.000879,16,17789,28,1.75,1.574006,0,0.0,0.0,11,3,True,True,False,False,False,0.04363180332336131,0.8763681966766388,0.0791210445895525,0.000878955410447454,1910,0.8763681966766388,0.7972471520870863
1914/4.html,1914,NLR,The King v. Asirwathan - NLR - 11 of 18 [1914] LKSC 4; (1914) 18 NLR 11 (23 October 1914),dense_br_nlr,0.92,0.0,0.92,0.079121,0.000879,10,10340,49,4.9,4.738878,0,0.0,0.0,11,3,True,False,False,False,True,1.5445210684639222e-07,0.9199998455478932,0.0791210445895525,0.000878955410447454,1910,0.9199998455478932,0.8408788009583407
1914/5.html,1914,NLR,The Steamship 'Moltkefels' Cause No.6 - NLR - 124 of 18 [1914] LKSC 5; (1914) 18 NLR 124 (19 November 1914),dense_br_nlr,0.92,0.0,0.92,0.079121,0.000879,9,6322,51,5.666667,8.067067,0,0.0,0.0,8,6,True,False,False,True,False,7.193776005998132e-09,0.919999992806224,0.0791210445895525,0.000878955410447454,1910,0.919999992806224,0.8408789482166715
1914/6.html,1914,NLR,The Steamship 'Steinturm' Cause No.4 - NLR - 127 of 18 [1914] LKSC 6; (1914) 18 NLR 127 (19 November 1914),dense_br_nlr,0.92,0.0,0.92,0.079121,0.000879,9,4341,57,6.333333,13.130615,0,0.0,0.0,7,7,False,False,False,False,False,4.998497526997881e-10,0.9199999995001503,0.0791210445895525,0.000878955410447454,1910,0.9199999995001503,0.8408789549105978
1915/1.html,1915,NLR,Application For A Writ of Habeas Corpus For the Production of the Body of W. A. De Silva - NLR - 277 of 18 [1915] LKSC 1; (1915) 18 NLR 277 (29 June 1915),dense_br_nlr,0.919896,0.000104,0.919896,0.079121,0.000879,11,10026,36,3.272727,3.590664,0,0.0,0.0,10,10,False,False,False,False,False,0.00010365916625657335,0.9198963408337435,0.0791210445895525,0.000878955410447454,1910,0.9198963408337435,0.840775296244191
1916/1.html,1916,NLR,In Re Application of v. Coomarasamy - NLR - 171 of 19 [1916] LKSC 1; (1916) 19 NLR 171 (29 August 1916),dense_br_nlr,0.92,0.0,0.92,0.079121,0.000879,12,8225,57,4.75,6.930091,0,0.0,0.0,10,4,True,False,False,True,True,2.8143004883407484e-07,0.9199997185699512,0.0791210445895525,0.000878955410447454,1910,0.9199997185699512,0.8408786739803987
1916/2.html,1916,NLR,In the Matter of An Application of A. K. Chellappa - NLR - 116 of 19 [1916] LKSC 2; (1916) 19 NLR 116 (25 May 1916),dense_br_nlr,0.906408,0.013592,0.906408,0.079121,0.000879,20,11039,41,2.05,3.714105,0,0.0,0.0,9,2,True,False,True,False,False,0.013592109157811226,0.9064078908421889,0.0791210445895525,0.000878955410447454,1910,0.9064078908421889,0.8272868462526364
1916/3.html,1916,NLR,The Ss. Dandolo and the Ss. Caboto - NLR - 161 of 19 [1916] LKSC 3; (1916) 19 NLR 161 (11 October 1916),dense_br_nlr,0.92,0.0,0.92,0.079121,0.000879,21,20371,134,6.380952,6.577978,0,0.0,0.0,12,5,True,False,True,True,False,4.131586006650423e-10,0.9199999995868414,0.0791210445895525,0.000878955410447454,1910,0.9199999995868414,0.8408789549972889
1917/1.html,1917,NLR,"Banda v. Rosehaugh Tea and Rubber, Co., Ltd. - NLR - 51 of 20 [1917] LKSC 1; (1917) 20 NLR 51 (9 October 1917)",dense_br_nlr,0.892458,0.027542,0.892458,0.079121,0.000879,23,25182,43,1.869565,1.707569,0,0.0,0.0,35,4,True,False,True,True,True,0.027542196144839465,0.8924578038551606,0.0791210445895525,0.000878955410447454,1910,0.8924578038551606,0.8133367592656081
1917/2.html,1917,NLR,Nakuran v. Ranhamy - NLR - 135 of 20 [1917] LKSC 2; (1917) 20 NLR 135 (5 July 1917),dense_br_nlr,0.919944,5.6e-05,0.919944,0.079121,0.000879,7,3071,24,3.428571,7.815044,0,0.0,0.0,8,3,True,False,False,True,True,5.55778386577055e-05,0.9199444221613423,0.0791210445895525,0.000878955410447454,1910,0.9199444221613423,0.8408233775717898
1917/3.html,1917,NLR,Rahim v. Davoodbhoy - NLR - 286 of 20 [1917] LKSC 3; (1917) 20 NLR 286 (19 December 1917),dense_br_nlr,0.92,0.0,0.92,0.075556,0.004444,9,6766,80,8.888889,11.823825,1,0.111111,0.147798,10,3,True,False,False,True,True,1.8181012251261566e-14,0.9199999999999818,0.07555606618252449,0.004443933817475475,1910,0.9199999999999818,0.8444439338174573
1917/4.html,1917,NLR,Kiri Banda v. Marikar - NLR - 123 of 20 [1917] LKSC 4; (1917) 20 NLR 123 (7 August 1917),dense_br_nlr,0.919886,0.000114,0.919886,0.079121,0.000879,12,8689,39,3.25,4.488434,0,0.0,0.0,13,3,True,False,True,True,False,0.00011352300990740805,0.9198864769900926,0.0791210445895525,0.000878955410447454,1910,0.9198864769900926,0.8407654324005401
1917/5.html,1917,NLR,Sobita Unnanse v. Peris Appu - NLR - 283 of 20 [1917] LKSC 5; (1917) 20 NLR 283 (21 December 1917),dense_br_nlr,0.918831,0.001169,0.918831,0.075556,0.004444,9,7129,24,2.666667,3.366531,1,0.111111,0.140272,8,2,True,False,False,False,False,0.0011693334049041714,0.9188306665950958,0.07555606618252449,0.004443933817475475,1910,0.9188306665950958,0.8432746004125713
1917/6.html,1917,NLR,Sellambaram v. Kadiraie Et Al. - NLR - 161 of 20 [1917] LKSC 6; (1917) 20 NLR 161 (12 October 1917),dense_br_nlr,0.919999,1e-06,0.919999,0.077278,0.002722,13,11346,57,4.384615,5.023797,1,0.076923,0.088137,14,5,True,True,True,True,True,1.2136928204942165e-06,0.9199987863071796,0.07727829603884145,0.0027217039611585133,1910,0.9199987863071796,0.8427204902683381
1917/7.html,1917,NLR,In Re the Application of Soyza For A Writ of Mandamus On the Chairman - NLR - 152 of 20 [1917] LKSC 7; (1917) 20 NLR 152 (16 October 1917),dense_br_nlr,0.919987,1.3e-05,0.919987,0.079121,0.000879,10,9329,38,3.8,4.07332,0,0.0,0.0,11,2,True,False,False,False,False,1.2580088357818654e-05,0.9199874199116422,0.0791210445895525,0.000878955410447454,1910,0.9199874199116422,0.8408663753220897
1918/1.html,1918,NLR,Wickremaratne v. Fernando - NLR - 279 of 20 [1918] LKSC 1; (1918) 20 NLR 279 (10 July 1918),dense_br_nlr,0.919454,0.000546,0.919454,0.079121,0.000879,7,2669,20,2.857143,7.493443,0,0.0,0.0,10,2,True,False,False,True,False,0.0005461879188264618,0.9194538120811736,0.0791210445895525,0.000878955410447454,1910,0.9194538120811736,0.8403327674916211
1918/2.html,1918,NLR,Colombo Hotels Co. Ltd. v. Mootoomull - NLR - 385 of 21 [1918] LKSC 2; (1918) 21 NLR 385 (10 June 1918),dense_br_nlr,0.919999,1e-06,0.919999,0.079121,0.000879,13,11193,57,4.384615,5.092469,0,0.0,0.0,9,3,True,False,False,True,False,1.2136928204942165e-06,0.9199987863071796,0.0791210445895525,0.000878955410447454,1910,0.9199987863071796,0.8408777417176271
1918/3.html,1918,NLR,Kulantaivelpillai v. Marikar - NLR - 471 of 20 [1918] LKSC 3; (1918) 20 NLR 471 (31 October 1918),dense_br_nlr,0.919314,0.000686,0.919314,0.079121,0.000879,15,14328,42,2.8,2.931323,0,0.0,0.0,15,4,True,True,True,False,True,0.000686346527129742,0.9193136534728703,0.0791210445895525,0.000878955410447454,1910,0.9193136534728703,0.8401926088833178
1919/1.html,1919,NLR,Korossa Rubber Company v. Silva - NLR - 73 of 21 [1919] LKSC 1; (1919) 21 NLR 73 (16 May 1919),dense_br_nlr,0.919983,1.7e-05,0.919983,0.079121,0.000879,11,8899,41,3.727273,4.607259,0,0.0,0.0,14,9,True,False,False,False,True,1.682757076182817e-05,0.9199831724292382,0.0791210445895525,0.000878955410447454,1910,0.9199831724292382,0.8408621278396857
1920/1.html,1920,NLR,Silva v. Silva - NLR - 252 of 22 [1920] LKSC 1; (1920) 22 NLR 252 (14 September 1920),dense_br_nlr,0.918831,0.001169,0.918831,0.079121,0.000879,9,5474,24,2.666667,4.384362,0,0.0,0.0,11,8,True,False,False,True,True,0.0011693334049041714,0.9188306665950958,0.0791210445895525,0.000878955410447454,1920,0.9188306665950958,0.8397096220055433
1920/2.html,1920,NLR,In the Matter of An Application of Notary Abeyeratne - NLR - 331 of 22 [1920] LKSC 2; (1920) 22 NLR 331 (20 October 1920),dense_br_nlr,0.919919,8.1e-05,0.919919,0.079121,0.000879,9,7297,30,3.333333,4.111279,0,0.0,0.0,10,9,True,False,False,True,True,8.134574486875491e-05,0.9199186542551313,0.0791210445895525,0.000878955410447454,1920,0.9199186542551313,0.8407976096655788
1920/3.html,1920,NLR,Rajapakse v. Fernando - NLR - 495 of 21 [1920] LKSC 3; (1920) 21 NLR 495 (14 May 1920),dense_br_nlr,0.919991,9e-06,0.919991,0.079121,0.000879,9,7421,35,3.888889,4.716346,0,0.0,0.0,8,3,True,False,False,False,True,8.815956925305457e-06,0.9199911840430748,0.0791210445895525,0.000878955410447454,1920,0.9199911840430748,0.8408701394535223
1921/1.html,1921,NLR,"Banda v. Rosehaugh Tea Amd Rubber Co., Ltd. - NLR - 321 of 22 [1921] LKSC 1; (1921) 22 NLR 321 (20 January 1921)",dense_br_nlr,0.914658,0.005342,0.914658,0.079121,0.000879,7,5146,16,2.285714,3.109211,0,0.0,0.0,9,3,True,False,False,False,True,0.005342499840923467,0.9146575001590765,0.0791210445895525,0.000878955410447454,1920,0.9146575001590765,0.835536455569524
1921/2.html,1921,NLR,Hamid Et Al v. The Special Officer Appointed Under the Waste Lands Ordinance - NLR - 150 of 23 [1921] LKSC 2; (1921) 23 NLR 150 (24 October 1921),dense_br_nlr,0.919999,1e-06,0.919999,0.076669,0.003331,11,10069,50,4.545455,4.965736,1,0.090909,0.099315,10,4,True,False,False,False,True,6.378247344818177e-07,0.9199993621752656,0.07666944722808026,0.003330552771919697,1920,0.9199993621752656,0.8433299149471853
1921/3.html,1921,NLR,"In Re the Application of the K.S.Veeravagu, Notary Pablic. - NLR - 67 of 23 [1921] LKSC 3; (1921) 23 NLR 67 (15 September 1921)",dense_br_nlr,0.918289,0.001711,0.918289,0.07308,0.00692,7,4839,18,2.571429,3.719777,1,0.142857,0.206654,9,3,False,False,False,True,True,0.0017105187378460497,0.918289481262154,0.07308003816939575,0.006919961830604208,1920,0.918289481262154,0.8452094430927583
1921/4.html,1921,NLR,Soysa v. Perera - NLR - 464 of 22 [1921] LKSC 4; (1921) 22 NLR 464 (10 June 1921),dense_br_nlr,0.92,0.0,0.92,0.079121,0.000879,17,12232,83,4.882353,6.785481,0,0.0,0.0,17,7,True,False,False,False,False,1.6574857769846574e-07,0.9199998342514223,0.0791210445895525,0.000878955410447454,1920,0.9199998342514223,0.8408787896618698
1922/1.html,1922,NLR,Appuhamy v. William Singho - NLR - 472 of 24 [1922] LKSC 1; (1922) 24 NLR 472 (8 December 1922),dense_br_nlr,0.919454,0.000546,0.919454,0.07308,0.00692,7,3558,20,2.857143,5.621135,1,0.142857,0.281057,9,8,True,False,False,True,True,0.0005461879188264618,0.9194538120811736,0.07308003816939575,0.006919961830604208,1920,0.9194538120811736,0.8463737739117778
1922/2.html,1922,NLR,Nair v. Mallis Appu - NLR - 182 of 24 [1922] LKSC 2; (1922) 24 NLR 182 (25 July 1922),dense_br_nlr,0.913124,0.006876,0.913124,0.075556,0.004444,9,2370,20,2.222222,8.438819,1,0.111111,0.421941,7,6,False,False,False,False,False,0.006875635574375827,0.9131243644256242,0.07555606618252449,0.004443933817475475,1920,0.9131243644256242,0.8375682982430996
1923/1.html,1923,NLR,Pedris v. Mohideen - NLR - 105 of 25 [1923] LKSC 1; (1923) 25 NLR 105 (25 June 1923),dense_br_nlr,0.919999,1e-06,0.919999,0.079121,0.000879,19,23154,85,4.473684,3.671072,0,0.0,0.0,17,12,True,False,False,True,True,8.499243149318048e-07,0.9199991500756851,0.0791210445895525,0.000878955410447454,1920,0.9199991500756851,0.8408781054861326
1923/2.html,1923,NLR,The Ss 'Steinturm' - NLR - 508 of 25 [1923] LKSC 2; (1923) 25 NLR 508 (15 May 1923),dense_br_nlr,0.919958,4.2e-05,0.919958,0.077487,0.002513,14,12570,49,3.5,3.89817,1,0.071429,0.079554,11,7,True,False,False,False,True,4.1766039206199146e-05,0.9199582339607938,0.07748683466899436,0.0025131653310056005,1920,0.9199582339607938,0.8424713992917994
1923/3.html,1923,NLR,In Re the Application of Sathaku - NLR - 353 of 24 [1923] LKSC 3; (1923) 24 NLR 353 (29 January 1923),dense_br_nlr,0.919996,4e-06,0.919996,0.079121,0.000879,11,9435,45,4.090909,4.769475,0,0.0,0.0,7,13,True,False,False,False,True,3.929407605207658e-06,0.9199960705923949,0.0791210445895525,0.000878955410447454,1920,0.9199960705923949,0.8408750260028424
1923/4.html,1923,NLR,In Re the Application of Goonesekera - NLR - 351 of 24 [1923] LKSC 4; (1923) 24 NLR 351 (31 January 1923),dense_br_nlr,0.919991,9e-06,0.919991,0.079121,0.000879,8,3528,31,3.875,8.786848,0,0.0,0.0,7,7,True,False,False,False,False,9.319591702356967e-06,0.9199906804082977,0.0791210445895525,0.000878955410447454,1920,0.9199906804082977,0.8408696358187452
1924/1.html,1924,NLR,"In Re the Application of Weinman, J.J. - NLR - 75 of 26 [1924] LKSC 1; (1924) 26 NLR 75 (30 July 1924)",paragraph_nlr,0.903453,0.903453,0.016547,0.079121,0.000879,44,13079,0,0.0,0.0,0,0.0,0.0,12,23,True,False,True,True,True,0.9034526868348758,0.016547313165124235,0.0791210445895525,0.000878955410447454,1920,0.9034526868348758,0.8243316422453233
1924/2.html,1924,NLR,King v. Soysa - NLR - 324 of 26 [1924] LKSC 2; (1924) 26 NLR 324 (18 September 1924),paragraph_nlr,0.903453,0.903453,0.016547,0.079121,0.000879,21,5174,0,0.0,0.0,0,0.0,0.0,10,16,False,False,False,False,True,0.9034526868348758,0.016547313165124235,0.0791210445895525,0.000878955410447454,1920,0.9034526868348758,0.8243316422453233
1924/3.html,1924,NLR,Kuselhamy Et Al. v. Dingirala - NLR - 283 of 26 [1924] LKSC 3; (1924) 26 NLR 283 (10 October 1924),paragraph_nlr,0.898514,0.898514,0.021486,0.079121,0.000879,30,10463,2,0.066667,0.19115,0,0.0,0.0,12,25,True,False,False,False,True,0.8985138168620215,0.021486183137978572,0.0791210445895525,0.000878955410447454,1920,0.8985138168620215,0.819392772272469
1924/4.html,1924,NLR,Application of S. E. Fernando For A Mandamus On the Rubber Controller - NLR - 211 of 26 [1924] LKSC 4; (1924) 26 NLR 211 (25 August 1924),paragraph_nlr,0.903453,0.903453,0.016547,0.079121,0.000879,16,7638,0,0.0,0.0,0,0.0,0.0,6,23,True,False,False,True,True,0.9034526868348758,0.016547313165124235,0.0791210445895525,0.000878955410447454,1920,0.9034526868348758,0.8243316422453233
1924/5.html,1924,NLR,In Re S.D.S.Siriwardene - NLR - 152 of 27 [1924] LKSC 5; (1924) 27 NLR 152 (1 September 1924),dense_br_nlr,0.919963,3.7e-05,0.919963,0.079121,0.000879,15,12801,53,3.533333,4.140302,0,0.0,0.0,15,4,True,False,False,False,False,3.655277902997689e-05,0.91996344722097,0.0791210445895525,0.000878955410447454,1920,0.91996344722097,0.8408424026314175
1924/6.html,1924,NLR,Marthelis v. Sirwardenehamy - NLR - 41 of 27 [1924] LKSC 6; (1924) 27 NLR 41 (26 November 1924),dense_br_nlr,0.92,0.0,0.92,0.079121,0.000879,21,22886,122,5.809524,5.33077,0,0.0,0.0,21,7,True,False,False,True,False,4.062458121012469e-09,0.9199999959375419,0.0791210445895525,0.000878955410447454,1920,0.9199999959375419,0.8408789513479894
1924/7.html,1924,NLR,In Re v. Coomaraswamy - NLR - 62 of 27 [1924] LKSC 7; (1924) 27 NLR 62 (12 September 1924),dense_br_nlr,0.919873,0.000127,0.919873,0.079121,0.000879,9,5743,29,3.222222,5.049626,0,0.0,0.0,20,4,True,False,False,True,True,0.00012686240140611372,0.9198731375985939,0.0791210445895525,0.000878955410447454,1920,0.9198731375985939,0.8407520930090414
1925/1.html,1925,NLR,Fernando v. Mendis - NLR - 143 of 27 [1925] LKSC 1; (1925) 27 NLR 143 (28 August 1925),dense_br_nlr,0.92,0.0,0.92,0.079121,0.000879,15,18242,100,6.666667,5.481855,0,0.0,0.0,23,4,True,False,False,True,True,1.3175861290903868e-10,0.9199999998682414,0.0791210445895525,0.000878955410447454,1920,0.9199999998682414,0.8408789552786889
1925/2.html,1925,NLR,"Inspector of Police, Dehiowita v. Perera, K.M. - NLR - 511 of 27 [1925] LKSC 2; (1925) 27 NLR 511 (1 January 1925)",dense_br_nlr,0.92,0.0,0.92,0.079121,0.000879,6,5392,29,4.833333,5.378338,0,0.0,0.0,9,3,True,False,False,False,True,2.0165372796920877e-07,0.9199997983462721,0.0791210445895525,0.000878955410447454,1920,0.9199997983462721,0.8408787537567196
1925/3.html,1925,NLR,In the Matter of An Application of A Proctor To Be Re-Admitted and Re Enrolled As A Proctor of the Supreme Court - NLR - 517 of 39 [1925] LKSC 3; (1925) 39 NLR 517 (17 February 1925),dense_br_nlr,0.919813,0.000187,0.919813,0.079121,0.000879,8,5888,25,3.125,4.245924,0,0.0,0.0,10,3,False,False,True,True,False,0.00018715281981078303,0.9198128471801893,0.0791210445895525,0.000878955410447454,1920,0.9198128471801893,0.8406918025906368
1925/4.html,1925,NLR,Perera v. Rajapakse - NLR - 422 of 26 [1925] LKSC 4; (1925) 26 NLR 422 (6 January 1925),paragraph_nlr,0.883968,0.883968,0.036032,0.079121,0.000879,35,11582,7,0.2,0.604386,0,0.0,0.0,10,37,True,False,False,True,False,0.8839675350269769,0.03603246497302321,0.0791210445895525,0.000878955410447454,1920,0.8839675350269769,0.8048464904374244
1925/5.html,1925,NLR,Silva v. Appuhamy - NLR - 215 of 27 [1925] LKSC 5; (1925) 27 NLR 215 (28 September 1925),dense_br_nlr,0.919896,0.000104,0.919896,0.079121,0.000879,11,9610,36,3.272727,3.746098,0,0.0,0.0,11,3,True,False,False,False,False,0.00010365916625657335,0.9198963408337435,0.0791210445895525,0.000878955410447454,1920,0.9198963408337435,0.840775296244191
1925/6.html,1925,NLR,Bartholomeusz v. Hutt - NLR - 501 of 26 [1925] LKSC 6; (1925) 26 NLR 501 (19 March 1925),paragraph_nlr,0.903453,0.903453,0.016547,0.079121,0.000879,57,35593,0,0.0,0.0,0,0.0,0.0,35,38,True,False,False,True,False,0.9034526868348758,0.016547313165124235,0.0791210445895525,0.000878955410447454,1920,0.9034526868348758,0.8243316422453233
1926/1.html,1926,NLR,Kulasekera Appuhamy v. Malluwa - NLR - 246 of 28 [1926] LKSC 1; (1926) 28 NLR 246 (21 July 1926),dense_br_nlr,0.919992,8e-06,0.919992,0.071965,0.008035,13,9158,51,3.923077,5.568902,2,0.153846,0.218388,18,18,True,False,False,True,True,7.689168046187688e-06,0.9199923108319539,0.0719645454168242,0.008035454583175764,1920,0.9199923108319539,0.8480277654151297
1926/2.html,1926,NLR,Attorney General v. Ellawala - NLR - 14 of 29 [1926] LKSC 2; (1926) 29 NLR 14 (20 May 1926),dense_br_nlr,0.919999,1e-06,0.919999,0.078803,0.001197,48,51298,221,4.604167,4.30816,1,0.020833,0.019494,28,24,True,False,True,True,False,5.043223665923691e-07,0.9199994956776334,0.07880343896588253,0.0011965610341174299,1920,0.9199994956776334,0.8411960567117509
1926/3.html,1926,NLR,Ukku Rala Korale v. Punchi Appuhamy - NLR - 225 of 28 [1926] LKSC 3; (1926) 28 NLR 225 (21 July 1926),dense_br_nlr,0.919976,2.4e-05,0.919976,0.079121,0.000879,11,7872,40,3.636364,5.081301,0,0.0,0.0,11,9,True,False,False,False,False,2.4207115929244517e-05,0.9199757928840708,0.0791210445895525,0.000878955410447454,1920,0.9199757928840708,0.8408547482945183
1926/4.html,1926,NLR,Thamotheram Pillai v. Arumogam - NLR - 406 of 28 [1926] LKSC 4; (1926) 28 NLR 406 (20 December 1926),dense_br_nlr,0.915105,0.004895,0.915105,0.079121,0.000879,13,11133,30,2.307692,2.694691,0,0.0,0.0,14,12,True,False,False,True,False,0.004895275282894298,0.9151047247171057,0.0791210445895525,0.000878955410447454,1920,0.9151047247171057,0.8359836801275532
1926/5.html,1926,NLR,"In Re De, D.M. Abeynaike, S. - NLR - 161 of 28 [1926] LKSC 5; (1926) 28 NLR 161 (8 November 1926)",dense_br_nlr,0.919938,6.2e-05,0.919938,0.054334,0.025666,20,14071,68,3.4,4.832634,5,0.25,0.355341,13,21,True,False,False,True,True,6.230621765006995e-05,0.91993769378235,0.05433429593403141,0.025665704065968555,1920,0.91993769378235,0.8656033978483186
1926/6.html,1926,NLR,Croos v. Shafi - NLR - 233 of 28 [1926] LKSC 6; (1926) 28 NLR 233 (20 October 1926),dense_br_nlr,0.919982,1.8e-05,0.919982,0.079121,0.000879,7,2897,26,3.714286,8.974802,0,0.0,0.0,11,7,True,False,False,False,False,1.7724815843775944e-05,0.9199822751841563,0.0791210445895525,0.000878955410447454,1920,0.9199822751841563,0.8408612305946038
1927/1.html,1927,NLR,Arsecularatne v. Perera - NLR - 342 of 29 [1927] LKSC 1; (1927) 29 NLR 342 (6 December 1927),dense_br_nlr,0.919999,1e-06,0.919999,0.079121,0.000879,13,12742,58,4.461538,4.551876,0,0.0,0.0,16,15,True,False,False,True,False,8.922365233754449e-07,0.9199991077634767,0.0791210445895525,0.000878955410447454,1920,0.9199991077634767,0.8408780631739242
1927/2.html,1927,NLR,Mohamedu Cassim v. Cassie Lebbe - NLR - 136 of 29 [1927] LKSC 2; (1927) 29 NLR 136 (15 June 1927),dense_br_nlr,0.92,0.0,0.92,0.079121,0.000879,9,6936,48,5.333333,6.920415,0,0.0,0.0,11,21,True,False,False,False,True,2.7290869510920858e-08,0.9199999727091305,0.0791210445895525,0.000878955410447454,1920,0.9199999727091305,0.840878928119578
1927/3.html,1927,NLR,Dinohamy Et Al. v. Balahamy Et. Al. - NLR - 114 of 29 [1927] LKSC 3; (1927) 29 NLR 114 (16 June 1927),dense_br_nlr,0.919999,1e-06,0.919999,0.07308,0.00692,14,10851,63,4.5,5.805917,2,0.142857,0.184315,15,17,True,False,False,False,True,7.650057855457249e-07,0.9199992349942145,0.07308003816939575,0.006919961830604208,1920,0.9199992349942145,0.8469191968248188
1927/4.html,1927,NLR,In Re Application For Writ of Quo Warranto On Chairman - NLR - 129 of 29 [1927] LKSC 4; (1927) 29 NLR 129 (19 September 1927),dense_br_nlr,0.92,0.0,0.92,0.076669,0.003331,11,7647,51,4.636364,6.669282,1,0.090909,0.13077,9,29,True,False,False,False,False,4.43380246490932e-07,0.9199995566197535,0.07666944722808026,0.003330552771919697,1920,0.9199995566197535,0.8433301093916733
1927/5.html,1927,NLR,Ukku Banda v. Government Agent - NLR - 168 of 29 [1927] LKSC 5; (1927) 29 NLR 168 (23 July 1927),dense_br_nlr,0.919996,4e-06,0.919996,0.079121,0.000879,10,6129,41,4.1,6.689509,0,0.0,0.0,10,24,True,False,False,False,False,3.789086005383524e-06,0.9199962109139946,0.0791210445895525,0.000878955410447454,1920,0.9199962109139946,0.8408751663244421
1927/6.html,1927,NLR,Hussain v. Ariyanayagam - NLR - 87 of 29 [1927] LKSC 6; (1927) 29 NLR 87 (15 June 1927),dense_br_nlr,0.919981,1.9e-05,0.919981,0.079121,0.000879,10,5277,37,3.7,7.01156,0,0.0,0.0,12,10,True,False,False,False,False,1.8767160297517015e-05,0.9199812328397026,0.0791210445895525,0.000878955410447454,1920,0.9199812328397026,0.8408601882501501
1928/1.html,1928,NLR,Adaikappa Chettiar v. Thomas Cook & Sons Ltd. - NLR - 443 of 34 [1928] LKSC 1; (1928) 34 NLR 443 (3 January 1928),dense_br_nlr,0.91953,0.00047,0.91953,0.079121,0.000879,19,19472,55,2.894737,2.824569,0,0.0,0.0,11,4,True,False,False,True,True,0.00046997052547182784,0.9195300294745282,0.0791210445895525,0.000878955410447454,1920,0.9195300294745282,0.8404089848849757
1928/2.html,1928,NLR,In the Matter of the Application of C. C. J. Seneviratne To Be Admitted and Enrolled An Advocate of the Supreme Court - NLR - 299 of 30 [1928] LKSC 2; (1928) 30 NLR 299 (18 December 1928),dense_br_nlr,0.919999,1e-06,0.919999,0.077655,0.002345,15,13111,67,4.466667,5.110213,1,0.066667,0.076272,24,3,True,False,False,True,True,8.741179125459909e-07,0.9199991258820875,0.07765501015865511,0.002344989841344842,1920,0.9199991258820875,0.8423441157234324
1928/3.html,1928,NLR,Wickremenayake v. Edirisingha - NLR - 158 of 30 [1928] LKSC 3; (1928) 30 NLR 158 (30 November 1928),dense_br_nlr,0.92,0.0,0.92,0.079121,0.000879,9,5074,45,5.0,8.868743,0,0.0,0.0,16,4,True,False,False,False,True,1.0353234911164577e-07,0.9199998964676509,0.0791210445895525,0.000878955410447454,1920,0.9199998964676509,0.8408788518780984
1928/4.html,1928,NLR,"Miller & Co. v. Government Agent, Province of Uva - NLR - 6 of 30 [1928] LKSC 4; (1928) 30 NLR 6 (21 June 1928)",dense_br_nlr,0.92,0.0,0.92,0.079121,0.000879,14,12693,65,4.642857,5.120933,0,0.0,0.0,24,4,True,False,False,True,False,4.320130337287509e-07,0.9199995679869664,0.0791210445895525,0.000878955410447454,1920,0.9199995679869664,0.8408785233974139
1928/5.html,1928,NLR,Appuhamy v. Thaine - NLR - 81 of 30 [1928] LKSC 5; (1928) 30 NLR 81 (6 March 1928),dense_br_nlr,0.92,0.0,0.92,0.079121,0.000879,11,8177,64,5.818182,7.826831,0,0.0,0.0,11,4,True,False,False,False,True,3.924175384639739e-09,0.9199999960758246,0.0791210445895525,0.000878955410447454,1920,0.9199999960758246,0.8408789514862721
1928/6.html,1928,NLR,Wijeyratne v. Obeyesekere - NLR - 153 of 30 [1928] LKSC 6; (1928) 30 NLR 153 (12 October 1928),dense_br_nlr,0.92,0.0,0.92,0.079121,0.000879,13,12035,75,5.769231,6.231824,0,0.0,0.0,36,4,True,False,False,False,False,4.772929385055136e-09,0.9199999952270707,0.0791210445895525,0.000878955410447454,1920,0.9199999952270707,0.8408789506375182
1929/1.html,1929,NLR,Gooneratnayaka v. Clayton - NLR - 132 of 31 [1929] LKSC 1; (1929) 31 NLR 132 (27 September 1929),dense_br_nlr,0.92,0.0,0.92,0.077014,0.002986,12,12210,60,5.0,4.914005,1,0.083333,0.0819,11,3,True,False,False,True,False,1.0353234911164577e-07,0.9199998964676509,0.07701386338587268,0.0029861366141272767,1920,0.9199998964676509,0.8429860330817782
1929/2.html,1929,NLR,Kadiravail Wadivel v. Sandanem - NLR - 351 of 30 [1929] LKSC 2; (1929) 30 NLR 351 (13 February 1929),dense_br_nlr,0.919033,0.000967,0.919033,0.079121,0.000879,7,3471,19,2.714286,5.473927,0,0.0,0.0,8,4,True,False,False,False,True,0.0009667438684064856,0.9190332561315936,0.0791210445895525,0.000878955410447454,1920,0.9190332561315936,0.8399122115420411
1929/3.html,1929,NLR,"Kartigesu v. Government Agent, Northern Province - NLR - 141 of 31 [1929] LKSC 3; (1929) 31 NLR 141 (28 September 1929)",dense_br_nlr,0.92,0.0,0.92,0.079121,0.000879,16,12110,128,8.0,10.569777,0,0.0,0.0,11,6,True,False,False,False,False,6.361311477576237e-13,0.9199999999993639,0.0791210445895525,0.000878955410447454,1920,0.9199999999993639,0.8408789554098114
1930/1.html,1930,NLR,Muttetugama v. Dharmaratna - NLR - 87 of 32 [1930] LKSC 1; (1930) 32 NLR 87 (6 August 1930),dense_br_nlr,0.919972,2.8e-05,0.919972,0.079121,0.000879,5,3448,18,3.6,5.220418,0,0.0,0.0,4,3,False,False,False,False,True,2.799703234858342e-05,0.9199720029676515,0.0791210445895525,0.000878955410447454,1930,0.9199720029676515,0.840850958378099
1930/10.html,1930,NLR,"Davit Perera v. Assistant Government Agent, Kalutara - NLR - 37 of 32 [1930] LKSC 10; (1930) 32 NLR 37 (8 August 1930)",dense_br_nlr,0.92,0.0,0.92,0.077278,0.002722,13,15578,131,10.076923,8.409295,1,0.076923,0.064193,11,5,True,False,False,True,True,2.042810365310288e-16,0.9199999999999998,0.07727829603884145,0.0027217039611585133,1930,0.9199999999999998,0.8427217039611583
1930/11.html,1930,NLR,In the Matter of Application For A Writ of Quo Warranto Against Chairman - NLR - 347 of 31 [1930] LKSC 11; (1930) 31 NLR 347 (3 February 1930),dense_br_nlr,0.92,0.0,0.92,0.077655,0.002345,15,13598,106,7.066667,7.795264,1,0.066667,0.07354,11,5,True,False,False,True,False,2.6601680858107103e-11,0.9199999999733983,0.07765501015865511,0.002344989841344842,1930,0.9199999999733983,0.8423449898147433
1930/12.html,1930,NLR,"Karunaratne, G.R. v. Government Agent - NLR - 169 of 32 [1930] LKSC 12; (1930) 32 NLR 169 (8 August 1930)",dense_br_nlr,0.92,0.0,0.92,0.076206,0.003794,10,10689,98,9.8,9.168304,1,0.1,0.093554,9,7,True,False,False,False,True,4.085620730620576e-16,0.9199999999999996,0.07620593014579462,0.003794069854205342,1930,0.9199999999999996,0.843794069854205
1930/2.html,1930,NLR,Jayawardene v. Ratemahamaya of Katugampola - NLR - 148 of 32 [1930] LKSC 2; (1930) 32 NLR 148 (8 October 1930),dense_br_nlr,0.92,0.0,0.92,0.079121,0.000879,14,14096,106,7.571429,7.519864,0,0.0,0.0,8,6,True,False,False,False,False,3.5322234026580193e-12,0.9199999999964679,0.0791210445895525,0.000878955410447454,1930,0.9199999999964679,0.8408789554069154
1930/3.html,1930,NLR,Croos v. Attorney General - NLR - 78 of 32 [1930] LKSC 3; (1930) 32 NLR 78 (15 April 1930),dense_br_nlr,0.911929,0.008071,0.911929,0.076669,0.003331,11,10801,24,2.181818,2.222016,1,0.090909,0.092584,8,2,True,False,False,True,False,0.008071101969712752,0.9119288980302873,0.07666944722808026,0.003330552771919697,1930,0.9119288980302873,0.8352594508022071
1930/4.html,1930,NLR,Fernanado v. Coorey - NLR - 121 of 32 [1930] LKSC 4; (1930) 32 NLR 121 (25 November 1930),dense_br_nlr,0.919985,1.5e-05,0.919985,0.079121,0.000879,48,87599,180,3.75,2.054818,0,0.0,0.0,27,5,True,False,False,True,False,1.536530810011705e-05,0.9199846346919,0.0791210445895525,0.000878955410447454,1930,0.9199846346919,0.8408635901023475
1930/5.html,1930,NLR,In the Matter of An Application For A Writ of Habeas Corpus By Nona Sooja - NLR - 63 of 32 [1930] LKSC 5; (1930) 32 NLR 63 (13 October 1930),dense_br_nlr,0.919991,9e-06,0.919991,0.074596,0.005404,8,6959,31,3.875,4.454663,1,0.125,0.143699,6,1,True,False,False,False,False,9.319591702356967e-06,0.9199906804082977,0.07459626470882964,0.0054037352911703255,1930,0.9199906804082977,0.845394415699468
1930/6.html,1930,NLR,Ramanathan Chetty v. Meera Saibo Marikar - NLR - 193 of 32 [1930] LKSC 6; (1930) 32 NLR 193 (18 November 1930),dense_br_nlr,0.92,0.0,0.92,0.079121,0.000879,9,9063,65,7.222222,7.172018,0,0.0,0.0,8,2,False,False,False,False,False,1.4278427329372789e-11,0.9199999999857216,0.0791210445895525,0.000878955410447454,1930,0.9199999999857216,0.8408789553961691
1930/7.html,1930,NLR,Murugesu v. Muttucumaru - NLR - 431 of 31 [1930] LKSC 7; (1930) 31 NLR 431 (13 February 1930),dense_br_nlr,0.91958,0.00042,0.91958,0.079121,0.000879,13,11648,38,2.923077,3.262363,0,0.0,0.0,9,4,True,False,False,False,False,0.00041962637387505275,0.919580373626125,0.0791210445895525,0.000878955410447454,1930,0.919580373626125,0.8404593290365725
1930/8.html,1930,NLR,Albert De Silva v. Mudaliyar Wijetunge - NLR - 159 of 32 [1930] LKSC 8; (1930) 32 NLR 159 (29 September 1930),dense_br_nlr,0.919813,0.000187,0.919813,0.079121,0.000879,8,4236,25,3.125,5.901794,0,0.0,0.0,7,4,True,False,False,False,True,0.00018715281981078303,0.9198128471801893,0.0791210445895525,0.000878955410447454,1930,0.9198128471801893,0.8406918025906368
1930/9.html,1930,NLR,Attorney General v. Sangarapillai - NLR - 31 of 32 [1930] LKSC 9; (1930) 32 NLR 31 (7 August 1930),dense_br_nlr,0.92,0.0,0.92,0.079121,0.000879,14,15790,80,5.714286,5.066498,0,0.0,0.0,7,3,True,False,False,True,False,5.946127838996063e-09,0.9199999940538722,0.0791210445895525,0.000878955410447454,1930,0.9199999940538722,0.8408789494643197
1931/1.html,1931,NLR,Tillekewardene v. 0beyesekere - NLR - 193 of 33 [1931] LKSC 1; (1931) 33 NLR 193 (8 December 1931),dense_br_nlr,0.92,0.0,0.92,0.079121,0.000879,12,15100,68,5.666667,4.503311,0,0.0,0.0,19,2,True,True,False,True,False,7.193776005998132e-09,0.919999992806224,0.0791210445895525,0.000878955410447454,1930,0.919999992806224,0.8408789482166715
1931/10.html,1931,NLR,Tillekewardene v. Obeyesekere - NLR - 115 of 33 [1931] LKSC 10; (1931) 33 NLR 115 (22 September 1931),dense_br_nlr,0.92,0.0,0.92,0.079121,0.000879,6,3477,34,5.666667,9.778545,0,0.0,0.0,6,6,False,False,False,True,False,7.193776005998132e-09,0.919999992806224,0.0791210445895525,0.000878955410447454,1930,0.919999992806224,0.8408789482166715
1931/11.html,1931,NLR,Wijeyesekere v. Corea - NLR - 111 of 33 [1931] LKSC 11; (1931) 33 NLR 111 (7 August 1931),dense_br_nlr,0.919994,6e-06,0.919994,0.079121,0.000879,7,4353,28,4.0,6.432346,0,0.0,0.0,7,8,False,False,False,False,False,5.652640634030704e-06,0.919994347359366,0.0791210445895525,0.000878955410447454,1930,0.919994347359366,0.8408733027698135
1931/12.html,1931,NLR,Goonewardene v. Goonewardene - NLR - 38 of 33 [1931] LKSC 12; (1931) 33 NLR 38 (24 February 1931),dense_br_nlr,0.92,0.0,0.92,0.079121,0.000879,9,6630,48,5.333333,7.239819,0,0.0,0.0,10,3,True,False,False,False,True,2.7290869510920858e-08,0.9199999727091305,0.0791210445895525,0.000878955410447454,1930,0.9199999727091305,0.840878928119578
1931/13.html,1931,NLR,Fonseka v. Government Agent - NLR - 352 of 33 [1931] LKSC 13; (1931) 33 NLR 352 (8 December 1931),dense_br_nlr,0.919998,2e-06,0.919998,0.079121,0.000879,9,6946,38,4.222222,5.470775,0,0.0,0.0,8,3,True,False,False,False,True,2.3238805125291863e-06,0.9199976761194875,0.0791210445895525,0.000878955410447454,1930,0.9199976761194875,0.840876631529935
1931/14.html,1931,NLR,Simon Silva v. Assistant Government Agent - NLR - 257 of 33 [1931] LKSC 14; (1931) 33 NLR 257 (16 November 1931),dense_br_nlr,0.913124,0.006876,0.913124,0.079121,0.000879,9,9081,20,2.222222,2.202401,0,0.0,0.0,8,5,True,False,False,False,True,0.006875635574375827,0.9131243644256242,0.0791210445895525,0.000878955410447454,1930,0.9131243644256242,0.8340033198360717
1931/15.html,1931,NLR,Ahamat Et Al. v. Sariffa Umma - NLR - 8 of 33 [1931] LKSC 15; (1931) 33 NLR 8 (21 July 1931),dense_br_nlr,0.919999,1e-06,0.919999,0.079121,0.000879,15,16751,68,4.533333,4.059459,0,0.0,0.0,13,2,False,False,False,False,True,6.695136144507785e-07,0.9199993304863856,0.0791210445895525,0.000878955410447454,1930,0.9199993304863856,0.8408782858968331
1931/16.html,1931,NLR,Wijeyesekere v. Corea - NLR - 349 of 33 [1931] LKSC 16; (1931) 33 NLR 349 (23 December 1931),dense_br_nlr,0.92,0.0,0.92,0.079121,0.000879,11,10067,51,4.636364,5.066057,0,0.0,0.0,9,3,False,False,False,False,True,4.43380246490932e-07,0.9199995566197535,0.0791210445895525,0.000878955410447454,1930,0.9199995566197535,0.840878512030201
1931/17.html,1931,NLR,Wijeytilaka v. Ranasinghe - NLR - 306 of 32 [1931] LKSC 17; (1931) 32 NLR 306 (12 June 1931),dense_br_nlr,0.919284,0.000716,0.919284,0.079121,0.000879,19,15509,53,2.789474,3.417371,0,0.0,0.0,10,4,True,False,False,True,True,0.0007158384842455057,0.9192841615157545,0.0791210445895525,0.000878955410447454,1930,0.9192841615157545,0.840163116926202
1931/2.html,1931,NLR,Silva v. Karalliadda - NLR - 85 of 33 [1931] LKSC 2; (1931) 33 NLR 85 (7 August 1931),dense_br_nlr,0.919999,1e-06,0.919999,0.079121,0.000879,10,10340,46,4.6,4.448743,0,0.0,0.0,8,5,True,False,False,False,False,5.127988538689011e-07,0.9199994872011462,0.0791210445895525,0.000878955410447454,1930,0.9199994872011462,0.8408784426115937
1931/3.html,1931,NLR,Abeyesekere v. Jayatilaka - NLR - 291 of 33 [1931] LKSC 3; (1931) 33 NLR 291 (9 November 1931),dense_br_nlr,0.92,0.0,0.92,0.079121,0.000879,13,15134,86,6.615385,5.682569,0,0.0,0.0,16,2,True,False,False,False,True,1.6175769168569332e-10,0.9199999998382423,0.0791210445895525,0.000878955410447454,1930,0.9199999998382423,0.8408789552486898
1931/4.html,1931,NLR,"Annamalay Chetty, S.P.A. v. Thornhill - NLR - 41 of 33 [1931] LKSC 4; (1931) 33 NLR 41 (19 May 1931)",dense_br_nlr,0.919965,3.5e-05,0.919965,0.079121,0.000879,11,9474,39,3.545455,4.116529,0,0.0,0.0,12,4,True,False,False,True,True,3.482275656973677e-05,0.9199651772434303,0.0791210445895525,0.000878955410447454,1930,0.9199651772434303,0.8408441326538778
1931/5.html,1931,NLR,Mendis v. Jayasuriya - NLR - 121 of 33 [1931] LKSC 5; (1931) 33 NLR 121 (20 October 1931),dense_br_nlr,0.92,0.0,0.92,0.079121,0.000879,12,15781,56,4.666667,3.548571,0,0.0,0.0,12,2,True,False,False,False,False,3.927667015357628e-07,0.9199996072332985,0.0791210445895525,0.000878955410447454,1930,0.9199996072332985,0.840878562643746
1931/6.html,1931,NLR,Tillekewardene v. Obeyesekere - NLR - 65 of 33 [1931] LKSC 6; (1931) 33 NLR 65 (18 September 1931),dense_br_nlr,0.92,0.0,0.92,0.079121,0.000879,11,10662,53,4.818182,4.970925,0,0.0,0.0,10,7,True,False,False,False,True,2.1425266468089178e-07,0.9199997857473353,0.0791210445895525,0.000878955410447454,1930,0.9199997857473353,0.8408787411577828
1931/7.html,1931,NLR,Dias Et Al. v. Amarasuriya - NLR - 169 of 33 [1931] LKSC 7; (1931) 33 NLR 169 (7 August 1931),dense_br_nlr,0.92,0.0,0.92,0.079121,0.000879,10,9954,90,9.0,9.041591,0,0.0,0.0,10,9,True,False,False,True,False,1.1644019082268643e-14,0.9199999999999884,0.0791210445895525,0.000878955410447454,1930,0.9199999999999884,0.8408789554104359
1931/8.html,1931,NLR,Peiris v. Saravanamuttu - NLR - 229 of 33 [1931] LKSC 8; (1931) 33 NLR 229 (12 November 1931),dense_br_nlr,0.92,0.0,0.92,0.079121,0.000879,10,10869,56,5.6,5.152268,0,0.0,0.0,7,1,True,False,False,False,False,9.392243822681224e-09,0.9199999906077562,0.0791210445895525,0.000878955410447454,1930,0.9199999906077562,0.8408789460182037
1931/9.html,1931,NLR,Tilekewardene v. 0beyesekere - NLR - 126 of 33 [1931] LKSC 9; (1931) 33 NLR 126 (30 October 1931),dense_br_nlr,0.916117,0.003883,0.916117,0.079121,0.000879,41,61531,97,2.365854,1.576441,0,0.0,0.0,28,4,True,False,False,True,False,0.00388346415639687,0.9161165358436032,0.0791210445895525,0.000878955410447454,1930,0.9161165358436032,0.8369954912540507
1932/1.html,1932,NLR,Rapiel v. Peiris - NLR - 157 of 34 [1932] LKSC 1; (1932) 34 NLR 157 (27 June 1932),dense_br_nlr,0.919994,6e-06,0.919994,0.079121,0.000879,9,6809,36,4.0,5.28712,0,0.0,0.0,9,5,True,False,False,True,True,5.652640634030704e-06,0.919994347359366,0.0791210445895525,0.000878955410447454,1930,0.919994347359366,0.8408733027698135
1932/2.html,1932,NLR,Lateef v. Saravanamuttu - NLR - 369 of 34 [1932] LKSC 2; (1932) 34 NLR 369 (7 September 1932),dense_br_nlr,0.919999,1e-06,0.919999,0.079121,0.000879,21,33832,92,4.380952,2.719319,0,0.0,0.0,16,6,True,False,False,True,False,1.2316067408058018e-06,0.9199987683932592,0.0791210445895525,0.000878955410447454,1930,0.9199987683932592,0.8408777238037067
1932/3.html,1932,NLR,Mendis v. Jayasuriya - NLR - 306 of 33 [1932] LKSC 3; (1932) 33 NLR 306 (30 April 1932),dense_br_nlr,0.919347,0.000653,0.919347,0.079121,0.000879,16,18568,45,2.8125,2.423524,0,0.0,0.0,13,2,True,False,False,True,False,0.0006528967671724839,0.9193471032328275,0.0791210445895525,0.000878955410447454,1930,0.9193471032328275,0.840226058643275
1932/4.html,1932,NLR,Weerasekera v. Peiris - NLR - 281 of 34 [1932] LKSC 4; (1932) 34 NLR 281 (9 December 1932),dense_br_nlr,0.92,0.0,0.92,0.079121,0.000879,15,19409,89,5.933333,4.585502,0,0.0,0.0,12,5,True,False,False,False,True,2.4757719696566484e-09,0.9199999975242281,0.0791210445895525,0.000878955410447454,1930,0.9199999975242281,0.8408789529346756
1932/5.html,1932,NLR,Ran Menika v. Paynter - NLR - 127 of 34 [1932] LKSC 5; (1932) 34 NLR 127 (3 May 1932),dense_br_nlr,0.919938,6.2e-05,0.919938,0.079121,0.000879,10,9668,34,3.4,3.516756,0,0.0,0.0,9,3,True,False,False,True,False,6.230621765006995e-05,0.91993769378235,0.0791210445895525,0.000878955410447454,1930,0.91993769378235,0.8408166491927975
1932/6.html,1932,NLR,Attorney General v. Ariyaratne - NLR - 196 of 34 [1932] LKSC 6; (1932) 34 NLR 196 (5 September 1932),dense_br_nlr,0.919958,4.2e-05,0.919958,0.079121,0.000879,6,3616,21,3.5,5.807522,0,0.0,0.0,7,7,False,False,False,True,False,4.1766039206199146e-05,0.9199582339607938,0.0791210445895525,0.000878955410447454,1930,0.9199582339607938,0.8408371893712413
1932/7.html,1932,NLR,Ana Lana Saminathan Chetty v. Vendor Poorten - NLR - 287 of 34 [1932] LKSC 7; (1932) 34 NLR 287 (24 November 1932),dense_br_nlr,0.92,0.0,0.92,0.079121,0.000879,23,30383,182,7.913043,5.990192,0,0.0,0.0,16,8,True,False,False,True,True,9.00675090065306e-13,0.9199999999990993,0.0791210445895525,0.000878955410447454,1930,0.9199999999990993,0.8408789554095468
1932/8.html,1932,NLR,Supramaniam v. Ganapathipillai - NLR - 201 of 34 [1932] LKSC 8; (1932) 34 NLR 201 (8 November 1932),dense_br_nlr,0.92,0.0,0.92,0.079121,0.000879,9,8120,52,5.777778,6.403941,0,0.0,0.0,8,4,True,False,False,False,True,4.612510142720794e-09,0.9199999953874899,0.0791210445895525,0.000878955410447454,1930,0.9199999953874899,0.8408789507979374
1933/1.html,1933,NLR,"Imperial Bank of India, Ltd. v. Silva Et Al. - NLR - 346 of 34 [1933] LKSC 1; (1933) 34 NLR 346 (31 May 1933)",dense_br_nlr,0.918831,0.001169,0.918831,0.079121,0.000879,9,7656,24,2.666667,3.134796,0,0.0,0.0,9,7,True,False,False,True,False,0.0011693334049041714,0.9188306665950958,0.0791210445895525,0.000878955410447454,1930,0.9188306665950958,0.8397096220055433
1933/2.html,1933,NLR,Muttu Mohammado v. Ramasamy Chetty Et Al. - NLR - 69 of 36 [1933] LKSC 2; (1933) 36 NLR 69 (7 November 1933),dense_br_nlr,0.92,0.0,0.92,0.079121,0.000879,8,7368,38,4.75,5.157438,0,0.0,0.0,8,2,True,False,False,False,False,2.8143004883407484e-07,0.9199997185699512,0.0791210445895525,0.000878955410447454,1930,0.9199997185699512,0.8408786739803987
1933/3.html,1933,NLR,"In Re A Proctor In the Matter of A Rule Issued Under Section 19 of the Courts Ordinance, No. 1 of 1889. - NLR - 9 of 36 [1933] LKSC 3; (1933) 36 NLR 9 (17 November 1933)",dense_br_nlr,0.91875,0.00125,0.91875,0.079121,0.000879,20,23990,53,2.65,2.209254,0,0.0,0.0,16,3,False,False,True,True,False,0.0012498383543945923,0.9187501616456054,0.0791210445895525,0.000878955410447454,1930,0.9187501616456054,0.8396291170560529
1933/4.html,1933,NLR,"In Re. Jayatileke, A.P. - NLR - 376 of 35 [1933] LKSC 4; (1933) 35 NLR 376 (3 August 1933)",dense_br_nlr,0.919992,8e-06,0.919992,0.076669,0.003331,11,9276,43,3.909091,4.635619,1,0.090909,0.107805,10,5,True,False,True,True,False,8.131587023236797e-06,0.9199918684129768,0.07666944722808026,0.003330552771919697,1930,0.9199918684129768,0.8433224211848965
1933/5.html,1933,NLR,David v. De Silva - NLR - 201 of 35 [1933] LKSC 5; (1933) 35 NLR 201 (28 November 1933),dense_br_nlr,0.92,0.0,0.92,0.077487,0.002513,14,15769,138,9.857143,8.751348,1,0.071429,0.063416,10,1,True,False,False,True,False,4.085620730620576e-16,0.9199999999999996,0.07748683466899436,0.0025131653310056005,1930,0.9199999999999996,0.8425131653310052
1934/1.html,1934,NLR,Hakim Bhai v. Commissioner of Income Tax - NLR - 291 of 35 [1934] LKSC 1; (1934) 35 NLR 291 (22 February 1934),dense_br_nlr,0.92,0.0,0.92,0.078537,0.001463,29,35493,143,4.931034,4.028963,1,0.034483,0.028175,19,4,True,False,True,True,True,1.3642132572933008e-07,0.9199998635786744,0.07853653209940319,0.0014634679005967736,1930,0.9199998635786744,0.8414633314792712
1934/2.html,1934,NLR,Rajapakse v. Commisioner of Income Tax - NLR - 258 of 36 [1934] LKSC 2; (1934) 36 NLR 258 (28 November 1934),dense_br_nlr,0.919954,4.6e-05,0.919954,0.079121,0.000879,23,25121,80,3.478261,3.184587,0,0.0,0.0,16,5,True,False,True,True,True,4.556024088634647e-05,0.9199544397591137,0.0791210445895525,0.000878955410447454,1930,0.9199544397591137,0.8408333951695612
1934/3.html,1934,NLR,Samynathan v. Whitehorn - NLR - 225 of 35 [1934] LKSC 3; (1934) 35 NLR 225 (15 February 1934),dense_br_nlr,0.92,0.0,0.92,0.077655,0.002345,15,17352,116,7.733333,6.685108,1,0.066667,0.05763,11,5,True,False,False,True,True,1.8483348185327486e-12,0.9199999999981517,0.07765501015865511,0.002344989841344842,1930,0.9199999999981517,0.8423449898394966
1934/4.html,1934,NLR,Sinnathangachy v. Poopathy Et Al. - NLR - 103 of 36 [1934] LKSC 4; (1934) 36 NLR 103 (27 June 1934),dense_br_nlr,0.919802,0.000198,0.919802,0.079121,0.000879,9,5177,28,3.111111,5.408538,0,0.0,0.0,12,4,True,False,False,True,True,0.00019784222705539369,0.9198021577729446,0.0791210445895525,0.000878955410447454,1930,0.9198021577729446,0.8406811131833921
1934/5.html,1934,NLR,In Re De Silva V. - NLR - 99 of 37 [1934] LKSC 5; (1934) 37 NLR 99 (17 December 1934),dense_br_nlr,0.91868,0.00132,0.91868,0.079121,0.000879,11,5223,29,2.636364,5.552365,0,0.0,0.0,10,11,True,False,True,True,False,0.001319802457746282,0.9186801975422537,0.0791210445895525,0.000878955410447454,1930,0.9186801975422537,0.8395591529527012
1935/1.html,1935,NLR,Jayawickreme v. Cassim - NLR - 352 of 34 [1935] LKSC 1; (1935) 34 NLR 352 (31 December 1935),dense_br_nlr,0.919773,0.000227,0.919773,0.079121,0.000879,13,15002,40,3.076923,2.666311,0,0.0,0.0,11,5,True,False,False,True,True,0.000226827624789836,0.9197731723752102,0.0791210445895525,0.000878955410447454,1930,0.9197731723752102,0.8406521277856577
1935/2.html,1935,NLR,Abdul Cader Et Al v. Ahamadu Lebbe Marikar Et Al - NLR - 257 of 37 [1935] LKSC 2; (1935) 37 NLR 257 (8 November 1935),dense_br_nlr,0.92,0.0,0.92,0.077655,0.002345,15,18498,83,5.533333,4.486972,1,0.066667,0.05406,14,7,True,False,False,False,True,1.226257838382594e-08,0.9199999877374216,0.07765501015865511,0.002344989841344842,1930,0.9199999877374216,0.8423449775787666
1935/3.html,1935,NLR,"In the Matter of A Rule Under Section 51 of the Courts Ordinance, No. 1 of 1889, On Alexander Francis Molamure Executor of the Last Will and Testament of the Late J. W. Maduwanwala. - NLR - 33 of 37 [1935] LKSC 3; (1935) 37 NLR 33 (18 February 1935)",dense_br_nlr,0.919787,0.000213,0.919787,0.07876,0.00124,43,61412,133,3.093023,2.165701,1,0.023256,0.016283,29,7,True,False,True,True,False,0.00021268362745995975,0.9197873163725401,0.07875983655850936,0.0012401634414905968,1930,0.9197873163725401,0.8410274798140307
1935/4.html,1935,NLR,"Anglo Persian Oil Co., Ltd. v. Commisioner of Income Tax - NLR - 348 of 38 [1935] LKSC 4; (1935) 38 NLR 348 (30 July 1935)",dense_br_nlr,0.919987,1.3e-05,0.919987,0.079121,0.000879,39,52522,148,3.794872,2.817867,0,0.0,0.0,24,7,True,False,True,True,True,1.2840792166164405e-05,0.9199871592078339,0.0791210445895525,0.000878955410447454,1930,0.9199871592078339,0.8408661146182814
1935/5.html,1935,NLR,Commissioner of Income Tax v. P.K.N. - NLR - 339 of 37 [1935] LKSC 5; (1935) 37 NLR 339 (13 December 1935),dense_br_nlr,0.92,0.0,0.92,0.07809,0.00191,19,20237,106,5.578947,5.237931,1,0.052632,0.049414,16,8,True,True,True,True,True,1.0217441563931119e-08,0.9199999897825585,0.07808955479507407,0.0019104452049258926,1930,0.9199999897825585,0.8419104349874844
1935/6.html,1935,NLR,R.M. A.R. A.R. R.M. v. The Comissioner of Income Tax - NLR - 447 of 37 [1935] LKSC 6; (1935) 37 NLR 447 (20 December 1935),dense_br_nlr,0.919948,5.2e-05,0.919948,0.075556,0.004444,9,3944,31,3.444444,7.860041,1,0.111111,0.25355,9,10,True,False,True,True,True,5.21589742972628e-05,0.9199478410257028,0.07555606618252449,0.004443933817475475,1930,0.9199478410257028,0.8443917748431783
1935/7.html,1935,NLR,Seyyado Ibrahim Saibo Et Al. v. Jainambeebee Ammal Et Al. - NLR - 297 of 41 [1935] LKSC 7; (1935) 41 NLR 297 (24 May 1935),dense_br_nlr,0.916343,0.003657,0.916343,0.079121,0.000879,21,44404,50,2.380952,1.126025,0,0.0,0.0,16,19,True,False,True,True,True,0.003656780036637959,0.9163432199633621,0.0791210445895525,0.000878955410447454,1930,0.9163432199633621,0.8372221753738096
1935/8.html,1935,NLR,The Bank of Chettinad v. Tea Export Controller - NLR - 190 of 37 [1935] LKSC 8; (1935) 37 NLR 190 (24 September 1935),dense_br_nlr,0.919998,2e-06,0.919998,0.079121,0.000879,21,24766,90,4.285714,3.634014,0,0.0,0.0,12,5,True,False,True,True,False,1.8026737682408367e-06,0.9199981973262318,0.0791210445895525,0.000878955410447454,1930,0.9199981973262318,0.8408771527366793
1936/1.html,1936,NLR,"In the Matter of An Application of Albert Godamune, Proctor, Supreme Court, For the Annual Certificate To Practise As Notary - NLR - 74 of 38 [1936] LKSC 1; (1936) 38 NLR 74 (14 May 1936)",dense_br_nlr,0.903453,0.016547,0.903453,0.079121,0.000879,9,3635,18,2.0,4.951857,0,0.0,0.0,8,7,True,False,True,True,True,0.016547313165124224,0.9034526868348758,0.0791210445895525,0.000878955410447454,1930,0.9034526868348758,0.8243316422453233
1936/10.html,1936,NLR,Somasunderam v. Kotalawala - NLR - 205 of 40 [1936] LKSC 10; (1936) 40 NLR 205 (30 September 1936),dense_br_nlr,0.919978,2.2e-05,0.919978,0.077575,0.002425,29,39004,106,3.655172,2.71767,2,0.068966,0.051277,19,72,True,False,True,True,False,2.245282729064435e-05,0.9199775471727094,0.07757522647150267,0.0024247735284972957,1930,0.9199775471727094,0.8424023207012068
1936/11.html,1936,NLR,Vinayagamoorthy v. Ponnambalam - NLR - 178 of 40 [1936] LKSC 11; (1936) 40 NLR 178 (25 November 1936),dense_br_nlr,0.92,0.0,0.92,0.065406,0.014594,40,41271,267,6.675,6.469434,8,0.2,0.193841,21,78,True,True,True,True,True,1.2743929467262661e-10,0.9199999998725608,0.06540595809549146,0.014594041904508505,1930,0.9199999998725608,0.8545940417770693
1936/12.html,1936,NLR,"Haughton Tea Company, Limited. v. Commissioner of Income Tax - NLR - 322 of 42 [1936] LKSC 12; (1936) 42 NLR 322 (29 February 1936)",paragraph_nlr,0.895073,0.895073,0.024927,0.079121,0.000879,105,29450,11,0.104762,0.373514,0,0.0,0.0,30,71,True,False,True,True,True,0.8950729581454752,0.024927041854524865,0.0791210445895525,0.000878955410447454,1930,0.8950729581454752,0.8159519135559227
1936/13.html,1936,NLR,Peiris v. Commissioner of Income Tax - NLR - 14 of 38 [1936] LKSC 13; (1936) 38 NLR 14 (6 March 1936),dense_br_nlr,0.919996,4e-06,0.919996,0.079121,0.000879,21,26017,86,4.095238,3.305531,0,0.0,0.0,18,6,True,False,False,True,True,3.861951985073553e-06,0.9199961380480149,0.0791210445895525,0.000878955410447454,1930,0.9199961380480149,0.8408750934584625
1936/14.html,1936,NLR,Sockalingam Chettiar v. Ramanayake Et Al. - NLR - 229 of 38 [1936] LKSC 14; (1936) 38 NLR 229 (19 November 1936),dense_br_nlr,0.92,0.0,0.92,0.079121,0.000879,22,25720,163,7.409091,6.337481,0,0.0,0.0,17,7,True,False,False,False,True,6.761702309177053e-12,0.9199999999932383,0.0791210445895525,0.000878955410447454,1930,0.9199999999932383,0.8408789554036858
1936/15.html,1936,NLR,"Abeyesundera v. Ceylon Exports, Ltd., Et Al. - NLR - 117 of 38 [1936] LKSC 15; (1936) 38 NLR 117 (9 July 1936)",dense_br_nlr,0.919033,0.000967,0.919033,0.078225,0.001775,21,25943,57,2.714286,2.197124,1,0.047619,0.038546,16,4,True,False,False,True,True,0.0009667438684064856,0.9190332561315936,0.07822487179128658,0.0017751282087133781,1930,0.9190332561315936,0.840808384340307
1936/16.html,1936,NLR,Somasunderam v. Attorney General - NLR - 298 of 38 [1936] LKSC 16; (1936) 38 NLR 298 (30 March 1936),dense_br_nlr,0.919979,2.1e-05,0.919979,0.079121,0.000879,15,12722,55,3.666667,4.32322,0,0.0,0.0,12,8,False,False,True,True,True,2.1443844622899278e-05,0.9199785561553772,0.0791210445895525,0.000878955410447454,1930,0.9199785561553772,0.8408575115658247
1936/17.html,1936,NLR,"In the Matter of An Application For A Writ of Mandamus On the Government Agent, Western Province - NLR - 139 of 38 [1936] LKSC 17; (1936) 38 NLR 139 (8 April 1936)",dense_br_nlr,0.919873,0.000127,0.919873,0.079121,0.000879,9,5276,29,3.222222,5.496588,0,0.0,0.0,8,10,False,False,False,False,False,0.00012686240140611372,0.9198731375985939,0.0791210445895525,0.000878955410447454,1930,0.9198731375985939,0.8407520930090414
1936/18.html,1936,NLR,Alice Nona Et Al. v. Wickremesinghe - NLR - 408 of 38 [1936] LKSC 18; (1936) 38 NLR 408 (18 September 1936),dense_br_nlr,0.919556,0.000444,0.919556,0.079121,0.000879,11,6917,32,2.909091,4.626283,0,0.0,0.0,9,6,True,False,True,True,True,0.0004437593830657161,0.9195562406169343,0.0791210445895525,0.000878955410447454,1930,0.9195562406169343,0.8404351960273818
1936/19.html,1936,NLR,Manicam v. Sultan Abdul Cader Bros - NLR - 28 of 38 [1936] LKSC 19; (1936) 38 NLR 28 (1 June 1936),dense_br_nlr,0.919994,6e-06,0.919994,0.079121,0.000879,10,7980,40,4.0,5.012531,0,0.0,0.0,8,6,True,False,True,False,True,5.652640634030704e-06,0.919994347359366,0.0791210445895525,0.000878955410447454,1930,0.919994347359366,0.8408733027698135
1936/2.html,1936,NLR,"Saravanamuttu v. Chairman, Municipal Council,Colombo - NLR - 21 of 38 [1936] LKSC 2; (1936) 38 NLR 21 (18 March 1936)",dense_br_nlr,0.919987,1.3e-05,0.919987,0.079121,0.000879,19,20485,72,3.789474,3.514767,0,0.0,0.0,15,8,False,False,True,True,True,1.3121061495358078e-05,0.9199868789385047,0.0791210445895525,0.000878955410447454,1930,0.9199868789385047,0.8408658343489522
1936/20.html,1936,NLR,Haramanis v. Silva - NLR - 141 of 38 [1936] LKSC 20; (1936) 38 NLR 141 (12 May 1936),dense_br_nlr,0.92,0.0,0.92,0.079121,0.000879,13,7162,66,5.076923,9.215303,0,0.0,0.0,9,9,True,False,True,False,True,7.611095014681269e-08,0.9199999238890499,0.0791210445895525,0.000878955410447454,1930,0.9199999238890499,0.8408788792994975
1936/3.html,1936,NLR,Hulme King v. De Silva - NLR - 63 of 38 [1936] LKSC 3; (1936) 38 NLR 63 (27 February 1936),dense_br_nlr,0.919994,6e-06,0.919994,0.079121,0.000879,19,25115,76,4.0,3.02608,0,0.0,0.0,16,5,True,False,False,True,True,5.652640634030704e-06,0.919994347359366,0.0791210445895525,0.000878955410447454,1930,0.919994347359366,0.8408733027698135
1936/4.html,1936,NLR,Junaid v. Meeran Pillai - NLR - 364 of 38 [1936] LKSC 4; (1936) 38 NLR 364 (24 November 1936),dense_br_nlr,0.919991,9e-06,0.919991,0.079121,0.000879,9,7041,35,3.888889,4.970885,0,0.0,0.0,8,9,False,False,False,False,True,8.815956925305457e-06,0.9199911840430748,0.0791210445895525,0.000878955410447454,1930,0.9199911840430748,0.8408701394535223
1936/5.html,1936,NLR,Alisandiri v. The King - NLR - 257 of 38 [1936] LKSC 5; (1936) 38 NLR 257 (12 November 1936),dense_br_nlr,0.919224,0.000776,0.919224,0.079121,0.000879,13,12391,36,2.769231,2.905335,0,0.0,0.0,14,5,True,False,False,False,True,0.0007761617497585771,0.9192238382502415,0.0791210445895525,0.000878955410447454,1930,0.9192238382502415,0.840102793660689
1936/6.html,1936,NLR,Aron v. Senanayake - NLR - 133 of 38 [1936] LKSC 6; (1936) 38 NLR 133 (25 May 1936),dense_br_nlr,0.898514,0.021486,0.898514,0.079121,0.000879,15,12785,29,1.933333,2.268283,0,0.0,0.0,11,8,True,False,True,True,True,0.02148618313797863,0.8985138168620214,0.0791210445895525,0.000878955410447454,1930,0.8985138168620214,0.8193927722724689
1936/7.html,1936,NLR,In Re De Zoysa - NLR - 244 of 38 [1936] LKSC 7; (1936) 38 NLR 244 (11 March 1936),dense_br_nlr,0.919,0.001,0.919,0.079121,0.000879,17,17584,46,2.705882,2.616015,0,0.0,0.0,12,5,True,True,True,False,True,0.000999758414420935,0.9190002415855791,0.0791210445895525,0.000878955410447454,1930,0.9190002415855791,0.8398791969960266
1936/8.html,1936,NLR,Aron v. Senanayake - NLR - 257 of 40 [1936] LKSC 8; (1936) 40 NLR 257 (25 May 1936),dense_br_nlr,0.913354,0.006646,0.913354,0.077278,0.002722,13,9808,29,2.230769,2.95677,1,0.076923,0.101958,10,27,True,False,True,True,True,0.006646213568876798,0.9133537864311232,0.07727829603884145,0.0027217039611585133,1930,0.9133537864311232,0.8360754903922818
1936/9.html,1936,NLR,Cooray v. De Zoysa - NLR - 121 of 41 [1936] LKSC 9; (1936) 41 NLR 121 (9 March 1936),dense_br_nlr,0.919818,0.000182,0.919818,0.079121,0.000879,53,158222,166,3.132075,1.049159,0,0.0,0.0,35,172,True,False,True,True,False,0.00018193167011513634,0.9198180683298849,0.0791210445895525,0.000878955410447454,1930,0.9198180683298849,0.8406970237403324
1937/1.html,1937,NLR,"Dhammananda, K. v. Davith Ranasinghe - NLR - 567 of 39 [1937] LKSC 1; (1937) 39 NLR 567 (23 November 1937)",dense_br_nlr,0.919962,3.8e-05,0.919962,0.07809,0.00191,19,12655,67,3.526316,5.29435,1,0.052632,0.07902,13,6,True,False,False,False,True,3.759323394674219e-05,0.9199624067660533,0.07808955479507407,0.0019104452049258926,1930,0.9199624067660533,0.8418728519709793
1937/10.html,1937,NLR,Schokman v. Nadar - NLR - 271 of 39 [1937] LKSC 10; (1937) 39 NLR 271 (4 June 1937),dense_br_nlr,0.917725,0.002275,0.917725,0.074596,0.005404,8,2636,20,2.5,7.587253,1,0.125,0.379363,8,8,False,False,True,False,False,0.0022748133041038845,0.9177251866958962,0.07459626470882964,0.0054037352911703255,1930,0.9177251866958962,0.8431289219870666
1937/11.html,1937,NLR,Murugappah Chettiar Et Al. v. Ramanathan Chettiar - NLR - 231 of 39 [1937] LKSC 11; (1937) 39 NLR 231 (30 July 1937),dense_br_nlr,0.919082,0.000918,0.919082,0.076669,0.003331,11,6849,30,2.727273,4.380201,1,0.090909,0.146007,10,9,True,False,True,True,True,0.0009178544099217767,0.9190821455900783,0.07666944722808026,0.003330552771919697,1930,0.9190821455900783,0.8424126983619981
1937/12.html,1937,NLR,"In Re Application By Neil Hewavitarana For An Authorized Excuse Under Articles 60 (2) and 72 of the Ceylon (State Council Elections) Order-In-Council, 1931. - NLR - 539 of 39 [1937] LKSC 12; (1937) 39 NLR 539 (28 January 1937)",dense_br_nlr,0.92,0.0,0.92,0.079121,0.000879,18,16858,90,5.0,5.338712,0,0.0,0.0,12,7,True,False,True,False,True,1.0353234911164577e-07,0.9199998964676509,0.0791210445895525,0.000878955410447454,1930,0.9199998964676509,0.8408788518780984
1937/13.html,1937,NLR,Cumarasinghe v. Abeyratne - NLR - 150 of 39 [1937] LKSC 13; (1937) 39 NLR 150 (18 September 1937),dense_br_nlr,0.919996,4e-06,0.919996,0.079121,0.000879,12,9278,49,4.083333,5.281311,0,0.0,0.0,8,12,True,False,True,False,True,4.050306456506725e-06,0.9199959496935435,0.0791210445895525,0.000878955410447454,1930,0.9199959496935435,0.840874905103991
1937/14.html,1937,NLR,Don Aslin v. Samarakone Bros - NLR - 390 of 39 [1937] LKSC 14; (1937) 39 NLR 390 (22 February 1937),dense_br_nlr,0.918369,0.001631,0.918369,0.079121,0.000879,12,8636,31,2.583333,3.589625,0,0.0,0.0,9,5,True,False,True,False,True,0.001631120398178787,0.9183688796018212,0.0791210445895525,0.000878955410447454,1930,0.9183688796018212,0.8392478350122687
1937/15.html,1937,NLR,Elonona v. Fernando - NLR - 71 of 39 [1937] LKSC 15; (1937) 39 NLR 71 (10 March 1937),dense_br_nlr,0.919985,1.5e-05,0.919985,0.079121,0.000879,8,4730,30,3.75,6.342495,0,0.0,0.0,7,4,False,False,True,False,False,1.536530810011705e-05,0.9199846346919,0.0791210445895525,0.000878955410447454,1930,0.9199846346919,0.8408635901023475
1937/2.html,1937,NLR,Maha Nayaka Thero Malwatta Vihare v. Registrar General Et Al. - NLR - 186 of 39 [1937] LKSC 2; (1937) 39 NLR 186 (27 May 1937),dense_br_nlr,0.919993,7e-06,0.919993,0.078162,0.001838,20,21506,79,3.95,3.673393,1,0.05,0.046499,14,24,True,False,True,False,True,6.904141469372683e-06,0.9199930958585306,0.07816181040719791,0.0018381895928020482,1930,0.9199930958585306,0.8418312854513327
1937/3.html,1937,NLR,"William Singho v. Matar, A.G.A. - NLR - 215 of 41 [1937] LKSC 3; (1937) 41 NLR 215 (23 January 1937)",dense_br_nlr,0.919919,8.1e-05,0.919919,0.079121,0.000879,9,10030,30,3.333333,2.991027,0,0.0,0.0,12,23,True,False,True,False,True,8.134574486875491e-05,0.9199186542551313,0.0791210445895525,0.000878955410447454,1930,0.9199186542551313,0.8407976096655788
1937/4.html,1937,NLR,Sabapathi v. Huntley - NLR - 396 of 39 [1937] LKSC 4; (1937) 39 NLR 396 (21 December 1937),dense_br_nlr,0.919976,2.4e-05,0.919976,0.078796,0.001204,47,32437,171,3.638298,5.271758,1,0.021277,0.030829,15,6,True,False,False,False,True,2.402057703228433e-05,0.9199759794229677,0.07879556365207821,0.0012044363479217534,1930,0.9199759794229677,0.8411804157708895
1937/5.html,1937,NLR,Appuwa v. Homapala Et Al. - NLR - 445 of 39 [1937] LKSC 5; (1937) 39 NLR 445 (7 December 1937),dense_br_nlr,0.919938,6.2e-05,0.919938,0.079121,0.000879,15,8093,51,3.4,6.301742,0,0.0,0.0,10,8,True,False,False,False,False,6.230621765006995e-05,0.91993769378235,0.0791210445895525,0.000878955410447454,1930,0.91993769378235,0.8408166491927975
1937/6.html,1937,NLR,In Re Application For A Writ of Mamdamus On the Assistant Government Agent Uva - NLR - 450 of 39 [1937] LKSC 6; (1937) 39 NLR 450 (15 October 1937),dense_br_nlr,0.92,0.0,0.92,0.075556,0.004444,9,7475,44,4.888889,5.886288,1,0.111111,0.133779,8,7,True,False,False,False,False,1.6147140253774951e-07,0.9199998385285975,0.07555606618252449,0.004443933817475475,1930,0.9199998385285975,0.8444437723460729
1937/7.html,1937,NLR,"Chivers & Sons, Ltd. v. Commissioner of Income Tax - NLR - 342 of 39 [1937] LKSC 7; (1937) 39 NLR 342 (1 November 1937)",dense_br_nlr,0.919999,1e-06,0.919999,0.077908,0.002092,17,17690,75,4.411765,4.239683,1,0.058824,0.056529,15,7,True,False,True,True,True,1.0887908467482887e-06,0.9199989112091533,0.07790847240238764,0.0020915275976123157,1930,0.9199989112091533,0.8420904388067657
1937/8.html,1937,NLR,Commissioner of Income Tax v. Saverimuttu Chetty. - NLR - 1 of 39 [1937] LKSC 8; (1937) 39 NLR 1 (14 May 1937),paragraph_nlr,0.881654,0.881654,0.038346,0.078689,0.001311,37,13944,8,0.216216,0.573723,1,0.027027,0.071715,14,9,True,False,True,True,True,0.8816535050457273,0.03834649495427281,0.07868884760971637,0.0013111523902835953,1930,0.8816535050457273,0.8029646574360109
1937/9.html,1937,NLR,Walles v. Commisioner of Income Tax - NLR - 325 of 38 [1937] LKSC 9; (1937) 38 NLR 325 (17 February 1937),dense_br_nlr,0.92,0.0,0.92,0.079121,0.000879,19,20151,111,5.842105,5.508411,0,0.0,0.0,16,9,True,False,True,True,True,3.5660703190387723e-09,0.9199999964339297,0.0791210445895525,0.000878955410447454,1930,0.9199999964339297,0.8408789518443772
1938/1.html,1938,NLR,Samarasundera v. Samarasundera - NLR - 45 of 40 [1938] LKSC 1; (1938) 40 NLR 45 (23 February 1938),dense_br_nlr,0.919985,1.5e-05,0.919985,0.074596,0.005404,8,4698,30,3.75,6.385696,1,0.125,0.212857,8,19,True,False,True,False,False,1.536530810011705e-05,0.9199846346919,0.07459626470882964,0.0054037352911703255,1930,0.9199846346919,0.8453883699830703
1938/10.html,1938,NLR,Carolis v. Commissioner of Stamps - NLR - 111 of 40 [1938] LKSC 10; (1938) 40 NLR 111 (25 April 1938),dense_br_nlr,0.92,0.0,0.92,0.076669,0.003331,11,9930,52,4.727273,5.236657,1,0.090909,0.100705,11,26,True,False,False,True,True,3.082132436071916e-07,0.9199996917867564,0.07666944722808026,0.003330552771919697,1930,0.9199996917867564,0.8433302445586762
1938/11.html,1938,NLR,In the Matter of An Application For A Writ of Quo Warranto Deen v. Rajakulendram Et Al. - NLR - 25 of 40 [1938] LKSC 11; (1938) 40 NLR 25 (27 September 1938),dense_br_nlr,0.92,0.0,0.92,0.035285,0.044715,19,19739,138,7.263158,6.991236,6,0.315789,0.303967,18,64,True,True,True,False,True,1.212183242671472e-11,0.9199999999878782,0.03528531696113604,0.04471468303886392,1930,0.9199999999878782,0.8752853169490142
1938/12.html,1938,SLR,"Edwin and Another v. Sugathadasa De Silva - SLR - 337, Vol 1 of 1989 [1938] LKSC 12; (1989) 1 Sri LR 337 (20 June 1938)",structured_slr,0.909892,0.077336,0.002664,0.909892,0.010108,57,20298,9,0.157895,0.443393,0,0.0,0.0,22,37,True,True,True,True,True,0.07733622967405054,0.0026637703259494226,0.9098920127798543,0.010107987220145725,1930,0.9098920127798543,0.8325557831058038
1938/2.html,1938,NLR,In the Matter of A Rule Under Section 51 of the Courts Ordinance In Re Ratnayake - NLR - 99 of 40 [1938] LKSC 2; (1938) 40 NLR 99 (20 July 1938),dense_br_nlr,0.92,0.0,0.92,0.076669,0.003331,11,8540,71,6.454545,8.313817,1,0.090909,0.117096,14,29,True,False,False,True,False,3.0780290316556603e-10,0.9199999996921971,0.07666944722808026,0.003330552771919697,1930,0.9199999996921971,0.8433305524641169
1938/3.html,1938,NLR,Jayasinghe v. Wijesinghe Et Al. - NLR - 68 of 40 [1938] LKSC 3; (1938) 40 NLR 68 (8 July 1938),dense_br_nlr,0.919987,1.3e-05,0.919987,0.073931,0.006069,15,11552,57,3.8,4.934211,2,0.133333,0.17313,13,26,True,False,True,False,False,1.2580088357818654e-05,0.9199874199116422,0.07393137363972763,0.0060686263602723325,1930,0.9199874199116422,0.8460560462719147
1938/4.html,1938,NLR,Morris v. Morris - NLR - 246 of 40 [1938] LKSC 4; (1938) 40 NLR 246 (11 July 1938),dense_br_nlr,0.919999,1e-06,0.919999,0.077487,0.002513,14,14781,64,4.571429,4.329883,1,0.071429,0.067654,11,44,True,False,True,True,False,5.748836101426846e-07,0.9199994251163899,0.07748683466899436,0.0025131653310056005,1930,0.9199994251163899,0.8425125904473956
1938/5.html,1938,NLR,In the Matter of An Application By Perera.A.A. For A Writ of Quo Warranto To Set the Election of the Chairman of the Urban District Council - NLR - 409 of 39 [1938] LKSC 5; (1938) 39 NLR 409 (18 March 1938),dense_br_nlr,0.92,0.0,0.92,0.077014,0.002986,12,10867,70,5.833333,6.44152,1,0.083333,0.092022,9,7,True,False,True,False,False,3.69341768724496e-09,0.9199999963065824,0.07701386338587268,0.0029861366141272767,1930,0.9199999963065824,0.8429861329207097
1938/6.html,1938,NLR,Carson &Co. v. Hulme-King - NLR - 102 of 40 [1938] LKSC 6; (1938) 40 NLR 102 (27 May 1938),dense_br_nlr,0.919999,1e-06,0.919999,0.077908,0.002092,17,17520,76,4.470588,4.3379,1,0.058824,0.057078,13,7,True,False,False,True,True,8.605152112384219e-07,0.9199991394847888,0.07790847240238764,0.0020915275976123157,1930,0.9199991394847888,0.8420906670824012
1938/7.html,1938,NLR,De Silva v. Schokman - NLR - 97 of 41 [1938] LKSC 7; (1938) 41 NLR 97 (7 October 1938),dense_br_nlr,0.919994,6e-06,0.919994,0.079121,0.000879,14,23186,56,4.0,2.415251,0,0.0,0.0,18,41,True,False,True,False,False,5.652640634030704e-06,0.919994347359366,0.0791210445895525,0.000878955410447454,1930,0.919994347359366,0.8408733027698135
1938/8.html,1938,NLR,Mohamed Mustapha v. Ibrahim Alim - NLR - 478 of 40 [1938] LKSC 8; (1938) 40 NLR 478 (12 October 1938),dense_br_nlr,0.903453,0.016547,0.903453,0.076206,0.003794,10,4324,20,2.0,4.625347,1,0.1,0.231267,10,13,False,False,True,True,True,0.016547313165124224,0.9034526868348758,0.07620593014579462,0.003794069854205342,1930,0.9034526868348758,0.8272467566890812
1938/9.html,1938,NLR,"Cadija Umma, I.L.M and Another v. Don Manis Appu, S. and Others - NLR - 392 of 40 [1938] LKSC 9; (1938) 40 NLR 392 (17 November 1938)",dense_br_nlr,0.919934,6.6e-05,0.919934,0.077278,0.002722,13,13407,44,3.384615,3.281868,1,0.076923,0.074588,12,18,True,False,False,True,True,6.626069752681207e-05,0.9199337393024732,0.07727829603884145,0.0027217039611585133,1930,0.9199337393024732,0.8426554432636317
1939/1.html,1939,NLR,Jayawardene v. Jayawardene Et Al. - NLR - 467 of 40 [1939] LKSC 1; (1939) 40 NLR 467 (24 February 1939),dense_br_nlr,0.92,0.0,0.92,0.076206,0.003794,20,22744,132,6.6,5.803728,2,0.1,0.087935,14,39,True,False,False,True,False,1.7202485658174284e-10,0.9199999998279752,0.07620593014579462,0.003794069854205342,1930,0.9199999998279752,0.8437940696821806
1939/2.html,1939,NLR,The Fiscal (C. P.) v. Nalliappa Chettiar - NLR - 328 of 41 [1939] LKSC 2; (1939) 41 NLR 328 (23 November 1939),dense_br_nlr,0.919999,1e-06,0.919999,0.079121,0.000879,7,5836,32,4.571429,5.483208,0,0.0,0.0,14,13,True,False,False,True,True,5.748836101426846e-07,0.9199994251163899,0.0791210445895525,0.000878955410447454,1930,0.9199994251163899,0.8408783805268374
1939/3.html,1939,NLR,Chelvanayagam v. Commissioner of Income Tax - NLR - 439 of 40 [1939] LKSC 3; (1939) 40 NLR 439 (30 March 1939),dense_br_nlr,0.919999,1e-06,0.919999,0.022238,0.057762,11,6957,50,4.545455,7.187006,4,0.363636,0.57496,13,28,True,False,True,True,True,6.378247344818177e-07,0.9199993621752656,0.022237816680508515,0.05776218331949144,1930,0.9199993621752656,0.8622371788557741
1939/4.html,1939,NLR,Craib v. Commissioner of Income Tax - NLR - 337 of 40 [1939] LKSC 4; (1939) 40 NLR 337 (27 March 1939),dense_br_nlr,0.92,0.0,0.92,0.062674,0.017326,14,11267,70,5.0,6.212834,3,0.214286,0.266264,13,42,True,False,True,True,False,1.0353234911164577e-07,0.9199998964676509,0.06267361416501543,0.01732638583498452,1930,0.9199998964676509,0.8573262823026355
1939/5.html,1939,NLR,Thornhill v. Commissioner of Income Tax - NLR - 313 of 40 [1939] LKSC 5; (1939) 40 NLR 313 (23 March 1939),dense_br_nlr,0.92,0.0,0.92,0.065406,0.014594,15,14294,77,5.133333,5.386876,3,0.2,0.209878,14,27,True,False,True,True,True,6.073694492680915e-08,0.9199999392630551,0.06540595809549146,0.014594041904508505,1930,0.9199999392630551,0.8545939811675637
1939/6.html,1939,NLR,Wickremesinghe v. Abeygunewardene - NLR - 211 of 41 [1939] LKSC 6; (1939) 41 NLR 211 (23 November 1939),dense_br_nlr,0.92,0.0,0.92,0.079121,0.000879,12,21564,82,6.833333,3.802634,0,0.0,0.0,15,32,True,False,True,False,False,6.764725668517713e-11,0.9199999999323528,0.0791210445895525,0.000878955410447454,1930,0.9199999999323528,0.8408789553428003
1939/7.html,1939,NLR,Wijeykoon v. Rajapakse - NLR - 361 of 40 [1939] LKSC 7; (1939) 40 NLR 361 (17 April 1939),dense_br_nlr,0.919998,2e-06,0.919998,0.068384,0.011616,11,7927,47,4.272727,5.929103,2,0.181818,0.252302,10,22,True,False,True,False,False,1.8987938810610673e-06,0.919998101206119,0.06838374758300499,0.011616252416994977,1930,0.919998101206119,0.851614353623114
1939/8.html,1939,NLR,Cooray v. Karuppaia - NLR - 433 of 40 [1939] LKSC 8; (1939) 40 NLR 433 (12 June 1939),dense_br_nlr,0.92,0.0,0.92,0.071965,0.008035,13,12294,71,5.461538,5.775175,2,0.153846,0.162681,10,31,True,False,True,False,True,1.6341897555172127e-08,0.9199999836581025,0.0719645454168242,0.008035454583175764,1930,0.9199999836581025,0.8480354382412784
1940/1.html,1940,NLR,"The Bank of Chettinad , Ltd. v. The Commissioner of Income Tax - NLR - 409 of 49 [1940] LKSC 1; (1940) 49 NLR 409 (31 March 1940)",dense_br_nlr,0.92,0.0,0.92,0.077655,0.002345,15,14893,80,5.333333,5.371651,1,0.066667,0.067146,14,6,True,False,False,True,True,2.7290869510920858e-08,0.9199999727091305,0.07765501015865511,0.002344989841344842,1940,0.9199999727091305,0.8423449625504753
1940/10.html,1940,NLR,Fernando v. Aponsu - NLR - 106 of 42 [1940] LKSC 10; (1940) 42 NLR 106 (31 October 1940),paragraph_nlr,0.896792,0.896792,0.023208,0.079121,0.000879,81,30600,7,0.08642,0.228758,0,0.0,0.0,24,35,True,False,True,False,True,0.8967918438067662,0.02320815619323385,0.0791210445895525,0.000878955410447454,1940,0.8967918438067662,0.8176707992172138
1940/11.html,1940,NLR,Muthuweeran v. Superintendent - NLR - 269 of 41 [1940] LKSC 11; (1940) 41 NLR 269 (15 March 1940),dense_br_nlr,0.826717,0.093283,0.826717,0.079121,0.000879,11,8292,17,1.545455,2.050169,0,0.0,0.0,12,14,True,False,True,False,False,0.09328338160503545,0.8267166183949646,0.0791210445895525,0.000878955410447454,1940,0.8267166183949646,0.7334332367899291
1940/12.html,1940,NLR,Perera v. Brown & Company - NLR - 446 of 41 [1940] LKSC 12; (1940) 41 NLR 446 (15 April 1940),paragraph_nlr,0.897636,0.897636,0.022364,0.079121,0.000879,26,13024,2,0.076923,0.153563,0,0.0,0.0,11,17,True,False,True,False,True,0.8976359101489995,0.022364089851000583,0.0791210445895525,0.000878955410447454,1940,0.8976359101489995,0.818514865559447
1940/2.html,1940,NLR,Sumangala Maha Nayake Thero Et Al. v. The Registrar General - NLR - 251 of 42 [1940] LKSC 2; (1940) 42 NLR 251 (20 June 1940),paragraph_nlr,0.895909,0.895909,0.024091,0.079121,0.000879,125,45888,12,0.096,0.261506,0,0.0,0.0,30,96,True,False,True,False,False,0.8959089878346985,0.024091012165301552,0.0791210445895525,0.000878955410447454,1940,0.8959089878346985,0.816787943245146
1940/3.html,1940,NLR,Zahira v. Cooray - NLR - 263 of 42 [1940] LKSC 3; (1940) 42 NLR 263 (15 May 1940),paragraph_nlr,0.896856,0.896856,0.023144,0.079121,0.000879,35,11144,3,0.085714,0.269203,0,0.0,0.0,15,17,True,False,True,True,False,0.8968556447310051,0.023144355268994974,0.0791210445895525,0.000878955410447454,1940,0.8968556447310051,0.8177346001414526
1940/4.html,1940,NLR,Anujee Et Al. v. Lewis Et Al. - NLR - 392 of 41 [1940] LKSC 4; (1940) 41 NLR 392 (6 March 1940),dense_br_nlr,0.918474,0.001526,0.918474,0.079121,0.000879,20,41680,52,2.6,1.247601,0,0.0,0.0,17,100,True,False,True,True,True,0.0015260969937605086,0.9184739030062395,0.0791210445895525,0.000878955410447454,1940,0.9184739030062395,0.839352858416687
1940/5.html,1940,NLR,In Re Part Cargo Ex M v. 'Maro Y' - NLR - 157 of 42 [1940] LKSC 5; (1940) 42 NLR 157 (14 October 1940),paragraph_nlr,0.896119,0.896119,0.023881,0.079121,0.000879,96,41636,9,0.09375,0.216159,0,0.0,0.0,31,57,True,False,False,True,True,0.8961192313780268,0.023880768621973105,0.0791210445895525,0.000878955410447454,1940,0.8961192313780268,0.8169981867884744
1940/6.html,1940,NLR,Public Service Mutual Provident Association v. Commissioner of Income Tax - NLR - 489 of 41 [1940] LKSC 6; (1940) 41 NLR 489 (25 April 1940),paragraph_nlr,0.898659,0.898659,0.021341,0.079121,0.000879,77,58936,5,0.064935,0.084838,0,0.0,0.0,23,114,True,False,True,True,True,0.8986587175971731,0.02134128240282694,0.0791210445895525,0.000878955410447454,1940,0.8986587175971731,0.8195376730076206
1940/7.html,1940,NLR,Police Sergeant Kulatunga v. Mudalihamy Et Al. - NLR - 33 of 42 [1940] LKSC 7; (1940) 42 NLR 33 (6 September 1940),paragraph_nlr,0.902129,0.902129,0.017871,0.079121,0.000879,51,19120,1,0.019608,0.052301,0,0.0,0.0,20,23,False,False,True,True,True,0.9021288205891229,0.01787117941087715,0.0791210445895525,0.000878955410447454,1940,0.9021288205891229,0.8230077759995704
1940/8.html,1940,NLR,"Dankluwa Tea Estates, Ltd. v. The Tea Controller - NLR - 36 of 42 [1940] LKSC 8; (1940) 42 NLR 36 (12 September 1940)",paragraph_nlr,0.898795,0.898795,0.021205,0.079121,0.000879,79,28686,5,0.063291,0.174301,0,0.0,0.0,20,28,True,False,True,False,True,0.8987953734196626,0.021204626580337324,0.0791210445895525,0.000878955410447454,1940,0.8987953734196626,0.8196743288301102
1940/9.html,1940,NLR,Perera v. Nadar - NLR - 221 of 41 [1940] LKSC 9; (1940) 41 NLR 221 (20 February 1940),dense_br_nlr,0.919988,1.2e-05,0.919988,0.079121,0.000879,11,12086,42,3.818182,3.475095,0,0.0,0.0,13,21,False,False,True,False,True,1.1697653125302132e-05,0.9199883023468748,0.0791210445895525,0.000878955410447454,1940,0.9199883023468748,0.8408672577573223
1941/1.html,1941,NLR,Inspector of Police v. Kanapathypillai - NLR - 368 of 42 [1941] LKSC 1; (1941) 42 NLR 368 (10 July 1941),paragraph_nlr,0.900642,0.900642,0.019358,0.079121,0.000879,50,8027,2,0.04,0.249159,0,0.0,0.0,17,17,True,False,True,True,False,0.9006419607411693,0.01935803925883082,0.0791210445895525,0.000878955410447454,1940,0.9006419607411693,0.8215209161516168
1941/10.html,1941,NLR,Abeywickreme v. Commissioner of Motor Transport - NLR - 208 of 44 [1941] LKSC 10; (1941) 44 NLR 208 (17 December 1941),dense_br_nlr,0.919691,0.000309,0.919691,0.079121,0.000879,11,8682,33,3.0,3.800968,0,0.0,0.0,8,4,False,False,True,False,True,0.0003085221200290622,0.919691477879971,0.0791210445895525,0.000878955410447454,1940,0.919691477879971,0.8405704332904185
1941/11.html,1941,NLR,Fernando v. The Commissioner of Motor Transport - NLR - 364 of 42 [1941] LKSC 11; (1941) 42 NLR 364 (24 June 1941),paragraph_nlr,0.900327,0.900327,0.019673,0.079121,0.000879,68,12077,3,0.044118,0.248406,0,0.0,0.0,23,18,False,False,True,False,False,0.9003273293395178,0.01967267066048223,0.0791210445895525,0.000878955410447454,1940,0.9003273293395178,0.8212062847499653
1941/12.html,1941,NLR,Umma Saidu v. Hasim Marikar - NLR - 165 of 43 [1941] LKSC 12; (1941) 43 NLR 165 (16 September 1941),dense_br_nlr,0.919969,3.1e-05,0.919969,0.079121,0.000879,7,3105,25,3.571429,8.05153,0,0.0,0.0,7,5,False,False,False,False,True,3.138653039760353e-05,0.9199686134696025,0.0791210445895525,0.000878955410447454,1940,0.9199686134696025,0.84084756888005
1941/13.html,1941,NLR,Sellasamy v. Kaliamma - NLR - 457 of 42 [1941] LKSC 13; (1941) 42 NLR 457 (11 September 1941),paragraph_nlr,0.896964,0.896964,0.023036,0.079121,0.000879,71,7203,6,0.084507,0.832986,0,0.0,0.0,24,52,True,False,True,True,True,0.896964325255701,0.023035674744299014,0.0791210445895525,0.000878955410447454,1940,0.896964325255701,0.8178432806661485
1941/14.html,1941,NLR,"The Associated Newspapers of Ceylon, Ltd. v. Commissioner of Stamps - NLR - 241 of 42 [1941] LKSC 14; (1941) 42 NLR 241 (14 February 1941)",paragraph_nlr,0.898728,0.898728,0.021272,0.079121,0.000879,78,21882,5,0.064103,0.228498,0,0.0,0.0,23,24,True,False,True,True,True,0.898727983867266,0.021272016132733985,0.0791210445895525,0.000878955410447454,1940,0.898727983867266,0.8196069392777136
1941/15.html,1941,NLR,In Re Gunathilake - NLR - 276 of 42 [1941] LKSC 15; (1941) 42 NLR 276 (25 March 1941),paragraph_nlr,0.899605,0.899605,0.020395,0.079121,0.000879,75,16588,4,0.053333,0.241138,0,0.0,0.0,11,12,True,False,True,False,False,0.8996050397794946,0.020394960220505538,0.0791210445895525,0.000878955410447454,1940,0.8996050397794946,0.8204839951899421
1941/16.html,1941,NLR,Bartleet and Company v. Ismail Lebbe Marikar Ebrahim Lebbe Marikar - NLR - 225 of 43 [1941] LKSC 16; (1941) 43 NLR 225 (5 December 1941),dense_br_nlr,0.916319,0.003681,0.916319,0.079121,0.000879,29,9419,69,2.37931,7.325618,0,0.0,0.0,10,3,True,False,False,False,True,0.0036807804075596096,0.9163192195924404,0.0791210445895525,0.000878955410447454,1940,0.9163192195924404,0.837198175002888
1941/17.html,1941,NLR,"Sirisena, J.A. v. Kelaart - NLR - 550 of 42 [1941] LKSC 17; (1941) 42 NLR 550 (29 August 1941)",paragraph_nlr,0.900224,0.900224,0.019776,0.079121,0.000879,44,3308,2,0.045455,0.604595,0,0.0,0.0,16,7,True,False,True,False,False,0.9002241056562251,0.019775894343774914,0.0791210445895525,0.000878955410447454,1940,0.9002241056562251,0.8211030610666726
1941/2.html,1941,NLR,Joseph v. Commissioner of Stamps - NLR - 449 of 42 [1941] LKSC 2; (1941) 42 NLR 449 (5 February 1941),paragraph_nlr,0.889268,0.889268,0.030732,0.079121,0.000879,63,10131,10,0.15873,0.987069,0,0.0,0.0,26,67,True,False,True,True,True,0.889267578317068,0.030732421682931985,0.0791210445895525,0.000878955410447454,1940,0.889267578317068,0.8101465337275155
1941/3.html,1941,NLR,King v. Kotalawala - NLR - 265 of 42 [1941] LKSC 3; (1941) 42 NLR 265 (2 April 1941),paragraph_nlr,0.881398,0.881398,0.038602,0.079121,0.000879,78,25432,17,0.217949,0.668449,0,0.0,0.0,36,44,False,False,True,False,True,0.881397955817654,0.03860204418234601,0.0791210445895525,0.000878955410447454,1940,0.881397955817654,0.8022769112281015
1941/4.html,1941,NLR,Piyadasa v. Goonesinha - NLR - 36 of 43 [1941] LKSC 4; (1941) 43 NLR 36 (3 September 1941),dense_br_nlr,0.92,0.0,0.92,0.077908,0.002092,17,20064,86,5.058824,4.286284,1,0.058824,0.049841,12,4,True,False,True,False,False,8.18254352408232e-08,0.9199999181745648,0.07790847240238764,0.0020915275976123157,1940,0.9199999181745648,0.8420914457721772
1941/5.html,1941,NLR,"Dr. Saravanamuttu, R. v. Joseph De Silva - NLR - 561 of 42 [1941] LKSC 5; (1941) 42 NLR 561 (19 May 1941)",paragraph_nlr,0.901026,0.901026,0.018974,0.079121,0.000879,172,31862,6,0.034884,0.188312,0,0.0,0.0,34,71,True,False,True,True,False,0.9010259908378614,0.018974009162138677,0.0791210445895525,0.000878955410447454,1940,0.9010259908378614,0.8219049462483089
1941/6.html,1941,NLR,"Dr. Sravanamuttu, R. v. Joesph De Silva, M. - NLR - 294 of 43 [1941] LKSC 6; (1941) 43 NLR 294 (26 April 1941)",dense_br_nlr,0.919997,3e-06,0.919997,0.079121,0.000879,77,119581,319,4.142857,2.667648,0,0.0,0.0,44,3,True,False,False,True,False,3.192158964622216e-06,0.9199968078410354,0.0791210445895525,0.000878955410447454,1940,0.9199968078410354,0.8408757632514829
1941/7.html,1941,NLR,Saravanamuttu v. De Silva - NLR - 77 of 43 [1941] LKSC 7; (1941) 43 NLR 77 (3 November 1941),dense_br_nlr,0.919993,7e-06,0.919993,0.079121,0.000879,19,20832,75,3.947368,3.60023,0,0.0,0.0,12,7,False,False,True,False,True,6.97721168628096e-06,0.9199930227883137,0.0791210445895525,0.000878955410447454,1940,0.9199930227883137,0.8408719781987612
1941/8.html,1941,NLR,Samarasinghe v. Simon Et Al. - NLR - 129 of 43 [1941] LKSC 8; (1941) 43 NLR 129 (11 December 1941),dense_br_nlr,0.919998,2e-06,0.919998,0.079121,0.000879,31,39040,133,4.290323,3.406762,0,0.0,0.0,18,4,False,False,True,True,False,1.7697442158937095e-06,0.9199982302557842,0.0791210445895525,0.000878955410447454,1940,0.9199982302557842,0.8408771856662317
1941/9.html,1941,NLR,"The Ceylon Investments Co., Ltd. v. The Commissioner of Income Tax - NLR - 1 of 43 [1941] LKSC 9; (1941) 43 NLR 1 (18 September 1941)",dense_br_nlr,0.92,0.0,0.92,0.079121,0.000879,52,75132,264,5.076923,3.513816,0,0.0,0.0,34,3,True,True,True,True,True,7.611095014681269e-08,0.9199999238890499,0.0791210445895525,0.000878955410447454,1940,0.9199999238890499,0.8408788792994975
1942/1.html,1942,NLR,Gnanamuttu v. Chairman - NLR - 366 of 43 [1942] LKSC 1; (1942) 43 NLR 366 (27 May 1942),dense_br_nlr,0.919938,6.2e-05,0.919938,0.079121,0.000879,35,47770,119,3.4,2.491103,0,0.0,0.0,20,3,True,False,True,False,True,6.230621765006995e-05,0.91993769378235,0.0791210445895525,0.000878955410447454,1940,0.91993769378235,0.8408166491927975
1942/2.html,1942,NLR,Ameer Noor Amith v. Major Kumaranayagam Et Al. - NLR - 229 of 43 [1942] LKSC 2; (1942) 43 NLR 229 (11 February 1942),dense_br_nlr,0.919519,0.000481,0.919519,0.079121,0.000879,9,3888,26,2.888889,6.687243,0,0.0,0.0,8,5,True,False,True,False,True,0.00048108784851718327,0.9195189121514828,0.0791210445895525,0.000878955410447454,1940,0.9195189121514828,0.8403978675619304
1942/3.html,1942,NLR,Jeelin Silva v. Kularatne - NLR - 21 of 44 [1942] LKSC 3; (1942) 44 NLR 21 (25 August 1942),dense_br_nlr,0.919691,0.000309,0.919691,0.075556,0.004444,9,4095,27,3.0,6.593407,1,0.111111,0.2442,8,5,True,False,True,False,True,0.0003085221200290622,0.919691477879971,0.07555606618252449,0.004443933817475475,1940,0.919691477879971,0.8441354116974464
1942/4.html,1942,NLR,In the Matter of the By Election For the Colombo North Electorate Held On April - NLR - 243 of 43 [1942] LKSC 4; (1942) 43 NLR 243 (18 March 1942),dense_br_nlr,0.92,0.0,0.92,0.079121,0.000879,24,32427,113,4.708333,3.48475,0,0.0,0.0,16,6,True,True,False,True,False,3.324707434959606e-07,0.9199996675292565,0.0791210445895525,0.000878955410447454,1940,0.9199996675292565,0.8408786229397041
1942/5.html,1942,NLR,Dias v. Jake Nona - NLR - 239 of 44 [1942] LKSC 5; (1942) 44 NLR 239 (24 November 1942),dense_br_nlr,0.918178,0.001822,0.918178,0.079121,0.000879,9,5416,23,2.555556,4.246677,0,0.0,0.0,9,6,True,False,True,False,True,0.0018224227754862988,0.9181775772245138,0.0791210445895525,0.000878955410447454,1940,0.9181775772245138,0.8390565326349613
1942/6.html,1942,NLR,Kelaart v. Piyadasa - NLR - 394 of 43 [1942] LKSC 6; (1942) 43 NLR 394 (2 June 1942),dense_br_nlr,0.919952,4.8e-05,0.919952,0.079121,0.000879,15,14465,52,3.466667,3.594884,0,0.0,0.0,10,6,True,False,True,True,True,4.772279064475082e-05,0.9199522772093552,0.0791210445895525,0.000878955410447454,1940,0.9199522772093552,0.8408312326198027
1942/7.html,1942,NLR,In the Matter of An Application For A Writ of Certiorari Under Section 42 of the Court-Ordinance - NLR - 337 of 43 [1942] LKSC 7; (1942) 43 NLR 337 (1 June 1942),dense_br_nlr,0.919978,2.2e-05,0.919978,0.079121,0.000879,29,32911,106,3.655172,3.220808,0,0.0,0.0,17,3,True,False,True,True,True,2.245282729064435e-05,0.9199775471727094,0.0791210445895525,0.000878955410447454,1940,0.9199775471727094,0.8408565025831569
1943/1.html,1943,NLR,Peiris v. De Silva - NLR - 144 of 45 [1943] LKSC 1; (1943) 45 NLR 144 (12 November 1943),dense_br_nlr,0.92,0.0,0.92,0.079121,0.000879,5,2046,25,5.0,12.218964,0,0.0,0.0,8,6,False,False,False,False,True,1.0353234911164577e-07,0.9199998964676509,0.0791210445895525,0.000878955410447454,1940,0.9199998964676509,0.8408788518780984
1943/10.html,1943,NLR,Blue Line Green Line Red Line v. The Commissioner of Transport. - NLR - 401 of 44 [1943] LKSC 10; (1943) 44 NLR 401 (15 June 1943),dense_br_nlr,0.91249,0.00751,0.91249,0.079121,0.000879,20,23793,44,2.2,1.849283,0,0.0,0.0,14,6,False,False,True,False,False,0.0075095654609070904,0.912490434539093,0.0791210445895525,0.000878955410447454,1940,0.912490434539093,0.8333693899495405
1943/11.html,1943,NLR,Ebert Silva Bus Service v. Colombo Omnibus Company - NLR - 568 of 44 [1943] LKSC 11; (1943) 44 NLR 568 (2 November 1943),dense_br_nlr,0.919773,0.000227,0.919773,0.079121,0.000879,13,11379,40,3.076923,3.515247,0,0.0,0.0,11,5,True,False,True,False,True,0.000226827624789836,0.9197731723752102,0.0791210445895525,0.000878955410447454,1940,0.9197731723752102,0.8406521277856577
1943/12.html,1943,NLR,"Galle Omnibus Co., Ltd. v. Commissioner of Motor Transport - NLR - 67 of 45 [1943] LKSC 12; (1943) 45 NLR 67 (15 December 1943)",dense_br_nlr,0.919986,1.4e-05,0.919986,0.079121,0.000879,9,3613,34,3.777778,9.410462,0,0.0,0.0,9,10,True,False,True,False,True,1.3749493730155216e-05,0.9199862505062699,0.0791210445895525,0.000878955410447454,1940,0.9199862505062699,0.8408652059167174
1943/13.html,1943,NLR,"Nagoda Omnibus Co., Ltd. v. Commissioner of Motor Transport - NLR - 71 of 45 [1943] LKSC 13; (1943) 45 NLR 71 (15 December 1943)",dense_br_nlr,0.919802,0.000198,0.919802,0.079121,0.000879,9,2930,28,3.111111,9.556314,0,0.0,0.0,9,9,False,False,True,False,True,0.00019784222705539369,0.9198021577729446,0.0791210445895525,0.000878955410447454,1940,0.9198021577729446,0.8406811131833921
1943/14.html,1943,NLR,North-Western Blue Line Company v. K. B. L. Perera - NLR - 352 of 44 [1943] LKSC 14; (1943) 44 NLR 352 (21 June 1943),dense_br_nlr,0.919999,1e-06,0.919999,0.07833,0.00167,23,26009,102,4.434783,3.921719,1,0.043478,0.038448,16,5,True,False,True,True,True,9.930203414132422e-07,0.9199990069796586,0.0783295469329291,0.0016704530670708726,1940,0.9199990069796586,0.8416694600467296
1943/15.html,1943,NLR,In Re A Proctor. - NLR - 558 of 44 [1943] LKSC 15; (1943) 44 NLR 558 (4 November 1943),dense_br_nlr,0.919994,6e-06,0.919994,0.079121,0.000879,8,5306,32,4.0,6.030908,0,0.0,0.0,9,4,True,False,True,True,False,5.652640634030704e-06,0.919994347359366,0.0791210445895525,0.000878955410447454,1940,0.919994347359366,0.8408733027698135
1943/16.html,1943,NLR,De Silva and Mendis v. Commissioner of Stamps - NLR - 462 of 44 [1943] LKSC 16; (1943) 44 NLR 462 (2 September 1943),dense_br_nlr,0.919979,2.1e-05,0.919979,0.079121,0.000879,12,6552,44,3.666667,6.715507,0,0.0,0.0,12,5,True,False,True,True,True,2.1443844622899278e-05,0.9199785561553772,0.0791210445895525,0.000878955410447454,1940,0.9199785561553772,0.8408575115658247
1943/17.html,1943,NLR,Rajakaruna v. A.G.A. - NLR - 53 of 45 [1943] LKSC 17; (1943) 45 NLR 53 (30 November 1943),dense_br_nlr,0.907777,0.012223,0.907777,0.079121,0.000879,13,5080,27,2.076923,5.314961,0,0.0,0.0,9,8,True,False,True,False,False,0.012222847204260373,0.9077771527957397,0.0791210445895525,0.000878955410447454,1940,0.9077771527957397,0.8286561082061872
1943/18.html,1943,NLR,Wijesekara v. Assistant Government Agent - NLR - 533 of 44 [1943] LKSC 18; (1943) 44 NLR 533 (13 March 1943),dense_br_nlr,0.919753,0.000247,0.919753,0.079121,0.000879,18,19020,55,3.055556,2.891693,0,0.0,0.0,12,5,True,False,True,False,False,0.00024706127137195114,0.9197529387286281,0.0791210445895525,0.000878955410447454,1940,0.9197529387286281,0.8406318941390756
1943/19.html,1943,NLR,Rahim v. Elisahamy - NLR - 485 of 44 [1943] LKSC 19; (1943) 44 NLR 485 (16 September 1943),dense_br_nlr,0.91991,9e-05,0.91991,0.079121,0.000879,13,8086,43,3.307692,5.317833,0,0.0,0.0,11,5,True,False,True,False,True,9.013089258847807e-05,0.9199098691074116,0.0791210445895525,0.000878955410447454,1940,0.9199098691074116,0.8407888245178591
1943/2.html,1943,NLR,Faiz Mohamed v. Elsie Fathumma - NLR - 574 of 44 [1943] LKSC 2; (1943) 44 NLR 574 (31 January 1943),dense_br_nlr,0.919987,1.3e-05,0.919987,0.079121,0.000879,5,2754,19,3.8,6.899056,0,0.0,0.0,6,4,False,False,False,False,True,1.2580088357818654e-05,0.9199874199116422,0.0791210445895525,0.000878955410447454,1940,0.9199874199116422,0.8408663753220897
1943/20.html,1943,NLR,Perera v. Kannangara - NLR - 29 of 45 [1943] LKSC 20; (1943) 45 NLR 29 (20 November 1943),dense_br_nlr,0.919997,3e-06,0.919997,0.079121,0.000879,16,15160,66,4.125,4.353562,0,0.0,0.0,10,7,True,False,False,False,False,3.428508141429809e-06,0.9199965714918587,0.0791210445895525,0.000878955410447454,1940,0.9199965714918587,0.8408755269023062
1943/21.html,1943,NLR,Noorden v. Chairman - NLR - 294 of 44 [1943] LKSC 21; (1943) 44 NLR 294 (28 May 1943),dense_br_nlr,0.919992,8e-06,0.919992,0.076669,0.003331,11,7126,43,3.909091,6.034241,1,0.090909,0.140331,9,5,True,False,True,False,False,8.131587023236797e-06,0.9199918684129768,0.07666944722808026,0.003330552771919697,1940,0.9199918684129768,0.8433224211848965
1943/22.html,1943,NLR,Ranasinghe v. Government Agent - NLR - 572 of 44 [1943] LKSC 22; (1943) 44 NLR 572 (10 November 1943),dense_br_nlr,0.919996,4e-06,0.919996,0.079121,0.000879,9,5555,37,4.111111,6.660666,0,0.0,0.0,7,6,True,False,True,False,False,3.6243719187023516e-06,0.9199963756280813,0.0791210445895525,0.000878955410447454,1940,0.9199963756280813,0.8408753310385289
1943/23.html,1943,NLR,Ranesinghe v. Mack - NLR - 526 of 44 [1943] LKSC 23; (1943) 44 NLR 526 (19 October 1943),dense_br_nlr,0.919362,0.000638,0.919362,0.079121,0.000879,11,6417,31,2.818182,4.830918,0,0.0,0.0,8,5,True,False,True,False,False,0.0006382352681930171,0.919361764731807,0.0791210445895525,0.000878955410447454,1940,0.919361764731807,0.8402407201422545
1943/24.html,1943,NLR,Fernando v. Peiris - NLR - 390 of 44 [1943] LKSC 24; (1943) 44 NLR 390 (6 August 1943),dense_br_nlr,0.91991,9e-05,0.91991,0.079121,0.000879,13,8321,43,3.307692,5.167648,0,0.0,0.0,9,5,True,False,True,False,False,9.013089258847807e-05,0.9199098691074116,0.0791210445895525,0.000878955410447454,1940,0.9199098691074116,0.8407888245178591
1943/3.html,1943,NLR,Todd v. Todd. - NLR - 497 of 44 [1943] LKSC 3; (1943) 44 NLR 497 (3 August 1943),dense_br_nlr,0.908842,0.011158,0.908842,0.079121,0.000879,10,3528,21,2.1,5.952381,0,0.0,0.0,7,3,False,False,True,False,False,0.011158160185532352,0.9088418398144676,0.0791210445895525,0.000878955410447454,1940,0.9088418398144676,0.8297207952249152
1943/4.html,1943,NLR,Costa v. Jayawardene - NLR - 341 of 44 [1943] LKSC 4; (1943) 44 NLR 341 (18 June 1943),dense_br_nlr,0.917442,0.002558,0.917442,0.079121,0.000879,17,15085,42,2.470588,2.784223,0,0.0,0.0,13,4,True,False,True,False,True,0.002558029742285464,0.9174419702577146,0.0791210445895525,0.000878955410447454,1940,0.9174419702577146,0.8383209256681621
1943/5.html,1943,NLR,Commissioner of Income Tax v. Chettinad Corporation Ltd. - NLR - 553 of 55 [1943] LKSC 5; (1943) 55 NLR 553 (15 April 1943),dense_br_nlr,0.919994,6e-06,0.919994,0.079121,0.000879,15,14004,60,4.0,4.28449,0,0.0,0.0,13,3,True,False,True,True,True,5.652640634030704e-06,0.919994347359366,0.0791210445895525,0.000878955410447454,1940,0.919994347359366,0.8408733027698135
1943/6.html,1943,NLR,Value v. Commissioner of Income Tax - NLR - 6 of 45 [1943] LKSC 6; (1943) 45 NLR 6 (25 November 1943),dense_br_nlr,0.92,0.0,0.92,0.079121,0.000879,15,13340,78,5.2,5.847076,0,0.0,0.0,10,8,True,False,True,False,False,4.652008606331748e-08,0.9199999534799139,0.0791210445895525,0.000878955410447454,1940,0.9199999534799139,0.8408789088903614
1943/7.html,1943,NLR,Ukkubanda Ambahera Et Al. v. Somawathie Kumarihamy - NLR - 457 of 44 [1943] LKSC 7; (1943) 44 NLR 457 (23 August 1943),dense_br_nlr,0.919983,1.7e-05,0.919983,0.079121,0.000879,11,7044,41,3.727273,5.820557,0,0.0,0.0,13,4,True,False,True,True,True,1.682757076182817e-05,0.9199831724292382,0.0791210445895525,0.000878955410447454,1940,0.9199831724292382,0.8408621278396857
1943/8.html,1943,NLR,"North Western Blue Line v. Perera, K.B.L. - NLR - 523 of 44 [1943] LKSC 8; (1943) 44 NLR 523 (16 June 1943)",dense_br_nlr,0.919931,6.9e-05,0.919931,0.079121,0.000879,8,3357,27,3.375,8.042895,0,0.0,0.0,9,5,True,False,False,False,False,6.88585293096855e-05,0.9199311414706903,0.0791210445895525,0.000878955410447454,1940,0.9199311414706903,0.8408100968811378
1943/9.html,1943,NLR,Joseph v. Kannangara - NLR - 63 of 45 [1943] LKSC 9; (1943) 45 NLR 63 (20 December 1943),dense_br_nlr,0.92,0.0,0.92,0.079121,0.000879,13,10527,70,5.384615,6.649568,0,0.0,0.0,10,7,True,False,True,False,False,2.2229588148015013e-08,0.9199999777704119,0.0791210445895525,0.000878955410447454,1940,0.9199999777704119,0.8408789331808594
1944/1.html,1944,NLR,Sellasamy v. Kaliamma Et Al. - NLR - 76 of 46 [1944] LKSC 1; (1944) 46 NLR 76 (27 November 1944),dense_br_nlr,0.916082,0.003918,0.916082,0.079121,0.000879,11,6106,26,2.363636,4.258107,0,0.0,0.0,10,4,True,False,True,False,True,0.003917924162282933,0.9160820758377171,0.0791210445895525,0.000878955410447454,1940,0.9160820758377171,0.8369610312481646
1944/10.html,1944,NLR,"Goonesinghe, A.E. v. The Mayor of Colombo - NLR - 85 of 46 [1944] LKSC 10; (1944) 46 NLR 85 (20 December 1944)",dense_br_nlr,0.919944,5.6e-05,0.919944,0.079121,0.000879,14,10798,48,3.428571,4.445268,0,0.0,0.0,10,5,True,False,True,True,True,5.55778386577055e-05,0.9199444221613423,0.0791210445895525,0.000878955410447454,1940,0.9199444221613423,0.8408233775717898
1944/11.html,1944,NLR,Abdeen v. Johara - NLR - 430 of 45 [1944] LKSC 11; (1944) 45 NLR 430 (17 July 1944),dense_br_nlr,0.880761,0.039239,0.880761,0.079121,0.000879,9,2281,16,1.777778,7.014467,0,0.0,0.0,9,8,True,False,True,False,True,0.039239118568878295,0.8807608814311217,0.0791210445895525,0.000878955410447454,1940,0.8807608814311217,0.8016398368415693
1944/12.html,1944,NLR,Goonesinha v. The Honourablr O.L. De Kretser - NLR - 107 of 46 [1944] LKSC 12; (1944) 46 NLR 107 (20 December 1944),dense_br_nlr,0.79152,0.12848,0.79152,0.079121,0.000879,11,6850,16,1.454545,2.335766,0,0.0,0.0,10,2,True,False,True,False,True,0.12848020972081464,0.7915197902791854,0.0791210445895525,0.000878955410447454,1940,0.7915197902791854,0.6630395805583708
1944/13.html,1944,NLR,Loxley v. Attorney General - NLR - 109 of 45 [1944] LKSC 13; (1944) 45 NLR 109 (1 February 1944),dense_br_nlr,0.919691,0.000309,0.919691,0.079121,0.000879,18,20586,54,3.0,2.623142,0,0.0,0.0,13,7,True,False,True,False,False,0.0003085221200290622,0.919691477879971,0.0791210445895525,0.000878955410447454,1940,0.919691477879971,0.8405704332904185
1944/14.html,1944,NLR,Wille v. Commissioner of Stamps - NLR - 113 of 46 [1944] LKSC 14; (1944) 46 NLR 113 (6 November 1944),dense_br_nlr,0.91925,0.00075,0.91925,0.079121,0.000879,9,5108,25,2.777778,4.894283,0,0.0,0.0,10,4,True,False,True,True,True,0.0007500960722439088,0.9192499039277562,0.0791210445895525,0.000878955410447454,1940,0.9192499039277562,0.8401288593382037
1944/15.html,1944,NLR,De Costa v. Assistant Government Agent - NLR - 476 of 45 [1944] LKSC 15; (1944) 45 NLR 476 (17 July 1944),dense_br_nlr,0.919691,0.000309,0.919691,0.079121,0.000879,9,4086,27,3.0,6.60793,0,0.0,0.0,7,6,False,False,True,False,False,0.0003085221200290622,0.919691477879971,0.0791210445895525,0.000878955410447454,1940,0.919691477879971,0.8405704332904185
1944/16.html,1944,NLR,Karunaratne Banda v. Aladin - NLR - 340 of 45 [1944] LKSC 16; (1944) 45 NLR 340 (26 June 1944),dense_br_nlr,0.919999,1e-06,0.919999,0.079121,0.000879,17,18740,77,4.529412,4.108858,0,0.0,0.0,14,7,True,False,False,True,False,6.800970366249715e-07,0.9199993199029635,0.0791210445895525,0.000878955410447454,1940,0.9199993199029635,0.840878275313411
1944/17.html,1944,NLR,"Weerasekere Mudiyanselagey Kiri Banda,Et Al. v. Government Agent - NLR - 15 of 46 [1944] LKSC 17; (1944) 46 NLR 15 (27 November 1944)",dense_br_nlr,0.919756,0.000244,0.919756,0.079121,0.000879,17,17070,52,3.058824,3.04628,0,0.0,0.0,11,6,True,False,True,False,False,0.0002438535537797515,0.9197561464462203,0.0791210445895525,0.000878955410447454,1940,0.9197561464462203,0.8406351018566678
1944/18.html,1944,NLR,Sansoni v. The Commissioner For Workmen'S Compensation - NLR - 239 of 45 [1944] LKSC 18; (1944) 45 NLR 239 (3 May 1944),dense_br_nlr,0.919969,3.1e-05,0.919969,0.079121,0.000879,7,3005,25,3.571429,8.319468,0,0.0,0.0,8,5,False,False,True,False,False,3.138653039760353e-05,0.9199686134696025,0.0791210445895525,0.000878955410447454,1940,0.9199686134696025,0.84084756888005
1944/19.html,1944,NLR,Wadugodapitiya v. Ismail - NLR - 304 of 45 [1944] LKSC 19; (1944) 45 NLR 304 (5 April 1944),dense_br_nlr,0.913124,0.006876,0.913124,0.079121,0.000879,9,3284,20,2.222222,6.090134,0,0.0,0.0,7,6,True,False,True,False,False,0.006875635574375827,0.9131243644256242,0.0791210445895525,0.000878955410447454,1940,0.9131243644256242,0.8340033198360717
1944/2.html,1944,NLR,Wijesekera v. The Assistant Government Agent - NLR - 429 of 45 [1944] LKSC 2; (1944) 45 NLR 429 (10 July 1944),dense_br_nlr,0.918831,0.001169,0.918831,0.079121,0.000879,9,3901,24,2.666667,6.152269,0,0.0,0.0,7,5,False,False,True,False,True,0.0011693334049041714,0.9188306665950958,0.0791210445895525,0.000878955410447454,1940,0.9188306665950958,0.8397096220055433
1944/3.html,1944,NLR,Dahanayake v. Pieris - NLR - 385 of 45 [1944] LKSC 3; (1944) 45 NLR 385 (20 July 1944),dense_br_nlr,0.916186,0.003814,0.916186,0.079121,0.000879,27,33614,64,2.37037,1.903969,0,0.0,0.0,18,8,True,False,True,True,False,0.0038142312925483605,0.9161857687074517,0.0791210445895525,0.000878955410447454,1940,0.9161857687074517,0.8370647241178992
1944/4.html,1944,NLR,Mihular v. Nalliah - NLR - 318 of 45 [1944] LKSC 4; (1944) 45 NLR 318 (5 June 1944),dense_br_nlr,0.919353,0.000647,0.919353,0.079121,0.000879,27,33198,76,2.814815,2.289295,0,0.0,0.0,17,8,True,False,False,True,True,0.0006468830804725778,0.9193531169195275,0.0791210445895525,0.000878955410447454,1940,0.9193531169195275,0.840232072329975
1944/5.html,1944,NLR,Mohamed Mihular v. Nalliah - NLR - 251 of 45 [1944] LKSC 5; (1944) 45 NLR 251 (22 March 1944),dense_br_nlr,0.919999,1e-06,0.919999,0.079121,0.000879,12,9398,53,4.416667,5.639498,0,0.0,0.0,9,6,True,False,True,False,False,1.0676498046269244e-06,0.9199989323501954,0.0791210445895525,0.000878955410447454,1940,0.9199989323501954,0.8408778877606429
1944/6.html,1944,NLR,"Rutnam v. Dingiri Banda, M. - NLR - 145 of 45 [1944] LKSC 6; (1944) 45 NLR 145 (10 March 1944)",dense_br_nlr,0.92,0.0,0.92,0.079121,0.000879,27,34665,152,5.62963,4.384826,0,0.0,0.0,14,8,True,False,True,False,False,8.342510784409285e-09,0.9199999916574892,0.0791210445895525,0.000878955410447454,1940,0.9199999916574892,0.8408789470679368
1944/7.html,1944,NLR,Meera Saibo Ahamado Nordeen v. Meera Saibo Mohamed Badurdeen - NLR - 203 of 45 [1944] LKSC 7; (1944) 45 NLR 203 (27 January 1944),dense_br_nlr,0.92,0.0,0.92,0.079121,0.000879,21,21369,116,5.52381,5.428424,0,0.0,0.0,13,4,True,False,False,True,True,1.273869496998259e-08,0.919999987261305,0.0791210445895525,0.000878955410447454,1940,0.919999987261305,0.8408789426717526
1944/8.html,1944,NLR,Dias v. Commissioner of Income Tax - NLR - 361 of 45 [1944] LKSC 8; (1944) 45 NLR 361 (18 June 1944),dense_br_nlr,0.919993,7e-06,0.919993,0.079121,0.000879,16,13619,63,3.9375,4.62589,0,0.0,0.0,12,7,True,False,True,True,True,7.258121579316601e-06,0.9199927418784207,0.0791210445895525,0.000878955410447454,1940,0.9199927418784207,0.8408716972888682
1944/9.html,1944,NLR,"Ayed, A.L. v. Ayed - NLR - 56 of 46 [1944] LKSC 9; (1944) 46 NLR 56 (31 December 1944)",dense_br_nlr,0.919972,2.8e-05,0.919972,0.079121,0.000879,10,5173,36,3.6,6.959211,0,0.0,0.0,9,6,True,False,True,False,True,2.799703234858342e-05,0.9199720029676515,0.0791210445895525,0.000878955410447454,1940,0.9199720029676515,0.840850958378099
1945/1.html,1945,NLR,Karunapejjalage Bilindi Et Al v. Wellawa Attadassi Thero - NLR - 7 of 47 [1945] LKSC 1; (1945) 47 NLR 7 (19 November 1945),dense_br_nlr,0.918976,0.001024,0.918976,0.079121,0.000879,10,7466,27,2.7,3.616394,0,0.0,0.0,9,13,True,False,False,False,True,0.001023533150231395,0.9189764668497686,0.0791210445895525,0.000878955410447454,1940,0.9189764668497686,0.8398554222602161
1945/10.html,1945,NLR,Blanche Anley v. Herbert Bois - NLR - 464 of 46 [1945] LKSC 10; (1945) 46 NLR 464 (26 October 1945),dense_br_nlr,0.919976,2.4e-05,0.919976,0.079121,0.000879,11,11043,40,3.636364,3.622204,0,0.0,0.0,11,3,False,False,False,True,True,2.4207115929244517e-05,0.9199757928840708,0.0791210445895525,0.000878955410447454,1940,0.9199757928840708,0.8408547482945183
1945/11.html,1945,NLR,Wooldridge v. Wooldridge - NLR - 516 of 46 [1945] LKSC 11; (1945) 46 NLR 516 (15 November 1945),dense_br_nlr,0.92,0.0,0.92,0.079121,0.000879,9,8408,44,4.888889,5.233111,0,0.0,0.0,10,5,False,False,False,False,False,1.6147140253774951e-07,0.9199998385285975,0.0791210445895525,0.000878955410447454,1940,0.9199998385285975,0.840878793939045
1945/12.html,1945,NLR,Ravanna Mana Eyanna & Co. v. The Commissioner of Income Tax - NLR - 121 of 46 [1945] LKSC 12; (1945) 46 NLR 121 (20 February 1945),dense_br_nlr,0.919999,1e-06,0.919999,0.079121,0.000879,16,14841,73,4.5625,4.918806,0,0.0,0.0,14,4,True,False,False,True,True,5.95787214474619e-07,0.9199994042127856,0.0791210445895525,0.000878955410447454,1940,0.9199994042127856,0.8408783596232331
1945/13.html,1945,NLR,Wignarajah v. Commissioner of Income Tax - NLR - 289 of 46 [1945] LKSC 13; (1945) 46 NLR 289 (22 June 1945),dense_br_nlr,0.919994,6e-06,0.919994,0.079121,0.000879,15,15398,60,4.0,3.89661,0,0.0,0.0,13,4,True,False,True,True,True,5.652640634030704e-06,0.919994347359366,0.0791210445895525,0.000878955410447454,1940,0.919994347359366,0.8408733027698135
1945/14.html,1945,NLR,Carron v. The Governmenr Agent - NLR - 237 of 46 [1945] LKSC 14; (1945) 46 NLR 237 (30 May 1945),dense_br_nlr,0.919999,1e-06,0.919999,0.079121,0.000879,11,7476,49,4.454545,6.554307,0,0.0,0.0,8,5,True,False,True,False,False,9.175464732402716e-07,0.9199990824535268,0.0791210445895525,0.000878955410447454,1940,0.9199990824535268,0.8408780378639743
1945/15.html,1945,NLR,Commissionerof Motor Transport v. High Level Road Bus Company - NLR - 502 of 46 [1945] LKSC 15; (1945) 46 NLR 502 (14 November 1945),dense_br_nlr,0.919972,2.8e-05,0.919972,0.079121,0.000879,10,5514,36,3.6,6.528836,0,0.0,0.0,10,6,False,False,True,False,True,2.799703234858342e-05,0.9199720029676515,0.0791210445895525,0.000878955410447454,1940,0.9199720029676515,0.840850958378099
1945/16.html,1945,NLR,In the Matter of An Application By W.P.A. Wickeremesinghe To Be Restored To the Roll of Proctors. - NLR - 204 of 46 [1945] LKSC 16; (1945) 46 NLR 204 (5 March 1945),dense_br_nlr,0.919999,1e-06,0.919999,0.079121,0.000879,15,14265,69,4.6,4.837014,0,0.0,0.0,10,3,True,False,True,True,True,5.127988538689011e-07,0.9199994872011462,0.0791210445895525,0.000878955410447454,1940,0.9199994872011462,0.8408784426115937
1945/17.html,1945,NLR,Mendias Appu v. Hendrick Singho - NLR - 126 of 46 [1945] LKSC 17; (1945) 46 NLR 126 (6 March 1945),dense_br_nlr,0.919992,8e-06,0.919992,0.079121,0.000879,11,7007,43,3.909091,6.13672,0,0.0,0.0,8,4,True,False,True,False,True,8.131587023236797e-06,0.9199918684129768,0.0791210445895525,0.000878955410447454,1940,0.9199918684129768,0.8408708238234243
1945/18.html,1945,NLR,James Perera v. Government Agent - NLR - 287 of 46 [1945] LKSC 18; (1945) 46 NLR 287 (20 June 1945),dense_br_nlr,0.895531,0.024469,0.895531,0.079121,0.000879,10,2823,19,1.9,6.730429,0,0.0,0.0,8,4,False,False,True,False,False,0.02446923409071668,0.8955307659092834,0.0791210445895525,0.000878955410447454,1940,0.8955307659092834,0.8164097213197309
1945/19.html,1945,NLR,"Perera, S.K.J. v. Nonaihamy, W.W. - NLR - 256 of 46 [1945] LKSC 19; (1945) 46 NLR 256 (21 May 1945)",dense_br_nlr,0.911929,0.008071,0.911929,0.079121,0.000879,11,3689,24,2.181818,6.505828,0,0.0,0.0,10,6,False,False,True,False,True,0.008071101969712752,0.9119288980302873,0.0791210445895525,0.000878955410447454,1940,0.9119288980302873,0.8328078534407348
1945/2.html,1945,NLR,De Silva v. Maningamuwa - NLR - 522 of 46 [1945] LKSC 2; (1945) 46 NLR 522 (29 November 1945),dense_br_nlr,0.919756,0.000244,0.919756,0.079121,0.000879,17,14824,52,3.058824,3.507825,0,0.0,0.0,11,7,True,True,True,False,True,0.0002438535537797515,0.9197561464462203,0.0791210445895525,0.000878955410447454,1940,0.9197561464462203,0.8406351018566678
1945/20.html,1945,NLR,Danuskody Thevar v. Michael Fernando - NLR - 169 of 46 [1945] LKSC 20; (1945) 46 NLR 169 (27 March 1945),dense_br_nlr,0.92,0.0,0.92,0.079121,0.000879,21,22472,143,6.809524,6.363475,0,0.0,0.0,15,4,True,False,True,False,True,7.44065076219158e-11,0.9199999999255936,0.0791210445895525,0.000878955410447454,1940,0.9199999999255936,0.8408789553360411
1945/21.html,1945,NLR,De Zoysa v. Kulatileke - NLR - 143 of 46 [1945] LKSC 21; (1945) 46 NLR 143 (13 March 1945),dense_br_nlr,0.918831,0.001169,0.918831,0.079121,0.000879,9,2087,24,2.666667,11.49976,0,0.0,0.0,7,5,False,False,True,False,False,0.0011693334049041714,0.9188306665950958,0.0791210445895525,0.000878955410447454,1940,0.9188306665950958,0.8397096220055433
1945/3.html,1945,NLR,"De Pinto, W.E. v. Rent Assessment Board - NLR - 396 of 46 [1945] LKSC 3; (1945) 46 NLR 396 (5 October 1945)",dense_br_nlr,0.919992,8e-06,0.919992,0.079121,0.000879,11,8197,43,3.909091,5.245822,0,0.0,0.0,8,6,True,False,True,False,False,8.131587023236797e-06,0.9199918684129768,0.0791210445895525,0.000878955410447454,1940,0.9199918684129768,0.8408708238234243
1945/4.html,1945,NLR,Wickremesinghe v. Tambiah - NLR - 105 of 46 [1945] LKSC 4; (1945) 46 NLR 105 (15 February 1945),dense_br_nlr,0.918103,0.001897,0.918103,0.079121,0.000879,11,7631,28,2.545455,3.669244,0,0.0,0.0,7,6,True,False,True,False,False,0.0018974087500206018,0.9181025912499794,0.0791210445895525,0.000878955410447454,1940,0.9181025912499794,0.8389815466604269
1945/5.html,1945,NLR,King v. Endoris Et Al. - NLR - 498 of 46 [1945] LKSC 5; (1945) 46 NLR 498 (29 October 1945),dense_br_nlr,0.918831,0.001169,0.918831,0.079121,0.000879,9,4675,24,2.666667,5.13369,0,0.0,0.0,8,5,True,False,False,False,True,0.0011693334049041714,0.9188306665950958,0.0791210445895525,0.000878955410447454,1940,0.9188306665950958,0.8397096220055433
1945/6.html,1945,NLR,"King v. Fernando, N.A. Et Al. - NLR - 254 of 46 [1945] LKSC 6; (1945) 46 NLR 254 (17 May 1945)",dense_br_nlr,0.919999,1e-06,0.919999,0.079121,0.000879,6,2432,26,4.333333,10.690789,0,0.0,0.0,5,5,True,False,True,False,False,1.490028622419537e-06,0.9199985099713777,0.0791210445895525,0.000878955410447454,1940,0.9199985099713777,0.8408774653818252
1945/7.html,1945,NLR,King v. Nadarajah Et Al. - NLR - 198 of 46 [1945] LKSC 7; (1945) 46 NLR 198 (15 May 1945),dense_br_nlr,0.92,0.0,0.92,0.079121,0.000879,11,7668,61,5.545455,7.955138,0,0.0,0.0,8,6,True,False,True,True,True,1.1682175409255535e-08,0.9199999883178246,0.0791210445895525,0.000878955410447454,1940,0.9199999883178246,0.8408789437282721
1945/8.html,1945,NLR,Nanyakkara v. Government Agent - NLR - 258 of 46 [1945] LKSC 8; (1945) 46 NLR 258 (23 May 1945),dense_br_nlr,0.918831,0.001169,0.918831,0.079121,0.000879,9,3305,24,2.666667,7.261725,0,0.0,0.0,8,4,True,False,True,False,True,0.0011693334049041714,0.9188306665950958,0.0791210445895525,0.000878955410447454,1940,0.9188306665950958,0.8397096220055433
1945/9.html,1945,NLR,Veerakutty Et Al v. Pullenayagam - NLR - 14 of 47 [1945] LKSC 9; (1945) 47 NLR 14 (21 November 1945),dense_br_nlr,0.909892,0.010108,0.909892,0.079121,0.000879,8,3072,17,2.125,5.533854,0,0.0,0.0,8,8,False,False,True,True,False,0.010107987220145734,0.9098920127798543,0.0791210445895525,0.000878955410447454,1940,0.9098920127798543,0.8307709681903018
1946/1.html,1946,NLR,Ranaweera Et Al v. Seelawathie Et Al - NLR - 255 of 47 [1946] LKSC 1; (1946) 47 NLR 255 (25 June 1946),dense_br_nlr,0.919691,0.000309,0.919691,0.079121,0.000879,7,2245,21,3.0,9.35412,0,0.0,0.0,9,9,True,False,False,False,True,0.0003085221200290622,0.919691477879971,0.0791210445895525,0.000878955410447454,1940,0.919691477879971,0.8405704332904185
1946/10.html,1946,NLR,Upairs v. Police - NLR - 378 of 47 [1946] LKSC 10; (1946) 47 NLR 378 (26 July 1946),dense_br_nlr,0.914658,0.005342,0.914658,0.079121,0.000879,7,1590,16,2.285714,10.062893,0,0.0,0.0,8,6,False,False,True,False,False,0.005342499840923467,0.9146575001590765,0.0791210445895525,0.000878955410447454,1940,0.9146575001590765,0.835536455569524
1946/11.html,1946,NLR,Millen v. Millen - NLR - 413 of 47 [1946] LKSC 11; (1946) 47 NLR 413 (2 September 1946),dense_br_nlr,0.919938,6.2e-05,0.919938,0.079121,0.000879,10,5339,34,3.4,6.368234,0,0.0,0.0,9,12,True,False,True,True,True,6.230621765006995e-05,0.91993769378235,0.0791210445895525,0.000878955410447454,1940,0.91993769378235,0.8408166491927975
1946/12.html,1946,NLR,Perera v. Benedict - NLR - 519 of 47 [1946] LKSC 12; (1946) 47 NLR 519 (12 November 1946),dense_br_nlr,0.919894,0.000106,0.919894,0.065406,0.014594,15,12928,49,3.266667,3.790223,3,0.2,0.232054,13,27,True,False,True,True,True,0.00010620227231150636,0.9198937977276885,0.06540595809549146,0.014594041904508505,1940,0.9198937977276885,0.8544878396321971
1946/13.html,1946,NLR,"The Kelani Valley Motor Transit Co.,Ltd. v. The Colombo Ratunapura Omnibus Co.,Ltd. - NLR - 271 of 47 [1946] LKSC 13; (1946) 47 NLR 271 (7 May 1946)",dense_br_nlr,0.919347,0.000653,0.919347,0.079121,0.000879,16,15955,45,2.8125,2.820432,0,0.0,0.0,13,6,True,False,False,True,True,0.0006528967671724839,0.9193471032328275,0.0791210445895525,0.000878955410447454,1940,0.9193471032328275,0.840226058643275
1946/14.html,1946,NLR,Commissioner of Income Tax v. Bank of Chettinad - NLR - 25 of 47 [1946] LKSC 14; (1946) 47 NLR 25 (17 January 1946),dense_br_nlr,0.918735,0.001265,0.918735,0.079121,0.000879,17,15096,45,2.647059,2.980922,0,0.0,0.0,15,19,True,False,True,True,True,0.0012646079467110826,0.9187353920532889,0.0791210445895525,0.000878955410447454,1940,0.9187353920532889,0.8396143474637364
1946/15.html,1946,NLR,Suriyawansa v. The Local Government Service Commission Et Al. - NLR - 433 of 48 [1946] LKSC 15; (1946) 48 NLR 433 (1 April 1946),dense_br_nlr,0.919991,9e-06,0.919991,0.079121,0.000879,17,18092,66,3.882353,3.648021,0,0.0,0.0,14,6,True,False,True,True,False,9.049478326748074e-06,0.9199909505216733,0.0791210445895525,0.000878955410447454,1940,0.9199909505216733,0.8408699059321209
1946/16.html,1946,NLR,Marcelin Perera v. Sockalingam Chettiar - NLR - 265 of 47 [1946] LKSC 16; (1946) 47 NLR 265 (30 May 1946),dense_br_nlr,0.919997,3e-06,0.919997,0.078373,0.001627,24,18092,99,4.125,5.472032,1,0.041667,0.055273,18,40,True,False,True,False,True,3.428508141429809e-06,0.9199965714918587,0.07837340376498865,0.001626596235011309,1940,0.9199965714918587,0.84162316772687
1946/17.html,1946,NLR,Nansoora v. Jaria - NLR - 441 of 47 [1946] LKSC 17; (1946) 47 NLR 441 (22 August 1946),dense_br_nlr,0.903453,0.016547,0.903453,0.079121,0.000879,11,4191,22,2.0,5.249344,0,0.0,0.0,9,12,True,False,True,False,True,0.016547313165124224,0.9034526868348758,0.0791210445895525,0.000878955410447454,1940,0.9034526868348758,0.8243316422453233
1946/18.html,1946,NLR,"Kandy Town Bus Co., Ltd. v. Commisioner of Motor Transport Et Al. - NLR - 153 of 51 [1946] LKSC 18; (1946) 51 NLR 153 (9 March 1946)",dense_br_nlr,0.917725,0.002275,0.917725,0.079121,0.000879,22,11070,55,2.5,4.968383,0,0.0,0.0,8,8,True,False,True,False,True,0.0022748133041038845,0.9177251866958962,0.0791210445895525,0.000878955410447454,1940,0.9177251866958962,0.8386041421063437
1946/19.html,1946,NLR,Kodituwakku v. The Tribunal of Appeal Et Al - NLR - 464 of 47 [1946] LKSC 19; (1946) 47 NLR 464 (16 October 1946),dense_br_nlr,0.92,0.0,0.92,0.079121,0.000879,12,6924,58,4.833333,8.376661,0,0.0,0.0,6,13,True,False,True,True,True,2.0165372796920877e-07,0.9199997983462721,0.0791210445895525,0.000878955410447454,1940,0.9199997983462721,0.8408787537567196
1946/2.html,1946,NLR,Brown & Co Ltd v. Roberts - NLR - 529 of 47 [1946] LKSC 2; (1946) 47 NLR 529 (7 November 1946),dense_br_nlr,0.919999,1e-06,0.919999,0.079121,0.000879,23,26998,105,4.565217,3.889177,0,0.0,0.0,20,37,True,False,True,True,True,5.89347261232831e-07,0.9199994106527388,0.0791210445895525,0.000878955410447454,1940,0.9199994106527388,0.8408783660631863
1946/20.html,1946,NLR,James v. Fernando - NLR - 40 of 48 [1946] LKSC 20; (1946) 48 NLR 40 (19 December 1946),dense_br_nlr,0.919999,1e-06,0.919999,0.079121,0.000879,11,12014,50,4.545455,4.161811,0,0.0,0.0,15,5,True,False,False,False,False,6.378247344818177e-07,0.9199993621752656,0.0791210445895525,0.000878955410447454,1940,0.9199993621752656,0.8408783175857131
1946/21.html,1946,NLR,Ambalavanar v. Somasundera - NLR - 61 of 48 [1946] LKSC 21; (1946) 48 NLR 61 (18 December 1946),dense_br_nlr,0.919474,0.000526,0.919474,0.079121,0.000879,15,11983,43,2.866667,3.588417,0,0.0,0.0,16,7,True,True,True,True,True,0.0005257833690495862,0.9194742166309504,0.0791210445895525,0.000878955410447454,1940,0.9194742166309504,0.8403531720413979
1946/22.html,1946,NLR,Sekathi v. Davoodu - NLR - 360 of 47 [1946] LKSC 22; (1946) 47 NLR 360 (26 June 1946),dense_br_nlr,0.919994,6e-06,0.919994,0.079121,0.000879,5,2170,20,4.0,9.21659,0,0.0,0.0,5,6,True,False,False,False,True,5.652640634030704e-06,0.919994347359366,0.0791210445895525,0.000878955410447454,1940,0.919994347359366,0.8408733027698135
1946/23.html,1946,NLR,Albert Peiris v. Gunaratne - NLR - 491 of 47 [1946] LKSC 23; (1946) 47 NLR 491 (8 November 1946),dense_br_nlr,0.919997,3e-06,0.919997,0.079121,0.000879,15,13493,63,4.2,4.669088,0,0.0,0.0,10,26,True,False,True,False,False,2.5399037542905847e-06,0.9199974600962457,0.0791210445895525,0.000878955410447454,1940,0.9199974600962457,0.8408764155066932
1946/24.html,1946,NLR,Charles Appu v. The Controller of Establishments - NLR - 462 of 47 [1946] LKSC 24; (1946) 47 NLR 462 (17 October 1946),dense_br_nlr,0.919273,0.000727,0.919273,0.079121,0.000879,14,5692,39,2.785714,6.851722,0,0.0,0.0,8,21,True,False,True,True,True,0.0007266774962296108,0.9192733225037705,0.0791210445895525,0.000878955410447454,1940,0.9192733225037705,0.840152277914218
1946/25.html,1946,NLR,Goonetileke v. Government Agent - NLR - 549 of 47 [1946] LKSC 25; (1946) 47 NLR 549 (27 September 1946),dense_br_nlr,0.919454,0.000546,0.919454,0.079121,0.000879,7,1636,20,2.857143,12.224939,0,0.0,0.0,7,9,True,False,False,False,True,0.0005461879188264618,0.9194538120811736,0.0791210445895525,0.000878955410447454,1940,0.9194538120811736,0.8403327674916211
1946/26.html,1946,NLR,James Perera v. Godwin Perera - NLR - 190 of 48 [1946] LKSC 26; (1946) 48 NLR 190 (25 November 1946),dense_br_nlr,0.919873,0.000127,0.919873,0.079121,0.000879,9,5292,29,3.222222,5.47997,0,0.0,0.0,11,6,True,False,False,False,True,0.00012686240140611372,0.9198731375985939,0.0791210445895525,0.000878955410447454,1940,0.9198731375985939,0.8407520930090414
1946/3.html,1946,NLR,Mutuwa Et Al v. Albert - NLR - 336 of 47 [1946] LKSC 3; (1946) 47 NLR 336 (6 March 1946),dense_br_nlr,0.92,0.0,0.92,0.079121,0.000879,5,2169,24,4.8,11.065007,0,0.0,0.0,5,5,True,False,False,False,True,2.3041544852109297e-07,0.9199997695845515,0.0791210445895525,0.000878955410447454,1940,0.9199997695845515,0.840878724994999
1946/4.html,1946,NLR,Simeon Fernando v. Goonesekera - NLR - 512 of 47 [1946] LKSC 4; (1946) 47 NLR 512 (29 October 1946),dense_br_nlr,0.919992,8e-06,0.919992,0.079121,0.000879,13,10413,51,3.923077,4.897724,0,0.0,0.0,10,13,True,False,True,False,True,7.689168046187688e-06,0.9199923108319539,0.0791210445895525,0.000878955410447454,1940,0.9199923108319539,0.8408712662424014
1946/5.html,1946,NLR,Soyza v. De Silva Et Al. - NLR - 309 of 52 [1946] LKSC 5; (1946) 52 NLR 309 (9 April 1946),dense_br_nlr,0.91868,0.00132,0.91868,0.076669,0.003331,11,5471,29,2.636364,5.300676,1,0.090909,0.182782,10,4,True,False,True,False,True,0.001319802457746282,0.9186801975422537,0.07666944722808026,0.003330552771919697,1940,0.9186801975422537,0.8420107503141735
1946/6.html,1946,NLR,Bandara v. Sinnappu - NLR - 249 of 47 [1946] LKSC 6; (1946) 47 NLR 249 (20 June 1946),dense_br_nlr,0.919691,0.000309,0.919691,0.04,0.04,20,13777,60,3.0,4.355085,6,0.3,0.435508,15,49,True,False,True,False,True,0.0003085221200290622,0.919691477879971,0.03999999999999998,0.03999999999999998,1940,0.919691477879971,0.8796914778799709
1946/7.html,1946,NLR,Perera v. Podisingho - NLR - 347 of 47 [1946] LKSC 7; (1946) 47 NLR 347 (3 July 1946),dense_br_nlr,0.919997,3e-06,0.919997,0.079121,0.000879,14,9594,58,4.142857,6.045445,0,0.0,0.0,13,26,True,False,True,False,True,3.192158964622216e-06,0.9199968078410354,0.0791210445895525,0.000878955410447454,1940,0.9199968078410354,0.8408757632514829
1946/8.html,1946,NLR,David & Co. v. Seneviratne Et Al - NLR - 73 of 47 [1946] LKSC 8; (1946) 47 NLR 73 (21 February 1946),dense_br_nlr,0.919934,6.6e-05,0.919934,0.079121,0.000879,13,12544,44,3.384615,3.507653,0,0.0,0.0,12,35,True,False,True,True,False,6.626069752681207e-05,0.9199337393024732,0.0791210445895525,0.000878955410447454,1940,0.9199337393024732,0.8408126947129207
1946/9.html,1946,NLR,King v. Piloris Fernando Et Al - NLR - 97 of 47 [1946] LKSC 9; (1946) 47 NLR 97 (14 March 1946),dense_br_nlr,0.92,0.0,0.92,0.077793,0.002207,16,13441,102,6.375,7.588721,1,0.0625,0.074399,17,31,True,True,True,False,False,4.231130112941628e-10,0.919999999576887,0.07779317742185676,0.0022068225781431985,1940,0.919999999576887,0.8422068221550303
1947/1.html,1947,NLR,"Panadure Motor Transit Co., Ltd. v. Roberts, T.W. Et Al. - NLR - 82 of 48 [1947] LKSC 1; (1947) 48 NLR 82 (6 February 1947)",dense_br_nlr,0.919941,5.9e-05,0.919941,0.079121,0.000879,17,16864,58,3.411765,3.439279,0,0.0,0.0,15,5,True,False,True,False,True,5.9442195483367935e-05,0.9199405578045167,0.0791210445895525,0.000878955410447454,1940,0.9199405578045167,0.8408195132149642
1947/10.html,1947,NLR,Vernon Rajapakse v. The Tribunal of Appeal Et Al. - NLR - 145 of 48 [1947] LKSC 10; (1947) 48 NLR 145 (31 December 1947),dense_br_nlr,0.919999,1e-06,0.919999,0.07848,0.00152,27,31888,124,4.592593,3.88861,1,0.037037,0.03136,20,10,True,False,True,False,True,5.282193610112174e-07,0.919999471780639,0.07848046444351112,0.0015195355564888433,1940,0.919999471780639,0.8415190073371279
1947/11.html,1947,NLR,"Weeraratne v. Poulier, Food Commissioner, Et Al. - NLR - 441 of 48 [1947] LKSC 11; (1947) 48 NLR 441 (17 September 1947)",dense_br_nlr,0.919894,0.000106,0.919894,0.079121,0.000879,15,11031,49,3.266667,4.442027,0,0.0,0.0,13,8,True,False,False,False,False,0.00010620227231150636,0.9198937977276885,0.0791210445895525,0.000878955410447454,1940,0.9198937977276885,0.840772753138136
1947/12.html,1947,NLR,"Illangaratne Et Al. v. De Silva, G.E. - NLR - 87 of 49 [1947] LKSC 12; (1947) 49 NLR 87 (17 December 1947)",dense_br_nlr,0.919989,1.1e-05,0.919989,0.079121,0.000879,6,3438,23,3.833333,6.689936,0,0.0,0.0,8,3,False,False,False,False,False,1.1009791153924199e-05,0.9199889902088462,0.0791210445895525,0.000878955410447454,1940,0.9199889902088462,0.8408679456192937
1947/13.html,1947,NLR,Kuruppu v. Hettiaratchy Et Al. - NLR - 57 of 49 [1947] LKSC 13; (1947) 49 NLR 57 (16 December 1947),dense_br_nlr,0.919976,2.4e-05,0.919976,0.079121,0.000879,11,7313,40,3.636364,5.469711,0,0.0,0.0,11,3,True,False,True,True,False,2.4207115929244517e-05,0.9199757928840708,0.0791210445895525,0.000878955410447454,1940,0.9199757928840708,0.8408547482945183
1947/14.html,1947,NLR,William v. Premachandra - NLR - 56 of 49 [1947] LKSC 14; (1947) 49 NLR 56 (19 December 1947),dense_br_nlr,0.883968,0.036032,0.883968,0.079121,0.000879,10,2684,18,1.8,6.706408,0,0.0,0.0,9,4,False,False,True,False,True,0.03603246497302319,0.8839675350269769,0.0791210445895525,0.000878955410447454,1940,0.8839675350269769,0.8048464904374244
1947/15.html,1947,NLR,"Kalu v. Silva, T.H. Et Al. - NLR - 216 of 48 [1947] LKSC 15; (1947) 48 NLR 216 (5 February 1947)",dense_br_nlr,0.919999,1e-06,0.919999,0.079121,0.000879,5,2021,22,4.4,10.8857,0,0.0,0.0,9,5,True,False,False,False,True,1.1412540578215058e-06,0.9199988587459422,0.0791210445895525,0.000878955410447454,1940,0.9199988587459422,0.8408778141563897
1947/16.html,1947,NLR,Wickremesinghe v. The Commissioner of Income Tax - NLR - 481 of 48 [1947] LKSC 16; (1947) 48 NLR 481 (2 October 1947),dense_br_nlr,0.919991,9e-06,0.919991,0.079121,0.000879,17,17358,66,3.882353,3.802281,0,0.0,0.0,18,7,True,False,True,True,True,9.049478326748074e-06,0.9199909505216733,0.0791210445895525,0.000878955410447454,1940,0.9199909505216733,0.8408699059321209
1947/17.html,1947,NLR,Perera v. Municipal Council of Colombo Et Al. - NLR - 66 of 48 [1947] LKSC 17; (1947) 48 NLR 66 (21 January 1947),dense_br_nlr,0.92,0.0,0.92,0.079121,0.000879,11,7510,53,4.818182,7.057257,0,0.0,0.0,13,9,True,False,False,False,True,2.1425266468089178e-07,0.9199997857473353,0.0791210445895525,0.000878955410447454,1940,0.9199997857473353,0.8408787411577828
1947/18.html,1947,NLR,"The South Western Bus Co., Ltd. v. Arumugam Et Al. - NLR - 385 of 48 [1947] LKSC 18; (1947) 48 NLR 385 (30 September 1947)",dense_br_nlr,0.919905,9.5e-05,0.919905,0.079121,0.000879,17,19358,56,3.294118,2.892861,0,0.0,0.0,13,10,True,False,True,False,True,9.515941230282987e-05,0.9199048405876972,0.0791210445895525,0.000878955410447454,1940,0.9199048405876972,0.8407837959981447
1947/19.html,1947,NLR,Muhaneiram Et Al. v. Salam Et Al. - NLR - 80 of 49 [1947] LKSC 19; (1947) 49 NLR 80 (8 December 1947),dense_br_nlr,0.919429,0.000571,0.919429,0.079121,0.000879,13,8458,37,2.846154,4.374557,0,0.0,0.0,11,5,True,False,True,True,True,0.0005707163993443266,0.9194292836006557,0.0791210445895525,0.000878955410447454,1940,0.9194292836006557,0.8403082390111032
1947/2.html,1947,NLR,"Liptons, Ltd. v. Gunasekera - NLR - 105 of 48 [1947] LKSC 2; (1947) 48 NLR 105 (7 March 1947)",dense_br_nlr,0.92,0.0,0.92,0.079121,0.000879,15,15782,81,5.4,5.132429,0,0.0,0.0,16,8,True,False,False,True,False,2.0902822650548102e-08,0.9199999790971773,0.0791210445895525,0.000878955410447454,1940,0.9199999790971773,0.8408789345076249
1947/20.html,1947,NLR,"Zackeriya Et Al. v. Croos Raj Chandra, Et Al. - NLR - 394 of 48 [1947] LKSC 20; (1947) 48 NLR 394 (25 August 1947)",dense_br_nlr,0.914953,0.005047,0.914953,0.079121,0.000879,10,4650,23,2.3,4.946237,0,0.0,0.0,9,8,True,False,False,True,True,0.0050473949874944735,0.9149526050125055,0.0791210445895525,0.000878955410447454,1940,0.9149526050125055,0.835831560422953
1947/21.html,1947,NLR,Cathirana Fernando v. Cooray & Co. - NLR - 70 of 49 [1947] LKSC 21; (1947) 49 NLR 70 (10 December 1947),dense_br_nlr,0.896382,0.023618,0.896382,0.079121,0.000879,11,4602,21,1.909091,4.563233,0,0.0,0.0,10,3,False,False,True,False,True,0.02361785107400536,0.8963821489259947,0.0791210445895525,0.000878955410447454,1940,0.8963821489259947,0.8172611043364422
1947/22.html,1947,NLR,"British Ceylon Corporation, Ltd. v. Crossette Thambyah - NLR - 219 of 48 [1947] LKSC 22; (1947) 48 NLR 219 (7 March 1947)",dense_br_nlr,0.91925,0.00075,0.91925,0.079121,0.000879,9,2573,25,2.777778,9.716284,0,0.0,0.0,11,9,False,False,True,True,True,0.0007500960722439088,0.9192499039277562,0.0791210445895525,0.000878955410447454,1940,0.9192499039277562,0.8401288593382037
1947/3.html,1947,NLR,De Alwis v. Selvaratnam - NLR - 172 of 48 [1947] LKSC 3; (1947) 48 NLR 172 (3 March 1947),dense_br_nlr,0.919964,3.6e-05,0.919964,0.079121,0.000879,13,9021,46,3.538462,5.099213,0,0.0,0.0,13,8,True,False,True,False,True,3.581053141588964e-05,0.9199641894685842,0.0791210445895525,0.000878955410447454,1940,0.9199641894685842,0.8408431448790317
1947/4.html,1947,NLR,Perera v. Jayawardene - NLR - 1 of 49 [1947] LKSC 4; (1947) 49 NLR 1 (8 December 1947),dense_br_nlr,0.92,0.0,0.92,0.079121,0.000879,25,27678,133,5.32,4.80526,0,0.0,0.0,17,4,True,False,True,True,False,2.8785857071333966e-08,0.919999971214143,0.0791210445895525,0.000878955410447454,1940,0.919999971214143,0.8408789266245905
1947/5.html,1947,NLR,Wijeratne v. Ekanayake - NLR - 306 of 48 [1947] LKSC 5; (1947) 48 NLR 306 (1 July 1947),dense_br_nlr,0.918103,0.001897,0.918103,0.079121,0.000879,11,8309,28,2.545455,3.36984,0,0.0,0.0,11,8,True,False,True,False,False,0.0018974087500206018,0.9181025912499794,0.0791210445895525,0.000878955410447454,1940,0.9181025912499794,0.8389815466604269
1947/6.html,1947,NLR,Buhari Et Al. v. Jayaratne - NLR - 224 of 48 [1947] LKSC 6; (1947) 48 NLR 224 (30 May 1947),dense_br_nlr,0.919999,1e-06,0.919999,0.079121,0.000879,12,6472,53,4.416667,8.189122,0,0.0,0.0,12,8,True,False,True,False,False,1.0676498046269244e-06,0.9199989323501954,0.0791210445895525,0.000878955410447454,1940,0.9199989323501954,0.8408778877606429
1947/7.html,1947,NLR,Mohamed Hussain & Co. v. The Controller of Textiles - NLR - 486 of 48 [1947] LKSC 7; (1947) 48 NLR 486 (8 October 1947),dense_br_nlr,0.919836,0.000164,0.919836,0.079121,0.000879,19,18793,60,3.157895,3.192678,0,0.0,0.0,15,7,True,False,True,False,False,0.00016408270218878584,0.9198359172978112,0.0791210445895525,0.000878955410447454,1940,0.9198359172978112,0.8407148727082587
1947/8.html,1947,NLR,Mohamed Miya v. The Controller of Textiles - NLR - 492 of 48 [1947] LKSC 8; (1947) 48 NLR 492 (2 October 1947),dense_br_nlr,0.919938,6.2e-05,0.919938,0.079121,0.000879,15,15219,51,3.4,3.351074,0,0.0,0.0,13,6,True,False,True,True,False,6.230621765006995e-05,0.91993769378235,0.0791210445895525,0.000878955410447454,1940,0.91993769378235,0.8408166491927975
1947/9.html,1947,NLR,Tolaram v. Jinadasa - NLR - 92 of 49 [1947] LKSC 9; (1947) 49 NLR 92 (5 December 1947),dense_br_nlr,0.91558,0.00442,0.91558,0.079121,0.000879,9,3545,21,2.333333,5.923836,0,0.0,0.0,9,4,False,False,True,False,True,0.0044203785217024555,0.9155796214782976,0.0791210445895525,0.000878955410447454,1940,0.9155796214782976,0.8364585768887451
1948/1.html,1948,NLR,"Thomas v. Ceylon Wharfage Co., Ltd. - NLR - 397 of 49 [1948] LKSC 1; (1948) 49 NLR 397 (22 June 1948)",dense_br_nlr,0.917725,0.002275,0.917725,0.079121,0.000879,10,5185,25,2.5,4.821601,0,0.0,0.0,11,8,False,False,True,False,False,0.0022748133041038845,0.9177251866958962,0.0791210445895525,0.000878955410447454,1940,0.9177251866958962,0.8386041421063437
1948/10.html,1948,NLR,In Re Noble - NLR - 1 of 50 [1948] LKSC 10; (1948) 50 NLR 1 (19 October 1948),dense_br_nlr,0.919589,0.000411,0.919589,0.079121,0.000879,28,45420,82,2.928571,1.805372,0,0.0,0.0,24,48,True,False,False,True,True,0.0004105093245173519,0.9195894906754827,0.0791210445895525,0.000878955410447454,1940,0.9195894906754827,0.8404684460859302
1948/11.html,1948,NLR,Don Alexander v. Leo Fernando - NLR - 202 of 49 [1948] LKSC 11; (1948) 49 NLR 202 (15 March 1948),dense_br_nlr,0.917725,0.002275,0.917725,0.079121,0.000879,12,5668,30,2.5,5.292872,0,0.0,0.0,10,4,False,False,True,False,False,0.0022748133041038845,0.9177251866958962,0.0791210445895525,0.000878955410447454,1940,0.9177251866958962,0.8386041421063437
1948/12.html,1948,NLR,"Ilangaratne Et Al. v. De Silva , G.E. - NLR - 169 of 49 [1948] LKSC 12; (1948) 49 NLR 169 (24 February 1948)",dense_br_nlr,0.919919,8.1e-05,0.919919,0.079121,0.000879,51,74845,170,3.333333,2.271361,0,0.0,0.0,36,5,True,False,True,True,False,8.134574486875491e-05,0.9199186542551313,0.0791210445895525,0.000878955410447454,1940,0.9199186542551313,0.8407976096655788
1948/13.html,1948,NLR,Jayewardene v. Perera - NLR - 134 of 49 [1948] LKSC 13; (1948) 49 NLR 134 (20 February 1948),dense_br_nlr,0.919519,0.000481,0.919519,0.079121,0.000879,9,6227,26,2.888889,4.175365,0,0.0,0.0,11,3,True,False,False,False,True,0.00048108784851718327,0.9195189121514828,0.0791210445895525,0.000878955410447454,1940,0.9195189121514828,0.8403978675619304
1948/14.html,1948,NLR,Kulasingam v. Thambiayah - NLR - 505 of 49 [1948] LKSC 14; (1948) 49 NLR 505 (13 September 1948),dense_br_nlr,0.92,0.0,0.92,0.078584,0.001416,31,39943,218,7.032258,5.457777,1,0.032258,0.025036,30,5,True,False,True,True,False,3.052694097505082e-11,0.9199999999694731,0.0785837188349146,0.0014162811650853544,1940,0.9199999999694731,0.8414162811345585
1948/15.html,1948,NLR,"Kuruppu v. Hettiarachchi, D.F. - NLR - 320 of 49 [1948] LKSC 15; (1948) 49 NLR 320 (30 April 1948)",dense_br_nlr,0.91249,0.00751,0.91249,0.079121,0.000879,15,14140,33,2.2,2.333805,0,0.0,0.0,11,12,True,False,True,True,True,0.0075095654609070904,0.912490434539093,0.0791210445895525,0.000878955410447454,1940,0.912490434539093,0.8333693899495405
1948/16.html,1948,NLR,Kuruppu v. Hettiaratchy Et Al. - NLR - 201 of 49 [1948] LKSC 16; (1948) 49 NLR 201 (4 March 1948),dense_br_nlr,0.919519,0.000481,0.919519,0.079121,0.000879,9,3554,26,2.888889,7.315701,0,0.0,0.0,9,4,False,True,True,True,False,0.00048108784851718327,0.9195189121514828,0.0791210445895525,0.000878955410447454,1940,0.9195189121514828,0.8403978675619304
1948/17.html,1948,NLR,"Pelpola v. Gunawardena, R.S.S. - NLR - 207 of 49 [1948] LKSC 17; (1948) 49 NLR 207 (12 March 1948)",dense_br_nlr,0.903453,0.016547,0.903453,0.079121,0.000879,14,10134,28,2.0,2.762976,0,0.0,0.0,11,5,True,False,True,False,False,0.016547313165124224,0.9034526868348758,0.0791210445895525,0.000878955410447454,1940,0.9034526868348758,0.8243316422453233
1948/18.html,1948,NLR,"Perera v. Jayewardene, J.R. - NLR - 241 of 49 [1948] LKSC 18; (1948) 49 NLR 241 (19 March 1948)",dense_br_nlr,0.915013,0.004987,0.915013,0.079121,0.000879,33,46334,76,2.30303,1.640264,0,0.0,0.0,21,7,True,False,True,False,True,0.004986919382635038,0.915013080617365,0.0791210445895525,0.000878955410447454,1940,0.915013080617365,0.8358920360278125
1948/19.html,1948,NLR,Saravanamuttu v. De Silva - NLR - 261 of 49 [1948] LKSC 19; (1948) 49 NLR 261 (23 April 1948),dense_br_nlr,0.919082,0.000918,0.919082,0.076669,0.003331,11,5684,30,2.727273,5.277973,1,0.090909,0.175932,10,9,False,False,True,False,False,0.0009178544099217767,0.9190821455900783,0.07666944722808026,0.003330552771919697,1940,0.9190821455900783,0.8424126983619981
1948/2.html,1948,NLR,Buddharakkitha Thero v. The Public Trustee Et Al. - NLR - 325 of 49 [1948] LKSC 2; (1948) 49 NLR 325 (4 March 1948),dense_br_nlr,0.919998,2e-06,0.919998,0.079121,0.000879,15,13843,64,4.266667,4.623275,0,0.0,0.0,15,12,True,False,True,False,True,1.945382925354622e-06,0.9199980546170747,0.0791210445895525,0.000878955410447454,1940,0.9199980546170747,0.8408770100275222
1948/20.html,1948,NLR,"Saravanamuttu, P. v. De Mel, R.A. - NLR - 281 of 49 [1948] LKSC 20; (1948) 49 NLR 281 (20 April 1948)",dense_br_nlr,0.919998,2e-06,0.919998,0.075556,0.004444,9,3849,38,4.222222,9.872694,1,0.111111,0.259808,10,11,True,False,True,False,False,2.3238805125291863e-06,0.9199976761194875,0.07555606618252449,0.004443933817475475,1940,0.9199976761194875,0.8444416099369629
1948/21.html,1948,NLR,Tarnolis Appuhamy Et Al. v. Wilmot Perera - NLR - 361 of 49 [1948] LKSC 21; (1948) 49 NLR 361 (3 May 1948),dense_br_nlr,0.919986,1.4e-05,0.919986,0.078838,0.001162,53,68026,200,3.773585,2.940052,1,0.018868,0.0147,35,16,True,False,True,True,False,1.3982041427977877e-05,0.919986017958572,0.07883768796372688,0.0011623120362730778,1940,0.919986017958572,0.8411483299948451
1948/22.html,1948,NLR,Aluwihare v. Nanayakkara - NLR - 529 of 50 [1948] LKSC 22; (1948) 50 NLR 529 (20 September 1948),dense_br_nlr,0.92,0.0,0.92,0.079121,0.000879,39,91354,224,5.74359,2.452,0,0.0,0.0,25,124,True,False,False,True,True,5.288444837603379e-09,0.9199999947115552,0.0791210445895525,0.000878955410447454,1940,0.9199999947115552,0.8408789501220028
1948/23.html,1948,NLR,In Re Amarasena - NLR - 523 of 50 [1948] LKSC 23; (1948) 50 NLR 523 (7 September 1948),dense_br_nlr,0.919992,8e-06,0.919992,0.079121,0.000879,13,19538,51,3.923077,2.610298,0,0.0,0.0,11,42,True,False,True,False,False,7.689168046187688e-06,0.9199923108319539,0.0791210445895525,0.000878955410447454,1940,0.9199923108319539,0.8408712662424014
1948/24.html,1948,NLR,In Re Aslin Nona Et.Al. - NLR - 167 of 50 [1948] LKSC 24; (1948) 50 NLR 167 (25 August 1948),dense_br_nlr,0.914658,0.005342,0.914658,0.079121,0.000879,7,4612,16,2.285714,3.469211,0,0.0,0.0,8,8,False,False,False,False,False,0.005342499840923467,0.9146575001590765,0.0791210445895525,0.000878955410447454,1940,0.9146575001590765,0.835536455569524
1948/25.html,1948,NLR,"Saimon Silva v. Pelpola, R.S. - NLR - 553 of 50 [1948] LKSC 25; (1948) 50 NLR 553 (12 March 1948)",dense_br_nlr,0.906548,0.013452,0.906548,0.079121,0.000879,38,71020,78,2.052632,1.098282,0,0.0,0.0,23,44,True,False,True,True,True,0.013451843400366861,0.9065481565996332,0.0791210445895525,0.000878955410447454,1940,0.9065481565996332,0.8274271120100807
1948/26.html,1948,NLR,Edirisinghe v. Rajendra - NLR - 498 of 49 [1948] LKSC 26; (1948) 49 NLR 498 (2 August 1948),dense_br_nlr,0.92,0.0,0.92,0.079121,0.000879,12,12958,74,6.166667,5.710758,0,0.0,0.0,14,9,True,False,False,True,True,9.73571756546221e-10,0.9199999990264283,0.0791210445895525,0.000878955410447454,1940,0.9199999990264283,0.8408789544368758
1948/27.html,1948,NLR,"The National Mutual Life Association of Australasia, Ltd. v. The Commissioner of Income Tax: Case Stated - NLR - 433 of 49 [1948] LKSC 27; (1948) 49 NLR 433 (4 June 1948)",dense_br_nlr,0.91975,0.00025,0.91975,0.07809,0.00191,19,22684,58,3.052632,2.556868,1,0.052632,0.044084,17,8,True,False,True,True,False,0.0002499670748939176,0.9197500329251062,0.07808955479507407,0.0019104452049258926,1940,0.9197500329251062,0.8416604781300321
1948/28.html,1948,NLR,Punchirala v. Banda - NLR - 488 of 50 [1948] LKSC 28; (1948) 50 NLR 488 (15 November 1948),dense_br_nlr,0.916828,0.003172,0.916828,0.079121,0.000879,12,15168,29,2.416667,1.91192,0,0.0,0.0,11,53,True,False,True,True,True,0.0031716509831465167,0.9168283490168535,0.0791210445895525,0.000878955410447454,1940,0.9168283490168535,0.837707304427301
1948/29.html,1948,NLR,Bias Bandaranayake v. Perera - NLR - 212 of 49 [1948] LKSC 29; (1948) 49 NLR 212 (11 March 1948),dense_br_nlr,0.918565,0.001435,0.918565,0.079121,0.000879,13,6244,34,2.615385,5.445227,0,0.0,0.0,10,4,False,False,True,False,True,0.0014351544893801238,0.9185648455106199,0.0791210445895525,0.000878955410447454,1940,0.9185648455106199,0.8394438009210674
1948/3.html,1948,NLR,Peradeniya Service Bus Co. v. Commissioner of Motor Transport - NLR - 378 of 50 [1948] LKSC 3; (1948) 50 NLR 378 (28 October 1948),dense_br_nlr,0.92,0.0,0.92,0.079121,0.000879,13,24892,62,4.769231,2.49076,0,0.0,0.0,11,26,True,False,True,False,False,2.60593036851553e-07,0.9199997394069632,0.0791210445895525,0.000878955410447454,1940,0.9199997394069632,0.8408786948174107
1948/30.html,1948,NLR,"Wijesinghe, I.H. v. The Mayor of Colombo - NLR - 87 of 50 [1948] LKSC 30; (1948) 50 NLR 87 (9 June 1948)",dense_br_nlr,0.897636,0.022364,0.897636,0.079121,0.000879,26,36888,50,1.923077,1.355454,0,0.0,0.0,21,66,True,False,True,False,True,0.022364089851000683,0.8976359101489993,0.0791210445895525,0.000878955410447454,1940,0.8976359101489993,0.8185148655594469
1948/31.html,1948,NLR,"Givendrasingha v. De Mel, R.F.S. - NLR - 422 of 49 [1948] LKSC 31; (1948) 49 NLR 422 (21 May 1948)",dense_br_nlr,0.92,0.0,0.92,0.079121,0.000879,26,31341,151,5.807692,4.81797,0,0.0,0.0,26,8,True,False,True,True,False,4.092337082539644e-09,0.9199999959076629,0.0791210445895525,0.000878955410447454,1940,0.9199999959076629,0.8408789513181104
1948/32.html,1948,NLR,"Commissioner of Motor Transport v. Lanka Matha Motor Transit Co., Ltd. - NLR - 392 of 50 [1948] LKSC 32; (1948) 50 NLR 392 (19 November 1948)",dense_br_nlr,0.919347,0.000653,0.919347,0.079121,0.000879,16,24208,45,2.8125,1.85889,0,0.0,0.0,15,26,False,False,True,False,False,0.0006528967671724839,0.9193471032328275,0.0791210445895525,0.000878955410447454,1940,0.9193471032328275,0.840226058643275
1948/33.html,1948,NLR,Disanayaka v. Yatawara - NLR - 214 of 49 [1948] LKSC 33; (1948) 49 NLR 214 (17 March 1948),dense_br_nlr,0.917161,0.002839,0.917161,0.079121,0.000879,9,3253,22,2.444444,6.762988,0,0.0,0.0,9,3,True,False,True,False,True,0.002839156097273654,0.9171608439027263,0.0791210445895525,0.000878955410447454,1940,0.9171608439027263,0.8380397993131738
1948/34.html,1948,NLR,In Re Swire - NLR - 477 of 49 [1948] LKSC 34; (1948) 49 NLR 477 (30 July 1948),dense_br_nlr,0.919994,6e-06,0.919994,0.079121,0.000879,13,10186,52,4.0,5.105046,0,0.0,0.0,12,6,True,False,True,False,True,5.652640634030704e-06,0.919994347359366,0.0791210445895525,0.000878955410447454,1940,0.919994347359366,0.8408733027698135
1948/35.html,1948,NLR,De Silva v. Premawathie - NLR - 306 of 50 [1948] LKSC 35; (1948) 50 NLR 306 (21 December 1948),dense_br_nlr,0.918474,0.001526,0.918474,0.079121,0.000879,15,27690,39,2.6,1.408451,0,0.0,0.0,14,52,True,False,True,False,True,0.0015260969937605086,0.9184739030062395,0.0791210445895525,0.000878955410447454,1940,0.9184739030062395,0.839352858416687
1948/36.html,1948,NLR,Jamila Umma v. Mohamed - NLR - 15 of 50 [1948] LKSC 36; (1948) 50 NLR 15 (27 August 1948),dense_br_nlr,0.91954,0.00046,0.91954,0.079121,0.000879,10,11658,29,2.9,2.487562,0,0.0,0.0,11,22,True,False,False,False,True,0.00046018501851313064,0.919539814981487,0.0791210445895525,0.000878955410447454,1940,0.919539814981487,0.8404187703919345
1948/4.html,1948,NLR,Controller of Textiles v. Mohamed Miya - NLR - 105 of 49 [1948] LKSC 4; (1948) 49 NLR 105 (16 January 1948),dense_br_nlr,0.919934,6.6e-05,0.919934,0.079121,0.000879,13,10052,44,3.384615,4.377238,0,0.0,0.0,13,4,True,False,True,True,True,6.626069752681207e-05,0.9199337393024732,0.0791210445895525,0.000878955410447454,1940,0.9199337393024732,0.8408126947129207
1948/5.html,1948,NLR,"Orr v. The District Judge, Kalutara - NLR - 204 of 49 [1948] LKSC 5; (1948) 49 NLR 204 (23 January 1948)",dense_br_nlr,0.919981,1.9e-05,0.919981,0.079121,0.000879,13,7253,48,3.692308,6.617951,0,0.0,0.0,12,5,True,False,True,False,True,1.9353550912488693e-05,0.9199806464490875,0.0791210445895525,0.000878955410447454,1940,0.9199806464490875,0.840859601859535
1948/6.html,1948,NLR,Podinona v. James - NLR - 209 of 50 [1948] LKSC 6; (1948) 50 NLR 209 (5 October 1948),dense_br_nlr,0.919362,0.000638,0.919362,0.079121,0.000879,11,12930,31,2.818182,2.397525,0,0.0,0.0,11,10,True,False,True,False,False,0.0006382352681930171,0.919361764731807,0.0791210445895525,0.000878955410447454,1940,0.919361764731807,0.8402407201422545
1948/7.html,1948,NLR,"Podi Singho v. Goonesinha, A.E. - NLR - 344 of 49 [1948] LKSC 7; (1948) 49 NLR 344 (21 May 1948)",dense_br_nlr,0.92,0.0,0.92,0.079121,0.000879,16,14616,76,4.75,5.199781,0,0.0,0.0,14,10,True,False,True,False,True,2.8143004883407484e-07,0.9199997185699512,0.0791210445895525,0.000878955410447454,1940,0.9199997185699512,0.8408786739803987
1948/8.html,1948,NLR,Vallipuram v. Postmaster General - NLR - 214 of 50 [1948] LKSC 8; (1948) 50 NLR 214 (1 December 1948),dense_br_nlr,0.886403,0.033597,0.886403,0.079121,0.000879,11,14396,20,1.818182,1.389275,0,0.0,0.0,13,24,True,False,True,False,True,0.03359722410516048,0.8864027758948395,0.0791210445895525,0.000878955410447454,1940,0.8864027758948395,0.807281731305287
1948/9.html,1948,NLR,"In Re Beresford Bell, Application For Sole Testamentary Jurisdiction In Respect of the Estate of S. Beresford Bell - NLR - 136 of 49 [1948] LKSC 9; (1948) 49 NLR 136 (5 January 1948)",dense_br_nlr,0.919928,7.2e-05,0.919928,0.079121,0.000879,11,5842,37,3.363636,6.333447,0,0.0,0.0,10,4,True,False,False,False,True,7.206054145826979e-05,0.9199279394585418,0.0791210445895525,0.000878955410447454,1940,0.9199279394585418,0.8408068948689893
1949/1.html,1949,NLR,"Manufacturers Life Insurance Co., Ltd. v. Commissioner of Income Tax - NLR - 88 of 51 [1949] LKSC 1; (1949) 51 NLR 88 (13 October 1949)",dense_br_nlr,0.919998,2e-06,0.919998,0.079121,0.000879,7,5128,30,4.285714,5.850234,0,0.0,0.0,4,5,True,False,True,True,True,1.8026737682408367e-06,0.9199981973262318,0.0791210445895525,0.000878955410447454,1940,0.9199981973262318,0.8408771527366793
1949/10.html,1949,NLR,Palasamy Nadar v. Lanktree - NLR - 520 of 51 [1949] LKSC 10; (1949) 51 NLR 520 (1 October 1949),dense_br_nlr,0.919958,4.2e-05,0.919958,0.079121,0.000879,20,18984,70,3.5,3.687316,0,0.0,0.0,9,9,True,False,True,True,True,4.1766039206199146e-05,0.9199582339607938,0.0791210445895525,0.000878955410447454,1940,0.9199582339607938,0.8408371893712413
1949/11.html,1949,NLR,"De Silva, G.E. v. Attorney General Et Al. - NLR - 481 of 50 [1949] LKSC 11; (1949) 50 NLR 481 (11 April 1949)",dense_br_nlr,0.919986,1.4e-05,0.919986,0.079121,0.000879,9,16846,34,3.777778,2.018283,0,0.0,0.0,11,20,True,False,False,False,True,1.3749493730155216e-05,0.9199862505062699,0.0791210445895525,0.000878955410447454,1940,0.9199862505062699,0.8408652059167174
1949/12.html,1949,NLR,"Don Philip v. Illangaratne, T.B. - NLR - 561 of 51 [1949] LKSC 12; (1949) 51 NLR 561 (10 February 1949)",dense_br_nlr,0.919979,2.1e-05,0.919979,0.079121,0.000879,30,45365,110,3.666667,2.424777,0,0.0,0.0,16,5,True,False,False,False,False,2.1443844622899278e-05,0.9199785561553772,0.0791210445895525,0.000878955410447454,1940,0.9199785561553772,0.8408575115658247
1949/13.html,1949,NLR,In Re Frede De Silva - NLR - 55 of 51 [1949] LKSC 13; (1949) 51 NLR 55 (7 April 1949),dense_br_nlr,0.92,0.0,0.92,0.079121,0.000879,6,25603,85,14.166667,3.319923,0,0.0,0.0,7,20,True,False,True,True,True,0.0,0.92,0.0791210445895525,0.000878955410447454,1940,0.92,0.8408789554104475
1949/14.html,1949,NLR,Guillain v. Commissioner of Income Tax - NLR - 241 of 51 [1949] LKSC 14; (1949) 51 NLR 241 (22 September 1949),dense_br_nlr,0.912719,0.007281,0.912719,0.079121,0.000879,77,42379,170,2.207792,4.011421,0,0.0,0.0,21,11,True,False,True,True,True,0.007280941066498224,0.9127190589335018,0.0791210445895525,0.000878955410447454,1940,0.9127190589335018,0.8335980143439493
1949/15.html,1949,NLR,Ebrahimjee v. Commissioner of Income Tax - NLR - 220 of 50 [1949] LKSC 15; (1949) 50 NLR 220 (17 January 1949),dense_br_nlr,0.919919,8.1e-05,0.919919,0.079121,0.000879,9,6058,30,3.333333,4.952129,0,0.0,0.0,11,14,False,False,True,True,True,8.134574486875491e-05,0.9199186542551313,0.0791210445895525,0.000878955410447454,1940,0.9199186542551313,0.8407976096655788
1949/16.html,1949,NLR,Navaratnam v. Commissioner of Incometax - NLR - 528 of 51 [1949] LKSC 16; (1949) 51 NLR 528 (18 November 1949),dense_br_nlr,0.92,0.0,0.92,0.079121,0.000879,4,2019,21,5.25,10.401189,0,0.0,0.0,5,5,True,False,False,False,True,3.808742554678446e-08,0.9199999619125745,0.0791210445895525,0.000878955410447454,1940,0.9199999619125745,0.840878917323022
1949/17.html,1949,NLR,"Manufacturers'Life Insurance Co., Ltd. of Canda v. Commissioner of Stamps - NLR - 1 of 51 [1949] LKSC 17; (1949) 51 NLR 1 (27 June 1949)",dense_br_nlr,0.92,0.0,0.92,0.070464,0.009536,6,15345,117,19.5,7.624633,1,0.166667,0.065168,6,49,True,False,False,True,True,0.0,0.92,0.07046372424071644,0.009536275759283525,1940,0.92,0.8495362757592836
1949/18.html,1949,NLR,"Wijeanathan v. Elections Officer, Trincomalee District - NLR - 399 of 50 [1949] LKSC 18; (1949) 50 NLR 399 (25 February 1949)",dense_br_nlr,0.919993,7e-06,0.919993,0.079121,0.000879,17,23022,67,3.941176,2.91026,0,0.0,0.0,13,31,True,False,True,False,True,7.15217978226157e-06,0.9199928478202177,0.0791210445895525,0.000878955410447454,1940,0.9199928478202177,0.8408718032306652
1949/19.html,1949,NLR,Jayasinghe v. De Soysa - NLR - 231 of 51 [1949] LKSC 19; (1949) 51 NLR 231 (16 November 1949),dense_br_nlr,0.908842,0.011158,0.908842,0.079121,0.000879,10,5429,21,2.1,3.868116,0,0.0,0.0,5,6,True,False,True,True,True,0.011158160185532352,0.9088418398144676,0.0791210445895525,0.000878955410447454,1940,0.9088418398144676,0.8297207952249152
1949/2.html,1949,NLR,"De Mel v. De Silva, M.W.H. - NLR - 105 of 51 [1949] LKSC 2; (1949) 51 NLR 105 (8 December 1949)",dense_br_nlr,0.92,0.0,0.92,0.079121,0.000879,20,22529,110,5.5,4.882596,0,0.0,0.0,11,2,True,False,True,True,False,1.4011581139783403e-08,0.9199999859884189,0.0791210445895525,0.000878955410447454,1940,0.9199999859884189,0.8408789413988664
1949/20.html,1949,NLR,"Punchisingho v. Perera, B.H. - NLR - 455 of 51 [1949] LKSC 20; (1949) 51 NLR 455 (13 December 1949)",dense_br_nlr,0.91558,0.00442,0.91558,0.079121,0.000879,6,2052,14,2.333333,6.822612,0,0.0,0.0,4,5,False,False,False,False,False,0.0044203785217024555,0.9155796214782976,0.0791210445895525,0.000878955410447454,1940,0.9155796214782976,0.8364585768887451
1949/21.html,1949,NLR,Samarakoon v. Tikiri Banda - NLR - 259 of 51 [1949] LKSC 21; (1949) 51 NLR 259 (7 June 1949),dense_br_nlr,0.919991,9e-06,0.919991,0.079121,0.000879,9,6065,35,3.888889,5.770816,0,0.0,0.0,6,5,True,False,False,False,False,8.815956925305457e-06,0.9199911840430748,0.0791210445895525,0.000878955410447454,1940,0.9199911840430748,0.8408701394535223
1949/22.html,1949,NLR,"Mark v. Mannar, A.G.A. Et Al. - NLR - 180 of 51 [1949] LKSC 22; (1949) 51 NLR 180 (26 August 1949)",dense_br_nlr,0.919861,0.000139,0.919861,0.079121,0.000879,10,7529,32,3.2,4.250232,0,0.0,0.0,6,4,False,False,True,False,True,0.00013865352941491604,0.9198613464705852,0.0791210445895525,0.000878955410447454,1940,0.9198613464705852,0.8407403018810327
1949/23.html,1949,NLR,"Ebert Silva Bus Co., Ltd. v. High Level Road Bus Co., Ltd. - NLR - 162 of 51 [1949] LKSC 23; (1949) 51 NLR 162 (20 October 1949)",dense_br_nlr,0.919999,1e-06,0.919999,0.079121,0.000879,13,13744,57,4.384615,4.147264,0,0.0,0.0,7,6,True,False,True,True,True,1.2136928204942165e-06,0.9199987863071796,0.0791210445895525,0.000878955410447454,1940,0.9199987863071796,0.8408777417176271
1949/24.html,1949,NLR,Peradeniya Service Bus Co. v. Sri Lanka Omnibus Co. - NLR - 233 of 51 [1949] LKSC 24; (1949) 51 NLR 233 (5 December 1949),dense_br_nlr,0.919589,0.000411,0.919589,0.079121,0.000879,14,11577,41,2.928571,3.541505,0,0.0,0.0,7,6,True,False,True,False,False,0.0004105093245173519,0.9195894906754827,0.0791210445895525,0.000878955410447454,1940,0.9195894906754827,0.8404684460859302
1949/25.html,1949,NLR,Dharmaratne v. Commissioner of Elections - NLR - 429 of 52 [1949] LKSC 25; (1949) 52 NLR 429 (30 June 1949),dense_br_nlr,0.92,0.0,0.92,0.077014,0.002986,12,9304,63,5.25,6.771281,1,0.083333,0.107481,11,4,True,False,True,False,False,3.808742554678446e-08,0.9199999619125745,0.07701386338587268,0.0029861366141272767,1940,0.9199999619125745,0.8429860985267018
1949/26.html,1949,NLR,"Christoffel, S.Z. v. Dhanarath Menika - NLR - 275 of 51 [1949] LKSC 26; (1949) 51 NLR 275 (25 July 1949)",dense_br_nlr,0.919886,0.000114,0.919886,0.079121,0.000879,8,3667,26,3.25,7.090265,0,0.0,0.0,4,6,True,False,True,False,True,0.00011352300990740805,0.9198864769900926,0.0791210445895525,0.000878955410447454,1940,0.9198864769900926,0.8407654324005401
1949/27.html,1949,NLR,Krishnakutty v. Maria Nona - NLR - 66 of 51 [1949] LKSC 27; (1949) 51 NLR 66 (25 May 1949),dense_br_nlr,0.919902,9.8e-05,0.919902,0.079121,0.000879,7,5275,23,3.285714,4.36019,0,0.0,0.0,8,17,True,False,True,True,False,9.84123174334206e-05,0.9199015876825666,0.0791210445895525,0.000878955410447454,1940,0.9199015876825666,0.8407805430930141
1949/3.html,1949,NLR,"W.H. Bus Co., Ltd. v. Commissioner of Motor Transport Et Al. - NLR - 118 of 51 [1949] LKSC 3; (1949) 51 NLR 118 (30 November 1949)",dense_br_nlr,0.919907,9.3e-05,0.919907,0.079121,0.000879,10,6575,33,3.3,5.019011,0,0.0,0.0,5,7,False,False,True,False,True,9.294685839513317e-05,0.9199070531416049,0.0791210445895525,0.000878955410447454,1940,0.9199070531416049,0.8407860085520524
1949/4.html,1949,NLR,"Don Carolis v. Chairman, U.C. - NLR - 227 of 51 [1949] LKSC 4; (1949) 51 NLR 227 (3 November 1949)",dense_br_nlr,0.92,0.0,0.92,0.079121,0.000879,9,4548,44,4.888889,9.674582,0,0.0,0.0,5,6,False,False,True,False,True,1.6147140253774951e-07,0.9199998385285975,0.0791210445895525,0.000878955410447454,1940,0.9199998385285975,0.840878793939045
1949/5.html,1949,NLR,Mohamedu v. Silva - NLR - 562 of 52 [1949] LKSC 5; (1949) 52 NLR 562 (30 September 1949),dense_br_nlr,0.919986,1.4e-05,0.919986,0.077278,0.002722,13,10930,49,3.769231,4.483074,1,0.076923,0.091491,11,5,True,False,True,False,True,1.4227681722549513e-05,0.9199857723182775,0.07727829603884145,0.0027217039611585133,1940,0.9199857723182775,0.842707476279436
1949/6.html,1949,NLR,Abeyagunasekere v. Local Government Service Commission Et Al. - NLR - 8 of 51 [1949] LKSC 6; (1949) 51 NLR 8 (9 May 1949),dense_br_nlr,0.919994,6e-06,0.919994,0.07308,0.00692,7,5608,28,4.0,4.992867,1,0.142857,0.178317,8,24,True,False,True,False,True,5.652640634030704e-06,0.919994347359366,0.07308003816939575,0.006919961830604208,1940,0.919994347359366,0.8469143091899702
1949/7.html,1949,NLR,Weerasooriya v. Controller of Establishments - NLR - 189 of 51 [1949] LKSC 7; (1949) 51 NLR 189 (10 May 1949),dense_br_nlr,0.91558,0.00442,0.91558,0.079121,0.000879,15,8573,35,2.333333,4.082585,0,0.0,0.0,7,7,True,False,True,True,True,0.0044203785217024555,0.9155796214782976,0.0791210445895525,0.000878955410447454,1940,0.9155796214782976,0.8364585768887451
1949/8.html,1949,NLR,"De Mel v. De Silva, M.W.H. - NLR - 282 of 51 [1949] LKSC 8; (1949) 51 NLR 282 (5 December 1949)",dense_br_nlr,0.874128,0.045872,0.874128,0.079121,0.000879,19,21626,33,1.736842,1.525941,0,0.0,0.0,11,4,True,False,True,True,True,0.045872170368007566,0.8741278296319924,0.0791210445895525,0.000878955410447454,1940,0.8741278296319924,0.7950067850424399
1949/9.html,1949,NLR,De Silva v. Senaratne - NLR - 313 of 50 [1949] LKSC 9; (1949) 50 NLR 313 (9 March 1949),dense_br_nlr,0.92,0.0,0.92,0.079121,0.000879,15,27520,88,5.866667,3.197674,0,0.0,0.0,14,33,True,False,True,True,True,3.232371934558387e-09,0.9199999967676281,0.0791210445895525,0.000878955410447454,1940,0.9199999967676281,0.8408789521780756
1950/1.html,1950,NLR,Don Amarasekera v. Rasiah - NLR - 258 of 52 [1950] LKSC 1; (1950) 52 NLR 258 (1 June 1950),dense_br_nlr,0.918831,0.001169,0.918831,0.077655,0.002345,15,11939,40,2.666667,3.350364,1,0.066667,0.083759,12,3,True,False,True,False,True,0.0011693334049041714,0.9188306665950958,0.07765501015865511,0.002344989841344842,1950,0.9188306665950958,0.8411756564364408
1950/10.html,1950,NLR,Abdul Fareed v. Tribunal of Appeal Motor Transport Et Al. - NLR - 211 of 51 [1950] LKSC 10; (1950) 51 NLR 211 (7 February 1950),dense_br_nlr,0.919793,0.000207,0.919793,0.079121,0.000879,10,6428,31,3.1,4.822651,0,0.0,0.0,6,7,True,False,True,False,True,0.00020683142861467108,0.9197931685713854,0.0791210445895525,0.000878955410447454,1950,0.9197931685713854,0.8406721239818329
1950/11.html,1950,NLR,"Punchi Singho v. B.H. Perera, . - NLR - 143 of 53 [1950] LKSC 11; (1950) 53 NLR 143 (29 May 1950)",dense_br_nlr,0.917161,0.002839,0.917161,0.079121,0.000879,9,4402,22,2.444444,4.997728,0,0.0,0.0,9,4,True,False,True,False,False,0.002839156097273654,0.9171608439027263,0.0791210445895525,0.000878955410447454,1950,0.9171608439027263,0.8380397993131738
1950/12.html,1950,NLR,Alice Nona v. Wimalatunga - NLR - 188 of 52 [1950] LKSC 12; (1950) 52 NLR 188 (26 December 1950),dense_br_nlr,0.919773,0.000227,0.919773,0.079121,0.000879,13,10020,40,3.076923,3.992016,0,0.0,0.0,11,4,True,False,True,False,True,0.000226827624789836,0.9197731723752102,0.0791210445895525,0.000878955410447454,1950,0.9197731723752102,0.8406521277856577
1950/13.html,1950,NLR,Amugodamge Jamis v. Balasingham Et Al. - NLR - 321 of 52 [1950] LKSC 13; (1950) 52 NLR 321 (18 August 1950),dense_br_nlr,0.92,0.0,0.92,0.079121,0.000879,13,10264,86,6.615385,8.3788,0,0.0,0.0,12,4,True,False,True,False,True,1.6175769168569332e-10,0.9199999998382423,0.0791210445895525,0.000878955410447454,1950,0.9199999998382423,0.8408789552486898
1950/14.html,1950,NLR,Wijegoonewardene v. Kularatne - NLR - 453 of 51 [1950] LKSC 14; (1950) 51 NLR 453 (6 June 1950),dense_br_nlr,0.919987,1.3e-05,0.919987,0.079121,0.000879,10,4867,38,3.8,7.807684,0,0.0,0.0,6,7,True,False,True,False,False,1.2580088357818654e-05,0.9199874199116422,0.0791210445895525,0.000878955410447454,1950,0.9199874199116422,0.8408663753220897
1950/2.html,1950,NLR,"Samson Perera Et Al. v. Roberts, T.W. Et Al. - NLR - 164 of 52 [1950] LKSC 2; (1950) 52 NLR 164 (7 November 1950)",dense_br_nlr,0.91999,1e-05,0.91999,0.079121,0.000879,15,13928,58,3.866667,4.164273,0,0.0,0.0,13,5,True,False,True,False,False,9.635464165382857e-06,0.9199903645358346,0.0791210445895525,0.000878955410447454,1950,0.9199903645358346,0.8408693199462821
1950/3.html,1950,NLR,King v. Dharmasena - NLR - 481 of 51 [1950] LKSC 3; (1950) 51 NLR 481 (14 June 1950),dense_br_nlr,0.92,0.0,0.92,0.054334,0.025666,4,30981,153,38.25,4.938511,1,0.25,0.032278,16,8,True,False,False,False,True,0.0,0.92,0.05433429593403141,0.025665704065968555,1950,0.92,0.8656657040659687
1950/4.html,1950,NLR,In Re Aiyadurai - NLR - 510 of 52 [1950] LKSC 4; (1950) 52 NLR 510 (2 August 1950),dense_br_nlr,0.92,0.0,0.92,0.074596,0.005404,8,4461,38,4.75,8.518269,1,0.125,0.224165,10,9,True,False,True,True,False,2.8143004883407484e-07,0.9199997185699512,0.07459626470882964,0.0054037352911703255,1950,0.9199997185699512,0.8454034538611216
1950/5.html,1950,NLR,In Re Abu Bakr - NLR - 286 of 52 [1950] LKSC 5; (1950) 52 NLR 286 (20 September 1950),dense_br_nlr,0.919938,6.2e-05,0.919938,0.076206,0.003794,10,7900,34,3.4,4.303797,1,0.1,0.126582,9,3,True,False,True,False,True,6.230621765006995e-05,0.91993769378235,0.07620593014579462,0.003794069854205342,1950,0.91993769378235,0.8437317636365554
1950/6.html,1950,NLR,Mohamed Cassim v. Abdul Hameed - NLR - 310 of 51 [1950] LKSC 6; (1950) 51 NLR 310 (9 February 1950),dense_br_nlr,0.919958,4.2e-05,0.919958,0.079121,0.000879,10,8025,35,3.5,4.361371,0,0.0,0.0,6,5,True,False,True,False,True,4.1766039206199146e-05,0.9199582339607938,0.0791210445895525,0.000878955410447454,1950,0.9199582339607938,0.8408371893712413
1950/7.html,1950,NLR,Bandiya v. The Land Commissioner - NLR - 95 of 52 [1950] LKSC 7; (1950) 52 NLR 95 (19 July 1950),dense_br_nlr,0.91925,0.00075,0.91925,0.075556,0.004444,9,4180,25,2.777778,5.980861,1,0.111111,0.239234,9,7,False,False,True,False,True,0.0007500960722439088,0.9192499039277562,0.07555606618252449,0.004443933817475475,1950,0.9192499039277562,0.8436938377452317
1950/8.html,1950,NLR,Andree v. De Fonseka - NLR - 213 of 51 [1950] LKSC 8; (1950) 51 NLR 213 (10 February 1950),dense_br_nlr,0.91868,0.00132,0.91868,0.079121,0.000879,11,8415,29,2.636364,3.446227,0,0.0,0.0,7,4,True,False,True,False,True,0.001319802457746282,0.9186801975422537,0.0791210445895525,0.000878955410447454,1950,0.9186801975422537,0.8395591529527012
1950/9.html,1950,NLR,Hinniappuhamy v. Commisioner of Motor Transport - NLR - 280 of 51 [1950] LKSC 9; (1950) 51 NLR 280 (24 March 1950),dense_br_nlr,0.919691,0.000309,0.919691,0.079121,0.000879,8,3814,24,3.0,6.292606,0,0.0,0.0,5,5,True,False,True,False,False,0.0003085221200290622,0.919691477879971,0.0791210445895525,0.000878955410447454,1950,0.919691477879971,0.8405704332904185
1951/1.html,1951,NLR,"Kodakan Pillai, G.S.N. v. Mudanayake, P.B. - NLR - 350 of 54 [1951] LKSC 1; (1951) 54 NLR 350 (25 October 1951)",dense_br_nlr,0.919979,2.1e-05,0.919979,0.079121,0.000879,15,11195,55,3.666667,4.912908,0,0.0,0.0,14,9,True,False,True,False,True,2.1443844622899278e-05,0.9199785561553772,0.0791210445895525,0.000878955410447454,1950,0.9199785561553772,0.8408575115658247
1951/10.html,1951,NLR,"Fonseka, H.F.C. v. Sellathurai, S. - NLR - 486 of 54 [1951] LKSC 10; (1951) 54 NLR 486 (9 November 1951)",dense_br_nlr,0.91661,0.00339,0.91661,0.079121,0.000879,25,21207,60,2.4,2.829254,0,0.0,0.0,18,12,True,False,True,False,True,0.0033895007074810214,0.916610499292519,0.0791210445895525,0.000878955410447454,1950,0.916610499292519,0.8374894547029665
1951/11.html,1951,NLR,O.T. De Silva v. K.S. De Silva - NLR - 343 of 53 [1951] LKSC 11; (1951) 53 NLR 343 (16 October 1951),dense_br_nlr,0.919992,8e-06,0.919992,0.079121,0.000879,13,12289,51,3.923077,4.150053,0,0.0,0.0,10,4,True,False,True,False,True,7.689168046187688e-06,0.9199923108319539,0.0791210445895525,0.000878955410447454,1950,0.9199923108319539,0.8408712662424014
1951/12.html,1951,NLR,"R.A.Piyasena v. A.J.M. De Silva, Et Al - NLR - 460 of 53 [1951] LKSC 12; (1951) 53 NLR 460 (19 December 1951)",dense_br_nlr,0.919996,4e-06,0.919996,0.079121,0.000879,17,17169,69,4.058824,4.018871,0,0.0,0.0,13,3,True,False,True,False,False,4.467496090945211e-06,0.9199955325039091,0.0791210445895525,0.000878955410447454,1950,0.9199955325039091,0.8408744879143566
1951/13.html,1951,NLR,Thomas v. Wanigasekera - NLR - 526 of 53 [1951] LKSC 13; (1951) 53 NLR 526 (11 May 1951),dense_br_nlr,0.919983,1.7e-05,0.919983,0.076669,0.003331,11,6176,41,3.727273,6.638601,1,0.090909,0.161917,10,4,True,False,True,False,True,1.682757076182817e-05,0.9199831724292382,0.07666944722808026,0.003330552771919697,1950,0.9199831724292382,0.843313725201158
1951/14.html,1951,NLR,"Ebert Silva Omnibus Co., Ltd. v. High Level Road Bus Co., Ltd Et Al . - NLR - 260 of 53 [1951] LKSC 14; (1951) 53 NLR 260 (16 October 1951)",dense_br_nlr,0.919987,1.3e-05,0.919987,0.076206,0.003794,10,6025,38,3.8,6.307054,1,0.1,0.165975,10,3,True,False,True,False,True,1.2580088357818654e-05,0.9199874199116422,0.07620593014579462,0.003794069854205342,1950,0.9199874199116422,0.8437814897658477
1951/15.html,1951,NLR,"United Bus Co., Ltd. v. Kandy Town Bus Co., Ltd. - NLR - 529 of 52 [1951] LKSC 15; (1951) 52 NLR 529 (2 July 1951)",dense_br_nlr,0.92,0.0,0.92,0.078225,0.001775,21,22599,128,6.095238,5.663967,1,0.047619,0.04425,15,3,True,False,True,False,True,1.2955460437780177e-09,0.919999998704454,0.07822487179128658,0.0017751282087133781,1950,0.919999998704454,0.8417751269131675
1951/16.html,1951,NLR,Baby Nona v. Arthur Silva - NLR - 166 of 54 [1951] LKSC 16; (1951) 54 NLR 166 (21 August 1951),dense_br_nlr,0.919919,8.1e-05,0.919919,0.079121,0.000879,9,6128,30,3.333333,4.895561,0,0.0,0.0,12,10,True,False,True,False,True,8.134574486875491e-05,0.9199186542551313,0.0791210445895525,0.000878955410447454,1950,0.9199186542551313,0.8407976096655788
1951/17.html,1951,NLR,Themanis v. Lawaris - NLR - 334 of 52 [1951] LKSC 17; (1951) 52 NLR 334 (20 February 1951),dense_br_nlr,0.918831,0.001169,0.918831,0.075556,0.004444,9,4449,24,2.666667,5.394471,1,0.111111,0.22477,9,4,True,False,True,False,True,0.0011693334049041714,0.9188306665950958,0.07555606618252449,0.004443933817475475,1950,0.9188306665950958,0.8432746004125713
1951/2.html,1951,NLR,Badurdeen v. Commissioner For the Registration of Indian and Pakistani Residents - NLR - 354 of 52 [1951] LKSC 2; (1951) 52 NLR 354 (18 May 1951),dense_br_nlr,0.92,0.0,0.92,0.079121,0.000879,12,9482,60,5.0,6.327779,0,0.0,0.0,10,3,True,False,True,False,True,1.0353234911164577e-07,0.9199998964676509,0.0791210445895525,0.000878955410447454,1950,0.9199998964676509,0.8408788518780984
1951/3.html,1951,NLR,Murugesu v. Amerasinghe Et Al. - NLR - 303 of 52 [1951] LKSC 3; (1951) 52 NLR 303 (27 February 1951),dense_br_nlr,0.919877,0.000123,0.919877,0.077278,0.002722,13,9486,42,3.230769,4.427577,1,0.076923,0.105419,11,4,True,False,True,False,True,0.00012259909972111682,0.9198774009002789,0.07727829603884145,0.0027217039611585133,1950,0.9198774009002789,0.8425991048614374
1951/4.html,1951,NLR,"Nagalingam J., Gratiaen J. and Gunasekara J. - NLR - 559 of 52 [1951] LKSC 4; (1951) 52 NLR 559 (26 July 1951)",dense_br_nlr,0.91022,0.00978,0.91022,0.077655,0.002345,15,9442,32,2.133333,3.389112,1,0.066667,0.10591,11,4,True,False,True,True,True,0.009780143636810604,0.9102198563631895,0.07765501015865511,0.002344989841344842,1950,0.9102198563631895,0.8325648462045343
1951/5.html,1951,NLR,Edwin Et Al v. Sinnanhamy - NLR - 424 of 53 [1951] LKSC 5; (1951) 53 NLR 424 (8 June 1951),dense_br_nlr,0.919999,1e-06,0.919999,0.065406,0.014594,5,2379,22,4.4,9.247583,1,0.2,0.420345,7,3,True,False,False,True,True,1.1412540578215058e-06,0.9199988587459422,0.06540595809549146,0.014594041904508505,1950,0.9199988587459422,0.8545929006504508
1951/6.html,1951,NLR,Seyavarthana v. Hudson - NLR - 145 of 53 [1951] LKSC 6; (1951) 53 NLR 145 (27 August 1951),dense_br_nlr,0.919998,2e-06,0.919998,0.076669,0.003331,11,8473,47,4.272727,5.547032,1,0.090909,0.118022,11,4,False,False,True,True,True,1.8987938810610673e-06,0.919998101206119,0.07666944722808026,0.003330552771919697,1950,0.919998101206119,0.8433286539780388
1951/7.html,1951,NLR,"Chatoor v. The General Assurance Society, Ltd. - NLR - 169 of 60 [1951] LKSC 7; (1951) 60 NLR 169 (13 October 1951)",paragraph_nlr,0.873224,0.873224,0.046776,0.079121,0.000879,82,40264,22,0.268293,0.546394,0,0.0,0.0,15,37,True,False,True,True,True,0.8732242726663615,0.04677572733363852,0.0791210445895525,0.000878955410447454,1950,0.8732242726663615,0.794103228076809
1951/8.html,1951,NLR,"Commissioner of Income Tax v. The Glasgow Estate Co, Ltd. - NLR - 289 of 58 [1951] LKSC 8; (1951) 58 NLR 289 (1 January 1951)",dense_br_nlr,0.919856,0.000144,0.919856,0.078225,0.001775,21,19180,67,3.190476,3.493222,1,0.047619,0.052138,19,4,True,False,True,True,True,0.00014403673556030228,0.9198559632644397,0.07822487179128658,0.0017751282087133781,1950,0.9198559632644397,0.8416310914731532
1951/9.html,1951,NLR,Sutherland v. Commissioner of Income Tax - NLR - 553 of 52 [1951] LKSC 9; (1951) 52 NLR 553 (27 April 1951),dense_br_nlr,0.919881,0.000119,0.919881,0.078225,0.001775,21,18937,68,3.238095,3.590854,1,0.047619,0.052807,14,4,True,False,True,True,True,0.00011905904287131898,0.9198809409571287,0.07822487179128658,0.0017751282087133781,1950,0.9198809409571287,0.8416560691658421
1952/1.html,1952,NLR,Attorney General v. Sri Skandarajah - NLR - 409 of 53 [1952] LKSC 1; (1952) 53 NLR 409 (11 February 1952),dense_br_nlr,0.919962,3.8e-05,0.919962,0.07833,0.00167,23,25882,81,3.521739,3.129588,1,0.043478,0.038637,18,3,True,False,True,True,True,3.82878008959775e-05,0.919961712199104,0.0783295469329291,0.0016704530670708726,1950,0.919961712199104,0.8416321652661749
1952/10.html,1952,NLR,Commissioner of Income Tax v. Mrs. A. J. Sutherland - NLR - 529 of 53 [1952] LKSC 10; (1952) 53 NLR 529 (10 June 1952),dense_br_nlr,0.92,0.0,0.92,0.07809,0.00191,19,19920,103,5.421053,5.170683,1,0.052632,0.050201,15,4,True,False,True,False,True,1.9214634665587485e-08,0.9199999807853654,0.07808955479507407,0.0019104452049258926,1950,0.9199999807853654,0.8419104259902913
1952/11.html,1952,NLR,In Re S.N. Rajah - NLR - 263 of 54 [1952] LKSC 11; (1952) 54 NLR 263 (10 October 1952),dense_br_nlr,0.89445,0.02555,0.89445,0.079121,0.000879,9,2847,17,1.888889,5.971198,0,0.0,0.0,7,6,True,False,True,False,False,0.025550389689338725,0.8944496103106613,0.0791210445895525,0.000878955410447454,1950,0.8944496103106613,0.8153285657211088
1952/12.html,1952,NLR,Jayasinghe v. Dayaratne - NLR - 190 of 54 [1952] LKSC 12; (1952) 54 NLR 190 (24 August 1952),dense_br_nlr,0.919998,2e-06,0.919998,0.079121,0.000879,7,2771,30,4.285714,10.826416,0,0.0,0.0,10,9,True,False,True,False,False,1.8026737682408367e-06,0.9199981973262318,0.0791210445895525,0.000878955410447454,1950,0.9199981973262318,0.8408771527366793
1952/13.html,1952,NLR,"Peradeniya Service Bus Co.,Ltd. v. Sri Lanka Omnibus Co.,Ltd. - NLR - 553 of 53 [1952] LKSC 13; (1952) 53 NLR 553 (22 June 1952)",dense_br_nlr,0.919999,1e-06,0.919999,0.077655,0.002345,15,15958,65,4.333333,4.073192,1,0.066667,0.062664,12,4,True,False,True,False,True,1.490028622419537e-06,0.9199985099713777,0.07765501015865511,0.002344989841344842,1950,0.9199985099713777,0.8423434998127226
1952/14.html,1952,NLR,"Chelvanyakam, S.J.V. v. Natesan, S. - NLR - 304 of 54 [1952] LKSC 14; (1952) 54 NLR 304 (21 October 1952)",dense_br_nlr,0.92,0.0,0.92,0.079121,0.000879,13,8915,67,5.153846,7.515423,0,0.0,0.0,20,11,True,False,True,True,True,5.5952334956366204e-08,0.919999944047665,0.0791210445895525,0.000878955410447454,1950,0.919999944047665,0.8408788994581126
1952/15.html,1952,NLR,"Munasinghe, J.C.W. v. Corea, S.C.S. - NLR - 283 of 54 [1952] LKSC 15; (1952) 54 NLR 283 (28 October 1952)",dense_br_nlr,0.92,0.0,0.92,0.079121,0.000879,15,16415,116,7.733333,7.066707,0,0.0,0.0,19,15,True,False,True,False,False,1.8483348185327486e-12,0.9199999999981517,0.0791210445895525,0.000878955410447454,1950,0.9199999999981517,0.8408789554085992
1952/16.html,1952,NLR,"Wirasinha, V.L. v. Badurdeen, M.A.C. - NLR - 127 of 54 [1952] LKSC 16; (1952) 54 NLR 127 (6 October 1952)",dense_br_nlr,0.919999,1e-06,0.919999,0.079121,0.000879,13,9480,58,4.461538,6.118143,0,0.0,0.0,17,9,False,False,True,False,False,8.922365233754449e-07,0.9199991077634767,0.0791210445895525,0.000878955410447454,1950,0.9199991077634767,0.8408780631739242
1952/17.html,1952,NLR,In Re C. E. De S. Senaratne - NLR - 97 of 55 [1952] LKSC 17; (1952) 55 NLR 97 (6 December 1952),dense_br_nlr,0.917952,0.002048,0.917952,0.07809,0.00191,19,9066,48,2.526316,5.294507,1,0.052632,0.110302,12,3,True,False,True,True,False,0.0020480355449305643,0.9179519644550694,0.07808955479507407,0.0019104452049258926,1950,0.9179519644550694,0.8398624096599954
1952/18.html,1952,NLR,"Basnayake, D.A. v. Gunasekera, D.L. - NLR - 561 of 54 [1952] LKSC 18; (1952) 54 NLR 561 (24 April 1952)",dense_br_nlr,0.919786,0.000214,0.919786,0.079121,0.000879,11,8456,34,3.090909,4.020814,0,0.0,0.0,12,10,True,False,True,False,True,0.0002144892844802282,0.9197855107155198,0.0791210445895525,0.000878955410447454,1950,0.9197855107155198,0.8406644661259673
1952/19.html,1952,NLR,Mailenthinona v. Peiris & De Silva & Co. - NLR - 188 of 54 [1952] LKSC 19; (1952) 54 NLR 188 (23 July 1952),dense_br_nlr,0.91925,0.00075,0.91925,0.079121,0.000879,9,5419,25,2.777778,4.613397,0,0.0,0.0,12,9,True,False,True,False,True,0.0007500960722439088,0.9192499039277562,0.0791210445895525,0.000878955410447454,1950,0.9192499039277562,0.8401288593382037
1952/2.html,1952,NLR,Arunasalam Periasamy v. Commmissioner For Registration of Indian and Pakistani Residents - NLR - 425 of 53 [1952] LKSC 2; (1952) 53 NLR 425 (3 April 1952),dense_br_nlr,0.92,0.0,0.92,0.077655,0.002345,15,12607,84,5.6,6.662965,1,0.066667,0.079321,12,4,True,False,True,False,True,9.392243822681224e-09,0.9199999906077562,0.07765501015865511,0.002344989841344842,1950,0.9199999906077562,0.842344980449101
1952/3.html,1952,NLR,Krishnan v. Sittampalam - NLR - 19 of 54 [1952] LKSC 3; (1952) 54 NLR 19 (7 August 1952),dense_br_nlr,0.919691,0.000309,0.919691,0.079121,0.000879,7,3082,21,3.0,6.813757,0,0.0,0.0,10,8,True,False,False,False,True,0.0003085221200290622,0.919691477879971,0.0791210445895525,0.000878955410447454,1950,0.919691477879971,0.8405704332904185
1952/4.html,1952,NLR,Additional Controller of Establishments v. Cornels Fernando - NLR - 45 of 54 [1952] LKSC 4; (1952) 54 NLR 45 (8 February 1952),dense_br_nlr,0.916396,0.003604,0.916396,0.079121,0.000879,13,11362,31,2.384615,2.728393,0,0.0,0.0,11,7,False,False,True,False,True,0.00360379985497445,0.9163962001450255,0.0791210445895525,0.000878955410447454,1950,0.9163962001450255,0.837275155555473
1952/5.html,1952,NLR,"Thabrew v. Yatawara, S.B. - NLR - 117 of 54 [1952] LKSC 5; (1952) 54 NLR 117 (17 July 1952)",dense_br_nlr,0.919965,3.5e-05,0.919965,0.079121,0.000879,11,8563,39,3.545455,4.554479,0,0.0,0.0,11,11,True,False,True,False,False,3.482275656973677e-05,0.9199651772434303,0.0791210445895525,0.000878955410447454,1950,0.9199651772434303,0.8408441326538778
1952/6.html,1952,NLR,"Kunasingham, S V v. Ponnambalam, G.G. - NLR - 36 of 54 [1952] LKSC 6; (1952) 54 NLR 36 (18 August 1952)",dense_br_nlr,0.919892,0.000108,0.919892,0.079121,0.000879,19,23520,62,3.263158,2.636054,0,0.0,0.0,15,10,True,False,True,True,True,0.00010770326220114867,0.9198922967377989,0.0791210445895525,0.000878955410447454,1950,0.9198922967377989,0.8407712521482464
1952/7.html,1952,NLR,Solicitor General v. Jayawickreme - NLR - 320 of 53 [1952] LKSC 7; (1952) 53 NLR 320 (4 March 1952),dense_br_nlr,0.92,0.0,0.92,0.079121,0.000879,9,7221,63,7.0,8.724553,0,0.0,0.0,12,2,True,False,False,True,False,3.473124898789593e-11,0.9199999999652688,0.0791210445895525,0.000878955410447454,1950,0.9199999999652688,0.8408789553757163
1952/8.html,1952,NLR,"Gamini Bus Company, Ltd. v. Commissioner of Income Tax - NLR - 97 of 54 [1952] LKSC 8; (1952) 54 NLR 97 (29 July 1952)",dense_br_nlr,0.919963,3.7e-05,0.919963,0.079121,0.000879,17,17673,60,3.529412,3.395009,0,0.0,0.0,17,12,True,False,True,False,True,3.713056886226252e-05,0.9199628694311378,0.0791210445895525,0.000878955410447454,1950,0.9199628694311378,0.8408418248415853
1952/9.html,1952,NLR,"Jaysinghe, D.W. v. Dayaratne, D.G. - NLR - 469 of 55 [1952] LKSC 9; (1952) 55 NLR 469 (17 December 1952)",dense_br_nlr,0.919993,7e-06,0.919993,0.077655,0.002345,15,12351,59,3.933333,4.776941,1,0.066667,0.080965,12,3,True,False,True,False,True,7.380112830199792e-06,0.9199926198871698,0.07765501015865511,0.002344989841344842,1950,0.9199926198871698,0.8423376097285147
1953/1.html,1953,NLR,"Commisioner of Income Tax v. Allaudin, A.H.M. - NLR - 385 of 54 [1953] LKSC 1; (1953) 54 NLR 385 (27 February 1953)",dense_br_nlr,0.919954,4.6e-05,0.919954,0.079121,0.000879,19,19428,66,3.473684,3.397159,0,0.0,0.0,27,13,True,False,True,True,True,4.6401997635752145e-05,0.9199535980023643,0.0791210445895525,0.000878955410447454,1950,0.9199535980023643,0.8408325534128118
1953/10.html,1953,NLR,"Abeywardene, M.J. v. Dharmapala, C.A. - NLR - 138 of 55 [1953] LKSC 10; (1953) 55 NLR 138 (25 September 1953)",dense_br_nlr,0.919851,0.000149,0.919851,0.076669,0.003331,11,8036,35,3.181818,4.355401,1,0.090909,0.12444,10,5,True,False,True,False,True,0.00014911157602450764,0.9198508884239756,0.07666944722808026,0.003330552771919697,1950,0.9198508884239756,0.8431814411958953
1953/11.html,1953,NLR,"Abeyawardene, I.F. v. Jayanayake, C.E. - NLR - 54 of 55 [1953] LKSC 11; (1953) 55 NLR 54 (11 September 1953)",dense_br_nlr,0.91954,0.00046,0.91954,0.079121,0.000879,10,5811,29,2.9,4.990535,0,0.0,0.0,11,7,False,False,True,False,True,0.00046018501851313064,0.919539814981487,0.0791210445895525,0.000878955410447454,1950,0.919539814981487,0.8404187703919345
1953/12.html,1953,NLR,"Poravia Pillai, S.P. v. Commissioner For Registration of Indian and Pakistani Residents - NLR - 407 of 54 [1953] LKSC 12; (1953) 54 NLR 407 (3 February 1953)",dense_br_nlr,0.919873,0.000127,0.919873,0.079121,0.000879,9,4719,29,3.222222,6.14537,0,0.0,0.0,11,7,False,False,True,False,True,0.00012686240140611372,0.9198731375985939,0.0791210445895525,0.000878955410447454,1950,0.9198731375985939,0.8407520930090414
1953/13.html,1953,NLR,"Sivan Pillai, R. v. Commissioner For the Registrartion of Indian and Pakistani Residents - NLR - 310 of 54 [1953] LKSC 13; (1953) 54 NLR 310 (3 February 1953)",dense_br_nlr,0.919851,0.000149,0.919851,0.079121,0.000879,11,7975,35,3.181818,4.388715,0,0.0,0.0,13,9,True,False,True,True,False,0.00014911157602450764,0.9198508884239756,0.0791210445895525,0.000878955410447454,1950,0.9198508884239756,0.8407298438344231
1953/14.html,1953,NLR,Mrs. Hensman v. Mrs. Mary Stephen - NLR - 89 of 55 [1953] LKSC 14; (1953) 55 NLR 89 (12 October 1953),dense_br_nlr,0.918945,0.001055,0.918945,0.077278,0.002722,13,9880,35,2.692308,3.54251,1,0.076923,0.101215,11,3,True,False,True,True,True,0.001055478008282025,0.918944521991718,0.07727829603884145,0.0027217039611585133,1950,0.918944521991718,0.8416662259528767
1953/15.html,1953,NLR,"Perera, A.G. v. Amerasinghe - NLR - 477 of 54 [1953] LKSC 15; (1953) 54 NLR 477 (6 February 1953)",dense_br_nlr,0.919997,3e-06,0.919997,0.079121,0.000879,11,8459,46,4.181818,5.437995,0,0.0,0.0,13,11,True,False,True,False,True,2.731508388800208e-06,0.9199972684916112,0.0791210445895525,0.000878955410447454,1950,0.9199972684916112,0.8408762239020587
1953/16.html,1953,NLR,Seyed Mohamed v. Mohamed Ali Lebbe - NLR - 307 of 54 [1953] LKSC 16; (1953) 54 NLR 307 (5 February 1953),dense_br_nlr,0.91995,5e-05,0.91995,0.079121,0.000879,11,8171,38,3.454545,4.650594,0,0.0,0.0,13,8,True,False,True,True,True,5.009366224074885e-05,0.9199499063377593,0.0791210445895525,0.000878955410447454,1950,0.9199499063377593,0.8408288617482068
1953/17.html,1953,NLR,"Hassen, A.R.A. v. Marikkar, C.L.M. - NLR - 190 of 55 [1953] LKSC 17; (1953) 55 NLR 190 (31 March 1953)",dense_br_nlr,0.919691,0.000309,0.919691,0.076206,0.003794,10,5772,30,3.0,5.197505,1,0.1,0.17325,10,3,True,False,True,False,True,0.0003085221200290622,0.919691477879971,0.07620593014579462,0.003794069854205342,1950,0.919691477879971,0.8434855477341764
1953/18.html,1953,NLR,"In Re South Western Bus Co., Ltd. - NLR - 30 of 56 [1953] LKSC 18; (1953) 56 NLR 30 (11 September 1953)",dense_br_nlr,0.919998,2e-06,0.919998,0.079121,0.000879,21,27231,89,4.238095,3.268334,0,0.0,0.0,15,9,True,False,True,True,False,2.1809195033517527e-06,0.9199978190804967,0.0791210445895525,0.000878955410447454,1950,0.9199978190804967,0.8408767744909442
1953/19.html,1953,NLR,"Ebert Silva Bus Co., Ltd. v. Commisiner of Motor Transport - NLR - 371 of 55 [1953] LKSC 19; (1953) 55 NLR 371 (11 September 1953)",dense_br_nlr,0.919934,6.6e-05,0.919934,0.077278,0.002722,13,8662,44,3.384615,5.079658,1,0.076923,0.115447,11,3,False,False,True,True,False,6.626069752681207e-05,0.9199337393024732,0.07727829603884145,0.0027217039611585133,1950,0.9199337393024732,0.8426554432636317
1953/2.html,1953,NLR,Cooray v. Grero - NLR - 87 of 56 [1953] LKSC 2; (1953) 56 NLR 87 (7 July 1953),dense_br_nlr,0.92,0.0,0.92,0.079121,0.000879,18,16418,111,6.166667,6.760872,0,0.0,0.0,13,8,True,False,True,False,True,9.73571756546221e-10,0.9199999990264283,0.0791210445895525,0.000878955410447454,1950,0.9199999990264283,0.8408789544368758
1953/20.html,1953,NLR,"In Re South Western Bus Co., Ltd. - NLR - 399 of 55 [1953] LKSC 20; (1953) 55 NLR 399 (11 September 1953)",dense_br_nlr,0.919999,1e-06,0.919999,0.078162,0.001838,20,23494,88,4.4,3.745637,1,0.05,0.042564,13,3,False,False,True,True,False,1.1412540578215058e-06,0.9199988587459422,0.07816181040719791,0.0018381895928020482,1950,0.9199988587459422,0.8418370483387443
1953/21.html,1953,NLR,"Abraham Singho, H. v. Mrs. Kusumasiri Gunawardena - NLR - 546 of 54 [1953] LKSC 21; (1953) 54 NLR 546 (22 June 1953)",dense_br_nlr,0.92,0.0,0.92,0.079121,0.000879,15,11946,73,4.866667,6.110832,0,0.0,0.0,15,13,True,False,True,True,True,1.764814967186723e-07,0.9199998235185033,0.0791210445895525,0.000878955410447454,1950,0.9199998235185033,0.8408787789289508
1953/22.html,1953,NLR,"Chelvanayagam, S J V v. Natesan, S. - NLR - 140 of 55 [1953] LKSC 22; (1953) 55 NLR 140 (21 September 1953)",dense_br_nlr,0.919998,2e-06,0.919998,0.079121,0.000879,15,10555,64,4.266667,6.063477,0,0.0,0.0,12,9,True,False,True,True,False,1.945382925354622e-06,0.9199980546170747,0.0791210445895525,0.000878955410447454,1950,0.9199980546170747,0.8408770100275222
1953/23.html,1953,NLR,"Cooray, P.A. v. Fernando, H.J.G. - NLR - 400 of 54 [1953] LKSC 23; (1953) 54 NLR 400 (18 February 1953)",dense_br_nlr,0.919999,1e-06,0.919999,0.07809,0.00191,19,19882,87,4.578947,4.375817,1,0.052632,0.050297,15,10,True,False,True,True,True,5.578530752892163e-07,0.9199994421469248,0.07808955479507407,0.0019104452049258926,1950,0.9199994421469248,0.8419098873518507
1953/24.html,1953,NLR,In Re C. W. F. A. Jayawardene - NLR - 358 of 54 [1953] LKSC 24; (1953) 54 NLR 358 (30 January 1953),dense_br_nlr,0.919994,6e-06,0.919994,0.079121,0.000879,11,7540,44,4.0,5.835544,0,0.0,0.0,8,6,False,False,True,False,True,5.652640634030704e-06,0.919994347359366,0.0791210445895525,0.000878955410447454,1950,0.919994347359366,0.8408733027698135
1953/25.html,1953,NLR,"Kadramer, R.B. v. Cassim, M.L.M. - NLR - 39 of 55 [1953] LKSC 25; (1953) 55 NLR 39 (26 August 1953)",dense_br_nlr,0.919033,0.000967,0.919033,0.07308,0.00692,7,2634,19,2.714286,7.213364,1,0.142857,0.379651,9,5,False,False,False,False,True,0.0009667438684064856,0.9190332561315936,0.07308003816939575,0.006919961830604208,1950,0.9190332561315936,0.8459532179621978
1953/26.html,1953,NLR,"Munasinghe, J.C.W. v. Corea, S.C.S. - NLR - 265 of 55 [1953] LKSC 26; (1953) 55 NLR 265 (18 December 1953)",dense_br_nlr,0.919947,5.3e-05,0.919947,0.079121,0.000879,25,30536,86,3.44,2.816348,0,0.0,0.0,19,4,True,True,True,True,True,5.309438804180999e-05,0.9199469056119582,0.0791210445895525,0.000878955410447454,1950,0.9199469056119582,0.8408258610224058
1953/27.html,1953,NLR,"Ponnambalam, G.G. v. Kunasingham, S.V. - NLR - 418 of 55 [1953] LKSC 27; (1953) 55 NLR 418 (26 October 1953)",dense_br_nlr,0.917519,0.002481,0.917519,0.07833,0.00167,23,25021,57,2.478261,2.278086,1,0.043478,0.039966,16,3,True,False,True,True,False,0.002480919792722647,0.9175190802072773,0.0783295469329291,0.0016704530670708726,1950,0.9175190802072773,0.8391895332743482
1953/28.html,1953,NLR,"Ramalingam, K. v. Kumaraswamy, V. - NLR - 494 of 54 [1953] LKSC 28; (1953) 54 NLR 494 (13 May 1953)",dense_br_nlr,0.919802,0.000198,0.919802,0.079121,0.000879,27,32634,84,3.111111,2.574003,0,0.0,0.0,20,11,True,False,True,False,True,0.00019784222705539369,0.9198021577729446,0.0791210445895525,0.000878955410447454,1950,0.9198021577729446,0.8406811131833921
1953/29.html,1953,NLR,"Senaratne, D.L. v. Maggie Nona, H.A. - NLR - 575 of 54 [1953] LKSC 29; (1953) 54 NLR 575 (13 January 1953)",dense_br_nlr,0.919969,3.1e-05,0.919969,0.079121,0.000879,7,3020,25,3.571429,8.278146,0,0.0,0.0,11,6,True,False,True,False,True,3.138653039760353e-05,0.9199686134696025,0.0791210445895525,0.000878955410447454,1950,0.9199686134696025,0.84084756888005
1953/3.html,1953,NLR,De Silva Wijesundera v. Public Service Commission - NLR - 94 of 55 [1953] LKSC 3; (1953) 55 NLR 94 (14 July 1953),dense_br_nlr,0.918831,0.001169,0.918831,0.079121,0.000879,9,2884,24,2.666667,8.321775,0,0.0,0.0,9,3,True,False,True,False,True,0.0011693334049041714,0.9188306665950958,0.0791210445895525,0.000878955410447454,1950,0.9188306665950958,0.8397096220055433
1953/4.html,1953,NLR,Billimoria v. Commissioner For Registration of Indian and Pakistani Residents - NLR - 156 of 56 [1953] LKSC 4; (1953) 56 NLR 156 (15 December 1953),dense_br_nlr,0.919886,0.000114,0.919886,0.079121,0.000879,8,3521,26,3.25,7.384266,0,0.0,0.0,6,6,False,False,True,False,True,0.00011352300990740805,0.9198864769900926,0.0791210445895525,0.000878955410447454,1950,0.9198864769900926,0.8407654324005401
1953/5.html,1953,NLR,Easiah v. Commissioner For Registration of Indian and Pakistani Residents - NLR - 37 of 58 [1953] LKSC 5; (1953) 58 NLR 37 (10 June 1953),dense_br_nlr,0.918831,0.001169,0.918831,0.075556,0.004444,9,3577,24,2.666667,6.709533,1,0.111111,0.279564,10,7,True,False,True,True,True,0.0011693334049041714,0.9188306665950958,0.07555606618252449,0.004443933817475475,1950,0.9188306665950958,0.8432746004125713
1953/6.html,1953,NLR,"Thomas, P.A.G. v. Commisioner For Registration of Indian and Pakistani Residents - NLR - 40 of 55 [1953] LKSC 6; (1953) 55 NLR 40 (26 August 1953)",dense_br_nlr,0.919979,2.1e-05,0.919979,0.077655,0.002345,15,12247,55,3.666667,4.490896,1,0.066667,0.081653,12,6,True,False,True,False,True,2.1443844622899278e-05,0.9199785561553772,0.07765501015865511,0.002344989841344842,1950,0.9199785561553772,0.842323545996722
1953/7.html,1953,NLR,"Chelvanayagam, S J V v. Natesan, S. - NLR - 16 of 55 [1953] LKSC 7; (1953) 55 NLR 16 (31 March 1953)",dense_br_nlr,0.92,0.0,0.92,0.076669,0.003331,11,7268,52,4.727273,7.154651,1,0.090909,0.137589,10,11,False,False,True,False,True,3.082132436071916e-07,0.9199996917867564,0.07666944722808026,0.003330552771919697,1950,0.9199996917867564,0.8433302445586762
1953/8.html,1953,NLR,"Suffragam Rubber and Tea Co., Ltd. v. Muhsin, M.J.M. - NLR - 44 of 55 [1953] LKSC 8; (1953) 55 NLR 44 (17 July 1953)",dense_br_nlr,0.919992,8e-06,0.919992,0.079121,0.000879,11,9531,43,3.909091,4.511594,0,0.0,0.0,11,6,False,False,False,False,False,8.131587023236797e-06,0.9199918684129768,0.0791210445895525,0.000878955410447454,1950,0.9199918684129768,0.8408708238234243
1953/9.html,1953,NLR,In Re Jayetilleke - NLR - 49 of 56 [1953] LKSC 9; (1953) 56 NLR 49 (9 July 1953),dense_br_nlr,0.919877,0.000123,0.919877,0.079121,0.000879,13,9914,42,3.230769,4.236433,0,0.0,0.0,10,6,True,False,True,True,True,0.00012259909972111682,0.9198774009002789,0.0791210445895525,0.000878955410447454,1950,0.9198774009002789,0.8407563563107264
1954/1.html,1954,NLR,"North Western Blue Line Bus Co., Ltd. v. Green Line Omnibus Co., Ltd.Et Al. - NLR - 116 of 56 [1954] LKSC 1; (1954) 56 NLR 116 (8 October 1954)",dense_br_nlr,0.919429,0.000571,0.919429,0.079121,0.000879,13,6864,37,2.846154,5.390443,0,0.0,0.0,8,6,False,False,True,False,False,0.0005707163993443266,0.9194292836006557,0.0791210445895525,0.000878955410447454,1950,0.9194292836006557,0.8403082390111032
1954/10.html,1954,NLR,South Western Omnibus Co. Ltd. v. James Silva - NLR - 330 of 56 [1954] LKSC 10; (1954) 56 NLR 330 (10 May 1954),dense_br_nlr,0.919952,4.8e-05,0.919952,0.079121,0.000879,15,13537,52,3.466667,3.841324,0,0.0,0.0,10,7,True,False,True,False,True,4.772279064475082e-05,0.9199522772093552,0.0791210445895525,0.000878955410447454,1950,0.9199522772093552,0.8408312326198027
1954/11.html,1954,NLR,De Silva v. Commissioner of Motor Traffic - NLR - 447 of 56 [1954] LKSC 11; (1954) 56 NLR 447 (14 December 1954),dense_br_nlr,0.918945,0.001055,0.918945,0.079121,0.000879,13,7459,35,2.692308,4.692318,0,0.0,0.0,10,7,False,False,True,False,True,0.001055478008282025,0.918944521991718,0.0791210445895525,0.000878955410447454,1950,0.918944521991718,0.8398234774021656
1954/12.html,1954,NLR,Abeywardene v. Dharmapala - NLR - 399 of 56 [1954] LKSC 12; (1954) 56 NLR 399 (20 September 1954),dense_br_nlr,0.919998,2e-06,0.919998,0.079121,0.000879,13,8515,55,4.230769,6.45919,0,0.0,0.0,10,7,True,False,True,True,True,2.245774628955033e-06,0.9199977542253711,0.0791210445895525,0.000878955410447454,1950,0.9199977542253711,0.8408767096358186
1954/13.html,1954,NLR,Chelvanayagam v. Natesan - NLR - 271 of 56 [1954] LKSC 13; (1954) 56 NLR 271 (3 July 1954),dense_br_nlr,0.919813,0.000187,0.919813,0.079121,0.000879,16,13708,50,3.125,3.647505,0,0.0,0.0,9,5,True,False,True,False,True,0.00018715281981078303,0.9198128471801893,0.0791210445895525,0.000878955410447454,1950,0.9198128471801893,0.8406918025906368
1954/14.html,1954,NLR,In Re S. A. Wickremasinghe - NLR - 324 of 55 [1954] LKSC 14; (1954) 55 NLR 324 (13 January 1954),dense_br_nlr,0.92,0.0,0.92,0.07848,0.00152,27,32276,157,5.814815,4.864295,1,0.037037,0.030983,17,3,True,False,True,False,False,3.9773836491008295e-09,0.9199999960226164,0.07848046444351112,0.0015195355564888433,1950,0.9199999960226164,0.8415195315791053
1954/15.html,1954,NLR,"Cargills (Ceylon), Ltd. v. Commissioner of Stamps - NLR - 187 of 56 [1954] LKSC 15; (1954) 56 NLR 187 (8 July 1954)",dense_br_nlr,0.919429,0.000571,0.919429,0.079121,0.000879,13,9497,37,2.846154,3.895967,0,0.0,0.0,8,6,True,False,True,True,True,0.0005707163993443266,0.9194292836006557,0.0791210445895525,0.000878955410447454,1950,0.9194292836006557,0.8403082390111032
1954/2.html,1954,NLR,Senanayake v. Navaratne - NLR - 5 of 56 [1954] LKSC 2; (1954) 56 NLR 5 (21 June 1954),dense_br_nlr,0.919997,3e-06,0.919997,0.079121,0.000879,19,18680,79,4.157895,4.229122,0,0.0,0.0,11,5,True,False,True,False,False,3.0058057901749535e-06,0.9199969941942099,0.0791210445895525,0.000878955410447454,1950,0.9199969941942099,0.8408759496046574
1954/3.html,1954,NLR,Warawita v. Jane Nona - NLR - 111 of 58 [1954] LKSC 3; (1954) 58 NLR 111 (2 November 1954),dense_br_nlr,0.897636,0.022364,0.897636,0.079121,0.000879,13,8216,25,1.923077,3.042843,0,0.0,0.0,10,4,True,False,True,True,True,0.022364089851000683,0.8976359101489993,0.0791210445895525,0.000878955410447454,1950,0.8976359101489993,0.8185148655594469
1954/4.html,1954,NLR,Seenivasagam v. Kirupamoorthy - NLR - 450 of 56 [1954] LKSC 4; (1954) 56 NLR 450 (20 October 1954),dense_br_nlr,0.919987,1.3e-05,0.919987,0.079121,0.000879,14,13430,53,3.785714,3.946389,0,0.0,0.0,12,8,True,False,True,False,True,1.3319890851999361e-05,0.9199866801091481,0.0791210445895525,0.000878955410447454,1950,0.9199866801091481,0.8408656355195956
1954/5.html,1954,NLR,Shahul Hameed v. Commissioner For Registration of Indian and Pakistani Residents - NLR - 152 of 56 [1954] LKSC 5; (1954) 56 NLR 152 (29 November 1954),dense_br_nlr,0.91661,0.00339,0.91661,0.079121,0.000879,15,13935,36,2.4,2.583423,0,0.0,0.0,10,5,True,False,True,False,True,0.0033895007074810214,0.916610499292519,0.0791210445895525,0.000878955410447454,1950,0.916610499292519,0.8374894547029665
1954/6.html,1954,NLR,Salahudeen v. Commissioner of Stamps - NLR - 351 of 56 [1954] LKSC 6; (1954) 56 NLR 351 (24 November 1954),dense_br_nlr,0.913843,0.006157,0.913843,0.079121,0.000879,12,7107,27,2.25,3.799071,0,0.0,0.0,8,6,True,False,True,True,True,0.006157422850341954,0.9138425771496581,0.0791210445895525,0.000878955410447454,1950,0.9138425771496581,0.8347215325601056
1954/7.html,1954,NLR,In Re S. A. Wickremasinghe - NLR - 511 of 55 [1954] LKSC 7; (1954) 55 NLR 511 (25 January 1954),dense_br_nlr,0.919994,6e-06,0.919994,0.076669,0.003331,11,7737,44,4.0,5.686959,1,0.090909,0.129249,11,2,True,False,True,True,False,5.652640634030704e-06,0.919994347359366,0.07666944722808026,0.003330552771919697,1950,0.919994347359366,0.8433249001312858
1954/8.html,1954,NLR,"Gunasekera, P. v. Commissioner of Income Tax - NLR - 566 of 55 [1954] LKSC 8; (1954) 55 NLR 566 (27 July 1954)",dense_br_nlr,0.919556,0.000444,0.919556,0.079121,0.000879,11,5553,32,2.909091,5.762651,0,0.0,0.0,11,3,False,False,True,True,True,0.0004437593830657161,0.9195562406169343,0.0791210445895525,0.000878955410447454,1950,0.9195562406169343,0.8404351960273818
1954/9.html,1954,NLR,Incorporated Law Society of Ceylon v. Commissioner of Income Tax - NLR - 97 of 56 [1954] LKSC 9; (1954) 56 NLR 97 (7 September 1954),dense_br_nlr,0.92,0.0,0.92,0.079121,0.000879,17,14710,99,5.823529,6.730116,0,0.0,0.0,11,5,True,False,True,True,True,3.841136368976095e-09,0.9199999961588636,0.0791210445895525,0.000878955410447454,1950,0.9199999961588636,0.8408789515693111
1955/1.html,1955,NLR,Heenbanda v. Commissioner of Motor Traffic Et Al. - NLR - 23 of 57 [1955] LKSC 1; (1955) 57 NLR 23 (25 March 1955),dense_br_nlr,0.918831,0.001169,0.918831,0.079121,0.000879,9,3293,24,2.666667,7.288187,0,0.0,0.0,12,10,True,False,True,False,True,0.0011693334049041714,0.9188306665950958,0.0791210445895525,0.000878955410447454,1950,0.9188306665950958,0.8397096220055433
1955/10.html,1955,NLR,Raj Retty v. Commissioner For Registration of Indian and Pakistani Residents - NLR - 402 of 57 [1955] LKSC 10; (1955) 57 NLR 402 (22 August 1955),dense_br_nlr,0.919997,3e-06,0.919997,0.079121,0.000879,11,7258,46,4.181818,6.337834,0,0.0,0.0,11,7,True,False,True,True,True,2.731508388800208e-06,0.9199972684916112,0.0791210445895525,0.000878955410447454,1950,0.9199972684916112,0.8408762239020587
1955/11.html,1955,NLR,Soosey Fernando v. Commissioner For Registration of Indian and Pakistani Residents - NLR - 67 of 57 [1955] LKSC 11; (1955) 57 NLR 67 (11 July 1955),dense_br_nlr,0.919802,0.000198,0.919802,0.079121,0.000879,9,5591,28,3.111111,5.008049,0,0.0,0.0,11,8,True,False,True,False,False,0.00019784222705539369,0.9198021577729446,0.0791210445895525,0.000878955410447454,1950,0.9198021577729446,0.8406811131833921
1955/12.html,1955,NLR,Tennekone v. Duraiswamy - NLR - 436 of 57 [1955] LKSC 12; (1955) 57 NLR 436 (20 December 1955),dense_br_nlr,0.919919,8.1e-05,0.919919,0.079121,0.000879,15,11241,50,3.333333,4.448003,0,0.0,0.0,15,9,True,False,True,False,True,8.134574486875491e-05,0.9199186542551313,0.0791210445895525,0.000878955410447454,1950,0.9199186542551313,0.8407976096655788
1955/13.html,1955,NLR,The Ceylon Coconut Producers Co Operative Societies Union Ltd. v. Weeramantry - NLR - 107 of 58 [1955] LKSC 13; (1955) 58 NLR 107 (9 September 1955),dense_br_nlr,0.919987,1.3e-05,0.919987,0.079121,0.000879,10,5438,38,3.8,6.987863,0,0.0,0.0,10,4,True,False,True,False,True,1.2580088357818654e-05,0.9199874199116422,0.0791210445895525,0.000878955410447454,1950,0.9199874199116422,0.8408663753220897
1955/14.html,1955,NLR,Savundranayagam v. Commissioner of Income Tax - NLR - 457 of 56 [1955] LKSC 14; (1955) 56 NLR 457 (4 March 1955),dense_br_nlr,0.919991,9e-06,0.919991,0.079121,0.000879,17,15831,66,3.882353,4.169035,0,0.0,0.0,14,8,True,False,True,True,False,9.049478326748074e-06,0.9199909505216733,0.0791210445895525,0.000878955410447454,1950,0.9199909505216733,0.8408699059321209
1955/15.html,1955,NLR,Buddhadasa v. Nadaraja - NLR - 537 of 56 [1955] LKSC 15; (1955) 56 NLR 537 (2 May 1955),dense_br_nlr,0.919799,0.000201,0.919799,0.079121,0.000879,28,27337,87,3.107143,3.1825,0,0.0,0.0,15,7,True,True,False,True,True,0.00020100673994592367,0.9197989932600541,0.0791210445895525,0.000878955410447454,1950,0.9197989932600541,0.8406779486705016
1955/16.html,1955,NLR,"Superintendent, Yatadola Estate, Matugama v. Muthuraman - NLR - 523 of 56 [1955] LKSC 16; (1955) 56 NLR 523 (13 July 1955)",dense_br_nlr,0.916082,0.003918,0.916082,0.076669,0.003331,11,6905,26,2.363636,3.765387,1,0.090909,0.144823,7,6,True,False,True,False,True,0.003917924162282933,0.9160820758377171,0.07666944722808026,0.003330552771919697,1950,0.9160820758377171,0.8394126286096368
1955/17.html,1955,NLR,Baharan v. Obeysekera - NLR - 136 of 57 [1955] LKSC 17; (1955) 57 NLR 136 (22 September 1955),dense_br_nlr,0.919997,3e-06,0.919997,0.079121,0.000879,15,12947,63,4.2,4.865992,0,0.0,0.0,13,8,False,False,True,False,True,2.5399037542905847e-06,0.9199974600962457,0.0791210445895525,0.000878955410447454,1950,0.9199974600962457,0.8408764155066932
1955/18.html,1955,NLR,Mohamadu v. Mohamaduthamby - NLR - 501 of 57 [1955] LKSC 18; (1955) 57 NLR 501 (14 July 1955),dense_br_nlr,0.919997,3e-06,0.919997,0.079121,0.000879,7,5075,29,4.142857,5.714286,0,0.0,0.0,12,9,False,False,False,True,True,3.192158964622216e-06,0.9199968078410354,0.0791210445895525,0.000878955410447454,1950,0.9199968078410354,0.8408757632514829
1955/19.html,1955,NLR,Munasinha v. Devarajan - NLR - 286 of 57 [1955] LKSC 19; (1955) 57 NLR 286 (19 May 1955),dense_br_nlr,0.918103,0.001897,0.918103,0.079121,0.000879,11,7014,28,2.545455,3.992016,0,0.0,0.0,11,10,True,False,True,False,True,0.0018974087500206018,0.9181025912499794,0.0791210445895525,0.000878955410447454,1950,0.9181025912499794,0.8389815466604269
1955/2.html,1955,NLR,Paramasivam v. Commissioner For Registration of Indian and Pakistani Residents - NLR - 514 of 56 [1955] LKSC 2; (1955) 56 NLR 514 (23 June 1955),dense_br_nlr,0.919988,1.2e-05,0.919988,0.077793,0.002207,16,14631,61,3.8125,4.16923,1,0.0625,0.068348,10,6,True,False,True,False,True,1.196655818920256e-05,0.9199880334418108,0.07779317742185676,0.0022068225781431985,1950,0.9199880334418108,0.842194856019954
1955/20.html,1955,NLR,Leo Et Al. v. The Land Commissioner - NLR - 178 of 57 [1955] LKSC 20; (1955) 57 NLR 178 (25 November 1955),dense_br_nlr,0.919994,6e-06,0.919994,0.079121,0.000879,17,18205,68,4.0,3.735238,0,0.0,0.0,17,11,False,False,True,True,True,5.652640634030704e-06,0.919994347359366,0.0791210445895525,0.000878955410447454,1950,0.919994347359366,0.8408733027698135
1955/21.html,1955,NLR,Samaraweera v. Balasuriya - NLR - 118 of 58 [1955] LKSC 21; (1955) 58 NLR 118 (6 April 1955),dense_br_nlr,0.92,0.0,0.92,0.079121,0.000879,11,8572,53,4.818182,6.182921,0,0.0,0.0,9,4,True,False,True,False,True,2.1425266468089178e-07,0.9199997857473353,0.0791210445895525,0.000878955410447454,1950,0.9199997857473353,0.8408787411577828
1955/22.html,1955,NLR,"Kandy Omnibus Co., Ltd. v. Silverline Bus Co., Ltd.Et Al. - NLR - 289 of 56 [1955] LKSC 22; (1955) 56 NLR 289 (3 January 1955)",dense_br_nlr,0.919919,8.1e-05,0.919919,0.079121,0.000879,15,11005,50,3.333333,4.543389,0,0.0,0.0,10,6,False,False,True,True,True,8.134574486875491e-05,0.9199186542551313,0.0791210445895525,0.000878955410447454,1950,0.9199186542551313,0.8407976096655788
1955/23.html,1955,NLR,Martin Fernando v. Elizabeth Fernando - NLR - 106 of 57 [1955] LKSC 23; (1955) 57 NLR 106 (20 September 1955),dense_br_nlr,0.919691,0.000309,0.919691,0.079121,0.000879,11,6883,33,3.0,4.794421,0,0.0,0.0,14,8,True,True,True,True,True,0.0003085221200290622,0.919691477879971,0.0791210445895525,0.000878955410447454,1950,0.919691477879971,0.8405704332904185
1955/3.html,1955,NLR,Pitchamuttu v. Commissioner For Registration of Indian and Pakistani Residents - NLR - 184 of 57 [1955] LKSC 3; (1955) 57 NLR 184 (2 September 1955),dense_br_nlr,0.92,0.0,0.92,0.079121,0.000879,9,6164,51,5.666667,8.273848,0,0.0,0.0,13,9,True,False,False,True,True,7.193776005998132e-09,0.919999992806224,0.0791210445895525,0.000878955410447454,1950,0.919999992806224,0.8408789482166715
1955/4.html,1955,NLR,Sarnelis v. Civilian Labour Administrative Officer - NLR - 366 of 56 [1955] LKSC 4; (1955) 56 NLR 366 (30 March 1955),dense_br_nlr,0.919992,8e-06,0.919992,0.079121,0.000879,11,8350,43,3.909091,5.149701,0,0.0,0.0,8,7,False,False,True,True,False,8.131587023236797e-06,0.9199918684129768,0.0791210445895525,0.000878955410447454,1950,0.9199918684129768,0.8408708238234243
1955/5.html,1955,NLR,Subramaniam v. Commissioner For Registration of Indian and Pakistani Residents - NLR - 186 of 57 [1955] LKSC 5; (1955) 57 NLR 186 (25 November 1955),dense_br_nlr,0.919944,5.6e-05,0.919944,0.079121,0.000879,7,2864,24,3.428571,8.379888,0,0.0,0.0,12,7,True,False,False,True,True,5.55778386577055e-05,0.9199444221613423,0.0791210445895525,0.000878955410447454,1950,0.9199444221613423,0.8408233775717898
1955/6.html,1955,NLR,Gunapala v. Kannangara - NLR - 69 of 57 [1955] LKSC 6; (1955) 57 NLR 69 (25 March 1955),dense_br_nlr,0.92,0.0,0.92,0.079121,0.000879,11,8230,53,4.818182,6.439854,0,0.0,0.0,11,11,True,False,True,False,True,2.1425266468089178e-07,0.9199997857473353,0.0791210445895525,0.000878955410447454,1950,0.9199997857473353,0.8408787411577828
1955/7.html,1955,NLR,Abdul Cader v. Commissioner For Registration of Indian and Pakistani Residents - NLR - 572 of 56 [1955] LKSC 7; (1955) 56 NLR 572 (21 July 1955),dense_br_nlr,0.919691,0.000309,0.919691,0.076669,0.003331,11,5758,33,3.0,5.731157,1,0.090909,0.173671,10,6,False,False,True,False,True,0.0003085221200290622,0.919691477879971,0.07666944722808026,0.003330552771919697,1950,0.919691477879971,0.8430220306518907
1955/8.html,1955,NLR,Fakrudeen v. Commissioner For Registration of Indian and Pakistani Residents - NLR - 111 of 57 [1955] LKSC 8; (1955) 57 NLR 111 (8 September 1955),dense_br_nlr,0.919999,1e-06,0.919999,0.079121,0.000879,11,9202,48,4.363636,5.216257,0,0.0,0.0,16,8,False,False,True,True,True,1.3199363480964622e-06,0.9199986800636519,0.0791210445895525,0.000878955410447454,1950,0.9199986800636519,0.8408776354740994
1955/9.html,1955,NLR,Palaniyandi v. Commissioner For Registration of Indian and Pakistani Residents - NLR - 374 of 56 [1955] LKSC 9; (1955) 56 NLR 374 (14 March 1955),dense_br_nlr,0.919691,0.000309,0.919691,0.079121,0.000879,11,4909,33,3.0,6.722347,0,0.0,0.0,7,6,True,False,True,False,True,0.0003085221200290622,0.919691477879971,0.0791210445895525,0.000878955410447454,1950,0.919691477879971,0.8405704332904185
1956/1.html,1956,NLR,Dissanayake v. Kulatilleke - NLR - 310 of 59 [1956] LKSC 1; (1956) 59 NLR 310 (30 April 1956),dense_br_nlr,0.919998,2e-06,0.919998,0.079121,0.000879,11,5355,47,4.272727,8.776844,0,0.0,0.0,9,9,False,False,True,True,False,1.8987938810610673e-06,0.919998101206119,0.0791210445895525,0.000878955410447454,1950,0.919998101206119,0.8408770566165665
1956/10.html,1956,NLR,Buddhadasa v. Mahendran - NLR - 8 of 58 [1956] LKSC 10; (1956) 58 NLR 8 (9 August 1956),paragraph_nlr,0.870971,0.870971,0.049029,0.07886,0.00114,57,25417,16,0.280702,0.6295,1,0.017544,0.039344,22,70,True,False,True,False,True,0.8709707808478333,0.04902921915216673,0.07886021813843345,0.001139781861566501,1950,0.8709707808478333,0.7921105627093998
1956/11.html,1956,NLR,Nadaraja v. Attorney General - NLR - 136 of 59 [1956] LKSC 11; (1956) 59 NLR 136 (27 September 1956),dense_br_nlr,0.92,0.0,0.92,0.079121,0.000879,20,18658,100,5.0,5.359631,0,0.0,0.0,13,8,True,False,True,False,False,1.0353234911164577e-07,0.9199998964676509,0.0791210445895525,0.000878955410447454,1950,0.9199998964676509,0.8408788518780984
1956/12.html,1956,NLR,Punchi Banda v. Rajaratne - NLR - 150 of 58 [1956] LKSC 12; (1956) 58 NLR 150 (1 October 1956),dense_br_nlr,0.919314,0.000686,0.919314,0.079121,0.000879,20,19992,56,2.8,2.80112,0,0.0,0.0,15,4,True,False,True,True,False,0.000686346527129742,0.9193136534728703,0.0791210445895525,0.000878955410447454,1950,0.9193136534728703,0.8401926088833178
1956/13.html,1956,NLR,Commissioner of Income Tax v. De Zoysa - NLR - 121 of 58 [1956] LKSC 13; (1956) 58 NLR 121 (29 May 1956),dense_br_nlr,0.919944,5.6e-05,0.919944,0.079121,0.000879,21,13877,72,3.428571,5.188441,0,0.0,0.0,16,3,True,False,True,True,True,5.55778386577055e-05,0.9199444221613423,0.0791210445895525,0.000878955410447454,1950,0.9199444221613423,0.8408233775717898
1956/14.html,1956,NLR,Commissioner of Income Tax v. Peiris - NLR - 4 of 58 [1956] LKSC 14; (1956) 58 NLR 4 (2 March 1956),dense_br_nlr,0.919998,2e-06,0.919998,0.079121,0.000879,13,11793,56,4.307692,4.74858,0,0.0,0.0,17,12,False,False,True,True,True,1.650963661194993e-06,0.9199983490363388,0.0791210445895525,0.000878955410447454,1950,0.9199983490363388,0.8408773044467863
1956/15.html,1956,NLR,Commercial Banks Association v. Thalgodapitiya - NLR - 241 of 60 [1956] LKSC 15; (1956) 60 NLR 241 (11 April 1956),paragraph_nlr,0.901747,0.901747,0.018253,0.079121,0.000879,40,14070,1,0.025,0.071073,0,0.0,0.0,3,18,True,False,True,False,True,0.9017469187246487,0.01825308127535131,0.0791210445895525,0.000878955410447454,1950,0.9017469187246487,0.8226258741350962
1956/16.html,1956,NLR,"Martin Appuhamy v. U. C., Gampaha - NLR - 156 of 62 [1956] LKSC 16; (1956) 62 NLR 156 (27 January 1956)",dense_br_nlr,0.919362,0.000638,0.919362,0.079121,0.000879,11,7710,31,2.818182,4.020752,0,0.0,0.0,10,7,True,False,True,True,True,0.0006382352681930171,0.919361764731807,0.0791210445895525,0.000878955410447454,1950,0.919361764731807,0.8402407201422545
1956/17.html,1956,NLR,Mohamed v. Gopallawa - NLR - 418 of 58 [1956] LKSC 17; (1956) 58 NLR 418 (8 February 1956),dense_br_nlr,0.92,0.0,0.92,0.079121,0.000879,20,17001,121,6.05,7.117228,0,0.0,0.0,16,10,True,False,True,True,True,1.5525275021133212e-09,0.9199999984474725,0.0791210445895525,0.000878955410447454,1950,0.9199999984474725,0.84087895385792
1956/18.html,1956,NLR,Salgado v. Chairman - NLR - 328 of 60 [1956] LKSC 18; (1956) 60 NLR 328 (11 July 1956),dense_br_nlr,0.908434,0.011566,0.908434,0.079121,0.000879,11,4198,23,2.090909,5.478799,0,0.0,0.0,8,6,False,False,True,True,True,0.011566188192827696,0.9084338118071723,0.0791210445895525,0.000878955410447454,1950,0.9084338118071723,0.8293127672176198
1956/19.html,1956,NLR,Alfred Appuhamy v. De Silva - NLR - 404 of 57 [1956] LKSC 19; (1956) 57 NLR 404 (20 March 1956),dense_br_nlr,0.914374,0.005626,0.914374,0.079121,0.000879,11,5165,25,2.272727,4.840271,0,0.0,0.0,13,9,True,False,True,False,True,0.005625625196911397,0.9143743748030887,0.0791210445895525,0.000878955410447454,1950,0.9143743748030887,0.8352533302135362
1956/2.html,1956,NLR,Solamuthu v. Commissioner For Registration of Indian and Pakistani Residents - NLR - 157 of 58 [1956] LKSC 2; (1956) 58 NLR 157 (9 November 1956),dense_br_nlr,0.919786,0.000214,0.919786,0.079121,0.000879,11,6126,34,3.090909,5.550114,0,0.0,0.0,12,2,True,False,False,True,True,0.0002144892844802282,0.9197855107155198,0.0791210445895525,0.000878955410447454,1950,0.9197855107155198,0.8406644661259673
1956/20.html,1956,NLR,"D. S. Attygalle and Company, Ltd. v. The Commissioner of Motor Traffic - NLR - 549 of 57 [1956] LKSC 20; (1956) 57 NLR 549 (2 March 1956)",dense_br_nlr,0.919998,2e-06,0.919998,0.079121,0.000879,13,9640,55,4.230769,5.705394,0,0.0,0.0,14,10,True,False,True,True,True,2.245774628955033e-06,0.9199977542253711,0.0791210445895525,0.000878955410447454,1950,0.9199977542253711,0.8408767096358186
1956/21.html,1956,NLR,Charles Baglin Ltd. v. Letchumanan - NLR - 570 of 60 [1956] LKSC 21; (1956) 60 NLR 570 (29 August 1956),dense_br_nlr,0.919768,0.000232,0.919768,0.079121,0.000879,14,8047,43,3.071429,5.343606,0,0.0,0.0,10,7,True,True,True,True,True,0.00023186629449041708,0.9197681337055096,0.0791210445895525,0.000878955410447454,1950,0.9197681337055096,0.8406470891159571
1956/3.html,1956,NLR,Ismail v. Marasinghe - NLR - 38 of 58 [1956] LKSC 3; (1956) 58 NLR 38 (27 February 1956),dense_br_nlr,0.919786,0.000214,0.919786,0.076669,0.003331,11,8578,34,3.090909,3.963628,1,0.090909,0.116577,14,11,False,False,True,True,True,0.0002144892844802282,0.9197855107155198,0.07666944722808026,0.003330552771919697,1950,0.9197855107155198,0.8431160634874396
1956/4.html,1956,NLR,Addaickalam v. Commissioner For Registration of Indian and Pakistani Residents - NLR - 233 of 58 [1956] LKSC 4; (1956) 58 NLR 233 (19 November 1956),dense_br_nlr,0.919979,2.1e-05,0.919979,0.079121,0.000879,9,3831,33,3.666667,8.613939,0,0.0,0.0,12,7,False,False,True,True,True,2.1443844622899278e-05,0.9199785561553772,0.0791210445895525,0.000878955410447454,1950,0.9199785561553772,0.8408575115658247
1956/5.html,1956,NLR,Jobu Nadar v. Grey - NLR - 85 of 58 [1956] LKSC 5; (1956) 58 NLR 85 (14 September 1956),dense_br_nlr,0.918009,0.001991,0.918009,0.077655,0.002345,15,14196,38,2.533333,2.67681,1,0.066667,0.070442,11,4,False,False,True,False,True,0.00199147322518642,0.9180085267748136,0.07765501015865511,0.002344989841344842,1950,0.9180085267748136,0.8403535166161584
1956/6.html,1956,NLR,Kumarasamy v. Commissioner For Registration of Indian and Pakistani Residents - NLR - 540 of 57 [1956] LKSC 6; (1956) 57 NLR 540 (13 June 1956),dense_br_nlr,0.918831,0.001169,0.918831,0.079121,0.000879,9,3860,24,2.666667,6.217617,0,0.0,0.0,12,8,False,False,True,True,True,0.0011693334049041714,0.9188306665950958,0.0791210445895525,0.000878955410447454,1950,0.9188306665950958,0.8397096220055433
1956/7.html,1956,NLR,Marimuttu v. Commissioner For Registration of Indian and Pakistani Residents - NLR - 307 of 57 [1956] LKSC 7; (1956) 57 NLR 307 (2 February 1956),dense_br_nlr,0.919994,6e-06,0.919994,0.079121,0.000879,9,7562,36,4.0,4.760645,0,0.0,0.0,15,11,True,False,True,True,True,5.652640634030704e-06,0.919994347359366,0.0791210445895525,0.000878955410447454,1950,0.919994347359366,0.8408733027698135
1956/8.html,1956,NLR,Pillai.K.P.P v. Commissioner For Regisration of Indian and Pakistani Residents - NLR - 64 of 60 [1956] LKSC 8; (1956) 60 NLR 64 (19 January 1956),paragraph_nlr,0.903453,0.903453,0.016547,0.079121,0.000879,28,9550,0,0.0,0.0,0,0.0,0.0,6,8,True,False,False,False,True,0.9034526868348758,0.016547313165124235,0.0791210445895525,0.000878955410447454,1950,0.9034526868348758,0.8243316422453233
1956/9.html,1956,NLR,Ivaldy v. Ivaldy Et Al. - NLR - 568 of 57 [1956] LKSC 9; (1956) 57 NLR 568 (8 June 1956),dense_br_nlr,0.919691,0.000309,0.919691,0.079121,0.000879,21,25422,63,3.0,2.478169,0,0.0,0.0,19,11,True,False,True,True,True,0.0003085221200290622,0.919691477879971,0.0791210445895525,0.000878955410447454,1950,0.919691477879971,0.8405704332904185
1957/1.html,1957,NLR,In Re Polish Ocean Lines of Gdyina - NLR - 251 of 61 [1957] LKSC 1; (1957) 61 NLR 251 (7 June 1957),dense_br_nlr,0.92,0.0,0.92,0.079121,0.000879,11,5684,61,5.545455,10.731879,0,0.0,0.0,11,6,True,False,True,False,False,1.1682175409255535e-08,0.9199999883178246,0.0791210445895525,0.000878955410447454,1950,0.9199999883178246,0.8408789437282721
1957/10.html,1957,NLR,Maruthapillai v. Commissioner For Registration of Indian and Pakistani Reidents - NLR - 236 of 59 [1957] LKSC 10; (1957) 59 NLR 236 (28 November 1957),dense_br_nlr,0.91868,0.00132,0.91868,0.079121,0.000879,11,6397,29,2.636364,4.533375,0,0.0,0.0,11,6,True,False,True,False,True,0.001319802457746282,0.9186801975422537,0.0791210445895525,0.000878955410447454,1950,0.9186801975422537,0.8395591529527012
1957/11.html,1957,NLR,Murugiah v. Commissioner For Registration of Indian and Pakistani Residents - NLR - 391 of 58 [1957] LKSC 11; (1957) 58 NLR 391 (12 March 1957),dense_br_nlr,0.914374,0.005626,0.914374,0.079121,0.000879,11,7966,25,2.272727,3.138338,0,0.0,0.0,10,4,True,False,True,False,True,0.005625625196911397,0.9143743748030887,0.0791210445895525,0.000878955410447454,1950,0.9143743748030887,0.8352533302135362
1957/12.html,1957,NLR,Muttiah v. Commissioner For Registration of Indian and Pakistani Residents - NLR - 502 of 58 [1957] LKSC 12; (1957) 58 NLR 502 (2 April 1957),dense_br_nlr,0.919986,1.4e-05,0.919986,0.079121,0.000879,9,5775,34,3.777778,5.887446,0,0.0,0.0,11,4,False,False,False,False,False,1.3749493730155216e-05,0.9199862505062699,0.0791210445895525,0.000878955410447454,1950,0.9199862505062699,0.8408652059167174
1957/13.html,1957,NLR,Pandaram v. Commissioner For Registration of Indian and Pakistani Residents - NLR - 443 of 58 [1957] LKSC 13; (1957) 58 NLR 443 (28 May 1957),dense_br_nlr,0.919764,0.000236,0.919764,0.079121,0.000879,15,12461,46,3.066667,3.691518,0,0.0,0.0,11,5,True,False,True,True,True,0.000236324070234617,0.9197636759297654,0.0791210445895525,0.000878955410447454,1950,0.9197636759297654,0.8406426313402129
1957/14.html,1957,NLR,"Sumanasekara v. S. I. Police, Ella - NLR - 424 of 61 [1957] LKSC 14; (1957) 61 NLR 424 (14 June 1957)",dense_br_nlr,0.919944,5.6e-05,0.919944,0.079121,0.000879,7,3985,24,3.428571,6.022585,0,0.0,0.0,8,5,False,False,True,False,False,5.55778386577055e-05,0.9199444221613423,0.0791210445895525,0.000878955410447454,1950,0.9199444221613423,0.8408233775717898
1957/15.html,1957,NLR,Meera v. Dias - NLR - 571 of 58 [1957] LKSC 15; (1957) 58 NLR 571 (16 July 1957),dense_br_nlr,0.918289,0.001711,0.918289,0.079121,0.000879,14,13174,36,2.571429,2.732655,0,0.0,0.0,12,4,True,False,True,False,True,0.0017105187378460497,0.918289481262154,0.0791210445895525,0.000878955410447454,1950,0.918289481262154,0.8391684366726015
1957/16.html,1957,NLR,Solicitor General v. Abdul Cader - NLR - 49 of 60 [1957] LKSC 16; (1957) 60 NLR 49 (21 October 1957),paragraph_nlr,0.897504,0.897504,0.022496,0.079121,0.000879,51,8449,4,0.078431,0.473429,0,0.0,0.0,5,20,True,False,True,True,False,0.8975039108653879,0.02249608913461216,0.0791210445895525,0.000878955410447454,1950,0.8975039108653879,0.8183828662758355
1957/17.html,1957,NLR,Mohideen v. Sithy Katheeja - NLR - 570 of 59 [1957] LKSC 17; (1957) 59 NLR 570 (19 March 1957),dense_br_nlr,0.908434,0.011566,0.908434,0.079121,0.000879,11,6278,23,2.090909,3.663587,0,0.0,0.0,10,8,True,False,True,False,True,0.011566188192827696,0.9084338118071723,0.0791210445895525,0.000878955410447454,1950,0.9084338118071723,0.8293127672176198
1957/18.html,1957,NLR,Speldewinde v. Peiris - NLR - 193 of 59 [1957] LKSC 18; (1957) 59 NLR 193 (2 October 1957),dense_br_nlr,0.92,0.0,0.92,0.079121,0.000879,15,12859,97,6.466667,7.543355,0,0.0,0.0,10,9,False,False,True,True,True,2.9323419248328267e-10,0.9199999997067658,0.0791210445895525,0.000878955410447454,1950,0.9199999997067658,0.8408789551172133
1957/19.html,1957,NLR,Speldewinde v. Savundaranayagam - NLR - 25 of 59 [1957] LKSC 19; (1957) 59 NLR 25 (24 June 1957),dense_br_nlr,0.92,0.0,0.92,0.079121,0.000879,19,18091,109,5.736842,6.025095,0,0.0,0.0,16,9,True,False,True,False,True,5.433134440124832e-09,0.9199999945668657,0.0791210445895525,0.000878955410447454,1950,0.9199999945668657,0.8408789499773132
1957/2.html,1957,NLR,Valliyammai Achi v. Secretary of District Court - NLR - 289 of 61 [1957] LKSC 2; (1957) 61 NLR 289 (4 December 1957),dense_br_nlr,0.919997,3e-06,0.919997,0.079121,0.000879,18,21441,75,4.166667,3.497971,0,0.0,0.0,13,5,True,False,True,True,True,2.9021672762086228e-06,0.9199970978327239,0.0791210445895525,0.000878955410447454,1950,0.9199970978327239,0.8408760532431714
1957/20.html,1957,NLR,Ponnambalam v. The Municipal Commissioner - NLR - 87 of 59 [1957] LKSC 20; (1957) 59 NLR 87 (26 September 1957),dense_br_nlr,0.919691,0.000309,0.919691,0.079121,0.000879,13,9234,39,3.0,4.223522,0,0.0,0.0,12,8,True,False,True,True,True,0.0003085221200290622,0.919691477879971,0.0791210445895525,0.000878955410447454,1950,0.919691477879971,0.8405704332904185
1957/21.html,1957,NLR,"Frewin & Co., Ltd. v. Colombo Municipal Council Et Al. - NLR - 354 of 59 [1957] LKSC 21; (1957) 59 NLR 354 (18 July 1957)",dense_br_nlr,0.91953,0.00047,0.91953,0.079121,0.000879,19,17726,55,2.894737,3.102787,0,0.0,0.0,14,8,False,False,True,False,True,0.00046997052547182784,0.9195300294745282,0.0791210445895525,0.000878955410447454,1950,0.9195300294745282,0.8404089848849757
1957/22.html,1957,NLR,Hinniappuhamy v. Kumarasingha Et Al. - NLR - 566 of 59 [1957] LKSC 22; (1957) 59 NLR 566 (1 November 1957),dense_br_nlr,0.92,0.0,0.92,0.079121,0.000879,15,12176,76,5.066667,6.241787,0,0.0,0.0,13,11,True,False,True,True,True,7.92982563568856e-08,0.9199999207017436,0.0791210445895525,0.000878955410447454,1950,0.9199999207017436,0.8408788761121911
1957/23.html,1957,NLR,Pigera v. Mackeen - NLR - 21 of 59 [1957] LKSC 23; (1957) 59 NLR 21 (7 January 1957),dense_br_nlr,0.918049,0.001951,0.918049,0.079121,0.000879,13,7020,33,2.538462,4.700855,0,0.0,0.0,11,7,True,False,True,False,True,0.0019511181868177463,0.9180488818131823,0.0791210445895525,0.000878955410447454,1950,0.9180488818131823,0.8389278372236298
1957/24.html,1957,NLR,Shahul Hameed v. Maduni - NLR - 39 of 59 [1957] LKSC 24; (1957) 59 NLR 39 (11 April 1957),dense_br_nlr,0.919813,0.000187,0.919813,0.079121,0.000879,8,3521,25,3.125,7.100256,0,0.0,0.0,9,8,False,False,True,False,True,0.00018715281981078303,0.9198128471801893,0.0791210445895525,0.000878955410447454,1950,0.9198128471801893,0.8406918025906368
1957/25.html,1957,NLR,Wijesinghe v. Kulawardene - NLR - 121 of 60 [1957] LKSC 25; (1957) 60 NLR 121 (7 June 1957),paragraph_nlr,0.879704,0.879704,0.040296,0.079121,0.000879,48,13983,11,0.229167,0.78667,0,0.0,0.0,16,36,True,False,False,True,True,0.8797039507261135,0.04029604927388656,0.0791210445895525,0.000878955410447454,1950,0.8797039507261135,0.800582906136561
1957/26.html,1957,NLR,Perera v. Perera - NLR - 64 of 59 [1957] LKSC 26; (1957) 59 NLR 64 (1 July 1957),dense_br_nlr,0.919691,0.000309,0.919691,0.079121,0.000879,9,5655,27,3.0,4.774536,0,0.0,0.0,10,8,False,False,True,False,False,0.0003085221200290622,0.919691477879971,0.0791210445895525,0.000878955410447454,1950,0.919691477879971,0.8405704332904185
1957/27.html,1957,NLR,Sithy Raheem v. Hafeel - NLR - 34 of 59 [1957] LKSC 27; (1957) 59 NLR 34 (11 April 1957),dense_br_nlr,0.919454,0.000546,0.919454,0.079121,0.000879,7,4039,20,2.857143,4.951721,0,0.0,0.0,10,6,True,False,False,True,True,0.0005461879188264618,0.9194538120811736,0.0791210445895525,0.000878955410447454,1950,0.9194538120811736,0.8403327674916211
1957/28.html,1957,NLR,"Amerasinghe v. The Manager, Ceylon Wharfage Co., Ltd. - NLR - 16 of 59 [1957] LKSC 28; (1957) 59 NLR 16 (25 January 1957)",dense_br_nlr,0.919362,0.000638,0.919362,0.079121,0.000879,11,5368,31,2.818182,5.774963,0,0.0,0.0,10,9,True,False,True,False,True,0.0006382352681930171,0.919361764731807,0.0791210445895525,0.000878955410447454,1950,0.919361764731807,0.8402407201422545
1957/29.html,1957,NLR,Obeyesekere v. Jane Nona - NLR - 41 of 59 [1957] LKSC 29; (1957) 59 NLR 41 (14 June 1957),dense_br_nlr,0.911756,0.008244,0.911756,0.079121,0.000879,17,16468,37,2.176471,2.246782,0,0.0,0.0,14,7,True,False,True,True,True,0.00824402244655623,0.9117559775534438,0.0791210445895525,0.000878955410447454,1950,0.9117559775534438,0.8326349329638913
1957/3.html,1957,NLR,Sockalingam Chettiar v. Commissioner For Registration of Indian and Pakistani Residents - NLR - 283 of 58 [1957] LKSC 3; (1957) 58 NLR 283 (21 January 1957),dense_br_nlr,0.919951,4.9e-05,0.919951,0.079121,0.000879,13,8604,45,3.461538,5.230126,0,0.0,0.0,15,5,True,False,True,True,True,4.8711931489799914e-05,0.9199512880685102,0.0791210445895525,0.000878955410447454,1950,0.9199512880685102,0.8408302434789577
1957/30.html,1957,NLR,Waas v. Peiris - NLR - 114 of 61 [1957] LKSC 30; (1957) 61 NLR 114 (30 September 1957),dense_br_nlr,0.911929,0.008071,0.911929,0.079121,0.000879,11,5338,24,2.181818,4.496066,0,0.0,0.0,8,5,True,False,True,True,True,0.008071101969712752,0.9119288980302873,0.0791210445895525,0.000878955410447454,1950,0.9119288980302873,0.8328078534407348
1957/4.html,1957,NLR,Samaranayake v. Grenier - NLR - 424 of 58 [1957] LKSC 4; (1957) 58 NLR 424 (28 February 1957),dense_br_nlr,0.919556,0.000444,0.919556,0.079121,0.000879,11,6894,32,2.909091,4.641717,0,0.0,0.0,11,4,True,False,True,False,True,0.0004437593830657161,0.9195562406169343,0.0791210445895525,0.000878955410447454,1950,0.9195562406169343,0.8404351960273818
1957/5.html,1957,NLR,Subramaniam v. The Minister of Local Government and Cultural Affairs - NLR - 254 of 59 [1957] LKSC 5; (1957) 59 NLR 254 (6 September 1957),dense_br_nlr,0.92,0.0,0.92,0.079121,0.000879,23,25877,110,4.782609,4.250879,0,0.0,0.0,18,8,True,False,False,True,False,2.4701472741472944e-07,0.9199997529852726,0.0791210445895525,0.000878955410447454,1950,0.9199997529852726,0.8408787083957201
1957/6.html,1957,NLR,The Queen v. Surabiel Perera - NLR - 46 of 61 [1957] LKSC 6; (1957) 61 NLR 46 (14 October 1957),dense_br_nlr,0.919958,4.2e-05,0.919958,0.079121,0.000879,12,8217,42,3.5,5.111355,0,0.0,0.0,12,6,True,False,True,False,True,4.1766039206199146e-05,0.9199582339607938,0.0791210445895525,0.000878955410447454,1950,0.9199582339607938,0.8408371893712413
1957/7.html,1957,NLR,Annamalai v. Commissioner For Registration of Indian and Pakistani Residents - NLR - 354 of 58 [1957] LKSC 7; (1957) 58 NLR 354 (12 February 1957),dense_br_nlr,0.919998,2e-06,0.919998,0.079121,0.000879,19,19981,81,4.263158,4.053851,0,0.0,0.0,23,4,True,False,True,True,True,1.9728807900820654e-06,0.91999802711921,0.0791210445895525,0.000878955410447454,1950,0.91999802711921,0.8408769825296575
1957/8.html,1957,NLR,Chandiram v. The Commissioner For Registration of Indian and Pakistani Reidents - NLR - 85 of 59 [1957] LKSC 8; (1957) 59 NLR 85 (25 July 1957),dense_br_nlr,0.918103,0.001897,0.918103,0.079121,0.000879,11,5176,28,2.545455,5.409583,0,0.0,0.0,11,6,True,False,True,True,False,0.0018974087500206018,0.9181025912499794,0.0791210445895525,0.000878955410447454,1950,0.9181025912499794,0.8389815466604269
1957/9.html,1957,NLR,Marianthony v. Commissioner For Registration of Indian and Pakistani Residents - NLR - 431 of 58 [1957] LKSC 9; (1957) 58 NLR 431 (12 March 1957),dense_br_nlr,0.919994,6e-06,0.919994,0.079121,0.000879,7,3623,28,4.0,7.728402,0,0.0,0.0,9,3,True,False,False,False,True,5.652640634030704e-06,0.919994347359366,0.0791210445895525,0.000878955410447454,1950,0.919994347359366,0.8408733027698135
1958/1.html,1958,NLR,Junaid v. Commissioner of Inland Revenue - NLR - 561 of 65 [1958] LKSC 1; (1958) 65 NLR 561 (4 December 1958),dense_br_nlr,0.92,0.0,0.92,0.079121,0.000879,15,12787,71,4.733333,5.552514,0,0.0,0.0,11,5,True,False,True,True,True,3.0083197938512995e-07,0.9199996991680206,0.0791210445895525,0.000878955410447454,1950,0.9199996991680206,0.8408786545784681
1958/10.html,1958,NLR,Tennekoon v. Duraisamy - NLR - 481 of 59 [1958] LKSC 10; (1958) 59 NLR 481 (19 May 1958),dense_br_nlr,0.92,0.0,0.92,0.079121,0.000879,35,42026,207,5.914286,4.925522,0,0.0,0.0,25,10,True,False,True,False,True,2.6717675716270154e-09,0.9199999973282325,0.0791210445895525,0.000878955410447454,1950,0.9199999973282325,0.84087895273868
1958/11.html,1958,NLR,Tennekoon v. Panjan - NLR - 512 of 59 [1958] LKSC 11; (1958) 59 NLR 512 (19 May 1958),dense_br_nlr,0.92,0.0,0.92,0.079121,0.000879,17,16606,96,5.647059,5.781043,0,0.0,0.0,17,6,True,False,True,False,True,7.780714850191828e-09,0.9199999922192852,0.0791210445895525,0.000878955410447454,1950,0.9199999922192852,0.8408789476297327
1958/12.html,1958,NLR,Vythinathan v. Commissioner For Registration and Indian and Pakistani Residents - NLR - 85 of 60 [1958] LKSC 12; (1958) 60 NLR 85 (25 August 1958),paragraph_nlr,0.896743,0.896743,0.023257,0.079121,0.000879,23,15156,2,0.086957,0.131961,0,0.0,0.0,4,12,True,False,True,False,True,0.8967432006561389,0.02325679934386111,0.0791210445895525,0.000878955410447454,1950,0.8967432006561389,0.8176221560665864
1958/13.html,1958,NLR,Vethavanam v. Retnam - NLR - 20 of 60 [1958] LKSC 13; (1958) 60 NLR 20 (2 April 1958),paragraph_nlr,0.745841,0.745841,0.174159,0.079121,0.000879,55,10573,35,0.636364,3.310319,0,0.0,0.0,8,33,True,False,True,True,True,0.7458410330816297,0.1741589669183703,0.0791210445895525,0.000878955410447454,1950,0.7458410330816297,0.5716820661632595
1958/14.html,1958,NLR,Fernando v. De Silva - NLR - 106 of 62 [1958] LKSC 14; (1958) 62 NLR 106 (9 September 1958),dense_br_nlr,0.919983,1.7e-05,0.919983,0.079121,0.000879,11,8274,41,3.727273,4.955282,0,0.0,0.0,12,7,True,False,True,True,True,1.682757076182817e-05,0.9199831724292382,0.0791210445895525,0.000878955410447454,1950,0.9199831724292382,0.8408621278396857
1958/15.html,1958,NLR,The Attorney-General v. Lebbe Thamby - NLR - 254 of 61 [1958] LKSC 15; (1958) 61 NLR 254 (6 August 1958),dense_br_nlr,0.919988,1.2e-05,0.919988,0.079121,0.000879,11,8765,42,3.818182,4.791786,0,0.0,0.0,11,6,True,False,True,True,True,1.1697653125302132e-05,0.9199883023468748,0.0791210445895525,0.000878955410447454,1950,0.9199883023468748,0.8408672577573223
1958/16.html,1958,NLR,"Corea v. Urban Council, Kotte - NLR - 60 of 62 [1958] LKSC 16; (1958) 62 NLR 60 (18 November 1958)",dense_br_nlr,0.918565,0.001435,0.918565,0.079121,0.000879,13,10459,34,2.615385,3.250789,0,0.0,0.0,10,7,True,False,True,False,True,0.0014351544893801238,0.9185648455106199,0.0791210445895525,0.000878955410447454,1950,0.9185648455106199,0.8394438009210674
1958/17.html,1958,NLR,Perera v. Rajakulasingham - NLR - 545 of 60 [1958] LKSC 17; (1958) 60 NLR 545 (24 November 1958),dense_br_nlr,0.919986,1.4e-05,0.919986,0.079121,0.000879,9,5450,34,3.777778,6.238532,0,0.0,0.0,6,6,False,False,True,False,False,1.3749493730155216e-05,0.9199862505062699,0.0791210445895525,0.000878955410447454,1950,0.9199862505062699,0.8408652059167174
1958/18.html,1958,NLR,Haniffa v. Razack - NLR - 287 of 60 [1958] LKSC 18; (1958) 60 NLR 287 (15 May 1958),dense_br_nlr,0.880761,0.039239,0.880761,0.079121,0.000879,9,3099,16,1.777778,5.162956,0,0.0,0.0,6,5,True,False,True,False,True,0.039239118568878295,0.8807608814311217,0.0791210445895525,0.000878955410447454,1950,0.8807608814311217,0.8016398368415693
1958/19.html,1958,NLR,In Re B. S. Liyane Aratchie - NLR - 529 of 60 [1958] LKSC 19; (1958) 60 NLR 529 (4 December 1958),dense_br_nlr,0.92,0.0,0.92,0.079121,0.000879,11,8237,52,4.727273,6.312978,0,0.0,0.0,8,6,False,False,True,True,True,3.082132436071916e-07,0.9199996917867564,0.0791210445895525,0.000878955410447454,1950,0.9199996917867564,0.840878647197204
1958/2.html,1958,NLR,Mendis v. Rajasegaram - NLR - 41 of 61 [1958] LKSC 2; (1958) 61 NLR 41 (20 November 1958),dense_br_nlr,0.91925,0.00075,0.91925,0.079121,0.000879,9,3869,25,2.777778,6.461618,0,0.0,0.0,11,6,True,False,True,True,True,0.0007500960722439088,0.9192499039277562,0.0791210445895525,0.000878955410447454,1950,0.9192499039277562,0.8401288593382037
1958/20.html,1958,NLR,"Rajathurai v. Public Health Inspector, Valvetithurai - NLR - 70 of 62 [1958] LKSC 20; (1958) 62 NLR 70 (14 November 1958)",dense_br_nlr,0.91954,0.00046,0.91954,0.079121,0.000879,10,4923,29,2.9,5.890717,0,0.0,0.0,9,5,True,False,True,False,False,0.00046018501851313064,0.919539814981487,0.0791210445895525,0.000878955410447454,1950,0.919539814981487,0.8404187703919345
1958/21.html,1958,NLR,"Commissioner of Income Tax v. Sri Lanka Omnibus Co., Ltd. - NLR - 132 of 60 [1958] LKSC 21; (1958) 60 NLR 132 (15 May 1958)",paragraph_nlr,0.765457,0.765457,0.154543,0.079121,0.000879,35,16888,21,0.6,1.243486,0,0.0,0.0,7,23,True,False,True,True,True,0.7654569143232105,0.15454308567678948,0.0791210445895525,0.000878955410447454,1950,0.7654569143232105,0.6109138286464211
1958/22.html,1958,NLR,Fernando v. Commissioner of Income Tax - NLR - 441 of 59 [1958] LKSC 22; (1958) 59 NLR 441 (25 February 1958),dense_br_nlr,0.919941,5.9e-05,0.919941,0.077908,0.002092,17,15324,58,3.411765,3.784913,1,0.058824,0.065257,24,8,True,False,True,True,True,5.9442195483367935e-05,0.9199405578045167,0.07790847240238764,0.0020915275976123157,1950,0.9199405578045167,0.842032085402129
1958/23.html,1958,NLR,Speldewinde v. De Zosa - NLR - 391 of 59 [1958] LKSC 23; (1958) 59 NLR 391 (19 March 1958),dense_br_nlr,0.919999,1e-06,0.919999,0.079121,0.000879,15,11353,68,4.533333,5.989606,0,0.0,0.0,17,9,True,False,True,True,True,6.695136144507785e-07,0.9199993304863856,0.0791210445895525,0.000878955410447454,1950,0.9199993304863856,0.8408782858968331
1958/24.html,1958,NLR,Mendis Silva v. Ceylon Insurance Co. Ltd. - NLR - 18 of 62 [1958] LKSC 24; (1958) 62 NLR 18 (18 February 1958),dense_br_nlr,0.919819,0.000181,0.919819,0.079121,0.000879,15,13460,47,3.133333,3.491828,0,0.0,0.0,15,9,True,False,True,True,False,0.00018101866911742094,0.9198189813308826,0.0791210445895525,0.000878955410447454,1950,0.9198189813308826,0.8406979367413301
1958/25.html,1958,NLR,Majeed Khan v. Government Agent - NLR - 573 of 60 [1958] LKSC 25; (1958) 60 NLR 573 (12 November 1958),dense_br_nlr,0.919981,1.9e-05,0.919981,0.079121,0.000879,10,6235,37,3.7,5.934242,0,0.0,0.0,7,6,True,False,True,False,True,1.8767160297517015e-05,0.9199812328397026,0.0791210445895525,0.000878955410447454,1950,0.9199812328397026,0.8408601882501501
1958/26.html,1958,NLR,Gopallawa v. Land Acquisition Board of Review - NLR - 437 of 59 [1958] LKSC 26; (1958) 59 NLR 437 (13 May 1958),dense_br_nlr,0.91999,1e-05,0.91999,0.079121,0.000879,15,13143,58,3.866667,4.412996,0,0.0,0.0,15,9,True,False,True,True,True,9.635464165382857e-06,0.9199903645358346,0.0791210445895525,0.000878955410447454,1950,0.9199903645358346,0.8408693199462821
1958/27.html,1958,NLR,Wijesuriya v. Moonesinghe - NLR - 180 of 64 [1958] LKSC 27; (1958) 64 NLR 180 (11 August 1958),dense_br_nlr,0.92,0.0,0.92,0.079121,0.000879,27,30954,156,5.777778,5.039736,0,0.0,0.0,25,5,True,False,True,True,False,4.612510142720794e-09,0.9199999953874899,0.0791210445895525,0.000878955410447454,1950,0.9199999953874899,0.8408789507979374
1958/28.html,1958,NLR,Rasheeda v. Usoof Dheen - NLR - 570 of 61 [1958] LKSC 28; (1958) 61 NLR 570 (29 September 1958),dense_br_nlr,0.919429,0.000571,0.919429,0.079121,0.000879,13,8459,37,2.846154,4.374039,0,0.0,0.0,11,5,True,False,True,True,True,0.0005707163993443266,0.9194292836006557,0.0791210445895525,0.000878955410447454,1950,0.9194292836006557,0.8403082390111032
1958/29.html,1958,NLR,Munasinghe v. Jayasinghe - NLR - 425 of 61 [1958] LKSC 29; (1958) 61 NLR 425 (29 May 1958),dense_br_nlr,0.916396,0.003604,0.916396,0.079121,0.000879,13,10363,31,2.384615,2.991412,0,0.0,0.0,11,6,True,False,True,False,True,0.00360379985497445,0.9163962001450255,0.0791210445895525,0.000878955410447454,1950,0.9163962001450255,0.837275155555473
1958/3.html,1958,NLR,Abdul Majeed v. Rajapakse - NLR - 92 of 60 [1958] LKSC 3; (1958) 60 NLR 92 (15 July 1958),paragraph_nlr,0.89707,0.89707,0.02293,0.079121,0.000879,24,5140,2,0.083333,0.389105,0,0.0,0.0,6,9,True,False,False,False,True,0.8970695572965611,0.022930442703438948,0.0791210445895525,0.000878955410447454,1950,0.8970695572965611,0.8179485127070086
1958/30.html,1958,NLR,Singaram v. Shanmugam - NLR - 520 of 61 [1958] LKSC 30; (1958) 61 NLR 520 (28 October 1958),dense_br_nlr,0.919691,0.000309,0.919691,0.079121,0.000879,8,4253,24,3.0,5.643075,0,0.0,0.0,9,7,True,False,True,False,False,0.0003085221200290622,0.919691477879971,0.0791210445895525,0.000878955410447454,1950,0.919691477879971,0.8405704332904185
1958/31.html,1958,NLR,Ratnasabapathy v. Asilin Nona - NLR - 548 of 61 [1958] LKSC 31; (1958) 61 NLR 548 (10 March 1958),dense_br_nlr,0.917402,0.002598,0.917402,0.079121,0.000879,15,11483,37,2.466667,3.222154,0,0.0,0.0,12,5,True,False,True,False,True,0.002598351949823359,0.9174016480501767,0.0791210445895525,0.000878955410447454,1950,0.9174016480501767,0.8382806034606242
1958/32.html,1958,NLR,Thamboo v. The Superintendent of Prisons - NLR - 573 of 59 [1958] LKSC 32; (1958) 59 NLR 573 (21 February 1958),dense_br_nlr,0.919986,1.4e-05,0.919986,0.079121,0.000879,13,9358,49,3.769231,5.236162,0,0.0,0.0,11,8,True,False,True,False,True,1.4227681722549513e-05,0.9199857723182775,0.0791210445895525,0.000878955410447454,1950,0.9199857723182775,0.840864727728725
1958/4.html,1958,NLR,Dissanayake v. Siyane Adikari Co Operative Stores Union - NLR - 140 of 60 [1958] LKSC 4; (1958) 60 NLR 140 (19 September 1958),paragraph_nlr,0.903453,0.903453,0.016547,0.079121,0.000879,17,1886,0,0.0,0.0,0,0.0,0.0,5,13,False,False,False,False,True,0.9034526868348758,0.016547313165124235,0.0791210445895525,0.000878955410447454,1950,0.9034526868348758,0.8243316422453233
1958/5.html,1958,NLR,P. S. Bus Co. Ltd v. Members and Secretary of Ceylon Transport Board - NLR - 491 of 61 [1958] LKSC 5; (1958) 61 NLR 491 (6 February 1958),dense_br_nlr,0.919873,0.000127,0.919873,0.079121,0.000879,18,18699,58,3.222222,3.10177,0,0.0,0.0,18,6,True,True,True,False,True,0.00012686240140611372,0.9198731375985939,0.0791210445895525,0.000878955410447454,1950,0.9198731375985939,0.8407520930090414
1958/6.html,1958,NLR,Arunasalam Pillai v. Commissioner For Registration of Indian and Pakistani Residents - NLR - 259 of 60 [1958] LKSC 6; (1958) 60 NLR 259 (24 November 1958),paragraph_nlr,0.893792,0.893792,0.026208,0.079121,0.000879,17,2081,2,0.117647,0.961076,0,0.0,0.0,6,9,False,False,True,False,False,0.8937920922149623,0.026207907785037843,0.0791210445895525,0.000878955410447454,1950,0.8937920922149623,0.8146710476254098
1958/7.html,1958,NLR,Beeran v. Minister Defence and External Affairs - NLR - 308 of 60 [1958] LKSC 7; (1958) 60 NLR 308 (3 October 1958),dense_br_nlr,0.91558,0.00442,0.91558,0.079121,0.000879,15,11303,35,2.333333,3.096523,0,0.0,0.0,9,7,True,False,True,False,True,0.0044203785217024555,0.9155796214782976,0.0791210445895525,0.000878955410447454,1950,0.9155796214782976,0.8364585768887451
1958/8.html,1958,NLR,Karuppan Muniyandy v. Commissioner For Registration of Indian and Pakistani Residents - NLR - 403 of 60 [1958] LKSC 8; (1958) 60 NLR 403 (31 October 1958),dense_br_nlr,0.913124,0.006876,0.913124,0.075556,0.004444,9,3413,20,2.222222,5.859947,1,0.111111,0.292997,6,6,True,False,True,False,True,0.006875635574375827,0.9131243644256242,0.07555606618252449,0.004443933817475475,1950,0.9131243644256242,0.8375682982430996
1958/9.html,1958,NLR,Marimuthu v. Commissioner For Registration of Indian and Pakistani Resident - NLR - 239 of 60 [1958] LKSC 9; (1958) 60 NLR 239 (5 December 1958),paragraph_nlr,0.651968,0.651968,0.268032,0.079121,0.000879,18,3205,14,0.777778,4.368175,0,0.0,0.0,5,5,True,False,True,False,True,0.6519677901881097,0.2680322098118904,0.0791210445895525,0.000878955410447454,1950,0.6519677901881097,0.3839355803762193
1959/1.html,1959,NLR,Udalagama v. Boange - NLR - 25 of 61 [1959] LKSC 1; (1959) 61 NLR 25 (29 July 1959),dense_br_nlr,0.919941,5.9e-05,0.919941,0.079121,0.000879,34,18892,116,3.411765,6.140165,0,0.0,0.0,17,5,True,False,True,False,True,5.9442195483367935e-05,0.9199405578045167,0.0791210445895525,0.000878955410447454,1950,0.9199405578045167,0.8408195132149642
1959/10.html,1959,NLR,Attorney General v. Baskaran - NLR - 64 of 62 [1959] LKSC 10; (1959) 62 NLR 64 (17 July 1959),dense_br_nlr,0.91999,1e-05,0.91999,0.077655,0.002345,15,11630,58,3.866667,4.987102,1,0.066667,0.085985,12,5,True,False,True,False,False,9.635464165382857e-06,0.9199903645358346,0.07765501015865511,0.002344989841344842,1950,0.9199903645358346,0.8423353543771794
1959/11.html,1959,NLR,Jayasinghe v. Munasinghe - NLR - 527 of 62 [1959] LKSC 11; (1959) 62 NLR 527 (17 November 1959),dense_br_nlr,0.91558,0.00442,0.91558,0.079121,0.000879,9,4009,21,2.333333,5.238214,0,0.0,0.0,10,7,True,False,True,False,True,0.0044203785217024555,0.9155796214782976,0.0791210445895525,0.000878955410447454,1950,0.9155796214782976,0.8364585768887451
1959/12.html,1959,NLR,Samuel v. De Silva - NLR - 547 of 60 [1959] LKSC 12; (1959) 60 NLR 547 (14 May 1959),dense_br_nlr,0.919998,2e-06,0.919998,0.079121,0.000879,18,15842,77,4.277778,4.860497,0,0.0,0.0,11,9,True,False,True,True,True,1.860815674779026e-06,0.9199981391843253,0.0791210445895525,0.000878955410447454,1950,0.9199981391843253,0.8408770945947728
1959/13.html,1959,NLR,Zahir v. David Silva - NLR - 357 of 61 [1959] LKSC 13; (1959) 61 NLR 357 (28 October 1959),dense_br_nlr,0.91999,1e-05,0.91999,0.079121,0.000879,13,6319,50,3.846154,7.912644,0,0.0,0.0,10,6,True,False,True,False,True,1.045940506684051e-05,0.9199895405949332,0.0791210445895525,0.000878955410447454,1950,0.9199895405949332,0.8408684960053807
1959/14.html,1959,NLR,Agonis Perera v. Ganegama - NLR - 281 of 61 [1959] LKSC 14; (1959) 61 NLR 281 (24 November 1959),dense_br_nlr,0.919033,0.000967,0.919033,0.079121,0.000879,7,2556,19,2.714286,7.43349,0,0.0,0.0,9,4,False,False,False,False,True,0.0009667438684064856,0.9190332561315936,0.0791210445895525,0.000878955410447454,1950,0.9190332561315936,0.8399122115420411
1959/15.html,1959,NLR,Fernando v. Commissioner of Income Tax - NLR - 285 of 65 [1959] LKSC 15; (1959) 65 NLR 285 (4 September 1959),dense_br_nlr,0.89445,0.02555,0.89445,0.079121,0.000879,9,2960,17,1.888889,5.743243,0,0.0,0.0,11,10,False,False,True,True,False,0.025550389689338725,0.8944496103106613,0.0791210445895525,0.000878955410447454,1950,0.8944496103106613,0.8153285657211088
1959/16.html,1959,NLR,R. M. Fernando v. Commissioner of Income Tax - NLR - 313 of 61 [1959] LKSC 16; (1959) 61 NLR 313 (30 September 1959),dense_br_nlr,0.92,0.0,0.92,0.079121,0.000879,24,18177,122,5.083333,6.711779,0,0.0,0.0,18,6,True,False,True,True,True,7.418427099725734e-08,0.9199999258157291,0.0791210445895525,0.000878955410447454,1950,0.9199999258157291,0.8408788812261766
1959/17.html,1959,NLR,Commercial Banks Association (Ceylon) v. Wijeyewardene - NLR - 196 of 61 [1959] LKSC 17; (1959) 61 NLR 196 (23 March 1959),dense_br_nlr,0.919987,1.3e-05,0.919987,0.079121,0.000879,37,23274,140,3.783784,6.015296,0,0.0,0.0,17,6,True,False,True,True,True,1.3423116848603201e-05,0.9199865768831514,0.0791210445895525,0.000878955410447454,1950,0.9199865768831514,0.840865532293599
1959/18.html,1959,NLR,Jayakody v. Pedris - NLR - 422 of 60 [1959] LKSC 18; (1959) 60 NLR 422 (25 February 1959),dense_br_nlr,0.919985,1.5e-05,0.919985,0.079121,0.000879,8,5577,30,3.75,5.379236,0,0.0,0.0,8,7,True,False,False,False,True,1.536530810011705e-05,0.9199846346919,0.0791210445895525,0.000878955410447454,1950,0.9199846346919,0.8408635901023475
1959/19.html,1959,NLR,Nanayakkara v. Illangakoon - NLR - 211 of 61 [1959] LKSC 19; (1959) 61 NLR 211 (19 January 1959),dense_br_nlr,0.880761,0.039239,0.880761,0.079121,0.000879,9,2262,16,1.777778,7.073386,0,0.0,0.0,6,5,True,False,True,False,True,0.039239118568878295,0.8807608814311217,0.0791210445895525,0.000878955410447454,1950,0.8807608814311217,0.8016398368415693
1959/2.html,1959,NLR,The Attorney-General v. Kiribanda - NLR - 227 of 61 [1959] LKSC 2; (1959) 61 NLR 227 (2 November 1959),dense_br_nlr,0.919974,2.6e-05,0.919974,0.079121,0.000879,13,8977,47,3.615385,5.235602,0,0.0,0.0,11,6,True,False,True,False,True,2.632608659430158e-05,0.9199736739134058,0.0791210445895525,0.000878955410447454,1950,0.9199736739134058,0.8408526293238533
1959/20.html,1959,NLR,Siriwardena v. Karunaratne - NLR - 501 of 60 [1959] LKSC 20; (1959) 60 NLR 501 (9 June 1959),dense_br_nlr,0.919942,5.8e-05,0.919942,0.079121,0.000879,12,8405,41,3.416667,4.878049,0,0.0,0.0,8,4,False,False,True,True,False,5.82880786972595e-05,0.9199417119213028,0.0791210445895525,0.000878955410447454,1950,0.9199417119213028,0.8408206673317503
1959/21.html,1959,NLR,Holland Colombo Ltd. of Colombo v. Subramaniam - NLR - 515 of 62 [1959] LKSC 21; (1959) 62 NLR 515 (3 August 1959),paragraph_nlr,0.894688,0.894688,0.025312,0.079121,0.000879,46,19667,5,0.108696,0.254233,0,0.0,0.0,9,49,True,False,True,True,True,0.8946884809211362,0.025311519078863906,0.0791210445895525,0.000878955410447454,1950,0.8946884809211362,0.8155674363315837
1959/3.html,1959,NLR,Janananda Therunnanse v. Ratanapala Therunnanse - NLR - 273 of 61 [1959] LKSC 3; (1959) 61 NLR 273 (11 November 1959),dense_br_nlr,0.919996,4e-06,0.919996,0.079121,0.000879,17,12099,69,4.058824,5.702951,0,0.0,0.0,13,5,True,False,False,True,True,4.467496090945211e-06,0.9199955325039091,0.0791210445895525,0.000878955410447454,1950,0.9199955325039091,0.8408744879143566
1959/4.html,1959,NLR,Tennekoon v. Principal Collector of Customs - NLR - 232 of 61 [1959] LKSC 4; (1959) 61 NLR 232 (23 February 1959),dense_br_nlr,0.919926,7.4e-05,0.919926,0.079121,0.000879,14,13282,47,3.357143,3.538624,0,0.0,0.0,12,6,True,False,True,False,True,7.395646123312894e-05,0.919926043538767,0.0791210445895525,0.000878955410447454,1950,0.919926043538767,0.8408049989492145
1959/5.html,1959,NLR,Balakrishnan v. Commissioner For Registration of Indian and Pakistani Residents. - NLR - 424 of 60 [1959] LKSC 5; (1959) 60 NLR 424 (28 April 1959),dense_br_nlr,0.919902,9.8e-05,0.919902,0.079121,0.000879,7,5195,23,3.285714,4.427334,0,0.0,0.0,6,5,True,False,False,False,True,9.84123174334206e-05,0.9199015876825666,0.0791210445895525,0.000878955410447454,1950,0.9199015876825666,0.8407805430930141
1959/6.html,1959,NLR,Ramasamy Pillai v. Commissioner For Registration of Indian and Pakistani Residents - NLR - 534 of 60 [1959] LKSC 6; (1959) 60 NLR 534 (25 March 1959),dense_br_nlr,0.92,0.0,0.92,0.079121,0.000879,20,21732,93,4.65,4.279404,0,0.0,0.0,15,7,True,False,True,True,True,4.198442342318032e-07,0.9199995801557658,0.0791210445895525,0.000878955410447454,1950,0.9199995801557658,0.8408785355662133
1959/7.html,1959,NLR,Ukku Amma v. Paramanathan - NLR - 306 of 63 [1959] LKSC 7; (1959) 63 NLR 306 (27 November 1959),dense_br_nlr,0.919998,2e-06,0.919998,0.079121,0.000879,11,5905,47,4.272727,7.959356,0,0.0,0.0,11,9,True,False,True,False,False,1.8987938810610673e-06,0.919998101206119,0.0791210445895525,0.000878955410447454,1950,0.919998101206119,0.8408770566165665
1959/8.html,1959,NLR,Wickremaratna v. Josephine Silva - NLR - 569 of 63 [1959] LKSC 8; (1959) 63 NLR 569 (10 December 1959),dense_br_nlr,0.919082,0.000918,0.919082,0.079121,0.000879,11,5837,30,2.727273,5.139627,0,0.0,0.0,11,7,True,False,False,True,True,0.0009178544099217767,0.9190821455900783,0.0791210445895525,0.000878955410447454,1950,0.9190821455900783,0.8399611010005258
1959/9.html,1959,NLR,Edwin v. Abeygunaratne - NLR - 548 of 62 [1959] LKSC 9; (1959) 62 NLR 548 (12 May 1959),dense_br_nlr,0.919519,0.000481,0.919519,0.079121,0.000879,9,4589,26,2.888889,5.665722,0,0.0,0.0,9,8,False,False,True,False,True,0.00048108784851718327,0.9195189121514828,0.0791210445895525,0.000878955410447454,1950,0.9195189121514828,0.8403978675619304
1960/1.html,1960,NLR,David De Silva v. Ramanathan Chettiar - NLR - 409 of 65 [1960] LKSC 1; (1960) 65 NLR 409 (23 June 1960),dense_br_nlr,0.92,0.0,0.92,0.079121,0.000879,27,33799,195,7.222222,5.769401,0,0.0,0.0,18,5,True,False,True,False,True,1.4278427329372789e-11,0.9199999999857216,0.0791210445895525,0.000878955410447454,1960,0.9199999999857216,0.8408789553961691
1960/10.html,1960,NLR,Peiris v. Commissioner of Income Tax - NLR - 53 of 66 [1960] LKSC 10; (1960) 66 NLR 53 (11 October 1960),dense_br_nlr,0.919963,3.7e-05,0.919963,0.077655,0.002345,15,9973,53,3.533333,5.314349,1,0.066667,0.100271,15,11,True,False,True,True,True,3.655277902997689e-05,0.91996344722097,0.07765501015865511,0.002344989841344842,1960,0.91996344722097,0.8423084370623148
1960/11.html,1960,NLR,In Re Vidyasagara - NLR - 388 of 62 [1960] LKSC 11; (1960) 62 NLR 388 (20 May 1960),dense_br_nlr,0.92,0.0,0.92,0.079121,0.000879,25,22788,158,6.32,6.933474,0,0.0,0.0,19,10,True,False,True,True,False,5.272313785553706e-10,0.9199999994727687,0.0791210445895525,0.000878955410447454,1960,0.9199999994727687,0.8408789548832162
1960/12.html,1960,NLR,Richard Pieris & Co. Ltd. v. Wijesiriwardena - NLR - 233 of 62 [1960] LKSC 12; (1960) 62 NLR 233 (5 September 1960),dense_br_nlr,0.919996,4e-06,0.919996,0.079121,0.000879,11,8627,45,4.090909,5.216182,0,0.0,0.0,10,7,True,False,True,False,True,3.929407605207658e-06,0.9199960705923949,0.0791210445895525,0.000878955410447454,1960,0.9199960705923949,0.8408750260028424
1960/13.html,1960,NLR,Cassim v. Kaliappa Pillai - NLR - 409 of 62 [1960] LKSC 13; (1960) 62 NLR 409 (3 June 1960),dense_br_nlr,0.918125,0.001875,0.918125,0.079121,0.000879,31,9407,79,2.548387,8.398001,0,0.0,0.0,15,7,True,False,False,True,True,0.0018753310172837125,0.9181246689827163,0.0791210445895525,0.000878955410447454,1960,0.9181246689827163,0.8390036243931638
1960/14.html,1960,NLR,Chettinad Corporation Ltd. v. Gamage - NLR - 86 of 62 [1960] LKSC 14; (1960) 62 NLR 86 (4 March 1960),dense_br_nlr,0.919996,4e-06,0.919996,0.079121,0.000879,11,9273,45,4.090909,4.852798,0,0.0,0.0,16,4,True,False,False,True,True,3.929407605207658e-06,0.9199960705923949,0.0791210445895525,0.000878955410447454,1960,0.9199960705923949,0.8408750260028424
1960/15.html,1960,NLR,Silva v. Silva - NLR - 428 of 63 [1960] LKSC 15; (1960) 63 NLR 428 (14 December 1960),dense_br_nlr,0.919786,0.000214,0.919786,0.079121,0.000879,11,6919,34,3.090909,4.914005,0,0.0,0.0,12,7,True,False,True,True,True,0.0002144892844802282,0.9197855107155198,0.0791210445895525,0.000878955410447454,1960,0.9197855107155198,0.8406644661259673
1960/16.html,1960,NLR,"Perera v. Chairman, U. C., Dehiwela Mt. Lavinia - NLR - 383 of 62 [1960] LKSC 16; (1960) 62 NLR 383 (2 February 1960)",dense_br_nlr,0.903453,0.016547,0.903453,0.079121,0.000879,9,2944,18,2.0,6.11413,0,0.0,0.0,8,7,False,False,True,False,True,0.016547313165124224,0.9034526868348758,0.0791210445895525,0.000878955410447454,1960,0.9034526868348758,0.8243316422453233
1960/17.html,1960,NLR,Sabaratnam v. Sinnathurai - NLR - 463 of 65 [1960] LKSC 17; (1960) 65 NLR 463 (10 June 1960),paragraph_nlr,0.803495,0.803495,0.116505,0.079121,0.000879,29,11774,15,0.517241,1.273994,0,0.0,0.0,11,22,True,False,False,False,False,0.8034949214639451,0.11650507853605498,0.0791210445895525,0.000878955410447454,1960,0.8034949214639451,0.6869898429278901
1960/18.html,1960,NLR,Seemon Singho v. Wickremasinghe - NLR - 235 of 65 [1960] LKSC 18; (1960) 65 NLR 235 (26 July 1960),dense_br_nlr,0.915105,0.004895,0.915105,0.077278,0.002722,13,9953,30,2.307692,3.014167,1,0.076923,0.100472,15,10,True,False,True,True,False,0.004895275282894298,0.9151047247171057,0.07727829603884145,0.0027217039611585133,1960,0.9151047247171057,0.8378264286782642
1960/19.html,1960,NLR,"Fernando v. Government Agent, Kandy - NLR - 502 of 62 [1960] LKSC 19; (1960) 62 NLR 502 (13 September 1960)",dense_br_nlr,0.918976,0.001024,0.918976,0.079121,0.000879,10,6751,27,2.7,3.999407,0,0.0,0.0,10,8,False,False,True,False,True,0.001023533150231395,0.9189764668497686,0.0791210445895525,0.000878955410447454,1960,0.9189764668497686,0.8398554222602161
1960/2.html,1960,NLR,Caruppiah v. Commissioner For Registration of Indian and Pakistani Residents - NLR - 17 of 62 [1960] LKSC 2; (1960) 62 NLR 17 (3 March 1960),dense_br_nlr,0.916975,0.003025,0.916975,0.079121,0.000879,7,2926,17,2.428571,5.809979,0,0.0,0.0,8,6,True,False,False,False,True,0.003024653643128508,0.9169753463568715,0.0791210445895525,0.000878955410447454,1960,0.9169753463568715,0.837854301767319
1960/20.html,1960,NLR,Buddharakkita Thero v. Wijewardena - NLR - 49 of 62 [1960] LKSC 20; (1960) 62 NLR 49 (26 April 1960),dense_br_nlr,0.92,0.0,0.92,0.079121,0.000879,16,15178,77,4.8125,5.073132,0,0.0,0.0,20,9,True,False,True,False,True,2.191779572813246e-07,0.9199997808220428,0.0791210445895525,0.000878955410447454,1960,0.9199997808220428,0.8408787362324903
1960/21.html,1960,NLR,Joseph v. Joseph - NLR - 212 of 63 [1960] LKSC 21; (1960) 63 NLR 212 (14 November 1960),dense_br_nlr,0.919983,1.7e-05,0.919983,0.079121,0.000879,11,5642,41,3.727273,7.266927,0,0.0,0.0,11,8,False,False,True,True,True,1.682757076182817e-05,0.9199831724292382,0.0791210445895525,0.000878955410447454,1960,0.9199831724292382,0.8408621278396857
1960/22.html,1960,NLR,Kirimudianse v. David - NLR - 525 of 62 [1960] LKSC 22; (1960) 62 NLR 525 (9 February 1960),dense_br_nlr,0.916082,0.003918,0.916082,0.079121,0.000879,11,5079,26,2.363636,5.119118,0,0.0,0.0,11,8,True,False,True,False,False,0.003917924162282933,0.9160820758377171,0.0791210445895525,0.000878955410447454,1960,0.9160820758377171,0.8369610312481646
1960/23.html,1960,NLR,Valliamma v. Trafford Hill Rubber Estates Ltd. - NLR - 468 of 62 [1960] LKSC 23; (1960) 62 NLR 468 (13 September 1960),dense_br_nlr,0.919934,6.6e-05,0.919934,0.079121,0.000879,13,9309,44,3.384615,4.726609,0,0.0,0.0,11,8,True,False,True,False,False,6.626069752681207e-05,0.9199337393024732,0.0791210445895525,0.000878955410447454,1960,0.9199337393024732,0.8408126947129207
1960/3.html,1960,NLR,Idroos v. The Commissioner For the Registration of Indian and Pakistani Residents - NLR - 109 of 62 [1960] LKSC 3; (1960) 62 NLR 109 (30 May 1960),dense_br_nlr,0.919896,0.000104,0.919896,0.079121,0.000879,11,7275,36,3.272727,4.948454,0,0.0,0.0,10,6,True,False,True,False,True,0.00010365916625657335,0.9198963408337435,0.0791210445895525,0.000878955410447454,1960,0.9198963408337435,0.840775296244191
1960/4.html,1960,NLR,"Manickam v. Permanent Secretary, Ministry of Defence and External Affairs - NLR - 204 of 62 [1960] LKSC 4; (1960) 62 NLR 204 (10 August 1960)",dense_br_nlr,0.92,0.0,0.92,0.079121,0.000879,16,13913,78,4.875,5.606268,0,0.0,0.0,13,9,True,False,True,False,True,1.7069597371133228e-07,0.9199998293040264,0.0791210445895525,0.000878955410447454,1960,0.9199998293040264,0.8408787847144739
1960/5.html,1960,NLR,Sandanam v. Commissioner For Registration of Indian and Pakistani Residents - NLR - 95 of 62 [1960] LKSC 5; (1960) 62 NLR 95 (24 May 1960),dense_br_nlr,0.919802,0.000198,0.919802,0.079121,0.000879,9,4639,28,3.111111,6.035784,0,0.0,0.0,9,7,True,False,True,False,True,0.00019784222705539369,0.9198021577729446,0.0791210445895525,0.000878955410447454,1960,0.9198021577729446,0.8406811131833921
1960/6.html,1960,NLR,Veloo v. Commissioner For Registration of Indian and Pakistani Residents - NLR - 574 of 61 [1960] LKSC 6; (1960) 61 NLR 574 (1 April 1960),dense_br_nlr,0.914374,0.005626,0.914374,0.079121,0.000879,11,7189,25,2.272727,3.477535,0,0.0,0.0,10,6,True,False,True,False,True,0.005625625196911397,0.9143743748030887,0.0791210445895525,0.000878955410447454,1960,0.9143743748030887,0.8352533302135362
1960/7.html,1960,NLR,Wilbert v. Vanden Driesen - NLR - 381 of 62 [1960] LKSC 7; (1960) 62 NLR 381 (30 August 1960),dense_br_nlr,0.917273,0.002727,0.917273,0.079121,0.000879,11,6060,27,2.454545,4.455446,0,0.0,0.0,10,8,True,False,True,False,True,0.002727062628273753,0.9172729373717263,0.0791210445895525,0.000878955410447454,1960,0.9172729373717263,0.8381518927821738
1960/8.html,1960,NLR,"The Queen v. Appuhamy, N.K.A. - NLR - 484 of 62 [1960] LKSC 8; (1960) 62 NLR 484 (5 December 1960)",dense_br_nlr,0.918526,0.001474,0.918526,0.07833,0.00167,23,22888,60,2.608696,2.621461,1,0.043478,0.043691,18,9,True,False,True,False,False,0.0014740094442839391,0.9185259905557162,0.0783295469329291,0.0016704530670708726,1960,0.9185259905557162,0.8401964436227871
1960/9.html,1960,NLR,"Bandara v. Inspector of Police, Padukka - NLR - 73 of 62 [1960] LKSC 9; (1960) 62 NLR 73 (30 May 1960)",dense_br_nlr,0.919998,2e-06,0.919998,0.078624,0.001376,33,40978,139,4.212121,3.392064,1,0.030303,0.024403,27,6,True,False,True,True,True,2.419696983548825e-06,0.9199975803030165,0.0786239442059274,0.0013760557940725529,1960,0.9199975803030165,0.841373636097089
1961/1.html,1961,NLR,Cargo and Tankship Management Corporation v. The Ship 'Valiant Enterprise' - NLR - 271 of 64 [1961] LKSC 1; (1961) 64 NLR 271 (3 July 1961),dense_br_nlr,0.919925,7.5e-05,0.919925,0.079121,0.000879,17,13337,57,3.352941,4.273825,0,0.0,0.0,23,5,True,False,True,True,False,7.520992440855246e-05,0.9199247900755915,0.0791210445895525,0.000878955410447454,1960,0.9199247900755915,0.840803745486039
1961/10.html,1961,NLR,Kannusamy v. Minister of Defence and External Affairs - NLR - 380 of 63 [1961] LKSC 10; (1961) 63 NLR 380 (16 November 1961),dense_br_nlr,0.916396,0.003604,0.916396,0.079121,0.000879,13,7278,31,2.384615,4.259412,0,0.0,0.0,12,8,True,False,True,False,True,0.00360379985497445,0.9163962001450255,0.0791210445895525,0.000878955410447454,1960,0.9163962001450255,0.837275155555473
1961/11.html,1961,NLR,Mohideen v. Minister of Defence and External Affairs - NLR - 263 of 63 [1961] LKSC 11; (1961) 63 NLR 263 (13 June 1961),dense_br_nlr,0.918178,0.001822,0.918178,0.079121,0.000879,9,4640,23,2.555556,4.956897,0,0.0,0.0,9,8,False,False,True,False,True,0.0018224227754862988,0.9181775772245138,0.0791210445895525,0.000878955410447454,1960,0.9181775772245138,0.8390565326349613
1961/12.html,1961,NLR,Shamsudeen v. Minister of Defence and External Affairs - NLR - 430 of 63 [1961] LKSC 12; (1961) 63 NLR 430 (23 October 1961),dense_br_nlr,0.91995,5e-05,0.91995,0.079121,0.000879,11,6231,38,3.454545,6.09854,0,0.0,0.0,10,7,True,True,True,False,True,5.009366224074885e-05,0.9199499063377593,0.0791210445895525,0.000878955410447454,1960,0.9199499063377593,0.8408288617482068
1961/13.html,1961,NLR,Arnolis Silva v. Thambiah - NLR - 228 of 63 [1961] LKSC 13; (1961) 63 NLR 228 (21 July 1961),dense_br_nlr,0.919934,6.6e-05,0.919934,0.079121,0.000879,13,9920,44,3.384615,4.435484,0,0.0,0.0,14,7,True,False,True,True,True,6.626069752681207e-05,0.9199337393024732,0.0791210445895525,0.000878955410447454,1960,0.9199337393024732,0.8408126947129207
1961/14.html,1961,NLR,E.Velupillai v. C. Sivasithamparam - NLR - 80 of 67 [1961] LKSC 14; (1961) 67 NLR 80 (21 June 1961),dense_br_nlr,0.91925,0.00075,0.91925,0.079121,0.000879,9,4409,25,2.777778,5.67022,0,0.0,0.0,9,8,True,False,True,True,False,0.0007500960722439088,0.9192499039277562,0.0791210445895525,0.000878955410447454,1960,0.9192499039277562,0.8401288593382037
1961/15.html,1961,NLR,Nanayakkara v. Paiva - NLR - 193 of 64 [1961] LKSC 15; (1961) 64 NLR 193 (20 December 1961),dense_br_nlr,0.92,0.0,0.92,0.079121,0.000879,15,13586,72,4.8,5.299573,0,0.0,0.0,21,6,True,False,True,False,True,2.3041544852109297e-07,0.9199997695845515,0.0791210445895525,0.000878955410447454,1960,0.9199997695845515,0.840878724994999
1961/16.html,1961,NLR,"Emanis Singho v. Inspector of Police, Dompe - NLR - 158 of 64 [1961] LKSC 16; (1961) 64 NLR 158 (14 November 1961)",dense_br_nlr,0.919877,0.000123,0.919877,0.079121,0.000879,13,8582,42,3.230769,4.893964,0,0.0,0.0,9,5,True,False,True,False,False,0.00012259909972111682,0.9198774009002789,0.0791210445895525,0.000878955410447454,1960,0.9198774009002789,0.8407563563107264
1961/17.html,1961,NLR,De Zoysa v. Public Service Commission - NLR - 492 of 62 [1961] LKSC 17; (1961) 62 NLR 492 (16 January 1961),dense_br_nlr,0.919861,0.000139,0.919861,0.079121,0.000879,25,27630,80,3.2,2.895404,0,0.0,0.0,18,7,True,False,True,False,True,0.00013865352941491604,0.9198613464705852,0.0791210445895525,0.000878955410447454,1960,0.9198613464705852,0.8407403018810327
1961/18.html,1961,NLR,Herath Banda v. Dissanayake - NLR - 303 of 64 [1961] LKSC 18; (1961) 64 NLR 303 (29 November 1961),dense_br_nlr,0.919963,3.7e-05,0.919963,0.079121,0.000879,15,11187,53,3.533333,4.737642,0,0.0,0.0,11,6,True,False,True,True,False,3.655277902997689e-05,0.91996344722097,0.0791210445895525,0.000878955410447454,1960,0.91996344722097,0.8408424026314175
1961/19.html,1961,NLR,Bastian v. Benedict - NLR - 559 of 66 [1961] LKSC 19; (1961) 66 NLR 559 (10 November 1961),dense_br_nlr,0.917442,0.002558,0.917442,0.077908,0.002092,17,16497,42,2.470588,2.545917,1,0.058824,0.060617,14,9,True,False,True,True,False,0.002558029742285464,0.9174419702577146,0.07790847240238764,0.0020915275976123157,1960,0.9174419702577146,0.8395334978553269
1961/2.html,1961,NLR,Kanagaratnam v. Karthigesu - NLR - 165 of 63 [1961] LKSC 2; (1961) 63 NLR 165 (4 August 1961),dense_br_nlr,0.92,0.0,0.92,0.079121,0.000879,12,8982,67,5.583333,7.459363,0,0.0,0.0,11,6,True,False,True,False,True,1.0039749951396004e-08,0.9199999899602501,0.0791210445895525,0.000878955410447454,1960,0.9199999899602501,0.8408789453706976
1961/20.html,1961,NLR,Weragoda v. Weragoda - NLR - 83 of 66 [1961] LKSC 20; (1961) 66 NLR 83 (29 March 1961),dense_br_nlr,0.914237,0.005763,0.914237,0.077655,0.002345,15,12671,34,2.266667,2.683293,1,0.066667,0.07892,27,20,True,False,True,True,True,0.005762791917792716,0.9142372080822073,0.07765501015865511,0.002344989841344842,1960,0.9142372080822073,0.8365821979235522
1961/21.html,1961,NLR,Sethu Ramasamy v. Moregoda - NLR - 115 of 63 [1961] LKSC 21; (1961) 63 NLR 115 (6 June 1961),dense_br_nlr,0.919986,1.4e-05,0.919986,0.079121,0.000879,13,8296,49,3.769231,5.906461,0,0.0,0.0,11,7,False,False,True,True,True,1.4227681722549513e-05,0.9199857723182775,0.0791210445895525,0.000878955410447454,1960,0.9199857723182775,0.840864727728725
1961/22.html,1961,NLR,Chandrasena v. De Silva - NLR - 308 of 63 [1961] LKSC 22; (1961) 63 NLR 308 (21 August 1961),dense_br_nlr,0.908434,0.011566,0.908434,0.079121,0.000879,11,5965,23,2.090909,3.855826,0,0.0,0.0,11,8,True,False,True,False,False,0.011566188192827696,0.9084338118071723,0.0791210445895525,0.000878955410447454,1960,0.9084338118071723,0.8293127672176198
1961/23.html,1961,NLR,"The Colombo Buddhist Theosophical Society Ltd v. De Silva, S.F. - NLR - 237 of 63 [1961] LKSC 23; (1961) 63 NLR 237 (21 August 1961)",dense_br_nlr,0.918945,0.001055,0.918945,0.079121,0.000879,13,9656,35,2.692308,3.624689,0,0.0,0.0,13,8,True,False,True,False,True,0.001055478008282025,0.918944521991718,0.0791210445895525,0.000878955410447454,1960,0.918944521991718,0.8398234774021656
1961/24.html,1961,NLR,The Negombo Municipal Council v. Fernando.K.J.M - NLR - 512 of 63 [1961] LKSC 24; (1961) 63 NLR 512 (8 September 1961),dense_br_nlr,0.919997,3e-06,0.919997,0.079121,0.000879,25,29754,105,4.2,3.528937,0,0.0,0.0,20,10,True,False,True,True,True,2.5399037542905847e-06,0.9199974600962457,0.0791210445895525,0.000878955410447454,1960,0.9199974600962457,0.8408764155066932
1961/25.html,1961,NLR,Commissioner of Income Tax v. Baddrawathie Fernando Charitable Trust - NLR - 409 of 63 [1961] LKSC 25; (1961) 63 NLR 409 (3 March 1961),dense_br_nlr,0.92,0.0,0.92,0.079121,0.000879,19,18657,109,5.736842,5.842311,0,0.0,0.0,16,8,True,False,True,True,True,5.433134440124832e-09,0.9199999945668657,0.0791210445895525,0.000878955410447454,1960,0.9199999945668657,0.8408789499773132
1961/26.html,1961,NLR,"Commissioner of Inland Revenue v. De Silva, D.B.J. - NLR - 65 of 64 [1961] LKSC 26; (1961) 64 NLR 65 (12 July 1961)",dense_br_nlr,0.919994,6e-06,0.919994,0.079121,0.000879,15,15100,60,4.0,3.97351,0,0.0,0.0,32,5,True,False,True,True,True,5.652640634030704e-06,0.919994347359366,0.0791210445895525,0.000878955410447454,1960,0.919994347359366,0.8408733027698135
1961/27.html,1961,NLR,Hayley and Co. Ltd. v. Commissioner of Inland Revenue - NLR - 174 of 65 [1961] LKSC 27; (1961) 65 NLR 174 (10 July 1961),dense_br_nlr,0.919943,5.7e-05,0.919943,0.079121,0.000879,19,22077,65,3.421053,2.944241,0,0.0,0.0,20,12,True,False,True,False,True,5.727445382283314e-05,0.9199427255461772,0.0791210445895525,0.000878955410447454,1960,0.9199427255461772,0.8408216809566247
1961/28.html,1961,NLR,J. A. P. Zebedee Fernando & Co. v. Commissioner of Inland Revenue - NLR - 256 of 66 [1961] LKSC 28; (1961) 66 NLR 256 (15 February 1961),dense_br_nlr,0.919998,2e-06,0.919998,0.07833,0.00167,23,22452,97,4.217391,4.320328,1,0.043478,0.044539,14,7,False,False,True,True,True,2.3692237592376487e-06,0.9199976307762407,0.0783295469329291,0.0016704530670708726,1960,0.9199976307762407,0.8416680838433117
1961/29.html,1961,NLR,The Electric Equipment and Construction Co. v. Cooray. - NLR - 164 of 63 [1961] LKSC 29; (1961) 63 NLR 164 (22 May 1961),dense_br_nlr,0.913124,0.006876,0.913124,0.079121,0.000879,9,2867,20,2.222222,6.975933,0,0.0,0.0,9,9,False,False,True,False,True,0.006875635574375827,0.9131243644256242,0.0791210445895525,0.000878955410447454,1960,0.9131243644256242,0.8340033198360717
1961/3.html,1961,NLR,Kannusamy v. Minister of Defence and External Affairs - NLR - 214 of 63 [1961] LKSC 3; (1961) 63 NLR 214 (8 June 1961),dense_br_nlr,0.918976,0.001024,0.918976,0.079121,0.000879,10,5201,27,2.7,5.191309,0,0.0,0.0,10,8,False,True,True,False,True,0.001023533150231395,0.9189764668497686,0.0791210445895525,0.000878955410447454,1960,0.9189764668497686,0.8398554222602161
1961/30.html,1961,NLR,Punchi Banda v. Government Agent - NLR - 311 of 63 [1961] LKSC 30; (1961) 63 NLR 311 (17 October 1961),dense_br_nlr,0.909321,0.010679,0.909321,0.079121,0.000879,9,3030,19,2.111111,6.270627,0,0.0,0.0,9,8,True,False,True,False,True,0.01067873582069451,0.9093212641793055,0.0791210445895525,0.000878955410447454,1960,0.9093212641793055,0.830200219589753
1961/31.html,1961,NLR,Abeysinghe v. Gunasekara - NLR - 427 of 64 [1961] LKSC 31; (1961) 64 NLR 427 (30 April 1961),dense_br_nlr,0.919984,1.6e-05,0.919984,0.079121,0.000879,15,13255,56,3.733333,4.224821,0,0.0,0.0,27,5,True,False,True,False,True,1.642458168830352e-05,0.9199835754183118,0.0791210445895525,0.000878955410447454,1960,0.9199835754183118,0.8408625308287593
1961/32.html,1961,NLR,Marthelis Perera v. Jayasekera - NLR - 487 of 63 [1961] LKSC 32; (1961) 63 NLR 487 (18 October 1961),dense_br_nlr,0.896382,0.023618,0.896382,0.079121,0.000879,11,3923,21,1.909091,5.353046,0,0.0,0.0,10,6,True,False,True,False,True,0.02361785107400536,0.8963821489259947,0.0791210445895525,0.000878955410447454,1960,0.8963821489259947,0.8172611043364422
1961/33.html,1961,NLR,Munasinghe v. The Auditor General - NLR - 474 of 64 [1961] LKSC 33; (1961) 64 NLR 474 (15 May 1961),dense_br_nlr,0.919997,3e-06,0.919997,0.079121,0.000879,16,15048,66,4.125,4.385965,0,0.0,0.0,14,6,True,False,True,True,False,3.428508141429809e-06,0.9199965714918587,0.0791210445895525,0.000878955410447454,1960,0.9199965714918587,0.8408755269023062
1961/34.html,1961,NLR,V.Perumainar v. K.Maruthalingam - NLR - 44 of 67 [1961] LKSC 34; (1961) 67 NLR 44 (29 September 1961),dense_br_nlr,0.919969,3.1e-05,0.919969,0.079121,0.000879,7,4139,25,3.571429,6.040106,0,0.0,0.0,9,5,False,False,False,False,True,3.138653039760353e-05,0.9199686134696025,0.0791210445895525,0.000878955410447454,1960,0.9199686134696025,0.84084756888005
1961/35.html,1961,NLR,Aliyarlebbai v. Pathummah - NLR - 571 of 63 [1961] LKSC 35; (1961) 63 NLR 571 (7 July 1961),dense_br_nlr,0.916396,0.003604,0.916396,0.079121,0.000879,13,8695,31,2.384615,3.565267,0,0.0,0.0,12,8,True,False,True,True,True,0.00360379985497445,0.9163962001450255,0.0791210445895525,0.000878955410447454,1960,0.9163962001450255,0.837275155555473
1961/36.html,1961,NLR,Vinnasithamby v. Joseph - NLR - 359 of 65 [1961] LKSC 36; (1961) 65 NLR 359 (21 December 1961),dense_br_nlr,0.896382,0.023618,0.896382,0.079121,0.000879,11,4264,21,1.909091,4.924953,0,0.0,0.0,8,11,False,False,True,False,False,0.02361785107400536,0.8963821489259947,0.0791210445895525,0.000878955410447454,1960,0.8963821489259947,0.8172611043364422
1961/37.html,1961,NLR,Wijeyadoru v. Sirisena - NLR - 118 of 63 [1961] LKSC 37; (1961) 63 NLR 118 (14 March 1961),dense_br_nlr,0.919861,0.000139,0.919861,0.079121,0.000879,10,7154,32,3.2,4.473022,0,0.0,0.0,12,8,True,False,True,False,False,0.00013865352941491604,0.9198613464705852,0.0791210445895525,0.000878955410447454,1960,0.9198613464705852,0.8407403018810327
1961/38.html,1961,NLR,Peiris v. Fernando - NLR - 534 of 62 [1961] LKSC 38; (1961) 62 NLR 534 (13 February 1961),dense_br_nlr,0.919977,2.3e-05,0.919977,0.079121,0.000879,34,35322,124,3.647059,3.51056,0,0.0,0.0,21,8,True,False,True,True,True,2.319339960698219e-05,0.919976806600393,0.0791210445895525,0.000878955410447454,1960,0.919976806600393,0.8408557620108406
1961/39.html,1961,NLR,Kamalawathie v. De Silva - NLR - 252 of 64 [1961] LKSC 39; (1961) 64 NLR 252 (7 July 1961),dense_br_nlr,0.918761,0.001239,0.918761,0.079121,0.000879,23,23779,61,2.652174,2.565289,0,0.0,0.0,43,6,True,False,True,False,True,0.0012390314541018467,0.9187609685458982,0.0791210445895525,0.000878955410447454,1960,0.9187609685458982,0.8396399239563457
1961/4.html,1961,NLR,Thambirajah v. Maheswari - NLR - 519 of 62 [1961] LKSC 4; (1961) 62 NLR 519 (24 January 1961),dense_br_nlr,0.92,0.0,0.92,0.079121,0.000879,18,16395,111,6.166667,6.770357,0,0.0,0.0,15,8,True,False,True,True,True,9.73571756546221e-10,0.9199999990264283,0.0791210445895525,0.000878955410447454,1960,0.9199999990264283,0.8408789544368758
1961/5.html,1961,NLR,Senadhira v. Bribery Commissioner - NLR - 313 of 63 [1961] LKSC 5; (1961) 63 NLR 313 (27 November 1961),dense_br_nlr,0.919575,0.000425,0.919575,0.079121,0.000879,25,29405,73,2.92,2.482571,0,0.0,0.0,18,8,True,False,True,True,False,0.00042482065040228445,0.9195751793495978,0.0791210445895525,0.000878955410447454,1960,0.9195751793495978,0.8404541347600453
1961/6.html,1961,NLR,Mahamadagalle Upananda Thero v. Dunupothagama Sobitha Thero - NLR - 459 of 65 [1961] LKSC 6; (1961) 65 NLR 459 (26 October 1961),dense_br_nlr,0.918474,0.001526,0.918474,0.079121,0.000879,15,11773,39,2.6,3.312665,0,0.0,0.0,12,6,True,False,True,True,True,0.0015260969937605086,0.9184739030062395,0.0791210445895525,0.000878955410447454,1960,0.9184739030062395,0.839352858416687
1961/7.html,1961,NLR,Chandrasena v. De Silva - NLR - 143 of 63 [1961] LKSC 7; (1961) 63 NLR 143 (7 March 1961),dense_br_nlr,0.919519,0.000481,0.919519,0.079121,0.000879,9,3692,26,2.888889,7.042254,0,0.0,0.0,9,7,False,False,True,False,True,0.00048108784851718327,0.9195189121514828,0.0791210445895525,0.000878955410447454,1960,0.9195189121514828,0.8403978675619304
1961/8.html,1961,NLR,Linus Silvs v. University Council of the Vidyodaya University - NLR - 104 of 64 [1961] LKSC 8; (1961) 64 NLR 104 (20 November 1961),dense_br_nlr,0.908916,0.011084,0.908916,0.079121,0.000879,59,38414,124,2.101695,3.22799,0,0.0,0.0,61,18,True,False,True,True,False,0.011083672078600412,0.9089163279213996,0.0791210445895525,0.000878955410447454,1960,0.9089163279213996,0.8297952833318472
1961/9.html,1961,NLR,City Motor Transit Co. Ltd. v. Wijesinghe - NLR - 156 of 63 [1961] LKSC 9; (1961) 63 NLR 156 (10 March 1961),dense_br_nlr,0.919981,1.9e-05,0.919981,0.079121,0.000879,26,22695,96,3.692308,4.230007,0,0.0,0.0,17,10,True,False,True,False,True,1.9353550912488693e-05,0.9199806464490875,0.0791210445895525,0.000878955410447454,1960,0.9199806464490875,0.840859601859535
1962/1.html,1962,NLR,Don Anthony v. Bribery Commissioner - NLR - 93 of 64 [1962] LKSC 1; (1962) 64 NLR 93 (5 April 1962),dense_br_nlr,0.919519,0.000481,0.919519,0.079121,0.000879,9,3912,26,2.888889,6.646217,0,0.0,0.0,10,5,True,False,True,True,False,0.00048108784851718327,0.9195189121514828,0.0791210445895525,0.000878955410447454,1960,0.9195189121514828,0.8403978675619304
1962/10.html,1962,NLR,South Ceylon Democratic Workers Union v. Selvadurai - NLR - 244 of 71 [1962] LKSC 10; (1962) 71 NLR 244 (14 May 1962),dense_br_nlr,0.917442,0.002558,0.917442,0.077908,0.002092,17,14973,42,2.470588,2.805049,1,0.058824,0.066787,30,11,True,False,True,False,True,0.002558029742285464,0.9174419702577146,0.07790847240238764,0.0020915275976123157,1960,0.9174419702577146,0.8395334978553269
1962/11.html,1962,NLR,"Esufally v. Assistant Government Agent, Colombo - NLR - 490 of 65 [1962] LKSC 11; (1962) 65 NLR 490 (5 March 1962)",dense_br_nlr,0.92,0.0,0.92,0.079121,0.000879,12,11519,56,4.666667,4.861533,0,0.0,0.0,11,5,True,False,True,True,False,3.927667015357628e-07,0.9199996072332985,0.0791210445895525,0.000878955410447454,1960,0.9199996072332985,0.840878562643746
1962/12.html,1962,NLR,Anthony Naide v. Ceylon Tea Plantation Co. Ltd. - NLR - 558 of 68 [1962] LKSC 12; (1962) 68 NLR 558 (20 July 1962),dense_br_nlr,0.919976,2.4e-05,0.919976,0.079121,0.000879,36,44541,131,3.638889,2.94111,0,0.0,0.0,23,9,True,False,True,True,True,2.3963860932205705e-05,0.9199760361390679,0.0791210445895525,0.000878955410447454,1960,0.9199760361390679,0.8408549915495154
1962/13.html,1962,NLR,"Queen, the v. Santin Singho - NLR - 445 of 65 [1962] LKSC 13; (1962) 65 NLR 445 (16 October 1962)",dense_br_nlr,0.91999,1e-05,0.91999,0.079121,0.000879,15,16559,58,3.866667,3.502627,0,0.0,0.0,13,4,True,True,False,False,False,9.635464165382857e-06,0.9199903645358346,0.0791210445895525,0.000878955410447454,1960,0.9199903645358346,0.8408693199462821
1962/14.html,1962,NLR,De Saram v. Ratnayake - NLR - 522 of 63 [1962] LKSC 14; (1962) 63 NLR 522 (8 February 1962),dense_br_nlr,0.91988,0.00012,0.91988,0.079121,0.000879,17,19031,55,3.235294,2.890022,0,0.0,0.0,15,22,True,False,False,False,False,0.00012040030553810422,0.919879599694462,0.0791210445895525,0.000878955410447454,1960,0.919879599694462,0.8407585551049095
1962/15.html,1962,NLR,"Ceylon Workers' Congress v. The Superintendent, Kallebokka Estate - NLR - 95 of 64 [1962] LKSC 15; (1962) 64 NLR 95 (15 January 1962)",dense_br_nlr,0.919967,3.3e-05,0.919967,0.079121,0.000879,9,5279,32,3.555556,6.061754,0,0.0,0.0,7,5,True,False,True,False,True,3.344387284743622e-05,0.9199665561271526,0.0791210445895525,0.000878955410447454,1960,0.9199665561271526,0.8408455115376001
1962/16.html,1962,NLR,Avaummah v. Solomonsz - NLR - 167 of 64 [1962] LKSC 16; (1962) 64 NLR 167 (15 May 1962),dense_br_nlr,0.919944,5.6e-05,0.919944,0.079121,0.000879,7,3546,24,3.428571,6.76819,0,0.0,0.0,8,5,True,False,False,False,True,5.55778386577055e-05,0.9199444221613423,0.0791210445895525,0.000878955410447454,1960,0.9199444221613423,0.8408233775717898
1962/17.html,1962,NLR,Commissioner of Inland Revenue v. Mohamed - NLR - 551 of 64 [1962] LKSC 17; (1962) 64 NLR 551 (6 June 1962),dense_br_nlr,0.91249,0.00751,0.91249,0.079121,0.000879,10,4054,22,2.2,5.426739,0,0.0,0.0,8,8,False,False,True,True,False,0.0075095654609070904,0.912490434539093,0.0791210445895525,0.000878955410447454,1960,0.912490434539093,0.8333693899495405
1962/18.html,1962,NLR,Jafferjee v. Commissioner of Inland Revenue - NLR - 143 of 64 [1962] LKSC 18; (1962) 64 NLR 143 (20 June 1962),dense_br_nlr,0.914658,0.005342,0.914658,0.079121,0.000879,7,1213,16,2.285714,13.190437,0,0.0,0.0,8,4,False,False,False,True,False,0.005342499840923467,0.9146575001590765,0.0791210445895525,0.000878955410447454,1960,0.9146575001590765,0.835536455569524
1962/19.html,1962,NLR,Mahawithana v. Commissioner of Inland Revenue - NLR - 217 of 64 [1962] LKSC 19; (1962) 64 NLR 217 (28 June 1962),dense_br_nlr,0.919314,0.000686,0.919314,0.079121,0.000879,30,30633,84,2.8,2.742141,0,0.0,0.0,27,5,True,False,True,True,True,0.000686346527129742,0.9193136534728703,0.0791210445895525,0.000878955410447454,1960,0.9193136534728703,0.8401926088833178
1962/2.html,1962,NLR,Jaliabdeen v. Danina Umma - NLR - 419 of 64 [1962] LKSC 2; (1962) 64 NLR 419 (17 December 1962),dense_br_nlr,0.919836,0.000164,0.919836,0.07809,0.00191,19,24050,60,3.157895,2.494802,1,0.052632,0.04158,31,5,True,False,True,True,True,0.00016408270218878584,0.9198359172978112,0.07808955479507407,0.0019104452049258926,1960,0.9198359172978112,0.8417463625027372
1962/20.html,1962,NLR,Mallows v. Commissioner of Income Tax - NLR - 321 of 66 [1962] LKSC 20; (1962) 66 NLR 321 (15 June 1962),dense_br_nlr,0.919691,0.000309,0.919691,0.079121,0.000879,11,8145,33,3.0,4.051565,0,0.0,0.0,8,9,True,False,True,True,False,0.0003085221200290622,0.919691477879971,0.0791210445895525,0.000878955410447454,1960,0.919691477879971,0.8405704332904185
1962/21.html,1962,NLR,Nilaweera v. Commissioner of Inland Revenue - NLR - 485 of 63 [1962] LKSC 21; (1962) 63 NLR 485 (8 January 1962),dense_br_nlr,0.91661,0.00339,0.91661,0.079121,0.000879,10,5355,24,2.4,4.481793,0,0.0,0.0,10,8,True,False,True,True,True,0.0033895007074810214,0.916610499292519,0.0791210445895525,0.000878955410447454,1960,0.916610499292519,0.8374894547029665
1962/22.html,1962,NLR,Ram Iswara v. Commissioner of Inland Revenue - NLR - 393 of 65 [1962] LKSC 22; (1962) 65 NLR 393 (13 November 1962),dense_br_nlr,0.917914,0.002086,0.917914,0.07833,0.00167,23,16238,58,2.521739,3.571868,1,0.043478,0.061584,13,19,True,False,True,True,True,0.002085790525935041,0.917914209474065,0.0783295469329291,0.0016704530670708726,1960,0.917914209474065,0.8395846625411358
1962/23.html,1962,NLR,Carolis Appuhamy v. Punchirala - NLR - 44 of 64 [1962] LKSC 23; (1962) 64 NLR 44 (26 March 1962),dense_br_nlr,0.919691,0.000309,0.919691,0.079121,0.000879,7,2406,21,3.0,8.72818,0,0.0,0.0,8,5,True,False,False,False,True,0.0003085221200290622,0.919691477879971,0.0791210445895525,0.000878955410447454,1960,0.919691477879971,0.8405704332904185
1962/24.html,1962,NLR,Ceylon Coconut Producers Co Operative Union Ltd v. Jayakody - NLR - 175 of 64 [1962] LKSC 24; (1962) 64 NLR 175 (1 January 1962),paragraph_nlr,0.564309,0.564309,0.355691,0.079121,0.000879,26,12113,23,0.884615,1.898786,0,0.0,0.0,17,2,True,False,False,True,True,0.5643090878371111,0.35569091216288895,0.0791210445895525,0.000878955410447454,1960,0.5643090878371111,0.20861817567422214
1962/25.html,1962,NLR,Ceylon Transport Board v. De Silva - NLR - 310 of 65 [1962] LKSC 25; (1962) 65 NLR 310 (20 February 1962),dense_br_nlr,0.911929,0.008071,0.911929,0.076669,0.003331,11,8023,24,2.181818,2.9914,1,0.090909,0.124642,12,9,True,False,True,False,False,0.008071101969712752,0.9119288980302873,0.07666944722808026,0.003330552771919697,1960,0.9119288980302873,0.8352594508022071
1962/26.html,1962,NLR,Ceylon Transport Board v. Samastha Lanka Motor Sewaka Samithiya - NLR - 566 of 65 [1962] LKSC 26; (1962) 65 NLR 566 (26 July 1962),dense_br_nlr,0.919967,3.3e-05,0.919967,0.079121,0.000879,9,4836,32,3.555556,6.617039,0,0.0,0.0,8,6,True,False,True,False,True,3.344387284743622e-05,0.9199665561271526,0.0791210445895525,0.000878955410447454,1960,0.9199665561271526,0.8408455115376001
1962/27.html,1962,NLR,Ceylon Workers' Congress v. Superintendent - NLR - 536 of 63 [1962] LKSC 27; (1962) 63 NLR 536 (15 January 1962),dense_br_nlr,0.919968,3.2e-05,0.919968,0.079121,0.000879,23,23566,82,3.565217,3.479589,0,0.0,0.0,19,11,True,False,True,False,False,3.217616542651847e-05,0.9199678238345735,0.0791210445895525,0.000878955410447454,1960,0.9199678238345735,0.840846779245021
1962/28.html,1962,NLR,Hayleys Ltd v. De Silva - NLR - 130 of 64 [1962] LKSC 28; (1962) 64 NLR 130 (30 March 1962),dense_br_nlr,0.919992,8e-06,0.919992,0.079121,0.000879,28,32521,110,3.928571,3.38243,0,0.0,0.0,26,7,True,False,True,False,True,7.5220354498606315e-06,0.9199924779645502,0.0791210445895525,0.000878955410447454,1960,0.9199924779645502,0.8408714333749977
1962/29.html,1962,NLR,"Wickramasinghe v. Hambantota, G.A. - NLR - 25 of 66 [1962] LKSC 29; (1962) 66 NLR 25 (7 June 1962)",dense_br_nlr,0.92,0.0,0.92,0.079121,0.000879,7,3834,37,5.285714,9.650496,0,0.0,0.0,7,6,False,False,False,True,True,3.301718523474051e-08,0.9199999669828148,0.0791210445895525,0.000878955410447454,1960,0.9199999669828148,0.8408789223932623
1962/3.html,1962,NLR,Ranasinghe.P v. The Bribery Commissioner - NLR - 449 of 64 [1962] LKSC 3; (1962) 64 NLR 449 (20 December 1962),dense_br_nlr,0.919999,1e-06,0.919999,0.079121,0.000879,17,18371,75,4.411765,4.082521,0,0.0,0.0,25,5,True,False,True,False,True,1.0887908467482887e-06,0.9199989112091533,0.0791210445895525,0.000878955410447454,1960,0.9199989112091533,0.8408778666196008
1962/30.html,1962,NLR,Premaratne v. Suppiah - NLR - 276 of 64 [1962] LKSC 30; (1962) 64 NLR 276 (7 February 1962),dense_br_nlr,0.919082,0.000918,0.919082,0.076669,0.003331,11,7715,30,2.727273,3.888529,1,0.090909,0.129618,19,4,True,False,True,False,True,0.0009178544099217767,0.9190821455900783,0.07666944722808026,0.003330552771919697,1960,0.9190821455900783,0.8424126983619981
1962/31.html,1962,NLR,Seneviratne v. Perera - NLR - 509 of 63 [1962] LKSC 31; (1962) 63 NLR 509 (17 January 1962),dense_br_nlr,0.919967,3.3e-05,0.919967,0.079121,0.000879,9,7334,32,3.555556,4.36324,0,0.0,0.0,11,10,False,False,True,False,True,3.344387284743622e-05,0.9199665561271526,0.0791210445895525,0.000878955410447454,1960,0.9199665561271526,0.8408455115376001
1962/32.html,1962,NLR,Pathirana v. Goonesekera - NLR - 464 of 66 [1962] LKSC 32; (1962) 66 NLR 464 (21 December 1962),dense_br_nlr,0.918474,0.001526,0.918474,0.077655,0.002345,15,11686,39,2.6,3.337327,1,0.066667,0.085572,15,17,False,False,True,False,False,0.0015260969937605086,0.9184739030062395,0.07765501015865511,0.002344989841344842,1960,0.9184739030062395,0.8408188928475844
1962/33.html,1962,NLR,Weerasingham v. Kasithamby - NLR - 502 of 64 [1962] LKSC 33; (1962) 64 NLR 502 (17 September 1962),dense_br_nlr,0.91868,0.00132,0.91868,0.079121,0.000879,11,7058,29,2.636364,4.108813,0,0.0,0.0,9,6,True,False,True,True,False,0.001319802457746282,0.9186801975422537,0.0791210445895525,0.000878955410447454,1960,0.9186801975422537,0.8395591529527012
1962/34.html,1962,NLR,De Soysa v. Fonseka - NLR - 431 of 64 [1962] LKSC 34; (1962) 64 NLR 431 (27 November 1962),dense_br_nlr,0.919994,6e-06,0.919994,0.079121,0.000879,7,4085,28,4.0,6.854345,0,0.0,0.0,11,4,True,False,False,False,True,5.652640634030704e-06,0.919994347359366,0.0791210445895525,0.000878955410447454,1960,0.919994347359366,0.8408733027698135
1962/35.html,1962,NLR,Parupathy v. Additional Controller of Establishments - NLR - 522 of 64 [1962] LKSC 35; (1962) 64 NLR 522 (11 April 1962),dense_br_nlr,0.91868,0.00132,0.91868,0.079121,0.000879,11,7439,29,2.636364,3.898373,0,0.0,0.0,8,11,True,False,True,False,True,0.001319802457746282,0.9186801975422537,0.0791210445895525,0.000878955410447454,1960,0.9186801975422537,0.8395591529527012
1962/36.html,1962,NLR,J.E.Perera v. Mayor of Colombo - NLR - 452 of 67 [1962] LKSC 36; (1962) 67 NLR 452 (8 November 1962),dense_br_nlr,0.903453,0.016547,0.903453,0.079121,0.000879,8,2992,16,2.0,5.347594,0,0.0,0.0,9,5,False,False,False,False,True,0.016547313165124224,0.9034526868348758,0.0791210445895525,0.000878955410447454,1960,0.9034526868348758,0.8243316422453233
1962/37.html,1962,SLR,"Undugoda Jinawansa Thero v. Yatawara Piyaratna Thero - SLR - 273, Vol 1 of 1982 [1962] LKSC 37; (1982) 1 Sri LR 273 (26 May 1962)",structured_slr,0.909892,0.078479,0.001521,0.909892,0.010108,142,29104,2,0.014085,0.068719,0,0.0,0.0,14,31,True,False,True,True,True,0.07847929382309311,0.0015207061769068524,0.9098920127798543,0.010107987220145725,1960,0.9098920127798543,0.8314127189567612
1962/4.html,1962,NLR,Solomon v. Mohideen Pathumma - NLR - 227 of 64 [1962] LKSC 4; (1962) 64 NLR 227 (12 April 1962),dense_br_nlr,0.919994,6e-06,0.919994,0.079121,0.000879,17,15339,68,4.0,4.433144,0,0.0,0.0,12,7,True,False,True,True,False,5.652640634030704e-06,0.919994347359366,0.0791210445895525,0.000878955410447454,1960,0.919994347359366,0.8408733027698135
1962/5.html,1962,NLR,Ceylon Bank Employees Union v. Yatawara - NLR - 49 of 64 [1962] LKSC 5; (1962) 64 NLR 49 (19 March 1962),dense_br_nlr,0.91997,3e-05,0.91997,0.079121,0.000879,38,52474,136,3.578947,2.59176,0,0.0,0.0,35,6,True,False,True,False,True,3.0456756056085334e-05,0.919969543243944,0.0791210445895525,0.000878955410447454,1960,0.919969543243944,0.8408484986543915
1962/6.html,1962,NLR,Piyadasa v. The Bribery Commissioner - NLR - 385 of 64 [1962] LKSC 6; (1962) 64 NLR 385 (31 October 1962),dense_br_nlr,0.919999,1e-06,0.919999,0.079121,0.000879,25,32579,114,4.56,3.499187,0,0.0,0.0,53,5,True,False,True,True,True,6.01774971418223e-07,0.9199993982250286,0.0791210445895525,0.000878955410447454,1960,0.9199993982250286,0.8408783536354761
1962/7.html,1962,NLR,Manickam v. Inspector of Police - NLR - 286 of 64 [1962] LKSC 7; (1962) 64 NLR 286 (16 July 1962),dense_br_nlr,0.92,0.0,0.92,0.079121,0.000879,9,5299,44,4.888889,8.303453,0,0.0,0.0,10,4,True,False,False,False,True,1.6147140253774951e-07,0.9199998385285975,0.0791210445895525,0.000878955410447454,1960,0.9199998385285975,0.840878793939045
1962/8.html,1962,NLR,Mohamed Sahib v. Commissioner For Registration of Indian and Pakistani Residents - NLR - 307 of 64 [1962] LKSC 8; (1962) 64 NLR 307 (10 October 1962),dense_br_nlr,0.919991,9e-06,0.919991,0.079121,0.000879,17,12682,66,3.882353,5.204226,0,0.0,0.0,23,5,True,False,True,False,True,9.049478326748074e-06,0.9199909505216733,0.0791210445895525,0.000878955410447454,1960,0.9199909505216733,0.8408699059321209
1962/9.html,1962,NLR,Hendrick v. Perera - NLR - 301 of 64 [1962] LKSC 9; (1962) 64 NLR 301 (24 September 1962),dense_br_nlr,0.908434,0.011566,0.908434,0.079121,0.000879,11,4810,23,2.090909,4.781705,0,0.0,0.0,8,5,False,True,True,True,True,0.011566188192827696,0.9084338118071723,0.0791210445895525,0.000878955410447454,1960,0.9084338118071723,0.8293127672176198
1963/1.html,1963,NLR,Board of Trustees of Maradana Mosque v. Minister of Education - NLR - 376 of 65 [1963] LKSC 1; (1963) 65 NLR 376 (3 September 1963),dense_br_nlr,0.919429,0.000571,0.919429,0.079121,0.000879,13,9685,37,2.846154,3.820341,0,0.0,0.0,12,11,True,False,True,False,True,0.0005707163993443266,0.9194292836006557,0.0791210445895525,0.000878955410447454,1960,0.9194292836006557,0.8403082390111032
1963/10.html,1963,NLR,Ismail v. Muthu Marliya - NLR - 431 of 65 [1963] LKSC 10; (1963) 65 NLR 431 (30 September 1963),dense_br_nlr,0.919998,2e-06,0.919998,0.079121,0.000879,9,5272,38,4.222222,7.207891,0,0.0,0.0,7,4,True,False,True,False,False,2.3238805125291863e-06,0.9199976761194875,0.0791210445895525,0.000878955410447454,1960,0.9199976761194875,0.840876631529935
1963/11.html,1963,NLR,The Queen v. Abadda - NLR - 397 of 66 [1963] LKSC 11; (1963) 66 NLR 397 (30 May 1963),dense_br_nlr,0.92,0.0,0.92,0.077655,0.002345,15,16211,130,8.666667,8.019246,1,0.066667,0.061687,35,12,False,False,False,False,False,4.412470389070222e-14,0.919999999999956,0.07765501015865511,0.002344989841344842,1960,0.919999999999956,0.8423449898413009
1963/12.html,1963,NLR,Ponnupulle v. Oodoowerre Tea Co. Ltd - NLR - 568 of 64 [1963] LKSC 12; (1963) 64 NLR 568 (14 February 1963),dense_br_nlr,0.919491,0.000509,0.919491,0.079121,0.000879,8,4243,23,2.875,5.420693,0,0.0,0.0,6,8,False,False,False,False,True,0.0005085563459697129,0.9194914436540303,0.0791210445895525,0.000878955410447454,1960,0.9194914436540303,0.8403703990644779
1963/13.html,1963,NLR,"Superintendent, Oakwell Estate, Haldumulla v. Lanka Estate Workers' Union - NLR - 429 of 65 [1963] LKSC 13; (1963) 65 NLR 429 (30 September 1963)",dense_br_nlr,0.566281,0.353719,0.566281,0.079121,0.000879,17,4469,19,1.117647,4.25151,0,0.0,0.0,9,23,True,False,True,False,False,0.353718914832975,0.566281085167025,0.0791210445895525,0.000878955410447454,1960,0.566281085167025,0.21256217033405
1963/14.html,1963,NLR,"Superintendent, Walapane Estate v. Walapane Sri Lanka Watu Kamkaru Sangamaya - NLR - 8 of 65 [1963] LKSC 14; (1963) 65 NLR 8 (27 March 1963)",dense_br_nlr,0.919996,4e-06,0.919996,0.079121,0.000879,11,7556,45,4.090909,5.955532,0,0.0,0.0,13,13,True,True,True,True,True,3.929407605207658e-06,0.9199960705923949,0.0791210445895525,0.000878955410447454,1960,0.9199960705923949,0.8408750260028424
1963/15.html,1963,NLR,"The Superintendent, High Forest Estate, Kandapola v. Malapane Srilanka Watukamkaru Sangamaya, Uda Pussellawa - NLR - 14 of 66 [1963] LKSC 15; (1963) 66 NLR 14 (13 May 1963)",dense_br_nlr,0.919975,2.5e-05,0.919975,0.079121,0.000879,8,4070,29,3.625,7.125307,0,0.0,0.0,11,8,True,False,False,True,True,2.533283582551338e-05,0.9199746671641745,0.0791210445895525,0.000878955410447454,1960,0.9199746671641745,0.840853622574622
1963/16.html,1963,NLR,"Kadawata Meda Korale Multi Purpose Co Operative Societies Union, Ltd. v. Ratnavale - NLR - 220 of 66 [1963] LKSC 16; (1963) 66 NLR 220 (12 December 1963)",dense_br_nlr,0.919922,7.8e-05,0.919922,0.078605,0.001395,32,38519,107,3.34375,2.77785,1,0.03125,0.025961,36,25,True,False,True,True,False,7.802615838564897e-05,0.9199219738416143,0.07860460122110353,0.0013953987788964265,1960,0.9199219738416143,0.8413173726205108
1963/17.html,1963,NLR,Mafthooha v. Thassim - NLR - 547 of 65 [1963] LKSC 17; (1963) 65 NLR 547 (18 June 1963),dense_br_nlr,0.919967,3.3e-05,0.919967,0.079121,0.000879,9,3974,32,3.555556,8.05234,0,0.0,0.0,7,5,False,False,True,False,True,3.344387284743622e-05,0.9199665561271526,0.0791210445895525,0.000878955410447454,1960,0.9199665561271526,0.8408455115376001
1963/18.html,1963,NLR,Ramanatha Kurukkal v. S.Ramalingam - NLR - 443 of 67 [1963] LKSC 18; (1963) 67 NLR 443 (1 October 1963),dense_br_nlr,0.919986,1.4e-05,0.919986,0.079121,0.000879,9,4438,34,3.777778,7.661109,0,0.0,0.0,11,8,True,False,True,True,True,1.3749493730155216e-05,0.9199862505062699,0.0791210445895525,0.000878955410447454,1960,0.9199862505062699,0.8408652059167174
1963/19.html,1963,NLR,Ceylon Tea Propaganda Board v. Commissioner of Inland Revenue - NLR - 1 of 67 [1963] LKSC 19; (1963) 67 NLR 1 (17 June 1963),dense_br_nlr,0.919913,8.7e-05,0.919913,0.079121,0.000879,19,18500,63,3.315789,3.405405,0,0.0,0.0,15,6,True,False,True,True,False,8.725877229014856e-05,0.9199127412277099,0.0791210445895525,0.000878955410447454,1960,0.9199127412277099,0.8407916966381574
1963/2.html,1963,NLR,Hanwelle Piyaratana Thera v. Jinananda Thera - NLR - 178 of 68 [1963] LKSC 2; (1963) 68 NLR 178 (18 June 1963),dense_br_nlr,0.919997,3e-06,0.919997,0.079121,0.000879,7,3868,29,4.142857,7.497415,0,0.0,0.0,11,7,True,False,False,True,True,3.192158964622216e-06,0.9199968078410354,0.0791210445895525,0.000878955410447454,1960,0.9199968078410354,0.8408757632514829
1963/20.html,1963,NLR,"Colombo Electric Tramways and Lighting Co., Ltd. v. Commissioner of Inland Revenue - NLR - 313 of 66 [1963] LKSC 20; (1963) 66 NLR 313 (29 January 1963)",dense_br_nlr,0.919996,4e-06,0.919996,0.077655,0.002345,15,8888,61,4.066667,6.863186,1,0.066667,0.112511,11,5,True,False,False,True,True,4.329518102146324e-06,0.9199956704818979,0.07765501015865511,0.002344989841344842,1960,0.9199956704818979,0.8423406603232428
1963/21.html,1963,NLR,"Trustee, Chevaller Christian Gomes Charitable Trust v. Deputy Commissioner of Inland Revenue - NLR - 317 of 66 [1963] LKSC 21; (1963) 66 NLR 317 (13 December 1963)",dense_br_nlr,0.918289,0.001711,0.918289,0.077487,0.002513,14,9335,36,2.571429,3.856454,1,0.071429,0.107124,12,8,True,False,True,True,True,0.0017105187378460497,0.918289481262154,0.07748683466899436,0.0025131653310056005,1960,0.918289481262154,0.8408026465931597
1963/22.html,1963,NLR,Taos Ltd v. Fernando - NLR - 259 of 65 [1963] LKSC 22; (1963) 65 NLR 259 (15 February 1963),dense_br_nlr,0.92,0.0,0.92,0.079121,0.000879,9,6863,55,6.111111,8.013988,0,0.0,0.0,13,9,True,False,False,True,True,1.2158462059375098e-09,0.9199999987841538,0.0791210445895525,0.000878955410447454,1960,0.9199999987841538,0.8408789541946013
1963/23.html,1963,NLR,Vidyasagara v. The Queen - NLR - 25 of 65 [1963] LKSC 23; (1963) 65 NLR 25 (1 April 1963),dense_br_nlr,0.919998,2e-06,0.919998,0.079121,0.000879,13,10838,56,4.307692,5.167005,0,0.0,0.0,21,10,True,False,True,False,True,1.650963661194993e-06,0.9199983490363388,0.0791210445895525,0.000878955410447454,1960,0.9199983490363388,0.8408773044467863
1963/24.html,1963,NLR,Virakesari Ltd. v. Fernando - NLR - 145 of 66 [1963] LKSC 24; (1963) 66 NLR 145 (20 December 1963),dense_br_nlr,0.919996,4e-06,0.919996,0.078642,0.001358,34,35605,138,4.058824,3.87586,1,0.029412,0.028086,31,18,True,False,True,True,True,4.467496090945211e-06,0.9199955325039091,0.07864190270726526,0.0013580972927347019,1960,0.9199955325039091,0.8413536297966439
1963/25.html,1963,NLR,Sidney De Zoysa v. Public Service Commission - NLR - 505 of 64 [1963] LKSC 25; (1963) 64 NLR 505 (29 January 1963),dense_br_nlr,0.919999,1e-06,0.919999,0.079121,0.000879,20,19804,92,4.6,4.645526,0,0.0,0.0,14,9,True,False,True,False,True,5.127988538689011e-07,0.9199994872011462,0.0791210445895525,0.000878955410447454,1960,0.9199994872011462,0.8408784426115937
1963/26.html,1963,NLR,Yaso Menika v. Biso Menika - NLR - 71 of 67 [1963] LKSC 26; (1963) 67 NLR 71 (9 May 1963),dense_br_nlr,0.919886,0.000114,0.919886,0.079121,0.000879,8,5113,26,3.25,5.085077,0,0.0,0.0,7,7,True,False,False,True,True,0.00011352300990740805,0.9198864769900926,0.0791210445895525,0.000878955410447454,1960,0.9198864769900926,0.8407654324005401
1963/27.html,1963,NLR,Gunasekera v. Minister of Lands and Agriculture - NLR - 119 of 65 [1963] LKSC 27; (1963) 65 NLR 119 (13 May 1963),dense_br_nlr,0.893033,0.026967,0.893033,0.079121,0.000879,8,1863,15,1.875,8.05153,0,0.0,0.0,8,8,False,False,False,False,True,0.026967252291247853,0.8930327477087522,0.0791210445895525,0.000878955410447454,1960,0.8930327477087522,0.8139117031191997
1963/28.html,1963,NLR,P.T.H.Abdul Rahuman v. M.P.M.S. Abdul Cader - NLR - 86 of 67 [1963] LKSC 28; (1963) 67 NLR 86 (1 October 1963),dense_br_nlr,0.92,0.0,0.92,0.079121,0.000879,10,5946,47,4.7,7.904474,0,0.0,0.0,11,8,True,False,True,False,False,3.437394144567563e-07,0.9199996562605856,0.0791210445895525,0.000878955410447454,1960,0.9199996562605856,0.8408786116710331
1963/29.html,1963,NLR,Samad v. Alice Nona - NLR - 94 of 65 [1963] LKSC 29; (1963) 65 NLR 94 (14 June 1963),dense_br_nlr,0.919556,0.000444,0.919556,0.079121,0.000879,11,6390,32,2.909091,5.007825,0,0.0,0.0,12,8,True,False,True,False,True,0.0004437593830657161,0.9195562406169343,0.0791210445895525,0.000878955410447454,1960,0.9195562406169343,0.8404351960273818
1963/3.html,1963,NLR,Simon Silva v. Debt Conciliation Board - NLR - 138 of 65 [1963] LKSC 3; (1963) 65 NLR 138 (11 June 1963),dense_br_nlr,0.919987,1.3e-05,0.919987,0.079121,0.000879,15,12615,57,3.8,4.51843,0,0.0,0.0,12,9,True,False,True,False,True,1.2580088357818654e-05,0.9199874199116422,0.0791210445895525,0.000878955410447454,1960,0.9199874199116422,0.8408663753220897
1963/30.html,1963,NLR,Hussain v. The Tribunal of Appeal Under Licensing of Traders Act - NLR - 63 of 65 [1963] LKSC 30; (1963) 65 NLR 63 (14 February 1963),dense_br_nlr,0.92,0.0,0.92,0.079121,0.000879,15,12716,111,7.4,8.72916,0,0.0,0.0,14,10,False,False,False,True,True,7.012150859964095e-12,0.9199999999929879,0.0791210445895525,0.000878955410447454,1960,0.9199999999929879,0.8408789554034354
1963/31.html,1963,NLR,Gunasekera v. Wijesinghe - NLR - 303 of 65 [1963] LKSC 31; (1963) 65 NLR 303 (5 March 1963),dense_br_nlr,0.917348,0.002652,0.917348,0.079121,0.000879,13,10660,32,2.461538,3.001876,0,0.0,0.0,11,8,True,False,True,False,True,0.0026520550727226547,0.9173479449272773,0.0791210445895525,0.000878955410447454,1960,0.9173479449272773,0.8382269003377248
1963/32.html,1963,NLR,Ratnayake v. Hapuaratchi - NLR - 500 of 66 [1963] LKSC 32; (1963) 66 NLR 500 (17 May 1963),dense_br_nlr,0.919967,3.3e-05,0.919967,0.075556,0.004444,9,4804,32,3.555556,6.661116,1,0.111111,0.20816,7,7,True,False,True,False,True,3.344387284743622e-05,0.9199665561271526,0.07555606618252449,0.004443933817475475,1960,0.9199665561271526,0.8444104899446281
1963/33.html,1963,NLR,L.P.Perera v. Ceylon Government Railway Uniform Staff Benevolent Fund - NLR - 191 of 67 [1963] LKSC 33; (1963) 67 NLR 191 (11 March 1963),dense_br_nlr,0.918178,0.001822,0.918178,0.079121,0.000879,9,3922,23,2.555556,5.864355,0,0.0,0.0,9,8,False,False,True,False,True,0.0018224227754862988,0.9181775772245138,0.0791210445895525,0.000878955410447454,1960,0.9181775772245138,0.8390565326349613
1963/34.html,1963,NLR,Vander Poorten v. Vander Poorten - NLR - 385 of 65 [1963] LKSC 34; (1963) 65 NLR 385 (11 July 1963),dense_br_nlr,0.91958,0.00042,0.91958,0.079121,0.000879,13,9191,38,2.923077,4.134479,0,0.0,0.0,13,8,True,False,True,True,True,0.00041962637387505275,0.919580373626125,0.0791210445895525,0.000878955410447454,1960,0.919580373626125,0.8404593290365725
1963/35.html,1963,NLR,Peiris v. Gunasekera - NLR - 498 of 66 [1963] LKSC 35; (1963) 66 NLR 498 (17 August 1963),dense_br_nlr,0.919999,1e-06,0.919999,0.07308,0.00692,7,4306,31,4.428571,7.199257,1,0.142857,0.232234,8,6,True,False,False,True,True,1.0180039951190878e-06,0.9199989819960049,0.07308003816939575,0.006919961830604208,1960,0.9199989819960049,0.8469189438266091
1963/36.html,1963,NLR,Mansoor v. Minister of Defence and External Affairs - NLR - 498 of 64 [1963] LKSC 36; (1963) 64 NLR 498 (29 January 1963),dense_br_nlr,0.919997,3e-06,0.919997,0.079121,0.000879,7,4102,29,4.142857,7.069722,0,0.0,0.0,8,4,True,False,False,False,False,3.192158964622216e-06,0.9199968078410354,0.0791210445895525,0.000878955410447454,1960,0.9199968078410354,0.8408757632514829
1963/37.html,1963,NLR,"Haniffa v. Chairman, U. C., Nawalapitiya - NLR - 48 of 66 [1963] LKSC 37; (1963) 66 NLR 48 (20 December 1963)",dense_br_nlr,0.919987,1.3e-05,0.919987,0.079121,0.000879,5,1656,19,3.8,11.47343,0,0.0,0.0,6,5,False,False,False,True,True,1.2580088357818654e-05,0.9199874199116422,0.0791210445895525,0.000878955410447454,1960,0.9199874199116422,0.8408663753220897
1963/4.html,1963,NLR,Stratheden Tea Co. Ltd. v. Selvadurai - NLR - 6 of 66 [1963] LKSC 4; (1963) 66 NLR 6 (20 December 1963),dense_br_nlr,0.919886,0.000114,0.919886,0.079121,0.000879,12,11275,39,3.25,3.45898,0,0.0,0.0,15,10,True,False,True,True,True,0.00011352300990740805,0.9198864769900926,0.0791210445895525,0.000878955410447454,1960,0.9198864769900926,0.8407654324005401
1963/5.html,1963,NLR,Mansoor v. Minister of Defence and External Affairs - NLR - 502 of 65 [1963] LKSC 5; (1963) 65 NLR 502 (20 June 1963),dense_br_nlr,0.914953,0.005047,0.914953,0.079121,0.000879,10,6792,23,2.3,3.386337,0,0.0,0.0,8,5,False,False,True,True,False,0.0050473949874944735,0.9149526050125055,0.0791210445895525,0.000878955410447454,1960,0.9149526050125055,0.835831560422953
1963/6.html,1963,NLR,Barmmana Vipassi Nayake Thero v. Urapola Jinaratana Thero - NLR - 14 of 67 [1963] LKSC 6; (1963) 67 NLR 14 (11 November 1963),dense_br_nlr,0.91997,3e-05,0.91997,0.079121,0.000879,12,7476,43,3.583333,5.751739,0,0.0,0.0,13,7,True,False,True,True,True,2.9927099839053284e-05,0.919970072900161,0.0791210445895525,0.000878955410447454,1960,0.919970072900161,0.8408490283106085
1963/7.html,1963,NLR,Tikiri Banda v. Loku Menika - NLR - 342 of 68 [1963] LKSC 7; (1963) 68 NLR 342 (18 October 1963),dense_br_nlr,0.919991,9e-06,0.919991,0.079121,0.000879,9,6525,35,3.888889,5.363985,0,0.0,0.0,11,6,True,False,False,True,True,8.815956925305457e-06,0.9199911840430748,0.0791210445895525,0.000878955410447454,1960,0.9199911840430748,0.8408701394535223
1963/8.html,1963,NLR,Kulatunge v. The Board of Directors of the Co Operative Wholesale Establishment - NLR - 169 of 66 [1963] LKSC 8; (1963) 66 NLR 169 (2 December 1963),dense_br_nlr,0.919867,0.000133,0.919867,0.07809,0.00191,19,18821,61,3.210526,3.241061,1,0.052632,0.053132,36,32,True,False,True,True,True,0.00013293767921941592,0.9198670623207806,0.07808955479507407,0.0019104452049258926,1960,0.9198670623207806,0.8417775075257066
1963/9.html,1963,NLR,Ceylon Transport Board v. Samastha Lanka Motor Sevaka Samithiya - NLR - 185 of 65 [1963] LKSC 9; (1963) 65 NLR 185 (7 January 1963),dense_br_nlr,0.92,0.0,0.92,0.079121,0.000879,21,17556,143,6.809524,8.145363,0,0.0,0.0,18,10,True,False,True,True,True,7.44065076219158e-11,0.9199999999255936,0.0791210445895525,0.000878955410447454,1960,0.9199999999255936,0.8408789553360411
1964/1.html,1964,NLR,The Queen v. Podiralahamy - NLR - 235 of 68 [1964] LKSC 1; (1964) 68 NLR 235 (17 December 1964),dense_br_nlr,0.919983,1.7e-05,0.919983,0.079121,0.000879,11,7057,41,3.727273,5.809834,0,0.0,0.0,9,5,False,False,False,False,False,1.682757076182817e-05,0.9199831724292382,0.0791210445895525,0.000878955410447454,1960,0.9199831724292382,0.8408621278396857
1964/10.html,1964,NLR,Abdul Azeez v. The Queen - NLR - 73 of 67 [1964] LKSC 10; (1964) 67 NLR 73 (8 December 1964),dense_br_nlr,0.92,0.0,0.92,0.079121,0.000879,19,18775,100,5.263158,5.326232,0,0.0,0.0,16,8,True,False,True,True,True,3.613464826912605e-08,0.9199999638653518,0.0791210445895525,0.000878955410447454,1960,0.9199999638653518,0.8408789192757993
1964/11.html,1964,NLR,University Council of Vidyodaya University v. Linus Silva - NLR - 505 of 66 [1964] LKSC 11; (1964) 66 NLR 505 (5 November 1964),dense_br_nlr,0.919994,6e-06,0.919994,0.078818,0.001182,50,37185,199,3.98,5.35162,1,0.02,0.026893,43,20,True,False,True,False,True,6.123429363511513e-06,0.9199938765706366,0.07881807746453812,0.0011819225354618447,1960,0.9199938765706366,0.8411757991060984
1964/12.html,1964,NLR,J.D.Samarakoon v. G.P. Gunawardene - NLR - 110 of 67 [1964] LKSC 12; (1964) 67 NLR 110 (5 June 1964),dense_br_nlr,0.919873,0.000127,0.919873,0.079121,0.000879,9,4755,29,3.222222,6.098843,0,0.0,0.0,9,7,False,False,True,False,True,0.00012686240140611372,0.9198731375985939,0.0791210445895525,0.000878955410447454,1960,0.9198731375985939,0.8407520930090414
1964/2.html,1964,NLR,Kanapathy v. Jayasinghe - NLR - 549 of 66 [1964] LKSC 2; (1964) 66 NLR 549 (8 September 1964),dense_br_nlr,0.889843,0.030157,0.889843,0.077278,0.002722,13,8411,24,1.846154,2.853406,1,0.076923,0.118892,14,9,False,False,True,False,False,0.030157349264504967,0.8898426507354951,0.07727829603884145,0.0027217039611585133,1960,0.8898426507354951,0.8125643546966537
1964/3.html,1964,NLR,Bribery Commissioner v. Ranasinghe - NLR - 73 of 66 [1964] LKSC 3; (1964) 66 NLR 73 (5 May 1964),dense_br_nlr,0.919976,2.4e-05,0.919976,0.07851,0.00149,28,31732,102,3.642857,3.214421,1,0.035714,0.031514,34,19,True,False,True,False,True,2.358651879166729e-05,0.9199764134812084,0.07850976618999428,0.0014902338100056785,1960,0.9199764134812084,0.8414666472912141
1964/4.html,1964,NLR,Don Anthony v. Goonesekera - NLR - 477 of 66 [1964] LKSC 4; (1964) 66 NLR 477 (2 October 1964),dense_br_nlr,0.92,0.0,0.92,0.076669,0.003331,11,7196,57,5.181818,7.921067,1,0.090909,0.138966,11,9,True,False,True,True,True,5.0029466964751635e-08,0.919999949970533,0.07666944722808026,0.003330552771919697,1960,0.919999949970533,0.8433305027424528
1964/5.html,1964,NLR,M.Manike v. N.D. Jayaweera - NLR - 20 of 67 [1964] LKSC 5; (1964) 67 NLR 20 (8 December 1964),dense_br_nlr,0.908434,0.011566,0.908434,0.079121,0.000879,11,5724,23,2.090909,4.018169,0,0.0,0.0,10,8,False,False,True,False,True,0.011566188192827696,0.9084338118071723,0.0791210445895525,0.000878955410447454,1960,0.9084338118071723,0.8293127672176198
1964/6.html,1964,NLR,Meeruppe Sumanatissa Terunnanse v. Warakapitiya Sagananda Terunnanse - NLR - 333 of 66 [1964] LKSC 6; (1964) 66 NLR 333 (7 May 1964),dense_br_nlr,0.919786,0.000214,0.919786,0.076669,0.003331,11,6307,34,3.090909,5.390836,1,0.090909,0.158554,10,7,False,False,True,True,True,0.0002144892844802282,0.9197855107155198,0.07666944722808026,0.003330552771919697,1960,0.9197855107155198,0.8431160634874396
1964/7.html,1964,NLR,The Queen v. Peries - NLR - 372 of 68 [1964] LKSC 7; (1964) 68 NLR 372 (31 August 1964),dense_br_nlr,0.92,0.0,0.92,0.079121,0.000879,10,7554,52,5.2,6.88377,0,0.0,0.0,9,8,True,False,True,True,False,4.652008606331748e-08,0.9199999534799139,0.0791210445895525,0.000878955410447454,1960,0.9199999534799139,0.8408789088903614
1964/8.html,1964,NLR,K.R.Gnanasivam v. A.C.H. Mohamed - NLR - 479 of 67 [1964] LKSC 8; (1964) 67 NLR 479 (21 December 1964),dense_br_nlr,0.919967,3.3e-05,0.919967,0.079121,0.000879,9,3494,32,3.555556,9.158558,0,0.0,0.0,12,8,True,False,True,False,False,3.344387284743622e-05,0.9199665561271526,0.0791210445895525,0.000878955410447454,1960,0.9199665561271526,0.8408455115376001
1964/9.html,1964,NLR,Queen v. Dhanapala - NLR - 450 of 67 [1964] LKSC 9; (1964) 67 NLR 450 (4 May 1964),dense_br_nlr,0.91999,1e-05,0.91999,0.079121,0.000879,7,3030,27,3.857143,8.910891,0,0.0,0.0,8,7,False,False,False,False,False,1.0009614378363453e-05,0.9199899903856217,0.0791210445895525,0.000878955410447454,1960,0.9199899903856217,0.8408689457960692
1965/1.html,1965,NLR,Arumugasamy v. Kathirkamanpillai - NLR - 506 of 68 [1965] LKSC 1; (1965) 68 NLR 506 (26 November 1965),dense_br_nlr,0.919991,9e-06,0.919991,0.079121,0.000879,18,19299,70,3.888889,3.627131,0,0.0,0.0,16,9,True,False,True,True,False,8.815956925305457e-06,0.9199911840430748,0.0791210445895525,0.000878955410447454,1960,0.9199911840430748,0.8408701394535223
1965/10.html,1965,NLR,Don Sadiris.L v. Heenhamy.L - NLR - 17 of 68 [1965] LKSC 10; (1965) 68 NLR 17 (20 July 1965),dense_br_nlr,0.919873,0.000127,0.919873,0.079121,0.000879,9,5987,29,3.222222,4.843828,0,0.0,0.0,10,6,True,False,False,True,True,0.00012686240140611372,0.9198731375985939,0.0791210445895525,0.000878955410447454,1960,0.9198731375985939,0.8407520930090414
1965/11.html,1965,NLR,The Queen v. Abeysinghe - NLR - 386 of 68 [1965] LKSC 11; (1965) 68 NLR 386 (21 June 1965),dense_br_nlr,0.919892,0.000108,0.919892,0.079121,0.000879,57,52937,186,3.263158,3.513611,0,0.0,0.0,42,10,True,False,True,True,False,0.00010770326220114867,0.9198922967377989,0.0791210445895525,0.000878955410447454,1960,0.9198922967377989,0.8407712521482464
1965/12.html,1965,NLR,Rajapakse.L v. Kathirgamanathan.S - NLR - 14 of 68 [1965] LKSC 12; (1965) 68 NLR 14 (4 October 1965),dense_br_nlr,0.919964,3.6e-05,0.919964,0.079121,0.000879,13,8715,46,3.538462,5.278256,0,0.0,0.0,12,8,True,False,True,False,True,3.581053141588964e-05,0.9199641894685842,0.0791210445895525,0.000878955410447454,1960,0.9199641894685842,0.8408431448790317
1965/13.html,1965,NLR,Queen v. K.A. Piyadasa - NLR - 481 of 67 [1965] LKSC 13; (1965) 67 NLR 481 (10 May 1965),dense_br_nlr,0.92,0.0,0.92,0.079121,0.000879,16,11850,76,4.75,6.413502,0,0.0,0.0,12,6,True,False,True,False,False,2.8143004883407484e-07,0.9199997185699512,0.0791210445895525,0.000878955410447454,1960,0.9199997185699512,0.8408786739803987
1965/14.html,1965,NLR,Hilda Perera v. Lawrence Perera - NLR - 186 of 67 [1965] LKSC 14; (1965) 67 NLR 186 (6 April 1965),dense_br_nlr,0.919965,3.5e-05,0.919965,0.079121,0.000879,11,5258,39,3.545455,7.417269,0,0.0,0.0,12,8,True,False,True,True,True,3.482275656973677e-05,0.9199651772434303,0.0791210445895525,0.000878955410447454,1960,0.9199651772434303,0.8408441326538778
1965/15.html,1965,NLR,D.E.Wijesekera v. K.D.D. Perera - NLR - 541 of 67 [1965] LKSC 15; (1965) 67 NLR 541 (1 October 1965),dense_br_nlr,0.919519,0.000481,0.919519,0.079121,0.000879,9,6754,26,2.888889,3.849571,0,0.0,0.0,10,7,True,False,False,True,True,0.00048108784851718327,0.9195189121514828,0.0791210445895525,0.000878955410447454,1960,0.9195189121514828,0.8403978675619304
1965/16.html,1965,NLR,F.B.Danister De Silva v. Prins Gunasekera - NLR - 547 of 67 [1965] LKSC 16; (1965) 67 NLR 547 (28 September 1965),dense_br_nlr,0.919997,3e-06,0.919997,0.079121,0.000879,11,8415,46,4.181818,5.466429,0,0.0,0.0,12,8,True,False,False,True,False,2.731508388800208e-06,0.9199972684916112,0.0791210445895525,0.000878955410447454,1960,0.9199972684916112,0.8408762239020587
1965/17.html,1965,NLR,G.A.S.Perera v. Sirimavo Dias Bandaranaike - NLR - 544 of 67 [1965] LKSC 17; (1965) 67 NLR 544 (30 September 1965),dense_br_nlr,0.92,0.0,0.92,0.079121,0.000879,13,9323,64,4.923077,6.864743,0,0.0,0.0,12,9,True,False,True,False,True,1.4083318072177776e-07,0.9199998591668194,0.0791210445895525,0.000878955410447454,1960,0.9199998591668194,0.8408788145772669
1965/18.html,1965,NLR,K.M.D.Pamunuwa v. C.P. De Silva - NLR - 569 of 67 [1965] LKSC 18; (1965) 67 NLR 569 (14 October 1965),dense_br_nlr,0.92,0.0,0.92,0.079121,0.000879,15,10735,84,5.6,7.824872,0,0.0,0.0,12,11,True,False,True,False,True,9.392243822681224e-09,0.9199999906077562,0.0791210445895525,0.000878955410447454,1960,0.9199999906077562,0.8408789460182037
1965/19.html,1965,NLR,L.S.Perera v. D.S. Samarasinghe - NLR - 530 of 67 [1965] LKSC 19; (1965) 67 NLR 530 (12 October 1965),dense_br_nlr,0.919797,0.000203,0.919797,0.079121,0.000879,19,18946,59,3.105263,3.114114,0,0.0,0.0,15,8,True,False,True,False,True,0.00020252367440670938,0.9197974763255933,0.0791210445895525,0.000878955410447454,1960,0.9197974763255933,0.8406764317360408
1965/2.html,1965,NLR,Saparamadu v. Joseph - NLR - 200 of 68 [1965] LKSC 2; (1965) 68 NLR 200 (9 April 1965),dense_br_nlr,0.919756,0.000244,0.919756,0.079121,0.000879,17,16589,52,3.058824,3.134607,0,0.0,0.0,12,9,False,False,True,True,True,0.0002438535537797515,0.9197561464462203,0.0791210445895525,0.000878955410447454,1960,0.9197561464462203,0.8406351018566678
1965/20.html,1965,NLR,P.P.Wickremasuriya v. P.H. William De Silva - NLR - 538 of 67 [1965] LKSC 20; (1965) 67 NLR 538 (4 October 1965),dense_br_nlr,0.919996,4e-06,0.919996,0.079121,0.000879,13,9748,53,4.076923,5.437013,0,0.0,0.0,13,9,True,False,True,False,False,4.155498646034594e-06,0.919995844501354,0.0791210445895525,0.000878955410447454,1960,0.919995844501354,0.8408747999118015
1965/21.html,1965,NLR,S.D.Piyasena v. C.S. Ratwatte - NLR - 473 of 67 [1965] LKSC 21; (1965) 67 NLR 473 (27 July 1965),dense_br_nlr,0.92,0.0,0.92,0.079121,0.000879,17,15463,111,6.529412,7.178426,0,0.0,0.0,13,9,True,False,True,False,False,2.2814739430998543e-10,0.9199999997718527,0.0791210445895525,0.000878955410447454,1960,0.9199999997718527,0.8408789551823002
1965/22.html,1965,NLR,"Mohideen v. Village Council, Nintavur - NLR - 469 of 68 [1965] LKSC 22; (1965) 68 NLR 469 (14 September 1965)",dense_br_nlr,0.919944,5.6e-05,0.919944,0.079121,0.000879,7,2855,24,3.428571,8.406305,0,0.0,0.0,10,7,False,False,False,True,True,5.55778386577055e-05,0.9199444221613423,0.0791210445895525,0.000878955410447454,1960,0.9199444221613423,0.8408233775717898
1965/23.html,1965,NLR,The Solicitor General v. W.M. Podisira - NLR - 502 of 67 [1965] LKSC 23; (1965) 67 NLR 502 (27 August 1965),dense_br_nlr,0.917273,0.002727,0.917273,0.079121,0.000879,11,6785,27,2.454545,3.979366,0,0.0,0.0,13,7,True,False,True,False,True,0.002727062628273753,0.9172729373717263,0.0791210445895525,0.000878955410447454,1960,0.9172729373717263,0.8381518927821738
1965/24.html,1965,NLR,Commissioner of Inland Revenue v. A.L.J.Croos Raj Chandra - NLR - 174 of 67 [1965] LKSC 24; (1965) 67 NLR 174 (22 January 1965),dense_br_nlr,0.92,0.0,0.92,0.079121,0.000879,23,24472,115,5.0,4.699248,0,0.0,0.0,17,7,True,True,True,True,True,1.0353234911164577e-07,0.9199998964676509,0.0791210445895525,0.000878955410447454,1960,0.9199998964676509,0.8408788518780984
1965/25.html,1965,NLR,Commissioner of Inland Revenue v. De Fonseka - NLR - 326 of 70 [1965] LKSC 25; (1965) 70 NLR 326 (15 September 1965),dense_br_nlr,0.919969,3.1e-05,0.919969,0.079121,0.000879,7,4370,25,3.571429,5.720824,0,0.0,0.0,11,5,False,False,False,True,True,3.138653039760353e-05,0.9199686134696025,0.0791210445895525,0.000878955410447454,1960,0.9199686134696025,0.84084756888005
1965/26.html,1965,NLR,Ram Iswera v. Commissioner of Inland Revenue - NLR - 121 of 67 [1965] LKSC 26; (1965) 67 NLR 121 (30 March 1965),dense_br_nlr,0.919902,9.8e-05,0.919902,0.077487,0.002513,14,12873,46,3.285714,3.573371,1,0.071429,0.077682,13,11,True,False,True,True,True,9.84123174334206e-05,0.9199015876825666,0.07748683466899436,0.0025131653310056005,1960,0.9199015876825666,0.8424147530135722
1965/27.html,1965,NLR,Babanisa v. Ukku - NLR - 305 of 68 [1965] LKSC 27; (1965) 68 NLR 305 (13 January 1965),dense_br_nlr,0.919979,2.1e-05,0.919979,0.079121,0.000879,12,10379,44,3.666667,4.239329,0,0.0,0.0,11,6,False,False,True,True,True,2.1443844622899278e-05,0.9199785561553772,0.0791210445895525,0.000878955410447454,1960,0.9199785561553772,0.8408575115658247
1965/28.html,1965,NLR,Thamby Lebbe v. Ramasamy - NLR - 356 of 68 [1965] LKSC 28; (1965) 68 NLR 356 (27 July 1965),dense_br_nlr,0.919987,1.3e-05,0.919987,0.079121,0.000879,15,13020,57,3.8,4.37788,0,0.0,0.0,12,8,True,False,True,False,True,1.2580088357818654e-05,0.9199874199116422,0.0791210445895525,0.000878955410447454,1960,0.9199874199116422,0.8408663753220897
1965/29.html,1965,NLR,D.Jinadasa v. M. Dingiri Amma - NLR - 568 of 67 [1965] LKSC 29; (1965) 67 NLR 568 (25 August 1965),dense_br_nlr,0.919972,2.8e-05,0.919972,0.079121,0.000879,5,2398,18,3.6,7.506255,0,0.0,0.0,8,5,False,False,False,False,False,2.799703234858342e-05,0.9199720029676515,0.0791210445895525,0.000878955410447454,1960,0.9199720029676515,0.840850958378099
1965/3.html,1965,NLR,T.A.Dingiri Appuhamy v. Talakolawewe Pangananda Thero - NLR - 89 of 67 [1965] LKSC 3; (1965) 67 NLR 89 (22 January 1965),dense_br_nlr,0.92,0.0,0.92,0.079121,0.000879,9,6308,43,4.777778,6.816741,0,0.0,0.0,10,8,True,False,False,True,False,2.518344567681297e-07,0.9199997481655433,0.0791210445895525,0.000878955410447454,1960,0.9199997481655433,0.8408787035759908
1965/30.html,1965,NLR,Abeywarna v. Saralenchihamy - NLR - 495 of 68 [1965] LKSC 30; (1965) 68 NLR 495 (22 June 1965),dense_br_nlr,0.919691,0.000309,0.919691,0.079121,0.000879,11,5195,33,3.0,6.352262,0,0.0,0.0,11,7,False,False,True,True,True,0.0003085221200290622,0.919691477879971,0.0791210445895525,0.000878955410447454,1960,0.919691477879971,0.8405704332904185
1965/31.html,1965,NLR,Abdul Cader v. Weeraman - NLR - 190 of 70 [1965] LKSC 31; (1965) 70 NLR 190 (22 September 1965),dense_br_nlr,0.919982,1.8e-05,0.919982,0.079121,0.000879,7,3064,26,3.714286,8.48564,0,0.0,0.0,10,3,False,False,False,True,True,1.7724815843775944e-05,0.9199822751841563,0.0791210445895525,0.000878955410447454,1960,0.9199822751841563,0.8408612305946038
1965/32.html,1965,NLR,In Re Karunaratne.T - NLR - 189 of 68 [1965] LKSC 32; (1965) 68 NLR 189 (20 December 1965),dense_br_nlr,0.919998,2e-06,0.919998,0.077278,0.002722,13,9221,56,4.307692,6.073094,1,0.076923,0.108448,12,12,True,False,True,False,False,1.650963661194993e-06,0.9199983490363388,0.07727829603884145,0.0027217039611585133,1960,0.9199983490363388,0.8427200529974974
1965/33.html,1965,NLR,Punchi Banda v. M v. Lenawa.W.R.S.S.B - NLR - 129 of 68 [1965] LKSC 33; (1965) 68 NLR 129 (13 December 1965),dense_br_nlr,0.919617,0.000383,0.919617,0.079121,0.000879,37,43946,109,2.945946,2.480317,0,0.0,0.0,23,7,True,True,True,True,True,0.00038295925599358683,0.9196170407440064,0.0791210445895525,0.000878955410447454,1960,0.9196170407440064,0.8404959961544539
1965/34.html,1965,NLR,O.J.Fernando v. T.D. Fernando - NLR - 429 of 69 [1965] LKSC 34; (1965) 69 NLR 429 (3 September 1965),dense_br_nlr,0.918178,0.001822,0.918178,0.079121,0.000879,9,4545,23,2.555556,5.060506,0,0.0,0.0,12,9,False,False,True,False,True,0.0018224227754862988,0.9181775772245138,0.0791210445895525,0.000878955410447454,1960,0.9181775772245138,0.8390565326349613
1965/4.html,1965,NLR,Abdul Rahuman v. Mayor of Colombo - NLR - 211 of 69 [1965] LKSC 4; (1965) 69 NLR 211 (11 October 1965),dense_br_nlr,0.92,0.0,0.92,0.079121,0.000879,5,2360,24,4.8,10.169492,0,0.0,0.0,12,10,True,False,False,True,True,2.3041544852109297e-07,0.9199997695845515,0.0791210445895525,0.000878955410447454,1960,0.9199997695845515,0.840878724994999
1965/5.html,1965,NLR,Gunadasa Silva .V S v. Jayasuriya A.P - NLR - 514 of 67 [1965] LKSC 5; (1965) 67 NLR 514 (3 September 1965),dense_br_nlr,0.919224,0.000776,0.919224,0.079121,0.000879,13,10146,36,2.769231,3.548196,0,0.0,0.0,9,8,True,False,True,False,True,0.0007761617497585771,0.9192238382502415,0.0791210445895525,0.000878955410447454,1960,0.9192238382502415,0.840102793660689
1965/6.html,1965,NLR,Liyanage and Others v. The Queen - NLR - 265 of 68 [1965] LKSC 6; (1965) 68 NLR 265 (2 December 1965),dense_br_nlr,0.92,0.0,0.92,0.079121,0.000879,50,61212,231,4.62,3.77377,0,0.0,0.0,29,10,True,False,True,True,False,4.733730247297175e-07,0.9199995266269753,0.0791210445895525,0.000878955410447454,1960,0.9199995266269753,0.8408784820374228
1965/7.html,1965,NLR,Leelawathie v. Minister of Defence and External Affairs - NLR - 487 of 68 [1965] LKSC 7; (1965) 68 NLR 487 (10 December 1965),dense_br_nlr,0.919942,5.8e-05,0.919942,0.079121,0.000879,12,8032,41,3.416667,5.104582,0,0.0,0.0,12,8,False,False,True,True,True,5.82880786972595e-05,0.9199417119213028,0.0791210445895525,0.000878955410447454,1960,0.9199417119213028,0.8408206673317503
1965/8.html,1965,NLR,M.K.S.Seyed Mohamed Shareef v. Commissioner For Registration of Indian and Pakistani Residents - NLR - 433 of 67 [1965] LKSC 8; (1965) 67 NLR 433 (30 June 1965),dense_br_nlr,0.919991,9e-06,0.919991,0.079121,0.000879,29,26290,113,3.896552,4.298212,0,0.0,0.0,34,10,True,False,True,True,True,8.549832188617934e-06,0.9199914501678115,0.0791210445895525,0.000878955410447454,1960,0.9199914501678115,0.840870405578259
1965/9.html,1965,NLR,Dhammindha Nayaka Thero v. F.J. Dias - NLR - 497 of 67 [1965] LKSC 9; (1965) 67 NLR 497 (5 April 1965),dense_br_nlr,0.919999,1e-06,0.919999,0.079121,0.000879,7,4340,32,4.571429,7.373272,0,0.0,0.0,11,7,True,False,False,True,True,5.748836101426846e-07,0.9199994251163899,0.0791210445895525,0.000878955410447454,1960,0.9199994251163899,0.8408783805268374
1966/1.html,1966,NLR,A.G.Gunaseela v. A.R. Udugama - NLR - 193 of 69 [1966] LKSC 1; (1966) 69 NLR 193 (22 July 1966),dense_br_nlr,0.919998,2e-06,0.919998,0.079121,0.000879,13,10917,56,4.307692,5.129614,0,0.0,0.0,16,11,True,False,True,True,True,1.650963661194993e-06,0.9199983490363388,0.0791210445895525,0.000878955410447454,1960,0.9199983490363388,0.8408773044467863
1966/10.html,1966,NLR,R.A.Jayaratne v. Mrs.Sirimavo R.D. Bandaranaike - NLR - 184 of 69 [1966] LKSC 10; (1966) 69 NLR 184 (16 November 1966),dense_br_nlr,0.919999,1e-06,0.919999,0.079121,0.000879,5,2192,23,4.6,10.492701,0,0.0,0.0,11,10,False,False,False,True,False,5.127988538689011e-07,0.9199994872011462,0.0791210445895525,0.000878955410447454,1960,0.9199994872011462,0.8408784426115937
1966/11.html,1966,NLR,Marikar Bawa Ltd v. Hanover Fire Insurance Co. of U. S. A. - NLR - 457 of 68 [1966] LKSC 11; (1966) 68 NLR 457 (25 February 1966),dense_br_nlr,0.92,0.0,0.92,0.079121,0.000879,30,35254,151,5.033333,4.283202,0,0.0,0.0,22,9,True,True,True,True,True,9.060887162792852e-08,0.9199999093911284,0.0791210445895525,0.000878955410447454,1960,0.9199999093911284,0.8408788648015759
1966/12.html,1966,NLR,In Re Aboosally - NLR - 46 of 71 [1966] LKSC 12; (1966) 71 NLR 46 (9 November 1966),dense_br_nlr,0.919987,1.3e-05,0.919987,0.079121,0.000879,5,2260,19,3.8,8.40708,0,0.0,0.0,6,7,False,False,False,False,True,1.2580088357818654e-05,0.9199874199116422,0.0791210445895525,0.000878955410447454,1960,0.9199874199116422,0.8408663753220897
1966/13.html,1966,NLR,K.P.Perera v. H.Wickramatunga - NLR - 176 of 69 [1966] LKSC 13; (1966) 69 NLR 176 (10 October 1966),dense_br_nlr,0.919951,4.9e-05,0.919951,0.079121,0.000879,13,11925,45,3.461538,3.773585,0,0.0,0.0,15,10,True,False,False,True,True,4.8711931489799914e-05,0.9199512880685102,0.0791210445895525,0.000878955410447454,1960,0.9199512880685102,0.8408302434789577
1966/14.html,1966,NLR,Jayasena v. The Queen - NLR - 369 of 68 [1966] LKSC 14; (1966) 68 NLR 369 (12 May 1966),dense_br_nlr,0.919934,6.6e-05,0.919934,0.079121,0.000879,13,9308,44,3.384615,4.727116,0,0.0,0.0,11,7,True,False,True,True,False,6.626069752681207e-05,0.9199337393024732,0.0791210445895525,0.000878955410447454,1960,0.9199337393024732,0.8408126947129207
1966/15.html,1966,NLR,R.G.Samaranayake v. K.Kariawasan - NLR - 1 of 69 [1966] LKSC 15; (1966) 69 NLR 1 (1 August 1966),dense_br_nlr,0.919314,0.000686,0.919314,0.079121,0.000879,30,28339,84,2.8,2.964113,0,0.0,0.0,19,13,True,False,True,True,True,0.000686346527129742,0.9193136534728703,0.0791210445895525,0.000878955410447454,1960,0.9193136534728703,0.8401926088833178
1966/16.html,1966,NLR,Yasapala v. Munasinghe - NLR - 383 of 68 [1966] LKSC 16; (1966) 68 NLR 383 (9 May 1966),dense_br_nlr,0.92,0.0,0.92,0.079121,0.000879,7,3340,34,4.857143,10.179641,0,0.0,0.0,9,9,False,False,False,False,False,1.833344404378323e-07,0.9199998166655596,0.0791210445895525,0.000878955410447454,1960,0.9199998166655596,0.8408787720760071
1966/17.html,1966,NLR,Ratnasabapathy v. Assen - NLR - 497 of 68 [1966] LKSC 17; (1966) 68 NLR 497 (21 June 1966),dense_br_nlr,0.919104,0.000896,0.919104,0.079121,0.000879,15,12601,41,2.733333,3.25371,0,0.0,0.0,10,9,False,False,False,False,True,0.0008958945140512853,0.9191041054859488,0.0791210445895525,0.000878955410447454,1960,0.9191041054859488,0.8399830608963963
1966/18.html,1966,NLR,Commissioner of Inland Revenue v. South Western Omnibus Co. Ltd. - NLR - 339 of 68 [1966] LKSC 18; (1966) 68 NLR 339 (3 March 1966),dense_br_nlr,0.913354,0.006646,0.913354,0.079121,0.000879,13,8441,29,2.230769,3.435612,0,0.0,0.0,12,6,True,False,True,True,True,0.006646213568876798,0.9133537864311232,0.0791210445895525,0.000878955410447454,1960,0.9133537864311232,0.8342327418415707
1966/19.html,1966,NLR,E.J.G.Casie Chitty v. Commissioner of Inland Revenue - NLR - 529 of 69 [1966] LKSC 19; (1966) 69 NLR 529 (8 May 1966),dense_br_nlr,0.919429,0.000571,0.919429,0.079121,0.000879,13,7580,37,2.846154,4.881266,0,0.0,0.0,15,11,True,False,True,True,True,0.0005707163993443266,0.9194292836006557,0.0791210445895525,0.000878955410447454,1960,0.9194292836006557,0.8403082390111032
1966/2.html,1966,NLR,Board of Trustees of Maradana Mosque v. Minister of Education - NLR - 217 of 68 [1966] LKSC 2; (1966) 68 NLR 217 (19 January 1966),dense_br_nlr,0.91997,3e-05,0.91997,0.079121,0.000879,31,24459,111,3.580645,4.538207,0,0.0,0.0,20,9,True,False,True,False,True,3.025060146430114e-05,0.9199697493985357,0.0791210445895525,0.000878955410447454,1960,0.9199697493985357,0.8408487048089832
1966/20.html,1966,NLR,British Ceylon Corporation Ltd v. Krishnadasan - NLR - 212 of 68 [1966] LKSC 20; (1966) 68 NLR 212 (21 January 1966),dense_br_nlr,0.92,0.0,0.92,0.079121,0.000879,7,2855,35,5.0,12.259194,0,0.0,0.0,10,5,False,False,False,True,True,1.0353234911164577e-07,0.9199998964676509,0.0791210445895525,0.000878955410447454,1960,0.9199998964676509,0.8408788518780984
1966/21.html,1966,NLR,In Re Stephen Perera - NLR - 332 of 68 [1966] LKSC 21; (1966) 68 NLR 332 (9 February 1966),dense_br_nlr,0.919162,0.000838,0.919162,0.079121,0.000879,16,10293,44,2.75,4.27475,0,0.0,0.0,13,8,True,False,True,False,False,0.0008381670988485546,0.9191618329011515,0.0791210445895525,0.000878955410447454,1960,0.9191618329011515,0.840040788311599
1966/22.html,1966,NLR,M.S.M.Madam v. S.M.P.Joseph - NLR - 21 of 69 [1966] LKSC 22; (1966) 69 NLR 21 (2 October 1966),dense_br_nlr,0.919896,0.000104,0.919896,0.079121,0.000879,11,5687,36,3.272727,6.330227,0,0.0,0.0,14,13,False,False,True,True,True,0.00010365916625657335,0.9198963408337435,0.0791210445895525,0.000878955410447454,1960,0.9198963408337435,0.840775296244191
1966/23.html,1966,NLR,A.T.Durayappah v. W.J.Fernando - NLR - 265 of 69 [1966] LKSC 23; (1966) 69 NLR 265 (15 December 1966),dense_br_nlr,0.919771,0.000229,0.919771,0.079121,0.000879,27,30767,83,3.074074,2.697696,0,0.0,0.0,24,14,True,False,True,True,True,0.00022942668912123932,0.9197705733108787,0.0791210445895525,0.000878955410447454,1960,0.9197705733108787,0.8406495287213263
1966/24.html,1966,NLR,Dahanayake v. Kannangara - NLR - 260 of 68 [1966] LKSC 24; (1966) 68 NLR 260 (7 February 1966),dense_br_nlr,0.914374,0.005626,0.914374,0.079121,0.000879,11,7759,25,2.272727,3.222065,0,0.0,0.0,10,8,False,False,True,False,True,0.005625625196911397,0.9143743748030887,0.0791210445895525,0.000878955410447454,1960,0.9143743748030887,0.8352533302135362
1966/25.html,1966,NLR,Danister De Silva v. Gunasekera - NLR - 447 of 68 [1966] LKSC 25; (1966) 68 NLR 447 (15 February 1966),dense_br_nlr,0.916975,0.003025,0.916975,0.079121,0.000879,7,2562,17,2.428571,6.635441,0,0.0,0.0,9,7,True,False,False,False,True,0.003024653643128508,0.9169753463568715,0.0791210445895525,0.000878955410447454,1960,0.9169753463568715,0.837854301767319
1966/26.html,1966,NLR,P.K.Premasinghe v. B.A.H.Bandara - NLR - 155 of 69 [1966] LKSC 26; (1966) 69 NLR 155 (22 June 1966),dense_br_nlr,0.919954,4.6e-05,0.919954,0.079121,0.000879,23,24144,80,3.478261,3.313453,0,0.0,0.0,19,10,True,False,True,True,True,4.556024088634647e-05,0.9199544397591137,0.0791210445895525,0.000878955410447454,1960,0.9199544397591137,0.8408333951695612
1966/27.html,1966,NLR,"Punchi Banda, W.M. v. Lenawa, W.R.S.S.B. ; Pamunuwa, K.M.D. v. De Silva, C.P. - NLR - 481 of 68 [1966] LKSC 27; (1966) 68 NLR 481 (19 June 1966)",dense_br_nlr,0.92,0.0,0.92,0.079121,0.000879,19,15989,111,5.842105,6.942273,0,0.0,0.0,20,11,True,False,False,True,False,3.5660703190387723e-09,0.9199999964339297,0.0791210445895525,0.000878955410447454,1960,0.9199999964339297,0.8408789518443772
1966/28.html,1966,NLR,Romiel v. Senanayake - NLR - 255 of 68 [1966] LKSC 28; (1966) 68 NLR 255 (17 February 1966),dense_br_nlr,0.919902,9.8e-05,0.919902,0.079121,0.000879,7,3343,23,3.285714,6.880048,0,0.0,0.0,7,7,False,False,False,False,True,9.84123174334206e-05,0.9199015876825666,0.0791210445895525,0.000878955410447454,1960,0.9199015876825666,0.8407805430930141
1966/29.html,1966,NLR,W.A.Hemadasa v. J.L. Sirisena - NLR - 201 of 69 [1966] LKSC 29; (1966) 69 NLR 201 (22 September 1966),dense_br_nlr,0.919998,2e-06,0.919998,0.079121,0.000879,13,12271,56,4.307692,4.563605,0,0.0,0.0,18,13,True,False,True,True,True,1.650963661194993e-06,0.9199983490363388,0.0791210445895525,0.000878955410447454,1960,0.9199983490363388,0.8408773044467863
1966/3.html,1966,NLR,T.Kandiah v. Minister of Local Government - NLR - 25 of 69 [1966] LKSC 3; (1966) 69 NLR 25 (29 September 1966),dense_br_nlr,0.919996,4e-06,0.919996,0.079121,0.000879,13,11449,53,4.076923,4.629225,0,0.0,0.0,19,17,True,False,True,True,False,4.155498646034594e-06,0.919995844501354,0.0791210445895525,0.000878955410447454,1960,0.919995844501354,0.8408747999118015
1966/30.html,1966,NLR,Wijesekere v. Perera - NLR - 241 of 68 [1966] LKSC 30; (1966) 68 NLR 241 (5 February 1966),dense_br_nlr,0.919992,8e-06,0.919992,0.079121,0.000879,38,41100,149,3.921053,3.625304,0,0.0,0.0,29,15,True,False,True,True,False,7.751671699520734e-06,0.9199922483283005,0.0791210445895525,0.000878955410447454,1960,0.9199922483283005,0.840871203738748
1966/31.html,1966,NLR,"Ceylon Mineral Waters Ltd. v. District Judge, Anuradhapura - NLR - 312 of 70 [1966] LKSC 31; (1966) 70 NLR 312 (4 March 1966)",dense_br_nlr,0.919997,3e-06,0.919997,0.079121,0.000879,5,1302,21,4.2,16.129032,0,0.0,0.0,10,5,False,False,False,True,True,2.5399037542905847e-06,0.9199974600962457,0.0791210445895525,0.000878955410447454,1960,0.9199974600962457,0.8408764155066932
1966/32.html,1966,NLR,Dias v. Abeywardene - NLR - 409 of 68 [1966] LKSC 32; (1966) 68 NLR 409 (16 May 1966),dense_br_nlr,0.916082,0.003918,0.916082,0.076669,0.003331,11,6792,26,2.363636,3.828033,1,0.090909,0.147232,11,6,True,False,True,True,True,0.003917924162282933,0.9160820758377171,0.07666944722808026,0.003330552771919697,1960,0.9160820758377171,0.8394126286096368
1966/4.html,1966,NLR,"Moosajees Ltd v. Fernando, P.O. - NLR - 414 of 68 [1966] LKSC 4; (1966) 68 NLR 414 (16 May 1966)",dense_br_nlr,0.919896,0.000104,0.919896,0.079121,0.000879,44,48518,144,3.272727,2.967971,0,0.0,0.0,36,15,True,True,True,True,True,0.00010365916625657335,0.9198963408337435,0.0791210445895525,0.000878955410447454,1960,0.9198963408337435,0.840775296244191
1966/5.html,1966,NLR,In Re Wijetunge - NLR - 514 of 70 [1966] LKSC 5; (1966) 70 NLR 514 (29 June 1966),dense_br_nlr,0.919977,2.3e-05,0.919977,0.079121,0.000879,17,17122,62,3.647059,3.621072,0,0.0,0.0,14,6,False,False,True,True,False,2.319339960698219e-05,0.919976806600393,0.0791210445895525,0.000878955410447454,1960,0.919976806600393,0.8408557620108406
1966/6.html,1966,NLR,A.P.Xavier v. S.N.B. Wijeyekoon - NLR - 197 of 69 [1966] LKSC 6; (1966) 69 NLR 197 (22 July 1966),dense_br_nlr,0.919974,2.6e-05,0.919974,0.079121,0.000879,13,9547,47,3.615385,4.923012,0,0.0,0.0,17,11,True,False,True,True,True,2.632608659430158e-05,0.9199736739134058,0.0791210445895525,0.000878955410447454,1960,0.9199736739134058,0.8408526293238533
1966/7.html,1966,NLR,"D.M.Ibrahim v. Vavuniya, G.A. - NLR - 217 of 69 [1966] LKSC 7; (1966) 69 NLR 217 (22 July 1966)",dense_br_nlr,0.919974,2.6e-05,0.919974,0.079121,0.000879,13,9638,47,3.615385,4.87653,0,0.0,0.0,17,11,True,False,True,True,True,2.632608659430158e-05,0.9199736739134058,0.0791210445895525,0.000878955410447454,1960,0.9199736739134058,0.8408526293238533
1966/8.html,1966,NLR,Panagoda v. Budinis Singho - NLR - 490 of 68 [1966] LKSC 8; (1966) 68 NLR 490 (22 July 1966),dense_br_nlr,0.91854,0.00146,0.91854,0.079121,0.000879,18,16467,47,2.611111,2.854193,0,0.0,0.0,14,9,True,False,True,True,True,0.0014598615518129378,0.918540138448187,0.0791210445895525,0.000878955410447454,1960,0.918540138448187,0.8394190938586346
1966/9.html,1966,NLR,S.M.T.B.Subasinghe v. D.G.Jayalath - NLR - 121 of 69 [1966] LKSC 9; (1966) 69 NLR 121 (14 October 1966),dense_br_nlr,0.919996,4e-06,0.919996,0.079121,0.000879,49,64249,201,4.102041,3.128453,0,0.0,0.0,34,13,True,False,True,True,True,3.7582779630795926e-06,0.919996241722037,0.0791210445895525,0.000878955410447454,1960,0.919996241722037,0.8408751971324845
1967/1.html,1967,NLR,Thenabandu v. Samarasekera - NLR - 472 of 70 [1967] LKSC 1; (1967) 70 NLR 472 (26 November 1967),dense_br_nlr,0.919919,8.1e-05,0.919919,0.079121,0.000879,9,5416,30,3.333333,5.539143,0,0.0,0.0,11,4,True,False,False,True,True,8.134574486875491e-05,0.9199186542551313,0.0791210445895525,0.000878955410447454,1960,0.9199186542551313,0.8407976096655788
1967/10.html,1967,NLR,Herath v. Senaviratne - NLR - 145 of 70 [1967] LKSC 10; (1967) 70 NLR 145 (16 January 1967),dense_br_nlr,0.919998,2e-06,0.919998,0.079121,0.000879,12,11257,51,4.25,4.530514,0,0.0,0.0,13,5,True,False,True,True,True,2.0794983541172488e-06,0.919997920501646,0.0791210445895525,0.000878955410447454,1960,0.919997920501646,0.8408768759120935
1967/11.html,1967,NLR,Sathappan v. Jayasinghe - NLR - 92 of 70 [1967] LKSC 11; (1967) 70 NLR 92 (26 July 1967),dense_br_nlr,0.919987,1.3e-05,0.919987,0.079121,0.000879,15,9753,57,3.8,5.844356,0,0.0,0.0,11,6,True,False,True,False,True,1.2580088357818654e-05,0.9199874199116422,0.0791210445895525,0.000878955410447454,1960,0.9199874199116422,0.8408663753220897
1967/12.html,1967,NLR,Ceylon Workers' Congress v. Superintendent of Roeberry Estate - NLR - 211 of 70 [1967] LKSC 12; (1967) 70 NLR 211 (9 October 1967),dense_br_nlr,0.918831,0.001169,0.918831,0.079121,0.000879,12,9222,32,2.666667,3.469963,0,0.0,0.0,12,6,True,False,True,True,True,0.0011693334049041714,0.9188306665950958,0.0791210445895525,0.000878955410447454,1960,0.9188306665950958,0.8397096220055433
1967/13.html,1967,NLR,Highland Tea Co. of Ceylon Ltd. v. National Union of Workers - NLR - 161 of 70 [1967] LKSC 13; (1967) 70 NLR 161 (29 September 1967),dense_br_nlr,0.919104,0.000896,0.919104,0.079121,0.000879,15,10367,41,2.733333,3.954857,0,0.0,0.0,12,6,True,False,True,False,False,0.0008958945140512853,0.9191041054859488,0.0791210445895525,0.000878955410447454,1960,0.9191041054859488,0.8399830608963963
1967/14.html,1967,NLR,Hassan v. Controller of Imports and Exports - NLR - 149 of 70 [1967] LKSC 14; (1967) 70 NLR 149 (31 July 1967),dense_br_nlr,0.91953,0.00047,0.91953,0.079121,0.000879,19,18356,55,2.894737,2.996295,0,0.0,0.0,16,6,True,False,True,True,True,0.00046997052547182784,0.9195300294745282,0.0791210445895525,0.000878955410447454,1960,0.9195300294745282,0.8404089848849757
1967/15.html,1967,NLR,The Commissioner of Inland Revenue v. The Woodland [K. v. Ceylon] Rubber & Tea Company Ltd - NLR - 294 of 70 [1967] LKSC 15; (1967) 70 NLR 294 (18 December 1967),dense_br_nlr,0.919998,2e-06,0.919998,0.079121,0.000879,32,39418,138,4.3125,3.500939,0,0.0,0.0,24,6,True,False,True,True,True,1.6195157561416096e-06,0.9199983804842439,0.0791210445895525,0.000878955410447454,1960,0.9199983804842439,0.8408773358946914
1967/16.html,1967,NLR,Fernando v. Jinadasa - NLR - 71 of 70 [1967] LKSC 16; (1967) 70 NLR 71 (9 September 1967),dense_br_nlr,0.880761,0.039239,0.880761,0.079121,0.000879,9,3549,16,1.777778,4.508312,0,0.0,0.0,9,6,True,False,True,False,True,0.039239118568878295,0.8807608814311217,0.0791210445895525,0.000878955410447454,1960,0.8807608814311217,0.8016398368415693
1967/17.html,1967,NLR,Seedin v. Sambandan - NLR - 18 of 70 [1967] LKSC 17; (1967) 70 NLR 18 (16 June 1967),dense_br_nlr,0.903453,0.016547,0.903453,0.079121,0.000879,9,2157,18,2.0,8.344924,0,0.0,0.0,9,6,True,False,True,False,False,0.016547313165124224,0.9034526868348758,0.0791210445895525,0.000878955410447454,1960,0.9034526868348758,0.8243316422453233
1967/18.html,1967,NLR,Wataraka Multi Purpose Co Operative Society Ltd v. Wickremachandra - NLR - 239 of 70 [1967] LKSC 18; (1967) 70 NLR 239 (4 November 1967),dense_br_nlr,0.919691,0.000309,0.919691,0.079121,0.000879,7,3966,21,3.0,5.295008,0,0.0,0.0,9,5,False,False,False,False,True,0.0003085221200290622,0.919691477879971,0.0791210445895525,0.000878955410447454,1960,0.919691477879971,0.8405704332904185
1967/19.html,1967,NLR,Abdul Samad v. Sirinayake - NLR - 47 of 70 [1967] LKSC 19; (1967) 70 NLR 47 (14 August 1967),dense_br_nlr,0.91558,0.00442,0.91558,0.079121,0.000879,9,5454,21,2.333333,3.850385,0,0.0,0.0,9,6,True,False,True,True,True,0.0044203785217024555,0.9155796214782976,0.0791210445895525,0.000878955410447454,1960,0.9155796214782976,0.8364585768887451
1967/2.html,1967,NLR,Kariapper v. Wijesinha - NLR - 49 of 70 [1967] LKSC 2; (1967) 70 NLR 49 (24 July 1967),dense_br_nlr,0.919996,4e-06,0.919996,0.079121,0.000879,37,44438,152,4.108108,3.420496,0,0.0,0.0,23,6,True,False,True,False,True,3.668170226540646e-06,0.9199963318297735,0.0791210445895525,0.000878955410447454,1960,0.9199963318297735,0.840875287240221
1967/20.html,1967,NLR,Theivendrarajah v. Sanoon - NLR - 12 of 71 [1967] LKSC 20; (1967) 71 NLR 12 (21 August 1967),dense_br_nlr,0.919894,0.000106,0.919894,0.079121,0.000879,15,10179,49,3.266667,4.813832,0,0.0,0.0,27,11,True,False,True,True,True,0.00010620227231150636,0.9198937977276885,0.0791210445895525,0.000878955410447454,1960,0.9198937977276885,0.840772753138136
1967/21.html,1967,NLR,In Re Batuvantudave - NLR - 198 of 72 [1967] LKSC 21; (1967) 72 NLR 198 (11 December 1967),dense_br_nlr,0.919691,0.000309,0.919691,0.076669,0.003331,11,6343,33,3.0,5.202586,1,0.090909,0.157654,16,13,True,False,True,True,True,0.0003085221200290622,0.919691477879971,0.07666944722808026,0.003330552771919697,1960,0.919691477879971,0.8430220306518907
1967/22.html,1967,NLR,De Silva v. Senanayake - NLR - 320 of 70 [1967] LKSC 22; (1967) 70 NLR 320 (10 November 1967),dense_br_nlr,0.919519,0.000481,0.919519,0.079121,0.000879,18,16480,52,2.888889,3.15534,0,0.0,0.0,16,6,True,False,True,True,True,0.00048108784851718327,0.9195189121514828,0.0791210445895525,0.000878955410447454,1960,0.9195189121514828,0.8403978675619304
1967/23.html,1967,NLR,Don Sirisena v. Siriwardena - NLR - 556 of 71 [1967] LKSC 23; (1967) 71 NLR 556 (10 December 1967),dense_br_nlr,0.919928,7.2e-05,0.919928,0.079121,0.000879,11,8079,37,3.363636,4.579775,0,0.0,0.0,14,11,True,False,True,True,False,7.206054145826979e-05,0.9199279394585418,0.0791210445895525,0.000878955410447454,1960,0.9199279394585418,0.8408068948689893
1967/24.html,1967,NLR,Gunadasa v. Rajapakse - NLR - 103 of 74 [1967] LKSC 24; (1967) 74 NLR 103 (26 May 1967),dense_br_nlr,0.919994,6e-06,0.919994,0.075556,0.004444,9,5129,36,4.0,7.018912,1,0.111111,0.19497,12,12,True,False,True,True,True,5.652640634030704e-06,0.919994347359366,0.07555606618252449,0.004443933817475475,1960,0.919994347359366,0.8444382811768415
1967/25.html,1967,NLR,Piyasena v. Silva - NLR - 253 of 74 [1967] LKSC 25; (1967) 74 NLR 253 (29 August 1967),dense_br_nlr,0.911929,0.008071,0.911929,0.079121,0.000879,11,4879,24,2.181818,4.919041,0,0.0,0.0,9,7,True,False,True,True,True,0.008071101969712752,0.9119288980302873,0.0791210445895525,0.000878955410447454,1960,0.9119288980302873,0.8328078534407348
1967/26.html,1967,NLR,P.H.Somadasa v. M.D. Saddhasena - NLR - 469 of 69 [1967] LKSC 26; (1967) 69 NLR 469 (19 April 1967),dense_br_nlr,0.919972,2.8e-05,0.919972,0.079121,0.000879,15,11290,54,3.6,4.782994,0,0.0,0.0,16,13,True,False,True,True,True,2.799703234858342e-05,0.9199720029676515,0.0791210445895525,0.000878955410447454,1960,0.9199720029676515,0.840850958378099
1967/27.html,1967,NLR,Abraham Perera v. Perera.W.J.B - NLR - 522 of 70 [1967] LKSC 27; (1967) 70 NLR 522 (7 December 1967),dense_br_nlr,0.918178,0.001822,0.918178,0.079121,0.000879,9,4382,23,2.555556,5.248745,0,0.0,0.0,9,6,False,False,True,False,False,0.0018224227754862988,0.9181775772245138,0.0791210445895525,0.000878955410447454,1960,0.9181775772245138,0.8390565326349613
1967/28.html,1967,NLR,"In Re Samsudeen, K.I. - NLR - 209 of 70 [1967] LKSC 28; (1967) 70 NLR 209 (28 September 1967)",dense_br_nlr,0.917161,0.002839,0.917161,0.079121,0.000879,9,5140,22,2.444444,4.280156,0,0.0,0.0,10,4,False,False,False,True,False,0.002839156097273654,0.9171608439027263,0.0791210445895525,0.000878955410447454,1960,0.9171608439027263,0.8380397993131738
1967/3.html,1967,NLR,Peiris v. Samaraweera - NLR - 250 of 71 [1967] LKSC 3; (1967) 71 NLR 250 (6 October 1967),dense_br_nlr,0.906873,0.013127,0.906873,0.079121,0.000879,17,16876,35,2.058824,2.073951,0,0.0,0.0,17,11,True,False,True,False,False,0.013127456008434471,0.9068725439915656,0.0791210445895525,0.000878955410447454,1960,0.9068725439915656,0.8277514994020131
1967/4.html,1967,NLR,Razeem v. Nazeer - NLR - 271 of 70 [1967] LKSC 4; (1967) 70 NLR 271 (10 November 1967),dense_br_nlr,0.918831,0.001169,0.918831,0.079121,0.000879,9,4902,24,2.666667,4.895961,0,0.0,0.0,10,6,True,False,True,True,True,0.0011693334049041714,0.9188306665950958,0.0791210445895525,0.000878955410447454,1960,0.9188306665950958,0.8397096220055433
1967/5.html,1967,NLR,Seneviratne v. Muthubanda - NLR - 574 of 70 [1967] LKSC 5; (1967) 70 NLR 574 (21 October 1967),dense_br_nlr,0.919983,1.7e-05,0.919983,0.079121,0.000879,11,8572,41,3.727273,4.783014,0,0.0,0.0,10,5,False,False,True,False,True,1.682757076182817e-05,0.9199831724292382,0.0791210445895525,0.000878955410447454,1960,0.9199831724292382,0.8408621278396857
1967/6.html,1967,NLR,United Engineering Workers' Union v. Devanayagam - NLR - 289 of 69 [1967] LKSC 6; (1967) 69 NLR 289 (9 March 1967),dense_br_nlr,0.919999,1e-06,0.919999,0.07887,0.00113,59,74831,257,4.355932,3.434406,1,0.016949,0.013363,41,10,True,False,True,True,True,1.3612446559951863e-06,0.919998638755344,0.07887020240889078,0.001129797591109176,1960,0.919998638755344,0.8411284363464533
1967/7.html,1967,NLR,"Kalutara Totamune Multi Purpose Co Operative Societies Union Ltd. v. Perera, H.S. - NLR - 117 of 70 [1967] LKSC 7; (1967) 70 NLR 117 (6 October 1967)",dense_br_nlr,0.919826,0.000174,0.919826,0.079121,0.000879,7,3058,22,3.142857,7.194245,0,0.0,0.0,9,5,False,False,False,True,True,0.0001742535678737234,0.9198257464321263,0.0791210445895525,0.000878955410447454,1960,0.9198257464321263,0.8407047018425738
1967/8.html,1967,NLR,De Alwis v. De Silva - NLR - 108 of 71 [1967] LKSC 8; (1967) 71 NLR 108 (22 October 1967),dense_br_nlr,0.918831,0.001169,0.918831,0.079121,0.000879,15,13086,40,2.666667,3.056702,0,0.0,0.0,27,10,True,False,True,True,True,0.0011693334049041714,0.9188306665950958,0.0791210445895525,0.000878955410447454,1960,0.9188306665950958,0.8397096220055433
1967/9.html,1967,NLR,Kanagasabai v. Conrad Perera and 3 Others - NLR - 78 of 70 [1967] LKSC 9; (1967) 70 NLR 78 (28 August 1967),dense_br_nlr,0.919982,1.8e-05,0.919982,0.079121,0.000879,7,1505,26,3.714286,17.275748,0,0.0,0.0,11,6,False,False,False,True,True,1.7724815843775944e-05,0.9199822751841563,0.0791210445895525,0.000878955410447454,1960,0.9199822751841563,0.8408612305946038
1968/1.html,1968,NLR,Jayanetti v. Martinus - NLR - 49 of 71 [1968] LKSC 1; (1968) 71 NLR 49 (14 July 1968),dense_br_nlr,0.918945,0.001055,0.918945,0.077278,0.002722,13,8181,35,2.692308,4.278206,1,0.076923,0.122234,10,9,False,False,True,True,False,0.001055478008282025,0.918944521991718,0.07727829603884145,0.0027217039611585133,1960,0.918944521991718,0.8416662259528767
1968/10.html,1968,NLR,Canekeratne v. Canekeratne - NLR - 522 of 71 [1968] LKSC 10; (1968) 71 NLR 522 (17 February 1968),dense_br_nlr,0.91868,0.00132,0.91868,0.079121,0.000879,11,6243,29,2.636364,4.645203,0,0.0,0.0,14,10,True,False,True,True,True,0.001319802457746282,0.9186801975422537,0.0791210445895525,0.000878955410447454,1960,0.9186801975422537,0.8395591529527012
1968/11.html,1968,NLR,Abeyratne v. Marambe Kumarihamy - NLR - 127 of 71 [1968] LKSC 11; (1968) 71 NLR 127 (20 June 1968),dense_br_nlr,0.919999,1e-06,0.919999,0.077908,0.002092,17,13784,78,4.588235,5.658735,1,0.058824,0.072548,14,8,True,False,True,False,True,5.375080001313037e-07,0.9199994624919999,0.07790847240238764,0.0020915275976123157,1960,0.9199994624919999,0.8420909900896123
1968/12.html,1968,NLR,Dissanayake v. Fernando - NLR - 356 of 71 [1968] LKSC 12; (1968) 71 NLR 356 (25 September 1968),dense_br_nlr,0.92,0.0,0.92,0.079121,0.000879,13,11391,63,4.846154,5.530682,0,0.0,0.0,17,8,True,False,True,True,True,1.9157282427517685e-07,0.9199998084271758,0.0791210445895525,0.000878955410447454,1960,0.9199998084271758,0.8408787638376233
1968/13.html,1968,NLR,Endoris v. Kiripetta - NLR - 20 of 73 [1968] LKSC 13; (1968) 73 NLR 20 (22 October 1968),dense_br_nlr,0.897636,0.022364,0.897636,0.079121,0.000879,13,7331,25,1.923077,3.410176,0,0.0,0.0,14,12,True,False,True,False,True,0.022364089851000683,0.8976359101489993,0.0791210445895525,0.000878955410447454,1960,0.8976359101489993,0.8185148655594469
1968/14.html,1968,NLR,Croos Raj Chandra v. Commissioner of Inland Revenue - NLR - 102 of 76 [1968] LKSC 14; (1968) 76 NLR 102 (17 August 1968),dense_br_nlr,0.919931,6.9e-05,0.919931,0.079121,0.000879,24,17958,81,3.375,4.510525,0,0.0,0.0,14,8,True,False,True,True,True,6.88585293096855e-05,0.9199311414706903,0.0791210445895525,0.000878955410447454,1960,0.9199311414706903,0.8408100968811378
1968/15.html,1968,NLR,Air Ceylon Ltd. v. Rasanayagam - NLR - 271 of 71 [1968] LKSC 15; (1968) 71 NLR 271 (14 March 1968),dense_br_nlr,0.92,0.0,0.92,0.079121,0.000879,11,9061,64,5.818182,7.063238,0,0.0,0.0,13,9,True,False,True,True,True,3.924175384639739e-09,0.9199999960758246,0.0791210445895525,0.000878955410447454,1960,0.9199999960758246,0.8408789514862721
1968/16.html,1968,NLR,Associated Newspapers of Ceylon Ltd. v. National Employees' Union - NLR - 69 of 71 [1968] LKSC 16; (1968) 71 NLR 69 (12 June 1968),dense_br_nlr,0.919934,6.6e-05,0.919934,0.079121,0.000879,13,9533,44,3.384615,4.615546,0,0.0,0.0,17,9,True,False,True,False,False,6.626069752681207e-05,0.9199337393024732,0.0791210445895525,0.000878955410447454,1960,0.9199337393024732,0.8408126947129207
1968/17.html,1968,NLR,British Ceylon Corporation Ltd. v. Wijayatilake - NLR - 337 of 71 [1968] LKSC 17; (1968) 71 NLR 337 (28 August 1968),dense_br_nlr,0.919519,0.000481,0.919519,0.079121,0.000879,9,3764,26,2.888889,6.907545,0,0.0,0.0,13,13,False,False,True,True,True,0.00048108784851718327,0.9195189121514828,0.0791210445895525,0.000878955410447454,1960,0.9195189121514828,0.8403978675619304
1968/18.html,1968,NLR,Brohier v. Munidasa - NLR - 17 of 73 [1968] LKSC 18; (1968) 73 NLR 17 (15 December 1968),dense_br_nlr,0.916975,0.003025,0.916975,0.079121,0.000879,7,2001,17,2.428571,8.495752,0,0.0,0.0,7,6,False,False,False,False,False,0.003024653643128508,0.9169753463568715,0.0791210445895525,0.000878955410447454,1960,0.9169753463568715,0.837854301767319
1968/19.html,1968,NLR,Ceylon Transport Board v. Abdeen - NLR - 407 of 70 [1968] LKSC 19; (1968) 70 NLR 407 (30 January 1968),dense_br_nlr,0.919969,3.1e-05,0.919969,0.079121,0.000879,7,3057,25,3.571429,8.177952,0,0.0,0.0,9,5,True,False,False,False,True,3.138653039760353e-05,0.9199686134696025,0.0791210445895525,0.000878955410447454,1960,0.9199686134696025,0.84084756888005
1968/2.html,1968,NLR,Ram Banda v. River Valleys Development Board - NLR - 25 of 71 [1968] LKSC 2; (1968) 71 NLR 25 (10 July 1968),dense_br_nlr,0.919999,1e-06,0.919999,0.079121,0.000879,47,61640,205,4.361702,3.325762,0,0.0,0.0,76,14,True,False,True,False,True,1.3301869590787165e-06,0.919998669813041,0.0791210445895525,0.000878955410447454,1960,0.919998669813041,0.8408776252234885
1968/20.html,1968,NLR,Ceylon Transport Board v. Ceylon Transport Workers' Union - NLR - 158 of 71 [1968] LKSC 20; (1968) 71 NLR 158 (13 July 1968),dense_br_nlr,0.919999,1e-06,0.919999,0.079121,0.000879,19,16551,85,4.473684,5.135641,0,0.0,0.0,20,9,True,False,True,False,True,8.499243149318048e-07,0.9199991500756851,0.0791210445895525,0.000878955410447454,1960,0.9199991500756851,0.8408781054861326
1968/21.html,1968,NLR,Ceylon Transport Board v. Gunasinghe - NLR - 76 of 72 [1968] LKSC 21; (1968) 72 NLR 76 (29 October 1968),dense_br_nlr,0.919979,2.1e-05,0.919979,0.079121,0.000879,24,23083,88,3.666667,3.812329,0,0.0,0.0,44,7,True,False,True,False,True,2.1443844622899278e-05,0.9199785561553772,0.0791210445895525,0.000878955410447454,1960,0.9199785561553772,0.8408575115658247
1968/22.html,1968,NLR,Colmbo Apothecaries Co.Ltd. v. Wijesooriya - NLR - 258 of 71 [1968] LKSC 22; (1968) 71 NLR 258 (22 May 1968),dense_br_nlr,0.919999,1e-06,0.919999,0.079121,0.000879,11,10006,50,4.545455,4.997002,0,0.0,0.0,22,9,True,False,True,True,True,6.378247344818177e-07,0.9199993621752656,0.0791210445895525,0.000878955410447454,1960,0.9199993621752656,0.8408783175857131
1968/23.html,1968,NLR,Colombo Apothecaries Co. Ltd. v. Wijesooriya - NLR - 481 of 70 [1968] LKSC 23; (1968) 70 NLR 481 (29 February 1968),dense_br_nlr,0.919949,5.1e-05,0.919949,0.079121,0.000879,73,93732,252,3.452055,2.688516,0,0.0,0.0,50,7,True,False,True,True,True,5.059506049641005e-05,0.9199494049395036,0.0791210445895525,0.000878955410447454,1960,0.9199494049395036,0.8408283603499511
1968/24.html,1968,NLR,Heath & Co.Ltd. v. Kariyawasam - NLR - 382 of 71 [1968] LKSC 24; (1968) 71 NLR 382 (11 June 1968),dense_br_nlr,0.92,0.0,0.92,0.075556,0.004444,9,5846,44,4.888889,7.526514,1,0.111111,0.171057,12,7,True,False,True,True,True,1.6147140253774951e-07,0.9199998385285975,0.07555606618252449,0.004443933817475475,1960,0.9199998385285975,0.8444437723460729
1968/25.html,1968,NLR,Jafferjee v. Ceylon Mercantile Union - NLR - 112 of 71 [1968] LKSC 25; (1968) 71 NLR 112 (24 January 1968),dense_br_nlr,0.919454,0.000546,0.919454,0.079121,0.000879,7,2746,20,2.857143,7.283321,0,0.0,0.0,13,7,False,False,False,True,False,0.0005461879188264618,0.9194538120811736,0.0791210445895525,0.000878955410447454,1960,0.9194538120811736,0.8403327674916211
1968/26.html,1968,NLR,Maliban Biscuit Manfacturers Ltd. v. Subramaniam - NLR - 1 of 71 [1968] LKSC 26; (1968) 71 NLR 1 (9 April 1968),dense_br_nlr,0.919997,3e-06,0.919997,0.079121,0.000879,19,15915,79,4.157895,4.963871,0,0.0,0.0,21,12,True,True,True,True,True,3.0058057901749535e-06,0.9199969941942099,0.0791210445895525,0.000878955410447454,1960,0.9199969941942099,0.8408759496046574
1968/27.html,1968,NLR,Manager Ury Group Passara v. Democratic Workers Congress - NLR - 47 of 71 [1968] LKSC 27; (1968) 71 NLR 47 (7 July 1968),dense_br_nlr,0.909321,0.010679,0.909321,0.079121,0.000879,9,3649,19,2.111111,5.206906,0,0.0,0.0,11,8,True,False,True,True,True,0.01067873582069451,0.9093212641793055,0.0791210445895525,0.000878955410447454,1960,0.9093212641793055,0.830200219589753
1968/28.html,1968,NLR,Municipal Council of Colombo v. Munasinghe - NLR - 223 of 71 [1968] LKSC 28; (1968) 71 NLR 223 (3 September 1968),dense_br_nlr,0.919999,1e-06,0.919999,0.079121,0.000879,11,7027,50,4.545455,7.115412,0,0.0,0.0,12,7,False,False,True,True,True,6.378247344818177e-07,0.9199993621752656,0.0791210445895525,0.000878955410447454,1960,0.9199993621752656,0.8408783175857131
1968/29.html,1968,NLR,Superintendent Mulana Estate v. Diddenipota - NLR - 332 of 71 [1968] LKSC 29; (1968) 71 NLR 332 (14 December 1968),dense_br_nlr,0.918474,0.001526,0.918474,0.079121,0.000879,15,13143,39,2.6,2.967359,0,0.0,0.0,28,7,True,False,True,False,False,0.0015260969937605086,0.9184739030062395,0.0791210445895525,0.000878955410447454,1960,0.9184739030062395,0.839352858416687
1968/3.html,1968,NLR,Mohamed Sahib v. Commissioner For the Registration of Indian and Pakistani Residents - NLR - 265 of 71 [1968] LKSC 3; (1968) 71 NLR 265 (2 October 1968),dense_br_nlr,0.92,0.0,0.92,0.079121,0.000879,19,17693,101,5.315789,5.708472,0,0.0,0.0,35,10,True,False,True,False,True,2.927483274017817e-08,0.9199999707251673,0.0791210445895525,0.000878955410447454,1960,0.9199999707251673,0.8408789261356148
1968/30.html,1968,NLR,Superintendent Nakiadeniya Group v. Cornelishamy - NLR - 142 of 71 [1968] LKSC 30; (1968) 71 NLR 142 (31 August 1968),dense_br_nlr,0.919986,1.4e-05,0.919986,0.079121,0.000879,9,6981,34,3.777778,4.870362,0,0.0,0.0,20,8,True,False,False,False,True,1.3749493730155216e-05,0.9199862505062699,0.0791210445895525,0.000878955410447454,1960,0.9199862505062699,0.8408652059167174
1968/31.html,1968,NLR,"The Superintendent, Deeside Estate, Maskeliya v. Ilankai Thozhilar Kazhakam - NLR - 279 of 70 [1968] LKSC 31; (1968) 70 NLR 279 (31 January 1968)",dense_br_nlr,0.91868,0.00132,0.91868,0.079121,0.000879,11,4665,29,2.636364,6.216506,0,0.0,0.0,10,6,True,False,True,False,True,0.001319802457746282,0.9186801975422537,0.0791210445895525,0.000878955410447454,1960,0.9186801975422537,0.8395591529527012
1968/32.html,1968,NLR,Uplands Tea Estates Ltd v. Ceylon Workers' Congress - NLR - 68 of 72 [1968] LKSC 32; (1968) 72 NLR 68 (27 January 1968),dense_br_nlr,0.919919,8.1e-05,0.919919,0.075556,0.004444,9,3375,30,3.333333,8.888889,1,0.111111,0.296296,9,8,False,False,True,False,True,8.134574486875491e-05,0.9199186542551313,0.07555606618252449,0.004443933817475475,1960,0.9199186542551313,0.8443625880726068
1968/33.html,1968,NLR,Punchinona v. Perera - NLR - 430 of 73 [1968] LKSC 33; (1968) 73 NLR 430 (10 October 1968),dense_br_nlr,0.919691,0.000309,0.919691,0.079121,0.000879,12,7505,36,3.0,4.796802,0,0.0,0.0,24,16,True,False,True,True,True,0.0003085221200290622,0.919691477879971,0.0791210445895525,0.000878955410447454,1960,0.919691477879971,0.8405704332904185
1968/34.html,1968,NLR,William v. Somasunderam - NLR - 459 of 71 [1968] LKSC 34; (1968) 71 NLR 459 (22 October 1968),dense_br_nlr,0.919986,1.4e-05,0.919986,0.079121,0.000879,9,5970,34,3.777778,5.695142,0,0.0,0.0,14,9,True,False,False,True,True,1.3749493730155216e-05,0.9199862505062699,0.0791210445895525,0.000878955410447454,1960,0.9199862505062699,0.8408652059167174
1968/35.html,1968,NLR,Alwis v. Unnatenne - NLR - 180 of 76 [1968] LKSC 35; (1968) 76 NLR 180 (17 September 1968),dense_br_nlr,0.91022,0.00978,0.91022,0.079121,0.000879,15,7544,32,2.133333,4.241782,0,0.0,0.0,12,9,True,False,True,True,True,0.009780143636810604,0.9102198563631895,0.0791210445895525,0.000878955410447454,1960,0.9102198563631895,0.831098811773637
1968/36.html,1968,NLR,Murugesu.S v. Anandasangary.V - NLR - 51 of 76 [1968] LKSC 36; (1968) 76 NLR 51 (25 June 1968),dense_br_nlr,0.919999,1e-06,0.919999,0.079121,0.000879,13,11022,57,4.384615,5.171475,0,0.0,0.0,14,3,True,False,True,True,False,1.2136928204942165e-06,0.9199987863071796,0.0791210445895525,0.000878955410447454,1960,0.9199987863071796,0.8408777417176271
1968/37.html,1968,NLR,Thahir v. Shafi - NLR - 19 of 72 [1968] LKSC 37; (1968) 72 NLR 19 (7 December 1968),dense_br_nlr,0.919999,1e-06,0.919999,0.079121,0.000879,5,1826,23,4.6,12.595838,0,0.0,0.0,9,6,True,False,False,True,False,5.127988538689011e-07,0.9199994872011462,0.0791210445895525,0.000878955410447454,1960,0.9199994872011462,0.8408784426115937
1968/38.html,1968,NLR,Kulatunga v. Cultivation Committee - NLR - 474 of 71 [1968] LKSC 38; (1968) 71 NLR 474 (14 October 1968),dense_br_nlr,0.919999,1e-06,0.919999,0.079121,0.000879,17,15043,74,4.352941,4.919232,0,0.0,0.0,15,8,True,False,True,True,False,1.3776283744748598e-06,0.9199986223716256,0.0791210445895525,0.000878955410447454,1960,0.9199986223716256,0.8408775777820731
1968/4.html,1968,NLR,In Re Ratnagopal - NLR - 409 of 70 [1968] LKSC 4; (1968) 70 NLR 409 (9 April 1968),dense_br_nlr,0.919999,1e-06,0.919999,0.079121,0.000879,66,90609,288,4.363636,3.178492,0,0.0,0.0,40,6,True,False,True,True,False,1.3199363480964622e-06,0.9199986800636519,0.0791210445895525,0.000878955410447454,1960,0.9199986800636519,0.8408776354740994
1968/5.html,1968,NLR,Chandra De Silva v. Ambawatta - NLR - 348 of 71 [1968] LKSC 5; (1968) 71 NLR 348 (16 December 1968),dense_br_nlr,0.919082,0.000918,0.919082,0.079121,0.000879,11,5182,30,2.727273,5.789271,0,0.0,0.0,13,10,True,False,True,True,True,0.0009178544099217767,0.9190821455900783,0.0791210445895525,0.000878955410447454,1960,0.9190821455900783,0.8399611010005258
1968/6.html,1968,NLR,Heart v. Nugawela - NLR - 529 of 70 [1968] LKSC 6; (1968) 70 NLR 529 (18 March 1968),dense_br_nlr,0.919952,4.8e-05,0.919952,0.079121,0.000879,15,14663,52,3.466667,3.546341,0,0.0,0.0,12,6,True,True,True,True,True,4.772279064475082e-05,0.9199522772093552,0.0791210445895525,0.000878955410447454,1960,0.9199522772093552,0.8408312326198027
1968/7.html,1968,NLR,In Re Dharmalingam - NLR - 94 of 76 [1968] LKSC 7; (1968) 76 NLR 94 (28 August 1968),dense_br_nlr,0.887088,0.032912,0.887088,0.079121,0.000879,17,5102,31,1.823529,6.076049,0,0.0,0.0,11,6,True,False,True,True,False,0.03291170979778206,0.887088290202218,0.0791210445895525,0.000878955410447454,1960,0.887088290202218,0.8079672456126655
1968/8.html,1968,NLR,Kularatne v. The Queen - NLR - 529 of 71 [1968] LKSC 8; (1968) 71 NLR 529 (10 November 1968),dense_br_nlr,0.919989,1.1e-05,0.919989,0.079121,0.000879,59,81703,226,3.830508,2.766116,0,0.0,0.0,58,21,True,False,True,True,False,1.1134905854910394e-05,0.9199888650941451,0.0791210445895525,0.000878955410447454,1960,0.9199888650941451,0.8408678205045926
1968/9.html,1968,NLR,Adamjee Lukmanjee & Sons Ltd. v. Controller of Imports - NLR - 153 of 71 [1968] LKSC 9; (1968) 71 NLR 153 (15 March 1968),dense_br_nlr,0.909594,0.010406,0.909594,0.079121,0.000879,17,14292,36,2.117647,2.518892,0,0.0,0.0,16,9,True,False,True,True,True,0.010406285846167922,0.9095937141538322,0.0791210445895525,0.000878955410447454,1960,0.9095937141538322,0.8304726695642797
1969/1.html,1969,NLR,Eksath Engineru Saha Samanya Kamkaru Samithiya v. De Silva - NLR - 260 of 73 [1969] LKSC 1; (1969) 73 NLR 260 (19 December 1969),dense_br_nlr,0.919556,0.000444,0.919556,0.079121,0.000879,11,7191,32,2.909091,4.450007,0,0.0,0.0,11,14,True,False,True,True,True,0.0004437593830657161,0.9195562406169343,0.0791210445895525,0.000878955410447454,1960,0.9195562406169343,0.8404351960273818
1969/10.html,1969,NLR,Gunasinghe v. Yatigammana - NLR - 527 of 71 [1969] LKSC 10; (1969) 71 NLR 527 (22 February 1969),dense_br_nlr,0.919999,1e-06,0.919999,0.079121,0.000879,9,4825,40,4.444444,8.290155,0,0.0,0.0,11,9,False,False,True,False,True,9.553781106363958e-07,0.9199990446218894,0.0791210445895525,0.000878955410447454,1960,0.9199990446218894,0.8408780000323369
1969/11.html,1969,NLR,Ratwatte v. Minister of Lands - NLR - 60 of 72 [1969] LKSC 11; (1969) 72 NLR 60 (11 April 1969),dense_br_nlr,0.919963,3.7e-05,0.919963,0.079121,0.000879,15,11819,53,3.533333,4.484305,0,0.0,0.0,19,8,True,False,True,False,True,3.655277902997689e-05,0.91996344722097,0.0791210445895525,0.000878955410447454,1960,0.91996344722097,0.8408424026314175
1969/12.html,1969,NLR,Dharmapala v. The Queen - NLR - 158 of 75 [1969] LKSC 12; (1969) 75 NLR 158 (15 January 1969),dense_br_nlr,0.92,0.0,0.92,0.07308,0.00692,7,4285,44,6.285714,10.268378,1,0.142857,0.233372,7,5,False,False,False,False,False,6.047309053514027e-10,0.9199999993952691,0.07308003816939575,0.006919961830604208,1960,0.9199999993952691,0.8469199612258733
1969/13.html,1969,NLR,Pragnarama Thero v. Minister of Education - NLR - 506 of 71 [1969] LKSC 13; (1969) 71 NLR 506 (15 January 1969),dense_br_nlr,0.919991,9e-06,0.919991,0.079121,0.000879,19,14894,74,3.894737,4.968444,0,0.0,0.0,18,11,True,False,True,False,True,8.612129253866563e-06,0.9199913878707462,0.0791210445895525,0.000878955410447454,1960,0.9199913878707462,0.8408703432811937
1969/14.html,1969,NLR,Baddegama Tea Small Holders' Co Operative Society Ltd. v. Emalin - NLR - 71 of 73 [1969] LKSC 14; (1969) 73 NLR 71 (19 October 1969),dense_br_nlr,0.917725,0.002275,0.917725,0.079121,0.000879,10,4303,25,2.5,5.8099,0,0.0,0.0,7,5,True,False,True,False,True,0.0022748133041038845,0.9177251866958962,0.0791210445895525,0.000878955410447454,1960,0.9177251866958962,0.8386041421063437
1969/15.html,1969,NLR,"Jayakody v. S. I. Police, Hettipola - NLR - 160 of 75 [1969] LKSC 15; (1969) 75 NLR 160 (28 September 1969)",dense_br_nlr,0.919989,1.1e-05,0.919989,0.07809,0.00191,19,18456,73,3.842105,3.955353,1,0.052632,0.054183,25,15,True,False,True,False,False,1.0630182859396875e-05,0.9199893698171406,0.07808955479507407,0.0019104452049258926,1960,0.9199893698171406,0.8418998150220666
1969/16.html,1969,NLR,Algin v. Kamalawathie - NLR - 429 of 72 [1969] LKSC 16; (1969) 72 NLR 429 (20 November 1969),dense_br_nlr,0.919793,0.000207,0.919793,0.076206,0.003794,10,5207,31,3.1,5.953524,1,0.1,0.192049,10,8,True,False,True,False,True,0.00020683142861467108,0.9197931685713854,0.07620593014579462,0.003794069854205342,1960,0.9197931685713854,0.8435872384255908
1969/17.html,1969,NLR,Fernando v. Fernando - NLR - 448 of 74 [1969] LKSC 17; (1969) 74 NLR 448 (2 August 1969),dense_br_nlr,0.919773,0.000227,0.919773,0.079121,0.000879,13,10005,40,3.076923,3.998001,0,0.0,0.0,15,7,True,False,True,False,True,0.000226827624789836,0.9197731723752102,0.0791210445895525,0.000878955410447454,1960,0.9197731723752102,0.8406521277856577
1969/18.html,1969,NLR,Commissioner of Inland Revenue v. Navaratnarajah - NLR - 465 of 73 [1969] LKSC 18; (1969) 73 NLR 465 (15 July 1969),dense_br_nlr,0.919919,8.1e-05,0.919919,0.077655,0.002345,15,11000,50,3.333333,4.545455,1,0.066667,0.090909,17,8,True,False,True,True,True,8.134574486875491e-05,0.9199186542551313,0.07765501015865511,0.002344989841344842,1960,0.9199186542551313,0.8422636440964761
1969/19.html,1969,NLR,Rajaratnam v. Commissioner of Inland Revenue - NLR - 128 of 73 [1969] LKSC 19; (1969) 73 NLR 128 (10 December 1969),dense_br_nlr,0.92,0.0,0.92,0.079121,0.000879,19,16061,93,4.894737,5.790424,0,0.0,0.0,33,28,True,False,True,True,True,1.5773809897812185e-07,0.919999842261901,0.0791210445895525,0.000878955410447454,1960,0.919999842261901,0.8408787976723485
1969/2.html,1969,NLR,Jayasena v. Illangaratne - NLR - 35 of 73 [1969] LKSC 2; (1969) 73 NLR 35 (7 August 1969),dense_br_nlr,0.92,0.0,0.92,0.079121,0.000879,21,20820,115,5.47619,5.523535,0,0.0,0.0,40,22,True,False,True,True,True,1.5411657483532794e-08,0.9199999845883425,0.0791210445895525,0.000878955410447454,1960,0.9199999845883425,0.84087893999879
1969/20.html,1969,NLR,Danny v. William - NLR - 23 of 73 [1969] LKSC 20; (1969) 73 NLR 23 (1 October 1969),dense_br_nlr,0.914953,0.005047,0.914953,0.079121,0.000879,10,3893,23,2.3,5.90804,0,0.0,0.0,8,7,False,False,True,False,True,0.0050473949874944735,0.9149526050125055,0.0791210445895525,0.000878955410447454,1960,0.9149526050125055,0.835831560422953
1969/21.html,1969,NLR,"Group Superintendent, Dalma Group v. Ceylon Estates Staffs' Union - NLR - 574 of 73 [1969] LKSC 21; (1969) 73 NLR 574 (8 June 1969)",dense_br_nlr,0.919994,6e-06,0.919994,0.079121,0.000879,7,4060,28,4.0,6.896552,0,0.0,0.0,7,8,True,False,False,False,True,5.652640634030704e-06,0.919994347359366,0.0791210445895525,0.000878955410447454,1960,0.919994347359366,0.8408733027698135
1969/22.html,1969,NLR,"Hatton Transport Agency Co., Ltd v. George - NLR - 473 of 74 [1969] LKSC 22; (1969) 74 NLR 473 (7 February 1969)",dense_br_nlr,0.919958,4.2e-05,0.919958,0.079121,0.000879,16,14617,56,3.5,3.831156,0,0.0,0.0,11,9,True,False,True,True,True,4.1766039206199146e-05,0.9199582339607938,0.0791210445895525,0.000878955410447454,1960,0.9199582339607938,0.8408371893712413
1969/23.html,1969,NLR,Jafferjee v. Subramaniam - NLR - 518 of 71 [1969] LKSC 23; (1969) 71 NLR 518 (27 January 1969),dense_br_nlr,0.92,0.0,0.92,0.079121,0.000879,15,9397,85,5.666667,9.04544,0,0.0,0.0,19,9,True,False,True,True,True,7.193776005998132e-09,0.919999992806224,0.0791210445895525,0.000878955410447454,1960,0.919999992806224,0.8408789482166715
1969/24.html,1969,NLR,Thameena v. Koch - NLR - 192 of 72 [1969] LKSC 24; (1969) 72 NLR 192 (6 May 1969),dense_br_nlr,0.919314,0.000686,0.919314,0.065406,0.014594,5,919,14,2.8,15.23395,1,0.2,1.088139,8,4,False,False,False,False,False,0.000686346527129742,0.9193136534728703,0.06540595809549146,0.014594041904508505,1960,0.9193136534728703,0.8539076953773789
1969/25.html,1969,NLR,Dissanayake Punchi Mahatmayo v. Wijedoru - NLR - 420 of 71 [1969] LKSC 25; (1969) 71 NLR 420 (29 January 1969),dense_br_nlr,0.919928,7.2e-05,0.919928,0.079121,0.000879,11,10239,37,3.363636,3.613634,0,0.0,0.0,15,9,True,False,True,True,True,7.206054145826979e-05,0.9199279394585418,0.0791210445895525,0.000878955410447454,1960,0.9199279394585418,0.8408068948689893
1969/26.html,1969,NLR,Perera v. Madadombe - NLR - 25 of 73 [1969] LKSC 26; (1969) 73 NLR 25 (4 December 1969),dense_br_nlr,0.92,0.0,0.92,0.079121,0.000879,25,29808,116,4.64,3.891573,0,0.0,0.0,25,21,True,False,True,True,True,4.36978394420251e-07,0.9199995630216056,0.0791210445895525,0.000878955410447454,1960,0.9199995630216056,0.8408785184320531
1969/27.html,1969,NLR,Don Gerald v. Fonseka - NLR - 457 of 71 [1969] LKSC 27; (1969) 71 NLR 457 (15 January 1969),dense_br_nlr,0.917273,0.002727,0.917273,0.079121,0.000879,11,5585,27,2.454545,4.834378,0,0.0,0.0,13,10,True,False,True,True,True,0.002727062628273753,0.9172729373717263,0.0791210445895525,0.000878955410447454,1960,0.9172729373717263,0.8381518927821738
1969/28.html,1969,NLR,Jayatissa v. Ebert Silva - NLR - 524 of 71 [1969] LKSC 28; (1969) 71 NLR 524 (18 February 1969),dense_br_nlr,0.91991,9e-05,0.91991,0.079121,0.000879,13,7664,43,3.307692,5.610647,0,0.0,0.0,17,9,False,False,True,True,True,9.013089258847807e-05,0.9199098691074116,0.0791210445895525,0.000878955410447454,1960,0.9199098691074116,0.8407888245178591
1969/29.html,1969,NLR,Marlin Perera v. Jayawardena - NLR - 121 of 73 [1969] LKSC 29; (1969) 73 NLR 121 (17 December 1969),dense_br_nlr,0.917725,0.002275,0.917725,0.079121,0.000879,12,7428,30,2.5,4.038772,0,0.0,0.0,12,6,True,False,True,True,True,0.0022748133041038845,0.9177251866958962,0.0791210445895525,0.000878955410447454,1960,0.9177251866958962,0.8386041421063437
1969/3.html,1969,NLR,Maliban Biscuit Manufactories Ltd. v. Subramaniam - NLR - 76 of 74 [1969] LKSC 3; (1969) 74 NLR 76 (19 December 1969),dense_br_nlr,0.919958,4.2e-05,0.919958,0.077487,0.002513,14,9643,49,3.5,5.081406,1,0.071429,0.103702,14,23,True,False,True,True,True,4.1766039206199146e-05,0.9199582339607938,0.07748683466899436,0.0025131653310056005,1960,0.9199582339607938,0.8424713992917994
1969/30.html,1969,NLR,Andiris v. Thomaratna - NLR - 238 of 75 [1969] LKSC 30; (1969) 75 NLR 238 (9 December 1969),dense_br_nlr,0.919896,0.000104,0.919896,0.076669,0.003331,11,5268,36,3.272727,6.833713,1,0.090909,0.189825,10,11,True,False,True,True,True,0.00010365916625657335,0.9198963408337435,0.07666944722808026,0.003330552771919697,1960,0.9198963408337435,0.8432268936056633
1969/31.html,1969,NLR,Wilbert De Silva v. Town Council - NLR - 196 of 72 [1969] LKSC 31; (1969) 72 NLR 196 (2 June 1969),dense_br_nlr,0.918831,0.001169,0.918831,0.075556,0.004444,9,4326,24,2.666667,5.54785,1,0.111111,0.23116,11,5,False,False,False,True,True,0.0011693334049041714,0.9188306665950958,0.07555606618252449,0.004443933817475475,1960,0.9188306665950958,0.8432746004125713
1969/32.html,1969,NLR,Pallithamby v. Saviriathumma - NLR - 572 of 73 [1969] LKSC 32; (1969) 73 NLR 572 (28 October 1969),dense_br_nlr,0.919992,8e-06,0.919992,0.076669,0.003331,11,3937,43,3.909091,10.922022,1,0.090909,0.254001,9,8,False,False,False,True,True,8.131587023236797e-06,0.9199918684129768,0.07666944722808026,0.003330552771919697,1960,0.9199918684129768,0.8433224211848965
1969/33.html,1969,NLR,P. G. Ariyatilleke v. N. Kanakaratnam and Another - NLR - 5 of 75 [1969] LKSC 33; (1969) 75 NLR 5 (30 October 1969),dense_br_nlr,0.919691,0.000309,0.919691,0.075556,0.004444,9,4664,27,3.0,5.789022,1,0.111111,0.214408,9,8,True,False,True,True,True,0.0003085221200290622,0.919691477879971,0.07555606618252449,0.004443933817475475,1960,0.919691477879971,0.8441354116974464
1969/34.html,1969,NLR,Peiris v. David Perera - NLR - 232 of 72 [1969] LKSC 34; (1969) 72 NLR 232 (22 February 1969),dense_br_nlr,0.92,0.0,0.92,0.078956,0.001044,86,122023,417,4.848837,3.417389,1,0.011628,0.008195,90,12,True,True,True,True,True,1.8952785802994755e-07,0.919999810472142,0.0789557410907122,0.0010442589092877575,1960,0.919999810472142,0.8410440693814297
1969/4.html,1969,NLR,Nonis v. Peththa - NLR - 1 of 73 [1969] LKSC 4; (1969) 73 NLR 1 (2 December 1969),dense_br_nlr,0.919987,1.3e-05,0.919987,0.079121,0.000879,15,10475,57,3.8,5.441527,0,0.0,0.0,24,25,True,False,True,False,True,1.2580088357818654e-05,0.9199874199116422,0.0791210445895525,0.000878955410447454,1960,0.9199874199116422,0.8408663753220897
1969/5.html,1969,NLR,Coconut Research Board v. Subramaniam - NLR - 422 of 72 [1969] LKSC 5; (1969) 72 NLR 422 (23 June 1969),dense_br_nlr,0.919894,0.000106,0.919894,0.077655,0.002345,15,12642,49,3.266667,3.875969,1,0.066667,0.079101,33,10,True,False,True,True,True,0.00010620227231150636,0.9198937977276885,0.07765501015865511,0.002344989841344842,1960,0.9198937977276885,0.8422387875690334
1969/6.html,1969,NLR,Ratnagopal v. Attorney General - NLR - 145 of 72 [1969] LKSC 6; (1969) 72 NLR 145 (30 June 1969),dense_br_nlr,0.92,0.0,0.92,0.079121,0.000879,21,19413,105,5.0,5.408747,0,0.0,0.0,17,5,True,False,True,True,True,1.0353234911164577e-07,0.9199998964676509,0.0791210445895525,0.000878955410447454,1960,0.9199998964676509,0.8408788518780984
1969/7.html,1969,NLR,David Perera v. Peiris - NLR - 217 of 72 [1969] LKSC 7; (1969) 72 NLR 217 (22 February 1969),dense_br_nlr,0.92,0.0,0.92,0.078642,0.001358,34,43193,169,4.970588,3.912671,1,0.029412,0.023152,44,19,True,True,True,True,True,1.1645816408112353e-07,0.9199998835418359,0.07864190270726526,0.0013580972927347019,1960,0.9199998835418359,0.8413579808345707
1969/8.html,1969,NLR,Ranaweera v. Ramachandran - NLR - 562 of 72 [1969] LKSC 8; (1969) 72 NLR 562 (11 December 1969),dense_br_nlr,0.919979,2.1e-05,0.919979,0.078561,0.001439,30,29150,110,3.666667,3.773585,1,0.033333,0.034305,43,10,True,False,True,False,True,2.1443844622899278e-05,0.9199785561553772,0.07856111026809809,0.001438889731901866,1960,0.9199785561553772,0.8414174458872791
1969/9.html,1969,NLR,Ranaweera v. Wickramasinghe - NLR - 553 of 72 [1969] LKSC 9; (1969) 72 NLR 553 (11 December 1969),dense_br_nlr,0.919967,3.3e-05,0.919967,0.078413,0.001587,25,25972,89,3.56,3.426767,1,0.04,0.038503,29,10,True,False,True,True,True,3.285464833714613e-05,0.9199671453516629,0.07841277554127377,0.0015872244587261995,1960,0.9199671453516629,0.8415543698103891
1970/1.html,1970,NLR,Times of Ceylon Ltd v. Edirmanasinghe - NLR - 404 of 73 [1970] LKSC 1; (1970) 73 NLR 404 (11 February 1970),dense_br_nlr,0.919994,6e-06,0.919994,0.079121,0.000879,5,1497,20,4.0,13.360053,0,0.0,0.0,9,5,False,False,False,False,False,5.652640634030704e-06,0.919994347359366,0.0791210445895525,0.000878955410447454,1970,0.919994347359366,0.8408733027698135
1970/10.html,1970,NLR,Ceylon Estates Staffs' Union v. The Superintendent - NLR - 278 of 73 [1970] LKSC 10; (1970) 73 NLR 278 (8 June 1970),dense_br_nlr,0.919948,5.2e-05,0.919948,0.079121,0.000879,27,28449,93,3.444444,3.269008,0,0.0,0.0,18,7,True,False,True,False,True,5.21589742972628e-05,0.9199478410257028,0.0791210445895525,0.000878955410447454,1970,0.9199478410257028,0.8408267964361503
1970/11.html,1970,NLR,Ceylon State Mortgage Bank v. Fernando - NLR - 1 of 74 [1970] LKSC 11; (1970) 74 NLR 1 (28 August 1970),dense_br_nlr,0.919474,0.000526,0.919474,0.077655,0.002345,15,6686,43,2.866667,6.431349,1,0.066667,0.149566,14,12,True,False,True,True,True,0.0005257833690495862,0.9194742166309504,0.07765501015865511,0.002344989841344842,1970,0.9194742166309504,0.8418192064722954
1970/12.html,1970,NLR,Ceylon Transport Board v. Thungadasa - NLR - 211 of 73 [1970] LKSC 12; (1970) 73 NLR 211 (19 March 1970),dense_br_nlr,0.909594,0.010406,0.909594,0.077908,0.002092,17,11837,36,2.117647,3.041311,1,0.058824,0.084481,14,12,True,False,True,False,True,0.010406285846167922,0.9095937141538322,0.07790847240238764,0.0020915275976123157,1970,0.9095937141538322,0.8316852417514445
1970/13.html,1970,NLR,"Colombo Apothecaries Co., Ltd v. Wijesooriya - NLR - 5 of 73 [1970] LKSC 13; (1970) 73 NLR 5 (26 January 1970)",dense_br_nlr,0.919985,1.5e-05,0.919985,0.079121,0.000879,12,6887,45,3.75,6.53405,0,0.0,0.0,11,10,True,False,True,False,True,1.536530810011705e-05,0.9199846346919,0.0791210445895525,0.000878955410447454,1970,0.9199846346919,0.8408635901023475
1970/14.html,1970,NLR,Karunaratne v. Jackolis Appuhamy - NLR - 46 of 74 [1970] LKSC 14; (1970) 74 NLR 46 (18 December 1970),dense_br_nlr,0.92,0.0,0.92,0.075556,0.004444,9,4830,55,6.111111,11.387164,1,0.111111,0.207039,11,9,True,False,True,False,True,1.2158462059375098e-09,0.9199999987841538,0.07555606618252449,0.004443933817475475,1970,0.9199999987841538,0.8444439326016293
1970/15.html,1970,NLR,State Bank of India v. Sundaralingam - NLR - 514 of 73 [1970] LKSC 15; (1970) 73 NLR 514 (24 September 1970),dense_br_nlr,0.919362,0.000638,0.919362,0.076669,0.003331,11,7447,31,2.818182,4.16275,1,0.090909,0.134282,10,6,True,False,True,False,True,0.0006382352681930171,0.919361764731807,0.07666944722808026,0.003330552771919697,1970,0.919361764731807,0.8426923175037268
1970/16.html,1970,NLR,"Superintendent, Thuttuduwa Estate v. National Estate Employees' Union - NLR - 521 of 73 [1970] LKSC 16; (1970) 73 NLR 521 (8 June 1970)",dense_br_nlr,0.918289,0.001711,0.918289,0.07308,0.00692,7,2105,18,2.571429,8.551069,1,0.142857,0.475059,6,6,False,False,True,True,False,0.0017105187378460497,0.918289481262154,0.07308003816939575,0.006919961830604208,1970,0.918289481262154,0.8452094430927583
1970/17.html,1970,NLR,The Ceylon Workers' Congress v. The Eastern Produce and Estate Co. Ltd. - NLR - 522 of 78 [1970] LKSC 17; (1970) 78 NLR 522 (3 August 1970),dense_br_nlr,0.919919,8.1e-05,0.919919,0.075556,0.004444,9,4986,30,3.333333,6.016847,1,0.111111,0.200562,9,8,False,False,True,False,True,8.134574486875491e-05,0.9199186542551313,0.07555606618252449,0.004443933817475475,1970,0.9199186542551313,0.8443625880726068
1970/18.html,1970,NLR,The State Bank of India v. S. Sundaralingam - NLR - 514 of 78 [1970] LKSC 18; (1970) 78 NLR 514 (24 September 1970),dense_br_nlr,0.919556,0.000444,0.919556,0.076669,0.003331,11,7452,32,2.909091,4.294149,1,0.090909,0.134192,10,7,True,False,True,False,True,0.0004437593830657161,0.9195562406169343,0.07666944722808026,0.003330552771919697,1970,0.9195562406169343,0.8428867933888541
1970/19.html,1970,NLR,"The Superintendent, Thuttuduwa Estate, Ethkandura v. National Estate Employees' Union - NLR - 521 of 78 [1970] LKSC 19; (1970) 78 NLR 521 (8 June 1970)",dense_br_nlr,0.918289,0.001711,0.918289,0.07308,0.00692,7,2102,18,2.571429,8.563273,1,0.142857,0.475737,8,6,False,False,True,True,False,0.0017105187378460497,0.918289481262154,0.07308003816939575,0.006919961830604208,1970,0.918289481262154,0.8452094430927583
1970/2.html,1970,NLR,Zahir v. Perera - NLR - 424 of 73 [1970] LKSC 2; (1970) 73 NLR 424 (7 April 1970),dense_br_nlr,0.917273,0.002727,0.917273,0.076669,0.003331,11,4817,27,2.454545,5.605148,1,0.090909,0.207598,12,8,True,False,True,False,True,0.002727062628273753,0.9172729373717263,0.07666944722808026,0.003330552771919697,1970,0.9172729373717263,0.8406034901436461
1970/20.html,1970,NLR,"Vijaya Textiles Ltd v. General Secretary, National Employees' Union - NLR - 405 of 73 [1970] LKSC 20; (1970) 73 NLR 405 (31 January 1970)",dense_br_nlr,0.918945,0.001055,0.918945,0.079121,0.000879,13,10837,35,2.692308,3.229676,0,0.0,0.0,10,7,True,False,True,True,False,0.001055478008282025,0.918944521991718,0.0791210445895525,0.000878955410447454,1970,0.918944521991718,0.8398234774021656
1970/21.html,1970,NLR,Fernando v. Umagiliya - NLR - 36 of 74 [1970] LKSC 21; (1970) 74 NLR 36 (2 September 1970),dense_br_nlr,0.919994,6e-06,0.919994,0.076669,0.003331,11,5512,44,4.0,7.982583,1,0.090909,0.181422,13,9,True,False,True,True,True,5.652640634030704e-06,0.919994347359366,0.07666944722808026,0.003330552771919697,1970,0.919994347359366,0.8433249001312858
1970/22.html,1970,NLR,Gunasekera v. Weerakoon - NLR - 262 of 73 [1970] LKSC 22; (1970) 73 NLR 262 (24 April 1970),dense_br_nlr,0.919928,7.2e-05,0.919928,0.079121,0.000879,11,3735,37,3.363636,9.906292,0,0.0,0.0,12,10,True,False,True,True,True,7.206054145826979e-05,0.9199279394585418,0.0791210445895525,0.000878955410447454,1970,0.9199279394585418,0.8408068948689893
1970/23.html,1970,NLR,"Perera v. Kalutara, A.G.A. - NLR - 130 of 74 [1970] LKSC 23; (1970) 74 NLR 130 (26 October 1970)",dense_br_nlr,0.919902,9.8e-05,0.919902,0.079121,0.000879,21,21848,69,3.285714,3.158184,0,0.0,0.0,32,16,True,False,True,False,True,9.84123174334206e-05,0.9199015876825666,0.0791210445895525,0.000878955410447454,1970,0.9199015876825666,0.8407805430930141
1970/24.html,1970,NLR,De Zoysa v. De Silva - NLR - 576 of 73 [1970] LKSC 24; (1970) 73 NLR 576 (2 October 1970),dense_br_nlr,0.918289,0.001711,0.918289,0.07308,0.00692,7,1545,18,2.571429,11.650485,1,0.142857,0.647249,6,8,False,False,True,False,True,0.0017105187378460497,0.918289481262154,0.07308003816939575,0.006919961830604208,1970,0.918289481262154,0.8452094430927583
1970/25.html,1970,NLR,Rajakaruna v. De Silva - NLR - 274 of 73 [1970] LKSC 25; (1970) 73 NLR 274 (1 July 1970),dense_br_nlr,0.91999,1e-05,0.91999,0.079121,0.000879,14,12804,54,3.857143,4.217432,0,0.0,0.0,12,12,True,False,True,False,True,1.0009614378363453e-05,0.9199899903856217,0.0791210445895525,0.000878955410447454,1970,0.9199899903856217,0.8408689457960692
1970/26.html,1970,NLR,Anthonipillai v. Rajasooriar - NLR - 172 of 74 [1970] LKSC 26; (1970) 74 NLR 172 (19 September 1970),dense_br_nlr,0.91868,0.00132,0.91868,0.076669,0.003331,11,3959,29,2.636364,7.325082,1,0.090909,0.252589,9,7,True,False,True,True,True,0.001319802457746282,0.9186801975422537,0.07666944722808026,0.003330552771919697,1970,0.9186801975422537,0.8420107503141735
1970/27.html,1970,NLR,Sundara Banda v. Pathirana - NLR - 100 of 73 [1970] LKSC 27; (1970) 73 NLR 100 (25 February 1970),dense_br_nlr,0.919347,0.000653,0.919347,0.079121,0.000879,16,12471,45,2.8125,3.608371,0,0.0,0.0,17,12,True,False,True,True,True,0.0006528967671724839,0.9193471032328275,0.0791210445895525,0.000878955410447454,1970,0.9193471032328275,0.840226058643275
1970/28.html,1970,NLR,Ansar v. Fathima Mirza - NLR - 86 of 73 [1970] LKSC 28; (1970) 73 NLR 86 (4 March 1970),dense_br_nlr,0.919999,1e-06,0.919999,0.079121,0.000879,18,13080,78,4.333333,5.963303,0,0.0,0.0,22,9,True,True,True,True,True,1.490028622419537e-06,0.9199985099713777,0.0791210445895525,0.000878955410447454,1970,0.9199985099713777,0.8408774653818252
1970/29.html,1970,NLR,Duraiappah v. Martyn - NLR - 481 of 74 [1970] LKSC 29; (1970) 74 NLR 481 (21 November 1970),dense_br_nlr,0.914745,0.005255,0.914745,0.079121,0.000879,69,34043,158,2.289855,4.641189,0,0.0,0.0,20,19,True,False,True,True,True,0.005255236872528926,0.9147447631274711,0.0791210445895525,0.000878955410447454,1970,0.9147447631274711,0.8356237185379186
1970/3.html,1970,NLR,Alwis v. Kulatunge - NLR - 337 of 73 [1970] LKSC 3; (1970) 73 NLR 337 (7 August 1970),dense_br_nlr,0.92,0.0,0.92,0.079121,0.000879,43,50506,236,5.488372,4.672712,0,0.0,0.0,31,6,True,False,True,True,True,1.4678681701241204e-08,0.9199999853213183,0.0791210445895525,0.000878955410447454,1970,0.9199999853213183,0.8408789407317658
1970/30.html,1970,NLR,Samaraweera v. Bandara - NLR - 530 of 73 [1970] LKSC 30; (1970) 73 NLR 530 (9 November 1970),dense_br_nlr,0.919999,1e-06,0.919999,0.07809,0.00191,19,18579,83,4.368421,4.467409,1,0.052632,0.053824,13,13,False,False,True,True,True,1.294913038947243e-06,0.9199987050869611,0.07808955479507407,0.0019104452049258926,1970,0.9199987050869611,0.8419091502918871
1970/31.html,1970,NLR,Thirunavakarasu v. Thurairatnam - NLR - 570 of 73 [1970] LKSC 31; (1970) 73 NLR 570 (28 October 1970),dense_br_nlr,0.919979,2.1e-05,0.919979,0.079121,0.000879,9,6042,33,3.666667,5.461768,0,0.0,0.0,8,6,False,False,False,False,False,2.1443844622899278e-05,0.9199785561553772,0.0791210445895525,0.000878955410447454,1970,0.9199785561553772,0.8408575115658247
1970/4.html,1970,NLR,Yahiya v. Perera - NLR - 305 of 73 [1970] LKSC 4; (1970) 73 NLR 305 (22 July 1970),dense_br_nlr,0.919998,2e-06,0.919998,0.079121,0.000879,12,9974,51,4.25,5.113295,0,0.0,0.0,10,7,True,False,True,True,True,2.0794983541172488e-06,0.919997920501646,0.0791210445895525,0.000878955410447454,1970,0.919997920501646,0.8408768759120935
1970/5.html,1970,NLR,Pemawathie v. Kudalugoda Aratchi - NLR - 398 of 75 [1970] LKSC 5; (1970) 75 NLR 398 (2 September 1970),dense_br_nlr,0.92,0.0,0.92,0.078537,0.001463,29,31791,177,6.103448,5.567613,1,0.034483,0.031455,19,37,True,False,True,False,False,1.2536913107652482e-09,0.9199999987463088,0.07853653209940319,0.0014634679005967736,1970,0.9199999987463088,0.8414634666469056
1970/6.html,1970,NLR,"Ceylon Workers' Congress v. Eastern Produce and Estate Co., Ltd - NLR - 522 of 73 [1970] LKSC 6; (1970) 73 NLR 522 (3 August 1970)",dense_br_nlr,0.919919,8.1e-05,0.919919,0.075556,0.004444,9,4981,30,3.333333,6.022887,1,0.111111,0.200763,7,8,False,False,True,False,True,8.134574486875491e-05,0.9199186542551313,0.07555606618252449,0.004443933817475475,1970,0.9199186542551313,0.8443625880726068
1970/7.html,1970,NLR,Ceylon Workers' Congress v. Superintendent - NLR - 494 of 73 [1970] LKSC 7; (1970) 73 NLR 494 (29 August 1970),dense_br_nlr,0.903453,0.016547,0.903453,0.076669,0.003331,11,6360,22,2.0,3.459119,1,0.090909,0.157233,14,9,True,False,True,False,True,0.016547313165124224,0.9034526868348758,0.07666944722808026,0.003330552771919697,1970,0.9034526868348758,0.8267832396067956
1970/8.html,1970,NLR,Woodend (K. v. Ceylon) Rubber and Tea Co. Ltd v. Commissioner of Inland Revenue - NLR - 241 of 73 [1970] LKSC 8; (1970) 73 NLR 241 (29 April 1970),dense_br_nlr,0.919997,3e-06,0.919997,0.078561,0.001439,30,28229,125,4.166667,4.42807,1,0.033333,0.035425,23,18,True,False,False,True,True,2.9021672762086228e-06,0.9199970978327239,0.07856111026809809,0.001438889731901866,1970,0.9199970978327239,0.8414359875646258
1970/9.html,1970,NLR,Bata Shoe Co. Ltd. v. Sirisena - NLR - 94 of 74 [1970] LKSC 9; (1970) 74 NLR 94 (17 September 1970),dense_br_nlr,0.918178,0.001822,0.918178,0.075556,0.004444,9,3727,23,2.555556,6.171183,1,0.111111,0.268312,15,12,True,False,True,False,False,0.0018224227754862988,0.9181775772245138,0.07555606618252449,0.004443933817475475,1970,0.9181775772245138,0.8426215110419892
1971/1.html,1971,NLR,Sinhalese Film Industrial Corporation Ltd. v. Madanayake - NLR - 289 of 74 [1971] LKSC 1; (1971) 74 NLR 289 (24 May 1971),dense_br_nlr,0.919962,3.8e-05,0.919962,0.078225,0.001775,21,20084,74,3.52381,3.684525,1,0.047619,0.049791,13,7,True,False,True,True,True,3.797194791359981e-05,0.9199620280520865,0.07822487179128658,0.0017751282087133781,1970,0.9199620280520865,0.8417371562607999
1971/10.html,1971,NLR,Ellawela v. Wijesundera - NLR - 265 of 74 [1971] LKSC 10; (1971) 74 NLR 265 (16 June 1971),dense_br_nlr,0.919804,0.000196,0.919804,0.078838,0.001162,53,67144,165,3.113208,2.457405,1,0.018868,0.014893,32,11,True,False,True,True,True,0.00019619001938948611,0.9198038099806105,0.07883768796372688,0.0011623120362730778,1970,0.9198038099806105,0.8409661220168836
1971/11.html,1971,NLR,Kothari v. Fernando - NLR - 463 of 74 [1971] LKSC 11; (1971) 74 NLR 463 (2 September 1971),dense_br_nlr,0.919985,1.5e-05,0.919985,0.079121,0.000879,25,20832,94,3.76,4.512289,0,0.0,0.0,16,17,True,False,True,True,True,1.4762835419892539e-05,0.9199852371645801,0.0791210445895525,0.000878955410447454,1970,0.9199852371645801,0.8408641925750276
1971/12.html,1971,NLR,Dissanayake v. Abeysinghe - NLR - 12 of 75 [1971] LKSC 12; (1971) 75 NLR 12 (21 December 1971),dense_br_nlr,0.919782,0.000218,0.919782,0.079121,0.000879,81,112033,250,3.08642,2.231485,0,0.0,0.0,55,31,True,True,True,True,True,0.00021837451712759305,0.9197816254828725,0.0791210445895525,0.000878955410447454,1970,0.9197816254828725,0.84066058089332
1971/13.html,1971,NLR,"Mack Woods Ltd v. Tea, Rubber, Coconut & General Products Workers Union - NLR - 183 of 74 [1971] LKSC 13; (1971) 74 NLR 183 (14 February 1971)",dense_br_nlr,0.917161,0.002839,0.917161,0.075556,0.004444,9,3153,22,2.444444,6.977482,1,0.111111,0.317158,7,8,True,False,True,True,True,0.002839156097273654,0.9171608439027263,0.07555606618252449,0.004443933817475475,1970,0.9171608439027263,0.8416047777202018
1971/14.html,1971,NLR,Silva v. Abeysekera - NLR - 215 of 76 [1971] LKSC 14; (1971) 76 NLR 215 (20 January 1971),dense_br_nlr,0.919969,3.1e-05,0.919969,0.079121,0.000879,7,2362,25,3.571429,10.584251,0,0.0,0.0,12,6,False,False,False,True,True,3.138653039760353e-05,0.9199686134696025,0.0791210445895525,0.000878955410447454,1970,0.9199686134696025,0.84084756888005
1971/15.html,1971,NLR,Perera v. De Alwis - NLR - 340 of 75 [1971] LKSC 15; (1971) 75 NLR 340 (11 August 1971),dense_br_nlr,0.919948,5.2e-05,0.919948,0.079121,0.000879,9,3471,31,3.444444,8.931144,0,0.0,0.0,12,8,True,False,False,True,True,5.21589742972628e-05,0.9199478410257028,0.0791210445895525,0.000878955410447454,1970,0.9199478410257028,0.8408267964361503
1971/16.html,1971,NLR,Makeen v. Tillekeratne - NLR - 145 of 77 [1971] LKSC 16; (1971) 77 NLR 145 (10 July 1971),dense_br_nlr,0.919362,0.000638,0.919362,0.076669,0.003331,11,5059,31,2.818182,6.127693,1,0.090909,0.197668,9,3,False,False,True,True,True,0.0006382352681930171,0.919361764731807,0.07666944722808026,0.003330552771919697,1970,0.919361764731807,0.8426923175037268
1971/17.html,1971,NLR,"Ceylon Estates Officers Union v. Superintendent, Galahanda Watte Estates - NLR - 182 of 74 [1971] LKSC 17; (1971) 74 NLR 182 (14 March 1971)",dense_br_nlr,0.919454,0.000546,0.919454,0.079121,0.000879,7,1998,20,2.857143,10.01001,0,0.0,0.0,7,5,True,False,False,True,False,0.0005461879188264618,0.9194538120811736,0.0791210445895525,0.000878955410447454,1970,0.9194538120811736,0.8403327674916211
1971/18.html,1971,NLR,Gaffoor v. De Almeida - NLR - 164 of 74 [1971] LKSC 18; (1971) 74 NLR 164 (16 January 1971),dense_br_nlr,0.919347,0.000653,0.919347,0.077793,0.002207,16,12238,45,2.8125,3.677071,1,0.0625,0.081713,10,8,True,False,True,True,True,0.0006528967671724839,0.9193471032328275,0.07779317742185676,0.0022068225781431985,1970,0.9193471032328275,0.8415539258109708
1971/19.html,1971,NLR,Hemas(Estates) Ltd. v. Ceylon Workers' Congress - NLR - 59 of 76 [1971] LKSC 19; (1971) 76 NLR 59 (10 August 1971),dense_br_nlr,0.919873,0.000127,0.919873,0.075556,0.004444,9,2411,29,3.222222,12.028204,1,0.111111,0.414766,8,4,False,False,True,True,True,0.00012686240140611372,0.9198731375985939,0.07555606618252449,0.004443933817475475,1970,0.9198731375985939,0.8443170714160694
1971/2.html,1971,NLR,Junaid v. Goonewardene - NLR - 408 of 75 [1971] LKSC 2; (1971) 75 NLR 408 (4 July 1971),dense_br_nlr,0.919999,1e-06,0.919999,0.065406,0.014594,5,2046,23,4.6,11.241447,1,0.2,0.488759,9,6,False,False,False,True,True,5.127988538689011e-07,0.9199994872011462,0.06540595809549146,0.014594041904508505,1970,0.9199994872011462,0.8545935291056548
1971/20.html,1971,NLR,Hewavitharana v. Lanerolle - NLR - 405 of 77 [1971] LKSC 20; (1971) 77 NLR 405 (27 August 1971),dense_br_nlr,0.919982,1.8e-05,0.919982,0.07308,0.00692,7,3666,26,3.714286,7.092199,1,0.142857,0.272777,7,4,True,False,False,False,False,1.7724815843775944e-05,0.9199822751841563,0.07308003816939575,0.006919961830604208,1970,0.9199822751841563,0.8469022370147605
1971/21.html,1971,NLR,Lewis Brown & Co. Ltd. v. Periyapperuma - NLR - 115 of 76 [1971] LKSC 21; (1971) 76 NLR 115 (2 August 1971),dense_br_nlr,0.919589,0.000411,0.919589,0.079121,0.000879,14,7088,41,2.928571,5.784424,0,0.0,0.0,14,9,True,False,True,False,True,0.0004105093245173519,0.9195894906754827,0.0791210445895525,0.000878955410447454,1970,0.9195894906754827,0.8404684460859302
1971/22.html,1971,NLR,Nanayakkara v. Hettiaratchi - NLR - 185 of 74 [1971] LKSC 22; (1971) 74 NLR 185 (22 February 1971),dense_br_nlr,0.896382,0.023618,0.896382,0.079121,0.000879,11,5110,21,1.909091,4.109589,0,0.0,0.0,7,7,True,False,False,True,True,0.02361785107400536,0.8963821489259947,0.0791210445895525,0.000878955410447454,1970,0.8963821489259947,0.8172611043364422
1971/23.html,1971,NLR,Pitter v. Dahanayake - NLR - 167 of 77 [1971] LKSC 23; (1971) 77 NLR 167 (13 June 1971),dense_br_nlr,0.919999,1e-06,0.919999,0.07308,0.00692,7,3400,31,4.428571,9.117647,1,0.142857,0.294118,9,4,True,False,False,True,True,1.0180039951190878e-06,0.9199989819960049,0.07308003816939575,0.006919961830604208,1970,0.9199989819960049,0.8469189438266091
1971/24.html,1971,NLR,River Valleys Development Board v. Sheriff - NLR - 505 of 74 [1971] LKSC 24; (1971) 74 NLR 505 (24 November 1971),dense_br_nlr,0.919353,0.000647,0.919353,0.07848,0.00152,27,20362,76,2.814815,3.732443,1,0.037037,0.049111,20,13,True,False,True,True,True,0.0006468830804725778,0.9193531169195275,0.07848046444351112,0.0015195355564888433,1970,0.9193531169195275,0.8408726524760164
1971/25.html,1971,NLR,Rumblan v. Ceylon Press Workers' Union - NLR - 575 of 75 [1971] LKSC 25; (1971) 75 NLR 575 (10 June 1971),dense_br_nlr,0.918178,0.001822,0.918178,0.061003,0.018997,9,2542,23,2.555556,9.047994,2,0.222222,0.786782,7,8,True,False,True,False,True,0.0018224227754862988,0.9181775772245138,0.06100340601823567,0.018996593981764287,1970,0.9181775772245138,0.8571741712062781
1971/26.html,1971,NLR,Silva v. Southern Freighters Ltd Ambalangoda - NLR - 239 of 74 [1971] LKSC 26; (1971) 74 NLR 239 (5 May 1971),dense_br_nlr,0.909321,0.010679,0.909321,0.075556,0.004444,9,2279,19,2.111111,8.33699,1,0.111111,0.438789,8,5,True,False,True,False,True,0.01067873582069451,0.9093212641793055,0.07555606618252449,0.004443933817475475,1970,0.9093212641793055,0.833765197996781
1971/27.html,1971,NLR,Superintendent We Oya Group v. Ceylon Estates Staffs Union - NLR - 189 of 74 [1971] LKSC 27; (1971) 74 NLR 189 (13 February 1971),dense_br_nlr,0.873512,0.046488,0.873512,0.077655,0.002345,15,6593,26,1.733333,3.943577,1,0.066667,0.151676,10,12,True,False,True,True,True,0.04648780810823661,0.8735121918917634,0.07765501015865511,0.002344989841344842,1970,0.8735121918917634,0.7958571817331084
1971/28.html,1971,NLR,"Superintendent, St. Therese Estate v. Ceylon Estate Staffs Union - NLR - 114 of 77 [1971] LKSC 28; (1971) 77 NLR 114 (7 March 1971)",dense_br_nlr,0.919976,2.4e-05,0.919976,0.076669,0.003331,11,7138,40,3.636364,5.603811,1,0.090909,0.140095,9,7,True,False,True,False,True,2.4207115929244517e-05,0.9199757928840708,0.07666944722808026,0.003330552771919697,1970,0.9199757928840708,0.8433063456559906
1971/29.html,1971,NLR,The Batticaloa Multi-Purpose Co-Operative Societies Union Ltd v. Velupillai.V - NLR - 60 of 76 [1971] LKSC 29; (1971) 76 NLR 60 (30 August 1971),dense_br_nlr,0.918899,0.001101,0.918899,0.07828,0.00172,22,20564,59,2.681818,2.869092,1,0.045455,0.048629,15,3,True,False,True,False,True,0.0011006540463912985,0.9188993459536088,0.07828034860017294,0.0017196513998270207,1970,0.9188993459536088,0.8406189973534358
1971/3.html,1971,NLR,Wijewardena v. Senanayake - NLR - 97 of 74 [1971] LKSC 3; (1971) 74 NLR 97 (26 February 1971),dense_br_nlr,0.919999,1e-06,0.919999,0.079121,0.000879,15,12884,65,4.333333,5.045017,0,0.0,0.0,15,7,True,False,True,True,True,1.490028622419537e-06,0.9199985099713777,0.0791210445895525,0.000878955410447454,1970,0.9199985099713777,0.8408774653818252
1971/30.html,1971,NLR,"United Plantation Workers Union v. Superintendent, Craig Estate - NLR - 499 of 74 [1971] LKSC 30; (1971) 74 NLR 499 (16 November 1971)",dense_br_nlr,0.911756,0.008244,0.911756,0.077908,0.002092,17,10491,37,2.176471,3.526833,1,0.058824,0.09532,10,13,True,False,True,True,False,0.00824402244655623,0.9117559775534438,0.07790847240238764,0.0020915275976123157,1970,0.9117559775534438,0.8338475051510562
1971/31.html,1971,NLR,"Urban Council, Panadura v. Cooray - NLR - 236 of 75 [1971] LKSC 31; (1971) 75 NLR 236 (3 July 1971)",dense_br_nlr,0.919998,2e-06,0.919998,0.079121,0.000879,11,5429,47,4.272727,8.657211,0,0.0,0.0,7,7,True,False,True,False,True,1.8987938810610673e-06,0.919998101206119,0.0791210445895525,0.000878955410447454,1970,0.919998101206119,0.8408770566165665
1971/32.html,1971,NLR,Weerakoon v. Fernando - NLR - 111 of 76 [1971] LKSC 32; (1971) 76 NLR 111 (13 August 1971),dense_br_nlr,0.919967,3.3e-05,0.919967,0.079121,0.000879,16,12113,57,3.5625,4.705688,0,0.0,0.0,19,10,True,False,True,True,True,3.252775068245839e-05,0.9199674722493176,0.0791210445895525,0.000878955410447454,1970,0.9199674722493176,0.8408464276597651
1971/33.html,1971,NLR,Mirza v. Ansar - NLR - 295 of 75 [1971] LKSC 33; (1971) 75 NLR 295 (10 November 1971),dense_br_nlr,0.92,0.0,0.92,0.07876,0.00124,43,49467,327,7.604651,6.610468,1,0.023256,0.020215,26,27,True,False,True,True,True,3.0926106120432453e-12,0.9199999999969074,0.07875983655850936,0.0012401634414905968,1970,0.9199999999969074,0.841240163438398
1971/34.html,1971,NLR,Public Trustee v. Gunawardane - NLR - 346 of 75 [1971] LKSC 34; (1971) 75 NLR 346 (10 August 1971),dense_br_nlr,0.919997,3e-06,0.919997,0.076669,0.003331,11,7020,46,4.181818,6.552707,1,0.090909,0.14245,13,5,True,False,False,True,False,2.731508388800208e-06,0.9199972684916112,0.07666944722808026,0.003330552771919697,1970,0.9199972684916112,0.843327821263531
1971/35.html,1971,NLR,Anandakumaraswamy v. Thiagarajah - NLR - 170 of 75 [1971] LKSC 35; (1971) 75 NLR 170 (9 September 1971),dense_br_nlr,0.919994,6e-06,0.919994,0.07308,0.00692,7,3622,28,4.0,7.730536,1,0.142857,0.276091,10,5,True,False,False,True,True,5.652640634030704e-06,0.919994347359366,0.07308003816939575,0.006919961830604208,1970,0.919994347359366,0.8469143091899702
1971/36.html,1971,NLR,Wijesundera v. Perera - NLR - 177 of 75 [1971] LKSC 36; (1971) 75 NLR 177 (21 December 1971),dense_br_nlr,0.919996,4e-06,0.919996,0.077014,0.002986,12,6840,49,4.083333,7.163743,1,0.083333,0.146199,9,10,True,False,True,False,True,4.050306456506725e-06,0.9199959496935435,0.07701386338587268,0.0029861366141272767,1970,0.9199959496935435,0.8429820863076708
1971/37.html,1971,NLR,Kaliamma v. Wanarajah Tea Co. Ltd. - NLR - 9 of 75 [1971] LKSC 37; (1971) 75 NLR 9 (12 November 1971),dense_br_nlr,0.919994,6e-06,0.919994,0.079121,0.000879,11,5771,44,4.0,7.624329,0,0.0,0.0,9,9,True,False,True,False,True,5.652640634030704e-06,0.919994347359366,0.0791210445895525,0.000878955410447454,1970,0.919994347359366,0.8408733027698135
1971/38.html,1971,SLR,"Uvais v. Punyawathie - SLR - 46, Vol 2 of 1993 [1971] LKSC 38; (1993) 2 Sri LR 46 (27 September 1971)",structured_slr,0.909892,0.065941,0.014059,0.909892,0.010108,44,16647,27,0.613636,1.621914,0,0.0,0.0,7,22,True,True,True,True,True,0.06594051742473525,0.014059482575264706,0.9098920127798543,0.010107987220145725,1970,0.9098920127798543,0.843951495355119
1971/4.html,1971,NLR,Maliban Biscuit Manufactories Ltd. v. Subramaniam - NLR - 337 of 74 [1971] LKSC 4; (1971) 74 NLR 337 (19 July 1971),dense_br_nlr,0.919999,1e-06,0.919999,0.078225,0.001775,21,20379,92,4.380952,4.514451,1,0.047619,0.04907,14,16,True,False,True,False,True,1.2316067408058018e-06,0.9199987683932592,0.07822487179128658,0.0017751282087133781,1970,0.9199987683932592,0.8417738966019727
1971/5.html,1971,NLR,Wambeck v. De Silva - NLR - 364 of 74 [1971] LKSC 5; (1971) 74 NLR 364 (24 July 1971),dense_br_nlr,0.907272,0.012728,0.907272,0.079121,0.000879,15,6679,31,2.066667,4.641413,0,0.0,0.0,10,8,True,False,True,True,True,0.01272762349671634,0.9072723765032837,0.0791210445895525,0.000878955410447454,1970,0.9072723765032837,0.8281513319137312
1971/6.html,1971,NLR,Fernando v. Ranepura - NLR - 188 of 75 [1971] LKSC 6; (1971) 75 NLR 188 (11 August 1971),dense_br_nlr,0.919999,1e-06,0.919999,0.076669,0.003331,11,7907,50,4.545455,6.323511,1,0.090909,0.12647,10,8,True,False,False,True,True,6.378247344818177e-07,0.9199993621752656,0.07666944722808026,0.003330552771919697,1970,0.9199993621752656,0.8433299149471853
1971/7.html,1971,NLR,Fajrlhuq v. Jayawardena - NLR - 230 of 74 [1971] LKSC 7; (1971) 74 NLR 230 (23 March 1971),dense_br_nlr,0.919375,0.000625,0.919375,0.077908,0.002092,17,16672,48,2.823529,2.879079,1,0.058824,0.059981,15,11,True,False,True,False,True,0.0006247388075294191,0.9193752611924706,0.07790847240238764,0.0020915275976123157,1970,0.9193752611924706,0.841466788790083
1971/8.html,1971,NLR,Ansar v. Mirza - NLR - 279 of 75 [1971] LKSC 8; (1971) 75 NLR 279 (10 November 1971),dense_br_nlr,0.92,0.0,0.92,0.078715,0.001285,39,45065,201,5.153846,4.460224,1,0.025641,0.02219,19,6,True,False,True,True,True,5.5952334956366204e-08,0.919999944047665,0.07871539187233334,0.001284608127666619,1970,0.919999944047665,0.8412845521753317
1971/9.html,1971,NLR,Panawal Korale Multi Purpose Co Operative Societies Union Ltd. v. Herath - NLR - 58 of 75 [1971] LKSC 9; (1971) 75 NLR 58 (20 July 1971),dense_br_nlr,0.919691,0.000309,0.919691,0.075556,0.004444,9,5405,27,3.0,4.995375,1,0.111111,0.185014,11,5,True,False,False,False,True,0.0003085221200290622,0.919691477879971,0.07555606618252449,0.004443933817475475,1970,0.919691477879971,0.8441354116974464
1972/1.html,1972,NLR,Motor Trawler 'Meegamuwa' v. Thilagaratnam - NLR - 448 of 75 [1972] LKSC 1; (1972) 75 NLR 448 (24 July 1972),dense_br_nlr,0.919813,0.000187,0.919813,0.074596,0.005404,8,3695,25,3.125,6.7659,1,0.125,0.270636,10,9,False,False,True,False,False,0.00018715281981078303,0.9198128471801893,0.07459626470882964,0.0054037352911703255,1970,0.9198128471801893,0.8452165824713597
1972/10.html,1972,NLR,United Industrial Local Government and General Workers' Union v. Independent Newspapers Ltd. - NLR - 241 of 75 [1972] LKSC 10; (1972) 75 NLR 241 (24 April 1972),dense_br_nlr,0.919996,4e-06,0.919996,0.077908,0.002092,17,15444,69,4.058824,4.467754,1,0.058824,0.06475,12,12,True,False,True,True,False,4.467496090945211e-06,0.9199955325039091,0.07790847240238764,0.0020915275976123157,1970,0.9199955325039091,0.8420870601015215
1972/11.html,1972,NLR,Senanayake v. De Silva - NLR - 409 of 75 [1972] LKSC 11; (1972) 75 NLR 409 (6 March 1972),dense_br_nlr,0.91999,1e-05,0.91999,0.079121,0.000879,73,104892,281,3.849315,2.678946,0,0.0,0.0,45,22,True,False,True,True,False,1.032799038822585e-05,0.9199896720096118,0.0791210445895525,0.000878955410447454,1970,0.9199896720096118,0.8408686274200593
1972/12.html,1972,NLR,Abdeen v. Ponnusamy - NLR - 141 of 75 [1972] LKSC 12; (1972) 75 NLR 141 (3 January 1972),dense_br_nlr,0.919986,1.4e-05,0.919986,0.077278,0.002722,13,10333,49,3.769231,4.742088,1,0.076923,0.096777,15,14,True,False,True,False,False,1.4227681722549513e-05,0.9199857723182775,0.07727829603884145,0.0027217039611585133,1970,0.9199857723182775,0.842707476279436
1972/13.html,1972,NLR,Akbar v. Air Ceylon Ltd. - NLR - 398 of 76 [1972] LKSC 13; (1972) 76 NLR 398 (21 July 1972),dense_br_nlr,0.918517,0.001483,0.918517,0.07851,0.00149,28,26961,73,2.607143,2.707615,1,0.035714,0.037091,17,7,True,False,True,True,True,0.001483179682479179,0.9185168203175209,0.07850976618999428,0.0014902338100056785,1970,0.9185168203175209,0.8400070541275266
1972/14.html,1972,NLR,Ceylon Workers' Congress v. Anglo Ceylon and General Estates Co. Ltd. - NLR - 325 of 75 [1972] LKSC 14; (1972) 75 NLR 325 (17 February 1972),dense_br_nlr,0.917725,0.002275,0.917725,0.079121,0.000879,8,3608,20,2.5,5.543237,0,0.0,0.0,7,7,False,False,True,False,True,0.0022748133041038845,0.9177251866958962,0.0791210445895525,0.000878955410447454,1970,0.9177251866958962,0.8386041421063437
1972/15.html,1972,NLR,Colombo Apothecaries Co. Ltd. v. Ceylon Press Workers' Union - NLR - 182 of 75 [1972] LKSC 15; (1972) 75 NLR 182 (26 January 1972),dense_br_nlr,0.919972,2.8e-05,0.919972,0.079121,0.000879,20,18077,72,3.6,3.982962,0,0.0,0.0,14,8,True,False,True,False,True,2.799703234858342e-05,0.9199720029676515,0.0791210445895525,0.000878955410447454,1970,0.9199720029676515,0.840850958378099
1972/16.html,1972,NLR,Gunawardena.A.A v. Gunawardena.R.K.D - NLR - 57 of 76 [1972] LKSC 16; (1972) 76 NLR 57 (10 March 1972),dense_br_nlr,0.91999,1e-05,0.91999,0.07308,0.00692,7,4132,27,3.857143,6.534366,1,0.142857,0.242014,9,2,True,False,False,False,True,1.0009614378363453e-05,0.9199899903856217,0.07308003816939575,0.006919961830604208,1970,0.9199899903856217,0.8469099522162259
1972/17.html,1972,NLR,Sirisena v. Silva - NLR - 549 of 75 [1972] LKSC 17; (1972) 75 NLR 549 (21 July 1972),dense_br_nlr,0.919869,0.000131,0.919869,0.07308,0.00692,14,7900,45,3.214286,5.696203,2,0.142857,0.253165,11,10,True,False,True,False,True,0.00013095353925131282,0.9198690464607487,0.07308003816939575,0.006919961830604208,1970,0.9198690464607487,0.846789008291353
1972/18.html,1972,NLR,Ratnasekera v. Dias Abeysinghe - NLR - 572 of 75 [1972] LKSC 18; (1972) 75 NLR 572 (4 September 1972),dense_br_nlr,0.919991,9e-06,0.919991,0.079121,0.000879,9,6154,35,3.888889,5.687358,0,0.0,0.0,7,3,True,False,False,False,True,8.815956925305457e-06,0.9199911840430748,0.0791210445895525,0.000878955410447454,1970,0.9199911840430748,0.8408701394535223
1972/19.html,1972,NLR,Perera v. Perera - NLR - 143 of 77 [1972] LKSC 19; (1972) 77 NLR 143 (19 October 1972),dense_br_nlr,0.909321,0.010679,0.909321,0.061003,0.018997,9,4830,19,2.111111,3.933747,2,0.222222,0.414079,7,3,True,False,True,True,True,0.01067873582069451,0.9093212641793055,0.06100340601823567,0.018996593981764287,1970,0.9093212641793055,0.8483178581610697
1972/2.html,1972,NLR,Simon v. Commissioner of National Housing - NLR - 471 of 75 [1972] LKSC 2; (1972) 75 NLR 471 (19 July 1972),dense_br_nlr,0.919996,4e-06,0.919996,0.077278,0.002722,26,28294,107,4.115385,3.781721,2,0.076923,0.070686,21,16,True,False,True,True,True,3.56293654222295e-06,0.9199964370634578,0.07727829603884145,0.0027217039611585133,1970,0.9199964370634578,0.8427181410246163
1972/20.html,1972,NLR,Rajaluxumi v. Sivananda Iyer - NLR - 572 of 76 [1972] LKSC 20; (1972) 76 NLR 572 (20 March 1972),dense_br_nlr,0.919984,1.6e-05,0.919984,0.077655,0.002345,15,12107,56,3.733333,4.625423,1,0.066667,0.082597,12,12,True,False,True,True,False,1.642458168830352e-05,0.9199835754183118,0.07765501015865511,0.002344989841344842,1970,0.9199835754183118,0.8423285652596566
1972/21.html,1972,SLR,"Seneviratne v. Seneviratne and Another - SLR - 421, Vol 2 of 1982 [1972] LKSC 21; (1982) 2 Sri LR 421 (31 March 1972)",structured_slr,0.909892,0.078437,0.001563,0.909892,0.010108,95,15888,2,0.021053,0.125881,0,0.0,0.0,12,16,True,True,True,True,True,0.07843715216114931,0.0015628478388506478,0.9098920127798543,0.010107987220145725,1970,0.9098920127798543,0.831454860618705
1972/22.html,1972,SLR,"Fonseka v. Candappa - SLR - 11, Vol 2 of 1988 [1972] LKSC 22; (1988) 2 Sri LR 11 (26 July 1972)",structured_slr,0.909892,0.078312,0.001688,0.909892,0.010108,295,72878,12,0.040678,0.164659,0,0.0,0.0,43,6,True,True,True,True,True,0.07831221735436653,0.0016877826456334437,0.9098920127798543,0.010107987220145725,1970,0.9098920127798543,0.8315797954254878
1972/23.html,1972,SLR,"Perera v. Gunawardena - SLR - 214, Vol 1 of 1982 [1972] LKSC 23; (1982) 1 Sri LR 214 (1 May 1972)",structured_slr,0.909892,0.07828,0.00172,0.909892,0.010108,66,7391,3,0.045455,0.405899,0,0.0,0.0,14,12,True,False,True,True,True,0.07828035701358475,0.001719642986415209,0.9098920127798543,0.010107987220145725,1970,0.9098920127798543,0.8316116557662696
1972/3.html,1972,NLR,Saravanai v. Officer In Charge - NLR - 284 of 77 [1972] LKSC 3; (1972) 77 NLR 284 (2 June 1972),dense_br_nlr,0.919691,0.000309,0.919691,0.07308,0.00692,7,2158,21,3.0,9.731233,1,0.142857,0.463392,8,4,False,False,False,False,True,0.0003085221200290622,0.919691477879971,0.07308003816939575,0.006919961830604208,1970,0.919691477879971,0.8466114397105752
1972/4.html,1972,NLR,Perera v. Banneheke - NLR - 273 of 75 [1972] LKSC 4; (1972) 75 NLR 273 (19 January 1972),dense_br_nlr,0.919982,1.8e-05,0.919982,0.07308,0.00692,7,4013,26,3.714286,6.478943,1,0.142857,0.24919,9,9,True,False,False,True,True,1.7724815843775944e-05,0.9199822751841563,0.07308003816939575,0.006919961830604208,1970,0.9199822751841563,0.8469022370147605
1972/5.html,1972,NLR,Suntharalingam v. Attorney General - NLR - 126 of 75 [1972] LKSC 5; (1972) 75 NLR 126 (7 February 1972),dense_br_nlr,0.92,0.0,0.92,0.079121,0.000879,10,5495,47,4.7,8.55323,0,0.0,0.0,11,5,True,False,True,True,True,3.437394144567563e-07,0.9199996562605856,0.0791210445895525,0.000878955410447454,1970,0.9199996562605856,0.8408786116710331
1972/6.html,1972,NLR,Hettiarachchi.A.R v. The Vidyalankara University - NLR - 47 of 76 [1972] LKSC 6; (1972) 76 NLR 47 (24 November 1972),dense_br_nlr,0.919997,3e-06,0.919997,0.07308,0.00692,7,3418,29,4.142857,8.484494,1,0.142857,0.292569,8,2,True,False,True,False,True,3.192158964622216e-06,0.9199968078410354,0.07308003816939575,0.006919961830604208,1970,0.9199968078410354,0.8469167696716396
1972/7.html,1972,NLR,Suntharalingam v. Attorney General - NLR - 318 of 75 [1972] LKSC 7; (1972) 75 NLR 318 (3 March 1972),dense_br_nlr,0.919984,1.6e-05,0.919984,0.077655,0.002345,15,11574,56,3.733333,4.838431,1,0.066667,0.086401,16,7,True,False,True,True,True,1.642458168830352e-05,0.9199835754183118,0.07765501015865511,0.002344989841344842,1970,0.9199835754183118,0.8423285652596566
1972/8.html,1972,NLR,De Silva v. Senanayake - NLR - 265 of 75 [1972] LKSC 8; (1972) 75 NLR 265 (2 May 1972),dense_br_nlr,0.919981,1.9e-05,0.919981,0.077278,0.002722,13,8501,48,3.692308,5.646395,1,0.076923,0.117633,8,6,True,False,True,False,False,1.9353550912488693e-05,0.9199806464490875,0.07727829603884145,0.0027217039611585133,1970,0.9199806464490875,0.842702350410246
1972/9.html,1972,NLR,United Industrial Local Government and General Workers Union v. Independent Newspapers Ltd. - NLR - 529 of 75 [1972] LKSC 9; (1972) 75 NLR 529 (13 November 1972),dense_br_nlr,0.919779,0.000221,0.919779,0.077014,0.002986,12,9767,37,3.083333,3.788267,1,0.083333,0.102386,15,8,True,False,True,False,True,0.00022108707050525478,0.9197789129294948,0.07701386338587268,0.0029861366141272767,1970,0.9197789129294948,0.8427650495436221
1973/1.html,1973,NLR,Wickremasekera v. Ganegoda - NLR - 452 of 76 [1973] LKSC 1; (1973) 76 NLR 452 (15 October 1973),dense_br_nlr,0.913843,0.006157,0.913843,0.077014,0.002986,12,6444,27,2.25,4.189944,1,0.083333,0.155183,7,7,True,False,True,False,True,0.006157422850341954,0.9138425771496581,0.07701386338587268,0.0029861366141272767,1970,0.9138425771496581,0.8368287137637854
1973/10.html,1973,NLR,Swadeshi Industrial Works Ltd. v. De Silva - NLR - 211 of 77 [1973] LKSC 10; (1973) 77 NLR 211 (28 September 1973),dense_br_nlr,0.91995,5e-05,0.91995,0.076669,0.003331,11,5194,38,3.454545,7.316134,1,0.090909,0.19253,8,8,True,False,True,True,True,5.009366224074885e-05,0.9199499063377593,0.07666944722808026,0.003330552771919697,1970,0.9199499063377593,0.8432804591096791
1973/11.html,1973,NLR,Winter v. Ceylon Estate Staffs' Union - NLR - 263 of 76 [1973] LKSC 11; (1973) 76 NLR 263 (21 February 1973),dense_br_nlr,0.919986,1.4e-05,0.919986,0.079121,0.000879,9,2542,34,3.777778,13.375295,0,0.0,0.0,7,5,True,False,False,False,True,1.3749493730155216e-05,0.9199862505062699,0.0791210445895525,0.000878955410447454,1970,0.9199862505062699,0.8408652059167174
1973/12.html,1973,NLR,Wijedeera v. Baby Hamy - NLR - 88 of 79I [1973] LKSC 12; (1973) 79 NLR 88 (26 November 1973),dense_br_nlr,0.911929,0.008071,0.911929,0.079121,0.000879,11,4220,24,2.181818,5.687204,0,0.0,0.0,6,10,True,False,True,False,True,0.008071101969712752,0.9119288980302873,0.0791210445895525,0.000878955410447454,1970,0.9119288980302873,0.8328078534407348
1973/13.html,1973,NLR,Somawathie v. Baksons Textile Industries Ltd. - NLR - 204 of 79I [1973] LKSC 13; (1973) 79 NLR 204 (15 January 1973),dense_br_nlr,0.92,0.0,0.92,0.079121,0.000879,15,11554,76,5.066667,6.577809,0,0.0,0.0,12,8,True,True,True,False,False,7.92982563568856e-08,0.9199999207017436,0.0791210445895525,0.000878955410447454,1970,0.9199999207017436,0.8408788761121911
1973/14.html,1973,NLR,"Udugampola v. Galle, A.G.A. - NLR - 203 of 77 [1973] LKSC 14; (1973) 77 NLR 203 (17 October 1973)",dense_br_nlr,0.919999,1e-06,0.919999,0.077655,0.002345,15,14369,67,4.466667,4.662816,1,0.066667,0.069594,13,9,True,False,True,True,True,8.741179125459909e-07,0.9199991258820875,0.07765501015865511,0.002344989841344842,1970,0.9199991258820875,0.8423441157234324
1973/15.html,1973,NLR,Wijesinghe v. Gunaratnam - NLR - 465 of 76 [1973] LKSC 15; (1973) 76 NLR 465 (25 September 1973),dense_br_nlr,0.810333,0.109667,0.810333,0.079121,0.000879,40,12016,60,1.5,4.993342,0,0.0,0.0,14,6,True,False,True,True,False,0.10966668826034827,0.8103333117396517,0.0791210445895525,0.000878955410447454,1970,0.8103333117396517,0.7006666234793034
1973/16.html,1973,NLR,Alphonso Appuhamy v. Hettiarachchi - NLR - 131 of 77 [1973] LKSC 16; (1973) 77 NLR 131 (26 January 1973),dense_br_nlr,0.92,0.0,0.92,0.07848,0.00152,27,26590,125,4.62963,4.701015,1,0.037037,0.037608,16,4,True,False,True,True,True,4.5548543164741773e-07,0.9199995445145684,0.07848046444351112,0.0015195355564888433,1970,0.9199995445145684,0.8415190800710574
1973/17.html,1973,NLR,Agnes v. The President - NLR - 307 of 77 [1973] LKSC 17; (1973) 77 NLR 307 (10 August 1973),dense_br_nlr,0.914658,0.005342,0.914658,0.078225,0.001775,21,15553,48,2.285714,3.086221,1,0.047619,0.064296,14,7,True,False,True,False,True,0.005342499840923467,0.9146575001590765,0.07822487179128658,0.0017751282087133781,1970,0.9146575001590765,0.83643262836779
1973/18.html,1973,SLR,"Attorney General v. Seneviratne - SLR - 302, Vol 1 of 1982 [1973] LKSC 18; (1982) 1 Sri LR 302 (23 July 1973)",structured_slr,0.908185,0.078546,0.001454,0.908185,0.011815,380,70073,1,0.002632,0.014271,4,0.010526,0.057083,17,50,True,False,True,True,True,0.07854615122754564,0.001453848772454314,0.90818537098292,0.011814629017080039,1970,0.90818537098292,0.8296392197553744
1973/19.html,1973,SLR,"State Graphite Corporation v. K.S.P.D. Fernando and Another - SLR - 684, Vol 2 of 1982 [1973] LKSC 19; (1982) 2 Sri LR 684 (8 October 1973)",structured_slr,0.909892,0.078389,0.001611,0.909892,0.010108,139,21582,4,0.028777,0.18534,0,0.0,0.0,14,17,True,True,True,True,True,0.07838910022405216,0.0016108997759478095,0.9098920127798543,0.010107987220145725,1970,0.9098920127798543,0.8315029125558022
1973/2.html,1973,NLR,Subaneris v. Ceylon State Mortgage Bank - NLR - 228 of 76 [1973] LKSC 2; (1973) 76 NLR 228 (24 May 1973),dense_br_nlr,0.919962,3.8e-05,0.919962,0.079121,0.000879,21,17305,74,3.52381,4.276221,0,0.0,0.0,18,7,True,False,True,True,True,3.797194791359981e-05,0.9199620280520865,0.0791210445895525,0.000878955410447454,1970,0.9199620280520865,0.840840983462534
1973/3.html,1973,NLR,Siriwardena v. Fernando - NLR - 469 of 77 [1973] LKSC 3; (1973) 77 NLR 469 (6 April 1973),dense_br_nlr,0.919972,2.8e-05,0.919972,0.079121,0.000879,35,29002,126,3.6,4.344528,0,0.0,0.0,24,6,True,False,True,True,False,2.799703234858342e-05,0.9199720029676515,0.0791210445895525,0.000878955410447454,1970,0.9199720029676515,0.840850958378099
1973/4.html,1973,NLR,Lordon v. Directory of Machinery and Equipment - NLR - 454 of 76 [1973] LKSC 4; (1973) 76 NLR 454 (10 July 1973),dense_br_nlr,0.919314,0.000686,0.919314,0.076206,0.003794,10,4029,28,2.8,6.949615,1,0.1,0.248201,9,5,True,False,False,True,True,0.000686346527129742,0.9193136534728703,0.07620593014579462,0.003794069854205342,1970,0.9193136534728703,0.8431077233270757
1973/5.html,1973,NLR,In Re Thirugnanasothy - NLR - 236 of 77 [1973] LKSC 5; (1973) 77 NLR 236 (8 June 1973),dense_br_nlr,0.918009,0.001991,0.918009,0.077655,0.002345,15,10897,38,2.533333,3.487198,1,0.066667,0.091768,14,6,True,False,True,True,False,0.00199147322518642,0.9180085267748136,0.07765501015865511,0.002344989841344842,1970,0.9180085267748136,0.8403535166161584
1973/6.html,1973,NLR,Carson Cumberbatch & Co. Ltd. v. Nandasena - NLR - 73 of 77 [1973] LKSC 6; (1973) 77 NLR 73 (31 December 1973),dense_br_nlr,0.919964,3.6e-05,0.919964,0.079121,0.000879,56,28533,198,3.535714,6.939333,0,0.0,0.0,21,6,True,False,True,False,True,3.620631653622919e-05,0.9199637936834638,0.0791210445895525,0.000878955410447454,1970,0.9199637936834638,0.8408427490939113
1973/7.html,1973,NLR,Aislaby Estate Ltd. v. Weerasekera - NLR - 241 of 77 [1973] LKSC 7; (1973) 77 NLR 241 (31 August 1973),dense_br_nlr,0.919996,4e-06,0.919996,0.078674,0.001326,36,39162,148,4.111111,3.779174,1,0.027778,0.025535,23,6,True,False,True,True,True,3.6243719187023516e-06,0.9199963756280813,0.07867424012646328,0.0013257598735366847,1970,0.9199963756280813,0.841322135501618
1973/8.html,1973,NLR,Ceylon Malayan Rubber Goods Ltd. v. Dahanayake - NLR - 460 of 76 [1973] LKSC 8; (1973) 76 NLR 460 (3 August 1973),dense_br_nlr,0.919976,2.4e-05,0.919976,0.077487,0.002513,14,10882,51,3.642857,4.686638,1,0.071429,0.091895,15,5,True,False,True,True,False,2.358651879166729e-05,0.9199764134812084,0.07748683466899436,0.0025131653310056005,1970,0.9199764134812084,0.842489578812214
1973/9.html,1973,NLR,Dharmadasa v. Perera - NLR - 285 of 77 [1973] LKSC 9; (1973) 77 NLR 285 (15 January 1973),dense_br_nlr,0.883968,0.036032,0.883968,0.077655,0.002345,15,8708,27,1.8,3.100597,1,0.066667,0.114837,10,7,True,False,True,False,False,0.03603246497302319,0.8839675350269769,0.07765501015865511,0.002344989841344842,1970,0.8839675350269769,0.8063125248683218
1974/1.html,1974,NLR,Peiris v. Ellepola - NLR - 267 of 77 [1974] LKSC 1; (1974) 77 NLR 267 (28 June 1974),dense_br_nlr,0.919907,9.3e-05,0.919907,0.076206,0.003794,10,6862,33,3.3,4.809094,1,0.1,0.14573,9,5,False,False,True,True,True,9.294685839513317e-05,0.9199070531416049,0.07620593014579462,0.003794069854205342,1970,0.9199070531416049,0.8437011229958103
1974/2.html,1974,NLR,De Silva v. Director of Public Prosecutions - NLR - 190 of 78 [1974] LKSC 2; (1974) 78 NLR 190 (31 May 1974),dense_br_nlr,0.919979,2.1e-05,0.919979,0.079121,0.000879,9,3012,33,3.666667,10.956175,0,0.0,0.0,11,10,True,False,False,True,True,2.1443844622899278e-05,0.9199785561553772,0.0791210445895525,0.000878955410447454,1970,0.9199785561553772,0.8408575115658247
1974/3.html,1974,NLR,In Re Hirdaramani and Others - NLR - 409 of 77 [1974] LKSC 3; (1974) 77 NLR 409 (28 January 1974),dense_br_nlr,0.919996,4e-06,0.919996,0.079016,0.000984,131,148118,535,4.083969,3.611985,1,0.007634,0.006751,77,11,True,True,False,True,False,4.0400156174813515e-06,0.9199959599843825,0.07901571835744436,0.000984281642555599,1970,0.9199959599843825,0.8409802416269382
1974/4.html,1974,NLR,Captian v. Commissioner of Inland Revenue - NLR - 350 of 77 [1974] LKSC 4; (1974) 77 NLR 350 (23 May 1974),dense_br_nlr,0.919962,3.8e-05,0.919962,0.07809,0.00191,19,17473,67,3.526316,3.834487,1,0.052632,0.057231,15,7,True,False,True,True,True,3.759323394674219e-05,0.9199624067660533,0.07808955479507407,0.0019104452049258926,1970,0.9199624067660533,0.8418728519709793
1974/5.html,1974,NLR,Subair v. Isthikar - NLR - 397 of 77 [1974] LKSC 5; (1974) 77 NLR 397 (3 July 1974),dense_br_nlr,0.91925,0.00075,0.91925,0.078006,0.001994,18,13853,50,2.777778,3.609326,1,0.055556,0.072187,13,4,True,False,True,True,True,0.0007500960722439088,0.9192499039277562,0.07800603290648334,0.0019939670935166295,1970,0.9192499039277562,0.8412438710212728
1974/6.html,1974,NLR,"De Silva v. Nuwara Eliya Tea Estates Co., Ltd. - NLR - 265 of 77 [1974] LKSC 6; (1974) 77 NLR 265 (15 May 1974)",dense_br_nlr,0.919994,6e-06,0.919994,0.075556,0.004444,9,4531,36,4.0,7.945266,1,0.111111,0.220702,9,4,False,False,False,True,True,5.652640634030704e-06,0.919994347359366,0.07555606618252449,0.004443933817475475,1970,0.919994347359366,0.8444382811768415
1974/7.html,1974,NLR,Rasammah v. Manamperi - NLR - 313 of 77 [1974] LKSC 7; (1974) 77 NLR 313 (11 May 1974),dense_br_nlr,0.919935,6.5e-05,0.919935,0.079121,0.000879,49,48587,166,3.387755,3.416552,0,0.0,0.0,28,4,True,False,True,False,True,6.543372660634983e-05,0.9199345662733937,0.0791210445895525,0.000878955410447454,1970,0.9199345662733937,0.8408135216838412
1974/8.html,1974,NLR,Thevakadacham v. Pusvella(I.P.Traffic) - NLR - 310 of 78 [1974] LKSC 8; (1974) 78 NLR 310 (20 August 1974),dense_br_nlr,0.919994,6e-06,0.919994,0.079121,0.000879,9,5452,36,4.0,6.603081,0,0.0,0.0,13,5,True,False,False,True,False,5.652640634030704e-06,0.919994347359366,0.0791210445895525,0.000878955410447454,1970,0.919994347359366,0.8408733027698135
1975/1.html,1975,NLR,Benedict Fernando v. The Director of Public Prosecutions - NLR - 539 of 77 [1975] LKSC 1; (1975) 77 NLR 539 (21 March 1975),dense_br_nlr,0.919969,3.1e-05,0.919969,0.079121,0.000879,7,2552,25,3.571429,9.796238,0,0.0,0.0,11,8,True,False,False,True,False,3.138653039760353e-05,0.9199686134696025,0.0791210445895525,0.000878955410447454,1970,0.9199686134696025,0.84084756888005
1975/10.html,1975,NLR,Pieris v. Attorney General - NLR - 26 of 78 [1975] LKSC 10; (1975) 78 NLR 26 (21 May 1975),dense_br_nlr,0.919491,0.000509,0.919491,0.079121,0.000879,8,3256,23,2.875,7.063882,0,0.0,0.0,6,6,True,False,False,True,False,0.0005085563459697129,0.9194914436540303,0.0791210445895525,0.000878955410447454,1970,0.9194914436540303,0.8403703990644779
1975/11.html,1975,NLR,Ceylon Transport Board v. Wijeratne - NLR - 481 of 77 [1975] LKSC 11; (1975) 77 NLR 481 (12 February 1975),dense_br_nlr,0.919926,7.4e-05,0.919926,0.079121,0.000879,45,51902,151,3.355556,2.909329,0,0.0,0.0,36,5,True,False,True,True,False,7.442739202158322e-05,0.9199255726079785,0.0791210445895525,0.000878955410447454,1970,0.9199255726079785,0.840804528018426
1975/12.html,1975,NLR,"Estates and Agency Co, Ltd. v. Perera - NLR - 289 of 78 [1975] LKSC 12; (1975) 78 NLR 289 (30 May 1975)",dense_br_nlr,0.92,0.0,0.92,0.07809,0.00191,19,20732,91,4.789474,4.38935,1,0.052632,0.048235,19,6,True,False,True,True,True,2.403239888648656e-07,0.9199997596760112,0.07808955479507407,0.0019104452049258926,1970,0.9199997596760112,0.8419102048809372
1975/13.html,1975,NLR,Ceylon Electricity Board v. De Abrew - NLR - 97 of 78 [1975] LKSC 13; (1975) 78 NLR 97 (8 May 1975),dense_br_nlr,0.92,0.0,0.92,0.078537,0.001463,29,28094,134,4.62069,4.769702,1,0.034483,0.035595,20,10,True,False,True,True,True,4.720683171921536e-07,0.9199995279316828,0.07853653209940319,0.0014634679005967736,1970,0.9199995279316828,0.8414629958322797
1975/14.html,1975,NLR,Nagalingam v. De Mel - NLR - 231 of 78 [1975] LKSC 14; (1975) 78 NLR 231 (10 December 1975),dense_br_nlr,0.919994,6e-06,0.919994,0.079121,0.000879,23,19825,92,4.0,4.640605,0,0.0,0.0,20,16,True,False,True,True,True,5.652640634030704e-06,0.919994347359366,0.0791210445895525,0.000878955410447454,1970,0.919994347359366,0.8408733027698135
1975/15.html,1975,NLR,Ratnayake v. Jayasinghe - NLR - 35 of 78 [1975] LKSC 15; (1975) 78 NLR 35 (18 July 1975),dense_br_nlr,0.919819,0.000181,0.919819,0.079121,0.000879,15,13635,47,3.133333,3.447011,0,0.0,0.0,13,9,True,False,False,True,True,0.00018101866911742094,0.9198189813308826,0.0791210445895525,0.000878955410447454,1970,0.9198189813308826,0.8406979367413301
1975/2.html,1975,NLR,Peter Singho v. Republic of Sri Lanka - NLR - 33 of 78 [1975] LKSC 2; (1975) 78 NLR 33 (9 June 1975),dense_br_nlr,0.917725,0.002275,0.917725,0.079121,0.000879,10,4009,25,2.5,6.235969,0,0.0,0.0,10,7,True,False,False,True,False,0.0022748133041038845,0.9177251866958962,0.0791210445895525,0.000878955410447454,1970,0.9177251866958962,0.8386041421063437
1975/3.html,1975,NLR,Appuhamy v. The Republic of Sri Lanka - NLR - 25 of 78 [1975] LKSC 3; (1975) 78 NLR 25 (19 May 1975),dense_br_nlr,0.919997,3e-06,0.919997,0.079121,0.000879,7,3031,29,4.142857,9.567799,0,0.0,0.0,6,8,True,False,False,True,True,3.192158964622216e-06,0.9199968078410354,0.0791210445895525,0.000878955410447454,1970,0.9199968078410354,0.8408757632514829
1975/4.html,1975,NLR,Karunasena v. Republic of Sri Lanka - NLR - 63 of 78 [1975] LKSC 4; (1975) 78 NLR 63 (12 June 1975),dense_br_nlr,0.919429,0.000571,0.919429,0.077278,0.002722,13,7527,37,2.846154,4.915637,1,0.076923,0.132855,12,8,True,False,True,True,True,0.0005707163993443266,0.9194292836006557,0.07727829603884145,0.0027217039611585133,1970,0.9194292836006557,0.8421509875618143
1975/5.html,1975,NLR,S.Rajaratnam v. The Republic of Sri Lanka - NLR - 73 of 79I [1975] LKSC 5; (1975) 79 NLR 73 (29 October 1975),dense_br_nlr,0.92,0.0,0.92,0.079121,0.000879,20,11969,96,4.8,8.02072,0,0.0,0.0,14,10,True,True,False,True,False,2.3041544852109297e-07,0.9199997695845515,0.0791210445895525,0.000878955410447454,1970,0.9199997695845515,0.840878724994999
1975/6.html,1975,NLR,Somapala v. Republic of Sri Lanka - NLR - 183 of 78 [1975] LKSC 6; (1975) 78 NLR 183 (23 September 1975),dense_br_nlr,0.919992,8e-06,0.919992,0.079121,0.000879,21,14612,82,3.904762,5.611826,0,0.0,0.0,21,7,True,False,True,True,True,8.273618477092626e-06,0.9199917263815229,0.0791210445895525,0.000878955410447454,1970,0.9199917263815229,0.8408706817919704
1975/7.html,1975,NLR,Wjeratne v. Republic of Sri Lanka - NLR - 49 of 78 [1975] LKSC 7; (1975) 78 NLR 49 (11 June 1975),dense_br_nlr,0.915105,0.004895,0.915105,0.077278,0.002722,13,5270,30,2.307692,5.6926,1,0.076923,0.189753,9,6,False,False,True,True,True,0.004895275282894298,0.9151047247171057,0.07727829603884145,0.0027217039611585133,1970,0.9151047247171057,0.8378264286782642
1975/8.html,1975,NLR,"Udalagama, .C V J v. Walpita, S.W., J. - NLR - 67 of 78 [1975] LKSC 8; (1975) 78 NLR 67 (19 August 1975)",dense_br_nlr,0.919999,1e-06,0.919999,0.079121,0.000879,35,31892,157,4.485714,4.922865,0,0.0,0.0,21,3,True,False,False,False,False,8.099944108952428e-07,0.9199991900055892,0.0791210445895525,0.000878955410447454,1970,0.9199991900055892,0.8408781454160367
1975/9.html,1975,NLR,Pemawathie v. Dharmapala - NLR - 82 of 79I [1975] LKSC 9; (1975) 79 NLR 82 (29 October 1975),dense_br_nlr,0.919907,9.3e-05,0.919907,0.079121,0.000879,10,4931,33,3.3,6.692354,0,0.0,0.0,8,8,True,True,False,True,True,9.294685839513317e-05,0.9199070531416049,0.0791210445895525,0.000878955410447454,1970,0.9199070531416049,0.8407860085520524
1976/1.html,1976,NLR,Gunatunga v. The Attorney General - NLR - 198 of 78 [1976] LKSC 1; (1976) 78 NLR 198 (25 March 1976),dense_br_nlr,0.919984,1.6e-05,0.919984,0.07809,0.00191,19,20271,71,3.736842,3.502541,1,0.052632,0.049332,21,6,True,False,False,True,True,1.619566064422262e-05,0.9199838043393558,0.07808955479507407,0.0019104452049258926,1970,0.9199838043393558,0.8418942495442817
1976/10.html,1976,NLR,Alpenis Singho v. Fernando - NLR - 276 of 79I [1976] LKSC 10; (1976) 79 NLR 276 (22 June 1976),dense_br_nlr,0.918227,0.001773,0.918227,0.079121,0.000879,16,10246,41,2.5625,4.001562,0,0.0,0.0,11,8,True,False,True,True,True,0.0017725958902612905,0.9182274041097388,0.0791210445895525,0.000878955410447454,1970,0.9182274041097388,0.8391063595201863
1976/11.html,1976,SLR,"Attorney General v. Gunawardena - SLR - 149, Vol 2 of 1996 [1976] LKSC 11; (1996) 2 Sri LR 149 (6 July 1976)",structured_slr,0.909892,0.077958,0.002042,0.909892,0.010108,123,37718,11,0.089431,0.291638,0,0.0,0.0,41,46,True,True,True,False,False,0.07795807063870891,0.0020419293612910496,0.9098920127798543,0.010107987220145725,1970,0.9098920127798543,0.8319339421411454
1976/12.html,1976,SLR,"Premawathi v. Gnanawathi - SLR - 171, Vol 2 of 1994 [1976] LKSC 12; (1994) 2 Sri LR 171 (4 February 1976)",structured_slr,0.909892,0.078439,0.001561,0.909892,0.010108,96,9846,2,0.020833,0.203128,0,0.0,0.0,15,9,False,True,True,True,True,0.0784385000298429,0.0015614999701570578,0.9098920127798543,0.010107987220145725,1970,0.9098920127798543,0.8314535127500114
1976/13.html,1976,SLR,"Shaw Wallace and Hedges Ltd. v. Palmerston Tea Co. Ltd. and Others - SLR - 427, Vol 2 of 1982 [1976] LKSC 13; (1982) 2 Sri LR 427 (5 July 1976)",structured_slr,0.909892,0.078561,0.001439,0.909892,0.010108,114,11992,0,0.0,0.0,0,0.0,0.0,18,12,True,True,True,True,True,0.07856110320303264,0.001438896796967324,0.9098920127798543,0.010107987220145725,1970,0.9098920127798543,0.8313309095768217
1976/14.html,1976,SLR,"British Ceylon Corporation v. Weerasekara, C.J. & Others - SLR - 180, Vol 1 of 1982 [1976] LKSC 14; (1982) 1 Sri LR 180 (23 November 1976)",structured_slr,0.909892,0.07836,0.00164,0.909892,0.010108,90,14825,3,0.033333,0.202361,0,0.0,0.0,23,15,True,False,True,True,False,0.07836008135917877,0.0016399186408211977,0.9098920127798543,0.010107987220145725,1970,0.9098920127798543,0.8315319314206755
1976/2.html,1976,NLR,Lionel v. Republic of Srilanka - NLR - 553 of 79I [1976] LKSC 2; (1976) 79 NLR 553 (20 December 1976),dense_br_nlr,0.92,0.0,0.92,0.079121,0.000879,55,52120,280,5.090909,5.372218,0,0.0,0.0,35,19,True,True,True,True,False,7.196991256730457e-08,0.9199999280300875,0.0791210445895525,0.000878955410447454,1970,0.9199999280300875,0.840878883440535
1976/3.html,1976,NLR,In Le Vincent and Benjamin - NLR - 433 of 78 [1976] LKSC 3; (1976) 78 NLR 433 (26 June 1976),dense_br_nlr,0.919946,5.4e-05,0.919946,0.079121,0.000879,16,13466,55,3.4375,4.084361,0,0.0,0.0,12,8,True,False,False,False,False,5.362796440825601e-05,0.9199463720355918,0.0791210445895525,0.000878955410447454,1970,0.9199463720355918,0.8408253274460393
1976/4.html,1976,NLR,Nadaraja Ltd. v. Krishnandasan - NLR - 255 of 78 [1976] LKSC 4; (1976) 78 NLR 255 (13 June 1976),dense_br_nlr,0.919314,0.000686,0.919314,0.078413,0.001587,25,23850,70,2.8,2.93501,1,0.04,0.041929,19,9,True,False,True,True,True,0.000686346527129742,0.9193136534728703,0.07841277554127377,0.0015872244587261995,1970,0.9193136534728703,0.8409008779315965
1976/5.html,1976,NLR,Ceylon Bank Employees Union v. Bank of Ceylon - NLR - 133 of 79I [1976] LKSC 5; (1976) 79 NLR 133 (24 June 1976),dense_br_nlr,0.919996,4e-06,0.919996,0.079121,0.000879,22,18889,90,4.090909,4.764678,0,0.0,0.0,33,10,True,True,True,True,True,3.929407605207658e-06,0.9199960705923949,0.0791210445895525,0.000878955410447454,1970,0.9199960705923949,0.8408750260028424
1976/6.html,1976,NLR,Weerasinghe v. Ceylon Transport Board - NLR - 141 of 79I [1976] LKSC 6; (1976) 79 NLR 141 (10 September 1976),dense_br_nlr,0.919958,4.2e-05,0.919958,0.079121,0.000879,16,9635,56,3.5,5.812143,0,0.0,0.0,11,10,True,True,True,True,True,4.1766039206199146e-05,0.9199582339607938,0.0791210445895525,0.000878955410447454,1970,0.9199582339607938,0.8408371893712413
1976/7.html,1976,NLR,Zarook v. Sachitanandam - NLR - 237 of 79I [1976] LKSC 7; (1976) 79 NLR 237 (17 June 1976),dense_br_nlr,0.919999,1e-06,0.919999,0.077278,0.002722,13,9368,59,4.538462,6.298036,1,0.076923,0.106746,9,8,True,False,True,True,True,6.559178255027831e-07,0.9199993440821745,0.07727829603884145,0.0027217039611585133,1970,0.9199993440821745,0.8427210480433331
1976/8.html,1976,NLR,Moosajees v. Eksath Engineru Kamkaru Samithiya - NLR - 285 of 79I [1976] LKSC 8; (1976) 79 NLR 285 (30 April 1976),dense_br_nlr,0.919999,1e-06,0.919999,0.079121,0.000879,11,7499,50,4.545455,6.667556,0,0.0,0.0,10,9,False,True,False,True,True,6.378247344818177e-07,0.9199993621752656,0.0791210445895525,0.000878955410447454,1970,0.9199993621752656,0.8408783175857131
1976/9.html,1976,NLR,"Kahatagaha Mines Ltd. v. Fernando, Chief Valuer - NLR - 273 of 78 [1976] LKSC 9; (1976) 78 NLR 273 (24 June 1976)",dense_br_nlr,0.91999,1e-05,0.91999,0.078225,0.001775,21,16262,81,3.857143,4.980937,1,0.047619,0.061493,16,10,True,False,True,True,True,1.0009614378363453e-05,0.9199899903856217,0.07822487179128658,0.0017751282087133781,1970,0.9199899903856217,0.8417651185943351
1977/1.html,1977,NLR,Ummul Marzoona v. Samad - NLR - 209 of 79I [1977] LKSC 1; (1977) 79 NLR 209 (24 October 1977),dense_br_nlr,0.919997,3e-06,0.919997,0.079121,0.000879,20,16470,83,4.15,5.039466,0,0.0,0.0,14,9,True,True,True,True,True,3.1022435545935426e-06,0.9199968977564454,0.0791210445895525,0.000878955410447454,1970,0.9199968977564454,0.840875853166893
1977/2.html,1977,SLR,"Asokan v. Palanivelu - SLR - 464, Vol 1 of 1981 [1977] LKSC 2; (1981) 1 Sri LR 464 (1 September 1977)",structured_slr,0.909892,1e-06,0.079999,0.909892,0.010108,28,29104,106,3.785714,3.642111,0,0.0,0.0,21,8,True,True,True,True,True,1.1582513784347265e-06,0.07999884174862153,0.9098920127798543,0.010107987220145725,1970,0.9098920127798543,0.8298931710312328
1978/1.html,1978,NLR,A. A. Latiff and Another v. L. E. J. Fernando and Two Others - NLR - 89 of 79II [1978] LKSC 1; (1978) 79 NLR 89 (20 July 1978),dense_br_nlr,0.917914,0.002086,0.917914,0.079121,0.000879,23,17672,58,2.521739,3.282028,0,0.0,0.0,24,8,True,True,True,True,False,0.002085790525935041,0.917914209474065,0.0791210445895525,0.000878955410447454,1970,0.917914209474065,0.8387931648845125
1978/2.html,1978,NLR,Mrs.Alice Jayawardena v. Commissioner of National Housing - NLR - 250 of 80 [1978] LKSC 2; (1978) 80 NLR 250 (25 July 1978),paragraph_nlr,0.82062,0.82062,0.09938,0.078674,0.001326,36,13668,17,0.472222,1.243781,1,0.027778,0.073164,15,8,True,False,True,True,True,0.8206202423592904,0.09937975764070968,0.07867424012646328,0.0013257598735366847,1970,0.8206202423592904,0.7212404847185807
1978/3.html,1978,NLR,Jamis Appuhamy.M.D v. Shanmugam.T.P - NLR - 298 of 80 [1978] LKSC 3; (1978) 80 NLR 298 (8 March 1978),dense_br_nlr,0.919996,4e-06,0.919996,0.079121,0.000879,22,17832,90,4.090909,5.047106,0,0.0,0.0,23,5,True,False,True,True,True,3.929407605207658e-06,0.9199960705923949,0.0791210445895525,0.000878955410447454,1970,0.9199960705923949,0.8408750260028424
1978/4.html,1978,NLR,De Silva.I v. Commissioner General of Inland Revenue - NLR - 292 of 80 [1978] LKSC 4; (1978) 80 NLR 292 (25 January 1978),dense_br_nlr,0.915863,0.004137,0.915863,0.079121,0.000879,20,17059,47,2.35,2.755144,0,0.0,0.0,16,6,True,False,True,True,False,0.004136571308065853,0.9158634286919342,0.0791210445895525,0.000878955410447454,1970,0.9158634286919342,0.8367423841023817
1978/5.html,1978,NLR,"Marie Indira Fernandopulle and Another v. E.L.Senanayake,Minister of Lands and Agriculture - NLR - 115 of 79II [1978] LKSC 5; (1978) 79 NLR 115 (25 August 1978)",dense_br_nlr,0.919958,4.2e-05,0.919958,0.077793,0.002207,16,13561,56,3.5,4.129489,1,0.0625,0.073741,16,9,True,True,True,True,True,4.1766039206199146e-05,0.9199582339607938,0.07779317742185676,0.0022068225781431985,1970,0.9199582339607938,0.842165056538937
1978/6.html,1978,SLR,"Siddeek v. Jacolyn Seneviratne and Three Others - SLR - 83, Vol 1 of 1984 [1978] LKSC 6; (1984) 1 Sri LR 83 (26 June 1978)",structured_slr,0.909892,0.078412,0.001588,0.909892,0.010108,159,34708,4,0.025157,0.115247,0,0.0,0.0,17,25,True,True,True,True,True,0.07841179824601155,0.0015882017539884186,0.9098920127798543,0.010107987220145725,1970,0.9098920127798543,0.8314802145338428
1978/7.html,1978,SLR,"In The Matter Of An Application By Rev Sumana Thero To Be Admitted And Enrolled As An Attorney-At-Law - SLR - 365, Vol 3 of 2005 [1978] LKSC 7; (2005) 3 Sri LR 365 (12 July 1978)",late_slr_font,0.91997,0.00964,0.07036,3e-05,0.91997,163,95769,244,1.496933,2.547797,161,0.98773,1.681129,61,3,True,True,False,True,True,0.009639761007596186,0.07036023899240378,3.0451822624519844e-05,0.9199695481773755,1970,0.9199695481773755,0.8496093091849718
1979/1.html,1979,SLR,"D.M.S. Fernando and Another v. Mohideen Ismail - SLR - 222, Vol 1 of 1982 [1979] LKSC 1; (1982) 1 Sri LR 222 (26 April 1979)",structured_slr,0.909892,0.075333,0.004667,0.909892,0.010108,279,78654,85,0.304659,1.080682,0,0.0,0.0,43,47,True,False,True,True,True,0.07533283379326206,0.00466716620673791,0.9098920127798543,0.010107987220145725,1970,0.9098920127798543,0.8345591789865923
1979/2.html,1979,SLR,"Candappa Nee Bastian v. Ponnambalampillai - SLR - 184, Vol 1 of 1993 [1979] LKSC 2; (1993) 1 Sri LR 184 (19 March 1979)",structured_slr,0.909892,0.073818,0.006182,0.909892,0.010108,50,14303,19,0.38,1.328393,0,0.0,0.0,10,15,True,True,True,True,True,0.07381822382906718,0.006181776170932788,0.9098920127798543,0.010107987220145725,1970,0.9098920127798543,0.8360737889507871
1979/3.html,1979,SLR,"Trinita Perera v. Jayaratne and Others - SLR - 372, Vol 1 of 1998 [1979] LKSC 3; (1998) 1 Sri LR 372 (31 January 1979)",structured_slr,0.909892,1e-06,0.079999,0.909892,0.010108,18,12932,67,3.722222,5.180946,0,0.0,0.0,13,8,True,True,True,True,True,1.4931309878019043e-06,0.07999850686901216,0.9098920127798543,0.010107987220145725,1970,0.9098920127798543,0.8298935059108421
1979/4.html,1979,SLR,"Ariyadasa, A.G. and Others v. Perera, A.L.B.K. and Others - SLR - 342, Vol 1 of 1982 [1979] LKSC 4; (1982) 1 Sri LR 342 (8 November 1979)",structured_slr,0.909892,0.078506,0.001494,0.909892,0.010108,104,15625,1,0.009615,0.064,0,0.0,0.0,15,11,True,False,True,True,True,0.07850573905843611,0.0014942609415638517,0.9098920127798543,0.010107987220145725,1970,0.9098920127798543,0.8313862737214182
1979/5.html,1979,SLR,"Rodrigo and Others v. St. Anthony'S Hardware Stores Ltd. - SLR - 7, Vol 1 of 1995 [1979] LKSC 5; (1995) 1 Sri LR 7 (31 July 1979)",structured_slr,0.909892,0.075515,0.004485,0.909892,0.010108,51,13510,15,0.294118,1.110289,0,0.0,0.0,13,11,True,True,True,True,True,0.07551472558755055,0.004485274412449405,0.9098920127798543,0.010107987220145725,1970,0.9098920127798543,0.8343772871923038
1980/1.html,1980,SLR,"Biso Menika v. Cyril Alwis and Others - SLR - 368, Vol 1 of 1982 [1980] LKSC 1; (1982) 1 Sri LR 368 (19 January 1980)",structured_slr,0.909892,0.078561,0.001439,0.909892,0.010108,199,37681,0,0.0,0.0,0,0.0,0.0,18,28,True,False,True,True,True,0.07856110320303264,0.001438896796967324,0.9098920127798543,0.010107987220145725,1980,0.9098920127798543,0.8313309095768217
1980/2.html,1980,SLR,"Weligama Multiirpose Co-Operative Society Ltd. v. Charadasa Daluwatta - SLR - 195, Vol 1 of 1984 [1980] LKSC 2; (1984) 1 Sri LR 195 (29 September 1980)",structured_slr,0.909892,0.078192,0.001808,0.909892,0.010108,103,11370,6,0.058252,0.527704,0,0.0,0.0,15,19,True,True,True,True,True,0.07819208114780156,0.001807918852198401,0.9098920127798543,0.010107987220145725,1980,0.9098920127798543,0.8316999316320528
1980/3.html,1980,SLR,"Athukorala v. Jayaratne and Others - SLR - 413, Vol 2 of 1996 [1980] LKSC 3; (1996) 2 Sri LR 413 (5 February 1980)",structured_slr,0.909892,0.077821,0.002179,0.909892,0.010108,66,18918,7,0.106061,0.370018,0,0.0,0.0,42,19,True,True,False,True,False,0.0778214466468746,0.0021785533531253655,0.9098920127798543,0.010107987220145725,1980,0.9098920127798543,0.8320705661329797
1980/4.html,1980,SLR,"Reddiar v. Van Houten and Others - SLR - 265, Vol 1 of 1988 [1980] LKSC 4; (1988) 1 Sri LR 265 (9 June 1980)",structured_slr,0.909892,0.077273,0.002727,0.909892,0.010108,61,34439,10,0.163934,0.290368,0,0.0,0.0,19,5,True,True,True,True,True,0.07727332001228726,0.0027266799877127025,0.9098920127798543,0.010107987220145725,1980,0.9098920127798543,0.8326186927675671
1980/5.html,1980,SLR,"Blue Diamonds Limited v. Amsterdam Rotterdam Bank M.V. and Another (Amro Bank Case) - SLR - 249, Vol 2 of 1993 [1980] LKSC 5; (1993) 2 Sri LR 249 (10 October 1980)",structured_slr,0.909892,0.072363,0.007637,0.909892,0.010108,185,56453,81,0.437838,1.434822,0,0.0,0.0,14,38,True,True,True,True,True,0.07236270804328887,0.007637291956711088,0.9098920127798543,0.010107987220145725,1980,0.9098920127798543,0.8375293047365655
1980/6.html,1980,SLR,"Selvarajan v. Vigendra Andwife Shyamala - SLR - 224, Vol 2 of 1996 [1980] LKSC 6; (1996) 2 Sri LR 224 (28 November 1980)",structured_slr,0.909892,0.075933,0.004067,0.909892,0.010108,41,9399,11,0.268293,1.170337,0,0.0,0.0,12,21,True,True,True,True,True,0.07593254544924878,0.004067454550751174,0.9098920127798543,0.010107987220145725,1980,0.9098920127798543,0.8339594673306056
1980/7.html,1980,SLR,"Wijesiri v. Siriwardene - SLR - 171, Vol 1 of 1982 [1980] LKSC 7; (1982) 1 Sri LR 171 (27 August 1980)",structured_slr,0.908575,0.078465,0.001535,0.908575,0.011425,121,20969,2,0.016529,0.095379,1,0.008264,0.047689,16,25,True,False,True,True,True,0.07846464121040926,0.0015353587895906926,0.9085746219945792,0.011425378005420848,1980,0.9085746219945792,0.8301099807841699
1981/1.html,1981,SLR,"Kelaart v. Van Twest - SLR - 353, Vol 1 of 1981 [1981] LKSC 1; (1981) 1 Sri LR 353 (27 October 1981)",structured_slr,0.909892,1e-06,0.079999,0.909892,0.010108,26,29577,103,3.961538,3.482436,0,0.0,0.0,19,6,True,True,True,True,True,5.732821629944593e-07,0.07999942671783697,0.9098920127798543,0.010107987220145725,1980,0.9098920127798543,0.8298925860620173
1981/10.html,1981,SLR,"Amarasinghe Attorney At Law,In Re - SLR - 384, Vol 1 of 1981 [1981] LKSC 10; (1981) 1 Sri LR 384 (11 December 1981)",structured_slr,0.909892,0.0,0.08,0.909892,0.010108,18,16862,84,4.666667,4.981615,0,0.0,0.0,15,5,True,True,True,True,False,3.4153626220501095e-08,0.07999996584637374,0.9098920127798543,0.010107987220145725,1980,0.9098920127798543,0.8298920469334806
1981/11.html,1981,SLR,"In Re Upali Wijesuriya An Attorney At Law - SLR - 178, Vol 1 of 1981 [1981] LKSC 11; (1981) 1 Sri LR 178 (21 February 1981)",structured_slr,0.909892,1e-06,0.079999,0.909892,0.010108,18,15057,70,3.888889,4.649,0,0.0,0.0,13,3,True,False,True,True,False,7.666049500265611e-07,0.07999923339504994,0.9098920127798543,0.010107987220145725,1980,0.9098920127798543,0.8298927793848043
1981/12.html,1981,SLR,"Chulalankara Thero v. Lavendris and Others - SLR - 226, Vol 1 of 1981 [1981] LKSC 12; (1981) 1 Sri LR 226 (28 October 1981)",structured_slr,0.909892,1e-06,0.079999,0.909892,0.010108,16,13642,61,3.8125,4.471485,0,0.0,0.0,13,7,True,True,True,True,True,1.0405702773219611e-06,0.07999895942972264,0.9098920127798543,0.010107987220145725,1980,0.9098920127798543,0.8298930533501316
1981/13.html,1981,SLR,"Waharaka Alias Moratota Sobhita Thero v. Amunugama Ratnapala Thero - SLR - 201, Vol 1 of 1981 [1981] LKSC 13; (1981) 1 Sri LR 201 (6 April 1981)",structured_slr,0.909892,0.0,0.08,0.909892,0.010108,56,59518,370,6.607143,6.216607,0,0.0,0.0,36,39,True,True,True,True,True,1.453733133871537e-11,0.07999999998546263,0.9098920127798543,0.010107987220145725,1980,0.9098920127798543,0.8298920127943917
1981/14.html,1981,SLR,"Khan v. Jayman - SLR - 233, Vol 2 of 1994 [1981] LKSC 14; (1994) 2 Sri LR 233 (13 December 1981)",structured_slr,0.909892,0.078505,0.001495,0.909892,0.010108,103,16017,1,0.009709,0.062434,0,0.0,0.0,18,14,True,True,True,True,True,0.07850518761076332,0.0014948123892366346,0.9098920127798543,0.010107987220145725,1980,0.9098920127798543,0.831386825169091
1981/15.html,1981,SLR,"Sumanadasa v. Edmund - SLR - 147, Vol 1 of 1981 [1981] LKSC 15; (1981) 1 Sri LR 147 (3 June 1981)",structured_slr,0.909892,0.0,0.08,0.909892,0.010108,22,21681,99,4.5,4.56621,0,0.0,0.0,18,6,True,True,True,True,True,6.652224222136735e-08,0.07999993347775775,0.9098920127798543,0.010107987220145725,1980,0.9098920127798543,0.8298920793020965
1981/16.html,1981,SLR,"J. B. Textiles Industries Ltd v. Minister of Finance and Planning - SLR - 156, Vol 1 of 1981 [1981] LKSC 16; (1981) 1 Sri LR 156 (18 December 1981)",structured_slr,0.909892,0.0,0.08,0.909892,0.010108,34,38127,141,4.147059,3.698167,0,0.0,0.0,24,5,True,True,True,True,True,2.729524981859298e-07,0.07999972704750177,0.9098920127798543,0.010107987220145725,1980,0.9098920127798543,0.8298922857323525
1981/17.html,1981,SLR,"Board of Trustees of the Tamil University Movement v. De Silva and Another, F.N. - SLR - 350, Vol 1 of 1981 [1981] LKSC 17; (1981) 1 Sri LR 350 (13 November 1981)",structured_slr,0.909892,0.0,0.08,0.909892,0.010108,10,6122,40,4.0,6.533812,0,0.0,0.0,11,5,False,False,False,True,False,4.915339681765827e-07,0.07999950846603178,0.9098920127798543,0.010107987220145725,1980,0.9098920127798543,0.8298925043138226
1981/18.html,1981,SLR,"Kanagaratna v. Rajasunderam - SLR - 492, Vol 1 of 1981 [1981] LKSC 18; (1981) 1 Sri LR 492 (23 October 1981)",structured_slr,0.909892,0.0,0.08,0.909892,0.010108,14,10307,69,4.928571,6.694479,0,0.0,0.0,14,11,True,True,True,True,True,1.1980173120207376e-08,0.07999998801982684,0.9098920127798543,0.010107987220145725,1980,0.9098920127798543,0.8298920247600274
1981/19.html,1981,SLR,"Thirunavakarasu v. Siriwardena and Others - SLR - 185, Vol 1 of 1981 [1981] LKSC 19; (1981) 1 Sri LR 185 (12 March 1981)",structured_slr,0.909892,0.0,0.08,0.909892,0.010108,36,36389,146,4.055556,4.012201,0,0.0,0.0,23,9,True,False,True,True,True,3.935894152906625e-07,0.07999960641058466,0.9098920127798543,0.010107987220145725,1980,0.9098920127798543,0.8298924063692696
1981/2.html,1981,SLR,"Attorney General v. Silvan Silva - SLR - 364, Vol 1 of 1981 [1981] LKSC 2; (1981) 1 Sri LR 364 (18 December 1981)",structured_slr,0.909892,0.0,0.08,0.909892,0.010108,19,19452,92,4.842105,4.729591,0,0.0,0.0,15,5,True,True,True,True,True,1.6930504260770354e-08,0.0799999830694957,0.9098920127798543,0.010107987220145725,1980,0.9098920127798543,0.8298920297103586
1981/20.html,1981,SLR,"Ranasinghe v. The Ceylon State Mortgage Bank - SLR - 121, Vol 1 of 1981 [1981] LKSC 20; (1981) 1 Sri LR 121 (7 July 1981)",structured_slr,0.909892,1e-06,0.079999,0.909892,0.010108,55,65270,210,3.818182,3.217405,0,0.0,0.0,37,6,True,True,True,True,True,1.0171872282871414e-06,0.07999898281277168,0.9098920127798543,0.010107987220145725,1980,0.9098920127798543,0.8298930299670826
1981/21.html,1981,SLR,"Abeypala v. Abeyakirthi - SLR - 86, Vol 1 of 1981 [1981] LKSC 21; (1981) 1 Sri LR 86 (6 April 1981)",structured_slr,0.909892,0.0,0.08,0.909892,0.010108,17,16315,75,4.411765,4.596997,0,0.0,0.0,16,4,True,True,True,True,True,9.467746493463375e-08,0.07999990532253502,0.9098920127798543,0.010107987220145725,1980,0.9098920127798543,0.8298921074573193
1981/22.html,1981,SLR,"Bandaranaike v. Times of Ceylon Ltd. - SLR - 178, Vol 1 of 1984 [1981] LKSC 22; (1984) 1 Sri LR 178 (10 April 1981)",structured_slr,0.909892,0.078561,0.001439,0.909892,0.010108,133,18005,0,0.0,0.0,0,0.0,0.0,11,20,True,False,True,True,True,0.07856110320303264,0.001438896796967324,0.9098920127798543,0.010107987220145725,1980,0.9098920127798543,0.8313309095768217
1981/23.html,1981,SLR,"Ittepana v. Hemawathie - SLR - 476, Vol 1 of 1981 [1981] LKSC 23; (1981) 1 Sri LR 476 (7 December 1981)",structured_slr,0.909892,0.0,0.08,0.909892,0.010108,28,29868,148,5.285714,4.955136,0,0.0,0.0,22,6,True,True,True,True,True,2.871059585629608e-09,0.07999999712894038,0.9098920127798543,0.010107987220145725,1980,0.9098920127798543,0.829892015650914
1981/24.html,1981,SLR,"Jayasundera v. Dantanarayana and Another - SLR - 1, Vol 1 of 1981 [1981] LKSC 24; (1981) 1 Sri LR 1 (6 March 1981)",structured_slr,0.909892,1e-06,0.079999,0.909892,0.010108,26,19243,101,3.884615,5.248662,0,0.0,0.0,17,6,True,True,True,True,True,7.798233696032493e-07,0.07999922017663036,0.9098920127798543,0.010107987220145725,1980,0.9098920127798543,0.829892792603224
1981/25.html,1981,SLR,"Vithana v. Weerasinghe and Another - SLR - 52, Vol 1 of 1981 [1981] LKSC 25; (1981) 1 Sri LR 52 (9 April 1981)",structured_slr,0.909892,0.0,0.08,0.909892,0.010108,16,14089,75,4.6875,5.323302,0,0.0,0.0,16,7,True,True,True,True,True,3.1422896018540297e-08,0.07999996857710394,0.9098920127798543,0.010107987220145725,1980,0.9098920127798543,0.8298920442027504
1981/26.html,1981,SLR,"Abeysekera v. Attorney General - SLR - 376, Vol 1 of 1981 [1981] LKSC 26; (1981) 1 Sri LR 376 (28 September 1981)",structured_slr,0.909892,0.0,0.08,0.909892,0.010108,20,18862,85,4.25,4.506415,0,0.0,0.0,17,6,True,False,True,True,True,1.808259438362824e-07,0.07999981917405613,0.9098920127798543,0.010107987220145725,1980,0.9098920127798543,0.8298921936057981
1981/27.html,1981,SLR,"Perumal v. Dharmalingam - SLR - 26, Vol 1 of 1981 [1981] LKSC 27; (1981) 1 Sri LR 26 (5 February 1981)",structured_slr,0.909892,0.0,0.08,0.909892,0.010108,56,59426,257,4.589286,4.324706,0,0.0,0.0,36,8,True,True,True,False,True,4.6543744423033196e-08,0.07999995345625553,0.9098920127798543,0.010107987220145725,1980,0.9098920127798543,0.8298920593235988
1981/28.html,1981,SLR,"Trade Exchange (Ceylon) Ltd v. Asian Hotels Corporation Ltd - SLR - 67, Vol 1 of 1981 [1981] LKSC 28; (1981) 1 Sri LR 67 (26 February 1981)",structured_slr,0.909892,0.0,0.08,0.909892,0.010108,25,24116,102,4.08,4.229557,0,0.0,0.0,19,5,True,True,True,True,True,3.5692751824356586e-07,0.07999964307248171,0.9098920127798543,0.010107987220145725,1980,0.9098920127798543,0.8298923697073726
1981/29.html,1981,SLR,"Parakrama v. Bank of Ceylon - SLR - 115, Vol 1 of 1995 [1981] LKSC 29; (1995) 1 Sri LR 115 (6 June 1981)",structured_slr,0.909892,0.076989,0.003011,0.909892,0.010108,58,15126,11,0.189655,0.727225,0,0.0,0.0,9,5,True,False,True,True,True,0.0769889701393145,0.0030110298606854597,0.9098920127798543,0.010107987220145725,1980,0.9098920127798543,0.8329030426405398
1981/3.html,1981,SLR,"Viking Tours Ltd. v. The Finance Co, Ltd. and Another - SLR - 116, Vol 1 of 1981 [1981] LKSC 3; (1981) 1 Sri LR 116 (20 November 1981)",structured_slr,0.909892,0.0,0.08,0.909892,0.010108,13,10685,53,4.076923,4.960225,0,0.0,0.0,13,5,True,False,True,True,True,3.613477083508341e-07,0.07999963865229161,0.9098920127798543,0.010107987220145725,1980,0.9098920127798543,0.8298923741275627
1981/30.html,1981,SLR,"Bandaranaike v. Weeraratne and Others - SLR - 10, Vol 1 of 1981 [1981] LKSC 30; (1981) 1 Sri LR 10 (15 January 1981)",structured_slr,0.909892,0.0,0.08,0.909892,0.010108,20,17702,90,4.5,5.084171,0,0.0,0.0,16,3,True,False,True,True,False,6.652224222136735e-08,0.07999993347775775,0.9098920127798543,0.010107987220145725,1980,0.9098920127798543,0.8298920793020965
1981/31.html,1981,SLR,"Land Reform Commission v. Grand Central Limited - SLR - 250, Vol 1 of 1981 [1981] LKSC 31; (1981) 1 Sri LR 250 (16 September 1981)",structured_slr,0.909892,2e-06,0.079998,0.909892,0.010108,28,30429,103,3.678571,3.384929,0,0.0,0.0,22,7,True,True,True,True,True,1.7779760889258246e-06,0.07999822202391103,0.9098920127798543,0.010107987220145725,1980,0.9098920127798543,0.8298937907559433
1981/32.html,1981,SLR,"Velmurugu v. The Attorney General and Another - SLR - 406, Vol 1 of 1981 [1981] LKSC 32; (1981) 1 Sri LR 406 (9 November 1981)",structured_slr,0.909892,0.0,0.08,0.909892,0.010108,122,148489,511,4.188525,3.441332,0,0.0,0.0,71,9,True,True,True,True,True,2.312349520749989e-07,0.07999976876504789,0.9098920127798543,0.010107987220145725,1980,0.9098920127798543,0.8298922440148064
1981/33.html,1981,SLR,"Asylin Perera v. Nicholas Perera and Others - SLR - 321, Vol 1 of 1981 [1981] LKSC 33; (1981) 1 Sri LR 321 (7 April 1981)",structured_slr,0.909892,0.0,0.08,0.909892,0.010108,10,8916,52,5.2,5.832212,0,0.0,0.0,12,5,True,True,False,True,True,4.045224875071083e-09,0.07999999595477508,0.9098920127798543,0.010107987220145725,1980,0.9098920127798543,0.8298920168250792
1981/34.html,1981,SLR,"Insurance Corporation of Sri Lanka v. A.F.Dabare - SLR - 171, Vol 1 of 1981 [1981] LKSC 34; (1981) 1 Sri LR 171 (10 March 1981)",structured_slr,0.909892,0.0,0.08,0.909892,0.010108,18,16262,76,4.222222,4.673472,0,0.0,0.0,16,5,True,False,True,True,True,2.0207656630688565e-07,0.07999979792343365,0.9098920127798543,0.010107987220145725,1980,0.9098920127798543,0.8298922148564207
1981/35.html,1981,SLR,"Jayasena Perera v. Ratnadasa - SLR - 398, Vol 1 of 1981 [1981] LKSC 35; (1981) 1 Sri LR 398 (8 April 1981)",structured_slr,0.909892,0.0,0.08,0.909892,0.010108,20,19014,99,4.95,5.20669,0,0.0,0.0,17,6,True,True,True,True,True,1.0996060311185823e-08,0.07999998900393965,0.9098920127798543,0.010107987220145725,1980,0.9098920127798543,0.8298920237759146
1981/36.html,1981,SLR,"Husseniya v. Jayawardena and Another - SLR - 93, Vol 1 of 1981 [1981] LKSC 36; (1981) 1 Sri LR 93 (27 March 1981)",structured_slr,0.909892,0.0,0.08,0.909892,0.010108,20,17915,109,5.45,6.084287,0,0.0,0.0,16,6,True,True,True,True,True,1.4881551191336933e-09,0.07999999851184485,0.9098920127798543,0.010107987220145725,1980,0.9098920127798543,0.8298920142680095
1981/37.html,1981,SLR,"Kiri Puncha v. Kiri Ukku and Others - SLR - 341, Vol 1 of 1981 [1981] LKSC 37; (1981) 1 Sri LR 341 (1 April 1981)",structured_slr,0.909892,0.0,0.08,0.909892,0.010108,22,19897,113,5.136364,5.679248,0,0.0,0.0,17,8,True,True,True,True,True,5.217827503400938e-09,0.07999999478217246,0.9098920127798543,0.010107987220145725,1980,0.9098920127798543,0.8298920179976819
1981/38.html,1981,SLR,"Kanthiah Thambu Chelliah and Others v. Paranage Inspector of Police and Others - SLR - 132, Vol 1 of 1982 [1981] LKSC 38; (1982) 1 Sri LR 132 (26 May 1981)",structured_slr,0.909892,0.0785,0.0015,0.909892,0.010108,376,70969,4,0.010638,0.056363,0,0.0,0.0,23,54,True,False,True,True,True,0.07849972691825637,0.0015002730817435949,0.9098920127798543,0.010107987220145725,1980,0.9098920127798543,0.831392285861598
1981/39.html,1981,SLR,"Thavanayaki v. Mahalingam - SLR - 391, Vol 1 of 1981 [1981] LKSC 39; (1981) 1 Sri LR 391 (6 November 1981)",structured_slr,0.909892,0.0,0.08,0.909892,0.010108,17,17350,69,4.058824,3.976945,0,0.0,0.0,15,6,True,True,True,True,True,3.8847792095175726e-07,0.079999611522079,0.9098920127798543,0.010107987220145725,1980,0.9098920127798543,0.8298924012577753
1981/4.html,1981,SLR,"Srilanka Ports Authority and Another v. Jugolinija-Boal East - SLR - 18, Vol 1 of 1981 [1981] LKSC 4; (1981) 1 Sri LR 18 (23 March 1981)",structured_slr,0.909892,0.0,0.08,0.909892,0.010108,20,16943,98,4.9,5.7841,0,0.0,0.0,17,5,True,True,True,True,True,1.3430617986642794e-08,0.07999998656938197,0.9098920127798543,0.010107987220145725,1980,0.9098920127798543,0.8298920262104723
1981/40.html,1981,SLR,"Wijeyeratne v. Wijeyeratne and Others - SLR - 325, Vol 1 of 1981 [1981] LKSC 40; (1981) 1 Sri LR 325 (29 May 1981)",structured_slr,0.909892,0.0,0.08,0.909892,0.010108,34,40787,173,5.088235,4.241548,0,0.0,0.0,25,5,True,True,False,True,True,6.325550803154553e-09,0.07999999367444915,0.9098920127798543,0.010107987220145725,1980,0.9098920127798543,0.8298920191054051
1981/41.html,1981,SLR,"Seelawathie Mallawa v. Millie Keerthiratne - SLR - 384, Vol 1 of 1982 [1981] LKSC 41; (1982) 1 Sri LR 384 (1 March 1981)",structured_slr,0.909892,0.078561,0.001439,0.909892,0.010108,104,17394,0,0.0,0.0,0,0.0,0.0,22,30,True,False,True,True,True,0.07856110320303264,0.001438896796967324,0.9098920127798543,0.010107987220145725,1980,0.9098920127798543,0.8313309095768217
1981/42.html,1981,SLR,"Fonseka v. Gulamhussein - SLR - 77, Vol 1 of 1981 [1981] LKSC 42; (1981) 1 Sri LR 77 (18 March 1981)",structured_slr,0.909892,0.0,0.08,0.909892,0.010108,22,20187,117,5.318182,5.795809,0,0.0,0.0,17,7,True,True,True,True,True,2.521387036935606e-09,0.07999999747861292,0.9098920127798543,0.010107987220145725,1980,0.9098920127798543,0.8298920153012415
1981/43.html,1981,SLR,"Haniffa v. Razick - SLR - 488, Vol 1 of 1981 [1981] LKSC 43; (1981) 1 Sri LR 488 (20 November 1981)",structured_slr,0.909892,0.0,0.08,0.909892,0.010108,11,7426,81,7.363636,10.907622,0,0.0,0.0,14,6,True,True,True,True,True,7.052136652418991e-13,0.07999999999929475,0.9098920127798543,0.010107987220145725,1980,0.9098920127798543,0.8298920127805596
1981/44.html,1981,SLR,"Miriam Lawrence v. Arnolda - SLR - 232, Vol 1 of 1981 [1981] LKSC 44; (1981) 1 Sri LR 232 (6 February 1981)",structured_slr,0.909892,0.0,0.08,0.909892,0.010108,15,13030,83,5.533333,6.369916,0,0.0,0.0,13,7,True,True,True,True,True,1.0663111638109508e-09,0.0799999989336888,0.9098920127798543,0.010107987220145725,1980,0.9098920127798543,0.8298920138461655
1981/45.html,1981,SLR,"Nizam v. Mustaffa (S. C. 41/80) Mustaffa v. Nizam(S. C. 53/80) - SLR - 58, Vol 1 of 1981 [1981] LKSC 45; (1981) 1 Sri LR 58 (10 March 1981)",structured_slr,0.909892,0.0,0.08,0.909892,0.010108,22,22067,100,4.545455,4.531654,0,0.0,0.0,18,7,True,True,True,True,False,5.546302038972326e-08,0.07999994453697958,0.9098920127798543,0.010107987220145725,1980,0.9098920127798543,0.8298920682428748
1981/46.html,1981,SLR,"Kulatunga v. The Board of Directors, Co Operative Wholesale Establishment (C.W.E.) - SLR - 372, Vol 1 of 1981 [1981] LKSC 46; (1981) 1 Sri LR 372 (30 November 1981)",structured_slr,0.909892,0.0,0.08,0.909892,0.010108,12,7884,63,5.25,7.990868,0,0.0,0.0,15,5,True,False,True,True,True,3.311950047546473e-09,0.07999999668804991,0.9098920127798543,0.010107987220145725,1980,0.9098920127798543,0.8298920160918044
1981/5.html,1981,SLR,"Appuhamy v. Seneviratne - SLR - 601, Vol 2 of 1982 [1981] LKSC 5; (1982) 2 Sri LR 601 (31 December 1981)",structured_slr,0.909892,0.078561,0.001439,0.909892,0.010108,92,14250,0,0.0,0.0,0,0.0,0.0,13,26,True,True,True,True,True,0.07856110320303264,0.001438896796967324,0.9098920127798543,0.010107987220145725,1980,0.9098920127798543,0.8313309095768217
1981/6.html,1981,SLR,"Albert v. Veeriahpillai - SLR - 110, Vol 1 of 1981 [1981] LKSC 6; (1981) 1 Sri LR 110 (23 September 1981)",structured_slr,0.909892,0.0,0.08,0.909892,0.010108,17,15279,70,4.117647,4.581452,0,0.0,0.0,16,9,True,True,True,True,True,3.070299668728181e-07,0.07999969297003309,0.9098920127798543,0.010107987220145725,1980,0.9098920127798543,0.8298923198098213
1981/7.html,1981,SLR,"Nandasena v. Senanayake and Another - SLR - 238, Vol 1 of 1981 [1981] LKSC 7; (1981) 1 Sri LR 238 (14 August 1981)",structured_slr,0.909892,0.0,0.08,0.909892,0.010108,27,28089,133,4.925926,4.73495,0,0.0,0.0,22,6,True,True,False,True,True,1.2107596205623844e-08,0.07999998789240376,0.9098920127798543,0.010107987220145725,1980,0.9098920127798543,0.8298920248874506
1981/8.html,1981,SLR,"Rasheed Ali v. Mohamed Ali and Others - SLR - 262, Vol 1 of 1981 [1981] LKSC 8; (1981) 1 Sri LR 262 (20 November 1981)",structured_slr,0.909892,2e-06,0.079998,0.909892,0.010108,54,64252,200,3.703704,3.112744,0,0.0,0.0,34,14,True,True,True,True,True,1.607927068576486e-06,0.07999839207293138,0.9098920127798543,0.010107987220145725,1980,0.9098920127798543,0.829893620706923
1981/9.html,1981,SLR,"Wadigamangawe and Others v. Wimalasuriya - SLR - 287, Vol 1 of 1981 [1981] LKSC 9; (1981) 1 Sri LR 287 (13 July 1981)",structured_slr,0.909892,0.0,0.08,0.909892,0.010108,72,86839,299,4.152778,3.443153,0,0.0,0.0,47,17,True,True,True,True,False,2.667793355026758e-07,0.07999973322066446,0.9098920127798543,0.010107987220145725,1980,0.9098920127798543,0.8298922795591899
1982/1.html,1982,SLR,"Gunaratne v. Abdul Gaffoor - SLR - 719, Vol 2 of 1982 [1982] LKSC 1; (1982) 2 Sri LR 719 (4 November 1982)",structured_slr,0.909892,0.078522,0.001478,0.909892,0.010108,147,31272,1,0.006803,0.031977,0,0.0,0.0,14,26,True,True,True,True,True,0.07852214358607058,0.0014778564139293741,0.9098920127798543,0.010107987220145725,1980,0.9098920127798543,0.8313698691937838
1982/10.html,1982,SLR,"Aloysius v. Pillaipody - SLR - 762, Vol 2 of 1982 [1982] LKSC 10; (1982) 2 Sri LR 762 (2 December 1982)",structured_slr,0.909892,0.078561,0.001439,0.909892,0.010108,106,14240,0,0.0,0.0,0,0.0,0.0,8,10,True,False,True,True,False,0.07856110320303264,0.001438896796967324,0.9098920127798543,0.010107987220145725,1980,0.9098920127798543,0.8313309095768217
1982/11.html,1982,SLR,"Abeysekera v. Wijetunge and Others - SLR - 737, Vol 2 of 1982 [1982] LKSC 11; (1982) 2 Sri LR 737 (11 November 1982)",structured_slr,0.909892,0.078561,0.001439,0.909892,0.010108,56,8837,0,0.0,0.0,0,0.0,0.0,9,6,True,False,True,True,True,0.07856110320303264,0.001438896796967324,0.9098920127798543,0.010107987220145725,1980,0.9098920127798543,0.8313309095768217
1982/12.html,1982,SLR,"Sarath Muttetuwegama v. Lionel Gunasekara and Others - SLR - 286, Vol 1 of 1982 [1982] LKSC 12; (1982) 1 Sri LR 286 (22 March 1982)",structured_slr,0.909892,0.078485,0.001515,0.909892,0.010108,153,16825,2,0.013072,0.118871,0,0.0,0.0,18,30,True,False,True,True,True,0.07848532682756555,0.0015146731724344118,0.9098920127798543,0.010107987220145725,1980,0.9098920127798543,0.8314066859522887
1982/13.html,1982,SLR,"Ariff v. Kandasamipillai & Others - SLR - 741, Vol 2 of 1982 [1982] LKSC 13; (1982) 2 Sri LR 741 (9 November 1982)",structured_slr,0.909892,0.078428,0.001572,0.909892,0.010108,177,29996,4,0.022599,0.133351,0,0.0,0.0,11,36,True,True,True,True,True,0.07842764810676983,0.0015723518932301253,0.9098920127798543,0.010107987220145725,1980,0.9098920127798543,0.8314643646730845
1982/14.html,1982,SLR,"Duhilanomal and Others v. Mahakanda Housing Co. Ltd. - SLR - 504, Vol 2 of 1982 [1982] LKSC 14; (1982) 2 Sri LR 504 (29 June 1982)",structured_slr,0.909892,0.078132,0.001868,0.909892,0.010108,135,24310,9,0.066667,0.370218,0,0.0,0.0,15,37,True,True,True,True,True,0.0781316362488714,0.0018683637511285704,0.9098920127798543,0.010107987220145725,1980,0.9098920127798543,0.8317603765309829
1982/15.html,1982,SLR,"Kurukkal v. Kurukkal - SLR - 562, Vol 2 of 1982 [1982] LKSC 15; (1982) 2 Sri LR 562 (8 July 1982)",structured_slr,0.909892,0.078507,0.001493,0.909892,0.010108,106,16828,1,0.009434,0.059425,0,0.0,0.0,14,10,True,True,False,True,True,0.07850680032650136,0.0014931996734986047,0.9098920127798543,0.010107987220145725,1980,0.9098920127798543,0.831385212453353
1982/16.html,1982,SLR,"Setunga v. Fernando, W.M.G. - SLR - 584, Vol 2 of 1982 [1982] LKSC 16; (1982) 2 Sri LR 584 (9 August 1982)",structured_slr,0.909892,0.078405,0.001595,0.909892,0.010108,114,13711,3,0.026316,0.218802,0,0.0,0.0,11,11,True,True,False,True,True,0.0784045654278434,0.00159543457215657,0.9098920127798543,0.010107987220145725,1980,0.9098920127798543,0.831487447352011
1982/17.html,1982,SLR,"Jones, A.F.(Exporters) Ceylon Ltd. v. Balasubramaniam - SLR - 793, Vol 2 of 1982 [1982] LKSC 17; (1982) 2 Sri LR 793 (18 May 1982)",structured_slr,0.909892,0.077187,0.002813,0.909892,0.010108,93,15124,16,0.172043,1.057921,0,0.0,0.0,8,15,False,True,True,True,True,0.07718658873362975,0.0028134112663702067,0.9098920127798543,0.010107987220145725,1980,0.9098920127798543,0.8327054240462246
1982/18.html,1982,SLR,"Associated Newspapers of Ceylon Ltd. v. Jayasinghe - SLR - 595, Vol 2 of 1982 [1982] LKSC 18; (1982) 2 Sri LR 595 (3 September 1982)",structured_slr,0.909892,0.0785,0.0015,0.909892,0.010108,95,13796,1,0.010526,0.072485,0,0.0,0.0,13,10,True,True,True,True,True,0.0785003862938374,0.0014996137061625595,0.9098920127798543,0.010107987220145725,1980,0.9098920127798543,0.8313916264860169
1982/19.html,1982,SLR,"Bandaranaike v. Attorney General - SLR - 786, Vol 2 of 1982 [1982] LKSC 19; (1982) 2 Sri LR 786 (6 December 1982)",structured_slr,0.909892,0.078561,0.001439,0.909892,0.010108,137,15343,0,0.0,0.0,0,0.0,0.0,12,13,False,True,True,False,False,0.07856110320303264,0.001438896796967324,0.9098920127798543,0.010107987220145725,1980,0.9098920127798543,0.8313309095768217
1982/2.html,1982,SLR,"Mohideen Natchiya v. Ismail Marikkar - SLR - 714, Vol 2 of 1982 [1982] LKSC 2; (1982) 2 Sri LR 714 (2 November 1982)",structured_slr,0.909892,0.078561,0.001439,0.909892,0.010108,98,11990,0,0.0,0.0,0,0.0,0.0,10,16,True,True,False,True,True,0.07856110320303264,0.001438896796967324,0.9098920127798543,0.010107987220145725,1980,0.9098920127798543,0.8313309095768217
1982/20.html,1982,SLR,"Malalgoda v. Attorney General - SLR - 777, Vol 2 of 1982 [1982] LKSC 20; (1982) 2 Sri LR 777 (2 December 1982)",structured_slr,0.909892,0.078471,0.001529,0.909892,0.010108,129,20586,2,0.015504,0.097153,0,0.0,0.0,9,38,True,True,True,True,False,0.07847080321259159,0.0015291967874083688,0.9098920127798543,0.010107987220145725,1980,0.9098920127798543,0.8314212095672627
1982/21.html,1982,SLR,"Mariyadas Raj v. Attorney General and Another - SLR - 461, Vol 2 of 1983 [1982] LKSC 21; (1983) 2 Sri LR 461 (13 November 1982)",structured_slr,0.909892,0.078453,0.001547,0.909892,0.010108,162,24365,3,0.018519,0.123127,0,0.0,0.0,9,31,True,True,False,True,True,0.07845260831931385,0.0015473916806861127,0.9098920127798543,0.010107987220145725,1980,0.9098920127798543,0.8314394044605404
1982/22.html,1982,SLR,"Rasammah v. Major General Perera and Others - SLR - 30, Vol 1 of 1982 [1982] LKSC 22; (1982) 1 Sri LR 30 (11 January 1982)",structured_slr,0.909892,0.078561,0.001439,0.909892,0.010108,111,17834,0,0.0,0.0,0,0.0,0.0,10,20,False,False,True,True,False,0.07856110320303264,0.001438896796967324,0.9098920127798543,0.010107987220145725,1980,0.9098920127798543,0.8313309095768217
1982/23.html,1982,SLR,"Sirinaga v. Jayasinghe - SLR - 538, Vol 2 of 1982 [1982] LKSC 23; (1982) 2 Sri LR 538 (8 July 1982)",structured_slr,0.909892,0.078561,0.001439,0.909892,0.010108,96,15287,0,0.0,0.0,0,0.0,0.0,13,13,True,True,True,True,True,0.07856110320303264,0.001438896796967324,0.9098920127798543,0.010107987220145725,1980,0.9098920127798543,0.8313309095768217
1982/24.html,1982,SLR,"Wijetunge v. Insurance Corporation and Another - SLR - 1, Vol 1 of 1982 [1982] LKSC 24; (1982) 1 Sri LR 1 (1 January 1982)",structured_slr,0.909892,0.07844,0.00156,0.909892,0.010108,243,42094,5,0.020576,0.118782,0,0.0,0.0,16,65,True,True,True,True,True,0.0784400731427329,0.0015599268572670717,0.9098920127798543,0.010107987220145725,1980,0.9098920127798543,0.8314519396371214
1982/25.html,1982,SLR,"Wijewickrema v. Attorney General - SLR - 775, Vol 2 of 1982 [1982] LKSC 25; (1982) 2 Sri LR 775 (1 December 1982)",structured_slr,0.909892,0.078561,0.001439,0.909892,0.010108,54,3900,0,0.0,0.0,0,0.0,0.0,7,7,False,True,False,False,False,0.07856110320303264,0.001438896796967324,0.9098920127798543,0.010107987220145725,1980,0.9098920127798543,0.8313309095768217
1982/26.html,1982,SLR,"Wickramaratne v. Thavendrarajah - SLR - 479, Vol 2 of 1982 [1982] LKSC 26; (1982) 2 Sri LR 479 (10 November 1982)",structured_slr,0.909892,0.078561,0.001439,0.909892,0.010108,61,10697,0,0.0,0.0,0,0.0,0.0,10,7,True,True,False,True,True,0.07856110320303264,0.001438896796967324,0.9098920127798543,0.010107987220145725,1980,0.9098920127798543,0.8313309095768217
1982/27.html,1982,SLR,"Cyril Alferd Rodrigo v. Mohamed Nulair - SLR - 217, Vol 1 of 1982 [1982] LKSC 27; (1982) 1 Sri LR 217 (19 March 1982)",structured_slr,0.905621,0.07842,0.00158,0.905621,0.014379,84,10350,2,0.02381,0.193237,2,0.02381,0.193237,16,14,True,False,True,True,True,0.07842016393188771,0.0015798360681122464,0.9056209704546337,0.014379029545366321,1980,0.9056209704546337,0.8272008065227461
1982/28.html,1982,SLR,"Mohamed Shums and Another v. Attorney General - SLR - 576, Vol 2 of 1982 [1982] LKSC 28; (1982) 2 Sri LR 576 (7 July 1982)",structured_slr,0.909892,0.078561,0.001439,0.909892,0.010108,116,17374,0,0.0,0.0,0,0.0,0.0,15,10,True,True,True,True,True,0.07856110320303264,0.001438896796967324,0.9098920127798543,0.010107987220145725,1980,0.9098920127798543,0.8313309095768217
1982/29.html,1982,SLR,"M.S. Perera v. Forest Department and Another - SLR - 187, Vol 1 of 1982 [1982] LKSC 29; (1982) 1 Sri LR 187 (11 March 1982)",structured_slr,0.909892,0.078407,0.001593,0.909892,0.010108,116,17570,3,0.025862,0.170746,0,0.0,0.0,11,22,True,False,True,True,True,0.0784074024821088,0.0015925975178911582,0.9098920127798543,0.010107987220145725,1980,0.9098920127798543,0.8314846102977456
1982/3.html,1982,SLR,"Nirmala De Mel v. Seneviratne and Others - SLR - 569, Vol 2 of 1982 [1982] LKSC 3; (1982) 2 Sri LR 569 (2 August 1982)",structured_slr,0.909892,0.078561,0.001439,0.909892,0.010108,112,17086,0,0.0,0.0,0,0.0,0.0,11,8,True,False,True,True,True,0.07856110320303264,0.001438896796967324,0.9098920127798543,0.010107987220145725,1980,0.9098920127798543,0.8313309095768217
1982/30.html,1982,SLR,"Chandrasena and Two Others v. National Paper Corporation and Two Others - SLR - 19, Vol 1 of 1982 [1982] LKSC 30; (1982) 1 Sri lR 19 (1 January 1982)",structured_slr,0.909892,0.078332,0.001668,0.909892,0.010108,53,4264,2,0.037736,0.469043,0,0.0,0.0,12,11,False,True,True,True,True,0.07833155096788144,0.0016684490321185173,0.9098920127798543,0.010107987220145725,1980,0.9098920127798543,0.8315604618119729
1982/31.html,1982,SLR,"Jeganathan, G. v. Attorney General and Others - SLR - 294, Vol 1 of 1982 [1982] LKSC 31; (1982) 1 Sri LR 294 (23 February 1982)",structured_slr,0.909892,0.078459,0.001541,0.909892,0.010108,114,17945,2,0.017544,0.111452,0,0.0,0.0,11,19,True,False,True,True,True,0.07845851533826803,0.0015414846617319389,0.9098920127798543,0.010107987220145725,1980,0.9098920127798543,0.8314334974415862
1982/32.html,1982,SLR,"Board of Trustees of Tamilnadu University Movement v. De Silva, F.N. and Others - SLR - 361, Vol 1 of 1982 [1982] LKSC 32; (1982) 1 Sri LR 361 (6 April 1982)",structured_slr,0.909892,0.078561,0.001439,0.909892,0.010108,82,14621,0,0.0,0.0,0,0.0,0.0,14,24,True,False,True,True,True,0.07856110320303264,0.001438896796967324,0.9098920127798543,0.010107987220145725,1980,0.9098920127798543,0.8313309095768217
1982/33.html,1982,SLR,"Collettes Ltd. v. Bank of Ceylon - SLR - 514, Vol 2 of 1982 [1982] LKSC 33; (1982) 2 Sri LR 514 (15 November 1982)",structured_slr,0.909892,0.078511,0.001489,0.909892,0.010108,115,10690,1,0.008696,0.093545,0,0.0,0.0,12,12,False,True,False,False,False,0.07851111983729354,0.0014888801627064173,0.9098920127798543,0.010107987220145725,1980,0.9098920127798543,0.8313808929425608
1982/34.html,1982,SLR,"Hewamallika v. Soma Munasinghe - SLR - 339, Vol 1 of 1982 [1982] LKSC 34; (1982) 1 Sri LR 339 (1 January 1982)",structured_slr,0.909892,0.078561,0.001439,0.909892,0.010108,62,6839,0,0.0,0.0,0,0.0,0.0,14,12,True,False,True,True,False,0.07856110320303264,0.001438896796967324,0.9098920127798543,0.010107987220145725,1980,0.9098920127798543,0.8313309095768217
1982/35.html,1982,SLR,"Bandaranaike v. De Alwis and Others (2) - SLR - 664, Vol 2 of 1982 [1982] LKSC 35; (1982) 2 Sri LR 664 (18 October 1982)",structured_slr,0.909892,0.078435,0.001565,0.909892,0.010108,281,52811,6,0.021352,0.113613,0,0.0,0.0,20,22,True,True,True,True,False,0.07843531845691706,0.0015646815430829014,0.9098920127798543,0.010107987220145725,1980,0.9098920127798543,0.8314566943229372
1982/36.html,1982,SLR,"Ratnayake and Others v. Perera and Others - SLR - 451, Vol 2 of 1982 [1982] LKSC 36; (1982) 2 Sri LR 451 (1 June 1982)",structured_slr,0.909892,0.078162,0.001838,0.909892,0.010108,144,22498,9,0.0625,0.400036,0,0.0,0.0,19,24,True,True,True,True,True,0.07816181040719791,0.0018381895928020482,0.9098920127798543,0.010107987220145725,1980,0.9098920127798543,0.8317302023726564
1982/37.html,1982,SLR,"Vincent and Others v. James and Others - SLR - 332, Vol 1 of 1982 [1982] LKSC 37; (1982) 1 Sri LR 332 (8 March 1982)",structured_slr,0.909892,0.078561,0.001439,0.909892,0.010108,123,12889,0,0.0,0.0,0,0.0,0.0,11,27,True,False,True,True,False,0.07856110320303264,0.001438896796967324,0.9098920127798543,0.010107987220145725,1980,0.9098920127798543,0.8313309095768217
1982/38.html,1982,SLR,"Loku Banda v. Ukku Banda - SLR - 704, Vol 2 of 1982 [1982] LKSC 38; (1982) 2 Sri LR 704 (27 October 1982)",structured_slr,0.909892,0.078121,0.001879,0.909892,0.010108,88,12742,6,0.068182,0.470884,0,0.0,0.0,10,8,True,True,True,True,True,0.07812054639256485,0.001879453607435103,0.9098920127798543,0.010107987220145725,1980,0.9098920127798543,0.8317714663872895
1982/39.html,1982,SLR,"Ramalingam v. Thangarajah - SLR - 693, Vol 2 of 1982 [1982] LKSC 39; (1982) 2 Sri LR 693 (19 October 1982)",structured_slr,0.909892,0.078132,0.001868,0.909892,0.010108,135,26316,9,0.066667,0.341997,0,0.0,0.0,11,15,True,True,True,True,False,0.0781316362488714,0.0018683637511285704,0.9098920127798543,0.010107987220145725,1980,0.9098920127798543,0.8317603765309829
1982/4.html,1982,SLR,"Sithamparanathan v. People'S Bank - SLR - 124, Vol 1 of 1989 [1982] LKSC 4; (1989) 1 Sri LR 124 (5 November 1982)",structured_slr,0.909892,0.076659,0.003341,0.909892,0.010108,203,61460,44,0.216749,0.715913,0,0.0,0.0,37,23,True,True,True,True,True,0.07665870272470485,0.003341297275295123,0.9098920127798543,0.010107987220145725,1980,0.9098920127798543,0.8332333100551494
1982/40.html,1982,SLR,"Ameen and Others v. Malship (Ceylon) Ltd. - SLR - 483, Vol 2 of 1982 [1982] LKSC 40; (1982) 2 Sri LR 483 (15 June 1982)",structured_slr,0.909892,0.07839,0.00161,0.909892,0.010108,70,8137,2,0.028571,0.245791,0,0.0,0.0,11,7,True,True,True,True,True,0.07839040036282874,0.001609599637171225,0.9098920127798543,0.010107987220145725,1980,0.9098920127798543,0.8315016124170256
1982/41.html,1982,SLR,"Senanayake v. Damunupola - SLR - 621, Vol 2 of 1982 [1982] LKSC 41; (1982) 2 Sri LR 621 (21 September 1982)",structured_slr,0.909892,0.078561,0.001439,0.909892,0.010108,112,18604,0,0.0,0.0,0,0.0,0.0,17,22,False,True,True,True,True,0.07856110320303264,0.001438896796967324,0.9098920127798543,0.010107987220145725,1980,0.9098920127798543,0.8313309095768217
1982/5.html,1982,SLR,"State Graphite Corporation v. Fernando - SLR - 590, Vol 2 of 1982 [1982] LKSC 5; (1982) 2 Sri LR 590 (16 August 1982)",structured_slr,0.909892,0.078498,0.001502,0.909892,0.010108,91,12348,1,0.010989,0.080985,0,0.0,0.0,13,15,False,True,True,True,False,0.07849765863959414,0.0015023413604058206,0.9098920127798543,0.010107987220145725,1980,0.9098920127798543,0.8313943541402602
1982/6.html,1982,SLR,"Commissioner of Co-Operative Development v. Jayaratne Peiris and Others - SLR - 167, Vol 1 of 1984 [1982] LKSC 6; (1984) 1 Sri LR 167 (19 November 1982)",structured_slr,0.909892,0.078367,0.001633,0.909892,0.010108,93,15001,3,0.032258,0.199987,0,0.0,0.0,14,31,True,True,True,True,True,0.07836697423495075,0.0016330257650492219,0.9098920127798543,0.010107987220145725,1980,0.9098920127798543,0.8315250385449036
1982/7.html,1982,SLR,"Bandaranaike v. De Alwis and Others - SLR - 617, Vol 2 of 1982 [1982] LKSC 7; (1982) 2 Sri LR 617 (20 September 1982)",structured_slr,0.909892,0.078249,0.001751,0.909892,0.010108,80,9439,4,0.05,0.423774,0,0.0,0.0,11,16,True,True,True,True,True,0.07824949832510952,0.0017505016748904372,0.9098920127798543,0.010107987220145725,1980,0.9098920127798543,0.8316425144547448
1982/8.html,1982,SLR,"National Savings Bank v. Ceylon Bank Employees' Union - SLR - 629, Vol 2 of 1982 [1982] LKSC 8; (1982) 2 Sri LR 629 (22 September 1982)",structured_slr,0.909892,0.078409,0.001591,0.909892,0.010108,78,8281,2,0.025641,0.241517,0,0.0,0.0,11,10,True,True,True,True,True,0.07840878172601747,0.001591218273982491,0.9098920127798543,0.010107987220145725,1980,0.9098920127798543,0.8314832310538368
1982/9.html,1982,SLR,"Senerath, P.M. v. Mahadevan, V. - SLR - 417, Vol 1 of 1982 [1982] LKSC 9; (1982) 1 Sri LR 417 (18 May 1982)",structured_slr,0.909892,0.078561,0.001439,0.909892,0.010108,69,8706,0,0.0,0.0,0,0.0,0.0,14,13,True,False,True,True,True,0.07856110320303264,0.001438896796967324,0.9098920127798543,0.010107987220145725,1980,0.9098920127798543,0.8313309095768217
1983/1.html,1983,SLR,"Ganeshanantham v. Vivienne Goonewardene and Three Others - SLR - 319, Vol 1 of 1984 [1983] LKSC 1; (1984) 1 Sri LR 319 (21 October 1983)",structured_slr,0.909683,0.077889,0.002111,0.909683,0.010317,725,154946,71,0.097931,0.458224,1,0.001379,0.006454,66,281,True,False,True,True,True,0.07788931450456593,0.002110685495434025,0.909683120710761,0.010316879289239092,1980,0.909683120710761,0.831793806206195
1983/10.html,1983,SLR,"Fernando v. Attorney General and Another - SLR - 374, Vol 1 of 1983 [1983] LKSC 10; (1983) 1 Sri LR 374 (16 March 1983)",structured_slr,0.909892,0.07669,0.00331,0.909892,0.010108,112,15629,24,0.214286,1.535607,0,0.0,0.0,10,13,True,True,True,True,True,0.07669010428896372,0.0033098957110362314,0.9098920127798543,0.010107987220145725,1980,0.9098920127798543,0.8332019084908906
1983/11.html,1983,SLR,"Gunawardena v. Perera and Others - SLR - 305, Vol 1 of 1983 [1983] LKSC 11; (1983) 1 Sri LR 305 (8 June 1983)",structured_slr,0.909892,0.078125,0.001875,0.909892,0.010108,207,34244,14,0.067633,0.408831,0,0.0,0.0,15,26,True,False,True,True,True,0.07812457249522484,0.0018754275047751156,0.9098920127798543,0.010107987220145725,1980,0.9098920127798543,0.8317674402846295
1983/12.html,1983,SLR,"Ratnasara Thero v. Udugampola - SLR - 461, Vol 1 of 1983 [1983] LKSC 12; (1983) 1 Sri LR 461 (2 February 1983)",structured_slr,0.909892,0.077901,0.002099,0.909892,0.010108,114,18361,11,0.096491,0.599096,0,0.0,0.0,12,9,True,False,True,True,False,0.077901119057685,0.0020988809423149526,0.9098920127798543,0.010107987220145725,1980,0.9098920127798543,0.8319908937221693
1983/13.html,1983,SLR,"Tampoe v. Rudra Rajasingham, Inspector-General of Police, and Others - SLR - 399, Vol 1 of 1984 [1983] LKSC 13; (1984) 1 Sri LR 399 (18 November 1983)",structured_slr,0.909892,0.078561,0.001439,0.909892,0.010108,168,29588,0,0.0,0.0,0,0.0,0.0,13,15,True,False,False,True,True,0.07856110320303264,0.001438896796967324,0.9098920127798543,0.010107987220145725,1980,0.9098920127798543,0.8313309095768217
1983/14.html,1983,SLR,"Visuvalingam and Others v. Liyanage and Others - SLR - 311, Vol 2 of 1983 [1983] LKSC 14; (1983) 2 Sri LR 311 (1 July 1983)",structured_slr,0.909892,0.07855,0.00145,0.909892,0.010108,981,164106,2,0.002039,0.012187,0,0.0,0.0,60,198,True,True,False,True,False,0.07854953321949108,0.0014504667805088766,0.9098920127798543,0.010107987220145725,1980,0.9098920127798543,0.8313424795603632
1983/15.html,1983,SLR,"Visuvalingam and Others v. Liyanage and Others - SLR - 305, Vol 1 of 1984 [1983] LKSC 15; (1984) 1 Sri LR 305 (2 November 1983)",structured_slr,0.909892,0.078271,0.001729,0.909892,0.010108,128,36105,6,0.046875,0.166182,0,0.0,0.0,16,39,True,False,True,True,False,0.07827077337898815,0.0017292266210118116,0.9098920127798543,0.010107987220145725,1980,0.9098920127798543,0.8316212394008662
1983/16.html,1983,SLR,"Merryl Perera v. Abeysuriya and Others - SLR - 293, Vol 2 of 1983 [1983] LKSC 16; (1983) 2 Sri LR 293 (1 January 1983)",structured_slr,0.909892,0.078482,0.001518,0.909892,0.010108,73,8284,1,0.013699,0.120715,0,0.0,0.0,8,9,True,True,False,True,True,0.07848159545150538,0.0015184045484945828,0.9098920127798543,0.010107987220145725,1980,0.9098920127798543,0.831410417328349
1983/17.html,1983,SLR,"Hewamanne v. De Silva and Another - SLR - 1, Vol 1 of 1983 [1983] LKSC 17; (1983) 1 Sri LR 1 (28 July 1983)",structured_slr,0.9098,0.07742,0.00258,0.9098,0.0102,1644,341775,246,0.149635,0.719772,1,0.000608,0.002926,170,482,True,True,True,True,True,0.07742001062080552,0.002579989379194449,0.9098004329732123,0.010199567026787714,1980,0.9098004329732123,0.8323804223524068
1983/18.html,1983,SLR,"Jayasinghe v. Jayakody and Others - SLR - 77, Vol 2 of 1985 [1983] LKSC 18; (1985) 2 Sri LR 77 (18 May 1983)",structured_slr,0.909892,0.078477,0.001523,0.909892,0.010108,555,114365,8,0.014414,0.069951,0,0.0,0.0,53,5,True,True,True,True,True,0.07847732937198364,0.0015226706280163258,0.9098920127798543,0.010107987220145725,1980,0.9098920127798543,0.8314146834078707
1983/19.html,1983,SLR,"Kobbekaduwa v. Jayewardene and Others - SLR - 416, Vol 1 of 1983 [1983] LKSC 19; (1983) 1 Sri LR 416 (10 January 1983)",structured_slr,0.909892,0.077911,0.002089,0.909892,0.010108,315,52565,30,0.095238,0.570722,0,0.0,0.0,15,45,True,False,False,True,True,0.07791133836964607,0.0020886616303538797,0.9098920127798543,0.010107987220145725,1980,0.9098920127798543,0.8319806744102083
1983/2.html,1983,SLR,"Gunawardena v. Pussadeniya, Commissioner of National Housing and Another - SLR - 458, Vol 2 of 1983 [1983] LKSC 2; (1983) 2 Sri LR 458 (11 February 1983)",structured_slr,0.909892,0.078356,0.001644,0.909892,0.010108,59,5272,2,0.033898,0.379363,0,0.0,0.0,8,8,False,False,True,True,True,0.07835644717999947,0.0016435528200004843,0.9098920127798543,0.010107987220145725,1980,0.9098920127798543,0.8315355655998549
1983/20.html,1983,SLR,"Ceylon Bank Employees Union v. State Mortgage Investment Bank - SLR - 403, Vol 1 of 1983 [1983] LKSC 20; (1983) 1 Sri LR 403 (29 August 1983)",structured_slr,0.909892,0.074521,0.005479,0.909892,0.010108,118,22614,41,0.347458,1.813036,0,0.0,0.0,11,22,True,True,False,True,True,0.07452104918825682,0.005478950811743145,0.9098920127798543,0.010107987220145725,1980,0.9098920127798543,0.8353709635915975
1983/21.html,1983,SLR,"Gomes v. Sri Lanka State Trading Corporation and Another - SLR - 260, Vol 2 of 1983 [1983] LKSC 21; (1983) 2 Sri LR 260 (18 November 1983)",structured_slr,0.909892,0.078458,0.001542,0.909892,0.010108,113,13278,2,0.017699,0.150625,0,0.0,0.0,24,13,True,True,True,True,False,0.07845757775371338,0.0015424222462865728,0.9098920127798543,0.010107987220145725,1980,0.9098920127798543,0.8314344350261409
1983/22.html,1983,SLR,"Wigneswaren v. Thambipillai - SLR - 325, Vol 1 of 1983 [1983] LKSC 22; (1983) 1 Sri LR 325 (27 October 1983)",structured_slr,0.909892,0.077187,0.002813,0.909892,0.010108,93,8527,16,0.172043,1.876393,0,0.0,0.0,7,12,False,False,True,True,True,0.07718658873362975,0.0028134112663702067,0.9098920127798543,0.010107987220145725,1980,0.9098920127798543,0.8327054240462246
1983/23.html,1983,SLR,"Singer (Sri Lanka) Ltd. v. Rasheed and Another - SLR - 258, Vol 1 of 1984 [1983] LKSC 23; (1984) 1 Sri LR 258 (13 December 1983)",structured_slr,0.909892,0.078479,0.001521,0.909892,0.010108,71,11611,1,0.014085,0.086125,0,0.0,0.0,9,10,True,False,True,True,True,0.07847929382309311,0.0015207061769068524,0.9098920127798543,0.010107987220145725,1980,0.9098920127798543,0.8314127189567612
1983/24.html,1983,SLR,"Kumarasinghe v. Ratnakumara and Others - SLR - 393, Vol 2 of 1983 [1983] LKSC 24; (1983) 2 Sri LR 393 (17 November 1983)",structured_slr,0.909892,0.078507,0.001493,0.909892,0.010108,106,10177,1,0.009434,0.098261,0,0.0,0.0,9,24,True,True,False,True,False,0.07850680032650136,0.0014931996734986047,0.9098920127798543,0.010107987220145725,1980,0.9098920127798543,0.831385212453353
1983/3.html,1983,SLR,"Pannaloka Thero v. Saranankara Thero - SLR - 523, Vol 2 of 1983 [1983] LKSC 3; (1983) 2 Sri LR 523 (24 March 1983)",structured_slr,0.909892,0.0785,0.0015,0.909892,0.010108,188,37602,2,0.010638,0.053189,0,0.0,0.0,8,53,True,True,False,True,True,0.07849972691825637,0.0015002730817435949,0.9098920127798543,0.010107987220145725,1980,0.9098920127798543,0.831392285861598
1983/4.html,1983,SLR,"Gangulwitigama Pannaloka Thero v. Colombo Saranankara Thero and Others - SLR - 332, Vol 1 of 1983 [1983] LKSC 4; (1983) 1 Sri LR 332 (24 March 1983)",structured_slr,0.909892,0.076496,0.003504,0.909892,0.010108,144,36223,33,0.229167,0.911023,0,0.0,0.0,12,29,True,True,True,True,False,0.07649599571531418,0.003504004284685786,0.9098920127798543,0.010107987220145725,1980,0.9098920127798543,0.8333960170645401
1983/5.html,1983,SLR,"United Motors Ltd. v. Minister of Finance and Planning - SLR - 448, Vol 1 of 1983 [1983] LKSC 5; (1983) 1 Sri LR 448 (20 July 1983)",structured_slr,0.909892,0.077831,0.002169,0.909892,0.010108,143,20816,15,0.104895,0.7206,0,0.0,0.0,7,21,True,False,False,True,True,0.0778313089582128,0.0021686910417871618,0.9098920127798543,0.010107987220145725,1980,0.9098920127798543,0.8320607038216415
1983/6.html,1983,SLR,"Charlotte Perera v. Thambiah and Another - SLR - 352, Vol 1 of 1983 [1983] LKSC 6; (1983) 1 Sri LR 352 (10 October 1983)",structured_slr,0.909892,0.077908,0.002092,0.909892,0.010108,209,35498,20,0.095694,0.563412,0,0.0,0.0,10,22,True,True,True,True,True,0.07790762490719357,0.002092375092806395,0.9098920127798543,0.010107987220145725,1980,0.9098920127798543,0.8319843878726607
1983/7.html,1983,SLR,"Peter Singho v. Wydaman - SLR - 238, Vol 2 of 1983 [1983] LKSC 7; (1983) 2 Sri LR 238 (19 October 1983)",structured_slr,0.909892,0.078474,0.001526,0.909892,0.010108,67,6868,1,0.014925,0.145603,0,0.0,0.0,9,9,True,False,False,True,True,0.07847427326817652,0.0015257267318234367,0.9098920127798543,0.010107987220145725,1980,0.9098920127798543,0.8314177395116777
1983/8.html,1983,SLR,"Tyagarajah and Another v. Perera and Three Others - SLR - 384, Vol 1 of 1983 [1983] LKSC 8; (1983) 1 Sri LR 384 (10 May 1983)",structured_slr,0.909892,0.076185,0.003815,0.909892,0.010108,175,32308,44,0.251429,1.361892,0,0.0,0.0,10,40,True,True,True,True,True,0.07618521823931076,0.003814781760689194,0.9098920127798543,0.010107987220145725,1980,0.9098920127798543,0.8337067945405435
1983/9.html,1983,SLR,"Visuwalingam and Others v. Liyanage and Others - SLR - 203, Vol 1 of 1983 [1983] LKSC 9; (1983) 1 Sri LR 203 (20 October 1983)",structured_slr,0.908854,0.078088,0.001912,0.908854,0.011146,910,175502,66,0.072527,0.376064,6,0.006593,0.034188,22,169,True,True,True,True,False,0.07808838333619107,0.0019116166638088958,0.9088540134766587,0.011145986523341386,1980,0.9088540134766587,0.8307656301404677
1984/1.html,1984,SLR,"Ilangatilaka and Others v. The Republic of Sri Lanka - SLR - 38, Vol 2 of 1984 [1984] LKSC 1; (1984) 2 Sri LR 38 (5 April 1984)",structured_slr,0.909892,0.077794,0.002206,0.909892,0.010108,119,16380,13,0.109244,0.793651,0,0.0,0.0,8,38,True,True,True,True,True,0.0777943016196405,0.0022056983803594547,0.9098920127798543,0.010107987220145725,1980,0.9098920127798543,0.8320977111602138
1984/10.html,1984,SLR,"Arumugam v. The Attorney General and Another - SLR - 138, Vol 1 of 1992 [1984] LKSC 10; (1992) 1 Sri LR 138 (11 October 1984)",structured_slr,0.909892,0.070464,0.009536,0.909892,0.010108,38,7816,19,0.5,2.430911,0,0.0,0.0,10,11,True,True,True,True,True,0.07046376623823056,0.0095362337617694,0.9098920127798543,0.010107987220145725,1980,0.9098920127798543,0.8394282465416237
1984/11.html,1984,SLR,"Rev. Maiyawe Saddhananda Thero v. Ratnayake - SLR - 373, Vol 2 of 1984 [1984] LKSC 11; (1984) 2 Sri LR 373 (14 December 1984)",structured_slr,0.909892,0.078561,0.001439,0.909892,0.010108,95,18838,0,0.0,0.0,0,0.0,0.0,10,26,True,False,True,True,True,0.07856110320303264,0.001438896796967324,0.9098920127798543,0.010107987220145725,1980,0.9098920127798543,0.8313309095768217
1984/12.html,1984,SLR,"Withanaratchi v. Gunawardena and Others - SLR - 253, Vol 1 of 1996 [1984] LKSC 12; (1996) 1 Sri LR 253 (15 September 1984)",structured_slr,0.909892,0.077099,0.002901,0.909892,0.010108,50,13726,9,0.18,0.65569,0,0.0,0.0,20,23,True,True,True,True,True,0.0770989026900281,0.0029010973099718655,0.9098920127798543,0.010107987220145725,1980,0.9098920127798543,0.8327931100898263
1984/13.html,1984,SLR,"Edirisuriya v. Navaratnam and Others - SLR - 100, Vol 1 of 1985 [1984] LKSC 13; (1985) 1 Sri LR 100 (20 July 1984)",structured_slr,0.909892,0.078165,0.001835,0.909892,0.010108,129,52564,8,0.062016,0.152195,0,0.0,0.0,28,7,True,True,True,True,True,0.07816528416272472,0.00183471583727523,0.9098920127798543,0.010107987220145725,1980,0.9098920127798543,0.8317267286171296
1984/14.html,1984,SLR,"Sheela Sinharage v. The Attorney General - SLR - 1, Vol 1 of 1985 [1984] LKSC 14; (1985) 1 Sri LR 1 (31 October 1984)",structured_slr,0.909892,0.078294,0.001706,0.909892,0.010108,115,45980,5,0.043478,0.108743,0,0.0,0.0,24,53,True,True,True,True,True,0.07829361340243356,0.0017063865975664027,0.9098920127798543,0.010107987220145725,1980,0.9098920127798543,0.8315983993774207
1984/15.html,1984,SLR,"Kapugeekiyana v. Hettiarachchi and Two Others - SLR - 153, Vol 2 of 1984 [1984] LKSC 15; (1984) 2 Sri LR 153 (31 August 1984)",structured_slr,0.909892,0.078487,0.001513,0.909892,0.010108,234,44048,3,0.012821,0.068108,0,0.0,0.0,12,39,True,True,True,True,False,0.07848681804641336,0.0015131819535865955,0.9098920127798543,0.010107987220145725,1980,0.9098920127798543,0.831405194733441
1984/16.html,1984,SLR,"Abeywickrema v. Pathirana - SLR - 215, Vol 1 of 1984 [1984] LKSC 16; (1984) 1 Sri LR 215 (1 January 1984)",structured_slr,0.909892,0.078561,0.001439,0.909892,0.010108,76,12504,0,0.0,0.0,0,0.0,0.0,7,10,False,False,True,False,False,0.07856110320303264,0.001438896796967324,0.9098920127798543,0.010107987220145725,1980,0.9098920127798543,0.8313309095768217
1984/17.html,1984,SLR,"Jayanetti v. The Land Reform Commission and Others - SLR - 172, Vol 2 of 1984 [1984] LKSC 17; (1984) 2 Sri LR 172 (13 July 1984)",structured_slr,0.909892,0.07808,0.00192,0.909892,0.010108,231,53242,17,0.073593,0.319297,0,0.0,0.0,14,52,True,True,False,True,True,0.0780804108027213,0.0019195891972786632,0.9098920127798543,0.010107987220145725,1980,0.9098920127798543,0.831811601977133
1984/18.html,1984,SLR,"Visuvalingam and Others v. Liyanage and Others - SLR - 123, Vol 2 of 1984 [1984] LKSC 18; (1984) 2 Sri LR 123 (14 June 1984)",structured_slr,0.909892,0.078513,0.001487,0.909892,0.010108,357,73865,3,0.008403,0.040615,0,0.0,0.0,15,122,True,True,True,True,False,0.07851283136343135,0.001487168636568618,0.9098920127798543,0.010107987220145725,1980,0.9098920127798543,0.831379181416423
1984/19.html,1984,SLR,"Wijeratne and Another v. The People'S Bank and Another - SLR - 1, Vol 1 of 1984 [1984] LKSC 19; (1984) 1 Sri LR 1 (1 January 1984)",structured_slr,0.909892,0.078535,0.001465,0.909892,0.010108,217,29313,1,0.004608,0.034115,0,0.0,0.0,16,50,True,True,True,True,False,0.07853482576559007,0.0014651742344099017,0.9098920127798543,0.010107987220145725,1980,0.9098920127798543,0.8313571870142642
1984/2.html,1984,SLR,"Nanayakkara v. Navaratne - SLR - 35, Vol 1 of 1985 [1984] LKSC 2; (1985) 1 Sri LR 35 (22 October 1984)",structured_slr,0.909892,0.077138,0.002862,0.909892,0.010108,34,8649,6,0.176471,0.693722,0,0.0,0.0,10,4,True,False,True,True,True,0.07713811219149716,0.002861887808502793,0.9098920127798543,0.010107987220145725,1980,0.9098920127798543,0.8327539005883572
1984/20.html,1984,SLR,"Ceylon Mercantile Union v. Ceylon Fertilizer Corporation - SLR - 401, Vol 1 of 1985 [1984] LKSC 20; (1985) 1 Sri LR 401 (6 August 1984)",structured_slr,0.909892,0.078198,0.001802,0.909892,0.010108,122,42766,7,0.057377,0.163681,0,0.0,0.0,29,4,True,True,True,True,True,0.0781982555407035,0.001801744459296458,0.9098920127798543,0.010107987220145725,1980,0.9098920127798543,0.8316937572391508
1984/21.html,1984,SLR,"Pedris v. Fernando and Another - SLR - 274, Vol 1 of 1984 [1984] LKSC 21; (1984) 1 Sri LR 274 (17 May 1984)",structured_slr,0.909892,0.078043,0.001957,0.909892,0.010108,191,31443,15,0.078534,0.477054,0,0.0,0.0,16,25,True,False,False,True,True,0.07804303194244207,0.0019569680575578993,0.9098920127798543,0.010107987220145725,1980,0.9098920127798543,0.8318489808374122
1984/22.html,1984,SLR,"Fonseka v. Wijetunge - SLR - 79, Vol 2 of 1984 [1984] LKSC 22; (1984) 2 Sri LR 79 (20 June 1984)",structured_slr,0.909892,0.077812,0.002188,0.909892,0.010108,84,10640,9,0.107143,0.845865,0,0.0,0.0,13,32,True,True,True,True,True,0.07781225584035346,0.0021877441596465028,0.9098920127798543,0.010107987220145725,1980,0.9098920127798543,0.8320797569395009
1984/23.html,1984,SLR,"Subramaniam v. Pathmanathan - SLR - 252, Vol 1 of 1984 [1984] LKSC 23; (1984) 1 Sri LR 252 (14 March 1984)",structured_slr,0.909892,0.078211,0.001789,0.909892,0.010108,108,12943,6,0.055556,0.463571,0,0.0,0.0,14,22,True,False,True,True,True,0.07821103935526415,0.0017889606447358127,0.9098920127798543,0.010107987220145725,1980,0.9098920127798543,0.8316809734245901
1984/24.html,1984,SLR,"Wigneswaran v. Thambipillay and Others - SLR - 337, Vol 2 of 1993 [1984] LKSC 24; (1993) 2 Sri LR 337 (31 December 1984)",structured_slr,0.909892,0.075802,0.004198,0.909892,0.010108,47,13393,13,0.276596,0.970656,0,0.0,0.0,6,7,True,False,True,True,True,0.07580239593901897,0.004197604060980993,0.9098920127798543,0.010107987220145725,1980,0.9098920127798543,0.8340896168408354
1984/25.html,1984,SLR,"Fernando v. Sarath - SLR - 200, Vol 1 of 1984 [1984] LKSC 25; (1984) 1 Sri LR 200 (6 February 1984)",structured_slr,0.909892,0.078345,0.001655,0.909892,0.010108,140,22080,5,0.035714,0.226449,0,0.0,0.0,14,19,True,True,True,True,True,0.07834471287100815,0.0016552871289918028,0.9098920127798543,0.010107987220145725,1980,0.9098920127798543,0.8315472999088461
1984/3.html,1984,SLR,"Bakmeewewa, Authorised Officer of People'S Bank v. Konarage Raja - SLR - 231, Vol 1 of 1989 [1984] LKSC 3; (1989) 1 Sri LR 231 (30 July 1984)",structured_slr,0.909892,0.077273,0.002727,0.909892,0.010108,61,17178,10,0.163934,0.58214,0,0.0,0.0,20,36,True,True,True,True,True,0.07727332001228726,0.0027266799877127025,0.9098920127798543,0.010107987220145725,1980,0.9098920127798543,0.8326186927675671
1984/4.html,1984,SLR,"Bandaranaike v. Jagathsena and Others - SLR - 397, Vol 2 of 1984 [1984] LKSC 4; (1984) 2 Sri LR 397 (12 December 1984)",structured_slr,0.909892,0.078491,0.001509,0.909892,0.010108,331,53177,4,0.012085,0.07522,0,0.0,0.0,12,53,True,True,True,True,True,0.07849118240794005,0.0015088175920599106,0.9098920127798543,0.010107987220145725,1980,0.9098920127798543,0.8314008303719143
1984/5.html,1984,SLR,"Collettes Limited v. Bank of Ceylon - SLR - 253, Vol 2 of 1984 [1984] LKSC 5; (1984) 2 Sri LR 253 (20 December 1984)",structured_slr,0.909892,0.07848,0.00152,0.909892,0.010108,1365,294484,19,0.013919,0.06452,0,0.0,0.0,36,297,True,True,True,True,True,0.07848028406155527,0.0015197159384446807,0.9098920127798543,0.010107987220145725,1980,0.9098920127798543,0.831411728718299
1984/6.html,1984,SLR,"Kularatne and Another v. Rajapakse - SLR - 24, Vol 1 of 1985 [1984] LKSC 6; (1985) 1 Sri LR 24 (12 December 1984)",structured_slr,0.909892,0.077754,0.002246,0.909892,0.010108,79,28831,9,0.113924,0.312164,0,0.0,0.0,18,8,True,True,True,True,True,0.07775379230462848,0.0022462076953714796,0.9098920127798543,0.010107987220145725,1980,0.9098920127798543,0.8321382204752259
1984/7.html,1984,SLR,"Rajapakse and Another v. Gunasekera and Others - SLR - 1, Vol 2 of 1984 [1984] LKSC 7; (1984) 2 Sri LR 1 (16 May 1984)",structured_slr,0.909892,0.078385,0.001615,0.909892,0.010108,306,57939,9,0.029412,0.155336,0,0.0,0.0,39,104,True,True,False,True,False,0.0783850860392638,0.001614913960736172,0.9098920127798543,0.010107987220145725,1980,0.9098920127798543,0.8315069267405906
1984/8.html,1984,SLR,"Siriwardena v. Air Ceylon Limited - SLR - 286, Vol 1 of 1984 [1984] LKSC 8; (1984) 1 Sri LR 286 (30 May 1984)",structured_slr,0.909892,0.078383,0.001617,0.909892,0.010108,235,29144,7,0.029787,0.240187,0,0.0,0.0,17,64,True,True,False,True,True,0.07838271085831007,0.001617289141689893,0.9098920127798543,0.010107987220145725,1980,0.9098920127798543,0.8315093019215443
1984/9.html,1984,SLR,"Ebert, Acting Commissioner of Co-Operative Development and Registrar of Co-Operative Societies v. Ranaweera and Others - SLR - 113, Vol 1 of 1984 [1984] LKSC 9; (1984) 1 Sri LR 113 (1 January 1984)",structured_slr,0.909892,0.078492,0.001508,0.909892,0.010108,84,10160,1,0.011905,0.098425,0,0.0,0.0,15,16,True,False,True,True,True,0.07849224789867758,0.0015077521013223767,0.9098920127798543,0.010107987220145725,1980,0.9098920127798543,0.8313997648811767
1985/1.html,1985,SLR,"Karunadasa v. Wijesinghe - SLR - 358, Vol 1 of 1986 [1985] LKSC 1; (1986) 1 Sri LR 358 (10 December 1985)",structured_slr,0.909892,0.076919,0.003081,0.909892,0.010108,46,14111,9,0.195652,0.6378,0,0.0,0.0,17,12,True,True,True,True,True,0.0769186839009528,0.0030813160990471543,0.9098920127798543,0.010107987220145725,1980,0.9098920127798543,0.8329733288789015
1985/10.html,1985,SLR,"Hakmana Multi Purpose Co Operative Society Ltd. v. Ferdinando - SLR - 272, Vol 2 of 1985 [1985] LKSC 10; (1985) 2 Sri LR 272 (27 June 1985)",structured_slr,0.909892,0.07644,0.00356,0.909892,0.010108,30,6285,7,0.233333,1.113763,0,0.0,0.0,8,5,True,True,True,True,True,0.07643973611478029,0.0035602638852196755,0.9098920127798543,0.010107987220145725,1980,0.9098920127798543,0.833452276665074
1985/11.html,1985,SLR,"Mendis and Another v. The Republic of Sri Lanka - SLR - 124, Vol 1 of 1992 [1985] LKSC 11; (1992) 1 Sri LR 124 (5 December 1985)",structured_slr,0.909892,0.068939,0.011061,0.909892,0.010108,94,27330,51,0.542553,1.866081,0,0.0,0.0,9,48,True,True,True,True,True,0.06893891757268027,0.011061082427319702,0.9098920127798543,0.010107987220145725,1980,0.9098920127798543,0.8409530952071741
1985/12.html,1985,SLR,"Peter Leo Fernando v. The Attorney General and Two Others - SLR - 341, Vol 2 of 1985 [1985] LKSC 12; (1985) 2 Sri LR 341 (9 September 1985)",structured_slr,0.909892,0.078302,0.001698,0.909892,0.010108,237,78822,10,0.042194,0.126868,0,0.0,0.0,42,6,True,True,True,True,True,0.0783021694159743,0.001697830584025659,0.9098920127798543,0.010107987220145725,1980,0.9098920127798543,0.83158984336388
1985/13.html,1985,SLR,"Kularatne v. Chandrananda De Silva and Another - SLR - 164, Vol 2 of 1985 [1985] LKSC 13; (1985) 2 Sri LR 164 (2 July 1985)",structured_slr,0.909892,0.078263,0.001737,0.909892,0.010108,125,29972,6,0.048,0.200187,0,0.0,0.0,20,3,True,True,True,True,False,0.0782631436474489,0.0017368563525510647,0.9098920127798543,0.010107987220145725,1980,0.9098920127798543,0.8316288691324054
1985/14.html,1985,SLR,"Kumaranatunge v. Jayakody and Another - SLR - 124, Vol 2 of 1985 [1985] LKSC 14; (1985) 2 Sri LR 124 (8 July 1985)",structured_slr,0.909892,0.078211,0.001789,0.909892,0.010108,144,43330,8,0.055556,0.18463,0,0.0,0.0,29,8,True,True,True,True,True,0.07821103935526415,0.0017889606447358127,0.9098920127798543,0.010107987220145725,1980,0.9098920127798543,0.8316809734245901
1985/15.html,1985,SLR,"Mallikarachchi v. Shiva Pasupati, Attorney General - SLR - 74, Vol 1 of 1985 [1985] LKSC 15; (1985) 1 Sri LR 74 (11 February 1985)",structured_slr,0.909892,0.07804,0.00196,0.909892,0.010108,76,19152,6,0.078947,0.313283,0,0.0,0.0,17,4,True,True,True,True,True,0.0780398756361707,0.0019601243638292646,0.9098920127798543,0.010107987220145725,1980,0.9098920127798543,0.8318521371436837
1985/16.html,1985,SLR,"Nallanayagam v. Delgoda and Others - SLR - 299, Vol 1 of 1987 [1985] LKSC 16; (1987) 1 Sri LR 299 (22 November 1985)",structured_slr,0.909892,0.078006,0.001994,0.909892,0.010108,84,19438,7,0.083333,0.360119,0,0.0,0.0,15,10,True,True,True,True,True,0.07800604846057049,0.0019939515394294728,0.9098920127798543,0.010107987220145725,1980,0.9098920127798543,0.8318859643192839
1985/17.html,1985,SLR,"Nallanayagam v. Gunatilake and Others - SLR - 293, Vol 1 of 1987 [1985] LKSC 17; (1987) 1 Sri LR 293 (22 November 1985)",structured_slr,0.909892,0.076867,0.003133,0.909892,0.010108,60,13191,12,0.2,0.909711,0,0.0,0.0,12,12,True,True,True,True,False,0.07686674217625881,0.003133257823741147,0.9098920127798543,0.010107987220145725,1980,0.9098920127798543,0.8330252706035955
1985/18.html,1985,SLR,"Nanayakkara v. Henry Perera, A.S.P. and Three Others - SLR - 375, Vol 2 of 1985 [1985] LKSC 18; (1985) 2 Sri LR 375 (9 August 1985)",structured_slr,0.909892,0.078155,0.001845,0.909892,0.010108,142,36714,9,0.06338,0.245138,0,0.0,0.0,26,4,True,True,True,True,True,0.07815547802694857,0.0018445219730513973,0.9098920127798543,0.010107987220145725,1980,0.9098920127798543,0.8317365347529058
1985/19.html,1985,SLR,"Premalal Perera v. Weerasuriya and Others - SLR - 177, Vol 2 of 1985 [1985] LKSC 19; (1985) 2 Sri LR 177 (10 July 1985)",structured_slr,0.909892,0.078196,0.001804,0.909892,0.010108,104,49499,6,0.057692,0.121215,0,0.0,0.0,26,3,True,True,True,True,True,0.0781960351360919,0.0018039648639080685,0.9098920127798543,0.010107987220145725,1980,0.9098920127798543,0.8316959776437625
1985/2.html,1985,SLR,"Philip Gordon James Benwell v. The Attorney General - SLR - 30, Vol 1 of 1986 [1985] LKSC 2; (1986) 1 Sri LR 30 (20 December 1985)",structured_slr,0.909892,0.077079,0.002921,0.909892,0.010108,55,24555,10,0.181818,0.407249,0,0.0,0.0,16,5,True,True,True,True,True,0.07707850225172513,0.0029214977482748187,0.9098920127798543,0.010107987220145725,1980,0.9098920127798543,0.8328135105281291
1985/20.html,1985,SLR,"Abeywardene v. Ariya Bulegoda and Two Others - SLR - 86, Vol 1 of 1985 [1985] LKSC 20; (1985) 1 Sri LR 86 (14 February 1985)",structured_slr,0.909892,0.078055,0.001945,0.909892,0.010108,104,32660,8,0.076923,0.244948,0,0.0,0.0,23,5,True,True,True,True,True,0.07805529653469556,0.0019447034653043975,0.9098920127798543,0.010107987220145725,1980,0.9098920127798543,0.8318367162451588
1985/21.html,1985,SLR,"Nanayakkara v. Kiriella (Deceased) and Others - SLR - 391, Vol 2 of 1985 [1985] LKSC 21; (1985) 2 Sri LR 391 (8 October 1985)",structured_slr,0.909892,0.078276,0.001724,0.909892,0.010108,152,52276,7,0.046053,0.133905,0,0.0,0.0,30,7,True,True,True,False,True,0.07827632743674155,0.0017236725632584098,0.9098920127798543,0.010107987220145725,1980,0.9098920127798543,0.8316156853431128
1985/22.html,1985,SLR,"Muzamil and Others v. Rehabilitation of Property and Industries Authority (Repia) and Others - SLR - 310, Vol 2 of 1985 [1985] LKSC 22; (1985) 2 Sri LR 310 (5 September 1985)",structured_slr,0.909892,0.078145,0.001855,0.909892,0.010108,185,76974,12,0.064865,0.155897,0,0.0,0.0,38,5,True,True,True,True,True,0.07814474380536798,0.001855256194631968,0.9098920127798543,0.010107987220145725,1980,0.9098920127798543,0.8317472689744864
1985/23.html,1985,SLR,"Mudiyanse v. Christie Silva, Government Agent, Hambantota - SLR - 52, Vol 2 of 1985 [1985] LKSC 23; (1985) 2 Sri LR 52 (16 May 1985)",structured_slr,0.909892,0.07607,0.00393,0.909892,0.010108,27,8554,7,0.259259,0.818331,0,0.0,0.0,8,4,True,False,True,True,True,0.07606981111912195,0.003930188880878013,0.9098920127798543,0.010107987220145725,1980,0.9098920127798543,0.8338222016607324
1985/24.html,1985,SLR,"Benett, P. Medonza v. Tissa, E. De Silva - SLR - 23, Vol 1 of 1986 [1985] LKSC 24; (1986) 1 Sri LR 23 (28 November 1985)",structured_slr,0.909892,0.077138,0.002862,0.909892,0.010108,51,15954,9,0.176471,0.564122,0,0.0,0.0,14,5,True,True,True,True,True,0.07713811219149716,0.002861887808502793,0.9098920127798543,0.010107987220145725,1980,0.9098920127798543,0.8327539005883572
1985/25.html,1985,SLR,"Ranasinghe v. Premadharma and Others - SLR - 63, Vol 1 of 1985 [1985] LKSC 25; (1985) 1 Sri LR 63 (8 February 1985)",structured_slr,0.909892,0.07818,0.00182,0.909892,0.010108,100,23765,6,0.06,0.252472,0,0.0,0.0,18,16,True,True,True,True,True,0.07817968452297563,0.001820315477024319,0.9098920127798543,0.010107987220145725,1980,0.9098920127798543,0.8317123282568787
1985/26.html,1985,SLR,"Vanderbona v. Justin Perera - SLR - 62, Vol 2 of 1985 [1985] LKSC 26; (1985) 2 Sri LR 62 (24 June 1985)",structured_slr,0.909892,0.077778,0.002222,0.909892,0.010108,63,18897,7,0.111111,0.370429,0,0.0,0.0,15,5,True,True,True,True,True,0.07777822698353573,0.002221773016464233,0.9098920127798543,0.010107987220145725,1980,0.9098920127798543,0.8321137857963186
1985/3.html,1985,SLR,"Sudharman De Silva v. The Attorney General - SLR - 9, Vol 1 of 1986 [1985] LKSC 3; (1986) 1 Sri LR 9 (9 September 1985)",structured_slr,0.909892,0.07704,0.00296,0.909892,0.010108,54,14954,10,0.185185,0.668717,0,0.0,0.0,12,7,True,True,True,True,True,0.0770403548667154,0.0029596451332845664,0.9098920127798543,0.010107987220145725,1980,0.9098920127798543,0.8328516579131389
1985/4.html,1985,SLR,"Equipment and Construction Co., Ltd. v. Ranasinghe - SLR - 82, Vol 1 of 1985 [1985] LKSC 4; (1985) 1 Sri LR 82 (22 January 1985)",structured_slr,0.909892,0.077285,0.002715,0.909892,0.010108,43,9486,7,0.162791,0.73793,0,0.0,0.0,10,5,True,True,True,True,True,0.07728533587852798,0.002714664121471974,0.9098920127798543,0.010107987220145725,1980,0.9098920127798543,0.8326066769013263
1985/5.html,1985,SLR,"Piyaratane Thero v. Jothiya and Another - SLR - 418, Vol 2 of 1985 [1985] LKSC 5; (1985) 2 Sri LR 418 (26 August 1985)",structured_slr,0.909892,0.077336,0.002664,0.909892,0.010108,38,5813,6,0.157895,1.032169,0,0.0,0.0,7,4,False,False,True,True,True,0.07733622967405054,0.0026637703259494226,0.9098920127798543,0.010107987220145725,1980,0.9098920127798543,0.8325557831058038
1985/6.html,1985,SLR,"Elmore Perera v. Major Montague Jayawickara Minister of Public and Plantation Induistries and Others - SLR - 285, Vol 1 of 1985 [1985] LKSC 6; (1985) 1 Sri LR 285 (21 May 1985)",structured_slr,0.909892,0.078386,0.001614,0.909892,0.010108,717,256403,21,0.029289,0.081902,0,0.0,0.0,120,4,True,True,True,True,True,0.07838586435430661,0.0016141356456933515,0.9098920127798543,0.010107987220145725,1980,0.9098920127798543,0.8315061484255477
1985/7.html,1985,SLR,"Mackie C.W and Co., Ltd. v. Hugh Molagoda, Commissioner General of Inland Revenue and Others - SLR - 300, Vol 1 of 1986 [1985] LKSC 7; (1986) 1 Sri LR 300 (1 November 1985)",structured_slr,0.909892,0.07794,0.00206,0.909892,0.010108,120,30326,11,0.091667,0.362725,0,0.0,0.0,37,53,True,True,False,True,True,0.07794019804285268,0.002059801957147277,0.9098920127798543,0.010107987220145725,1980,0.9098920127798543,0.8319518147370016
1985/8.html,1985,SLR,"Arumugam Coomaraswamy v. Andris Appuhamy and Others - SLR - 219, Vol 2 of 1985 [1985] LKSC 8; (1985) 2 Sri LR 219 (19 June 1985)",structured_slr,0.909892,0.078044,0.001956,0.909892,0.010108,102,34641,8,0.078431,0.23094,0,0.0,0.0,24,71,True,True,True,True,True,0.07804381833612065,0.001956181663879317,0.9098920127798543,0.010107987220145725,1980,0.9098920127798543,0.8318481944437337
1985/9.html,1985,SLR,"Piyaseeli v. Prematilleke - SLR - 47, Vol 1 of 1986 [1985] LKSC 9; (1986) 1 Sri LR 47 (29 November 1985)",structured_slr,0.909892,0.069634,0.010366,0.909892,0.010108,21,2861,11,0.52381,3.84481,0,0.0,0.0,7,3,True,True,False,True,True,0.06963434526218845,0.010365654737811507,0.9098920127798543,0.010107987220145725,1980,0.9098920127798543,0.8402576675176658
1986/1.html,1986,SLR,"Emaliyana Perera v. People'S Bank Land Redemption Department and Others - SLR - 181, Vol 1 of 1987 [1986] LKSC 1; (1987) 1 Sri LR 181 (19 December 1986)",structured_slr,0.909892,0.074133,0.005867,0.909892,0.010108,41,9086,15,0.365854,1.650891,0,0.0,0.0,10,8,True,True,True,True,True,0.07413336236207385,0.005866637637926111,0.9098920127798543,0.010107987220145725,1980,0.9098920127798543,0.8357586504177805
1986/10.html,1986,SLR,"Manikkavasagar v. Kandasamy and Others - SLR - 8, Vol 2 of 1986 [1986] LKSC 10; (1986) 2 Sri LR 8 (13 March 1986)",structured_slr,0.909892,0.078304,0.001696,0.909892,0.010108,167,45037,7,0.041916,0.155428,0,0.0,0.0,25,4,True,True,False,True,False,0.07830401635154581,0.0016959836484541446,0.9098920127798543,0.010107987220145725,1980,0.9098920127798543,0.8315879964283085
1986/11.html,1986,SLR,"Theivandran v. Ramanathan Chettiar - SLR - 219, Vol 2 of 1986 [1986] LKSC 11; (1986) 2 Sri LR 219 (7 May 1986)",structured_slr,0.909892,0.077244,0.002756,0.909892,0.010108,60,22090,10,0.166667,0.452694,0,0.0,0.0,14,4,True,True,True,True,True,0.07724438079910362,0.0027556192008963386,0.9098920127798543,0.010107987220145725,1980,0.9098920127798543,0.8326476319807508
1986/12.html,1986,SLR,"Chulasubadra De Silva v. The University of Colombo and Others - SLR - 288, Vol 2 of 1986 [1986] LKSC 12; (1986) 2 Sri LR 288 (15 July 1986)",structured_slr,0.909892,0.078302,0.001698,0.909892,0.010108,213,48550,9,0.042254,0.185376,0,0.0,0.0,28,6,True,True,True,True,True,0.07830177053868853,0.001698229461311431,0.9098920127798543,0.010107987220145725,1980,0.9098920127798543,0.8315902422411658
1986/13.html,1986,SLR,"Lionel v. Officer In Charge, Meetiyagoda Police Station - SLR - 210, Vol 1 of 1987 [1986] LKSC 13; (1987) 1 Sri LR 210 (12 December 1986)",structured_slr,0.909892,0.077188,0.002812,0.909892,0.010108,128,33078,22,0.171875,0.665095,0,0.0,0.0,22,18,True,True,True,True,True,0.07718841228793649,0.00281158771206346,0.9098920127798543,0.010107987220145725,1980,0.9098920127798543,0.8327036004919178
1986/14.html,1986,SLR,"Fernando v. Bernie De Silva - SLR - 406, Vol 1 of 1986 [1986] LKSC 14; (1986) 1 Sri LR 406 (5 February 1986)",structured_slr,0.909892,0.077634,0.002366,0.909892,0.010108,55,10996,7,0.127273,0.636595,0,0.0,0.0,14,21,True,False,True,True,False,0.07763423714494286,0.0023657628550571006,0.9098920127798543,0.010107987220145725,1980,0.9098920127798543,0.8322577756349114
1986/15.html,1986,SLR,"Mackinnon Mackenzie & Co. v. Grindlays Bank Ltd. - SLR - 272, Vol 2 of 1986 [1986] LKSC 15; (1986) 2 Sri LR 272 (16 July 1986)",structured_slr,0.909892,0.077972,0.002028,0.909892,0.010108,114,28788,10,0.087719,0.347367,0,0.0,0.0,19,4,True,True,True,True,True,0.07797165267987777,0.0020283473201221877,0.9098920127798543,0.010107987220145725,1980,0.9098920127798543,0.8319203600999765
1986/16.html,1986,SLR,"Nihal Shantha (Minor) By Next Friend Gunasekra v. Norangoda - SLR - 161, Vol 2 of 1995 [1986] LKSC 16; (1995) 2 Sri LR 161 (21 February 1986)",structured_slr,0.909892,0.074514,0.005486,0.909892,0.010108,46,10782,16,0.347826,1.483955,0,0.0,0.0,13,11,True,True,True,True,True,0.07451353174683271,0.005486468253167245,0.9098920127798543,0.010107987220145725,1980,0.9098920127798543,0.8353784810330216
1986/17.html,1986,SLR,"Tennekoon v. Somawathie Perera Alias Tennekoon - SLR - 90, Vol 1 of 1986 [1986] LKSC 17; (1986) 1 Sri LR 90 (31 January 1986)",structured_slr,0.909892,0.078266,0.001734,0.909892,0.010108,231,71431,11,0.047619,0.153995,0,0.0,0.0,39,14,True,True,True,True,True,0.07826573126232024,0.001734268737679727,0.9098920127798543,0.010107987220145725,1980,0.9098920127798543,0.831626281517534
1986/18.html,1986,SLR,"Marshall Appuhamy and Another v. Punchi Banda - SLR - 399, Vol 1 of 1986 [1986] LKSC 18; (1986) 1 Sri LR 399 (4 March 1986)",structured_slr,0.909892,0.077244,0.002756,0.909892,0.010108,60,14618,10,0.166667,0.684088,0,0.0,0.0,17,45,True,True,True,True,True,0.07724438079910362,0.0027556192008963386,0.9098920127798543,0.010107987220145725,1980,0.9098920127798543,0.8326476319807508
1986/19.html,1986,SLR,"Abeywickrema v. Pathirana and Others - SLR - 120, Vol 1 of 1986 [1986] LKSC 19; (1986) 1 Sri LR 120 (31 January 1986)",structured_slr,0.909892,0.078436,0.001564,0.909892,0.010108,519,168183,11,0.021195,0.065405,0,0.0,0.0,125,331,True,True,True,True,True,0.07843628156771493,0.0015637184322850395,0.9098920127798543,0.010107987220145725,1980,0.9098920127798543,0.8314557312121393
1986/2.html,1986,SLR,"Roshan Peiris v. Edirisinghe - SLR - 147, Vol 2 of 1986 [1986] LKSC 2; (1986) 2 Sri LR 147 (3 April 1986)",structured_slr,0.909892,0.076521,0.003479,0.909892,0.010108,44,17104,10,0.227273,0.584659,0,0.0,0.0,13,5,True,False,True,True,True,0.07652129177233226,0.003478708227667701,0.9098920127798543,0.010107987220145725,1980,0.9098920127798543,0.8333707210075221
1986/20.html,1986,SLR,"Dissanayake v. University Sri Jayawardenapura and Two Others - SLR - 254, Vol 2 of 1986 [1986] LKSC 20; (1986) 2 Sri LR 254 (23 June 1986)",structured_slr,0.909892,0.077862,0.002138,0.909892,0.010108,168,42338,17,0.10119,0.401531,0,0.0,0.0,23,7,True,True,True,True,True,0.0778623595094603,0.002137640490539653,0.9098920127798543,0.010107987220145725,1980,0.9098920127798543,0.832029653270394
1986/21.html,1986,SLR,"Laxamana and Others v. Weerasooriya, G.P.S. General Manager of Railways and Another - SLR - 172, Vol 1 of 1987 [1986] LKSC 21; (1987) 1 Sri LR 172 (17 December 1986)",structured_slr,0.909892,0.077217,0.002783,0.909892,0.010108,65,22219,11,0.169231,0.495072,0,0.0,0.0,15,6,True,False,False,False,False,0.07721696197006891,0.002783038029931042,0.9098920127798543,0.010107987220145725,1980,0.9098920127798543,0.8326750508097854
1986/22.html,1986,SLR,"Roberts and Another v. Ratnayake and Others - SLR - 36, Vol 2 of 1986 [1986] LKSC 22; (1986) 2 Sri LR 36 (15 January 1986)",structured_slr,0.909892,0.078462,0.001538,0.909892,0.010108,528,205647,9,0.017045,0.043764,0,0.0,0.0,92,5,True,True,False,True,True,0.07846152996243433,0.0015384700375656367,0.9098920127798543,0.010107987220145725,1980,0.9098920127798543,0.8314304828174199
1986/23.html,1986,SLR,"Siriwardena and Others v. Brigadier, J. Rodrigo and Others - SLR - 384, Vol 1 of 1986 [1986] LKSC 23; (1986) 1 Sri LR 384 (10 February 1986)",structured_slr,0.909892,0.076979,0.003021,0.909892,0.010108,42,13342,8,0.190476,0.59961,0,0.0,0.0,15,14,True,True,True,True,True,0.07697943962636161,0.0030205603736383493,0.9098920127798543,0.010107987220145725,1980,0.9098920127798543,0.8329125731534928
1986/24.html,1986,SLR,"Hebtulabhoy & Co. Ltd. v. Fernando, A.L.M., High Court Judge & Others - SLR - 191, Vol 1 of 1988 [1986] LKSC 24; (1988) 1 Sri LR 191 (11 September 1986)",structured_slr,0.909892,0.077895,0.002105,0.909892,0.010108,72,33212,7,0.097222,0.210767,0,0.0,0.0,22,5,True,True,False,True,False,0.07789513465772778,0.0021048653422721733,0.9098920127798543,0.010107987220145725,1980,0.9098920127798543,0.8319968781221265
1986/25.html,1986,SLR,"Gunapala v. Babynona - SLR - 374, Vol 2 of 1986 [1986] LKSC 25; (1986) 2 Sri LR 374 (8 July 1986)",structured_slr,0.909892,0.075539,0.004461,0.909892,0.010108,41,7138,12,0.292683,1.681143,0,0.0,0.0,11,4,True,True,False,True,True,0.0755389657836922,0.004461034216307761,0.9098920127798543,0.010107987220145725,1980,0.9098920127798543,0.8343530469961621
1986/26.html,1986,SLR,"The Cementation Company (Overseas) Ltd. v. Hotel International Ltd. - SLR - 262, Vol 1 of 1986 [1986] LKSC 26; (1986) 1 Sri LR 262 (13 February 1986)",structured_slr,0.909892,0.07804,0.00196,0.909892,0.010108,114,28521,9,0.078947,0.315557,0,0.0,0.0,20,45,True,False,True,True,True,0.0780398756361707,0.0019601243638292646,0.9098920127798543,0.010107987220145725,1980,0.9098920127798543,0.8318521371436837
1986/27.html,1986,SLR,"Karunanayake v. Karunasiri Perera - SLR - 27, Vol 2 of 1986 [1986] LKSC 27; (1986) 2 Sri LR 27 (13 March 1986)",structured_slr,0.909892,0.077183,0.002817,0.909892,0.010108,58,23067,10,0.172414,0.43352,0,0.0,0.0,15,5,True,True,True,True,True,0.07718255767988293,0.002817442320117032,0.9098920127798543,0.010107987220145725,1980,0.9098920127798543,0.8327094550999714
1986/28.html,1986,SLR,"Gracia Catherine v. Wijegunawardene - SLR - 190, Vol 2 of 1986 [1986] LKSC 28; (1986) 2 Sri LR 190 (7 May 1986)",structured_slr,0.909892,0.077789,0.002211,0.909892,0.010108,91,24934,10,0.10989,0.401059,0,0.0,0.0,17,5,True,True,False,True,True,0.07778875246685474,0.002211247533145227,0.9098920127798543,0.010107987220145725,1980,0.9098920127798543,0.8321032603129996
1986/29.html,1986,SLR,"Jinawathie and Others v. Emalin Perera - SLR - 121, Vol 2 of 1986 [1986] LKSC 29; (1986) 2 Sri LR 121 (19 March 1986)",structured_slr,0.909892,0.078037,0.001963,0.909892,0.010108,126,56799,10,0.079365,0.176059,0,0.0,0.0,30,11,True,True,True,True,True,0.0780366760648429,0.001963323935157069,0.9098920127798543,0.010107987220145725,1980,0.9098920127798543,0.8318553367150114
1986/3.html,1986,SLR,"Hyder Ali v. Rajadurai and Others - SLR - 138, Vol 1 of 1987 [1986] LKSC 3; (1987) 1 Sri LR 138 (21 November 1986)",structured_slr,0.909892,0.075193,0.004807,0.909892,0.010108,32,6679,10,0.3125,1.49723,0,0.0,0.0,8,8,True,False,True,True,True,0.07519306798607936,0.004806932013920608,0.9098920127798543,0.010107987220145725,1980,0.9098920127798543,0.8346989447937749
1986/30.html,1986,SLR,"Joseph Perera Alias Bruten Perera v. The Attorney General and Others - SLR - 199, Vol 1 of 1992 [1986] LKSC 30; (1992) 1 Sri LR 199 (7 August 1986)",structured_slr,0.909892,0.076296,0.003704,0.909892,0.010108,316,114650,77,0.243671,0.671609,0,0.0,0.0,16,66,True,True,True,True,False,0.0762963843334715,0.0037036156665284713,0.9098920127798543,0.010107987220145725,1980,0.9098920127798543,0.8335956284463828
1986/31.html,1986,SLR,"Sinnathuray v. Attiken - SLR - 161, Vol 1 of 1987 [1986] LKSC 31; (1987) 1 Sri LR 161 (26 November 1986)",structured_slr,0.909892,0.074596,0.005404,0.909892,0.010108,96,24786,33,0.34375,1.331397,0,0.0,0.0,17,34,True,True,True,True,True,0.07459626470882964,0.0054037352911703255,0.9098920127798543,0.010107987220145725,1980,0.9098920127798543,0.8352957480710247
1986/32.html,1986,SLR,"Nandawathie v. Rajakaruna and Others - SLR - 283, Vol 1 of 1986 [1986] LKSC 32; (1986) 1 Sri LR 283 (27 February 1986)",structured_slr,0.909892,0.074802,0.005198,0.909892,0.010108,30,9119,10,0.333333,1.096611,0,0.0,0.0,14,18,True,False,True,True,True,0.07480247294950854,0.0051975270504914205,0.9098920127798543,0.010107987220145725,1980,0.9098920127798543,0.8350895398303457
1986/33.html,1986,SLR,"Ariyapala Gunaratne v. The People'S Bank - SLR - 338, Vol 1 of 1986 [1986] LKSC 33; (1986) 1 Sri LR 338 (4 April 1986)",structured_slr,0.909892,0.078107,0.001893,0.909892,0.010108,157,48467,11,0.070064,0.226959,0,0.0,0.0,52,124,True,True,True,True,True,0.07810668058640058,0.001893319413599383,0.9098920127798543,0.010107987220145725,1980,0.9098920127798543,0.8317853321934537
1986/34.html,1986,SLR,"Seneviratne v. Francis Fonseka Abeykoon - SLR - 1, Vol 2 of 1986 [1986] LKSC 34; (1986) 2 Sri LR 1 (1 January 1986)",structured_slr,0.909892,0.076765,0.003235,0.909892,0.010108,48,17045,10,0.208333,0.586682,0,0.0,0.0,13,8,True,True,True,True,True,0.07676483895367252,0.003235161046327442,0.9098920127798543,0.010107987220145725,1980,0.9098920127798543,0.8331271738261818
1986/35.html,1986,SLR,"John Wilson v. Perera and Another - SLR - 291, Vol 1 of 1986 [1986] LKSC 35; (1986) 1 Sri LR 291 (27 February 1986)",structured_slr,0.909892,0.077093,0.002907,0.909892,0.010108,72,19828,13,0.180556,0.655638,0,0.0,0.0,22,52,True,True,True,True,True,0.07709267820752318,0.0029073217924767804,0.9098920127798543,0.010107987220145725,1980,0.9098920127798543,0.8327993345723311
1986/36.html,1986,SLR,"Macan Marker Limited v. Nicholas and Others - SLR - 129, Vol 1 of 1987 [1986] LKSC 36; (1987) 1 Sri LR 129 (7 November 1986)",structured_slr,0.909892,0.077367,0.002633,0.909892,0.010108,71,19884,11,0.15493,0.553209,0,0.0,0.0,15,12,True,True,True,True,True,0.07736660158921524,0.002633398410784715,0.9098920127798543,0.010107987220145725,1980,0.9098920127798543,0.832525411190639
1986/37.html,1986,SLR,"Warnakulasinghe v. Subramaniam - SLR - 415, Vol 1 of 1986 [1986] LKSC 37; (1986) 1 Sri LR 415 (2 April 1986)",structured_slr,0.909892,0.07645,0.00355,0.909892,0.010108,43,12759,10,0.232558,0.78376,0,0.0,0.0,11,24,True,True,False,True,True,0.07645026687972349,0.0035497331202764674,0.9098920127798543,0.010107987220145725,1980,0.9098920127798543,0.8334417459001309
1986/38.html,1986,SLR,"Wellington v. Amerasinghe - SLR - 41, Vol 1 of 1987 [1986] LKSC 38; (1987) 1 Sri LR 41 (10 November 1986)",structured_slr,0.909892,0.069036,0.010964,0.909892,0.010108,100,37869,54,0.54,1.425968,0,0.0,0.0,23,47,True,True,True,True,True,0.0690358965939632,0.010964103406036768,0.9098920127798543,0.010107987220145725,1980,0.9098920127798543,0.8408561161858912
1986/39.html,1986,SLR,"Balasingham v. Kalaivany - SLR - 378, Vol 2 of 1986 [1986] LKSC 39; (1986) 2 Sri LR 378 (1 August 1986)",structured_slr,0.909892,0.077014,0.002986,0.909892,0.010108,48,14520,9,0.1875,0.619835,0,0.0,0.0,12,5,True,True,True,True,True,0.0770138490124696,0.002986150987530355,0.9098920127798543,0.010107987220145725,1980,0.9098920127798543,0.8328781637673848
1986/4.html,1986,SLR,"Hotel Galaxy (Pvt) Ltd. and Others v. Mercantile Hotels Management Ltd. - SLR - 5, Vol 1 of 1987 [1986] LKSC 4; (1987) 1 Sri LR 5 (30 October 1986)",structured_slr,0.909892,0.074396,0.005604,0.909892,0.010108,198,89434,70,0.353535,0.7827,0,0.0,0.0,42,70,True,True,True,True,False,0.07439567923532324,0.005604320764676718,0.9098920127798543,0.010107987220145725,1980,0.9098920127798543,0.8354963335445311
1986/40.html,1986,SLR,"Paramount Investments Limited. v. Cader - SLR - 309, Vol 2 of 1986 [1986] LKSC 40; (1986) 2 Sri LR 309 (8 August 1986)",structured_slr,0.909892,0.077709,0.002291,0.909892,0.010108,126,37027,15,0.119048,0.40511,0,0.0,0.0,22,6,True,True,True,True,True,0.07770861124259273,0.0022913887574072343,0.9098920127798543,0.010107987220145725,1980,0.9098920127798543,0.8321834015372616
1986/5.html,1986,SLR,"Balthazar v. Hulangamuwa and Another - SLR - 240, Vol 2 of 1986 [1986] LKSC 5; (1986) 2 Sri LR 240 (16 May 1986)",structured_slr,0.909892,0.078001,0.001999,0.909892,0.010108,119,35381,10,0.084034,0.282638,0,0.0,0.0,22,4,True,True,True,False,True,0.07800058950537903,0.0019994104946209354,0.9098920127798543,0.010107987220145725,1980,0.9098920127798543,0.8318914232744753
1986/6.html,1986,SLR,"Namasivayam v. Gunawardena - SLR - 394, Vol 1 of 1989 [1986] LKSC 6; (1989) 1 Sri LR 394 (30 October 1986)",structured_slr,0.909892,0.077741,0.002259,0.909892,0.010108,78,24028,9,0.115385,0.374563,0,0.0,0.0,13,12,True,False,False,True,True,0.0777409987898975,0.0022590012101024533,0.9098920127798543,0.010107987220145725,1980,0.9098920127798543,0.8321510139899568
1986/7.html,1986,SLR,"In Re Arthenayake, Attorney At Law - SLR - 314, Vol 1 of 1987 [1986] LKSC 7; (1987) 1 Sri LR 314 (18 December 1986)",structured_slr,0.909892,0.077703,0.002297,0.909892,0.010108,234,90988,28,0.119658,0.307733,0,0.0,0.0,41,23,True,True,True,True,False,0.07770317414254903,0.002296825857450937,0.9098920127798543,0.010107987220145725,1980,0.9098920127798543,0.8321888386373053
1986/8.html,1986,SLR,"Rupasinghe v. Attorney General - SLR - 329, Vol 2 of 1986 [1986] LKSC 8; (1986) 2 Sri LR 329 (15 July 1986)",structured_slr,0.909892,0.078334,0.001666,0.909892,0.010108,241,60483,9,0.037344,0.148802,0,0.0,0.0,36,4,True,True,True,True,True,0.07833411061142868,0.0016658893885712742,0.9098920127798543,0.010107987220145725,1980,0.9098920127798543,0.8315579021684256
1986/9.html,1986,SLR,"Chandananda Thero v. Kanameewela Sumanajothi Thero - SLR - 181, Vol 2 of 1986 [1986] LKSC 9; (1986) 2 Sri LR 181 (30 April 1986)",structured_slr,0.909892,0.076293,0.003707,0.909892,0.010108,41,7811,10,0.243902,1.280246,0,0.0,0.0,10,10,True,True,True,True,True,0.07629311925271219,0.0037068807472877613,0.9098920127798543,0.010107987220145725,1980,0.9098920127798543,0.8335988935271421
1987/1.html,1987,SLR,"Hunter and Company Ltd. v. The Minister of Labour and Vocational Training and Others - SLR - 337, Vol 1 of 1997 [1987] LKSC 1; (1997) 1 Sri LR 337 (6 November 1987)",structured_slr,0.909892,0.077986,0.002014,0.909892,0.010108,128,19789,11,0.085938,0.555864,0,0.0,0.0,20,16,True,False,True,True,True,0.07798568873676927,0.0020143112632306976,0.9098920127798543,0.010107987220145725,1980,0.9098920127798543,0.8319063240430851
1987/10.html,1987,SLR,"Mowjood v. Pussadeniya and Another - SLR - 287, Vol 2 of 1987 [1987] LKSC 10; (1987) 2 Sri LR 287 (30 September 1987)",structured_slr,0.909892,0.07571,0.00429,0.909892,0.010108,85,28968,24,0.282353,0.8285,0,0.0,0.0,24,23,False,True,True,True,True,0.07570985579168225,0.004290144208317707,0.9098920127798543,0.010107987220145725,1980,0.9098920127798543,0.8341821569881721
1987/11.html,1987,SLR,"Udeshi and Others v. Mather - SLR - 12, Vol 1 of 1988 [1987] LKSC 11; (1988) 1 Sri LR 12 (30 September 1987)",structured_slr,0.909892,0.077927,0.002073,0.909892,0.010108,75,34801,7,0.093333,0.201144,0,0.0,0.0,19,14,True,True,True,True,True,0.07792678259775222,0.0020732174022477395,0.9098920127798543,0.010107987220145725,1980,0.9098920127798543,0.8319652301821021
1987/12.html,1987,SLR,"Gooneratne and Others v. Chandrananda De Silva, Commissioner of Elections - SLR - 165, Vol 2 of 1987 [1987] LKSC 12; (1987) 2 Sri LR 165 (2 January 1987)",structured_slr,0.909892,0.077561,0.002439,0.909892,0.010108,111,30680,15,0.135135,0.488918,0,0.0,0.0,23,9,True,True,True,True,False,0.077560960736482,0.0024390392635179675,0.9098920127798543,0.010107987220145725,1980,0.9098920127798543,0.8323310520433723
1987/13.html,1987,SLR,"In Re the Thirteenth Amendment To the Constitution and the Provincial Councils Bill - SLR - 312, Vol 2 of 1987 [1987] LKSC 13; (1987) 2 Sri LR 312 (6 November 1987)",structured_slr,0.909892,0.07819,0.00181,0.909892,0.010108,734,231383,43,0.058583,0.185839,0,0.0,0.0,109,29,True,False,True,True,False,0.07818974007868577,0.0018102599213141828,0.9098920127798543,0.010107987220145725,1980,0.9098920127798543,0.8317022727011686
1987/14.html,1987,SLR,"Rajaratne v. Air Lanka Ltd. and Others - SLR - 128, Vol 2 of 1987 [1987] LKSC 14; (1987) 2 Sri LR 128 (3 April 1987)",structured_slr,0.909892,0.077542,0.002458,0.909892,0.010108,175,96759,24,0.137143,0.248039,0,0.0,0.0,45,26,True,True,True,True,True,0.07754189585044792,0.0024581041495520418,0.9098920127798543,0.010107987220145725,1980,0.9098920127798543,0.8323501169294064
1987/15.html,1987,SLR,"Moonesinghe and Others v. Attorney General - SLR - 20, Vol 2 of 1987 [1987] LKSC 15; (1987) 2 Sri LR 20 (6 February 1987)",structured_slr,0.909892,0.075939,0.004061,0.909892,0.010108,56,14078,15,0.267857,1.065492,0,0.0,0.0,14,11,True,False,True,True,False,0.07593927315500357,0.004060726844996389,0.9098920127798543,0.010107987220145725,1980,0.9098920127798543,0.8339527396248507
1987/16.html,1987,SLR,"Ceylon Workers Congress v. Janatha Estates Development Board and Another - SLR - 73, Vol 2 of 1987 [1987] LKSC 16; (1987) 2 Sri LR 73 (3 April 1987)",structured_slr,0.909892,0.07432,0.00568,0.909892,0.010108,28,10761,10,0.357143,0.929282,0,0.0,0.0,13,10,True,True,True,True,True,0.07431999545266597,0.005680004547333986,0.9098920127798543,0.010107987220145725,1980,0.9098920127798543,0.8355720173271883
1987/17.html,1987,SLR,"Imbuldeniya v. De Silva, D. - SLR - 367, Vol 1 of 1987 [1987] LKSC 17; (1987) 1 Sri LR 367 (29 January 1987)",structured_slr,0.909892,0.077274,0.002726,0.909892,0.010108,177,48245,29,0.163842,0.601099,0,0.0,0.0,30,27,True,True,True,True,True,0.0772742890643555,0.0027257109356444596,0.9098920127798543,0.010107987220145725,1980,0.9098920127798543,0.8326177237154988
1987/18.html,1987,SLR,"Abubucker v. Fernando - SLR - 225, Vol 2 of 1987 [1987] LKSC 18; (1987) 2 Sri LR 225 (8 May 1987)",structured_slr,0.909892,0.075455,0.004545,0.909892,0.010108,84,23179,25,0.297619,1.078562,0,0.0,0.0,18,16,True,True,True,True,True,0.07545506548262694,0.004544934517373017,0.9098920127798543,0.010107987220145725,1980,0.9098920127798543,0.8344369472972274
1987/19.html,1987,SLR,"Chandra Jayasinghe v. Mahendran and Others - SLR - 206, Vol 1 of 1987 [1987] LKSC 19; (1987) 1 Sri LR 206 (1 January 1987)",structured_slr,0.909892,0.075864,0.004136,0.909892,0.010108,33,7728,9,0.272727,1.164596,0,0.0,0.0,9,8,False,False,True,True,True,0.07586352489611191,0.004136475103888062,0.9098920127798543,0.010107987220145725,1980,0.9098920127798543,0.8340284878837424
1987/2.html,1987,SLR,"Ratwatte v. Goonesekera - SLR - 260, Vol 2 of 1987 [1987] LKSC 2; (1987) 2 Sri LR 260 (26 May 1987)",structured_slr,0.909892,0.07704,0.00296,0.909892,0.010108,189,66268,35,0.185185,0.528158,0,0.0,0.0,36,35,True,True,True,True,True,0.0770403548667154,0.0029596451332845664,0.9098920127798543,0.010107987220145725,1980,0.9098920127798543,0.8328516579131389
1987/20.html,1987,SLR,"Benwell v. The Attorney General and Another - SLR - 1, Vol 1 of 1988 [1987] LKSC 20; (1988) 1 Sri LR 1 (17 September 1987)",structured_slr,0.909892,0.075988,0.004012,0.909892,0.010108,34,7484,9,0.264706,1.202565,0,0.0,0.0,9,6,False,True,False,True,True,0.07598758245700214,0.004012417542997819,0.9098920127798543,0.010107987220145725,1980,0.9098920127798543,0.8339044303228522
1987/21.html,1987,SLR,"Amal Sudath Silva v. Kodituwakku Inspector of Police and Others - SLR - 119, Vol 2 of 1987 [1987] LKSC 21; (1987) 2 Sri LR 119 (3 July 1987)",structured_slr,0.909892,0.076474,0.003526,0.909892,0.010108,39,22721,9,0.230769,0.396109,0,0.0,0.0,15,7,True,False,False,True,False,0.07647446265279637,0.003525537347203595,0.9098920127798543,0.010107987220145725,1980,0.9098920127798543,0.833417550127058
1987/22.html,1987,SLR,"Ghouse v. Ghouse - SLR - 25, Vol 1 of 1988 [1987] LKSC 22; (1988) 1 Sri LR 25 (16 December 1987)",structured_slr,0.909892,0.077795,0.002205,0.909892,0.010108,174,45924,19,0.109195,0.413727,0,0.0,0.0,29,18,True,True,True,True,True,0.07779472197809009,0.002205278021909873,0.9098920127798543,0.010107987220145725,1980,0.9098920127798543,0.8320972908017642
1987/23.html,1987,SLR,"Dona Cecilia v. Cecilia Perera and Others - SLR - 235, Vol 1 of 1987 [1987] LKSC 23; (1987) 1 Sri LR 235 (22 January 1987)",structured_slr,0.909892,0.076338,0.003662,0.909892,0.010108,54,15352,13,0.240741,0.846795,0,0.0,0.0,12,12,True,True,False,True,True,0.07633756177333124,0.003662438226668714,0.9098920127798543,0.010107987220145725,1980,0.9098920127798543,0.833554451006523
1987/3.html,1987,SLR,"Sri Lanka State Trading (Consolidated Exports) Corporation v. Dharmadasa - SLR - 235, Vol 2 of 1987 [1987] LKSC 3; (1987) 2 Sri LR 235 (28 July 1987)",structured_slr,0.909892,0.075468,0.004532,0.909892,0.010108,64,17352,19,0.296875,1.094975,0,0.0,0.0,16,14,True,True,True,True,True,0.07546780597536205,0.004532194024637904,0.9098920127798543,0.010107987220145725,1980,0.9098920127798543,0.8344242068044923
1987/4.html,1987,SLR,"Ceylon Estate Staffs Union v. Land Reform Commission - SLR - 203, Vol 2 of 1987 [1987] LKSC 4; (1987) 2 Sri LR 203 (27 May 1987)",structured_slr,0.909892,0.077095,0.002905,0.909892,0.010108,61,14621,11,0.180328,0.752343,0,0.0,0.0,13,7,True,False,True,True,False,0.07709523224610093,0.00290476775389902,0.9098920127798543,0.010107987220145725,1980,0.9098920127798543,0.8327967805337534
1987/5.html,1987,SLR,"Dhammika Yapa v. Bandaranayake and Others - SLR - 63, Vol 1 of 1988 [1987] LKSC 5; (1988) 1 Sri LR 63 (17 December 1987)",structured_slr,0.909892,0.078181,0.001819,0.909892,0.010108,117,35500,7,0.059829,0.197183,0,0.0,0.0,22,5,True,True,True,True,True,0.07818090089080876,0.0018190991091912025,0.9098920127798543,0.010107987220145725,1980,0.9098920127798543,0.8317111118890456
1987/6.html,1987,SLR,"Lalitha Perera v. Pamakanthi - SLR - 1, Vol 2 of 1987 [1987] LKSC 6; (1987) 2 Sri LR 1 (6 February 1987)",structured_slr,0.909892,0.076717,0.003283,0.909892,0.010108,66,16977,14,0.212121,0.824645,0,0.0,0.0,14,20,True,True,True,True,True,0.07671747319051478,0.0032825268094851838,0.9098920127798543,0.010107987220145725,1980,0.9098920127798543,0.8331745395893395
1987/7.html,1987,SLR,"Manawadu v. The Attorney General - SLR - 30, Vol 2 of 1987 [1987] LKSC 7; (1987) 2 Sri LR 30 (26 March 1987)",structured_slr,0.909892,0.077283,0.002717,0.909892,0.010108,184,58479,30,0.163043,0.513005,0,0.0,0.0,34,32,True,True,True,True,True,0.07728269110927379,0.0027173088907261815,0.9098920127798543,0.010107987220145725,1980,0.9098920127798543,0.8326093216705805
1987/8.html,1987,SLR,"Jamis v. Yapa and Others - SLR - 350, Vol 1 of 1987 [1987] LKSC 8; (1987) 1 Sri LR 350 (13 January 1987)",structured_slr,0.909892,0.077461,0.002539,0.909892,0.010108,55,15602,8,0.145455,0.512755,0,0.0,0.0,12,9,True,True,True,True,True,0.07746143195487751,0.0025385680451224624,0.9098920127798543,0.010107987220145725,1980,0.9098920127798543,0.8324305808249768
1987/9.html,1987,SLR,"Rajapakse v. Kularatne and Others - SLR - 383, Vol 2 of 1988 [1987] LKSC 9; (1988) 2 Sri LR 383 (26 November 1987)",structured_slr,0.909892,0.07783,0.00217,0.909892,0.010108,219,63781,23,0.105023,0.360609,0,0.0,0.0,55,7,True,True,True,True,True,0.07783022842741782,0.0021697715725821336,0.9098920127798543,0.010107987220145725,1980,0.9098920127798543,0.8320617843524365
1988/1.html,1988,NLR,Navaratnam v. Sabapathy - NLR - 566 of 71 [1988] LKSC 1; (1988) 71 NLR 566 (7 November 1988),dense_br_nlr,0.919989,1.1e-05,0.919989,0.079121,0.000879,17,13144,65,3.823529,4.945222,0,0.0,0.0,28,12,True,False,True,True,True,1.1450123353404785e-05,0.9199885498766467,0.0791210445895525,0.000878955410447454,1980,0.9199885498766467,0.8408675052870942
1988/10.html,1988,SLR,"Ansalin Fernando v. Sarath Perera, Officer In Charge, Police Station, Chilaw and Others - SLR - 411, Vol 1 of 1992 [1988] LKSC 10; (1992) 1 Sri LR 411 (18 January 1988)",structured_slr,0.909892,0.072615,0.007385,0.909892,0.010108,56,21506,24,0.428571,1.115968,0,0.0,0.0,9,17,True,True,True,True,False,0.07261496919119097,0.007385030808808992,0.9098920127798543,0.010107987220145725,1980,0.9098920127798543,0.8372770435886634
1988/11.html,1988,SLR,"Cannosa Investments Limited. v. Earnest Perera and Others - SLR - 214, Vol 2 of 1991 [1988] LKSC 11; (1991) 2 Sri LR 214 (15 December 1988)",structured_slr,0.908763,0.0782,0.0018,0.908763,0.011237,140,17279,8,0.057143,0.46299,1,0.007143,0.057874,15,38,True,True,True,True,True,0.07819990325548885,0.0018000967445110985,0.9087628065387716,0.011237193461228367,1980,0.9087628065387716,0.8305629032832827
1988/12.html,1988,SLR,"Ekanayake v. Attorney General - SLR - 46, Vol 1 of 1988 [1988] LKSC 12; (1988) 1 Sri LR 46 (14 January 1988)",structured_slr,0.909892,0.078286,0.001714,0.909892,0.010108,157,38176,7,0.044586,0.183361,0,0.0,0.0,24,9,True,True,True,True,True,0.07828619628525003,0.0017138037147499193,0.9098920127798543,0.010107987220145725,1980,0.9098920127798543,0.8316058164946043
1988/13.html,1988,SLR,"Gamini Dolawatta v. Attorney General - SLR - 221, Vol 1 of 1988 [1988] LKSC 13; (1988) 1 Sri LR 221 (30 March 1988)",structured_slr,0.909892,0.077301,0.002699,0.909892,0.010108,62,19475,10,0.16129,0.513479,0,0.0,0.0,14,6,True,True,True,True,True,0.07730103766343153,0.0026989623365684225,0.9098920127798543,0.010107987220145725,1980,0.9098920127798543,0.8325909751164228
1988/14.html,1988,SLR,"Madurasinghe v. Madurasinghe - SLR - 142, Vol 2 of 1988 [1988] LKSC 14; (1988) 2 Sri LR 142 (1 September 1988)",structured_slr,0.909892,0.077183,0.002817,0.909892,0.010108,58,20231,10,0.172414,0.494291,0,0.0,0.0,14,4,True,False,True,True,True,0.07718255767988293,0.002817442320117032,0.9098920127798543,0.010107987220145725,1980,0.9098920127798543,0.8327094550999714
1988/15.html,1988,SLR,"Ceylon Cold Stores Ltd. v. Sri Nandalochana and Another - SLR - 254, Vol 2 of 1989 [1988] LKSC 15; (1989) 2 Sri LR 254 (14 December 1988)",structured_slr,0.909892,0.077895,0.002105,0.909892,0.010108,144,18262,14,0.097222,0.766619,0,0.0,0.0,18,53,True,True,True,True,False,0.07789513465772778,0.0021048653422721733,0.9098920127798543,0.010107987220145725,1980,0.9098920127798543,0.8319968781221265
1988/16.html,1988,SLR,"Gamaethige v. Siriwardena and Others - SLR - 384, Vol 1 of 1988 [1988] LKSC 16; (1988) 1 Sri LR 384 (24 March 1988)",structured_slr,0.909892,0.078261,0.001739,0.909892,0.010108,145,50962,7,0.048276,0.137357,0,0.0,0.0,28,3,True,True,False,True,True,0.07826126679723634,0.0017387332027636111,0.9098920127798543,0.010107987220145725,1980,0.9098920127798543,0.831630745982618
1988/17.html,1988,SLR,"Saman v. Leeladsa and Another - SLR - 1, Vol 1 of 1989 [1988] LKSC 17; (1989) 1 Sri LR 1 (12 December 1988)",structured_slr,0.909892,0.077924,0.002076,0.909892,0.010108,331,86780,31,0.093656,0.357225,0,0.0,0.0,54,348,True,True,True,True,True,0.07792417181850451,0.0020758281814954385,0.9098920127798543,0.010107987220145725,1980,0.9098920127798543,0.8319678409613498
1988/18.html,1988,SLR,"Dayawathie and Others v. Dr. M.Fernando and Others - SLR - 371, Vol 1 of 1988 [1988] LKSC 18; (1988) 1 Sri LR 371 (25 April 1988)",structured_slr,0.909892,0.077407,0.002593,0.909892,0.010108,53,16096,8,0.150943,0.497018,0,0.0,0.0,13,21,True,False,True,True,False,0.07740691542375576,0.002593084576244195,0.9098920127798543,0.010107987220145725,1980,0.9098920127798543,0.8324850973560985
1988/19.html,1988,SLR,"Jayasekera v. Wipulasena and Others - SLR - 237, Vol 2 of 1988 [1988] LKSC 19; (1988) 2 Sri LR 237 (21 July 1988)",structured_slr,0.909892,0.077138,0.002862,0.909892,0.010108,34,10582,6,0.176471,0.567001,0,0.0,0.0,15,14,True,True,True,True,True,0.07713811219149716,0.002861887808502793,0.9098920127798543,0.010107987220145725,1980,0.9098920127798543,0.8327539005883572
1988/2.html,1988,SLR,"Chandrasiri v. The Attorney General - SLR - 115, Vol 1 of 1989 [1988] LKSC 2; (1989) 1 Sri LR 115 (11 November 1988)",structured_slr,0.909892,0.07669,0.00331,0.909892,0.010108,70,18152,15,0.214286,0.826355,0,0.0,0.0,16,17,True,True,True,True,True,0.07669010428896372,0.0033098957110362314,0.9098920127798543,0.010107987220145725,1980,0.9098920127798543,0.8332019084908906
1988/20.html,1988,SLR,"Juwanis v. Lathiff, Police Inspector, Special Task Force, and Others - SLR - 185, Vol 2 of 1988 [1988] LKSC 20; (1988) 2 Sri LR 185 (23 August 1988)",structured_slr,0.909892,0.077872,0.002128,0.909892,0.010108,80,21418,8,0.1,0.373518,0,0.0,0.0,21,13,True,True,True,True,False,0.0778722405138507,0.0021277594861492674,0.9098920127798543,0.010107987220145725,1980,0.9098920127798543,0.8320197722660037
1988/21.html,1988,SLR,"Nandasiri v. Desilva, G.M.S., Chairman, Ambalangoda, U.C., & Another - SLR - 102, Vol 1 of 1989 [1988] LKSC 21; (1989) 1 Sri LR 102 (2 December 1988)",structured_slr,0.909892,0.076206,0.003794,0.909892,0.010108,44,15529,11,0.25,0.708352,0,0.0,0.0,14,26,True,True,True,True,True,0.07620593014579462,0.0037940698542053407,0.9098920127798543,0.010107987220145725,1980,0.9098920127798543,0.8336860826340597
1988/22.html,1988,SLR,"Dayawathie and Peiris v. Dr. Fernando, S.D.M. and Others - SLR - 314, Vol 2 of 1988 [1988] LKSC 22; (1988) 2 Sri LR 314 (12 December 1988)",structured_slr,0.909892,0.078468,0.001532,0.909892,0.010108,564,137625,9,0.015957,0.065395,0,0.0,0.0,93,65,True,True,True,True,False,0.07846808290410882,0.0015319170958911377,0.9098920127798543,0.010107987220145725,1980,0.9098920127798543,0.8314239298757455
1988/23.html,1988,SLR,"Weeraratne v. Hon. Percy Colin Thome and Three Others - SLR - 151, Vol 2 of 1988 [1988] LKSC 23; (1988) 2 Sri LR 151 (24 August 1988)",structured_slr,0.909892,0.078369,0.001631,0.909892,0.010108,250,71307,8,0.032,0.112191,0,0.0,0.0,101,29,True,True,True,True,True,0.07836862429934728,0.0016313757006526824,0.9098920127798543,0.010107987220145725,1980,0.9098920127798543,0.831523388480507
1988/24.html,1988,SLR,"Somaratne and Another v. De Silva Padmini - SLR - 195, Vol 2 of 1988 [1988] LKSC 24; (1988) 2 Sri LR 195 (19 October 1988)",structured_slr,0.909892,0.0777,0.0023,0.909892,0.010108,50,8575,6,0.12,0.699708,0,0.0,0.0,11,4,False,True,True,True,True,0.07770012032587677,0.0022998796741231964,0.9098920127798543,0.010107987220145725,1980,0.9098920127798543,0.8321918924539775
1988/25.html,1988,SLR,"The Public Services United Nurses Union v. Minister of Public Administration and Others - SLR - 229, Vol 1 of 1988 [1988] LKSC 25; (1988) 1 Sri LR 229 (29 April 1988)",structured_slr,0.909892,0.077823,0.002177,0.909892,0.010108,85,26425,9,0.105882,0.340587,0,0.0,0.0,18,23,True,True,True,True,False,0.07782296350000521,0.002177036499994745,0.9098920127798543,0.010107987220145725,1980,0.9098920127798543,0.8320690492798491
1988/26.html,1988,SLR,"Edmond v. D.S. Fernando - SLR - 407, Vol 1 of 1995 [1988] LKSC 26; (1995) 1 Sri LR 407 (31 March 1988)",structured_slr,0.909892,0.078561,0.001439,0.909892,0.010108,129,15553,0,0.0,0.0,0,0.0,0.0,12,16,True,True,True,True,True,0.07856110320303264,0.001438896796967324,0.9098920127798543,0.010107987220145725,1980,0.9098920127798543,0.8313309095768217
1988/27.html,1988,SLR,"Gunaratne (Alexis Auction Rooms) v. Abeysinghe (Urban Development Authority) - SLR - 255, Vol 1 of 1988 [1988] LKSC 27; (1988) 1 Sri LR 255 (19 May 1988)",structured_slr,0.909892,0.07792,0.00208,0.909892,0.010108,85,24310,8,0.094118,0.329083,0,0.0,0.0,16,4,True,False,True,True,True,0.07792043195213258,0.0020795680478673793,0.9098920127798543,0.010107987220145725,1980,0.9098920127798543,0.8319715808277217
1988/28.html,1988,SLR,"Musthapa Thamby Lebbe v. Ruwanpathirana - SLR - 186, Vol 1 of 1988 [1988] LKSC 28; (1988) 1 Sri LR 186 (7 March 1988)",structured_slr,0.909892,0.076709,0.003291,0.909892,0.010108,47,11170,10,0.212766,0.895255,0,0.0,0.0,10,4,True,True,False,True,True,0.07670934214074517,0.003290657859254802,0.9098920127798543,0.010107987220145725,1980,0.9098920127798543,0.8331826706391091
1988/29.html,1988,SLR,"Ratnayake v. Mushin - SLR - 169, Vol 1 of 1988 [1988] LKSC 29; (1988) 1 Sri LR 169 (11 March 1988)",structured_slr,0.909892,0.077105,0.002895,0.909892,0.010108,39,10049,7,0.179487,0.696587,0,0.0,0.0,11,14,True,True,True,True,True,0.07710463440569397,0.0028953655943059838,0.9098920127798543,0.010107987220145725,1980,0.9098920127798543,0.8327873783741604
1988/3.html,1988,SLR,"R v. Pallegama Gnanarathana v. Rev. Gaikiriyagama Soratha - SLR - 99, Vol 1 of 1988 [1988] LKSC 3; (1988) 1 Sri LR 99 (2 February 1988)",structured_slr,0.909892,0.078405,0.001595,0.909892,0.010108,458,166977,12,0.026201,0.071866,0,0.0,0.0,80,147,True,True,True,True,True,0.07840528453282067,0.00159471546717929,0.9098920127798543,0.010107987220145725,1980,0.9098920127798543,0.8314867282470336
1988/4.html,1988,SLR,"Piyasiri and Others v. Nimal Fernando, A.S.P. and Others - SLR - 173, Vol 1 of 1988 [1988] LKSC 4; (1988) 1 Sri LR 173 (17 March 1988)",structured_slr,0.909892,0.07797,0.00203,0.909892,0.010108,91,31135,8,0.087912,0.256946,0,0.0,0.0,20,5,True,True,True,True,True,0.077970125938345,0.0020298740616549607,0.9098920127798543,0.010107987220145725,1980,0.9098920127798543,0.8319218868415094
1988/5.html,1988,SLR,"Sundarkaran v. Bharathi and Others - SLR - 46, Vol 1 of 1989 [1988] LKSC 5; (1989) 1 Sri LR 46 (1 November 1988)",structured_slr,0.909892,0.077605,0.002395,0.909892,0.010108,138,30516,18,0.130435,0.589855,0,0.0,0.0,23,52,True,False,True,False,False,0.07760502642218785,0.002394973577812121,0.9098920127798543,0.010107987220145725,1980,0.9098920127798543,0.8322869863576665
1988/6.html,1988,SLR,"Wahab v. Jayah - SLR - 78, Vol 1 of 1988 [1988] LKSC 6; (1988) 1 Sri LR 78 (13 January 1988)",structured_slr,0.909892,0.077612,0.002388,0.909892,0.010108,54,13925,7,0.12963,0.502693,0,0.0,0.0,13,19,True,True,True,True,True,0.0776124960546892,0.002387503945310758,0.9098920127798543,0.010107987220145725,1980,0.9098920127798543,0.8322795167251651
1988/7.html,1988,SLR,"Madan Mohan v. Carson Cumberbatch & Co Ltd. - SLR - 75, Vol 2 of 1988 [1988] LKSC 7; (1988) 2 Sri LR 75 (3 August 1988)",structured_slr,0.909892,0.078193,0.001807,0.909892,0.010108,241,59042,14,0.058091,0.237119,0,0.0,0.0,53,45,True,True,True,True,False,0.07819321878574739,0.0018067812142525657,0.9098920127798543,0.010107987220145725,1980,0.9098920127798543,0.831698793994107
1988/8.html,1988,SLR,"Mendis v. Pfizer - SLR - 204, Vol 1 of 1988 [1988] LKSC 8; (1988) 1 Sri LR 204 (30 March 1988)",structured_slr,0.909892,0.078097,0.001903,0.909892,0.010108,126,38796,9,0.071429,0.231983,0,0.0,0.0,24,5,True,True,True,True,True,0.07809656142274922,0.001903438577250734,0.9098920127798543,0.010107987220145725,1980,0.9098920127798543,0.8317954513571051
1988/9.html,1988,SLR,"Sivagnanalingam v. Suntheralingam - SLR - 86, Vol 1 of 1988 [1988] LKSC 9; (1988) 1 Sri LR 86 (15 February 1988)",structured_slr,0.909892,0.078023,0.001977,0.909892,0.010108,111,32117,9,0.081081,0.280225,0,0.0,0.0,19,55,True,True,True,True,True,0.07802348754797772,0.0019765124520222427,0.9098920127798543,0.010107987220145725,1980,0.9098920127798543,0.8318685252318766
1989/1.html,1989,SLR,"Lakshman De Silva v. Hon.H.W.Senanayake and Another - SLR - 119, Vol 1 of 1990 [1989] LKSC 1; (1990) 1 Sri LR 119 (13 December 1989)",structured_slr,0.909892,0.07776,0.00224,0.909892,0.010108,53,19756,6,0.113208,0.303705,0,0.0,0.0,17,7,True,True,False,True,True,0.0777600363727318,0.002239963627268159,0.9098920127798543,0.010107987220145725,1980,0.9098920127798543,0.8321319764071226
1989/10.html,1989,SLR,"Sri Lanka State Plantation Corporation v. Lanka Podu Seva Sangamaya - SLR - 84, Vol 1 of 1990 [1989] LKSC 10; (1990) 1 Sri LR 84 (21 April 1989)",structured_slr,0.909892,0.076504,0.003496,0.909892,0.010108,70,17988,16,0.228571,0.889482,0,0.0,0.0,16,9,True,True,True,True,True,0.07650397469419502,0.0034960253058049316,0.9098920127798543,0.010107987220145725,1980,0.9098920127798543,0.8333880380856593
1989/11.html,1989,SLR,"Science House (Ceylon) Limited. v. I. P. A. Laboratories Private Limited. - SLR - 155, Vol 1 of 1989 [1989] LKSC 11; (1989) 1 Sri LR 155 (20 January 1989)",structured_slr,0.909892,0.077778,0.002222,0.909892,0.010108,117,35472,13,0.111111,0.366486,0,0.0,0.0,29,34,True,True,True,True,True,0.07777822698353573,0.002221773016464233,0.9098920127798543,0.010107987220145725,1980,0.9098920127798543,0.8321137857963186
1989/12.html,1989,SLR,"In Re Dematagodage Don Harry Wilbert - SLR - 18, Vol 2 of 1989 [1989] LKSC 12; (1989) 2 Sri LR 18 (26 July 1989)",structured_slr,0.909892,0.078226,0.001774,0.909892,0.010108,206,41559,11,0.053398,0.264684,0,0.0,0.0,28,31,True,True,True,True,False,0.07822607426069002,0.001773925739309945,0.9098920127798543,0.010107987220145725,1980,0.9098920127798543,0.8316659385191643
1989/13.html,1989,SLR,"Undugodage v. Rasanathan - SLR - 161, Vol 2 of 1989 [1989] LKSC 13; (1989) 2 Sri LR 161 (23 March 1989)",structured_slr,0.909892,0.077902,0.002098,0.909892,0.010108,83,22861,8,0.096386,0.349941,0,0.0,0.0,20,14,True,False,True,True,False,0.07790197728906519,0.00209802271093478,0.9098920127798543,0.010107987220145725,1980,0.9098920127798543,0.8319900354907891
1989/14.html,1989,SLR,"Seelawathie v. Ediriweera - SLR - 170, Vol 2 of 1989 [1989] LKSC 14; (1989) 2 Sri LR 170 (3 November 1989)",structured_slr,0.909892,0.077828,0.002172,0.909892,0.010108,133,21577,14,0.105263,0.648839,0,0.0,0.0,16,63,True,True,True,True,True,0.07782820102140119,0.0021717989785987745,0.9098920127798543,0.010107987220145725,1980,0.9098920127798543,0.8320638117584531
1989/15.html,1989,SLR,"Rassool and Others v. Cader, Director For Mosques and Muslim Charitable Trusts and Others - SLR - 33, Vol 2 of 1993 [1989] LKSC 15; (1993) 2 Sri LR 33 (20 March 1989)",structured_slr,0.909892,0.075784,0.004216,0.909892,0.010108,54,18268,15,0.277778,0.821108,0,0.0,0.0,7,9,True,True,True,True,False,0.07578355116295386,0.004216448837046097,0.9098920127798543,0.010107987220145725,1980,0.9098920127798543,0.8341084616169004
1989/16.html,1989,SLR,"Sirimavo Bandaranaike v. Ranasinghe Premadasa and Chandananda De Silva - SLR - 1, Vol 2 of 1992 [1989] LKSC 16; (1992) 2 Sri LR 1 (19 June 1989)",structured_slr,0.909892,0.077724,0.002276,0.909892,0.010108,878,349746,103,0.117312,0.294499,0,0.0,0.0,118,116,True,True,True,True,True,0.07772401642127738,0.0022759835787225756,0.9098920127798543,0.010107987220145725,1980,0.9098920127798543,0.832167996358577
1989/17.html,1989,SLR,"Actalina Fonseka and Others v. Dharshani Fonseka and Others - SLR - 95, Vol 2 of 1989 [1989] LKSC 17; (1989) 2 Sri LR 95 (27 April 1989)",structured_slr,0.908856,0.07809,0.00191,0.908856,0.011144,152,21161,11,0.072368,0.519824,1,0.006579,0.047257,18,20,True,True,False,True,True,0.07808956971359879,0.0019104302864011648,0.9088563255393997,0.0111436744606004,1980,0.9088563255393997,0.8307667558258008
1989/18.html,1989,SLR,"Finnegan v. Gatadari Hotels Lanka Ltd. - SLR - 272, Vol 2 of 1989 [1989] LKSC 18; (1989) 2 Sri LR 272 (9 November 1989)",structured_slr,0.909892,0.077908,0.002092,0.909892,0.010108,387,77582,37,0.095607,0.476915,0,0.0,0.0,40,103,True,True,True,False,True,0.0779083338923625,0.0020916661076374604,0.9098920127798543,0.010107987220145725,1980,0.9098920127798543,0.8319836788874918
1989/19.html,1989,SLR,"Mohamed v. Seneviratne - SLR - 389, Vol 2 of 1989 [1989] LKSC 19; (1989) 2 Sri LR 389 (16 June 1989)",structured_slr,0.909892,0.077639,0.002361,0.909892,0.010108,71,9605,9,0.126761,0.937012,0,0.0,0.0,13,21,True,True,True,True,True,0.0776389344211535,0.002361065578846467,0.9098920127798543,0.010107987220145725,1980,0.9098920127798543,0.8322530783587008
1989/2.html,1989,SLR,"Sai Nona v. Maggie Silva and Another - SLR - 111, Vol 2 of 1989 [1989] LKSC 2; (1989) 2 Sri LR 111 (21 September 1989)",structured_slr,0.909892,0.078369,0.001631,0.909892,0.010108,251,46667,8,0.031873,0.171427,0,0.0,0.0,26,47,True,True,True,True,True,0.07836943594063146,0.0016305640593685053,0.9098920127798543,0.010107987220145725,1980,0.9098920127798543,0.8315225768392228
1989/20.html,1989,SLR,"Mallawarachchi v. Seneviratne, Officer In Charge, Police Station, Kollupitiya and Others - SLR - 181, Vol 1 of 1992 [1989] LKSC 20; (1992) 1 Sri LR 181 (24 August 1989)",structured_slr,0.909892,0.075142,0.004858,0.909892,0.010108,111,27514,35,0.315315,1.27208,0,0.0,0.0,9,27,True,True,True,True,True,0.0751419414737767,0.004858058526223256,0.9098920127798543,0.010107987220145725,1980,0.9098920127798543,0.8347500713060776
1989/21.html,1989,SLR,"Veeradas v. Controller of Immigration and Emigration and Others - SLR - 205, Vol 2 of 1989 [1989] LKSC 21; (1989) 2 Sri LR 205 (8 November 1989)",structured_slr,0.909892,0.078209,0.001791,0.909892,0.010108,251,62026,14,0.055777,0.225712,0,0.0,0.0,34,36,True,True,True,True,True,0.07820949262527714,0.001790507374722824,0.9098920127798543,0.010107987220145725,1980,0.9098920127798543,0.8316825201545772
1989/22.html,1989,SLR,"Sasanasiritissa Thero and Others v. De Silva, P.A.,Chief Inspector, C.I.D. and Others - SLR - 356, Vol 2 of 1989 [1989] LKSC 22; (1989) 2 Sri LR 356 (27 July 1989)",structured_slr,0.909892,0.078453,0.001547,0.909892,0.010108,378,64021,7,0.018519,0.109339,0,0.0,0.0,35,64,True,True,True,True,False,0.07845260831931385,0.0015473916806861127,0.9098920127798543,0.010107987220145725,1980,0.9098920127798543,0.8314394044605404
1989/23.html,1989,SLR,"Sanmugam and Another v. Thambiaiyah - SLR - 151, Vol 2 of 1989 [1989] LKSC 23; (1989) 2 Sri LR 151 (9 October 1989)",structured_slr,0.908586,0.077186,0.002814,0.908586,0.011414,122,23802,21,0.172131,0.882279,1,0.008197,0.042013,18,42,True,True,False,True,True,0.07718563308375447,0.0028143669162454853,0.9085859563445183,0.01141404365548171,1980,0.9085859563445183,0.8314003232607639
1989/24.html,1989,SLR,"Ranjith Fonseka v. The Attorney General - SLR - 50, Vol 1 of 1990 [1989] LKSC 24; (1990) 1 Sri LR 50 (4 July 1989)",structured_slr,0.909892,0.075864,0.004136,0.909892,0.010108,55,12776,15,0.272727,1.174076,0,0.0,0.0,13,11,True,True,True,True,True,0.07586352489611191,0.004136475103888062,0.9098920127798543,0.010107987220145725,1980,0.9098920127798543,0.8340284878837424
1989/25.html,1989,SLR,"Mrs. W. M. K. De Silva v. Chairman, Ceylon Fertilizer Orporation - SLR - 393, Vol 2 of 1989 [1989] LKSC 25; (1989) 2 Sri LR 393 (31 March 1989)",structured_slr,0.909892,0.078267,0.001733,0.909892,0.010108,211,38560,10,0.047393,0.259336,0,0.0,0.0,23,104,True,True,True,True,True,0.07826726439135044,0.0017327356086495177,0.9098920127798543,0.010107987220145725,1980,0.9098920127798543,0.8316247483885039
1989/26.html,1989,SLR,"Shaul Hameed and Another v. Ranasinghe and Others - SLR - 104, Vol 1 of 1990 [1989] LKSC 26; (1990) 1 Sri LR 104 (20 June 1989)",structured_slr,0.909892,0.077612,0.002388,0.909892,0.010108,108,37151,14,0.12963,0.37684,0,0.0,0.0,24,10,True,True,True,True,False,0.0776124960546892,0.002387503945310758,0.9098920127798543,0.010107987220145725,1980,0.9098920127798543,0.8322795167251651
1989/27.html,1989,SLR,"Weligoda Pola v. Secretary, Ministry of Women'S Affairs and Teaching Hospitals and Others - SLR - 63, Vol 2 of 1989 [1989] LKSC 27; (1989) 2 Sri LR 63 (31 March 1989)",structured_slr,0.909892,0.078463,0.001537,0.909892,0.010108,356,67336,6,0.016854,0.089105,0,0.0,0.0,36,113,True,True,True,True,True,0.07846268232641487,0.0015373176735850897,0.9098920127798543,0.010107987220145725,1980,0.9098920127798543,0.8314293304534395
1989/28.html,1989,SLR,"Wijejayasiriwardene v. Kumara, Inspector of Police, Kandy and Others - SLR - 312, Vol 2 of 1989 [1989] LKSC 28; (1989) 2 Sri LR 312 (3 November 1989)",structured_slr,0.909892,0.077353,0.002647,0.909892,0.010108,64,19302,10,0.15625,0.518081,0,0.0,0.0,16,13,True,True,True,True,True,0.07735312172890363,0.0026468782710963286,0.9098920127798543,0.010107987220145725,1980,0.9098920127798543,0.8325388910509507
1989/29.html,1989,SLR,"Perera Alias Charles v. Rodrigo - SLR - 332, Vol 2 of 1994 [1989] LKSC 29; (1994) 2 Sri LR 332 (20 October 1989)",structured_slr,0.909892,0.078561,0.001439,0.909892,0.010108,140,23452,0,0.0,0.0,0,0.0,0.0,18,46,True,True,True,True,True,0.07856110320303264,0.001438896796967324,0.9098920127798543,0.010107987220145725,1980,0.9098920127798543,0.8313309095768217
1989/3.html,1989,SLR,"Brooke Bond (Ceylon) Limited. v. Gunasekera - SLR - 71, Vol 1 of 1990 [1989] LKSC 3; (1990) 1 Sri LR 71 (6 June 1989)",structured_slr,0.909892,0.077686,0.002314,0.909892,0.010108,74,33968,9,0.121622,0.264955,0,0.0,0.0,21,7,True,True,True,True,True,0.07768558328494872,0.002314416715051235,0.9098920127798543,0.010107987220145725,1980,0.9098920127798543,0.8322064294949056
1989/30.html,1989,SLR,"Bandaranaike v. Premadasa - SLR - 240, Vol 1 of 1989 [1989] LKSC 30; (1989) 1 Sri LR 240 (29 May 1989)",structured_slr,0.909892,0.078417,0.001583,0.909892,0.010108,495,89531,12,0.024242,0.134032,0,0.0,0.0,52,103,True,True,False,True,False,0.0784174856642509,0.0015825143357490643,0.9098920127798543,0.010107987220145725,1980,0.9098920127798543,0.8314745271156034
1989/31.html,1989,SLR,"E. S. Fernando v. United Workers Union and Another - SLR - 199, Vol 2 of 1989 [1989] LKSC 31; (1989) 2 Sri LR 199 (31 October 1989)",structured_slr,0.909892,0.077023,0.002977,0.909892,0.010108,75,13529,14,0.186667,1.034814,0,0.0,0.0,13,24,True,True,False,True,True,0.07702341271792706,0.0029765872820729034,0.9098920127798543,0.010107987220145725,1980,0.9098920127798543,0.8328686000619272
1989/32.html,1989,SLR,"Hassan v. Fairline Garments International Ltd. and Others - SLR - 137, Vol 2 of 1989 [1989] LKSC 32; (1989) 2 Sri LR 137 (21 August 1989)",structured_slr,0.909892,0.077014,0.002986,0.909892,0.010108,192,32008,36,0.1875,1.124719,0,0.0,0.0,23,23,True,True,True,True,True,0.0770138490124696,0.002986150987530355,0.9098920127798543,0.010107987220145725,1980,0.9098920127798543,0.8328781637673848
1989/33.html,1989,SLR,"Basnayake v. Edirisinghe - SLR - 195, Vol 1 of 1989 [1989] LKSC 33; (1989) 1 Sri LR 195 (30 January 1989)",structured_slr,0.909892,0.077578,0.002422,0.909892,0.010108,60,17333,8,0.133333,0.461547,0,0.0,0.0,18,29,False,True,True,True,True,0.07757794777267657,0.0024220522273233885,0.9098920127798543,0.010107987220145725,1980,0.9098920127798543,0.8323140650071778
1989/34.html,1989,SLR,"Mudiyanse and Others v. Bandulahamy - SLR - 383, Vol 2 of 1989 [1989] LKSC 34; (1989) 2 Sri LR 383 (31 January 1989)",structured_slr,0.909892,0.077368,0.002632,0.909892,0.010108,84,14150,13,0.154762,0.918728,0,0.0,0.0,13,38,True,True,True,True,True,0.07736831244366846,0.002631687556331507,0.9098920127798543,0.010107987220145725,1980,0.9098920127798543,0.8325237003361858
1989/35.html,1989,SLR,"D.M.J. De Silva V.Mallika Perera - SLR - 352, Vol 2 of 1989 [1989] LKSC 35; (1989) 2 Sri LR 352 (4 December 1989)",structured_slr,0.909892,0.077778,0.002222,0.909892,0.010108,81,8635,9,0.111111,1.04227,0,0.0,0.0,12,9,True,True,True,True,True,0.07777822698353573,0.002221773016464233,0.9098920127798543,0.010107987220145725,1980,0.9098920127798543,0.8321137857963186
1989/36.html,1989,SLR,"K. S. De Silva v. National Water Supply and Drainage Board and Another - SLR - 1, Vol 2 of 1989 [1989] LKSC 36; (1989) 2 Sri LR 1 (5 July 1989)",structured_slr,0.909892,0.077395,0.002605,0.909892,0.010108,46,11079,7,0.152174,0.631826,0,0.0,0.0,12,20,True,True,True,True,True,0.07739453245742713,0.0026054675425728345,0.9098920127798543,0.010107987220145725,1980,0.9098920127798543,0.8324974803224272
1989/37.html,1989,SLR,"Podinona v. Premadasa - SLR - 191, Vol 2 of 1996 [1989] LKSC 37; (1996) 2 Sri LR 191 (3 November 1989)",structured_slr,0.909892,0.074368,0.005632,0.909892,0.010108,31,6632,11,0.354839,1.658625,0,0.0,0.0,16,10,True,True,True,True,True,0.07436843388802916,0.0056315661119708,0.9098920127798543,0.010107987220145725,1980,0.9098920127798543,0.8355235788918252
1989/4.html,1989,SLR,"Hameed Alias Abdul Rahman v. Weerasinghe and Others - SLR - 217, Vol 1 of 1989 [1989] LKSC 4; (1989) 1 Sri LR 217 (27 February 1989)",structured_slr,0.909892,0.07669,0.00331,0.909892,0.010108,42,10664,9,0.214286,0.843961,0,0.0,0.0,13,14,True,True,True,True,True,0.07669010428896372,0.0033098957110362314,0.9098920127798543,0.010107987220145725,1980,0.9098920127798543,0.8332019084908906
1989/5.html,1989,SLR,"K. G. N. Fernando v. Fawzi Mohamed - SLR - 96, Vol 1 of 1990 [1989] LKSC 5; (1990) 1 Sri LR 96 (6 July 1989)",structured_slr,0.909892,0.076496,0.003504,0.909892,0.010108,48,19694,11,0.229167,0.558546,0,0.0,0.0,16,6,True,True,True,True,True,0.07649599571531418,0.003504004284685786,0.9098920127798543,0.010107987220145725,1980,0.9098920127798543,0.8333960170645401
1989/6.html,1989,SLR,"Martin v. Wijewardene - SLR - 409, Vol 2 of 1989 [1989] LKSC 6; (1989) 2 Sri LR 409 (27 June 1989)",structured_slr,0.909892,0.07819,0.00181,0.909892,0.010108,171,21860,10,0.05848,0.457457,0,0.0,0.0,18,56,True,True,True,True,False,0.0781904688856623,0.0018095311143376586,0.9098920127798543,0.010107987220145725,1980,0.9098920127798543,0.831701543894192
1989/7.html,1989,SLR,"Mendis v. Abeysinghe and Another - SLR - 262, Vol 2 of 1989 [1989] LKSC 7; (1989) 2 Sri LR 262 (3 November 1989)",structured_slr,0.909892,0.077623,0.002377,0.909892,0.010108,109,24029,14,0.12844,0.582629,0,0.0,0.0,16,39,True,True,True,True,False,0.07762349677329342,0.002376503226706546,0.9098920127798543,0.010107987220145725,1980,0.9098920127798543,0.8322685160065609
1989/8.html,1989,SLR,"Perera v. Balasothy and Others - SLR - 222, Vol 1 of 1989 [1989] LKSC 8; (1989) 1 Sri LR 222 (21 February 1989)",structured_slr,0.909892,0.076101,0.003899,0.909892,0.010108,35,8930,9,0.257143,1.007839,0,0.0,0.0,10,13,False,False,True,True,False,0.07610132157244816,0.0038986784275517957,0.9098920127798543,0.010107987220145725,1980,0.9098920127798543,0.8337906912074061
1989/9.html,1989,SLR,"Sitamparanathan v. Premaratne and Others - SLR - 202, Vol 2 of 1996 [1989] LKSC 9; (1996) 2 Sri LR 202 (21 December 1989)",structured_slr,0.909892,0.077598,0.002402,0.909892,0.010108,61,13553,8,0.131148,0.590275,0,0.0,0.0,16,31,True,True,True,True,True,0.0775983915519862,0.0024016084480137584,0.9098920127798543,0.010107987220145725,1980,0.9098920127798543,0.8322936212278681
1990/1.html,1990,SLR,"Welakanda Dhammasiddi v. Kamburupitiye Somaloka Thero - SLR - 234, Vol 1 of 1990 [1990] LKSC 1; (1990) 1 Sri LR 234 (17 January 1990)",structured_slr,0.909892,0.076922,0.003078,0.909892,0.010108,87,23737,17,0.195402,0.716181,0,0.0,0.0,18,15,True,True,False,True,True,0.07692164516886738,0.003078354831132584,0.9098920127798543,0.010107987220145725,1990,0.9098920127798543,0.832970367610987
1990/10.html,1990,SLR,"Stassen Exports Limited v. Brooke Bond (Ceylon) Limited and Another - SLR - 63, Vol 2 of 1990 [1990] LKSC 10; (1990) 2 Sri LR 63 (9 October 1990)",structured_slr,0.909892,0.076021,0.003979,0.909892,0.010108,419,146823,110,0.26253,0.749201,0,0.0,0.0,67,106,True,True,True,True,True,0.0760206253280059,0.003979374671994067,0.9098920127798543,0.010107987220145725,1990,0.9098920127798543,0.8338713874518484
1990/11.html,1990,SLR,"Tunnaya Alias Gunapala v. Officer In Charge, Police Station, Galewela - SLR - 61, Vol 1 of 1993 [1990] LKSC 11; (1993) 1 Sri LR 61 (23 October 1990)",structured_slr,0.909892,0.074245,0.005755,0.909892,0.010108,61,23234,22,0.360656,0.946888,0,0.0,0.0,9,13,True,True,True,True,True,0.07424539846230772,0.00575460153769223,0.9098920127798543,0.010107987220145725,1990,0.9098920127798543,0.8356466143175466
1990/12.html,1990,SLR,"Sirisena and Others v. Earnest Perera and Others - SLR - 97, Vol 2 of 1991 [1990] LKSC 12; (1991) 2 Sri LR 97 (20 April 1990)",structured_slr,0.909892,0.07851,0.00149,0.909892,0.010108,338,64277,3,0.008876,0.046673,0,0.0,0.0,32,65,True,True,True,True,False,0.07851006742973457,0.0014899325702653944,0.9098920127798543,0.010107987220145725,1990,0.9098920127798543,0.8313819453501198
1990/13.html,1990,SLR,"Bernedette Valangenberg v. Hapuarachchige Anthony - SLR - 190, Vol 1 of 1990 [1990] LKSC 13; (1990) 1 Sri LR 190 (4 April 1990)",structured_slr,0.909892,0.076235,0.003765,0.909892,0.010108,125,39553,31,0.248,0.783759,0,0.0,0.0,26,28,True,True,True,True,True,0.076234738750145,0.0037652612498549533,0.9098920127798543,0.010107987220145725,1990,0.9098920127798543,0.8336572740297093
1990/14.html,1990,SLR,"Wijenaike v. Air Lanka Limited and Others - SLR - 293, Vol 1 of 1990 [1990] LKSC 14; (1990) 1 Sri LR 293 (14 March 1990)",structured_slr,0.909892,0.077464,0.002536,0.909892,0.010108,186,58984,27,0.145161,0.457751,0,0.0,0.0,33,26,True,True,True,True,True,0.07746432098800655,0.0025356790119934075,0.9098920127798543,0.010107987220145725,1990,0.9098920127798543,0.8324276917918477
1990/15.html,1990,SLR,"Jayaweera v. National Film Corporation - SLR - 120, Vol 2 of 1995 [1990] LKSC 15; (1995) 2 Sri LR 120 (7 December 1990)",structured_slr,0.909892,0.071812,0.008188,0.909892,0.010108,35,7245,16,0.457143,2.20842,0,0.0,0.0,12,9,True,True,True,True,False,0.07181233864157939,0.008187661358420568,0.9098920127798543,0.010107987220145725,1990,0.9098920127798543,0.8380796741382749
1990/16.html,1990,SLR,"Mendis v. Dublin De Silva and Two Others - SLR - 249, Vol 2 of 1990 [1990] LKSC 16; (1990) 2 Sri LR 249 (6 April 1990)",structured_slr,0.909892,0.074116,0.005884,0.909892,0.010108,30,6748,11,0.366667,1.630113,0,0.0,0.0,10,7,True,True,True,True,False,0.07411565857652125,0.005884341423478715,0.9098920127798543,0.010107987220145725,1990,0.9098920127798543,0.8357763542033331
1990/17.html,1990,SLR,"Sivapathalingam v. Sivasubramaniam - SLR - 378, Vol 1 of 1990 [1990] LKSC 17; (1990) 1 Sri LR 378 (21 February 1990)",structured_slr,0.909892,0.076548,0.003452,0.909892,0.010108,111,41072,25,0.225225,0.608687,0,0.0,0.0,24,22,True,True,True,True,True,0.07654844845376114,0.003451551546238821,0.9098920127798543,0.010107987220145725,1990,0.9098920127798543,0.8333435643260931
1990/18.html,1990,SLR,"Weerasinghe v. Chandananda De Silva, Commissioner of Elections and Others - SLR - 76, Vol 1 of 1992 [1990] LKSC 18; (1992) 1 Sri LR 76 (10 September 1990)",structured_slr,0.909892,0.077183,0.002817,0.909892,0.010108,174,71686,30,0.172414,0.418492,0,0.0,0.0,25,25,True,True,True,True,True,0.07718255767988293,0.002817442320117032,0.9098920127798543,0.010107987220145725,1990,0.9098920127798543,0.8327094550999714
1990/19.html,1990,SLR,"Wicremabandu v. Herath and Others - SLR - 348, Vol 2 of 1990 [1990] LKSC 19; (1990) 2 Sri LR 348 (1 January 1990)",structured_slr,0.909892,0.077028,0.002972,0.909892,0.010108,306,109747,57,0.186275,0.519376,0,0.0,0.0,80,45,True,True,True,True,False,0.07702790308997873,0.0029720969100212363,0.9098920127798543,0.010107987220145725,1990,0.9098920127798543,0.8328641096898756
1990/2.html,1990,SLR,"All Ceylon Match Workers Union v. Jauffer Hassan and Others - SLR - 420, Vol 2 of 1990 [1990] LKSC 2; (1990) 2 Sri LR 420 (13 November 1990)",structured_slr,0.909892,0.070464,0.009536,0.909892,0.010108,20,1681,10,0.5,5.94884,0,0.0,0.0,6,6,False,False,False,True,True,0.07046376623823056,0.0095362337617694,0.9098920127798543,0.010107987220145725,1990,0.9098920127798543,0.8394282465416237
1990/20.html,1990,SLR,"Gaffoor v. Wilson and Another - SLR - 142, Vol 1 of 1990 [1990] LKSC 20; (1990) 1 Sri LR 142 (16 April 1990)",structured_slr,0.909892,0.076577,0.003423,0.909892,0.010108,130,31377,29,0.223077,0.924244,0,0.0,0.0,24,27,True,True,True,True,True,0.07657671358300887,0.003423286416991097,0.9098920127798543,0.010107987220145725,1990,0.9098920127798543,0.8333152991968454
1990/21.html,1990,SLR,"P. B. Ratnayake v. M. S. B. J. Bandara - SLR - 156, Vol 1 of 1990 [1990] LKSC 21; (1990) 1 Sri LR 156 (28 May 1990)",structured_slr,0.909892,0.077525,0.002475,0.909892,0.010108,252,81035,35,0.138889,0.431912,0,0.0,0.0,47,29,True,True,True,True,True,0.07752520129475908,0.0024747987052408846,0.9098920127798543,0.010107987220145725,1990,0.9098920127798543,0.8323668114850953
1990/22.html,1990,SLR,"Chandra Kalyanie Perera and Another v. Captain Siriwardena and Others - SLR - 251, Vol 1 of 1992 [1990] LKSC 22; (1992) 1 Sri LR 251 (9 July 1990)",structured_slr,0.909892,0.075013,0.004987,0.909892,0.010108,121,42352,39,0.322314,0.920854,0,0.0,0.0,10,33,True,True,True,True,True,0.07501261231063157,0.00498738768936839,0.9098920127798543,0.010107987220145725,1990,0.9098920127798543,0.8348794004692227
1990/23.html,1990,SLR,"Somawathie v. Weerasinghe and Others - SLR - 121, Vol 2 of 1990 [1990] LKSC 23; (1990) 2 Sri LR 121 (20 November 1990)",structured_slr,0.909892,0.076696,0.003304,0.909892,0.010108,145,47058,31,0.213793,0.658762,0,0.0,0.0,27,29,True,True,True,True,True,0.07669635569659068,0.0033036443034092805,0.9098920127798543,0.010107987220145725,1990,0.9098920127798543,0.8331956570832636
1990/24.html,1990,SLR,"Siththi Fausiya v. Harun Kareem - SLR - 154, Vol 2 of 1990 [1990] LKSC 24; (1990) 2 Sri LR 154 (5 October 1990)",structured_slr,0.909892,0.075232,0.004768,0.909892,0.010108,87,21975,27,0.310345,1.228669,0,0.0,0.0,17,16,True,True,True,True,True,0.0752318666375984,0.004768133362401566,0.9098920127798543,0.010107987220145725,1990,0.9098920127798543,0.8346601461422559
1990/25.html,1990,SLR,"Kiriwanthe and Another v. Navaratne and Another - SLR - 393, Vol 2 of 1990 [1990] LKSC 25; (1990) 2 Sri LR 393 (16 October 1990)",structured_slr,0.909892,0.07684,0.00316,0.909892,0.010108,183,56842,37,0.202186,0.650927,0,0.0,0.0,43,31,True,True,True,True,True,0.07684031166698037,0.0031596883330195823,0.9098920127798543,0.010107987220145725,1990,0.9098920127798543,0.833051701112874
1990/3.html,1990,SLR,"Kamil Hassan v. Fairline Garments (International) Ltd. and Two Others - SLR - 394, Vol 1 of 1990 [1990] LKSC 3; (1990) 1 Sri LR 394 (2 March 1990)",structured_slr,0.909892,0.078023,0.001977,0.909892,0.010108,111,31931,9,0.081081,0.281858,0,0.0,0.0,21,10,True,True,True,True,True,0.07802348754797772,0.0019765124520222427,0.9098920127798543,0.010107987220145725,1990,0.9098920127798543,0.8318685252318766
1990/4.html,1990,SLR,"Sebastian Fernando v. Katana Multi Purpose Co Operative Society Ltd., and Others - SLR - 342, Vol 1 of 1990 [1990] LKSC 4; (1990) 1 Sri LR 342 (31 January 1990)",structured_slr,0.909892,0.077288,0.002712,0.909892,0.010108,160,44851,26,0.1625,0.579697,0,0.0,0.0,27,24,True,True,True,True,True,0.0772883868672657,0.00271161313273425,0.9098920127798543,0.010107987220145725,1990,0.9098920127798543,0.8326036259125886
1990/5.html,1990,SLR,"Kulakulasuriya v. Ranmenika - SLR - 331, Vol 1 of 1990 [1990] LKSC 5; (1990) 1 Sri LR 331 (18 June 1990)",structured_slr,0.909892,0.076334,0.003666,0.909892,0.010108,83,25397,20,0.240964,0.787495,0,0.0,0.0,17,18,True,True,True,True,True,0.07633444317510615,0.0036655568248938025,0.9098920127798543,0.010107987220145725,1990,0.9098920127798543,0.8335575696047481
1990/6.html,1990,SLR,"Mahinda Rajapaksa v. Kudahetti and Others - SLR - 223, Vol 2 of 1992 [1990] LKSC 6; (1992) 2 Sri LR 223 (11 September 1990)",structured_slr,0.909892,0.076374,0.003626,0.909892,0.010108,126,54046,30,0.238095,0.555083,0,0.0,0.0,18,27,True,True,True,True,True,0.0763743731069602,0.003625626893039761,0.9098920127798543,0.010107987220145725,1990,0.9098920127798543,0.8335176396728942
1990/7.html,1990,SLR,"Premalal De Silva v. Inspector Rodrigo and Others - SLR - 307, Vol 2 of 1991 [1990] LKSC 7; (1991) 2 Sri LR 307 (5 September 1990)",structured_slr,0.909892,0.078169,0.001831,0.909892,0.010108,195,30108,12,0.061538,0.398565,0,0.0,0.0,20,26,True,True,True,True,True,0.07816870856303997,0.001831291436959998,0.9098920127798543,0.010107987220145725,1990,0.9098920127798543,0.8317233042168144
1990/8.html,1990,SLR,"Samanthilaka v. Ernest Rerera and Others - SLR - 318, Vol 1 of 1990 [1990] LKSC 8; (1990) 1 Sri LR 318 (29 June 1990)",structured_slr,0.909892,0.076895,0.003105,0.909892,0.010108,86,23828,17,0.197674,0.713446,0,0.0,0.0,17,16,True,True,True,True,True,0.07689463247084904,0.0031053675291509214,0.9098920127798543,0.010107987220145725,1990,0.9098920127798543,0.8329973803090053
1990/9.html,1990,SLR,"Mannar Mannan v. The Republic of Sri Lanka - SLR - 280, Vol 1 of 1990 [1990] LKSC 9; (1990) 1 Sri LR 280 (30 January 1990)",structured_slr,0.909892,0.075655,0.004345,0.909892,0.010108,112,33280,32,0.285714,0.961538,0,0.0,0.0,25,28,True,True,True,True,True,0.07565494340546268,0.0043450565945372735,0.9098920127798543,0.010107987220145725,1990,0.9098920127798543,0.8342370693743917
1991/1.html,1991,SLR,"Gomez v. Bernard - SLR - 396, Vol 1 of 1993 [1991] LKSC 1; (1993) 1 Sri LR 396 (30 May 1991)",structured_slr,0.909892,0.072928,0.007072,0.909892,0.010108,60,20726,25,0.416667,1.206214,0,0.0,0.0,10,19,True,True,True,True,True,0.07292801722767865,0.00707198277232131,0.9098920127798543,0.010107987220145725,1990,0.9098920127798543,0.8369639955521757
1991/10.html,1991,SLR,"Dissanayaka v. Superintendent Mahara Prison and Others - SLR - 247, Vol 2 of 1991 [1991] LKSC 10; (1991) 2 Sri LR 247 (28 March 1991)",structured_slr,0.909892,0.078393,0.001607,0.909892,0.010108,249,33551,7,0.028112,0.208638,0,0.0,0.0,17,29,True,True,True,True,True,0.07839329357874167,0.0016067064212582829,0.9098920127798543,0.010107987220145725,1990,0.9098920127798543,0.8314987192011126
1991/11.html,1991,SLR,"Seetha Weerakoon v. Mahendra, O.I.C. Police Station, Galagedera and Others - SLR - 172, Vol 2 of 1991 [1991] LKSC 11; (1991) 2 Sri LR 172 (29 July 1991)",structured_slr,0.909892,0.078487,0.001513,0.909892,0.010108,157,21067,2,0.012739,0.094935,0,0.0,0.0,19,17,True,True,True,True,True,0.07848730490541493,0.0015126950945850263,0.9098920127798543,0.010107987220145725,1990,0.9098920127798543,0.8314047078744394
1991/12.html,1991,SLR,"Dhammika Chandratileke v. Susantha Mahes Moonesinghe - SLR - 303, Vol 2 of 1992 [1991] LKSC 12; (1992) 2 Sri LR 303 (4 June 1991)",structured_slr,0.909892,0.060337,0.019663,0.909892,0.010108,264,123824,190,0.719697,1.534436,0,0.0,0.0,14,252,True,True,True,True,False,0.06033707686339968,0.019662923136600275,0.9098920127798543,0.010107987220145725,1990,0.9098920127798543,0.8495549359164546
1991/13.html,1991,SLR,"Parameswary Jayathevan v. Attorney General and Others - SLR - 356, Vol 2 of 1992 [1991] LKSC 13; (1992) 2 Sri LR 356 (30 October 1991)",structured_slr,0.909892,0.075203,0.004797,0.909892,0.010108,109,34753,34,0.311927,0.978333,0,0.0,0.0,28,25,True,True,True,True,True,0.07520341303504822,0.004796586964951732,0.9098920127798543,0.010107987220145725,1990,0.9098920127798543,0.8346885997448061
1991/14.html,1991,SLR,"Basnagoda Hemaloka v. Sandanangama Attadassi - SLR - 224, Vol 2 of 1991 [1991] LKSC 14; (1991) 2 Sri LR 224 (28 March 1991)",structured_slr,0.908277,0.078561,0.001439,0.908277,0.011723,100,11746,0,0.0,0.0,1,0.01,0.085135,10,20,True,True,True,True,True,0.07856110320303264,0.001438896796967324,0.9082770384930174,0.01172296150698268,1990,0.9082770384930174,0.8297159352899848
1991/15.html,1991,SLR,"Pannaloka Thero v. Sangananda Thero - SLR - 230, Vol 2 of 1991 [1991] LKSC 15; (1991) 2 Sri LR 230 (23 May 1991)",structured_slr,0.909892,0.07841,0.00159,0.909892,0.010108,196,32282,5,0.02551,0.154885,0,0.0,0.0,17,28,True,True,True,True,True,0.07840959873439325,0.00159040126560671,0.9098920127798543,0.010107987220145725,1990,0.9098920127798543,0.8314824140454611
1991/16.html,1991,SLR,"The Bishop of Chilaw v. Wijenathan - SLR - 153, Vol 2 of 1991 [1991] LKSC 16; (1991) 2 Sri LR 153 (10 September 1991)",structured_slr,0.909892,0.077665,0.002335,0.909892,0.010108,226,40232,28,0.123894,0.695963,0,0.0,0.0,38,84,True,True,True,True,True,0.07766507069213525,0.0023349293078647063,0.9098920127798543,0.010107987220145725,1990,0.9098920127798543,0.8322269420877191
1991/17.html,1991,SLR,"Gamini Dissanayake (Petitioner In Sc 4/91) v. Kaleel, M.C.M. and Others - SLR - 135, Vol 2 of 1993 [1991] LKSC 17; (1993) 2 Sri LR 135 (27 October 1991)",structured_slr,0.909892,0.075819,0.004181,0.909892,0.010108,715,263331,197,0.275524,0.748108,0,0.0,0.0,37,149,True,True,True,True,False,0.07581941814782808,0.0041805818521718765,0.9098920127798543,0.010107987220145725,1990,0.9098920127798543,0.8340725946320262
1991/18.html,1991,SLR,"Gunaratne Vs. Translanka Investments Ltd. and Another - SLR - 1, Vol 2 of 1991 [1991] LKSC 18; (1991) 2 Sri LR 1 (23 October 1991)",structured_slr,0.909892,0.0782,0.0018,0.909892,0.010108,70,10904,4,0.057143,0.366838,0,0.0,0.0,20,25,True,True,True,True,True,0.07819990325548885,0.0018000967445110985,0.9098920127798543,0.010107987220145725,1990,0.9098920127798543,0.8316921095243655
1991/19.html,1991,SLR,"Jinadasa and Another v. Sam Silva and Others - SLR - 232, Vol 1 of 1994 [1991] LKSC 19; (1994) 1 Sri LR 232 (11 December 1991)",structured_slr,0.909892,0.076243,0.003757,0.909892,0.010108,679,143789,168,0.247423,1.168379,0,0.0,0.0,115,164,True,True,True,True,True,0.07624301130953645,0.003756988690463506,0.9098920127798543,0.010107987220145725,1990,0.9098920127798543,0.8336490014703178
1991/2.html,1991,SLR,"Ramasamy v. British Ceylon Corporation - SLR - 231, Vol 1 of 1991 [1991] LKSC 2; (1991) 1 Sri LR 231 (21 March 1991)",structured_slr,0.909892,0.0,0.08,0.909892,0.010108,22,16940,134,6.090909,7.910272,0,0.0,0.0,15,12,True,True,True,True,True,1.1462391924510479e-10,0.07999999988537604,0.9098920127798543,0.010107987220145725,1990,0.9098920127798543,0.8298920128944782
1991/20.html,1991,SLR,"Weerasinghe v. Silva - SLR - 248, Vol 2 of 1994 [1991] LKSC 20; (1994) 2 Sri LR 248 (16 July 1991)",structured_slr,0.909892,0.077886,0.002114,0.909892,0.010108,122,14328,12,0.098361,0.837521,0,0.0,0.0,17,18,True,True,False,True,True,0.07788577702704012,0.00211422297295983,0.9098920127798543,0.010107987220145725,1990,0.9098920127798543,0.8320062357528142
1991/21.html,1991,SLR,"Abeywardene v. Inspector General of Police and Others - SLR - 349, Vol 2 of 1991 [1991] LKSC 21; (1991) 2 Sri LR 349 (1 June 1991)",structured_slr,0.909892,0.078463,0.001537,0.909892,0.010108,476,70103,8,0.016807,0.114118,0,0.0,0.0,41,203,True,True,True,True,True,0.0784629657626554,0.0015370342373445573,0.9098920127798543,0.010107987220145725,1990,0.9098920127798543,0.8314290470171989
1991/22.html,1991,SLR,"Jayasuriya v. Sri Lanka State Plantations Corporation - SLR - 379, Vol 2 of 1995 [1991] LKSC 22; (1995) 2 Sri LR 379 (6 May 1991)",structured_slr,0.909892,0.067466,0.012534,0.909892,0.010108,202,81808,117,0.579208,1.430178,0,0.0,0.0,22,114,True,True,True,True,True,0.06746588567749973,0.012534114322500239,0.9098920127798543,0.010107987220145725,1990,0.9098920127798543,0.8424261271023545
1991/23.html,1991,SLR,"Premadasa Rodrigo v. Ceylon Petroleum Corporation - SLR - 382, Vol 2 of 1991 [1991] LKSC 23; (1991) 2 Sri LR 382 (10 September 1991)",structured_slr,0.909892,0.078472,0.001528,0.909892,0.010108,391,49354,6,0.015345,0.121571,0,0.0,0.0,36,142,True,True,True,True,True,0.07847175689941753,0.0015282431005824314,0.9098920127798543,0.010107987220145725,1990,0.9098920127798543,0.8314202558804368
1991/24.html,1991,SLR,"Bernard Soysa and Two Others v. The Attorney-General and Two Others - SLR - 56, Vol 2 of 1991 [1991] LKSC 24; (1991) 2 Sri LR 56 (16 October 1991)",structured_slr,0.909892,0.078317,0.001683,0.909892,0.010108,125,23347,5,0.04,0.21416,0,0.0,0.0,15,26,True,True,True,True,True,0.0783166922383625,0.0016833077616374616,0.9098920127798543,0.010107987220145725,1990,0.9098920127798543,0.8315753205414919
1991/25.html,1991,SLR,"Gamlath v. Neville De Silva and Others - SLR - 267, Vol 2 of 1991 [1991] LKSC 25; (1991) 2 Sri LR 267 (27 August 1991)",structured_slr,0.909892,0.078446,0.001554,0.909892,0.010108,153,23022,3,0.019608,0.13031,0,0.0,0.0,19,27,True,True,True,True,True,0.07844598439905412,0.0015540156009458382,0.9098920127798543,0.010107987220145725,1990,0.9098920127798543,0.8314460283808002
1991/26.html,1991,SLR,"Krishna Mining Co. (Ceylon) Ltd. v. Janatha Estates Development Board And - SLR - 209, Vol 2 of 1996 [1991] LKSC 26; (1996) 2 Sri LR 209 (21 August 1991)",structured_slr,0.909892,0.077965,0.002035,0.909892,0.010108,79,21045,7,0.088608,0.332621,0,0.0,0.0,43,17,True,False,True,True,False,0.07796461087465978,0.0020353891253401817,0.9098920127798543,0.010107987220145725,1990,0.9098920127798543,0.8319274019051945
1991/27.html,1991,SLR,"Lanka Jathika Sarvodaya Shramadana Sangamaya v. Heengama Director General of Customs and Others - SLR - 1, Vol 1 of 1993 [1991] LKSC 27; (1993) 1 Sri LR 1 (25 January 1991)",structured_slr,0.909892,0.074802,0.005198,0.909892,0.010108,162,45577,54,0.333333,1.184808,0,0.0,0.0,23,34,True,True,True,True,False,0.07480247294950854,0.0051975270504914205,0.9098920127798543,0.010107987220145725,1990,0.9098920127798543,0.8350895398303457
1991/28.html,1991,SLR,"Liyanapathirana and Another v. Peoples Bank and Others - SLR - 358, Vol 1 of 1993 [1991] LKSC 28; (1993) 1 Sri LR 358 (4 October 1991)",structured_slr,0.909892,0.071069,0.008931,0.909892,0.010108,27,6645,13,0.481481,1.956358,0,0.0,0.0,9,7,True,True,True,True,True,0.0710686281647386,0.008931371835261359,0.9098920127798543,0.010107987220145725,1990,0.9098920127798543,0.8388233846151157
1991/29.html,1991,SLR,"Ramupillai v. Festus Perera - SLR - 11, Vol 1 of 1991 [1991] LKSC 29; (1991) 1 Sri LR 11 (7 January 1991)",structured_slr,0.909892,0.0,0.08,0.909892,0.010108,141,157891,642,4.553191,4.066096,0,0.0,0.0,86,49,True,True,True,True,True,5.377305583031952e-08,0.07999994622694413,0.9098920127798543,0.010107987220145725,1990,0.9098920127798543,0.8298920665529101
1991/3.html,1991,SLR,"A.D.H.Perera v. Gunawardena - SLR - 27, Vol 2 of 1993 [1991] LKSC 3; (1993) 2 Sri LR 27 (8 July 1991)",structured_slr,0.909892,0.075602,0.004398,0.909892,0.010108,45,12838,13,0.288889,1.012619,0,0.0,0.0,8,7,True,True,True,True,True,0.07560246195874484,0.004397538041255113,0.9098920127798543,0.010107987220145725,1990,0.9098920127798543,0.8342895508211094
1991/30.html,1991,SLR,"Re Garumunige Tilakaratne - SLR - 134, Vol 1 of 1991 [1991] LKSC 30; (1991) 1 Sri LR 134 (14 March 1991)",structured_slr,0.909892,0.0,0.08,0.909892,0.010108,108,132718,545,5.046296,4.106451,0,0.0,0.0,60,111,True,True,False,True,False,7.480899943956838e-09,0.07999999251910002,0.9098920127798543,0.010107987220145725,1990,0.9098920127798543,0.8298920202607543
1991/31.html,1991,SLR,"Subbash Chandra Fernando v. Kapilaratne, Officer In Charge, Police Station, Gampaha and Others - SLR - 305, Vol 1 of 1992 [1991] LKSC 31; (1992) 1 Sri LR 305 (2 August 1991)",structured_slr,0.909892,0.074913,0.005087,0.909892,0.010108,58,19218,19,0.327586,0.988656,0,0.0,0.0,9,11,True,True,True,True,False,0.07491308014878774,0.005086919851212217,0.9098920127798543,0.010107987220145725,1990,0.9098920127798543,0.8349789326310666
1991/32.html,1991,SLR,"Hubert Fernando v. Kusumananda De Silva - SLR - 187, Vol 1 of 1991 [1991] LKSC 32; (1991) 1 Sri LR 187 (19 January 1991)",structured_slr,0.909892,0.0,0.08,0.909892,0.010108,36,30672,145,4.027778,4.727439,0,0.0,0.0,22,7,True,True,True,True,True,4.398438134955993e-07,0.07999956015618646,0.9098920127798543,0.010107987220145725,1990,0.9098920127798543,0.8298924526236678
1991/33.html,1991,SLR,"Dayawathie and Others v. Gunasekera and Another - SLR - 115, Vol 1 of 1991 [1991] LKSC 33; (1991) 1 Sri LR 115 (5 May 1991)",structured_slr,0.909892,0.0,0.08,0.909892,0.010108,14,13600,103,7.357143,7.573529,0,0.0,0.0,14,10,True,True,False,True,True,7.237765942136317e-13,0.07999999999927618,0.9098920127798543,0.010107987220145725,1990,0.9098920127798543,0.8298920127805781
1991/34.html,1991,SLR,"Faiz v. Attorney General and Others - SLR - 372, Vol 1 of 1995 [1991] LKSC 34; (1995) 1 Sri LR 372 (27 April 1991)",structured_slr,0.909892,0.077524,0.002476,0.909892,0.010108,187,79410,26,0.139037,0.327415,0,0.0,0.0,15,31,True,True,True,True,False,0.07752378114186165,0.00247621885813831,0.9098920127798543,0.010107987220145725,1990,0.9098920127798543,0.8323682316379927
1991/35.html,1991,SLR,"Malwattage v. Dharmawardena - SLR - 141, Vol 2 of 1991 [1991] LKSC 35; (1991) 2 Sri LR 141 (28 October 1991)",structured_slr,0.909892,0.078561,0.001439,0.909892,0.010108,192,19802,0,0.0,0.0,0,0.0,0.0,19,24,True,True,True,True,True,0.07856110320303264,0.001438896796967324,0.9098920127798543,0.010107987220145725,1990,0.9098920127798543,0.8313309095768217
1991/36.html,1991,SLR,"Shanmuganayagam and Another v. The Commissioner General of Inland Revenues - SLR - 390, Vol 1 of 1991 [1991] LKSC 36; (1991) 1 Sri LR 390 (12 July 1991)",structured_slr,0.909892,0.0,0.08,0.909892,0.010108,18,14486,87,4.833333,6.005799,0,0.0,0.0,13,7,True,True,True,True,True,1.7535106779931188e-08,0.07999998246489318,0.9098920127798543,0.010107987220145725,1990,0.9098920127798543,0.8298920303149612
1991/37.html,1991,SLR,"Samarakoon Banda v. Board of Directors, Co-Operative Wholesale Establishment - SLR - 386, Vol 1 of 1991 [1991] LKSC 37; (1991) 1 Sri LR 386 (5 April 1991)",structured_slr,0.909892,0.0,0.08,0.909892,0.010108,12,10188,63,5.25,6.183746,0,0.0,0.0,11,4,True,True,False,True,True,3.311950047546473e-09,0.07999999668804991,0.9098920127798543,0.010107987220145725,1990,0.9098920127798543,0.8298920160918044
1991/38.html,1991,SLR,"Weerasena v. Perera, A.D.R. - SLR - 121, Vol 1 of 1991 [1991] LKSC 38; (1991) 1 Sri LR 121 (24 May 1991)",structured_slr,0.909892,0.0,0.08,0.909892,0.010108,20,15633,93,4.65,5.948954,0,0.0,0.0,14,14,True,True,True,True,True,3.650819428102634e-08,0.07999996349180567,0.9098920127798543,0.010107987220145725,1990,0.9098920127798543,0.8298920492880486
1991/39.html,1991,SLR,"Sumanasena v. L.M. Herft - SLR - 342, Vol 2 of 1991 [1991] LKSC 39; (1991) 2 Sri LR 342 (18 December 1991)",structured_slr,0.909892,0.078395,0.001605,0.909892,0.010108,108,12724,3,0.027778,0.235775,0,0.0,0.0,20,45,True,True,True,True,True,0.07839539567926597,0.001604604320733998,0.9098920127798543,0.010107987220145725,1990,0.9098920127798543,0.8314966171005883
1991/4.html,1991,SLR,"Ellawala v. Wijewardena and Another - SLR - 45, Vol 2 of 1991 [1991] LKSC 4; (1991) 2 Sri LR 45 (19 December 1991)",structured_slr,0.909892,0.078561,0.001439,0.909892,0.010108,103,14257,0,0.0,0.0,0,0.0,0.0,25,18,True,False,True,True,True,0.07856110320303264,0.001438896796967324,0.9098920127798543,0.010107987220145725,1990,0.9098920127798543,0.8313309095768217
1991/40.html,1991,SLR,"Premadasa v. Wijeyawardena and Others - SLR - 333, Vol 1 of 1991 [1991] LKSC 40; (1991) 1 Sri LR 333 (1 October 1991)",structured_slr,0.909892,0.0,0.08,0.909892,0.010108,28,26875,124,4.428571,4.613953,0,0.0,0.0,19,9,True,True,True,True,True,8.852208653209454e-08,0.07999991147791342,0.9098920127798543,0.010107987220145725,1990,0.9098920127798543,0.8298921013019409
1991/41.html,1991,SLR,"Chandananda De Silva Commissioner of Elections and Another v. George Ivan Appuhamy and Others - SLR - 401, Vol 2 of 1993 [1991] LKSC 41; (1993) 2 Sri LR 401 (11 May 1991)",structured_slr,0.909892,0.077832,0.002168,0.909892,0.010108,105,42780,11,0.104762,0.257129,0,0.0,0.0,6,5,True,True,True,True,True,0.07783243114308476,0.0021675688569152045,0.9098920127798543,0.010107987220145725,1990,0.9098920127798543,0.8320595816367695
1991/42.html,1991,SLR,"Walgamage v. The Attorney General - SLR - 1, Vol 3 of 2000 [1991] LKSC 42; (2000) 3 Sri LR 1 (10 July 1991)",structured_slr,0.909892,0.0,0.08,0.909892,0.010108,32,27245,140,4.375,5.138558,0,0.0,0.0,21,6,True,True,True,True,True,1.0967657655847057e-07,0.0799998903234234,0.9098920127798543,0.010107987220145725,1990,0.9098920127798543,0.829892122456431
1991/43.html,1991,SLR,"Ismalebbe v. Assistant Commissioner of Agrarian Services - SLR - 332, Vol 2 of 1991 [1991] LKSC 43; (1991) 2 Sri LR 332 (9 November 1991)",structured_slr,0.909892,0.078561,0.001439,0.909892,0.010108,149,16951,0,0.0,0.0,0,0.0,0.0,22,11,True,True,True,True,True,0.07856110320303264,0.001438896796967324,0.9098920127798543,0.010107987220145725,1990,0.9098920127798543,0.8313309095768217
1991/44.html,1991,SLR,"Ibrahim v. Nadarajah - SLR - 131, Vol 1 of 1991 [1991] LKSC 44; (1991) 1 Sri LR 131 (6 January 1991)",structured_slr,0.909892,0.0,0.08,0.909892,0.010108,13,6323,72,5.538462,11.387,0,0.0,0.0,10,16,True,True,True,True,True,1.0446576048650508e-09,0.07999999895534235,0.9098920127798543,0.010107987220145725,1990,0.9098920127798543,0.8298920138245119
1991/5.html,1991,SLR,"Martin v. Suduhamy - SLR - 279, Vol 2 of 1991 [1991] LKSC 5; (1991) 2 Sri LR 279 (28 January 1991)",structured_slr,0.909892,0.078213,0.001787,0.909892,0.010108,344,54352,19,0.055233,0.349573,0,0.0,0.0,27,82,True,True,True,False,True,0.0782132976123738,0.0017867023876261654,0.9098920127798543,0.010107987220145725,1990,0.9098920127798543,0.8316787151674805
1991/6.html,1991,SLR,"Packiyanathan v. Singarajah - SLR - 205, Vol 2 of 1991 [1991] LKSC 6; (1991) 2 Sri LR 205 (2 September 1991)",structured_slr,0.909892,0.078561,0.001439,0.909892,0.010108,132,17583,0,0.0,0.0,0,0.0,0.0,13,22,True,True,True,True,True,0.07856110320303264,0.001438896796967324,0.9098920127798543,0.010107987220145725,1990,0.9098920127798543,0.8313309095768217
1991/7.html,1991,SLR,"Samaranayake v. Meddegewatte - SLR - 415, Vol 2 of 1991 [1991] LKSC 7; (1991) 2 Sri LR 415 (21 July 1991)",structured_slr,0.909892,0.078496,0.001504,0.909892,0.010108,89,8880,1,0.011236,0.112613,0,0.0,0.0,13,20,True,True,True,True,True,0.07849620150797618,0.0015037984920237874,0.9098920127798543,0.010107987220145725,1990,0.9098920127798543,0.8313958112718781
1991/8.html,1991,SLR,"Sannasgala v. University of Kelaniya and Members of the University Senate - SLR - 193, Vol 2 of 1991 [1991] LKSC 8; (1991) 2 Sri LR 193 (5 September 1991)",structured_slr,0.909892,0.078561,0.001439,0.909892,0.010108,157,23285,0,0.0,0.0,0,0.0,0.0,13,18,True,True,True,True,True,0.07856110320303264,0.001438896796967324,0.9098920127798543,0.010107987220145725,1990,0.9098920127798543,0.8313309095768217
1991/9.html,1991,SLR,"State Bank of India v. Edirisinghe and Others - SLR - 397, Vol 1 of 1991 [1991] LKSC 9; (1991) 1 Sri LR 397 (3 May 1991)",structured_slr,0.909892,0.0,0.08,0.909892,0.010108,54,54696,279,5.166667,5.100921,0,0.0,0.0,32,19,True,True,True,True,False,4.6221923888367634e-09,0.07999999537780757,0.9098920127798543,0.010107987220145725,1990,0.9098920127798543,0.8298920174020468
1992/1.html,1992,SLR,"Jayakody v. Karunanayake, Officer In Charge, Police Station, Polgahawela and Attorney General - SLR - 264, Vol 2 of 1994 [1992] LKSC 1; (1994) 2 Sri LR 264 (18 November 1992)",structured_slr,0.909892,0.078561,0.001439,0.909892,0.010108,91,16463,0,0.0,0.0,0,0.0,0.0,17,16,True,False,True,True,False,0.07856110320303264,0.001438896796967324,0.9098920127798543,0.010107987220145725,1990,0.9098920127798543,0.8313309095768217
1992/10.html,1992,SLR,"Bandula v. Almeida and Others - SLR - 309, Vol 1 of 1995 [1992] LKSC 10; (1995) 1 Sri LR 309 (27 March 1992)",structured_slr,0.909892,0.077331,0.002669,0.909892,0.010108,202,65163,32,0.158416,0.491076,0,0.0,0.0,12,31,True,True,True,True,True,0.07733085799635918,0.0026691420036407763,0.9098920127798543,0.010107987220145725,1990,0.9098920127798543,0.8325611547834951
1992/11.html,1992,SLR,"Dawson Silva v. Monetary Board of the Central Bank of Sri Lanka and Another - SLR - 344, Vol 1 of 1995 [1992] LKSC 11; (1995) 1 Sri LR 344 (30 June 1992)",structured_slr,0.909892,0.077003,0.002997,0.909892,0.010108,69,19341,13,0.188406,0.672147,0,0.0,0.0,14,7,True,True,True,True,True,0.07700341365999748,0.00299658634000249,0.9098920127798543,0.010107987220145725,1990,0.9098920127798543,0.8328885991198568
1992/12.html,1992,SLR,"The Surveyors' Institute of Sri Lanka v. The Surveyor General An Another - SLR - 319, Vol 2 of 1994 [1992] LKSC 12; (1994) 2 Sri LR 319 (5 February 1992)",structured_slr,0.909892,0.078561,0.001439,0.909892,0.010108,92,11212,0,0.0,0.0,0,0.0,0.0,17,12,True,False,True,True,False,0.07856110320303264,0.001438896796967324,0.9098920127798543,0.010107987220145725,1990,0.9098920127798543,0.8313309095768217
1992/13.html,1992,SLR,"De Silva and Others v. L. B. Finance Ltd. - SLR - 371, Vol 1 of 1993 [1992] LKSC 13; (1993) 1 Sri LR 371 (1 December 1992)",structured_slr,0.909892,0.059736,0.020264,0.909892,0.010108,37,11032,27,0.72973,2.447426,0,0.0,0.0,9,21,True,True,True,True,True,0.0597358647117641,0.020264135288235858,0.9098920127798543,0.010107987220145725,1990,0.9098920127798543,0.8501561480680903
1992/14.html,1992,SLR,"Joonoos v. Chandraratne - SLR - 86, Vol 1 of 1993 [1992] LKSC 14; (1993) 1 Sri LR 86 (1 April 1992)",structured_slr,0.909892,0.075361,0.004639,0.909892,0.010108,66,20367,20,0.30303,0.981981,0,0.0,0.0,13,13,False,True,True,True,True,0.07536138859077236,0.004638611409227595,0.9098920127798543,0.010107987220145725,1990,0.9098920127798543,0.834530624189082
1992/15.html,1992,SLR,"Gunaratne and Others v. Sri Lanka Telecom and Others - SLR - 109, Vol 1 of 1993 [1992] LKSC 15; (1993) 1 Sri LR 109 (24 August 1992)",structured_slr,0.909892,0.015269,0.064731,0.909892,0.010108,72,22531,98,1.361111,4.349563,0,0.0,0.0,17,8,True,False,True,True,False,0.015268649030478924,0.06473135096952104,0.9098920127798543,0.010107987220145725,1990,0.9098920127798543,0.8451606618103333
1992/16.html,1992,SLR,"Amerasekere v. Mitsui and Company Ltd., and Others - SLR - 22, Vol 1 of 1993 [1992] LKSC 16; (1993) 1 Sri LR 22 (2 December 1992)",structured_slr,0.909892,0.049037,0.030963,0.909892,0.010108,87,39430,77,0.885057,1.952828,0,0.0,0.0,9,62,True,True,True,True,False,0.04903680694466808,0.030963193055331878,0.9098920127798543,0.010107987220145725,1990,0.9098920127798543,0.8608552058351863
1992/17.html,1992,SLR,"Don Karunaratne v. The Monetary Board of the Central Bank of Sri Lanka and Others - SLR - 1, Vol 2 of 1993 [1992] LKSC 17; (1993) 2 Sri LR 1 (24 August 1992)",structured_slr,0.909892,0.076986,0.003014,0.909892,0.010108,79,22835,15,0.189873,0.656886,0,0.0,0.0,17,7,True,True,True,True,True,0.07698644232495148,0.0030135576750484673,0.9098920127798543,0.010107987220145725,1990,0.9098920127798543,0.8329055704549029
1992/18.html,1992,SLR,"Mohamed Ismail and Two Others v. Hussain and Others - SLR - 380, Vol 2 of 1993 [1992] LKSC 18; (1993) 2 Sri LR 380 (1 January 1992)",structured_slr,0.909892,0.075893,0.004107,0.909892,0.010108,48,14969,13,0.270833,0.868461,0,0.0,0.0,7,6,True,False,True,True,True,0.07589314174548403,0.004106858254515929,0.9098920127798543,0.010107987220145725,1990,0.9098920127798543,0.8339988710343703
1992/19.html,1992,SLR,"Mohottige and Others v. Gunatilleke and Others - SLR - 246, Vol 2 of 1992 [1992] LKSC 19; (1992) 2 Sri LR 246 (13 November 1992)",structured_slr,0.909892,0.07117,0.00883,0.909892,0.010108,69,23771,33,0.478261,1.388246,0,0.0,0.0,10,17,True,False,False,True,True,0.0711703113302081,0.008829688669791861,0.9098920127798543,0.010107987220145725,1990,0.9098920127798543,0.8387217014496462
1992/2.html,1992,SLR,"City Carriers Ltd. v. The Attorney General - SLR - 257, Vol 2 of 1992 [1992] LKSC 2; (1992) 2 Sri LR 257 (6 May 1992)",structured_slr,0.909892,0.069771,0.010229,0.909892,0.010108,25,5858,13,0.52,2.219187,0,0.0,0.0,8,4,True,False,True,True,True,0.06977107469447347,0.010228925305526501,0.9098920127798543,0.010107987220145725,1990,0.9098920127798543,0.8401209380853809
1992/20.html,1992,SLR,"Perera and Another v. Cyril Ranatunga, Secretary Defence and Others - SLR - 39, Vol 1 of 1993 [1992] LKSC 20; (1993) 1 Sri LR 39 (27 May 1992)",structured_slr,0.909892,0.077872,0.002128,0.909892,0.010108,220,51301,22,0.1,0.428842,0,0.0,0.0,12,19,True,True,True,True,False,0.0778722405138507,0.0021277594861492674,0.9098920127798543,0.010107987220145725,1990,0.9098920127798543,0.8320197722660037
1992/21.html,1992,SLR,"Ratnasiri Perera v. Dissanayake, Assistant Commissioner of Co Operative Development and Others - SLR - 286, Vol 1 of 1992 [1992] LKSC 21; (1992) 1 Sri LR 286 (27 March 1992)",structured_slr,0.909892,0.070464,0.009536,0.909892,0.010108,118,39905,59,0.5,1.478511,0,0.0,0.0,11,53,True,True,True,True,False,0.07046376623823056,0.0095362337617694,0.9098920127798543,0.010107987220145725,1990,0.9098920127798543,0.8394282465416237
1992/22.html,1992,SLR,"Shanthi Chandrasekeram v. D. B. Wijetunga and Others - SLR - 293, Vol 2 of 1992 [1992] LKSC 22; (1992) 2 Sri LR 293 (4 May 1992)",structured_slr,0.909892,0.075909,0.004091,0.909892,0.010108,63,21718,17,0.269841,0.782761,0,0.0,0.0,18,12,True,True,True,True,False,0.075908573697566,0.004091426302433965,0.9098920127798543,0.010107987220145725,1990,0.9098920127798543,0.8339834390822883
1992/23.html,1992,SLR,"Swasthika Textile Industries Ltd. v. Thantrige Dayaratne - SLR - 348, Vol 2 of 1993 [1992] LKSC 23; (1993) 2 Sri LR 348 (19 October 1992)",structured_slr,0.909892,0.075655,0.004345,0.909892,0.010108,63,14268,18,0.285714,1.261564,0,0.0,0.0,6,7,True,False,True,True,False,0.07565494340546268,0.0043450565945372735,0.9098920127798543,0.010107987220145725,1990,0.9098920127798543,0.8342370693743917
1992/24.html,1992,SLR,"Wimal Vidyamani v. Jayatilleke, Lt. Col and Others - SLR - 64, Vol 2 of 1993 [1992] LKSC 24; (1993) 2 Sri LR 64 (16 June 1992)",structured_slr,0.909892,0.074377,0.005623,0.909892,0.010108,79,21837,28,0.35443,1.282227,0,0.0,0.0,9,19,True,True,True,True,False,0.07437699255067719,0.005623007449322766,0.9098920127798543,0.010107987220145725,1990,0.9098920127798543,0.8355150202291771
1992/25.html,1992,SLR,"Ragunathan v. Jayawardene, Secretary, Ministry of Transport and Highways and Others - SLR - 255, Vol 2 of 1994 [1992] LKSC 25; (1994) 2 Sri LR 255 (27 October 1992)",structured_slr,0.909892,0.078561,0.001439,0.909892,0.010108,49,3851,0,0.0,0.0,0,0.0,0.0,11,5,False,False,True,True,True,0.07856110320303264,0.001438896796967324,0.9098920127798543,0.010107987220145725,1990,0.9098920127798543,0.8313309095768217
1992/26.html,1992,SLR,"Abeyratne v. Gunatilake and Others - SLR - 294, Vol 2 of 1994 [1992] LKSC 26; (1994) 2 Sri LR 294 (26 October 1992)",structured_slr,0.909892,0.078561,0.001439,0.909892,0.010108,83,16046,0,0.0,0.0,0,0.0,0.0,13,13,True,False,True,True,False,0.07856110320303264,0.001438896796967324,0.9098920127798543,0.010107987220145725,1990,0.9098920127798543,0.8313309095768217
1992/27.html,1992,SLR,"Deshapriya and Another v. Municipal Council, Nuwara Eliya and Others - SLR - 362, Vol 1 of 1995 [1992] LKSC 27; (1995) 1 Sri LR 362 (10 October 1992)",structured_slr,0.909892,0.075737,0.004263,0.909892,0.010108,57,23237,16,0.280702,0.688557,0,0.0,0.0,13,15,True,True,True,True,False,0.07573658963894199,0.004263410361057975,0.9098920127798543,0.010107987220145725,1990,0.9098920127798543,0.8341554231409123
1992/28.html,1992,SLR,"Ratnasiri and Another v. Devasurendran, Inspector of Police, Slave Island and Others - SLR - 127, Vol 3 of 1994 [1992] LKSC 28; (1994) 3 Sri LR 127 (21 October 1992)",structured_slr,0.909892,0.077987,0.002013,0.909892,0.010108,175,22426,15,0.085714,0.668866,0,0.0,0.0,25,14,True,True,True,True,False,0.07798744736791344,0.0020125526320865185,0.9098920127798543,0.010107987220145725,1990,0.9098920127798543,0.8319045654119409
1992/29.html,1992,SLR,"Nandasena v. Uva Regional Transport Board - SLR - 318, Vol 1 of 1993 [1992] LKSC 29; (1993) 1 Sri LR 318 (7 December 1992)",structured_slr,0.909892,0.076526,0.003474,0.909892,0.010108,141,62834,32,0.22695,0.509278,0,0.0,0.0,12,29,True,True,True,True,True,0.07652558829081052,0.003474411709189434,0.9098920127798543,0.010107987220145725,1990,0.9098920127798543,0.8333664244890437
1992/3.html,1992,SLR,"Dona Podi Nona Ranaweera Menike v. Rohini Senanayake - SLR - 180, Vol 2 of 1992 [1992] LKSC 3; (1992) 2 Sri LR 180 (5 June 1992)",structured_slr,0.909892,0.066821,0.013179,0.909892,0.010108,239,95742,142,0.594142,1.483153,0,0.0,0.0,16,152,True,True,True,True,True,0.0668214320692858,0.01317856793071416,0.9098920127798543,0.010107987220145725,1990,0.9098920127798543,0.8430705807105685
1992/30.html,1992,SLR,"Wickramasinghe v. Sri Lanka State Trading (Consolidated Exports) Corporation - SLR - 41, Vol 3 of 1994 [1992] LKSC 30; (1994) 3 Sri LR 41 (29 April 1992)",structured_slr,0.909892,0.077964,0.002036,0.909892,0.010108,124,17733,11,0.08871,0.620312,0,0.0,0.0,25,25,True,True,True,True,False,0.07796380140750458,0.0020361985924953825,0.9098920127798543,0.010107987220145725,1990,0.9098920127798543,0.8319282113723497
1992/31.html,1992,SLR,"Brown & Co. Ltd. and Another v. Ratnayake, Arbitrator and Others - SLR - 91, Vol 3 of 1994 [1992] LKSC 31; (1994) 3 Sri LR 91 (26 November 1992)",structured_slr,0.909892,0.077454,0.002546,0.909892,0.010108,171,22767,25,0.146199,1.098081,0,0.0,0.0,23,18,True,True,True,True,True,0.07745410670255555,0.002545893297444406,0.9098920127798543,0.010107987220145725,1990,0.9098920127798543,0.8324379060772987
1992/32.html,1992,SLR,"Abeysekera v. Carolis - SLR - 1, Vol 1 of 1992 [1992] LKSC 32; (1992) 1 Sri LR 1 (5 February 1992)",structured_slr,0.909892,0.044426,0.035574,0.909892,0.010108,36,7695,34,0.944444,4.418454,0,0.0,0.0,10,38,True,True,True,True,True,0.04442627954117183,0.035573720458828124,0.9098920127798543,0.010107987220145725,1990,0.9098920127798543,0.8654657332386825
1992/33.html,1992,SLR,"Jayasingham v. Arumugam - SLR - 350, Vol 1 of 1992 [1992] LKSC 33; (1992) 1 Sri LR 350 (11 May 1992)",structured_slr,0.909892,0.076588,0.003412,0.909892,0.010108,63,13994,14,0.222222,1.000429,0,0.0,0.0,12,5,True,False,True,True,True,0.07658790273314098,0.0034120972668589848,0.9098920127798543,0.010107987220145725,1990,0.9098920127798543,0.8333041100467133
1992/34.html,1992,SLR,"Liyanage v. Municipal Council, Galls - SLR - 216, Vol 3 of 1994 [1992] LKSC 34; (1994) 3 Sri LR 216 (15 July 1992)",structured_slr,0.909892,0.078362,0.001638,0.909892,0.010108,242,29117,8,0.033058,0.274754,0,0.0,0.0,28,70,True,True,True,True,True,0.07836184735969585,0.0016381526403041063,0.9098920127798543,0.010107987220145725,1990,0.9098920127798543,0.8315301654201585
1992/35.html,1992,SLR,"Issadeen v. The Commissioner of National Housing and Others - SLR - 10, Vol 2 of 2003 [1992] LKSC 35; (2003) 2 Sri LR 10 (2 September 1992)",structured_slr,0.909892,0.077471,0.002529,0.909892,0.010108,90,15334,13,0.144444,0.847789,0,0.0,0.0,6,25,True,True,False,True,True,0.07747135336184043,0.0025286466381595394,0.9098920127798543,0.010107987220145725,1990,0.9098920127798543,0.8324206594180139
1992/4.html,1992,SLR,"Gunaratne v. Thambinayagam and Others - SLR - 355, Vol 2 of 1993 [1992] LKSC 4; (1993) 2 Sri LR 355 (25 November 1992)",structured_slr,0.909892,0.058187,0.021813,0.909892,0.010108,53,15961,40,0.754717,2.506109,0,0.0,0.0,7,28,True,True,True,True,False,0.058186621770417876,0.02181337822958208,0.9098920127798543,0.010107987220145725,1990,0.9098920127798543,0.8517053910094364
1992/5.html,1992,SLR,"Paramanathan and Another v. Kodituwakku Arachchi - SLR - 284, Vol 2 of 1994 [1992] LKSC 5; (1994) 2 Sri LR 284 (2 December 1992)",structured_slr,0.909892,0.078473,0.001527,0.909892,0.010108,132,17831,2,0.015152,0.112164,0,0.0,0.0,26,34,True,True,True,True,True,0.0784729137357201,0.0015270862642798564,0.9098920127798543,0.010107987220145725,1990,0.9098920127798543,0.8314190990441342
1992/6.html,1992,SLR,"In the Matter of Proceedings Against An Attorney At Law For Contempt of Court - SLR - 243, Vol 1 of 1993 [1992] LKSC 6; (1993) 1 Sri LR 243 (28 April 1992)",structured_slr,0.909892,0.067236,0.012764,0.909892,0.010108,65,21315,38,0.584615,1.782782,0,0.0,0.0,6,37,True,True,True,True,False,0.06723556971442798,0.012764430285571969,0.9098920127798543,0.010107987220145725,1990,0.9098920127798543,0.8426564430654263
1992/7.html,1992,SLR,"Jayatillake and Another v. Kaleel and Others - SLR - 319, Vol 1 of 1994 [1992] LKSC 7; (1994) 1 Sri LR 319 (22 January 1992)",structured_slr,0.909892,0.078264,0.001736,0.909892,0.010108,1003,179442,48,0.047856,0.267496,0,0.0,0.0,172,48,True,True,True,True,False,0.07826412208710212,0.0017358779128978452,0.9098920127798543,0.010107987220145725,1990,0.9098920127798543,0.8316278906927522
1992/8.html,1992,SLR,"Rev. Dharmatilleka Thero v. Rev. Buddharakkita Thero - SLR - 405, Vol 1 of 1993 [1992] LKSC 8; (1993) 1 Sri LR 405 (18 December 1992)",structured_slr,0.909892,0.075171,0.004829,0.909892,0.010108,51,9944,16,0.313725,1.60901,0,0.0,0.0,9,7,True,True,True,True,True,0.07517088151796478,0.004829118482035186,0.9098920127798543,0.010107987220145725,1990,0.9098920127798543,0.8347211312618895
1992/9.html,1992,SLR,"Weerapura v. Heenatiyane Nanda Tissa Thero and Another [International Buddhist Centre Case) - SLR - 76, Vol 3 of 1994 [1992] LKSC 9; (1994) 3 Sri LR 76 (31 July 1992)",structured_slr,0.909892,0.078111,0.001889,0.909892,0.010108,216,33090,15,0.069444,0.453309,0,0.0,0.0,43,22,True,True,True,True,True,0.07811125948270631,0.0018887405172936607,0.9098920127798543,0.010107987220145725,1990,0.9098920127798543,0.831780753297148
1993/1.html,1993,SLR,"Kularatne and Another v. Gunatilleke - SLR - 258, Vol 2 of 1994 [1993] LKSC 1; (1994) 2 Sri LR 258 (20 August 1993)",structured_slr,0.909892,0.078503,0.001497,0.909892,0.010108,99,11450,1,0.010101,0.087336,0,0.0,0.0,12,14,True,True,False,True,True,0.07850288580372693,0.0014971141962730333,0.9098920127798543,0.010107987220145725,1990,0.9098920127798543,0.8313891269761274
1993/10.html,1993,SLR,"Eksath Kamkaru Samithiya v. Ceylon Printers Limited and Others - SLR - 317, Vol 2 of 1996 [1993] LKSC 10; (1996) 2 Sri LR 317 (28 April 1993)",structured_slr,0.909892,0.076392,0.003608,0.909892,0.010108,38,6203,9,0.236842,1.450911,0,0.0,0.0,12,37,True,True,True,True,True,0.07639168172397236,0.0036083182760276067,0.9098920127798543,0.010107987220145725,1990,0.9098920127798543,0.833500331055882
1993/11.html,1993,SLR,"Palitha v. O.I.C., Police Station, Polonnaruwa and Others - SLR - 161, Vol 1 of 1993 [1993] LKSC 11; (1993) 1 Sri LR 161 (4 May 1993)",structured_slr,0.909892,0.071028,0.008972,0.909892,0.010108,29,3569,14,0.482759,3.922667,0,0.0,0.0,10,8,True,True,False,True,False,0.071027987662269,0.008972012337730957,0.9098920127798543,0.010107987220145725,1990,0.9098920127798543,0.8388640251175853
1993/12.html,1993,SLR,"Elasinghe v. Wijewickrema and Others - SLR - 163, Vol 1 of 1993 [1993] LKSC 12; (1993) 1 Sri LR 163 (17 February 1993)",structured_slr,0.909892,0.071495,0.008505,0.909892,0.010108,62,14547,29,0.467742,1.993538,0,0.0,0.0,12,23,True,True,False,True,True,0.07149544622320769,0.00850455377679227,0.9098920127798543,0.010107987220145725,1990,0.9098920127798543,0.8383965665566466
1993/13.html,1993,SLR,"Colombage v. Ceylon Petroleum Corporation - SLR - 150, Vol 3 of 1999 [1993] LKSC 13; (1999) 3 Sri LR 150 (25 June 1993)",structured_slr,0.909892,0.076314,0.003686,0.909892,0.010108,33,5309,8,0.242424,1.506875,0,0.0,0.0,10,8,True,True,True,True,True,0.07631396290970559,0.0036860370902943806,0.9098920127798543,0.010107987220145725,1990,0.9098920127798543,0.8335780498701487
1993/14.html,1993,SLR,"Daniel v. Chandradeva - SLR - 1, Vol 2 of 1994 [1993] LKSC 14; (1994) 2 Sri LR 1 (4 November 1993)",structured_slr,0.909892,0.078561,0.001439,0.909892,0.010108,141,38881,0,0.0,0.0,0,0.0,0.0,15,31,True,True,True,True,False,0.07856110320303264,0.001438896796967324,0.9098920127798543,0.010107987220145725,1990,0.9098920127798543,0.8313309095768217
1993/15.html,1993,SLR,"Izadeen v. Director General of Civil Aviation - SLR - 348, Vol 2 of 1996 [1993] LKSC 15; (1996) 2 Sri LR 348 (1 May 1993)",structured_slr,0.907747,0.07784,0.00216,0.907747,0.012253,77,18469,8,0.103896,0.433158,1,0.012987,0.054145,23,40,True,True,True,True,True,0.07783972420845858,0.00216027579154138,0.9077470012035769,0.012252998796423152,1990,0.9077470012035769,0.8299072769951183
1993/16.html,1993,SLR,"Perera and Nine Others v. Monetary Board of the Central Bank of Sri Lanka & Twenty-Two Others - SLR - 152, Vol 1 of 1994 [1993] LKSC 16; (1994) 1 Sri LR 152 (2 April 1993)",structured_slr,0.909892,0.078265,0.001735,0.909892,0.010108,712,128836,34,0.047753,0.263901,0,0.0,0.0,90,31,True,False,True,True,False,0.07826482161259223,0.001735178387407741,0.9098920127798543,0.010107987220145725,1990,0.9098920127798543,0.8316271911672621
1993/17.html,1993,SLR,"Julian v. Sirisena Cooray, Minister of National Housing and Construction and Others - SLR - 238, Vol 1 of 1993 [1993] LKSC 17; (1993) 1 Sri LR 238 (16 March 1993)",structured_slr,0.909892,0.074802,0.005198,0.909892,0.010108,42,12129,14,0.333333,1.154258,0,0.0,0.0,10,7,True,True,True,True,True,0.07480247294950854,0.0051975270504914205,0.9098920127798543,0.010107987220145725,1990,0.9098920127798543,0.8350895398303457
1993/18.html,1993,SLR,"Hopman and Others v. Minister of Lands and Land Development and Others - SLR - 240, Vol 2 of 1994 [1993] LKSC 18; (1994) 2 Sri LR 240 (2 November 1993)",structured_slr,0.909892,0.078561,0.001439,0.909892,0.010108,120,16762,0,0.0,0.0,0,0.0,0.0,24,32,True,True,True,True,True,0.07856110320303264,0.001438896796967324,0.9098920127798543,0.010107987220145725,1990,0.9098920127798543,0.8313309095768217
1993/19.html,1993,SLR,"Dalton Wijeyeratne v. Hermine Wijeyeratne - SLR - 313, Vol 1 of 1993 [1993] LKSC 19; (1993) 1 Sri LR 313 (4 April 1993)",structured_slr,0.909892,0.075655,0.004345,0.909892,0.010108,42,10266,12,0.285714,1.168907,0,0.0,0.0,10,6,True,True,True,True,True,0.07565494340546268,0.0043450565945372735,0.9098920127798543,0.010107987220145725,1990,0.9098920127798543,0.8342370693743917
1993/2.html,1993,SLR,"Chitambara Nadar and Another of Colombo v. Elasto Limited of Bentota - SLR - 325, Vol 2 of 1994 [1993] LKSC 2; (1994) 2 Sri LR 325 (18 October 1993)",structured_slr,0.909892,0.078494,0.001506,0.909892,0.010108,86,10450,1,0.011628,0.095694,0,0.0,0.0,20,11,True,False,True,True,True,0.07849388612903663,0.0015061138709633296,0.9098920127798543,0.010107987220145725,1990,0.9098920127798543,0.8313981266508177
1993/20.html,1993,SLR,"David v. Choksy - SLR - 302, Vol 1 of 1996 [1993] LKSC 20; (1996) 1 Sri LR 302 (17 September 1993)",structured_slr,0.909892,0.076413,0.003587,0.909892,0.010108,34,10045,8,0.235294,0.796416,0,0.0,0.0,12,17,False,False,True,True,True,0.07641295669225098,0.0035870433077489837,0.9098920127798543,0.010107987220145725,1990,0.9098920127798543,0.8334790560876033
1993/21.html,1993,SLR,"De Mel v. Nettasinghe - SLR - 332, Vol 2 of 1993 [1993] LKSC 21; (1993) 2 Sri LR 332 (8 July 1993)",structured_slr,0.909892,0.072615,0.007385,0.909892,0.010108,35,9809,15,0.428571,1.529208,0,0.0,0.0,6,9,True,True,True,True,True,0.07261496919119097,0.007385030808808992,0.9098920127798543,0.010107987220145725,1990,0.9098920127798543,0.8372770435886634
1993/22.html,1993,SLR,"Esquire (Garments) Industries Limited. v. Bank of India - SLR - 130, Vol 1 of 1993 [1993] LKSC 22; (1993) 1 Sri LR 130 (19 March 1993)",structured_slr,0.909892,0.076563,0.003437,0.909892,0.010108,58,14940,13,0.224138,0.870147,0,0.0,0.0,10,8,True,True,True,True,True,0.0765627798264913,0.0034372201735086514,0.9098920127798543,0.010107987220145725,1990,0.9098920127798543,0.833329232953363
1993/23.html,1993,SLR,"Jayakody v. Lilian Perera - SLR - 74, Vol 2 of 1993 [1993] LKSC 23; (1993) 2 Sri LR 74 (21 June 1993)",structured_slr,0.909892,0.07614,0.00386,0.909892,0.010108,55,14432,14,0.254545,0.970067,0,0.0,0.0,7,8,True,True,True,True,True,0.07613968195985889,0.0038603180401410643,0.9098920127798543,0.010107987220145725,1990,0.9098920127798543,0.8337523308199954
1993/24.html,1993,SLR,"Nanayakkara v. Warnakulasuriya - SLR - 289, Vol 2 of 1993 [1993] LKSC 24; (1993) 2 Sri LR 289 (11 November 1993)",structured_slr,0.909892,1e-06,0.079999,0.909892,0.010108,18,11490,67,3.722222,5.831158,0,0.0,0.0,13,3,True,True,True,True,True,1.4931309878019043e-06,0.07999850686901216,0.9098920127798543,0.010107987220145725,1990,0.9098920127798543,0.8298935059108421
1993/25.html,1993,SLR,"Tilak Karunaratne v. Mrs. Sirimavo Bandaranaike and Others - SLR - 90, Vol 2 of 1993 [1993] LKSC 25; (1993) 2 Sri LR 90 (1 June 1993)",structured_slr,0.909892,0.076765,0.003235,0.909892,0.010108,240,78600,50,0.208333,0.636132,0,0.0,0.0,18,42,True,True,True,True,True,0.07676483895367252,0.003235161046327442,0.9098920127798543,0.010107987220145725,1990,0.9098920127798543,0.8331271738261818
1993/26.html,1993,SLR,"Livinis Silva and Another v. William Fernando and Another - SLR - 97, Vol 1 of 1993 [1993] LKSC 26; (1993) 1 Sri LR 97 (28 April 1993)",structured_slr,0.909892,0.075918,0.004082,0.909892,0.010108,52,14349,14,0.269231,0.975678,0,0.0,0.0,10,9,True,True,True,True,True,0.07591803584703431,0.004081964152965646,0.9098920127798543,0.010107987220145725,1990,0.9098920127798543,0.83397397693282
1993/27.html,1993,SLR,"T.N. Fernando , Assistant Commissioner of Excise, Kalutara v. Nelum Gamage, Bribery Commissioner and Another - SLR - 190, Vol 3 of 1994 [1993] LKSC 27; (1994) 3 Sri LR 190 (5 December 1993)",structured_slr,0.909892,0.078157,0.001843,0.909892,0.010108,95,11932,6,0.063158,0.502849,0,0.0,0.0,18,11,True,True,True,True,True,0.07815707751982849,0.001842922480171476,0.9098920127798543,0.010107987220145725,1990,0.9098920127798543,0.8317349352600258
1993/28.html,1993,SLR,"Amaratunga v. Sirimal and Others (Jana Ghosha Case) - SLR - 264, Vol 1 of 1993 [1993] LKSC 28; (1993) 1 Sri LR 264 (8 March 1993)",structured_slr,0.909892,0.0,0.08,0.909892,0.010108,21,17185,92,4.380952,5.353506,0,0.0,0.0,17,11,True,True,True,True,False,1.0709623833093924e-07,0.07999989290376162,0.9098920127798543,0.010107987220145725,1990,0.9098920127798543,0.8298921198760927
1993/29.html,1993,SLR,"Ekanayake v. Gunatilleke, Superintendent of Police, Maho and Others - SLR - 371, Vol 2 of 1993 [1993] LKSC 29; (1993) 2 Sri LR 371 (16 November 1993)",structured_slr,0.909892,0.074951,0.005049,0.909892,0.010108,43,13613,14,0.325581,1.028429,0,0.0,0.0,7,6,True,False,True,True,False,0.07495114965274999,0.005048850347249963,0.9098920127798543,0.010107987220145725,1990,0.9098920127798543,0.8349408631271044
1993/3.html,1993,SLR,"Amarasinghe and Others v. The Attorney General and Others (Colombo Katunayake Expressway Case) - SLR - 376, Vol 1 of 1993 [1993] LKSC 3; (1993) 1 Sri LR 376 (15 March 1993)",structured_slr,0.909892,0.077566,0.002434,0.909892,0.010108,156,42584,21,0.134615,0.493143,0,0.0,0.0,17,14,True,True,True,True,True,0.07756587446597837,0.002434125534021585,0.9098920127798543,0.010107987220145725,1990,0.9098920127798543,0.8323261383138759
1993/30.html,1993,SLR,"Ratnapala v. Dharmasiri, Headquarters Inspector, Ratnapura and Others - SLR - 224, Vol 1 of 1993 [1993] LKSC 30; (1993) 1 Sri LR 224 (1 March 1993)",structured_slr,0.909892,0.076466,0.003534,0.909892,0.010108,121,26792,28,0.231405,1.045088,0,0.0,0.0,11,25,True,True,True,True,False,0.07646587898967945,0.0035341210103205134,0.9098920127798543,0.010107987220145725,1990,0.9098920127798543,0.8334261337901748
1993/31.html,1993,SLR,"Surendran v. The University Grants Commission and Another - SLR - 344, Vol 1 of 1993 [1993] LKSC 31; (1993) 1 Sri LR 344 (26 March 1993)",structured_slr,0.909892,0.078029,0.001971,0.909892,0.010108,199,30281,16,0.080402,0.528384,0,0.0,0.0,10,11,True,True,True,True,False,0.07802871637358574,0.001971283626414223,0.9098920127798543,0.010107987220145725,1990,0.9098920127798543,0.8318632964062685
1993/32.html,1993,SLR,"Weerasinghe v. Dissanayake and Others - SLR - 406, Vol 1 of 1997 [1993] LKSC 32; (1997) 1 Sri LR 406 (1 January 1993)",structured_slr,0.909892,0.07842,0.00158,0.909892,0.010108,84,12701,2,0.02381,0.157468,0,0.0,0.0,11,8,True,False,True,True,True,0.07842016393188771,0.0015798360681122464,0.9098920127798543,0.010107987220145725,1990,0.9098920127798543,0.8314718488479667
1993/33.html,1993,SLR,"Wijesuriya v. Lal Ranjith and Others - SLR - 276, Vol 3 of 1994 [1993] LKSC 33; (1994) 3 Sri LR 276 (17 December 1993)",structured_slr,0.909892,0.077994,0.002006,0.909892,0.010108,106,22020,9,0.084906,0.408719,0,0.0,0.0,21,11,True,False,True,True,True,0.07799377858117014,0.002006221418829825,0.9098920127798543,0.010107987220145725,1990,0.9098920127798543,0.8318982341986841
1993/34.html,1993,SLR,"Shanmugam v. Maskeliya Plantations Limited. - SLR - 208, Vol 1 of 1996 [1993] LKSC 34; (1996) 1 Sri LR 208 (18 November 1993)",structured_slr,0.909892,0.072968,0.007032,0.909892,0.010108,53,11452,22,0.415094,1.921062,0,0.0,0.0,22,10,True,False,True,True,True,0.0729684757131257,0.007031524286874258,0.9098920127798543,0.010107987220145725,1990,0.9098920127798543,0.8369235370667286
1993/35.html,1993,SLR,"Perera v. People'S Bank - SLR - 84, Vol 2 of 1995 [1993] LKSC 35; (1995) 2 Sri LR 84 (21 September 1993)",structured_slr,0.909892,0.071069,0.008931,0.909892,0.010108,27,7389,13,0.481481,1.759372,0,0.0,0.0,9,5,True,False,True,True,True,0.0710686281647386,0.008931371835261359,0.9098920127798543,0.010107987220145725,1990,0.9098920127798543,0.8388233846151157
1993/36.html,1993,SLR,"Chandrasiri v. Gen. Cyril Ranatunga and Others - SLR - 104, Vol 1 of 1993 [1993] LKSC 36; (1993) 1 Sri LR 104 (3 February 1993)",structured_slr,0.909892,0.075461,0.004539,0.909892,0.010108,37,10399,11,0.297297,1.057794,0,0.0,0.0,9,6,True,False,False,True,False,0.07546058363909297,0.004539416360906992,0.9098920127798543,0.010107987220145725,1990,0.9098920127798543,0.8344314291407613
1993/37.html,1993,SLR,"Bandara and Another v. Premachandra, Secretary, Ministry of Lands, Irrigation and Mahaweli Development and Others - SLR - 301, Vol 1 of 1994 [1993] LKSC 37; (1994) 1 Sri LR 301 (16 August 1993)",structured_slr,0.909892,0.07819,0.00181,0.909892,0.010108,239,38533,14,0.058577,0.363325,0,0.0,0.0,43,20,True,True,True,True,False,0.0781897825413251,0.001810217458674859,0.9098920127798543,0.010107987220145725,1990,0.9098920127798543,0.8317022302385292
1993/38.html,1993,SLR,"Munasinghe v. Dr. Joe Fernando and Others - SLR - 378, Vol 1 of 1996 [1993] LKSC 38; (1996) 1 Sri LR 378 (21 June 1993)",structured_slr,0.909892,0.078091,0.001909,0.909892,0.010108,97,29882,7,0.072165,0.234255,0,0.0,0.0,35,35,True,True,False,True,True,0.07809108335282107,0.0019089166471788956,0.9098920127798543,0.010107987220145725,1990,0.9098920127798543,0.8318009294270332
1993/39.html,1993,SLR,"Samarasinghe v. Air Lanka Ltd. and Others - SLR - 259, Vol 1 of 1996 [1993] LKSC 39; (1996) 1 Sri LR 259 (26 March 1993)",structured_slr,0.909892,0.077721,0.002279,0.909892,0.010108,136,44321,16,0.117647,0.361003,0,0.0,0.0,37,24,True,False,True,True,False,0.0777210514969532,0.0022789485030467677,0.9098920127798543,0.010107987220145725,1990,0.9098920127798543,0.8321709612829011
1993/4.html,1993,SLR,"De Silva v. Atukorale, Minister of Lands, Irrigation and Mahaweli Development and Another - SLR - 283, Vol 1 of 1993 [1993] LKSC 4; (1993) 1 Sri LR 283 (3 March 1993)",structured_slr,0.909892,0.074532,0.005468,0.909892,0.010108,98,36505,34,0.346939,0.931379,0,0.0,0.0,10,27,True,True,True,True,True,0.07453163501282693,0.005468364987173027,0.9098920127798543,0.010107987220145725,1990,0.9098920127798543,0.8353603777670274
1993/40.html,1993,SLR,"Alwis v. Piyasena Fernando - SLR - 119, Vol 1 of 1993 [1993] LKSC 40; (1993) 1 Sri LR 119 (20 March 1993)",structured_slr,0.909892,0.07499,0.00501,0.909892,0.010108,34,7027,11,0.323529,1.565391,0,0.0,0.0,9,5,True,False,True,True,True,0.07498983630404112,0.005010163695958847,0.9098920127798543,0.010107987220145725,1990,0.9098920127798543,0.8349021764758132
1993/41.html,1993,SLR,"Tillekeratne Banda and Another v. Kalubanda and Another - SLR - 95, Vol 1 of 1993 [1993] LKSC 41; (1993) 1 Sri LR 95 (2 March 1993)",structured_slr,0.909892,0.07117,0.00883,0.909892,0.010108,23,4256,11,0.478261,2.584586,0,0.0,0.0,10,6,True,False,False,True,True,0.0711703113302081,0.008829688669791861,0.9098920127798543,0.010107987220145725,1990,0.9098920127798543,0.8387217014496462
1993/42.html,1993,SLR,"Herath Banda v. Sub Inspector of Police, Wasgiyawatte Police Station and Others - SLR - 324, Vol 2 of 1993 [1993] LKSC 42; (1993) 2 Sri LR 324 (25 October 1993)",structured_slr,0.909892,0.073493,0.006507,0.909892,0.010108,33,5007,13,0.393939,2.596365,0,0.0,0.0,8,9,True,True,True,True,True,0.07349259563604246,0.006507404363957505,0.9098920127798543,0.010107987220145725,1990,0.9098920127798543,0.8363994171438118
1993/43.html,1993,SLR,"Building Materials Corporation v. Jathika Sevaka Sangamaya (On Behalf of D.N.T. Warnakulasuriya) - SLR - 316, Vol 2 of 1993 [1993] LKSC 43; (1993) 2 Sri LR 316 (17 October 1993)",structured_slr,0.909892,0.076702,0.003298,0.909892,0.010108,75,15642,16,0.213333,1.022887,0,0.0,0.0,7,9,True,True,True,True,True,0.07670217846244684,0.003297821537553124,0.9098920127798543,0.010107987220145725,1990,0.9098920127798543,0.8331898343174075
1993/44.html,1993,SLR,"Janatha Estates Development Board v. Ceylon Estates Staffs Union and Another - SLR - 176, Vol 2 of 1994 [1993] LKSC 44; (1994) 2 Sri LR 176 (2 December 1993)",structured_slr,0.909892,0.078178,0.001822,0.909892,0.010108,83,9852,5,0.060241,0.507511,0,0.0,0.0,18,17,True,True,True,True,True,0.07817796887793874,0.00182203112206123,0.9098920127798543,0.010107987220145725,1990,0.9098920127798543,0.8317140439019156
1993/45.html,1993,SLR,"Liyanagamage v. Road Construction & Development Co. (Pvt) Ltd. - SLR - 225, Vol 2 of 1994 [1993] LKSC 45; (1994) 2 Sri LR 225 (23 August 1993)",structured_slr,0.909892,0.078561,0.001439,0.909892,0.010108,104,14915,0,0.0,0.0,0,0.0,0.0,17,38,True,True,True,True,True,0.07856110320303264,0.001438896796967324,0.9098920127798543,0.010107987220145725,1990,0.9098920127798543,0.8313309095768217
1993/46.html,1993,SLR,"Millers Limited. v. Ceylon Mercantile Industrial and General Workers Union (Cmu) - SLR - 179, Vol 1 of 1993 [1993] LKSC 46; (1993) 1 Sri LR 179 (16 February 1993)",structured_slr,0.909892,0.053455,0.026545,0.909892,0.010108,40,11157,33,0.825,2.957784,0,0.0,0.0,9,15,True,False,True,True,True,0.053455021773453265,0.026544978226546695,0.9098920127798543,0.010107987220145725,1990,0.9098920127798543,0.856436991006401
1993/47.html,1993,SLR,"Gunasekera v. Amerasekera - SLR - 170, Vol 1 of 1993 [1993] LKSC 47; (1993) 1 Sri LR 170 (12 March 1993)",structured_slr,0.909892,0.073834,0.006166,0.909892,0.010108,58,18350,22,0.37931,1.19891,0,0.0,0.0,7,14,True,True,True,True,True,0.07383394877926205,0.006166051220737906,0.9098920127798543,0.010107987220145725,1990,0.9098920127798543,0.8360580640005922
1993/48.html,1993,SLR,"Sarath Kumara Perera v. Winifred Keerthiwansa and Others - SLR - 274, Vol 2 of 1993 [1993] LKSC 48; (1993) 2 Sri LR 274 (24 November 1993)",structured_slr,0.909892,0.075322,0.004678,0.909892,0.010108,95,25169,29,0.305263,1.152211,0,0.0,0.0,10,18,True,True,True,True,True,0.07532220441247948,0.004677795587520478,0.9098920127798543,0.010107987220145725,1990,0.9098920127798543,0.8345698083673748
1993/49.html,1993,SLR,"Gunasekera v. Tissera and Others - SLR - 245, Vol 3 of 1994 [1993] LKSC 49; (1994) 3 Sri LR 245 (15 March 1993)",structured_slr,0.909892,0.077084,0.002916,0.909892,0.010108,204,36098,37,0.181373,1.024988,0,0.0,0.0,33,10,True,True,True,True,True,0.0770835084792069,0.0029164915207930504,0.9098920127798543,0.010107987220145725,1990,0.9098920127798543,0.8328085043006475
1993/5.html,1993,SLR,"Piyasena and Another v. The Peopled Bank and Others - SLR - 65, Vol 2 of 1994 [1993] LKSC 5; (1994) 2 Sri LR 65 (22 May 1993)",structured_slr,0.909892,0.078561,0.001439,0.909892,0.010108,104,18795,0,0.0,0.0,0,0.0,0.0,17,17,True,True,True,True,False,0.07856110320303264,0.001438896796967324,0.9098920127798543,0.010107987220145725,1990,0.9098920127798543,0.8313309095768217
1993/50.html,1993,SLR,"Jayawickrema, Someswaram & Manthri & Company v. Jinadasa - SLR - 185, Vol 3 of 1994 [1993] LKSC 50; (1994) 3 Sri LR 185 (5 November 1993)",structured_slr,0.909892,0.078222,0.001778,0.909892,0.010108,74,8949,4,0.054054,0.446977,0,0.0,0.0,15,16,True,True,True,True,True,0.07822151698363247,0.0017784830163674846,0.9098920127798543,0.010107987220145725,1990,0.9098920127798543,0.8316704957962219
1993/51.html,1993,SLR,"Somasunderam Vanniasingham v. Forbes and Another - SLR - 362, Vol 2 of 1993 [1993] LKSC 51; (1993) 2 Sri LR 362 (25 May 1993)",structured_slr,0.909892,0.073846,0.006154,0.909892,0.010108,66,21850,25,0.378788,1.144165,0,0.0,0.0,7,16,True,True,True,True,True,0.07384582067932785,0.0061541793206721035,0.9098920127798543,0.010107987220145725,1990,0.9098920127798543,0.8360461921005264
1993/6.html,1993,SLR,"Umbichy Ltd. v. Hede Navigation(Pte)Ltd. (Owners of M.V.Shantha Rohan) - SLR - 15, Vol 3 of 2000 [1993] LKSC 6; (2000) 3 Sri LR 15 (27 July 1993)",structured_slr,0.909892,0.0,0.08,0.909892,0.010108,20,14512,84,4.2,5.788313,0,0.0,0.0,15,5,True,True,True,True,True,2.208611960252681e-07,0.07999977913880393,0.9098920127798543,0.010107987220145725,1990,0.9098920127798543,0.8298922336410504
1993/7.html,1993,SLR,"Umbichy Ltd v. Hede Navigation (Pte)Ltd.(Owners of M.V.'Shantha Rohan') - SLR - 284, Vol 1 of 2000 [1993] LKSC 7; (2000) 1 Sri LR 284 (27 July 1993)",structured_slr,0.909892,0.0,0.08,0.909892,0.010108,19,14543,86,4.526316,5.913498,0,0.0,0.0,15,4,True,True,True,True,True,5.987580163235858e-08,0.07999994012419832,0.9098920127798543,0.010107987220145725,1990,0.9098920127798543,0.829892072655656
1993/8.html,1993,SLR,"Amerajeewa v. University of Colombo - SLR - 327, Vol 2 of 1993 [1993] LKSC 8; (1993) 2 Sri LR 327 (11 June 1993)",structured_slr,0.909892,0.070464,0.009536,0.909892,0.010108,42,10884,21,0.5,1.929438,0,0.0,0.0,8,14,True,False,True,True,True,0.07046376623823056,0.0095362337617694,0.9098920127798543,0.010107987220145725,1990,0.9098920127798543,0.8394282465416237
1993/9.html,1993,SLR,"Coconut Research Board v. Fernando - SLR - 219, Vol 1 of 1994 [1993] LKSC 9; (1994) 1 Sri LR 219 (28 June 1993)",structured_slr,0.909892,0.078271,0.001729,0.909892,0.010108,64,8284,3,0.046875,0.362144,0,0.0,0.0,15,13,True,True,True,False,True,0.07827077337898815,0.0017292266210118116,0.9098920127798543,0.010107987220145725,1990,0.9098920127798543,0.8316212394008662
1994/1.html,1994,SLR,"Archbishop of Colombo v. The Land Reform Commission and Others - SLR - 122, Vol 1 of 1995 [1994] LKSC 1; (1995) 1 Sri LR 122 (9 December 1994)",structured_slr,0.909892,0.077711,0.002289,0.909892,0.010108,101,28176,12,0.118812,0.425894,0,0.0,0.0,33,8,True,True,True,True,True,0.07771071142346712,0.0022892885765328367,0.9098920127798543,0.010107987220145725,1990,0.9098920127798543,0.8321813013563872
1994/10.html,1994,SLR,"Lucas Appuhamy v. Maturata and Others - SLR - 401, Vol 1 of 1994 [1994] LKSC 10; (1994) 1 Sri LR 401 (31 March 1994)",structured_slr,0.909892,0.078464,0.001536,0.909892,0.010108,60,6384,1,0.016667,0.156642,0,0.0,0.0,13,8,False,False,True,True,True,0.07846380973725417,0.0015361902627457902,0.9098920127798543,0.010107987220145725,1990,0.9098920127798543,0.8314282030426001
1994/11.html,1994,SLR,"Vinayagamoorthy, Attorney-At-Law (On Behalf of Wimalenthiran) v. The Army Commander and Others - SLR - 113, Vol 1 of 1997 [1994] LKSC 11; (1997) 1 Sri LR 113 (5 July 1994)",structured_slr,0.909892,0.078355,0.001645,0.909892,0.010108,322,59911,11,0.034161,0.183606,0,0.0,0.0,34,57,True,True,True,True,False,0.07835475282962653,0.001645247170373421,0.9098920127798543,0.010107987220145725,1990,0.9098920127798543,0.8315372599502278
1994/12.html,1994,SLR,"S. Shafeedeen v. The Sri Lanka State Plantations Corporation - SLR - 357, Vol 2 of 1994 [1994] LKSC 12; (1994) 2 Sri LR 357 (18 January 1994)",structured_slr,0.909892,0.078561,0.001439,0.909892,0.010108,68,9846,0,0.0,0.0,0,0.0,0.0,13,34,True,False,True,True,True,0.07856110320303264,0.001438896796967324,0.9098920127798543,0.010107987220145725,1990,0.9098920127798543,0.8313309095768217
1994/13.html,1994,SLR,"Rev. Polhene Pannaloka v. Rev. Pandita Midigama Pemananda - SLR - 372, Vol 2 of 1994 [1994] LKSC 13; (1994) 2 Sri LR 372 (5 December 1994)",structured_slr,0.909892,0.078561,0.001439,0.909892,0.010108,60,10441,0,0.0,0.0,0,0.0,0.0,21,8,True,False,True,True,True,0.07856110320303264,0.001438896796967324,0.9098920127798543,0.010107987220145725,1990,0.9098920127798543,0.8313309095768217
1994/14.html,1994,SLR,"Desmond De Perera and Others v. Karunaratne, Commissioner For National Housing - SLR - 148, Vol 1 of 1997 [1994] LKSC 14; (1997) 1 Sri LR 148 (14 July 1994)",structured_slr,0.909892,0.078501,0.001499,0.909892,0.010108,286,44768,3,0.01049,0.067012,0,0.0,0.0,26,28,True,True,True,True,True,0.07850059817561289,0.0014994018243870745,0.9098920127798543,0.010107987220145725,1990,0.9098920127798543,0.8313914146042414
1994/15.html,1994,SLR,"Samalanka Limited v. Weerakoon, Commissioner of Labour and Others - SLR - 405, Vol 1 of 1994 [1994] LKSC 15; (1994) 1 Sri LR 405 (19 October 1994)",structured_slr,0.909892,0.078296,0.001704,0.909892,0.010108,116,15923,5,0.043103,0.314011,0,0.0,0.0,20,8,True,True,True,True,True,0.07829611658914898,0.0017038834108509889,0.9098920127798543,0.010107987220145725,1990,0.9098920127798543,0.8315958961907053
1994/16.html,1994,SLR,"Weragama v. Eksath Lanka Wathu Kamkaru Samithiya and Others - SLR - 293, Vol 1 of 1994 [1994] LKSC 16; (1994) 1 Sri LR 293 (1 January 1994)",structured_slr,0.909892,0.078418,0.001582,0.909892,0.010108,124,16381,3,0.024194,0.183139,0,0.0,0.0,20,16,True,True,False,True,True,0.07841778346910036,0.001582216530899603,0.9098920127798543,0.010107987220145725,1990,0.9098920127798543,0.831474229310754
1994/17.html,1994,SLR,"Premachandra v. Major Montague Jayawickrema and Another (Provincial Governors Case) - SLR - 90, Vol 2 of 1994 [1994] LKSC 17; (1994) 2 Sri LR 90 (1 January 1994)",structured_slr,0.909892,0.078059,0.001941,0.909892,0.010108,301,60532,23,0.076412,0.379964,0,0.0,0.0,57,84,True,True,True,True,False,0.07805917111310882,0.001940828886891144,0.9098920127798543,0.010107987220145725,1990,0.9098920127798543,0.8318328416667455
1994/18.html,1994,SLR,"Alahakone v. Tampoe - SLR - 299, Vol 3 of 2002 [1994] LKSC 18; (2002) 3 Sri LR 299 (15 March 1994)",structured_slr,0.909892,1e-06,0.079999,0.909892,0.010108,16,9730,61,3.8125,6.26927,0,0.0,0.0,13,10,True,True,True,True,True,1.0405702773219611e-06,0.07999895942972264,0.9098920127798543,0.010107987220145725,1990,0.9098920127798543,0.8298930533501316
1994/19.html,1994,SLR,"Calistus Perera v. Nawange - SLR - 305, Vol 3 of 1994 [1994] LKSC 19; (1994) 3 Sri LR 305 (14 October 1994)",structured_slr,0.909892,0.078249,0.001751,0.909892,0.010108,140,23346,7,0.05,0.299837,0,0.0,0.0,24,24,True,False,True,True,True,0.07824949832510952,0.0017505016748904372,0.9098920127798543,0.010107987220145725,1990,0.9098920127798543,0.8316425144547448
1994/2.html,1994,SLR,"Kumarasinghe and Another v. State Development & Construction Corporation - SLR - 204, Vol 3 of 1994 [1994] LKSC 2; (1994) 3 Sri LR 204 (22 October 1994)",structured_slr,0.909892,0.078186,0.001814,0.909892,0.010108,186,26369,11,0.05914,0.417157,0,0.0,0.0,31,27,True,True,True,True,True,0.07818579388970036,0.0018142061102995968,0.9098920127798543,0.010107987220145725,1990,0.9098920127798543,0.831706218890154
1994/20.html,1994,SLR,"Haji Omar v. Bodhidasa - SLR - 191, Vol 2 of 1994 [1994] LKSC 20; (1994) 2 Sri LR 191 (6 December 1994)",structured_slr,0.909892,0.078561,0.001439,0.909892,0.010108,190,26580,0,0.0,0.0,0,0.0,0.0,34,64,True,True,True,True,True,0.07856110320303264,0.001438896796967324,0.9098920127798543,0.010107987220145725,1990,0.9098920127798543,0.8313309095768217
1994/21.html,1994,SLR,"Jayasinghe v. The Attorney General and Others - SLR - 74, Vol 2 of 1994 [1994] LKSC 21; (1994) 2 Sri LR 74 (3 October 1994)",structured_slr,0.909245,0.078561,0.001439,0.909245,0.010755,239,33784,0,0.0,0.0,1,0.004184,0.0296,34,23,True,True,True,True,False,0.07856110320303264,0.001438896796967324,0.9092449593738421,0.010755040626158023,1990,0.9092449593738421,0.8306838561708094
1994/22.html,1994,SLR,"Govindarajah v. Attorney General - SLR - 311, Vol 3 of 2002 [1994] LKSC 22; (2002) 3 Sri LR 311 (6 October 1994)",structured_slr,0.909892,0.0,0.08,0.909892,0.010108,10,2827,47,4.7,16.625398,0,0.0,0.0,12,7,True,True,True,True,True,2.9890383865804876e-08,0.0799999701096161,0.9098920127798543,0.010107987220145725,1990,0.9098920127798543,0.8298920426702382
1994/23.html,1994,SLR,"Kodituwakkuge Nihal v. Police Sergeant Kotalawala and Others - SLR - 217, Vol 1 of 2000 [1994] LKSC 23; (2000) 1 Sri LR 217 (6 October 1994)",structured_slr,0.909892,9.2e-05,0.079908,0.909892,0.010108,26,14644,70,2.692308,4.780115,0,0.0,0.0,16,8,True,False,True,True,False,9.178069637234993e-05,0.07990821930362761,0.9098920127798543,0.010107987220145725,1990,0.9098920127798543,0.8299837934762267
1994/24.html,1994,SLR,"Thavarasa and Two Others v. Gunasekera and Others - SLR - 357, Vol 2 of 1996 [1994] LKSC 24; (1996) 2 Sri LR 357 (10 August 1994)",structured_slr,0.909892,0.078348,0.001652,0.909892,0.010108,284,91537,10,0.035211,0.109245,0,0.0,0.0,83,63,True,True,False,True,True,0.078347971254943,0.0016520287450569582,0.9098920127798543,0.010107987220145725,1990,0.9098920127798543,0.8315440415249113
1994/25.html,1994,SLR,"Vanija Ha Karmika Sevaka Sangamaya v. Unilever Ceylon Limited. - SLR - 14, Vol 1 of 1995 [1994] LKSC 25; (1995) 1 Sri LR 14 (13 December 1994)",structured_slr,0.909892,0.07743,0.00257,0.909892,0.010108,74,16893,11,0.148649,0.651157,0,0.0,0.0,13,6,True,True,True,True,True,0.0774298397954322,0.002570160204567755,0.9098920127798543,0.010107987220145725,1990,0.9098920127798543,0.8324621729844222
1994/26.html,1994,SLR,"State Distilleries Corporation v. Rupasinghe - SLR - 395, Vol 2 of 1994 [1994] LKSC 26; (1994) 2 Sri LR 395 (25 January 1994)",structured_slr,0.909892,0.078561,0.001439,0.909892,0.010108,202,28831,0,0.0,0.0,0,0.0,0.0,44,58,True,True,True,True,True,0.07856110320303264,0.001438896796967324,0.9098920127798543,0.010107987220145725,1990,0.9098920127798543,0.8313309095768217
1994/27.html,1994,SLR,"Dharmaratne and Another v. Sri Lanka Export Development Board and 13 Others - SLR - 324, Vol 2 of 1995 [1994] LKSC 27; (1995) 2 Sri LR 324 (28 September 1994)",structured_slr,0.909892,0.076737,0.003263,0.909892,0.010108,114,28105,24,0.210526,0.853941,0,0.0,0.0,8,25,True,True,True,True,True,0.07673749770265405,0.0032625022973459083,0.9098920127798543,0.010107987220145725,1990,0.9098920127798543,0.8331545150772003
1994/28.html,1994,SLR,"Hettiarachchi v. Seneviratne, Deputy Bribery Commissioner and Others (No. 1) - SLR - 290, Vol 3 of 1994 [1994] LKSC 28; (1994) 3 Sri LR 290 (28 April 1994)",structured_slr,0.909892,0.078353,0.001647,0.909892,0.010108,58,4412,2,0.034483,0.453309,0,0.0,0.0,13,3,True,False,True,True,False,0.07835267604921822,0.0016473239507817335,0.9098920127798543,0.010107987220145725,1990,0.9098920127798543,0.8315393367306361
1994/29.html,1994,SLR,"Hettiarachchi v. Seneviratne, Deputy Bribery Commissioner and Others (No. 2) - SLR - 293, Vol 3 of 1994 [1994] LKSC 29; (1994) 3 Sri LR 293 (4 July 1994)",structured_slr,0.909892,0.078186,0.001814,0.909892,0.010108,169,27500,10,0.059172,0.363636,0,0.0,0.0,22,34,True,False,True,False,False,0.07818556692360165,0.0018144330763983176,0.9098920127798543,0.010107987220145725,1990,0.9098920127798543,0.8317064458562526
1994/3.html,1994,SLR,"Sriyawathie v. Superintendent Hapugastenne Estate and Others - SLR - 1, Vol 1 of 1997 [1994] LKSC 3; (1997) 1 Sri LR 1 (3 May 1994)",structured_slr,0.909892,0.078019,0.001981,0.909892,0.010108,98,13568,8,0.081633,0.589623,0,0.0,0.0,19,16,True,True,True,True,False,0.07801922676093982,0.001980773239060142,0.9098920127798543,0.010107987220145725,1990,0.9098920127798543,0.8318727860189145
1994/30.html,1994,SLR,"Wijeratne v. Vijitha Perera, Sub Inspector of Police, Polonnaruwa and Others - SLR - 319, Vol 3 of 2002 [1994] LKSC 30; (2002) 3 Sri LR 319 (2 March 1994)",structured_slr,0.909892,1e-06,0.079999,0.909892,0.010108,27,20559,104,3.851852,5.058612,0,0.0,0.0,23,10,True,True,True,True,False,8.89018530800811e-07,0.07999911098146915,0.9098920127798543,0.010107987220145725,1990,0.9098920127798543,0.8298929017983852
1994/31.html,1994,SLR,"Lakshman De Silva v. Vivekanandan - SLR - 335, Vol 3 of 1994 [1994] LKSC 31; (1994) 3 Sri LR 335 (5 May 1994)",structured_slr,0.909892,0.077835,0.002165,0.909892,0.010108,67,8621,7,0.104478,0.811971,0,0.0,0.0,13,9,True,False,True,True,True,0.07783482549811462,0.0021651745018853425,0.9098920127798543,0.010107987220145725,1990,0.9098920127798543,0.8320571872817397
1994/32.html,1994,SLR,"Alexander v. Chandrananda De Silva, Commissioner of Elections and Others - SLR - 301, Vol 2 of 1996 [1994] LKSC 32; (1996) 2 Sri LR 301 (16 August 1994)",structured_slr,0.909892,0.077709,0.002291,0.909892,0.010108,84,22060,10,0.119048,0.453309,0,0.0,0.0,42,55,True,True,True,True,True,0.07770861124259273,0.0022913887574072343,0.9098920127798543,0.010107987220145725,1990,0.9098920127798543,0.8321834015372616
1994/33.html,1994,SLR,"Rupasinghe v. Madatti - SLR - 161, Vol 2 of 1994 [1994] LKSC 33; (1994) 2 Sri LR 161 (14 October 1994)",structured_slr,0.909892,0.078237,0.001763,0.909892,0.010108,135,18750,7,0.051852,0.373333,0,0.0,0.0,25,13,True,False,True,True,True,0.07823676933216508,0.0017632306678348761,0.9098920127798543,0.010107987220145725,1990,0.9098920127798543,0.8316552434476893
1994/34.html,1994,SLR,"Mendis v. Abeysinghe and Another - SLR - 29, Vol 2 of 1994 [1994] LKSC 34; (1994) 2 Sri LR 29 (7 November 1994)",structured_slr,0.909892,0.078561,0.001439,0.909892,0.010108,368,81012,0,0.0,0.0,0,0.0,0.0,39,23,True,True,True,True,True,0.07856110320303264,0.001438896796967324,0.9098920127798543,0.010107987220145725,1990,0.9098920127798543,0.8313309095768217
1994/35.html,1994,SLR,"Sirajudeen and Two Others v. Abbas - SLR - 365, Vol 2 of 1994 [1994] LKSC 35; (1994) 2 Sri LR 365 (10 October 1994)",structured_slr,0.909892,0.078506,0.001494,0.909892,0.010108,105,14193,1,0.009524,0.070457,0,0.0,0.0,17,18,True,True,True,True,True,0.07850627271660372,0.0014937272833962338,0.9098920127798543,0.010107987220145725,1990,0.9098920127798543,0.8313857400632506
1994/36.html,1994,SLR,"Farook v. Siriwardena, Election Officer and Others - SLR - 145, Vol 1 of 1997 [1994] LKSC 36; (1997) 1 Sri LR 145 (16 November 1994)",structured_slr,0.909892,0.078467,0.001533,0.909892,0.010108,62,6218,1,0.016129,0.160823,0,0.0,0.0,10,11,True,False,True,True,True,0.07846704878529666,0.0015329512147033032,0.9098920127798543,0.010107987220145725,1990,0.9098920127798543,0.8314249639945577
1994/37.html,1994,SLR,"Tillekeratne v. Officer In Charge, Pugoda Police Station - SLR - 7, Vol 1 of 1997 [1994] LKSC 37; (1997) 1 Sri LR 7 (30 May 1994)",structured_slr,0.909892,0.0,0.08,0.909892,0.010108,14,8922,70,5.0,7.845774,0,0.0,0.0,12,10,True,True,True,True,True,9.002812966230063e-09,0.07999999099718699,0.9098920127798543,0.010107987220145725,1990,0.9098920127798543,0.8298920217826673
1994/38.html,1994,SLR,"Channa Peris and Others v. Attorney General and Others - SLR - 1, Vol 1 of 1994 [1994] LKSC 38; (1994) 1 Sri LR 1 (31 May 1994)",structured_slr,0.909892,0.077026,0.002974,0.909892,0.010108,1593,340313,297,0.186441,0.872726,0,0.0,0.0,200,1071,True,True,True,True,False,0.07702600235043135,0.0029739976495686193,0.9098920127798543,0.010107987220145725,1990,0.9098920127798543,0.832866010429423
1994/39.html,1994,SLR,"Saleem v. Hatton National Bank Ltd. - SLR - 409, Vol 3 of 1994 [1994] LKSC 39; (1994) 3 Sri LR 409 (29 August 1994)",structured_slr,0.909892,0.078142,0.001858,0.909892,0.010108,184,25168,12,0.065217,0.476796,0,0.0,0.0,22,32,True,True,True,True,False,0.07814219046966189,0.0018578095303380653,0.9098920127798543,0.010107987220145725,1990,0.9098920127798543,0.8317498223101925
1994/4.html,1994,SLR,"Tea Small Factories Ltd. v. Weragoda and Another - SLR - 353, Vol 3 of 1994 [1994] LKSC 4; (1994) 3 Sri LR 353 (2 May 1994)",structured_slr,0.909892,0.077588,0.002412,0.909892,0.010108,121,16379,16,0.132231,0.976861,0,0.0,0.0,21,20,True,True,True,True,True,0.07758827953461989,0.002411720465380068,0.9098920127798543,0.010107987220145725,1990,0.9098920127798543,0.8323037332452344
1994/40.html,1994,SLR,"Sithi Faiza Shum v. People'S Bank and Others - SLR - 369, Vol 3 of 1994 [1994] LKSC 40; (1994) 3 Sri LR 369 (9 December 1994)",structured_slr,0.909892,0.078132,0.001868,0.909892,0.010108,135,17118,9,0.066667,0.525762,0,0.0,0.0,16,13,True,True,True,True,True,0.0781316362488714,0.0018683637511285704,0.9098920127798543,0.010107987220145725,1990,0.9098920127798543,0.8317603765309829
1994/41.html,1994,SLR,"Ghaffar v. Vivian Perera - SLR - 114, Vol 3 of 1994 [1994] LKSC 41; (1994) 3 Sri LR 114 (1 October 1994)",structured_slr,0.909892,0.077919,0.002081,0.909892,0.010108,53,3921,5,0.09434,1.275185,0,0.0,0.0,14,6,True,False,True,True,True,0.07791863254151842,0.0020813674584815403,0.9098920127798543,0.010107987220145725,1990,0.9098920127798543,0.8319733802383359
1994/42.html,1994,SLR,"Hettiarachchi v. Hettiarachchi - SLR - 188, Vol 2 of 1994 [1994] LKSC 42; (1994) 2 Sri LR 188 (15 December 1994)",structured_slr,0.909892,0.078561,0.001439,0.909892,0.010108,64,6178,0,0.0,0.0,0,0.0,0.0,12,10,False,False,True,True,True,0.07856110320303264,0.001438896796967324,0.9098920127798543,0.010107987220145725,1990,0.9098920127798543,0.8313309095768217
1994/43.html,1994,SLR,"Gunaratne Menike v. Jayatileke Banda - SLR - 152, Vol 2 of 1995 [1994] LKSC 43; (1995) 2 Sri LR 152 (13 December 1994)",structured_slr,0.909892,0.075451,0.004549,0.909892,0.010108,47,11048,14,0.297872,1.267198,0,0.0,0.0,15,12,True,True,True,True,True,0.0754507253665317,0.004549274633468253,0.9098920127798543,0.010107987220145725,1990,0.9098920127798543,0.8344412874133226
1994/44.html,1994,SLR,"Seneviratne Banda v. Chandrawathie - SLR - 12, Vol 1 of 1997 [1994] LKSC 44; (1997) 1 Sri LR 12 (5 September 1994)",structured_slr,0.909892,0.078439,0.001561,0.909892,0.010108,48,1925,1,0.020833,0.519481,0,0.0,0.0,10,8,True,False,True,True,True,0.0784385000298429,0.0015614999701570578,0.9098920127798543,0.010107987220145725,1990,0.9098920127798543,0.8314535127500114
1994/45.html,1994,SLR,"Sooriya Enterprises (International) Ltd. v. Michael White and Company Ltd. - SLR - 371, Vol 3 of 2002 [1994] LKSC 45; (2002) 3 Sri LR 371 (27 July 1994)",structured_slr,0.909892,0.0,0.08,0.909892,0.010108,11,6507,70,6.363636,10.757646,0,0.0,0.0,13,12,True,True,True,True,True,3.850347596312529e-11,0.07999999996149648,0.9098920127798543,0.010107987220145725,1990,0.9098920127798543,0.8298920128183578
1994/46.html,1994,SLR,"Florence Fernando v. Andrews Travel Service Ltd. - SLR - 287, Vol 3 of 2002 [1994] LKSC 46; (2002) 3 Sri LR 287 (7 July 1994)",structured_slr,0.897069,1e-06,0.079999,0.897069,0.022931,18,11294,68,3.777778,6.020896,1,0.055556,0.088543,15,14,True,True,True,True,True,1.195608150448279e-06,0.07999880439184952,0.8970693784245588,0.022930621575441252,1990,0.8970693784245588,0.8170705740327093
1994/47.html,1994,SLR,"Ratnapala v. Sri Lanka Co Operative Industries Union Ltd. and Another - SLR - 334, Vol 3 of 2002 [1994] LKSC 47; (2002) 3 Sri LR 334 (29 July 1994)",structured_slr,0.909892,0.0,0.08,0.909892,0.010108,8,4128,46,5.75,11.143411,0,0.0,0.0,10,5,True,False,False,True,True,4.4822371592090326e-10,0.07999999955177624,0.9098920127798543,0.010107987220145725,1990,0.9098920127798543,0.829892013228078
1994/5.html,1994,SLR,"S.B. Perera v. Standard Chartered Bank and Others - SLR - 73, Vol 1 of 1995 [1994] LKSC 5; (1995) 1 Sri LR 73 (5 December 1994)",structured_slr,0.909892,0.07736,0.00264,0.909892,0.010108,135,50790,21,0.155556,0.413467,0,0.0,0.0,23,26,True,True,True,True,True,0.07736021715469692,0.002639782845303038,0.9098920127798543,0.010107987220145725,1990,0.9098920127798543,0.8325317956251574
1994/6.html,1994,SLR,"Volanka Ltd. v. All Ceylon Commercial and Industrial Workers' Union and Others - SLR - 359, Vol 3 of 2002 [1994] LKSC 6; (2002) 3 Sri LR 359 (25 July 1994)",structured_slr,0.909892,3e-06,0.079997,0.909892,0.010108,14,9119,50,3.571429,5.483057,0,0.0,0.0,14,8,True,True,False,True,True,2.729263512835088e-06,0.07999727073648713,0.9098920127798543,0.010107987220145725,1990,0.9098920127798543,0.8298947420433672
1994/7.html,1994,SLR,"Harischandra Peiris v. Hemachandra Peiris - SLR - 349, Vol 2 of 1994 [1994] LKSC 7; (1994) 2 Sri LR 349 (24 March 1994)",structured_slr,0.909892,0.078561,0.001439,0.909892,0.010108,142,14929,0,0.0,0.0,0,0.0,0.0,15,22,True,True,True,True,True,0.07856110320303264,0.001438896796967324,0.9098920127798543,0.010107987220145725,1990,0.9098920127798543,0.8313309095768217
1994/8.html,1994,SLR,"Ayasinghe v. Samarawickrema and Others - SLR - 18, Vol 2 of 1994 [1994] LKSC 8; (1994) 2 Sri LR 18 (12 January 1994)",structured_slr,0.909892,0.078561,0.001439,0.909892,0.010108,154,22155,0,0.0,0.0,0,0.0,0.0,22,33,True,True,True,True,False,0.07856110320303264,0.001438896796967324,0.9098920127798543,0.010107987220145725,1990,0.9098920127798543,0.8313309095768217
1994/9.html,1994,SLR,"Hewagama v. The Bribery Commissioner and Another - SLR - 405, Vol 3 of 1994 [1994] LKSC 9; (1994) 3 Sri LR 405 (21 September 1994)",structured_slr,0.909892,0.077525,0.002475,0.909892,0.010108,72,7609,10,0.138889,1.314233,0,0.0,0.0,15,6,True,True,True,True,True,0.07752520129475908,0.0024747987052408846,0.9098920127798543,0.010107987220145725,1990,0.9098920127798543,0.8323668114850953
1995/1.html,1995,SLR,"Thalawatugoda Siriratna Thero v. Veherewatte Ariyawansa Thero - SLR - 139, Vol 2 of 1995 [1995] LKSC 1; (1995) 2 Sri LR 139 (14 June 1995)",structured_slr,0.909892,0.073229,0.006771,0.909892,0.010108,42,11363,17,0.404762,1.496084,0,0.0,0.0,17,15,True,True,True,True,True,0.0732290574490965,0.006770942550903473,0.9098920127798543,0.010107987220145725,1990,0.9098920127798543,0.8366629553307579
1995/10.html,1995,SLR,"Fernando and Others v. Land Reform Commission and Another - SLR - 122, Vol 2 of 1997 [1995] LKSC 10; (1997) 2 Sri LR 122 (15 June 1995)",structured_slr,0.909892,0.078491,0.001509,0.909892,0.010108,82,9531,1,0.012195,0.104921,0,0.0,0.0,14,10,True,False,True,True,True,0.07849053091120511,0.0015094690887948504,0.9098920127798543,0.010107987220145725,1990,0.9098920127798543,0.8314014818686493
1995/11.html,1995,SLR,"W.K.C. Perera v. Prof Daya Edirisinghe and Others - SLR - 148, Vol 1 of 1995 [1995] LKSC 11; (1995) 1 Sri LR 148 (6 July 1995)",structured_slr,0.909892,0.077487,0.002513,0.909892,0.010108,77,18195,11,0.142857,0.604562,0,0.0,0.0,24,9,True,True,True,True,True,0.0774868517084458,0.002513148291554171,0.9098920127798543,0.010107987220145725,1990,0.9098920127798543,0.8324051610714085
1995/12.html,1995,SLR,"Atukorale v. Attorney General - SLR - 238, Vol 1 of 1996 [1995] LKSC 12; (1996) 1 Sri LR 238 (28 December 1995)",structured_slr,0.909892,0.077778,0.002222,0.909892,0.010108,63,15791,7,0.111111,0.44329,0,0.0,0.0,20,24,True,True,False,False,False,0.07777822698353573,0.002221773016464233,0.9098920127798543,0.010107987220145725,1990,0.9098920127798543,0.8321137857963186
1995/13.html,1995,SLR,"Abn Amro Bank, N V v. Conmix [Pvt] Ltd. and Others - SLR - 8, Vol 1 of 1996 [1995] LKSC 13; (1996) 1 Sri LR 8 (11 September 1995)",structured_slr,0.909892,0.0,0.08,0.909892,0.010108,32,30805,155,4.84375,5.031651,0,0.0,0.0,29,9,True,True,True,True,True,1.681946727671856e-08,0.07999998318053268,0.9098920127798543,0.010107987220145725,1990,0.9098920127798543,0.8298920295993216
1995/14.html,1995,SLR,"Cooray v. Illukumbura - SLR - 263, Vol 2 of 1996 [1995] LKSC 14; (1996) 2 Sri LR 263 (31 January 1995)",structured_slr,0.909892,0.076206,0.003794,0.909892,0.010108,52,10317,13,0.25,1.260056,0,0.0,0.0,15,9,True,True,True,True,True,0.07620593014579462,0.0037940698542053407,0.9098920127798543,0.010107987220145725,1990,0.9098920127798543,0.8336860826340597
1995/15.html,1995,SLR,"Ghouse v. Mercantile Credit Limited. - SLR - 127, Vol 2 of 1997 [1995] LKSC 15; (1997) 2 Sri LR 127 (7 July 1995)",structured_slr,0.909892,0.078367,0.001633,0.909892,0.010108,62,6343,2,0.032258,0.315308,0,0.0,0.0,17,10,True,True,True,True,True,0.07836697423495075,0.0016330257650492219,0.9098920127798543,0.010107987220145725,1990,0.9098920127798543,0.8315250385449036
1995/16.html,1995,SLR,"Mrs. Sirimavo Bandaranaike v. Times of Ceylon Limited. - SLR - 22, Vol 1 of 1995 [1995] LKSC 16; (1995) 1 Sri LR 22 (19 January 1995)",structured_slr,0.909892,0.077163,0.002837,0.909892,0.010108,155,50005,27,0.174194,0.539946,0,0.0,0.0,35,53,True,True,True,True,True,0.07716313979433255,0.0028368602056674146,0.9098920127798543,0.010107987220145725,1990,0.9098920127798543,0.8327288729855218
1995/17.html,1995,SLR,"Seynath Umma v. Rajabdeen - SLR - 134, Vol 2 of 1997 [1995] LKSC 17; (1997) 2 Sri LR 134 (31 July 1995)",structured_slr,0.909892,0.078462,0.001538,0.909892,0.010108,59,6063,1,0.016949,0.164935,0,0.0,0.0,12,6,True,False,True,True,True,0.07846210926690086,0.0015378907330990943,0.9098920127798543,0.010107987220145725,1990,0.9098920127798543,0.8314299035129534
1995/18.html,1995,SLR,"Sheila Seneviratne v. Shereen Dharmaratne - SLR - 76, Vol 1 of 1997 [1995] LKSC 18; (1997) 1 Sri LR 76 (6 September 1995)",structured_slr,0.909892,0.078418,0.001582,0.909892,0.010108,124,14720,3,0.024194,0.203804,0,0.0,0.0,14,18,True,True,True,True,True,0.07841778346910036,0.001582216530899603,0.9098920127798543,0.010107987220145725,1990,0.9098920127798543,0.831474229310754
1995/19.html,1995,SLR,"Sita Rajasingham v. Maureen Seneviratne and Another - SLR - 69, Vol 2 of 1995 [1995] LKSC 19; (1995) 2 Sri LR 69 (17 July 1995)",structured_slr,0.909892,0.073796,0.006204,0.909892,0.010108,42,10872,16,0.380952,1.47167,0,0.0,0.0,12,20,True,True,True,True,True,0.07379646763309294,0.006203532366907016,0.9098920127798543,0.010107987220145725,1990,0.9098920127798543,0.8360955451467613
1995/2.html,1995,SLR,"Lokuge and Another v. Siriwardene and Another - SLR - 150, Vol 2 of 1995 [1995] LKSC 2; (1995) 2 Sri LR 150 (5 May 1995)",structured_slr,0.909892,0.068257,0.011743,0.909892,0.010108,25,4435,14,0.56,3.156708,0,0.0,0.0,7,6,True,False,True,True,True,0.06825677281588936,0.011743227184110588,0.9098920127798543,0.010107987220145725,1990,0.9098920127798543,0.8416352399639649
1995/20.html,1995,SLR,"Weliwitigoda v. U.D.B. De Silva, and Others - SLR - 51, Vol 1 of 1997 [1995] LKSC 20; (1997) 1 Sri LR 51 (24 March 1995)",structured_slr,0.909892,0.077728,0.002272,0.909892,0.010108,77,10939,9,0.116883,0.822744,0,0.0,0.0,15,10,True,False,True,True,True,0.07772780782706597,0.0022721921729339915,0.9098920127798543,0.010107987220145725,1990,0.9098920127798543,0.8321642049527883
1995/21.html,1995,SLR,"Abasin Bandn v. S. I. Gunaratne & Others - SLR - 244, Vol 1 of 1995 [1995] LKSC 21; (1995) 1 Sri LR 244 (6 October 1995)",structured_slr,0.909892,0.074276,0.005724,0.909892,0.010108,103,27717,37,0.359223,1.334921,0,0.0,0.0,10,28,True,True,True,True,False,0.0742759361038303,0.0057240638961696495,0.9098920127798543,0.010107987220145725,1990,0.9098920127798543,0.835616076676024
1995/22.html,1995,SLR,"Jayawardena v. Dharani Wijayatilake, Secretary, Ministry of Justice and Constitutional Affairs and Others - SLR - 132, Vol 1 of 2001 [1995] LKSC 22; (2001) 1 Sri LR 132 (27 July 1995)",structured_slr,0.909892,0.0,0.08,0.909892,0.010108,60,57288,284,4.733333,4.957408,0,0.0,0.0,92,43,True,True,True,True,False,2.6159302555228677e-08,0.0799999738406974,0.9098920127798543,0.010107987220145725,1990,0.9098920127798543,0.8298920389391569
1995/23.html,1995,SLR,"Senerath v. Chandraratne, Commissioner of Excise and Others - SLR - 209, Vol 1 of 1995 [1995] LKSC 23; (1995) 1 Sri LR 209 (3 August 1995)",structured_slr,0.909892,0.075338,0.004662,0.909892,0.010108,69,21572,21,0.304348,0.973484,0,0.0,0.0,10,30,True,True,True,False,False,0.07533829802817996,0.004661701971820005,0.9098920127798543,0.010107987220145725,1990,0.9098920127798543,0.8345537147516744
1995/24.html,1995,SLR,"Thiruchelvam v. Attorney General - SLR - 135, Vol 2 of 1995 [1995] LKSC 24; (1995) 2 Sri LR 135 (6 March 1995)",structured_slr,0.909892,0.073712,0.006288,0.909892,0.010108,39,7466,15,0.384615,2.009108,0,0.0,0.0,13,8,True,True,True,True,True,0.07371210108265715,0.0062878989173428095,0.9098920127798543,0.010107987220145725,1990,0.9098920127798543,0.8361799116971972
1995/25.html,1995,SLR,"Brown & Co. Ltd. v. Samarasekera - SLR - 334, Vol 1 of 1996 [1995] LKSC 25; (1996) 1 Sri LR 334 (19 May 1995)",structured_slr,0.909892,0.077622,0.002378,0.909892,0.010108,70,13784,9,0.128571,0.652931,0,0.0,0.0,16,91,True,True,False,True,True,0.07762228818066977,0.0023777118193301925,0.9098920127798543,0.010107987220145725,1990,0.9098920127798543,0.8322697245991846
1995/26.html,1995,SLR,"Abeysinghe and 3 Others V.Central Engineering Consultancy Bureau and 6 Others - SLR - 36, Vol 2 of 1996 [1995] LKSC 26; (1996) 2 Sri LR 36 (3 May 1995)",structured_slr,0.909892,0.07747,0.00253,0.909892,0.010108,83,25394,12,0.144578,0.472553,0,0.0,0.0,45,17,True,True,True,True,True,0.07747004051783432,0.002529959482165642,0.9098920127798543,0.010107987220145725,1990,0.9098920127798543,0.83242197226202
1995/27.html,1995,SLR,"Young Men'S Buddhist Association v. Azeez and Another - SLR - 237, Vol 1 of 1995 [1995] LKSC 27; (1995) 1 Sri LR 237 (21 August 1995)",structured_slr,0.909892,0.073855,0.006145,0.909892,0.010108,37,8890,14,0.378378,1.574803,0,0.0,0.0,9,12,True,True,True,True,False,0.07385513065627519,0.006144869343724763,0.9098920127798543,0.010107987220145725,1990,0.9098920127798543,0.8360368821235791
1995/28.html,1995,SLR,"Abeygunasekera v. Setunga and Others - SLR - 62, Vol 1 of 1997 [1995] LKSC 28; (1997) 1 Sri LR 62 (8 June 1995)",structured_slr,0.909892,0.077879,0.002121,0.909892,0.010108,131,17023,13,0.099237,0.763673,0,0.0,0.0,20,18,True,True,True,True,False,0.07787855259224756,0.002121447407752401,0.9098920127798543,0.010107987220145725,1990,0.9098920127798543,0.8320134601876068
1995/29.html,1995,SLR,"Atukorale,Gamini and Others v. T.P.F. De Silva - I.G.P. and Others - SLR - 280, Vol 1 of 1996 [1995] LKSC 29; (1996) 1 Sri LR 280 (25 April 1995)",structured_slr,0.909892,0.078141,0.001859,0.909892,0.010108,107,28907,7,0.065421,0.242156,0,0.0,0.0,31,21,True,False,True,True,False,0.07814070912570371,0.0018592908742962385,0.9098920127798543,0.010107987220145725,1990,0.9098920127798543,0.8317513036541506
1995/3.html,1995,SLR,"Sumeet Research and Holdings Ltd. v. Elite Radio & Engineering Co., Ltd. - SLR - 393, Vol 2 of 1997 [1995] LKSC 3; (1997) 2 Sri LR 393 (6 October 1995)",structured_slr,0.909892,0.07819,0.00181,0.909892,0.010108,239,35285,14,0.058577,0.396769,0,0.0,0.0,39,25,True,True,True,True,True,0.0781897825413251,0.001810217458674859,0.9098920127798543,0.010107987220145725,1990,0.9098920127798543,0.8317022302385292
1995/30.html,1995,SLR,"Bandara v. Wickremasinghe - SLR - 167, Vol 2 of 1995 [1995] LKSC 30; (1995) 2 Sri LR 167 (31 August 1995)",structured_slr,0.909892,0.075814,0.004186,0.909892,0.010108,58,16731,16,0.275862,0.956309,0,0.0,0.0,10,13,True,True,True,True,True,0.07581405812307138,0.004185941876928582,0.9098920127798543,0.010107987220145725,1990,0.9098920127798543,0.8340779546567829
1995/31.html,1995,SLR,"Chandrasena v. Kulatunga and Others - SLR - 327, Vol 2 of 1996 [1995] LKSC 31; (1996) 2 Sri LR 327 (24 August 1995)",structured_slr,0.909892,0.075918,0.004082,0.909892,0.010108,26,5382,7,0.269231,1.300632,0,0.0,0.0,12,8,True,False,True,True,False,0.07591803584703431,0.004081964152965646,0.9098920127798543,0.010107987220145725,1990,0.9098920127798543,0.83397397693282
1995/32.html,1995,SLR,"De Silva and Others v. Jeyaraj Fernandopulle and Others - SLR - 22, Vol 1 of 1996 [1995] LKSC 32; (1996) 1 Sri LR 22 (30 November 1995)",structured_slr,0.909892,0.0,0.08,0.909892,0.010108,104,110573,421,4.048077,3.807439,0,0.0,0.0,92,28,True,True,True,False,True,4.0554186995223044e-07,0.07999959445813001,0.9098920127798543,0.010107987220145725,1990,0.9098920127798543,0.8298924183217243
1995/33.html,1995,SLR,"Dona Diana Pearly v. Premaratne,Acting Secretary Educational Service Board and Another - SLR - 77, Vol 3 of 1997 [1995] LKSC 33; (1997) 3 Sri LR 77 (5 November 1995)",structured_slr,0.909892,0.077324,0.002676,0.909892,0.010108,88,14819,14,0.159091,0.944733,0,0.0,0.0,14,6,True,False,True,True,False,0.07732388297500994,0.0026761170249900183,0.9098920127798543,0.010107987220145725,1990,0.9098920127798543,0.8325681298048444
1995/34.html,1995,SLR,"Madurapperuma and Others v. M. N. Junaid and Others - SLR - 365, Vol 1 of 1997 [1995] LKSC 34; (1997) 1 Sri LR 365 (9 November 1995)",structured_slr,0.909892,0.077926,0.002074,0.909892,0.010108,107,16479,10,0.093458,0.606833,0,0.0,0.0,14,18,True,False,True,True,True,0.07792577261360306,0.002074227386396899,0.9098920127798543,0.010107987220145725,1990,0.9098920127798543,0.8319662401662513
1995/35.html,1995,SLR,"Mendis v. Air Lanka Limited and Others - SLR - 194, Vol 2 of 1996 [1995] LKSC 35; (1996) 2 Sri LR 194 (21 September 1995)",structured_slr,0.909892,0.077808,0.002192,0.909892,0.010108,65,16547,7,0.107692,0.423037,0,0.0,0.0,26,14,True,False,True,True,True,0.0778075780826596,0.002192421917340364,0.9098920127798543,0.010107987220145725,1990,0.9098920127798543,0.8320844346971947
1995/36.html,1995,SLR,"Rahuma Umma v. Berty Premalal Dissanayake - SLR - 293, Vol 2 of 1996 [1995] LKSC 36; (1996) 2 Sri LR 293 (13 March 1995)",structured_slr,0.909892,0.077541,0.002459,0.909892,0.010108,51,17056,7,0.137255,0.410413,0,0.0,0.0,24,25,True,True,True,True,False,0.0775408282321021,0.002459171767897862,0.9098920127798543,0.010107987220145725,1990,0.9098920127798543,0.8323511845477523
1995/37.html,1995,SLR,"Sangadasa Silva v. Anuruddha Ratwatte and Others - SLR - 350, Vol 1 of 1998 [1995] LKSC 37; (1998) 1 Sri LR 350 (29 June 1995)",structured_slr,0.909892,4e-06,0.079996,0.909892,0.010108,41,38626,143,3.487805,3.70217,0,0.0,0.0,23,9,True,True,False,True,False,3.8133735568468534e-06,0.07999618662644312,0.9098920127798543,0.010107987220145725,1990,0.9098920127798543,0.8298958261534112
1995/38.html,1995,SLR,"Sirisumana v. Illangaratne and Others - SLR - 158, Vol 2 of 1995 [1995] LKSC 38; (1995) 2 Sri LR 158 (17 January 1995)",structured_slr,0.909892,0.067167,0.012833,0.909892,0.010108,29,5209,17,0.586207,3.263582,0,0.0,0.0,8,11,True,True,True,True,True,0.06716710691186849,0.012832893088131476,0.9098920127798543,0.010107987220145725,1990,0.9098920127798543,0.8427249058679859
1995/39.html,1995,SLR,"Sisira Kumara v. Sergeant Perera and Others - SLR - 162, Vol 1 of 1998 [1995] LKSC 39; (1998) 1 Sri LR 162 (23 March 1995)",structured_slr,0.909892,4.9e-05,0.079951,0.909892,0.010108,20,7991,57,2.85,7.133025,0,0.0,0.0,13,6,True,True,True,True,False,4.887034875475036e-05,0.0799511296512452,0.9098920127798543,0.010107987220145725,1990,0.9098920127798543,0.8299408831286091
1995/4.html,1995,SLR,"Ibrahim v. The Board of Trustees of the Jamiul Harirath Jumma Mosque and Others - SLR - 368, Vol 1 of 1996 [1995] LKSC 4; (1996) 1 Sri LR 368 (7 March 1995)",structured_slr,0.909892,0.077585,0.002415,0.909892,0.010108,83,20882,11,0.13253,0.526769,0,0.0,0.0,18,47,True,True,False,True,True,0.07758548049948803,0.0024145195005119257,0.9098920127798543,0.010107987220145725,1990,0.9098920127798543,0.8323065322803663
1995/40.html,1995,SLR,"Tennakoon v. Piyadigama and Others - SLR - 341, Vol 1 of 1996 [1995] LKSC 40; (1996) 1 Sri LR 341 (26 June 1995)",structured_slr,0.909892,0.076994,0.003006,0.909892,0.010108,37,10428,7,0.189189,0.67127,0,0.0,0.0,14,18,True,False,True,True,False,0.07699436680152753,0.0030056331984724253,0.9098920127798543,0.010107987220145725,1990,0.9098920127798543,0.8328976459783268
1995/41.html,1995,SLR,"Upaliratne and Others v. Tikiri Banda and Others - SLR - 165, Vol 1 of 1995 [1995] LKSC 41; (1995) 1 Sri LR 165 (13 March 1995)",structured_slr,0.909892,0.077899,0.002101,0.909892,0.010108,248,97777,24,0.096774,0.245456,0,0.0,0.0,32,26,True,True,True,True,False,0.07789880421826731,0.002101195781732653,0.9098920127798543,0.010107987220145725,1990,0.9098920127798543,0.831993208561587
1995/42.html,1995,SLR,"Wickramasinghe v. Edmund Jayasinghe, Secretary, Ministry of Media, Tourism and Aviation - SLR - 300, Vol 1 of 1995 [1995] LKSC 42; (1995) 1 Sri LR 300 (30 October 1995)",structured_slr,0.909892,0.076402,0.003598,0.909892,0.010108,72,17867,17,0.236111,0.951475,0,0.0,0.0,10,14,True,True,True,True,False,0.07640174317697701,0.0035982568230229404,0.9098920127798543,0.010107987220145725,1990,0.9098920127798543,0.8334902696028773
1995/43.html,1995,SLR,"Wilbert Godawela v. Chandradasa, S.D. and Others - SLR - 338, Vol 2 of 1995 [1995] LKSC 43; (1995) 2 Sri LR 338 (27 November 1995)",structured_slr,0.909892,0.076374,0.003626,0.909892,0.010108,63,14708,15,0.238095,1.019853,0,0.0,0.0,9,6,True,False,True,True,False,0.0763743731069602,0.003625626893039761,0.9098920127798543,0.010107987220145725,1990,0.9098920127798543,0.8335176396728942
1995/44.html,1995,SLR,"Migultenne v. The Attorney General - SLR - 408, Vol 1 of 1996 [1995] LKSC 44; (1996) 1 Sri LR 408 (29 May 1995)",structured_slr,0.909892,0.078006,0.001994,0.909892,0.010108,108,25953,9,0.083333,0.346781,0,0.0,0.0,42,122,True,True,True,True,True,0.07800604846057049,0.0019939515394294728,0.9098920127798543,0.010107987220145725,1990,0.9098920127798543,0.8318859643192839
1995/45.html,1995,SLR,"Senaratne v. Punya De Silva and Others - SLR - 272, Vol 1 of 1995 [1995] LKSC 45; (1995) 1 Sri LR 272 (9 October 1995)",structured_slr,0.909892,0.077038,0.002962,0.909892,0.010108,151,62262,28,0.18543,0.449713,0,0.0,0.0,16,39,True,True,True,True,False,0.07703756045062453,0.002962439549375436,0.9098920127798543,0.010107987220145725,1990,0.9098920127798543,0.8328544523292298
1995/46.html,1995,SLR,"Balasunderam v. The Chairman, Janatha Estate Development Board and Others - SLR - 83, Vol 1 of 1997 [1995] LKSC 46; (1997) 1 Sri LR 83 (8 December 1995)",structured_slr,0.909892,0.078314,0.001686,0.909892,0.010108,99,11089,4,0.040404,0.360718,0,0.0,0.0,14,6,True,False,True,True,True,0.07831402718806366,0.0016859728119363085,0.9098920127798543,0.010107987220145725,1990,0.9098920127798543,0.8315779855917906
1995/47.html,1995,SLR,"Ceylon Mercantile Union v. Ceylon Cold Stores Ltd. and Another - SLR - 261, Vol 1 of 1995 [1995] LKSC 47; (1995) 1 Sri LR 261 (5 September 1995)",structured_slr,0.909892,0.075715,0.004285,0.909892,0.010108,78,22136,22,0.282051,0.993856,0,0.0,0.0,15,23,True,True,True,True,True,0.07571475772148333,0.00428524227851663,0.9098920127798543,0.010107987220145725,1990,0.9098920127798543,0.834177255058371
1995/48.html,1995,SLR,"Ceylon Petroleum Corporation v. Weerakoon and Another - SLR - 415, Vol 1 of 1995 [1995] LKSC 48; (1995) 1 Sri LR 415 (27 July 1995)",structured_slr,0.909892,0.073764,0.006236,0.909892,0.010108,34,8843,13,0.382353,1.470089,0,0.0,0.0,8,6,True,False,True,True,True,0.07376432281197501,0.006235677188024948,0.9098920127798543,0.010107987220145725,1990,0.9098920127798543,0.8361276899678793
1995/49.html,1995,SLR,"All Ceylon Commercial & Industrial Workers Union v. Ceylon Petroleum Corporation and Another - SLR - 295, Vol 2 of 1995 [1995] LKSC 49; (1995) 2 Sri LR 295 (24 August 1995)",structured_slr,0.909892,0.071028,0.008972,0.909892,0.010108,29,5386,14,0.482759,2.599332,0,0.0,0.0,8,13,True,True,True,True,True,0.071027987662269,0.008972012337730957,0.9098920127798543,0.010107987220145725,1990,0.9098920127798543,0.8388640251175853
1995/5.html,1995,SLR,"Kithsiri v. Weerasena - SLR - 70, Vol 1 of 1997 [1995] LKSC 5; (1997) 1 Sri LR 70 (21 July 1995)",structured_slr,0.909892,0.078421,0.001579,0.909892,0.010108,127,14165,3,0.023622,0.21179,0,0.0,0.0,22,19,True,True,True,True,True,0.07842132808683124,0.0015786719131687308,0.9098920127798543,0.010107987220145725,1990,0.9098920127798543,0.8314706846930231
1995/50.html,1995,SLR,"Sooriya Enterprises (International) Limited. v. Michael White & Company Limited. - SLR - 13, Vol 1 of 1997 [1995] LKSC 50; (1997) 1 Sri LR 13 (27 January 1995)",structured_slr,0.909892,0.078015,0.001985,0.909892,0.010108,73,5074,6,0.082192,1.182499,0,0.0,0.0,16,7,True,True,True,True,False,0.07801490281977763,0.001985097180222334,0.9098920127798543,0.010107987220145725,1990,0.9098920127798543,0.8318771099600767
1995/51.html,1995,SLR,"In Re. Srilal Herath - SLR - 57, Vol 1 of 1997 [1995] LKSC 51; (1997) 1 Sri LR 57 (23 May 1995)",structured_slr,0.909892,0.078336,0.001664,0.909892,0.010108,81,11186,3,0.037037,0.268192,0,0.0,0.0,12,12,True,True,True,True,False,0.07833611254622316,0.0016638874537768,0.9098920127798543,0.010107987220145725,1990,0.9098920127798543,0.8315559002336311
1995/52.html,1995,SLR,"Sideek v. Fuard - SLR - 42, Vol 1 of 1997 [1995] LKSC 52; (1997) 1 Sri LR 42 (13 February 1995)",structured_slr,0.909892,0.078356,0.001644,0.909892,0.010108,59,5819,2,0.033898,0.343702,0,0.0,0.0,11,7,True,False,True,True,True,0.07835644717999947,0.0016435528200004843,0.9098920127798543,0.010107987220145725,1990,0.9098920127798543,0.8315355655998549
1995/53.html,1995,SLR,"Bank of Ceylon v. Manivasagasivam - SLR - 79, Vol 2 of 1995 [1995] LKSC 53; (1995) 2 Sri LR 79 (21 July 1995)",structured_slr,0.909892,0.073612,0.006388,0.909892,0.010108,36,8912,14,0.388889,1.570916,0,0.0,0.0,11,7,True,True,True,True,True,0.07361233605854874,0.006387663941451231,0.9098920127798543,0.010107987220145725,1990,0.9098920127798543,0.8362796767213055
1995/54.html,1995,SLR,"Ismath v. Selladurai - SLR - 353, Vol 1 of 1995 [1995] LKSC 54; (1995) 1 Sri LR 353 (28 September 1995)",structured_slr,0.909892,0.07406,0.00594,0.909892,0.010108,65,17428,24,0.369231,1.377094,0,0.0,0.0,19,17,True,True,True,True,True,0.07405950264375122,0.005940497356248737,0.9098920127798543,0.010107987220145725,1990,0.9098920127798543,0.835832510136103
1995/55.html,1995,SLR,"Wigneswaramoorthy and Another v. Singham - SLR - 339, Vol 1 of 1995 [1995] LKSC 55; (1995) 1 Sri LR 339 (25 January 1995)",structured_slr,0.909892,0.071313,0.008687,0.909892,0.010108,38,8660,18,0.473684,2.078522,0,0.0,0.0,11,16,True,True,True,True,True,0.07131310079370967,0.00868689920629028,0.9098920127798543,0.010107987220145725,1990,0.9098920127798543,0.8385789119861446
1995/56.html,1995,SLR,"Halib Abdul Cader Ameer v. Danny Perera - SLR - 321, Vol 2 of 1998 [1995] LKSC 56; (1998) 2 Sri LR 321 (27 October 1995)",structured_slr,0.909892,0.054754,0.025246,0.909892,0.010108,31,7112,25,0.806452,3.515186,0,0.0,0.0,8,7,True,True,True,True,True,0.05475416072792066,0.025245839272079303,0.9098920127798543,0.010107987220145725,1990,0.9098920127798543,0.8551378520519337
1995/6.html,1995,SLR,"Suren De Silva v. The Commissioner General of Inland Revenue - SLR - 130, Vol 2 of 1997 [1995] LKSC 6; (1997) 2 Sri LR 130 (23 August 1995)",structured_slr,0.909892,0.078064,0.001936,0.909892,0.010108,66,6070,5,0.075758,0.823723,0,0.0,0.0,14,3,True,True,True,True,True,0.07806411898594649,0.0019358810140534732,0.9098920127798543,0.010107987220145725,1990,0.9098920127798543,0.8318278937939079
1995/7.html,1995,SLR,"Gunasekera v. Jinadasa - SLR - 115, Vol 2 of 1996 [1995] LKSC 7; (1996) 2 Sri LR 115 (7 July 1995)",structured_slr,0.909892,0.077522,0.002478,0.909892,0.010108,79,21437,11,0.139241,0.513132,0,0.0,0.0,100,84,True,True,True,True,True,0.07752182234059576,0.002478177659404186,0.9098920127798543,0.010107987220145725,1990,0.9098920127798543,0.8323701904392585
1995/8.html,1995,SLR,"Violet Perera v. Asilin Nona - SLR - 1, Vol 1 of 1996 [1995] LKSC 8; (1996) 1 Sri LR 1 (7 July 1995)",structured_slr,0.909892,0.0,0.08,0.909892,0.010108,20,16221,121,6.05,7.459466,0,0.0,0.0,19,15,True,True,True,True,True,1.3500239148811482e-10,0.07999999986499756,0.9098920127798543,0.010107987220145725,1990,0.9098920127798543,0.8298920129148568
1995/9.html,1995,SLR,"Dharmadasa v. Director General, Commission To Investigate Allegations of Bribery Or Corruption and Another - SLR - 64, Vol 1 of 2003 [1995] LKSC 9; (2003) 1 Sri LR 64 (13 October 1995)",structured_slr,0.909892,0.078355,0.001645,0.909892,0.010108,88,20455,3,0.034091,0.146663,0,0.0,0.0,11,16,True,True,False,True,True,0.07835520396433636,0.0016447960356636056,0.9098920127798543,0.010107987220145725,1990,0.9098920127798543,0.831536808815518
1996/1.html,1996,SLR,"Arthur v. Moosajees Limited and Others - SLR - 14, Vol 2 of 1996 [1996] LKSC 1; (1996) 2 Sri LR 14 (5 July 1996)",structured_slr,0.909892,0.076504,0.003496,0.909892,0.010108,35,6887,8,0.228571,1.161609,0,0.0,0.0,16,7,True,False,True,True,True,0.07650397469419502,0.0034960253058049316,0.9098920127798543,0.010107987220145725,1990,0.9098920127798543,0.8333880380856593
1996/10.html,1996,SLR,"Colgan and Ohters v. Udeshi and Others - SLR - 220, Vol 2 of 1996 [1996] LKSC 10; (1996) 2 Sri LR 220 (29 September 1996)",structured_slr,0.909892,0.075864,0.004136,0.909892,0.010108,33,6758,9,0.272727,1.331755,0,0.0,0.0,15,16,True,True,True,True,True,0.07586352489611191,0.004136475103888062,0.9098920127798543,0.010107987220145725,1990,0.9098920127798543,0.8340284878837424
1996/11.html,1996,SLR,"Kuruppuarachchi v. Andreas - SLR - 11, Vol 2 of 1996 [1996] LKSC 11; (1996) 2 Sri LR 11 (1 January 1996)",structured_slr,0.909892,0.075864,0.004136,0.909892,0.010108,33,6529,9,0.272727,1.378465,0,0.0,0.0,13,10,True,True,True,True,True,0.07586352489611191,0.004136475103888062,0.9098920127798543,0.010107987220145725,1990,0.9098920127798543,0.8340284878837424
1996/12.html,1996,SLR,"Ameer v. Kulatunge - SLR - 398, Vol 2 of 1996 [1996] LKSC 12; (1996) 2 Sri LR 398 (20 August 1996)",structured_slr,0.909892,0.076919,0.003081,0.909892,0.010108,46,9285,9,0.195652,0.969305,0,0.0,0.0,14,18,True,True,True,True,True,0.0769186839009528,0.0030813160990471543,0.9098920127798543,0.010107987220145725,1990,0.9098920127798543,0.8329733288789015
1996/13.html,1996,SLR,"Perera v. Lokuge and Others - SLR - 282, Vol 2 of 1996 [1996] LKSC 13; (1996) 2 Sri LR 282 (1 January 1996)",structured_slr,0.909892,0.077079,0.002921,0.909892,0.010108,44,9061,8,0.181818,0.882905,0,0.0,0.0,18,24,True,True,True,True,True,0.07707850225172513,0.0029214977482748187,0.9098920127798543,0.010107987220145725,1990,0.9098920127798543,0.8328135105281291
1996/14.html,1996,SLR,"Jeyaraj Fernandopulle v. Premachandra De Silva and Others - SLR - 70, Vol 1 of 1996 [1996] LKSC 14; (1996) 1 Sri LR 70 (9 July 1996)",structured_slr,0.909892,0.0,0.08,0.909892,0.010108,150,144490,631,4.206667,4.367084,0,0.0,0.0,89,256,True,True,True,True,False,2.150491280339394e-07,0.07999978495087193,0.9098920127798543,0.010107987220145725,1990,0.9098920127798543,0.8298922278289824
1996/15.html,1996,SLR,"Asilin Nona and Another v. Wilbert Silva - SLR - 176, Vol 1 of 1997 [1996] LKSC 15; (1997) 1 Sri LR 176 (26 February 1996)",structured_slr,0.909892,0.078111,0.001889,0.909892,0.010108,72,9619,5,0.069444,0.519805,0,0.0,0.0,17,10,True,True,True,True,True,0.07811125948270631,0.0018887405172936607,0.9098920127798543,0.010107987220145725,1990,0.9098920127798543,0.831780753297148
1996/16.html,1996,SLR,"Sirimanne v. Kottegoda and Another - SLR - 103, Vol 1 of 1997 [1996] LKSC 16; (1997) 1 Sri LR 103 (7 March 1996)",structured_slr,0.909892,0.078241,0.001759,0.909892,0.010108,78,9166,4,0.051282,0.436395,0,0.0,0.0,12,7,True,True,True,True,True,0.07824069661064481,0.0017593033893551454,0.9098920127798543,0.010107987220145725,1990,0.9098920127798543,0.8316513161692095
1996/17.html,1996,SLR,"Alawwa and 4 Others v. Katugampola Mpcs and Another. - SLR - 278, Vol 2 of 1996 [1996] LKSC 17; (1996) 2 Sri LR 278 (30 October 1996)",structured_slr,0.909892,0.077166,0.002834,0.909892,0.010108,46,8758,8,0.173913,0.913451,0,0.0,0.0,17,12,True,True,True,True,True,0.07716621374858876,0.002833786251411211,0.9098920127798543,0.010107987220145725,1990,0.9098920127798543,0.8327257990312655
1996/18.html,1996,SLR,"Lurdu Nelson Fernando and Others v. The Attorney General - SLR - 329, Vol 2 of 1998 [1996] LKSC 18; (1998) 2 Sri LR 329 (21 March 1996)",structured_slr,0.909892,0.070464,0.009536,0.909892,0.010108,28,7187,14,0.5,1.947962,0,0.0,0.0,8,4,True,False,True,True,True,0.07046376623823056,0.0095362337617694,0.9098920127798543,0.010107987220145725,1990,0.9098920127798543,0.8394282465416237
1996/19.html,1996,SLR,"Ariyasinghe v. State Timber Corportaion and 6 Others - SLR - 48, Vol 2 of 1996 [1996] LKSC 19; (1996) 2 Sri LR 48 (1 January 1996)",structured_slr,0.909892,0.076541,0.003459,0.909892,0.010108,31,4785,7,0.225806,1.462905,0,0.0,0.0,15,14,True,True,True,True,True,0.07654076497231908,0.0034592350276808734,0.9098920127798543,0.010107987220145725,1990,0.9098920127798543,0.8333512478075352
1996/2.html,1996,SLR,"Colombo South Multi Purpose Co Operative Society Ltd. v. Co Operative Employees' Commission - SLR - 225, Vol 2 of 1997 [1996] LKSC 2; (1997) 2 Sri LR 225 (26 February 1996)",structured_slr,0.909892,0.078272,0.001728,0.909892,0.010108,107,13499,5,0.046729,0.370398,0,0.0,0.0,21,17,True,True,True,True,True,0.07827176114270827,0.0017282388572916888,0.9098920127798543,0.010107987220145725,1990,0.9098920127798543,0.831620251637146
1996/20.html,1996,SLR,"Fernando v. The Sri Lanka Broadcasting Corporation and Others - SLR - 157, Vol 1 of 1996 [1996] LKSC 20; (1996) 1 Sri LR 157 (30 January 1996)",structured_slr,0.909892,0.0,0.08,0.909892,0.010108,56,52238,235,4.196429,4.498641,0,0.0,0.0,37,68,True,True,True,True,False,2.2403860755026973e-07,0.0799997759613924,0.9098920127798543,0.010107987220145725,1990,0.9098920127798543,0.8298922368184619
1996/21.html,1996,SLR,"Galappaththi v. Bulegoda and Another - SLR - 393, Vol 1 of 1997 [1996] LKSC 21; (1997) 1 Sri LR 393 (1 October 1996)",structured_slr,0.909892,0.078273,0.001727,0.909892,0.010108,129,13224,6,0.046512,0.453721,0,0.0,0.0,18,28,True,True,True,True,False,0.07827322823785147,0.0017267717621484821,0.9098920127798543,0.010107987220145725,1990,0.9098920127798543,0.8316187845420029
1996/22.html,1996,SLR,"Gunaratne and Others v. Ceylon Petroleum Corporation and Others - SLR - 315, Vol 1 of 1996 [1996] LKSC 22; (1996) 1 Sri LR 315 (31 July 1996)",structured_slr,0.909892,0.078074,0.001926,0.909892,0.010108,94,33336,7,0.074468,0.209983,0,0.0,0.0,32,27,True,True,True,True,False,0.07807384251534365,0.0019261574846563072,0.9098920127798543,0.010107987220145725,1990,0.9098920127798543,0.8318181702645107
1996/23.html,1996,SLR,"Maithripala Senanayake, Governor of the North Central Province and Another v. Gamage Don Mahindasoma and Others - SLR - 333, Vol 2 of 1998 [1996] LKSC 23; (1998) 2 Sri LR 333 (4 January 1996)",structured_slr,0.909892,0.076122,0.003878,0.909892,0.010108,262,94478,67,0.255725,0.70916,0,0.0,0.0,23,21,True,True,True,True,True,0.07612230345707983,0.003877696542920119,0.9098920127798543,0.010107987220145725,1990,0.9098920127798543,0.8337697093227745
1996/24.html,1996,SLR,"Malegoda v. Joachin - SLR - 88, Vol 1 of 1997 [1996] LKSC 24; (1997) 1 Sri LR 88 (16 December 1996)",structured_slr,0.909892,0.077835,0.002165,0.909892,0.010108,67,8085,7,0.104478,0.865801,0,0.0,0.0,17,10,True,True,True,True,True,0.07783482549811462,0.0021651745018853425,0.9098920127798543,0.010107987220145725,1990,0.9098920127798543,0.8320571872817397
1996/25.html,1996,SLR,"Manage v. Kotakadeniya - SLR - 204, Vol 1 of 1997 [1996] LKSC 25; (1997) 1 Sri LR 204 (20 December 1996)",structured_slr,0.909892,0.07828,0.00172,0.909892,0.010108,88,7751,4,0.045455,0.516062,0,0.0,0.0,12,5,True,False,True,True,True,0.07828035701358475,0.001719642986415209,0.9098920127798543,0.010107987220145725,1990,0.9098920127798543,0.8316116557662696
1996/26.html,1996,SLR,"Premawathie v. Fowzie, Minister of Healthand Others - SLR - 373, Vol 2 of 1998 [1996] LKSC 26; (1998) 2 Sri LR 373 (23 October 1996)",structured_slr,0.909892,0.073612,0.006388,0.909892,0.010108,36,10198,14,0.388889,1.372818,0,0.0,0.0,7,4,True,False,True,True,False,0.07361233605854874,0.006387663941451231,0.9098920127798543,0.010107987220145725,1990,0.9098920127798543,0.8362796767213055
1996/27.html,1996,SLR,"Priyangani v. Nanayakkara and Others - SLR - 399, Vol 1 of 1996 [1996] LKSC 27; (1996) 1 Sri LR 399 (30 August 1996)",structured_slr,0.909892,0.077747,0.002253,0.909892,0.010108,61,17896,7,0.114754,0.391149,0,0.0,0.0,22,11,True,False,True,True,False,0.07774653291399644,0.0022534670860035124,0.9098920127798543,0.010107987220145725,1990,0.9098920127798543,0.8321454798658579
1996/28.html,1996,SLR,"Tennakoon, Assistant Superintendent of Police v. De Silva, T.P.F., Inspector General of Police and Others - SLR - 16, Vol 1 of 1997 [1996] LKSC 28; (1997) 1 Sri LR 16 (22 August 1996)",structured_slr,0.909892,0.078109,0.001891,0.909892,0.010108,287,53544,20,0.069686,0.373525,0,0.0,0.0,58,20,True,True,True,True,True,0.0781094735232595,0.0018905264767404525,0.9098920127798543,0.010107987220145725,1990,0.9098920127798543,0.8317825392565948
1996/29.html,1996,SLR,"Young Men'S Buddhist Association v. Azeez and Another - SLR - 325, Vol 2 of 1998 [1996] LKSC 29; (1998) 2 Sri LR 325 (9 December 1996)",structured_slr,0.909892,0.071812,0.008188,0.909892,0.010108,35,8084,16,0.457143,1.979218,0,0.0,0.0,9,6,True,True,True,True,True,0.07181233864157939,0.008187661358420568,0.9098920127798543,0.010107987220145725,1990,0.9098920127798543,0.8380796741382749
1996/3.html,1996,SLR,"Wickremasinghe and Others v. Cornel Perera and Others - SLR - 294, Vol 1 of 1996 [1996] LKSC 3; (1996) 1 Sri LR 294 (15 July 1996)",structured_slr,0.909892,0.077336,0.002664,0.909892,0.010108,57,18029,9,0.157895,0.499196,0,0.0,0.0,20,31,True,True,False,True,True,0.07733622967405054,0.0026637703259494226,0.9098920127798543,0.010107987220145725,1990,0.9098920127798543,0.8325557831058038
1996/30.html,1996,SLR,"Anthony and Others v. Chandrasena, Returning Officer and Others - SLR - 311, Vol 2 of 1996 [1996] LKSC 30; (1996) 2 Sri LR 311 (1 January 1996)",structured_slr,0.909892,0.076919,0.003081,0.909892,0.010108,46,13295,9,0.195652,0.676946,0,0.0,0.0,24,11,True,True,True,True,True,0.0769186839009528,0.0030813160990471543,0.9098920127798543,0.010107987220145725,1990,0.9098920127798543,0.8329733288789015
1996/31.html,1996,SLR,"Elpitiya Plantations Ltd. v. Jayasinghe and Two Others - SLR - 189, Vol 3 of 1997 [1996] LKSC 31; (1997) 3 Sri LR 189 (11 November 1996)",structured_slr,0.909892,0.078255,0.001745,0.909892,0.010108,122,17113,6,0.04918,0.350611,0,0.0,0.0,20,9,True,True,True,True,True,0.07825510553767967,0.0017448944623202943,0.9098920127798543,0.010107987220145725,1990,0.9098920127798543,0.8316369072421747
1996/32.html,1996,SLR,"Kirihamy v. Dingirimaththaya - SLR - 175, Vol 2 of 1996 [1996] LKSC 32; (1996) 2 Sri LR 175 (1 January 1996)",structured_slr,0.909892,0.076867,0.003133,0.909892,0.010108,50,9785,10,0.2,1.021972,0,0.0,0.0,25,15,True,True,True,True,True,0.07686674217625881,0.003133257823741147,0.9098920127798543,0.010107987220145725,1990,0.9098920127798543,0.8330252706035955
1996/33.html,1996,SLR,"General Metals Ltd. v. Perera, Secretary, Ministry of Industries, Science and Technology and Others - SLR - 392, Vol 1 of 1996 [1996] LKSC 33; (1996) 1 Sri LR 392 (8 July 1996)",structured_slr,0.909892,0.077778,0.002222,0.909892,0.010108,63,14938,7,0.111111,0.468604,0,0.0,0.0,35,18,True,False,False,True,False,0.07777822698353573,0.002221773016464233,0.9098920127798543,0.010107987220145725,1990,0.9098920127798543,0.8321137857963186
1996/34.html,1996,SLR,"Atapattu and Others v. People'S Bank and Others - SLR - 208, Vol 1 of 1997 [1996] LKSC 34; (1997) 1 Sri LR 208 (19 December 1996)",structured_slr,0.909892,0.078209,0.001791,0.909892,0.010108,215,33691,12,0.055814,0.356178,0,0.0,0.0,40,44,True,True,True,True,True,0.07820923354281806,0.0017907664571818985,0.9098920127798543,0.010107987220145725,1990,0.9098920127798543,0.8316827792370363
1996/35.html,1996,SLR,"Edward Francis William Silva, President'S Counsel and Three Others v. Shirani Bandaranayake and Three Others - SLR - 92, Vol 1 of 1997 [1996] LKSC 35; (1997) 1 Sri LR 92 (16 December 1996)",structured_slr,0.909892,0.078343,0.001657,0.909892,0.010108,167,23114,6,0.035928,0.259583,0,0.0,0.0,37,26,True,True,True,True,False,0.07834332469349496,0.0016566753065049952,0.9098920127798543,0.010107987220145725,1990,0.9098920127798543,0.8315486880863594
1996/36.html,1996,SLR,"Hatton National Bank v. Perera - SLR - 231, Vol 2 of 1996 [1996] LKSC 36; (1996) 2 Sri LR 231 (11 October 1996)",structured_slr,0.909892,0.077014,0.002986,0.909892,0.010108,48,14414,9,0.1875,0.624393,0,0.0,0.0,21,26,True,True,True,True,False,0.0770138490124696,0.002986150987530355,0.9098920127798543,0.010107987220145725,1990,0.9098920127798543,0.8328781637673848
1996/37.html,1996,SLR,"Nadarajah v. Janatha Estates Development Board - SLR - 314, Vol 2 of 1998 [1996] LKSC 37; (1998) 2 Sri LR 314 (21 March 1996)",structured_slr,0.909892,0.075171,0.004829,0.909892,0.010108,51,14027,16,0.313725,1.140657,0,0.0,0.0,8,5,True,True,True,True,True,0.07517088151796478,0.004829118482035186,0.9098920127798543,0.010107987220145725,1990,0.9098920127798543,0.8347211312618895
1996/38.html,1996,SLR,"Sri Lanka Generalworkers Union v. Samaranayake - SLR - 268, Vol 2 of 1996 [1996] LKSC 38; (1996) 2 Sri LR 268 (1 January 1996)",structured_slr,0.909892,0.07779,0.00221,0.909892,0.010108,82,19480,9,0.109756,0.462012,0,0.0,0.0,18,51,True,True,True,True,True,0.07778990464336664,0.0022100953566333167,0.9098920127798543,0.010107987220145725,1990,0.9098920127798543,0.8321021081364877
1996/39.html,1996,SLR,"Superintendent of Pussella State Plantation, Parakaduwa v. Sri Lanka Nidahas Sevaka Sangamaya - SLR - 108, Vol 1 of 1997 [1996] LKSC 39; (1997) 1 Sri LR 108 (18 March 1996)",structured_slr,0.909892,0.078501,0.001499,0.909892,0.010108,96,10463,1,0.010417,0.095575,0,0.0,0.0,11,36,True,True,True,True,True,0.07850102773462656,0.001498972265373407,0.9098920127798543,0.010107987220145725,1990,0.9098920127798543,0.8313909850452278
1996/4.html,1996,SLR,"De Costa v. Anz Grindlays Bank Plc. - SLR - 307, Vol 1 of 1996 [1996] LKSC 4; (1996) 1 Sri LR 307 (26 August 1996)",structured_slr,0.909892,0.077416,0.002584,0.909892,0.010108,60,17248,9,0.15,0.5218,0,0.0,0.0,37,33,True,True,True,True,True,0.07741636282412391,0.00258363717587604,0.9098920127798543,0.010107987220145725,1990,0.9098920127798543,0.8324756499557304
1996/40.html,1996,SLR,"Up Country Distributors (Pvt) Ltd. v. Subasinghe - SLR - 330, Vol 2 of 1996 [1996] LKSC 40; (1996) 2 Sri LR 330 (30 September 1996)",structured_slr,0.909892,0.077214,0.002786,0.909892,0.010108,59,12368,10,0.169492,0.808538,0,0.0,0.0,15,39,True,True,False,True,True,0.07721415619208029,0.0027858438079196753,0.9098920127798543,0.010107987220145725,1990,0.9098920127798543,0.832677856587774
1996/41.html,1996,SLR,"Thalwatte v. Somasundaram - SLR - 109, Vol 2 of 1997 [1996] LKSC 41; (1997) 2 Sri LR 109 (12 February 1996)",structured_slr,0.909892,0.078097,0.001903,0.909892,0.010108,70,6631,5,0.071429,0.754034,0,0.0,0.0,17,8,True,True,True,True,True,0.07809656142274922,0.001903438577250734,0.9098920127798543,0.010107987220145725,1990,0.9098920127798543,0.8317954513571051
1996/42.html,1996,SLR,"Karunadasa v. Unique Gem Stones Ltd., and Others - SLR - 256, Vol 1 of 1997 [1996] LKSC 42; (1997) 1 Sri LR 256 (5 December 1996)",structured_slr,0.909892,0.078561,0.001439,0.909892,0.010108,121,15544,0,0.0,0.0,0,0.0,0.0,18,14,True,True,True,True,False,0.07856110320303264,0.001438896796967324,0.9098920127798543,0.010107987220145725,1990,0.9098920127798543,0.8313309095768217
1996/43.html,1996,SLR,"Jamis Perera and Another v. Charles Dias and Others - SLR - 159, Vol 2 of 1999 [1996] LKSC 43; (1999) 2 Sri LR 159 (1 February 1996)",structured_slr,0.909892,0.0716,0.0084,0.909892,0.010108,28,6132,13,0.464286,2.120026,0,0.0,0.0,8,7,True,False,True,True,True,0.07159994460633264,0.008400055393667314,0.9098920127798543,0.010107987220145725,1990,0.9098920127798543,0.8382920681735216
1996/44.html,1996,SLR,"Weerasinghe v. Sepala and Another - SLR - 229, Vol 2 of 1996 [1996] LKSC 44; (1996) 2 Sri LR 229 (14 June 1996)",structured_slr,0.909892,0.075029,0.004971,0.909892,0.010108,28,4354,9,0.321429,2.067065,0,0.0,0.0,15,9,True,True,True,True,True,0.07502914136110754,0.00497085863889242,0.9098920127798543,0.010107987220145725,1990,0.9098920127798543,0.8348628714187468
1996/45.html,1996,SLR,"Dr. I. Gunatilaka v. Vice Admiral Tissera, Commander of the Navy and Others - SLR - 1, Vol 1 of 2003 [1996] LKSC 45; (2003) 1 Sri LR 1 (7 May 1996)",structured_slr,0.909892,0.078353,0.001647,0.909892,0.010108,116,19843,4,0.034483,0.201582,0,0.0,0.0,16,31,True,True,True,True,True,0.07835267604921822,0.0016473239507817335,0.9098920127798543,0.010107987220145725,1990,0.9098920127798543,0.8315393367306361
1996/5.html,1996,SLR,"Farook v. Raymond and Others - SLR - 217, Vol 1 of 1996 [1996] LKSC 5; (1996) 1 Sri LR 217 (2 August 1996)",structured_slr,0.909892,0.077843,0.002157,0.909892,0.010108,116,31538,12,0.103448,0.380493,0,0.0,0.0,46,91,True,True,True,True,False,0.07784348769557176,0.0021565123044282094,0.9098920127798543,0.010107987220145725,1990,0.9098920127798543,0.8320485250842826
1996/6.html,1996,SLR,"Plyadasa v. Kurukulasuriya, Attorney At Law - SLR - 410, Vol 2 of 1997 [1996] LKSC 6; (1997) 2 Sri LR 410 (22 July 1996)",structured_slr,0.909892,0.078433,0.001567,0.909892,0.010108,138,23313,3,0.021739,0.128684,0,0.0,0.0,20,11,True,True,True,True,False,0.07843294193610698,0.001567058063892977,0.9098920127798543,0.010107987220145725,1990,0.9098920127798543,0.8314590708437474
1996/7.html,1996,SLR,"Wickramaratne v. Chandradeva - SLR - 232, Vol 2 of 1997 [1996] LKSC 7; (1997) 2 Sri LR 232 (20 September 1996)",structured_slr,0.909892,0.078405,0.001595,0.909892,0.010108,152,21072,4,0.026316,0.189825,0,0.0,0.0,17,18,True,True,True,True,False,0.0784045654278434,0.00159543457215657,0.9098920127798543,0.010107987220145725,1990,0.9098920127798543,0.831487447352011
1996/8.html,1996,SLR,"Jayasinghe v. Kiribindu and Others - SLR - 1, Vol 2 of 1997 [1996] LKSC 8; (1997) 2 Sri LR 1 (4 April 1996)",structured_slr,0.909892,0.077652,0.002348,0.909892,0.010108,1101,206655,138,0.125341,0.66778,0,0.0,0.0,170,120,True,True,True,True,True,0.07765191475179313,0.002348085248206827,0.9098920127798543,0.010107987220145725,1990,0.9098920127798543,0.8322400980280612
1996/9.html,1996,SLR,"Hariette v. Pathmasiri - SLR - 358, Vol 1 of 1996 [1996] LKSC 9; (1996) 1 Sri LR 358 (19 January 1996)",structured_slr,0.909892,0.076112,0.003888,0.909892,0.010108,39,11348,10,0.25641,0.881213,0,0.0,0.0,15,19,True,True,True,True,True,0.07611218105272781,0.0038878189472721426,0.9098920127798543,0.010107987220145725,1990,0.9098920127798543,0.8337798317271266
1997/1.html,1997,SLR,"Hanaffi v. Nallamma - SLR - 73, Vol 1 of 1998 [1997] LKSC 1; (1998) 1 Sri LR 73 (23 October 1997)",structured_slr,0.909892,0.0,0.08,0.909892,0.010108,16,11183,69,4.3125,6.17008,0,0.0,0.0,11,5,True,False,True,True,True,1.4082745705579206e-07,0.0799998591725429,0.9098920127798543,0.010107987220145725,1990,0.9098920127798543,0.8298921536073114
1997/10.html,1997,SLR,"Maginona v. Commissioner For National Housing and Others - SLR - 131, Vol 3 of 1997 [1997] LKSC 10; (1997) 3 Sri LR 131 (22 July 1997)",structured_slr,0.909892,0.077999,0.002001,0.909892,0.010108,95,10732,8,0.084211,0.745434,0,0.0,0.0,16,5,True,True,True,True,True,0.07799920883761532,0.002000791162384642,0.9098920127798543,0.010107987220145725,1990,0.9098920127798543,0.831892803942239
1997/11.html,1997,SLR,"Topa Sporting Goods Pvt) Ltd. v. The Commissioner of Labour and Three Others - SLR - 95, Vol 2 of 1997 [1997] LKSC 11; (1997) 2 Sri LR 95 (2 May 1997)",structured_slr,0.909892,0.077796,0.002204,0.909892,0.010108,55,4581,6,0.109091,1.309758,0,0.0,0.0,7,8,False,True,True,True,True,0.07779561390953478,0.0022043860904651866,0.9098920127798543,0.010107987220145725,1990,0.9098920127798543,0.8320963988703195
1997/12.html,1997,SLR,"Waas Gunawardena v. Perera and Another - SLR - 222, Vol 2 of 1997 [1997] LKSC 12; (1997) 2 Sri LR 222 (31 March 1997)",structured_slr,0.909892,0.078467,0.001533,0.909892,0.010108,62,6175,1,0.016129,0.161943,0,0.0,0.0,14,16,False,True,True,True,True,0.07846704878529666,0.0015329512147033032,0.9098920127798543,0.010107987220145725,1990,0.9098920127798543,0.8314249639945577
1997/13.html,1997,SLR,"Siyambalagastenna v. Oic Crimes, Police Station, Kandy - SLR - 78, Vol 1 of 1998 [1997] LKSC 13; (1998) 1 Sri LR 78 (27 October 1997)",structured_slr,0.909892,0.0,0.08,0.909892,0.010108,10,3683,44,4.4,11.946783,0,0.0,0.0,8,5,True,False,True,True,True,9.923948328882655e-08,0.07999990076051668,0.9098920127798543,0.010107987220145725,1990,0.9098920127798543,0.8298921120193377
1997/14.html,1997,SLR,"Ratnasingham v. Tikiribanda Dassanaike and Others - SLR - 8, Vol 1 of 1998 [1997] LKSC 14; (1998) 1 Sri LR 8 (17 October 1997)",structured_slr,0.909892,0.0,0.08,0.909892,0.010108,72,69100,375,5.208333,5.426918,0,0.0,0.0,86,4,True,True,True,True,True,3.912611852285861e-09,0.07999999608738811,0.9098920127798543,0.010107987220145725,1990,0.9098920127798543,0.8298920166924662
1997/15.html,1997,SLR,"Abeywickrema v. Gunaratna and Three Others - SLR - 225, Vol 3 of 1997 [1997] LKSC 15; (1997) 3 Sri LR 225 (9 October 1997)",structured_slr,0.909892,0.078324,0.001676,0.909892,0.010108,103,11332,4,0.038835,0.352983,0,0.0,0.0,15,8,True,True,True,True,False,0.07832435428455033,0.0016756457154496341,0.9098920127798543,0.010107987220145725,1990,0.9098920127798543,0.831567658495304
1997/16.html,1997,SLR,"David Perera v. The Attorney General and Another - SLR - 390, Vol 1 of 1997 [1997] LKSC 16; (1997) 1 Sri LR 390 (4 April 1997)",structured_slr,0.909892,0.078332,0.001668,0.909892,0.010108,53,4527,2,0.037736,0.441794,0,0.0,0.0,10,18,False,True,True,True,False,0.07833155096788144,0.0016684490321185173,0.9098920127798543,0.010107987220145725,1990,0.9098920127798543,0.8315604618119729
1997/17.html,1997,SLR,"Ceylon Tea Marketing Ltd. v. Prepacked Exports (Pvt) Ltd. and Others - SLR - 146, Vol 2 of 1998 [1997] LKSC 17; (1998) 2 Sri LR 146 (27 August 1997)",structured_slr,0.909892,0.0,0.08,0.909892,0.010108,8,2804,49,6.125,17.475036,0,0.0,0.0,8,5,True,False,True,True,False,1.0001222960909212e-10,0.07999999989998773,0.9098920127798543,0.010107987220145725,1990,0.9098920127798543,0.8298920128798666
1997/18.html,1997,SLR,"Liquidator of the River Valleys Development Board v. Hendrick Appuhamy and Another - SLR - 236, Vol 3 of 1997 [1997] LKSC 18; (1997) 3 Sri LR 236 (29 May 1997)",structured_slr,0.909892,0.078289,0.001711,0.909892,0.010108,407,61536,18,0.044226,0.292512,0,0.0,0.0,55,55,True,True,True,True,True,0.07828860963080436,0.0017113903691956026,0.9098920127798543,0.010107987220145725,1990,0.9098920127798543,0.83160340314905
1997/19.html,1997,SLR,"Siriwardena v. Hewage - SLR - 57, Vol 3 of 1997 [1997] LKSC 19; (1997) 3 Sri LR 57 (2 May 1997)",structured_slr,0.909892,0.078166,0.001834,0.909892,0.010108,113,17118,7,0.061947,0.408926,0,0.0,0.0,27,11,True,True,True,True,True,0.0781657788658264,0.0018342211341735562,0.9098920127798543,0.010107987220145725,1990,0.9098920127798543,0.8317262339140279
1997/2.html,1997,SLR,"Piyangani Navaratne and Others v. Chadrasena - SLR - 170, Vol 1 of 1998 [1997] LKSC 2; (1998) 1 Sri LR 170 (16 December 1997)",structured_slr,0.909892,0.0,0.08,0.909892,0.010108,14,9991,67,4.785714,6.706035,0,0.0,0.0,16,5,True,False,True,True,False,2.1214415513171037e-08,0.07999997878558444,0.9098920127798543,0.010107987220145725,1990,0.9098920127798543,0.8298920339942699
1997/20.html,1997,SLR,"Peiris v. Ramya Goonewardena - SLR - 81, Vol 1 of 1998 [1997] LKSC 20; (1998) 1 Sri LR 81 (9 October 1997)",structured_slr,0.909892,0.0,0.08,0.909892,0.010108,18,13343,112,6.222222,8.393914,0,0.0,0.0,14,5,True,True,True,True,True,6.778931194162393e-11,0.07999999993221064,0.9098920127798543,0.010107987220145725,1990,0.9098920127798543,0.8298920128476437
1997/21.html,1997,SLR,"Abdul Cader Ayoob v. The Inspector General of Police and Others - SLR - 412, Vol 1 of 1997 [1997] LKSC 21; (1997) 1 Sri LR 412 (20 March 1997)",structured_slr,0.909892,0.078321,0.001679,0.909892,0.010108,127,15888,5,0.03937,0.314703,0,0.0,0.0,21,24,True,True,True,True,False,0.07832083990954997,0.0016791600904499974,0.9098920127798543,0.010107987220145725,1990,0.9098920127798543,0.8315711728703044
1997/22.html,1997,SLR,"Cyril Fernando v. Ratnasiri Wickramanayake and Others - SLR - 166, Vol 1 of 1998 [1997] LKSC 22; (1998) 1 Sri LR 166 (17 December 1997)",structured_slr,0.909892,3.7e-05,0.079963,0.909892,0.010108,12,7406,35,2.916667,4.725898,0,0.0,0.0,18,5,True,False,True,True,True,3.7436488158633076e-05,0.07996256351184133,0.9098920127798543,0.010107987220145725,1990,0.9098920127798543,0.8299294492680129
1997/23.html,1997,SLR,"Dhanapala v. Dissanayake, Provincial Director of Education and Others - SLR - 400, Vol 1 of 1997 [1997] LKSC 23; (1997) 1 Sri LR 400 (4 April 1997)",structured_slr,0.909892,0.078188,0.001812,0.909892,0.010108,85,13686,5,0.058824,0.365337,0,0.0,0.0,10,7,True,False,True,True,True,0.07818803369134142,0.0018119663086585368,0.9098920127798543,0.010107987220145725,1990,0.9098920127798543,0.8317039790885129
1997/24.html,1997,SLR,"Gamini Perera, Attorney At Law (On Behalf of Saman Srimal Bandara) v. Rajaguru, W.B. Inspector General of Police and Others - SLR - 141, Vol 3 of 1997 [1997] LKSC 24; (1997) 3 Sri LR 141 (29 August 1997)",structured_slr,0.909892,0.078055,0.001945,0.909892,0.010108,208,30139,16,0.076923,0.530874,0,0.0,0.0,43,14,True,True,True,True,True,0.07805529653469556,0.0019447034653043975,0.9098920127798543,0.010107987220145725,1990,0.9098920127798543,0.8318367162451588
1997/25.html,1997,SLR,"In Re Local Authorities Housing Statute No. 2 of 1995 of the Provincial Council North Central Province - SLR - 344, Vol 3 of 1997 [1997] LKSC 25; (1997) 3 Sri LR 344 (26 September 1997)",structured_slr,0.909892,0.078379,0.001621,0.909892,0.010108,99,9795,3,0.030303,0.306279,0,0.0,0.0,14,9,True,False,True,True,False,0.07837943701578645,0.0016205629842135055,0.9098920127798543,0.010107987220145725,1990,0.9098920127798543,0.8315125757640679
1997/26.html,1997,SLR,"Jayawardena v. Akmeemana Pradeshiya Sabha and Others - SLR - 316, Vol 1 of 1998 [1997] LKSC 26; (1998) 1 Sri LR 316 (24 September 1997)",structured_slr,0.909892,1.5e-05,0.079985,0.909892,0.010108,20,18139,63,3.15,3.473179,0,0.0,0.0,13,7,True,False,True,True,True,1.4725752397071183e-05,0.07998527424760289,0.9098920127798543,0.010107987220145725,1990,0.9098920127798543,0.8299067385322514
1997/27.html,1997,SLR,"Jeevakaran v. Ratnasiri Wickremanayake and Others - SLR - 351, Vol 1 of 1997 [1997] LKSC 27; (1997) 1 Sri LR 351 (1 January 1997)",structured_slr,0.909892,0.078113,0.001887,0.909892,0.010108,130,18988,9,0.069231,0.473984,0,0.0,0.0,32,22,True,False,True,True,True,0.07811283005987955,0.0018871699401204125,0.9098920127798543,0.010107987220145725,1990,0.9098920127798543,0.8317791827199748
1997/28.html,1997,SLR,"Nalika Kumudini, Attorney At Law, (On Behalf of Malsha Kumari) v. Nihal Mahinda, O.I.C. Hungama Police and Others - SLR - 331, Vol 3 of 1997 [1997] LKSC 28; (1997) 3 Sri LR 331 (30 November 1997)",structured_slr,0.909892,0.078453,0.001547,0.909892,0.010108,162,27605,3,0.018519,0.108676,0,0.0,0.0,35,5,True,True,True,True,False,0.07845260831931385,0.0015473916806861127,0.9098920127798543,0.010107987220145725,1990,0.9098920127798543,0.8314394044605404
1997/29.html,1997,SLR,"Nizam and Others v. Elkaduwa, Secretary, Ministry of Education Central Province and Others - SLR - 349, Vol 3 of 1997 [1997] LKSC 29; (1997) 3 Sri LR 349 (24 September 1997)",structured_slr,0.909892,0.078544,0.001456,0.909892,0.010108,327,23000,1,0.003058,0.043478,0,0.0,0.0,21,7,False,False,True,True,False,0.07854371689246112,0.0014562831075388416,0.9098920127798543,0.010107987220145725,1990,0.9098920127798543,0.8313482958873932
1997/3.html,1997,SLR,"Balapitiya Gunananda Thero v. Talalle Methananda Thero - SLR - 101, Vol 2 of 1997 [1997] LKSC 3; (1997) 2 Sri LR 101 (1 January 1997)",structured_slr,0.909892,0.077601,0.002399,0.909892,0.010108,107,18825,14,0.130841,0.743692,0,0.0,0.0,17,8,True,True,True,True,True,0.0776012505422267,0.002398749457773254,0.9098920127798543,0.010107987220145725,1990,0.9098920127798543,0.8322907622376277
1997/30.html,1997,SLR,"Pinnawala v. Sri Lanka Insurance Corporation Ltd. and Others - SLR - 85, Vol 3 of 1997 [1997] LKSC 30; (1997) 3 Sri LR 85 (16 July 1997)",structured_slr,0.909892,0.077687,0.002313,0.909892,0.010108,107,16243,13,0.121495,0.800345,0,0.0,0.0,25,15,True,True,True,True,False,0.07768672472153366,0.0023132752784662943,0.9098920127798543,0.010107987220145725,1990,0.9098920127798543,0.8322052880583206
1997/31.html,1997,SLR,"Rajakaruna v. De Silva, Minister of Housing, Construct and Public Utilities and Others - SLR - 209, Vol 2 of 1997 [1997] LKSC 31; (1997) 2 Sri LR 209 (9 May 1997)",structured_slr,0.909892,0.078074,0.001926,0.909892,0.010108,94,10997,7,0.074468,0.636537,0,0.0,0.0,11,4,False,False,True,True,True,0.07807384251534365,0.0019261574846563072,0.9098920127798543,0.010107987220145725,1990,0.9098920127798543,0.8318181702645107
1997/32.html,1997,SLR,"Ramamoorthy and Rameshwaran v. Douglas Devananda and Others - SLR - 278, Vol 2 of 1998 [1997] LKSC 32; (1998) 2 Sri LR 278 (21 August 1997)",structured_slr,0.909892,0.050421,0.029579,0.909892,0.010108,75,21294,65,0.866667,3.052503,0,0.0,0.0,9,6,True,True,True,True,False,0.05042079297663984,0.029579207023360123,0.9098920127798543,0.010107987220145725,1990,0.9098920127798543,0.8594712198032145
1997/33.html,1997,SLR,"Range Bandara v. Gen. Anuruddha Ratwatte and Another - SLR - 360, Vol 3 of 1997 [1997] LKSC 33; (1997) 3 Sri LR 360 (26 September 1997)",structured_slr,0.909892,0.078426,0.001574,0.909892,0.010108,175,28515,4,0.022857,0.140277,0,0.0,0.0,54,11,True,True,True,True,False,0.07842605654333991,0.0015739434566600509,0.9098920127798543,0.010107987220145725,1990,0.9098920127798543,0.8314659562365144
1997/34.html,1997,SLR,"Saranapala v. Solanga Arachchi, Senior Superintendent of Police and Others - SLR - 166, Vol 2 of 1999 [1997] LKSC 34; (1999) 2 Sri LR 166 (17 July 1997)",structured_slr,0.909892,0.073203,0.006797,0.909892,0.010108,69,27514,28,0.405797,1.017664,0,0.0,0.0,13,30,True,True,True,True,False,0.07320335409712977,0.006796645902870178,0.9098920127798543,0.010107987220145725,1990,0.9098920127798543,0.8366886586827246
1997/35.html,1997,SLR,"Smithkline Beecham Biologicals, S.A. and Another v. State Pharmaceutical Corporation of Sri Lanka and Others - SLR - 20, Vol 3 of 1997 [1997] LKSC 35; (1997) 3 Sri LR 20 (20 May 1997)",structured_slr,0.909892,0.077446,0.002554,0.909892,0.010108,408,75391,60,0.147059,0.795851,0,0.0,0.0,88,29,True,True,True,True,False,0.07744561386767636,0.002554386132323607,0.9098920127798543,0.010107987220145725,1990,0.9098920127798543,0.832446398912178
1997/36.html,1997,SLR,"Sunil Rodrigo (On Behalf of B. Sirisena Cooray) v. Chandananda De Silva and Others - SLR - 265, Vol 3 of 1997 [1997] LKSC 36; (1997) 3 Sri LR 265 (19 August 1997)",structured_slr,0.909892,0.078335,0.001665,0.909892,0.010108,699,137976,26,0.037196,0.188439,0,0.0,0.0,125,115,True,True,True,True,False,0.07833507600767507,0.0016649239923248894,0.9098920127798543,0.010107987220145725,1990,0.9098920127798543,0.8315569367721792
1997/37.html,1997,SLR,"Suranganie Marapana v. The Bank of Ceylon and Others - SLR - 156, Vol 3 of 1997 [1997] LKSC 37; (1997) 3 Sri LR 156 (27 November 1997)",structured_slr,0.909892,0.078532,0.001468,0.909892,0.010108,198,39824,1,0.005051,0.02511,0,0.0,0.0,38,13,True,True,True,True,False,0.07853227485038185,0.001467725149618111,0.9098920127798543,0.010107987220145725,1990,0.9098920127798543,0.8313597379294725
1997/38.html,1997,SLR,"Weerasinghe v. Premaratne, Police Sergeant and Others - SLR - 127, Vol 1 of 1998 [1997] LKSC 38; (1998) 1 Sri LR 127 (31 October 1997)",structured_slr,0.909892,1e-06,0.079999,0.909892,0.010108,20,16952,77,3.85,4.542237,0,0.0,0.0,15,11,True,True,True,True,False,8.956287604000575e-07,0.07999910437123955,0.9098920127798543,0.010107987220145725,1990,0.9098920127798543,0.8298929084086147
1997/39.html,1997,SLR,"Wickrematunga v. Anuruddha Ratwatte and Others - SLR - 201, Vol 1 of 1998 [1997] LKSC 39; (1998) 1 Sri LR 201 (17 December 1997)",structured_slr,0.909892,0.0,0.08,0.909892,0.010108,72,82514,317,4.402778,3.841772,0,0.0,0.0,40,61,True,True,True,True,False,9.814283973952338e-08,0.07999990185716022,0.9098920127798543,0.010107987220145725,1990,0.9098920127798543,0.8298921109226941
1997/4.html,1997,SLR,"Abeywardena v. Ajith De Silva - SLR - 134, Vol 1 of 1998 [1997] LKSC 4; (1998) 1 Sri LR 134 (13 October 1997)",structured_slr,0.909892,0.0,0.08,0.909892,0.010108,18,13728,98,5.444444,7.138695,0,0.0,0.0,14,5,True,True,True,True,True,1.5215981097327351e-09,0.07999999847840185,0.9098920127798543,0.010107987220145725,1990,0.9098920127798543,0.8298920143014524
1997/40.html,1997,SLR,"Wijesuriya v. National Savings Bank - SLR - 181, Vol 1 of 1997 [1997] LKSC 40; (1997) 1 Sri LR 181 (31 January 1997)",structured_slr,0.909892,0.0784,0.0016,0.909892,0.010108,296,33598,8,0.027027,0.238109,0,0.0,0.0,28,6,True,False,True,True,False,0.07840011242469314,0.0015998875753068203,0.9098920127798543,0.010107987220145725,1990,0.9098920127798543,0.8314919003551612
1997/41.html,1997,SLR,"Jayawardena v. Megasuriya and Others - SLR - 101, Vol 3 of 1997 [1997] LKSC 41; (1997) 3 Sri LR 101 (24 July 1997)",structured_slr,0.909892,0.07839,0.00161,0.909892,0.010108,70,10320,2,0.028571,0.193798,0,0.0,0.0,12,11,True,False,True,True,True,0.07839040036282874,0.001609599637171225,0.9098920127798543,0.010107987220145725,1990,0.9098920127798543,0.8315016124170256
1997/42.html,1997,SLR,"Gnanasambandam v. The Rehabilitation of Property & Industries Authority (Repia) and Others - SLR - 178, Vol 3 of 1997 [1997] LKSC 42; (1997) 3 Sri LR 178 (5 September 1997)",structured_slr,0.909892,0.078313,0.001687,0.909892,0.010108,74,8015,3,0.040541,0.374298,0,0.0,0.0,11,5,True,False,True,True,True,0.07831312250870588,0.0016868774912940803,0.9098920127798543,0.010107987220145725,1990,0.9098920127798543,0.8315788902711484
1997/43.html,1997,SLR,"Mohamed Ameer and Another v. Yapa Assistant Commissioner of Labour - SLR - 156, Vol 1 of 1998 [1997] LKSC 43; (1998) 1 Sri LR 156 (2 December 1997)",structured_slr,0.909892,0.0,0.08,0.909892,0.010108,20,12987,83,4.15,6.391006,0,0.0,0.0,26,15,True,True,True,True,True,2.697603090950905e-07,0.07999973023969087,0.9098920127798543,0.010107987220145725,1990,0.9098920127798543,0.8298922825401635
1997/44.html,1997,SLR,"Independent Newspapers Limited. v. Commercial and Industrial Workers' Union - SLR - 197, Vol 3 of 1997 [1997] LKSC 44; (1997) 3 Sri LR 197 (9 July 1997)",structured_slr,0.909892,0.078398,0.001602,0.909892,0.010108,73,11020,2,0.027397,0.181488,0,0.0,0.0,12,6,False,True,True,True,True,0.07839779029520462,0.0016022097047953346,0.9098920127798543,0.010107987220145725,1990,0.9098920127798543,0.8314942224846497
1997/45.html,1997,SLR,"Husaira v. Samaranayake - SLR - 141, Vol 1 of 1998 [1997] LKSC 45; (1998) 1 Sri LR 141 (14 October 1997)",structured_slr,0.909892,0.0,0.08,0.909892,0.010108,11,6515,48,4.363636,7.367613,0,0.0,0.0,10,5,False,False,True,True,True,1.1477707374751839e-07,0.07999988522292621,0.9098920127798543,0.010107987220145725,1990,0.9098920127798543,0.8298921275569281
1997/46.html,1997,SLR,"Ratinasirirajapaksha v. Ratinasiriwickramanayake and Others - SLR - 384, Vol 1 of 1997 [1997] LKSC 46; (1997) 1 Sri LR 384 (1 January 1997)",structured_slr,0.909892,0.045133,0.034867,0.909892,0.010108,62,12504,58,0.935484,4.638516,0,0.0,0.0,17,8,True,False,True,True,True,0.045132825656693104,0.034867174343306856,0.9098920127798543,0.010107987220145725,1990,0.9098920127798543,0.8647591871231612
1997/47.html,1997,SLR,"United Tea, Rubber and Local Produce Workers' Union v. Haycarb Limited. and Another - SLR - 93, Vol 3 of 1997 [1997] LKSC 47; (1997) 3 Sri LR 93 (28 July 1997)",structured_slr,0.909892,0.078367,0.001633,0.909892,0.010108,124,14019,4,0.032258,0.285327,0,0.0,0.0,24,10,True,False,True,True,True,0.07836697423495075,0.0016330257650492219,0.9098920127798543,0.010107987220145725,1990,0.9098920127798543,0.8315250385449036
1997/48.html,1997,SLR,"Jayasinghe v. Somaratne - SLR - 346, Vol 1 of 1997 [1997] LKSC 48; (1997) 1 Sri LR 346 (1 January 1997)",structured_slr,0.909892,0.077935,0.002065,0.909892,0.010108,65,4558,6,0.092308,1.316367,0,0.0,0.0,12,5,True,False,True,True,True,0.07793504643041237,0.002064953569587586,0.9098920127798543,0.010107987220145725,1990,0.9098920127798543,0.8319569663494419
1997/49.html,1997,SLR,"Saheed v. Gaiyoom and Others - SLR - 144, Vol 1 of 1998 [1997] LKSC 49; (1998) 1 Sri LR 144 (17 December 1997)",structured_slr,0.909892,5e-06,0.079995,0.909892,0.010108,20,16519,68,3.4,4.116472,0,0.0,0.0,14,10,True,True,True,True,True,5.417931969571296e-06,0.0799945820680304,0.9098920127798543,0.010107987220145725,1990,0.9098920127798543,0.8298974307118239
1997/5.html,1997,SLR,"Fernando v. Sybil Fernando and Others - SLR - 1, Vol 3 of 1997 [1997] LKSC 5; (1997) 3 Sri LR 1 (4 June 1997)",structured_slr,0.909892,0.078083,0.001917,0.909892,0.010108,273,43105,20,0.07326,0.463983,0,0.0,0.0,35,79,True,True,True,True,True,0.07808290476159882,0.0019170952384011451,0.9098920127798543,0.010107987220145725,1990,0.9098920127798543,0.8318091080182555
1997/50.html,1997,SLR,"Dharmadasa v. Jayasena - SLR - 327, Vol 3 of 1997 [1997] LKSC 50; (1997) 3 Sri LR 327 (1 October 1997)",structured_slr,0.909892,0.078144,0.001856,0.909892,0.010108,77,6785,5,0.064935,0.73692,0,0.0,0.0,14,10,True,True,True,True,True,0.07814423631279763,0.0018557636872023415,0.9098920127798543,0.010107987220145725,1990,0.9098920127798543,0.8317477764670567
1997/51.html,1997,SLR,"Perera v. Gomes, Attorney At Law - SLR - 119, Vol 3 of 1998 [1997] LKSC 51; (1998) 3 Sri LR 119 (28 August 1997)",structured_slr,0.909892,0.077789,0.002211,0.909892,0.010108,91,22645,10,0.10989,0.441599,0,0.0,0.0,7,5,True,False,True,True,False,0.07778875246685474,0.002211247533145227,0.9098920127798543,0.010107987220145725,1990,0.9098920127798543,0.8321032603129996
1997/6.html,1997,SLR,"Gunawardena and Another v. Pathirana O.I.C., Police Station, Elpitiya and Others - SLR - 265, Vol 1 of 1997 [1997] LKSC 6; (1997) 1 Sri LR 265 (13 February 1997)",structured_slr,0.909892,0.078533,0.001467,0.909892,0.010108,204,33558,1,0.004902,0.029799,0,0.0,0.0,20,33,True,True,True,True,False,0.07853313331919137,0.0014668666808085888,0.9098920127798543,0.010107987220145725,1990,0.9098920127798543,0.831358879460663
1997/7.html,1997,SLR,"Jiffry v. Nimalasiri and Five Others - SLR - 45, Vol 1 of 1997 [1997] LKSC 7; (1997) 1 Sri LR 45 (24 January 1997)",structured_slr,0.909892,0.078166,0.001834,0.909892,0.010108,113,11937,7,0.061947,0.586412,0,0.0,0.0,14,14,True,True,True,True,True,0.0781657788658264,0.0018342211341735562,0.9098920127798543,0.010107987220145725,1990,0.9098920127798543,0.8317262339140279
1997/8.html,1997,SLR,"Natalie Abeysundere v. Christopher Abeysundere and Another - SLR - 185, Vol 1 of 1998 [1997] LKSC 8; (1998) 1 Sri LR 185 (16 December 1997)",structured_slr,0.909892,0.0,0.08,0.909892,0.010108,37,34776,166,4.486486,4.773407,0,0.0,0.0,44,11,True,True,True,True,True,7.021713115840097e-08,0.0799999297828688,0.9098920127798543,0.010107987220145725,1990,0.9098920127798543,0.8298920829969856
1997/9.html,1997,SLR,"Ratnayake v. Attorney General - SLR - 98, Vol 2 of 1997 [1997] LKSC 9; (1997) 2 Sri LR 98 (8 May 1997)",structured_slr,0.909892,0.07846,0.00154,0.909892,0.010108,58,5838,1,0.017241,0.171292,0,0.0,0.0,12,13,False,True,True,True,True,0.07846034655145323,0.0015396534485467282,0.9098920127798543,0.010107987220145725,1990,0.9098920127798543,0.8314316662284011
1998/1.html,1998,SLR,"Punchihewa v. Abeywardena - SLR - 67, Vol 1 of 1999 [1998] LKSC 1; (1999) 1 Sri LR 67 (13 July 1998)",structured_slr,0.909892,0.061328,0.018672,0.909892,0.010108,37,10116,26,0.702703,2.570186,0,0.0,0.0,9,29,True,True,True,True,True,0.061327664577646816,0.018672335422353144,0.9098920127798543,0.010107987220145725,1990,0.9098920127798543,0.8485643482022075
1998/10.html,1998,SLR,"Kampane Gunaratna Thero v. Mawadawila Pannasena Thero - SLR - 196, Vol 2 of 1998 [1998] LKSC 10; (1998) 2 Sri LR 196 (30 June 1998)",structured_slr,0.909892,0.0,0.08,0.909892,0.010108,23,18387,113,4.913043,6.145646,0,0.0,0.0,23,9,True,True,True,True,True,1.2747880626662315e-08,0.07999998725211933,0.9098920127798543,0.010107987220145725,1990,0.9098920127798543,0.829892025527735
1998/11.html,1998,SLR,"Rajapakse and Others v. Dissanayake, Labour Officer and Another - SLR - 398, Vol 1 of 1998 [1998] LKSC 11; (1998) 1 Sri LR 398 (21 May 1998)",structured_slr,0.909892,2e-06,0.079998,0.909892,0.010108,34,15498,123,3.617647,7.936508,0,0.0,0.0,18,6,True,False,True,True,True,2.268606022086671e-06,0.07999773139397787,0.9098920127798543,0.010107987220145725,1990,0.9098920127798543,0.8298942813858765
1998/12.html,1998,SLR,"Eugene Nona v. Karunadasa and Others - SLR - 306, Vol 1 of 1998 [1998] LKSC 12; (1998) 1 Sri LR 306 (12 February 1998)",structured_slr,0.909892,0.0,0.08,0.909892,0.010108,24,22178,103,4.291667,4.644242,0,0.0,0.0,17,5,True,False,True,True,True,1.530657058701478e-07,0.07999984693429409,0.9098920127798543,0.010107987220145725,1990,0.9098920127798543,0.8298921658455602
1998/13.html,1998,SLR,"Leelawathie v. Manel Ratnayake - SLR - 349, Vol 3 of 1998 [1998] LKSC 13; (1998) 3 Sri LR 349 (24 June 1998)",structured_slr,0.909892,0.078345,0.001655,0.909892,0.010108,56,12798,2,0.035714,0.156274,0,0.0,0.0,13,6,True,True,True,True,True,0.07834471287100815,0.0016552871289918028,0.9098920127798543,0.010107987220145725,1990,0.9098920127798543,0.8315472999088461
1998/14.html,1998,SLR,"Nelia Silva v. Commissioner For National Housing and Another - SLR - 291, Vol 1 of 1999 [1998] LKSC 14; (1999) 1 Sri LR 291 (10 December 1998)",structured_slr,0.909892,0.075655,0.004345,0.909892,0.010108,35,7807,10,0.285714,1.280902,0,0.0,0.0,10,12,True,True,True,True,True,0.07565494340546268,0.0043450565945372735,0.9098920127798543,0.010107987220145725,1990,0.9098920127798543,0.8342370693743917
1998/15.html,1998,SLR,"Sirisena v. Doreen De Silva and Others - SLR - 199, Vol 3 of 1998 [1998] LKSC 15; (1998) 3 Sri LR 199 (31 July 1998)",structured_slr,0.909892,0.078231,0.001769,0.909892,0.010108,38,7250,2,0.052632,0.275862,0,0.0,0.0,9,3,True,False,True,True,True,0.07823138127230729,0.0017686187276926709,0.9098920127798543,0.010107987220145725,1990,0.9098920127798543,0.831660631507547
1998/16.html,1998,SLR,"Vaidyanathan v. Board of Review of Ceiling On Housing Property Law and Others - SLR - 275, Vol 1 of 1998 [1998] LKSC 16; (1998) 1 Sri LR 275 (16 February 1998)",structured_slr,0.909892,3e-06,0.079997,0.909892,0.010108,17,10811,60,3.529412,5.549903,0,0.0,0.0,11,6,True,False,True,True,True,3.2287451184576084e-06,0.0799967712548815,0.9098920127798543,0.010107987220145725,1990,0.9098920127798543,0.8298952415249728
1998/17.html,1998,SLR,"Balasubramaniam and Another v. Upali De Silva and Another - SLR - 229, Vol 2 of 1998 [1998] LKSC 17; (1998) 2 Sri LR 229 (31 August 1998)",structured_slr,0.909892,1e-06,0.079999,0.909892,0.010108,16,12950,61,3.8125,4.710425,0,0.0,0.0,13,6,True,True,True,True,True,1.0405702773219611e-06,0.07999895942972264,0.9098920127798543,0.010107987220145725,1990,0.9098920127798543,0.8298930533501316
1998/18.html,1998,SLR,"Beebi Johara v. Warusavithana - SLR - 227, Vol 3 of 1998 [1998] LKSC 18; (1998) 3 Sri LR 227 (14 July 1998)",structured_slr,0.909892,0.078311,0.001689,0.909892,0.010108,49,9562,2,0.040816,0.209161,0,0.0,0.0,11,5,True,True,True,True,False,0.07831130511262505,0.00168869488737491,0.9098920127798543,0.010107987220145725,1990,0.9098920127798543,0.8315807076672292
1998/19.html,1998,SLR,"Charlet Nona v. Babun Singho - SLR - 149, Vol 3 of 2000 [1998] LKSC 19; (2000) 3 Sri LR 149 (8 September 1998)",structured_slr,0.909892,0.0,0.08,0.909892,0.010108,7,2760,48,6.857143,17.391304,0,0.0,0.0,9,5,True,False,True,True,True,5.347988718540361e-12,0.07999999999465197,0.9098920127798543,0.010107987220145725,1990,0.9098920127798543,0.8298920127852023
1998/2.html,1998,SLR,"Wijebahu v. Sumanasekara and Others - SLR - 355, Vol 3 of 1998 [1998] LKSC 2; (1998) 3 Sri LR 355 (17 June 1998)",structured_slr,0.909892,0.076968,0.003032,0.909892,0.010108,47,14525,9,0.191489,0.619621,0,0.0,0.0,10,5,True,True,True,True,True,0.07696764035143686,0.0030323596485631083,0.9098920127798543,0.010107987220145725,1990,0.9098920127798543,0.8329243724284174
1998/20.html,1998,SLR,"Gricilda Hewa v. Thomas Hewa - SLR - 43, Vol 3 of 1998 [1998] LKSC 20; (1998) 3 Sri LR 43 (23 September 1998)",structured_slr,0.909892,0.078266,0.001734,0.909892,0.010108,42,5669,2,0.047619,0.352796,0,0.0,0.0,8,5,True,True,True,True,True,0.07826573126232024,0.001734268737679727,0.9098920127798543,0.010107987220145725,1990,0.9098920127798543,0.831626281517534
1998/21.html,1998,SLR,"Sahul Hameed Abdul Munaf v. Mohamed Lebbe Mohamed Yusuf Alias Ahamed Mohamed Yusuf - SLR - 76, Vol 2 of 1999 [1998] LKSC 21; (1999) 2 Sri LR 76 (26 November 1998)",structured_slr,0.909892,0.070464,0.009536,0.909892,0.010108,32,7135,16,0.5,2.242467,0,0.0,0.0,9,13,True,True,True,True,True,0.07046376623823056,0.0095362337617694,0.9098920127798543,0.010107987220145725,1990,0.9098920127798543,0.8394282465416237
1998/22.html,1998,SLR,"George Payne & Co., [Ceylon] Ltd. v. International Exports [Pvt.] Ltd. - SLR - 250, Vol 1 of 1998 [1998] LKSC 22; (1998) 1 Sri LR 250 (3 March 1998)",structured_slr,0.909892,2e-06,0.079998,0.909892,0.010108,14,10074,51,3.642857,5.062537,0,0.0,0.0,13,6,True,True,True,True,True,2.051001634058024e-06,0.0799979489983659,0.9098920127798543,0.010107987220145725,1990,0.9098920127798543,0.8298940637814884
1998/23.html,1998,SLR,"Daluwatte v. Premalatha - SLR - 260, Vol 1 of 1998 [1998] LKSC 23; (1998) 1 Sri LR 260 (3 April 1998)",structured_slr,0.909892,0.000445,0.079555,0.909892,0.010108,27,13015,62,2.296296,4.763734,0,0.0,0.0,12,9,True,True,True,True,True,0.00044541864845423415,0.07955458135154572,0.9098920127798543,0.010107987220145725,1990,0.9098920127798543,0.8303374314283086
1998/24.html,1998,SLR,"Abeynayake v. Lt. Gen. Rohan Daluwatte and Others - SLR - 47, Vol 2 of 1998 [1998] LKSC 24; (1998) 2 Sri LR 47 (12 February 1998)",structured_slr,0.909892,0.0,0.08,0.909892,0.010108,23,22661,95,4.130435,4.192225,0,0.0,0.0,16,5,True,False,True,True,False,2.917197397866998e-07,0.07999970828026018,0.9098920127798543,0.010107987220145725,1990,0.9098920127798543,0.8298923044995942
1998/25.html,1998,SLR,"Almeida v. Ceylon Fisheries Corporation and Others - SLR - 361, Vol 3 of 1998 [1998] LKSC 25; (1998) 3 Sri LR 361 (8 June 1998)",structured_slr,0.909892,0.078006,0.001994,0.909892,0.010108,36,8253,3,0.083333,0.363504,0,0.0,0.0,9,3,True,False,True,True,True,0.07800604846057049,0.0019939515394294728,0.9098920127798543,0.010107987220145725,1990,0.9098920127798543,0.8318859643192839
1998/26.html,1998,SLR,"Amerasinghe v. Board of Directors, Co Operative Wholesale Establishment - SLR - 367, Vol 1 of 1998 [1998] LKSC 26; (1998) 1 Sri LR 367 (4 May 1998)",structured_slr,0.909892,0.0,0.08,0.909892,0.010108,16,11765,71,4.4375,6.034849,0,0.0,0.0,15,13,True,True,True,True,False,8.541622960933632e-08,0.07999991458377036,0.9098920127798543,0.010107987220145725,1990,0.9098920127798543,0.829892098196084
1998/27.html,1998,SLR,"Attorney General v. Ruberoe and Others - SLR - 323, Vol 1 of 1998 [1998] LKSC 27; (1998) 1 Sri LR 323 (16 January 1998)",structured_slr,0.909892,1e-06,0.079999,0.909892,0.010108,42,37912,166,3.952381,4.378561,0,0.0,0.0,33,9,True,True,True,True,True,5.946694822789309e-07,0.07999940533051768,0.9098920127798543,0.010107987220145725,1990,0.9098920127798543,0.8298926074493367
1998/28.html,1998,SLR,"Bennett Rathnayake v. The Sri Lanka Rupavahini Corporation and Others - SLR - 93, Vol 2 of 1999 [1998] LKSC 28; (1999) 2 Sri LR 93 (11 June 1998)",structured_slr,0.909892,0.078023,0.001977,0.909892,0.010108,111,35122,9,0.081081,0.25625,0,0.0,0.0,20,12,True,True,True,True,False,0.07802348754797772,0.0019765124520222427,0.9098920127798543,0.010107987220145725,1990,0.9098920127798543,0.8318685252318766
1998/29.html,1998,SLR,"De Wars Gunawardena v. National Savings Bank and Another - SLR - 29, Vol 2 of 1999 [1998] LKSC 29; (1999) 2 Sri LR 29 (2 December 1998)",structured_slr,0.909892,0.077823,0.002177,0.909892,0.010108,85,22365,9,0.105882,0.402414,0,0.0,0.0,20,10,True,True,True,True,False,0.07782296350000521,0.002177036499994745,0.9098920127798543,0.010107987220145725,1990,0.9098920127798543,0.8320690492798491
1998/3.html,1998,SLR,"Mv & Kalyani & and Another v. Mutiara Shipping Company - SLR - 105, Vol 2 of 1998 [1998] LKSC 3; (1998) 2 Sri LR 105 (27 January 1998)",structured_slr,0.909892,0.0,0.08,0.909892,0.010108,53,56503,319,6.018868,5.645718,0,0.0,0.0,39,44,True,True,True,True,True,1.529055637661258e-10,0.0799999998470944,0.9098920127798543,0.010107987220145725,1990,0.9098920127798543,0.8298920129327599
1998/30.html,1998,SLR,"Dissanayake v. Premaratne, Inspector of Police, Nuwara Eliya - SLR - 211, Vol 2 of 1998 [1998] LKSC 30; (1998) 2 Sri LR 211 (4 May 1998)",structured_slr,0.909892,0.0,0.08,0.909892,0.010108,20,16374,96,4.8,5.862953,0,0.0,0.0,21,7,True,False,True,True,False,2.0036125958355902e-08,0.07999997996387401,0.9098920127798543,0.010107987220145725,1990,0.9098920127798543,0.8298920328159803
1998/31.html,1998,SLR,"Dissanayake, Attorney At Law On Behalf of Lal, K.M. v. Sujeewa, Sub Inspector of Police, Meetiyagoda Police Station and Others - SLR - 413, Vol 2 of 1998 [1998] LKSC 31; (1998) 2 Sri LR 413 (16 December 1998)",structured_slr,0.909892,0.072428,0.007572,0.909892,0.010108,62,14340,27,0.435484,1.882845,0,0.0,0.0,10,4,True,False,True,True,False,0.07242750824325492,0.0075724917567450475,0.9098920127798543,0.010107987220145725,1990,0.9098920127798543,0.8374645045365994
1998/32.html,1998,SLR,"Dr. Ajantha Wijesinghe Perera v. University of Colombo and Others - SLR - 35, Vol 1 of 1999 [1998] LKSC 32; (1999) 1 Sri LR 35 (23 September 1998)",structured_slr,0.909892,0.076971,0.003029,0.909892,0.010108,68,22141,13,0.191176,0.587146,0,0.0,0.0,6,9,True,False,True,True,True,0.07697129084830966,0.0030287091516903015,0.9098920127798543,0.010107987220145725,1990,0.9098920127798543,0.8329207219315446
1998/33.html,1998,SLR,"Galapaththi v. Kudaligama, Chairman, Education Service Committee of the Public Service Commission and Others - SLR - 218, Vol 2 of 1998 [1998] LKSC 33; (1998) 2 Sri LR 218 (3 February 1998)",structured_slr,0.909892,0.00172,0.07828,0.909892,0.010108,22,6607,43,1.954545,6.508249,0,0.0,0.0,10,5,True,False,True,True,False,0.0017196429864152032,0.07828035701358475,0.9098920127798543,0.010107987220145725,1990,0.9098920127798543,0.8316116557662696
1998/34.html,1998,SLR,"Galappaththi Arachchige Nihal v. Ariya Bulegoda and Others - SLR - 63, Vol 2 of 1999 [1998] LKSC 34; (1999) 2 Sri LR 63 (30 October 1998)",structured_slr,0.909892,0.076302,0.003698,0.909892,0.010108,37,7518,9,0.243243,1.197127,0,0.0,0.0,9,10,True,True,True,True,False,0.07630242668980433,0.003697573310195624,0.9098920127798543,0.010107987220145725,1990,0.9098920127798543,0.83358958609005
1998/35.html,1998,SLR,"Gunaratne v. The Homagama Pradeshiya Sabha and Others - SLR - 11, Vol 2 of 1998 [1998] LKSC 35; (1998) 2 Sri LR 11 (3 April 1998)",structured_slr,0.909892,0.0,0.08,0.909892,0.010108,15,13269,89,5.933333,6.707363,0,0.0,0.0,11,7,True,False,True,True,False,2.15284519100578e-10,0.07999999978471545,0.9098920127798543,0.010107987220145725,1990,0.9098920127798543,0.8298920129951388
1998/36.html,1998,SLR,"Jayaratne and Others v. Chandrananda De Silva, Secretary, Ministry of Defence and Others - SLR - 129, Vol 2 of 1998 [1998] LKSC 36; (1998) 2 Sri LR 129 (21 September 1998)",structured_slr,0.909892,0.0,0.08,0.909892,0.010108,28,26964,135,4.821429,5.006676,0,0.0,0.0,18,10,True,True,True,True,False,1.83902560735305e-08,0.07999998160974389,0.9098920127798543,0.010107987220145725,1990,0.9098920127798543,0.8298920311701105
1998/37.html,1998,SLR,"Jayasinghe v. Sub Inspector of Police, Jayakody and Others - SLR - 204, Vol 2 of 1998 [1998] LKSC 37; (1998) 2 Sri LR 204 (19 March 1998)",structured_slr,0.909892,8e-06,0.079992,0.909892,0.010108,23,13500,76,3.304348,5.62963,0,0.0,0.0,14,8,True,True,True,True,False,7.942996692680279e-06,0.07999205700330728,0.9098920127798543,0.010107987220145725,1990,0.9098920127798543,0.8298999557765471
1998/38.html,1998,SLR,"Jayawickrema v. Prof. Lakshman, W.D., Vice Chancellor, University of Colombo and Others - SLR - 235, Vol 2 of 1998 [1998] LKSC 38; (1998) 2 Sri LR 235 (25 September 1998)",structured_slr,0.909892,0.0,0.08,0.909892,0.010108,40,39218,201,5.025,5.125198,0,0.0,0.0,26,7,True,True,True,True,False,8.146082128845929e-09,0.07999999185391783,0.9098920127798543,0.010107987220145725,1990,0.9098920127798543,0.8298920209259365
1998/39.html,1998,SLR,"Marian and Another v. Upasena - SLR - 177, Vol 3 of 1998 [1998] LKSC 39; (1998) 3 Sri LR 177 (28 July 1998)",structured_slr,0.909892,0.078211,0.001789,0.909892,0.010108,36,5726,2,0.055556,0.349284,0,0.0,0.0,6,3,True,False,True,True,False,0.07821103935526415,0.0017889606447358127,0.9098920127798543,0.010107987220145725,1990,0.9098920127798543,0.8316809734245901
1998/4.html,1998,SLR,"G.T.E. Directories Lanka (Pvt) Ltd. v. Mukthar Marikkar and Another - SLR - 180, Vol 3 of 1998 [1998] LKSC 4; (1998) 3 Sri LR 180 (17 August 1998)",structured_slr,0.909892,0.078336,0.001664,0.909892,0.010108,54,9661,2,0.037037,0.207018,0,0.0,0.0,10,9,True,True,True,True,True,0.07833611254622316,0.0016638874537768,0.9098920127798543,0.010107987220145725,1990,0.9098920127798543,0.8315559002336311
1998/40.html,1998,SLR,"Prematilake v. Withanachchi, Secretary, Judicial Service Commission and Others - SLR - 221, Vol 3 of 1998 [1998] LKSC 40; (1998) 3 Sri LR 221 (16 October 1998)",structured_slr,0.909892,0.078084,0.001916,0.909892,0.010108,41,7409,3,0.073171,0.404913,0,0.0,0.0,9,2,True,False,True,True,True,0.07808357077974629,0.0019164292202536698,0.9098920127798543,0.010107987220145725,1990,0.9098920127798543,0.8318084420001081
1998/41.html,1998,SLR,"Priyankara v. Pc Sisira Kumara, Police Station, Puttalam and Others - SLR - 267, Vol 2 of 1998 [1998] LKSC 41; (1998) 2 Sri LR 267 (1 September 1998)",structured_slr,0.909892,0.075619,0.004381,0.909892,0.010108,66,23982,19,0.287879,0.792261,0,0.0,0.0,9,4,True,False,True,True,False,0.07561922127144895,0.00438077872855101,0.9098920127798543,0.010107987220145725,1990,0.9098920127798543,0.8342727915084054
1998/42.html,1998,SLR,"Rajaguru, Inspector General of Police v. Range Bandara and Others - SLR - 96, Vol 2 of 1998 [1998] LKSC 42; (1998) 2 Sri LR 96 (21 May 1998)",structured_slr,0.909892,0.0,0.08,0.909892,0.010108,22,20567,90,4.090909,4.375942,0,0.0,0.0,18,4,True,False,True,True,False,3.4168761784414395e-07,0.07999965831238212,0.9098920127798543,0.010107987220145725,1990,0.9098920127798543,0.8298923544674722
1998/43.html,1998,SLR,"Rifaideen v. Sub Inspector of Police Jayalath, Wellawatte Police Station and Others - SLR - 253, Vol 2 of 1998 [1998] LKSC 43; (1998) 2 Sri LR 253 (25 September 1998)",structured_slr,0.909892,0.071409,0.008591,0.909892,0.010108,34,6632,16,0.470588,2.412545,0,0.0,0.0,7,4,True,False,True,True,False,0.07140853399221166,0.00859146600778831,0.9098920127798543,0.010107987220145725,1990,0.9098920127798543,0.8384834787876426
1998/44.html,1998,SLR,"Samadasa v. Wijeratne, Commissioner General of Excise and Others - SLR - 85, Vol 2 of 1999 [1998] LKSC 44; (1999) 2 Sri LR 85 (17 November 1998)",structured_slr,0.909892,0.074116,0.005884,0.909892,0.010108,30,7125,11,0.366667,1.54386,0,0.0,0.0,7,7,True,False,True,True,False,0.07411565857652125,0.005884341423478715,0.9098920127798543,0.010107987220145725,1990,0.9098920127798543,0.8357763542033331
1998/45.html,1998,SLR,"Subasinghe v. Police Constable Sandun and Others - SLR - 23, Vol 2 of 1999 [1998] LKSC 45; (1999) 2 Sri LR 23 (16 December 1998)",structured_slr,0.909892,0.074802,0.005198,0.909892,0.010108,45,10756,15,0.333333,1.39457,0,0.0,0.0,9,8,True,False,True,True,False,0.07480247294950854,0.0051975270504914205,0.9098920127798543,0.010107987220145725,1990,0.9098920127798543,0.8350895398303457
1998/46.html,1998,SLR,"Sumith Jayantha Dias v. Reggie Ranatunge, Deputy Minister of Transport and Others - SLR - 8, Vol 2 of 1999 [1998] LKSC 46; (1999) 2 Sri LR 8 (17 December 1998)",structured_slr,0.909892,0.074884,0.005116,0.909892,0.010108,79,34713,26,0.329114,0.748999,0,0.0,0.0,13,13,True,True,True,True,False,0.07488388810383291,0.005116111896167053,0.9098920127798543,0.010107987220145725,1990,0.9098920127798543,0.8350081246760214
1998/47.html,1998,SLR,"Sunil Sirilanka and Others v. Ceylon Steel Corporation Ltd. and Others - SLR - 57, Vol 1 of 1999 [1998] LKSC 47; (1999) 1 Sri LR 57 (15 May 1998)",structured_slr,0.909892,0.076365,0.003635,0.909892,0.010108,67,20021,16,0.238806,0.799161,0,0.0,0.0,11,8,True,False,True,True,False,0.076364516395725,0.003635483604274955,0.9098920127798543,0.010107987220145725,1990,0.9098920127798543,0.8335274963841293
1998/48.html,1998,SLR,"Wijeratne, Attorney At Law On Behalf of Ranjith Dahanayake v. Sumanasekera, T.V. , Dig, Criminal Investigations Department and Others - SLR - 67, Vol 2 of 1999 [1998] LKSC 48; (1999) 2 Sri LR 67 (25 November 1998)",structured_slr,0.909892,0.07664,0.00336,0.909892,0.010108,55,17358,12,0.218182,0.691324,0,0.0,0.0,8,9,True,False,True,True,False,0.0766403020477232,0.0033596979522767622,0.9098920127798543,0.010107987220145725,1990,0.9098920127798543,0.8332517107321311
1998/49.html,1998,SLR,"Karuppiah and Others v. The Director General of Customs - SLR - 256, Vol 2 of 1998 [1998] LKSC 49; (1998) 2 Sri LR 256 (25 September 1998)",structured_slr,0.909892,0.0,0.08,0.909892,0.010108,30,23468,132,4.4,5.62468,0,0.0,0.0,20,6,True,False,True,True,True,9.923948328882655e-08,0.07999990076051668,0.9098920127798543,0.010107987220145725,1990,0.9098920127798543,0.8298921120193377
1998/5.html,1998,SLR,"Lanka Synthetic Fibre Company Ltd. v. Perera - SLR - 191, Vol 3 of 1998 [1998] LKSC 5; (1998) 3 Sri LR 191 (27 July 1998)",structured_slr,0.909892,0.078317,0.001683,0.909892,0.010108,50,11090,2,0.04,0.180343,0,0.0,0.0,8,3,True,False,True,True,True,0.0783166922383625,0.0016833077616374616,0.9098920127798543,0.010107987220145725,1990,0.9098920127798543,0.8315753205414919
1998/50.html,1998,SLR,"Gnanapandithen and Another v. Balanayagam and Another - SLR - 391, Vol 1 of 1998 [1998] LKSC 50; (1998) 1 Sri LR 391 (27 April 1998)",structured_slr,0.909892,0.0,0.08,0.909892,0.010108,20,17185,84,4.2,4.887984,0,0.0,0.0,26,11,True,True,True,True,True,2.208611960252681e-07,0.07999977913880393,0.9098920127798543,0.010107987220145725,1990,0.9098920127798543,0.8298922336410504
1998/51.html,1998,SLR,"Ehelepola v. Officer In Charge, Police Station, Kandy and Another - SLR - 295, Vol 1 of 1998 [1998] LKSC 51; (1998) 1 Sri LR 295 (3 April 1998)",structured_slr,0.909892,0.0,0.08,0.909892,0.010108,31,22817,153,4.935484,6.705527,0,0.0,0.0,25,9,True,True,True,True,True,1.1653435700864629e-08,0.07999998834656426,0.9098920127798543,0.010107987220145725,1990,0.9098920127798543,0.82989202443329
1998/52.html,1998,SLR,"Gamini Atukorale v. Dayananda Dissanayake, Commissioner of Elections and Others - SLR - 206, Vol 3 of 1998 [1998] LKSC 52; (1998) 3 Sri LR 206 (28 October 1998)",structured_slr,0.909892,0.078468,0.001532,0.909892,0.010108,125,34571,2,0.016,0.057852,0,0.0,0.0,12,10,True,True,True,True,True,0.07846782443854769,0.0015321755614522688,0.9098920127798543,0.010107987220145725,1990,0.9098920127798543,0.8314241883413066
1998/53.html,1998,SLR,"Yasodha Holdings (Private) Ltd. v. People'S Bank - SLR - 382, Vol 3 of 1998 [1998] LKSC 53; (1998) 3 Sri LR 382 (22 October 1998)",structured_slr,0.909892,0.078327,0.001673,0.909892,0.010108,52,11549,2,0.038462,0.173175,0,0.0,0.0,7,3,True,False,True,True,True,0.07832680023400689,0.0016731997659930689,0.9098920127798543,0.010107987220145725,1990,0.9098920127798543,0.8315652125458475
1998/54.html,1998,SLR,"Nalini Ellegala v. Poddalagoda and Others - SLR - 46, Vol 1 of 1999 [1998] LKSC 54; (1999) 1 Sri LR 46 (1 June 1998)",structured_slr,0.909892,0.075569,0.004431,0.909892,0.010108,55,13607,16,0.290909,1.175865,0,0.0,0.0,9,11,True,True,True,True,True,0.07556876202728686,0.004431237972713104,0.9098920127798543,0.010107987220145725,1990,0.9098920127798543,0.8343232507525674
1998/55.html,1998,SLR,"Hettiarachchi Industries (Pvt) Ltd. v. Oaya Kanthi - SLR - 337, Vol 3 of 1998 [1998] LKSC 55; (1998) 3 Sri LR 337 (10 June 1998)",structured_slr,0.909892,0.078287,0.001713,0.909892,0.010108,45,6613,2,0.044444,0.302435,0,0.0,0.0,7,3,True,False,True,True,True,0.07828714861328666,0.0017128513867133,0.9098920127798543,0.010107987220145725,1990,0.9098920127798543,0.8316048641665676
1998/56.html,1998,SLR,"Thilayanadan and Others v. Capt. Thilakaratne and Others - SLR - 89, Vol 2 of 1999 [1998] LKSC 56; (1999) 2 Sri LR 89 (25 November 1998)",structured_slr,0.909892,0.074034,0.005966,0.909892,0.010108,27,7413,10,0.37037,1.348982,0,0.0,0.0,7,8,True,False,True,True,False,0.07403439882515553,0.005965601174844437,0.9098920127798543,0.010107987220145725,1990,0.9098920127798543,0.8358576139546988
1998/57.html,1998,SLR,"Ceylon Bank Employees Union v. Bank of Ceylon - SLR - 152, Vol 1 of 1998 [1998] LKSC 57; (1998) 1 Sri LR 152 (1 January 1998)",structured_slr,0.909892,0.0,0.08,0.909892,0.010108,13,8295,61,4.692308,7.353828,0,0.0,0.0,13,6,True,True,True,True,True,3.0824345236268855e-08,0.07999996917565472,0.9098920127798543,0.010107987220145725,1990,0.9098920127798543,0.8298920436041997
1998/58.html,1998,SLR,"Ceylon Printers Ltd. and Another v. Weerakoon, Commissioner of Labour and Others - SLR - 29, Vol 2 of 1998 [1998] LKSC 58; (1998) 2 Sri LR 29 (6 May 1998)",structured_slr,0.909892,0.0,0.08,0.909892,0.010108,28,28062,124,4.428571,4.418787,0,0.0,0.0,16,13,True,True,True,True,True,8.852208653209454e-08,0.07999991147791342,0.9098920127798543,0.010107987220145725,1990,0.9098920127798543,0.8298921013019409
1998/59.html,1998,SLR,"In. Re. Rule Against Attorney At Law - SLR - 25, Vol 3 of 1998 [1998] LKSC 59; (1998) 3 Sri LR 25 (25 June 1998)",structured_slr,0.909892,0.077407,0.002593,0.909892,0.010108,53,15599,8,0.150943,0.512853,0,0.0,0.0,6,3,True,False,True,True,False,0.07740691542375576,0.002593084576244195,0.9098920127798543,0.010107987220145725,1990,0.9098920127798543,0.8324850973560985
1998/6.html,1998,SLR,"Ranjit v. Kusumawathie and Others - SLR - 232, Vol 3 of 1998 [1998] LKSC 6; (1998) 3 Sri LR 232 (20 August 1998)",structured_slr,0.909892,0.078407,0.001593,0.909892,0.010108,77,14319,2,0.025974,0.139675,0,0.0,0.0,10,21,True,True,True,True,True,0.07840670305165236,0.0015932969483476124,0.9098920127798543,0.010107987220145725,1990,0.9098920127798543,0.831485309728202
1998/60.html,1998,SLR,"Bastian v. Panagoda - SLR - 173, Vol 3 of 1998 [1998] LKSC 60; (1998) 3 Sri LR 173 (15 October 1998)",structured_slr,0.909892,0.078231,0.001769,0.909892,0.010108,38,6919,2,0.052632,0.289059,0,0.0,0.0,7,3,True,True,True,True,True,0.07823138127230729,0.0017686187276926709,0.9098920127798543,0.010107987220145725,1990,0.9098920127798543,0.831660631507547
1998/61.html,1998,SLR,"Jiffry v. Esufali - SLR - 41, Vol 2 of 1998 [1998] LKSC 61; (1998) 2 Sri LR 41 (17 March 1998)",structured_slr,0.909892,0.0,0.08,0.909892,0.010108,16,12791,96,6.0,7.505277,0,0.0,0.0,12,7,True,True,True,True,True,1.648922953734199e-10,0.07999999983510767,0.9098920127798543,0.010107987220145725,1990,0.9098920127798543,0.8298920129447467
1998/62.html,1998,SLR,"Rajapaksa v. Guruswamy - SLR - 346, Vol 3 of 1998 [1998] LKSC 62; (1998) 3 Sri LR 346 (3 July 1998)",structured_slr,0.909892,0.0783,0.0017,0.909892,0.010108,47,5755,2,0.042553,0.347524,0,0.0,0.0,8,11,True,True,True,True,True,0.07829978143305559,0.0017002185669443707,0.9098920127798543,0.010107987220145725,1990,0.9098920127798543,0.8315922313467987
1998/63.html,1998,SLR,"Wakkumbura v. Nandawathie - SLR - 154, Vol 2 of 1998 [1998] LKSC 63; (1998) 2 Sri LR 154 (31 July 1998)",structured_slr,0.909892,0.0,0.08,0.909892,0.010108,26,16323,107,4.115385,6.555168,0,0.0,0.0,16,13,True,True,True,True,True,3.0982056888895197e-07,0.07999969017943107,0.9098920127798543,0.010107987220145725,1990,0.9098920127798543,0.8298923226004232
1998/64.html,1998,SLR,"Peiris v. Wijesuriya, Director of Irrigation and Others - SLR - 295, Vol 1 of 1999 [1998] LKSC 64; (1999) 1 Sri LR 295 (17 November 1998)",structured_slr,0.909892,0.073931,0.006069,0.909892,0.010108,32,6808,12,0.375,1.762632,0,0.0,0.0,9,11,True,True,True,True,True,0.07393134559830047,0.006068654401699481,0.9098920127798543,0.010107987220145725,1990,0.9098920127798543,0.8359606671815538
1998/65.html,1998,SLR,"Banda v. Soysa - SLR - 255, Vol 1 of 1998 [1998] LKSC 65; (1998) 1 Sri LR 255 (5 March 1998)",structured_slr,0.909892,0.0,0.08,0.909892,0.010108,14,10632,70,5.0,6.583898,0,0.0,0.0,12,7,True,True,True,True,True,9.002812966230063e-09,0.07999999099718699,0.9098920127798543,0.010107987220145725,1990,0.9098920127798543,0.8298920217826673
1998/66.html,1998,SLR,"Karunasiri v. Ratnasiri Perera - SLR - 24, Vol 2 of 1998 [1998] LKSC 66; (1998) 2 Sri LR 24 (17 February 1998)",structured_slr,0.909892,0.0,0.08,0.909892,0.010108,14,9518,65,4.642857,6.829166,0,0.0,0.0,11,10,True,True,True,True,True,3.7566350759021796e-08,0.07999996243364921,0.9098920127798543,0.010107987220145725,1990,0.9098920127798543,0.8298920503462051
1998/67.html,1998,SLR,"Lalitha Padmini v. Jayatunga - SLR - 163, Vol 2 of 1999 [1998] LKSC 67; (1999) 2 Sri LR 163 (2 April 1998)",structured_slr,0.909892,0.068434,0.011566,0.909892,0.010108,27,5535,15,0.555556,2.710027,0,0.0,0.0,8,5,True,False,True,True,True,0.06843376237338185,0.011566237626618113,0.9098920127798543,0.010107987220145725,1990,0.9098920127798543,0.8414582504064725
1998/7.html,1998,SLR,"Victor Ivon v. Sarath, N., Silva, Attorney General and Anothers - SLR - 340, Vol 1 of 1998 [1998] LKSC 7; (1998) 1 Sri LR 340 (3 April 1998)",structured_slr,0.909892,0.0,0.08,0.909892,0.010108,26,24259,105,4.038462,4.328291,0,0.0,0.0,16,5,True,False,True,True,False,4.2144274190469825e-07,0.07999957855725806,0.9098920127798543,0.010107987220145725,1990,0.9098920127798543,0.8298924342225963
1998/8.html,1998,SLR,"Rajanayagam v. Bandula Wijayaratne, Commissioner-General of Excise and Others - SLR - 129, Vol 3 of 1998 [1998] LKSC 8; (1998) 3 Sri LR 129 (1 October 1998)",structured_slr,0.909892,0.077615,0.002385,0.909892,0.010108,85,26444,11,0.129412,0.415973,0,0.0,0.0,14,1,True,False,True,True,False,0.07761451499837424,0.0023854850016257205,0.9098920127798543,0.010107987220145725,1990,0.9098920127798543,0.8322774977814801
1998/9.html,1998,SLR,"Chandrapala Perera v. The Attorney General - SLR - 85, Vol 2 of 1998 [1998] LKSC 9; (1998) 2 Sri LR 85 (21 May 1998)",structured_slr,0.909892,0.0,0.08,0.909892,0.010108,26,24759,127,4.884615,5.129448,0,0.0,0.0,19,9,True,True,True,True,True,1.428309992057563e-08,0.07999998571690004,0.9098920127798543,0.010107987220145725,1990,0.9098920127798543,0.8298920270629543
1999/1.html,1999,SLR,"Wijenayahe and Others v. Amerasena and Others - SLR - 286, Vol 2 of 2000 [1999] LKSC 1; (2000) 2 Sri LR 286 (1 September 1999)",structured_slr,0.909892,0.074589,0.005411,0.909892,0.010108,93,25101,32,0.344086,1.27485,0,0.0,0.0,20,5,True,False,True,True,True,0.07458948871726075,0.005410511282739217,0.9098920127798543,0.010107987220145725,1990,0.9098920127798543,0.8353025240625935
1999/10.html,1999,SLR,"Chuin Pong Shiek v. The Attorney General - SLR - 277, Vol 2 of 1999 [1999] LKSC 10; (1999) 2 Sri LR 277 (28 May 1999)",structured_slr,0.909892,0.07499,0.00501,0.909892,0.010108,68,18488,22,0.323529,1.189961,0,0.0,0.0,8,22,True,True,True,True,True,0.07498983630404112,0.005010163695958847,0.9098920127798543,0.010107987220145725,1990,0.9098920127798543,0.8349021764758132
1999/11.html,1999,SLR,"Haleema Umma v. Abdul Rahuman - SLR - 293, Vol 2 of 1999 [1999] LKSC 11; (1999) 2 Sri LR 293 (10 May 1999)",structured_slr,0.909892,0.073764,0.006236,0.909892,0.010108,34,9808,13,0.382353,1.325449,0,0.0,0.0,9,14,True,True,True,True,True,0.07376432281197501,0.006235677188024948,0.9098920127798543,0.010107987220145725,1990,0.9098920127798543,0.8361276899678793
1999/12.html,1999,SLR,"The Ceylon Brewery Limited. v. Jax Fernando, Proprietor, Maradana Wine Stores - SLR - 270, Vol 1 of 2001 [1999] LKSC 12; (2001) 1 Sri LR 270 (18 October 1999)",structured_slr,0.909892,0.0,0.08,0.909892,0.010108,8,2813,55,6.875,19.55208,0,0.0,0.0,10,8,True,True,True,True,True,4.979323620091234e-12,0.07999999999502064,0.9098920127798543,0.010107987220145725,1990,0.9098920127798543,0.8298920127848337
1999/13.html,1999,SLR,"Anura Bandaranaike v. W.B. Rajaguru Inspector General of Police and Others - SLR - 104, Vol 1 of 1999 [1999] LKSC 13; (1999) 1 Sri LR 104 (19 February 1999)",structured_slr,0.909892,0.076914,0.003086,0.909892,0.010108,51,19829,10,0.196078,0.504312,0,0.0,0.0,11,8,True,False,True,False,False,0.0769136315996142,0.0030863684003857514,0.9098920127798543,0.010107987220145725,1990,0.9098920127798543,0.8329783811802401
1999/14.html,1999,SLR,"Mahanama Tilakaratne v. Bandula Wickramasinghe, Senior Superintendent of Police and Others - SLR - 372, Vol 1 of 1999 [1999] LKSC 14; (1999) 1 Sri LR 372 (21 July 1999)",structured_slr,0.909892,0.075226,0.004774,0.909892,0.010108,103,41824,32,0.31068,0.765111,0,0.0,0.0,14,34,True,True,True,True,False,0.07522585460474279,0.0047741453952571695,0.9098920127798543,0.010107987220145725,1990,0.9098920127798543,0.8346661581751116
1999/15.html,1999,SLR,"Associated Cables Ltd. v. Kalutarage - SLR - 314, Vol 2 of 1999 [1999] LKSC 15; (1999) 2 Sri LR 314 (8 July 1999)",structured_slr,0.909892,0.076713,0.003287,0.909892,0.010108,80,17628,17,0.2125,0.964375,0,0.0,0.0,9,16,True,True,True,True,True,0.07671269774396276,0.0032873022560371994,0.9098920127798543,0.010107987220145725,1990,0.9098920127798543,0.8331793150358916
1999/16.html,1999,SLR,"Abdul Razak and Another v. Dharmadasa, Chief Inspector of Police, Katugastota and Others - SLR - 128, Vol 1 of 1999 [1999] LKSC 16; (1999) 1 Sri LR 128 (23 February 1999)",structured_slr,0.909892,0.005198,0.074802,0.909892,0.010108,48,22473,80,1.666667,3.559827,0,0.0,0.0,19,19,True,True,True,True,False,0.005197527050491428,0.07480247294950854,0.9098920127798543,0.010107987220145725,1990,0.9098920127798543,0.8350895398303457
1999/17.html,1999,SLR,"B. Sirisena Cooray v. Tissa Dias Bandaranayake and Two Others - SLR - 1, Vol 1 of 1999 [1999] LKSC 17; (1999) 1 Sri LR 1 (5 February 1999)",structured_slr,0.909892,0.075492,0.004508,0.909892,0.010108,220,74000,65,0.295455,0.878378,0,0.0,0.0,21,120,True,True,True,True,True,0.07549202937701195,0.0045079706229880084,0.9098920127798543,0.010107987220145725,1990,0.9098920127798543,0.8343999834028424
1999/18.html,1999,SLR,"Brigadier Liyanage v. Chandrananda De Silva Secretary, Ministry of Defence and Others - SLR - 21, Vol 1 of 2000 [1999] LKSC 18; (2000) 1 Sri LR 21 (25 November 1999)",structured_slr,0.909892,0.0,0.08,0.909892,0.010108,16,10477,75,4.6875,7.158538,0,0.0,0.0,12,5,True,True,True,True,False,3.1422896018540297e-08,0.07999996857710394,0.9098920127798543,0.010107987220145725,1990,0.9098920127798543,0.8298920442027504
1999/19.html,1999,SLR,"Chaminda v. Gunawardena, Oic Police Station, Kataragama and Others - SLR - 80, Vol 2 of 1999 [1999] LKSC 19; (1999) 2 Sri LR 80 (10 February 1999)",structured_slr,0.909892,0.07358,0.00642,0.909892,0.010108,41,9580,16,0.390244,1.670146,0,0.0,0.0,12,7,True,False,True,True,False,0.07358040663981603,0.006419593360183934,0.9098920127798543,0.010107987220145725,1990,0.9098920127798543,0.8363116061400383
1999/2.html,1999,SLR,"M. A. Razak &Co. Ltd. v. Lanka Walltiles Ltd. - SLR - 1, Vol 1 of 2000 [1999] LKSC 2; (2000) 1 Sri LR 1 (8 December 1999)",structured_slr,0.909892,5.1e-05,0.079949,0.909892,0.010108,25,20741,71,2.84,3.423171,0,0.0,0.0,17,2,True,True,True,True,True,5.0863517471615414e-05,0.07994913648252834,0.9098920127798543,0.010107987220145725,1990,0.9098920127798543,0.829942876297326
1999/20.html,1999,SLR,"Dayarathna and Others v. Minister of Health and Indigenous. Medicine and Others - SLR - 393, Vol 1 of 1999 [1999] LKSC 20; (1999) 1 Sri LR 393 (4 May 1999)",structured_slr,0.909892,0.076332,0.003668,0.909892,0.010108,141,40469,34,0.241135,0.840149,0,0.0,0.0,15,41,True,True,True,True,False,0.07633205007131427,0.0036679499286856767,0.9098920127798543,0.010107987220145725,1990,0.9098920127798543,0.83355996270854
1999/21.html,1999,SLR,"Deshapriya v. Rukmani, Divisional Secretary, Dodangoda and Others - SLR - 412, Vol 2 of 1999 [1999] LKSC 21; (1999) 2 Sri LR 412 (24 September 1999)",structured_slr,0.909892,0.077505,0.002495,0.909892,0.010108,78,20180,11,0.141026,0.545094,0,0.0,0.0,12,7,True,True,True,True,False,0.07750461873013606,0.002495381269863903,0.9098920127798543,0.010107987220145725,1990,0.9098920127798543,0.8323873940497183
1999/22.html,1999,SLR,"Dr. Preethi Weerasekera v. Dr. Reggie Perera, Director General of Health Services and Others - SLR - 241, Vol 2 of 1999 [1999] LKSC 22; (1999) 2 Sri LR 241 (26 April 1999)",structured_slr,0.909892,0.076521,0.003479,0.909892,0.010108,44,15331,10,0.227273,0.652273,0,0.0,0.0,14,14,True,True,True,True,False,0.07652129177233226,0.003478708227667701,0.9098920127798543,0.010107987220145725,1990,0.9098920127798543,0.8333707210075221
1999/23.html,1999,SLR,"Gnanamuttu v. Military Officer Ananda and Others - SLR - 213, Vol 2 of 1999 [1999] LKSC 23; (1999) 2 Sri LR 213 (5 May 1999)",structured_slr,0.909892,0.074236,0.005764,0.909892,0.010108,36,11785,13,0.361111,1.103097,0,0.0,0.0,9,7,True,False,True,True,False,0.07423567088784218,0.0057643291121577825,0.9098920127798543,0.010107987220145725,1990,0.9098920127798543,0.8356563418920121
1999/24.html,1999,SLR,"Hemasiri Fernando v. Hon. Mangala Samaraweera, Minister of Posts, Telecommunications and Media and Others - SLR - 415, Vol 1 of 1999 [1999] LKSC 24; (1999) 1 Sri LR 415 (29 July 1999)",structured_slr,0.909892,0.072527,0.007473,0.909892,0.010108,44,10088,19,0.431818,1.883426,0,0.0,0.0,12,29,True,False,True,True,False,0.07252744454961259,0.007472555450387376,0.9098920127798543,0.010107987220145725,1990,0.9098920127798543,0.8373645682302417
1999/25.html,1999,SLR,"Jinadasa v. Associated Newspapers of Ceylon Ltd. - SLR - 197, Vol 1 of 1999 [1999] LKSC 25; (1999) 1 Sri LR 197 (3 February 1999)",structured_slr,0.909892,0.076338,0.003662,0.909892,0.010108,54,16068,13,0.240741,0.809061,0,0.0,0.0,8,10,True,False,True,True,False,0.07633756177333124,0.003662438226668714,0.9098920127798543,0.010107987220145725,1990,0.9098920127798543,0.833554451006523
1999/26.html,1999,SLR,"Karunathilaka and Another v. Dayananda Dissanayake, Commissioner of Elections and Others (Case No.1) - SLR - 157, Vol 1 of 1999 [1999] LKSC 26; (1999) 1 Sri LR 157 (27 January 1999)",structured_slr,0.909892,0.077725,0.002275,0.909892,0.010108,145,56929,17,0.117241,0.298618,0,0.0,0.0,21,19,True,True,True,True,False,0.07772464432716077,0.0022753556728391964,0.9098920127798543,0.010107987220145725,1990,0.9098920127798543,0.8321673684526936
1999/27.html,1999,SLR,"Lerins Peiris v. Neil Rupasinghe, Member of Parliament and Others - SLR - 40, Vol 1 of 2000 [1999] LKSC 27; (2000) 1 Sri LR 40 (8 December 1999)",structured_slr,0.909892,1e-06,0.079999,0.909892,0.010108,30,24685,118,3.933333,4.780231,0,0.0,0.0,20,3,True,True,True,True,False,6.417489417565033e-07,0.07999935825105821,0.9098920127798543,0.010107987220145725,1990,0.9098920127798543,0.8298926545287961
1999/28.html,1999,SLR,"Manol Fernado and Another v. Jayaratne, D.M., Minister of Agriculture and Lands and Others - SLR - 112, Vol 1 of 2000 [1999] LKSC 28; (2000) 1 Sri LR 112 (8 November 1999)",structured_slr,0.909892,0.0,0.08,0.909892,0.010108,38,30543,177,4.657895,5.795109,0,0.0,0.0,26,3,True,False,True,True,False,3.5373280615758044e-08,0.07999996462671935,0.9098920127798543,0.010107987220145725,1990,0.9098920127798543,0.829892048153135
1999/29.html,1999,SLR,"Padmanathan v. Sub Inspector Paranagama, Oic, National Intelligence Bureau, Vavuniya and Others - SLR - 225, Vol 2 of 1999 [1999] LKSC 29; (1999) 2 Sri LR 225 (9 April 1999)",structured_slr,0.909892,0.076343,0.003657,0.909892,0.010108,104,31485,25,0.240385,0.794029,0,0.0,0.0,25,14,True,True,True,True,False,0.07634253510825283,0.003657464891747136,0.9098920127798543,0.010107987220145725,1990,0.9098920127798543,0.8335494776716015
1999/3.html,1999,SLR,"Neil Fernando v. Ranjith Cooray and Others - SLR - 281, Vol 1 of 1999 [1999] LKSC 3; (1999) 1 Sri LR 281 (14 January 1999)",structured_slr,0.909892,0.074998,0.005002,0.909892,0.010108,65,19953,21,0.323077,1.052473,0,0.0,0.0,11,20,True,True,True,True,True,0.07499832066917837,0.005001679330821593,0.9098920127798543,0.010107987220145725,1990,0.9098920127798543,0.834893692110676
1999/30.html,1999,SLR,"Perera v. Sri Lanka Nsurance Corporation and Others - SLR - 119, Vol 3 of 1999 [1999] LKSC 30; (1999) 3 Sri LR 119 (27 April 1999)",structured_slr,0.909892,0.075655,0.004345,0.909892,0.010108,35,7354,10,0.285714,1.359804,0,0.0,0.0,11,7,True,False,True,True,True,0.07565494340546268,0.0043450565945372735,0.9098920127798543,0.010107987220145725,1990,0.9098920127798543,0.8342370693743917
1999/31.html,1999,SLR,"Rajapakse v. Tissa Devendra, Chairman, Public Service Commission and Others - SLR - 331, Vol 2 of 1999 [1999] LKSC 31; (1999) 2 Sri LR 331 (23 June 1999)",structured_slr,0.909892,0.076737,0.003263,0.909892,0.010108,76,19711,16,0.210526,0.811729,0,0.0,0.0,27,8,True,False,True,True,True,0.07673749770265405,0.0032625022973459083,0.9098920127798543,0.010107987220145725,1990,0.9098920127798543,0.8331545150772003
1999/32.html,1999,SLR,"Ramamoorthy v. Douglas Devananda and Others - SLR - 248, Vol 2 of 1999 [1999] LKSC 32; (1999) 2 Sri LR 248 (30 March 1999)",structured_slr,0.909892,0.077741,0.002259,0.909892,0.010108,104,29710,12,0.115385,0.403904,0,0.0,0.0,19,11,True,True,True,True,False,0.0777409987898975,0.0022590012101024533,0.9098920127798543,0.010107987220145725,1990,0.9098920127798543,0.8321510139899568
1999/33.html,1999,SLR,"Samarasinghe v. National Savings Bank and Others - SLR - 287, Vol 2 of 1999 [1999] LKSC 33; (1999) 2 Sri LR 287 (28 May 1999)",structured_slr,0.909892,0.027139,0.052861,0.909892,0.010108,30,11720,35,1.166667,2.986348,0,0.0,0.0,17,24,True,False,True,True,False,0.02713946658861815,0.052860533411381805,0.9098920127798543,0.010107987220145725,1990,0.9098920127798543,0.8570314793684726
1999/34.html,1999,SLR,"Sinharaja Plantations Organic (Pvt) Ltd. and Others v. The Land Reform Commission and Others - SLR - 247, Vol 1 of 1999 [1999] LKSC 34; (1999) 1 Sri LR 247 (21 January 1999)",structured_slr,0.909892,0.07603,0.00397,0.909892,0.010108,42,12863,11,0.261905,0.855166,0,0.0,0.0,8,15,True,True,True,True,False,0.07603006827340586,0.003969931726594107,0.9098920127798543,0.010107987220145725,1990,0.9098920127798543,0.8338619445064485
1999/35.html,1999,SLR,"The Widesheeya Chithrapata Anayanaya Karannange Sangamaya v. The National Film Corporation of Sri Lanka and Others - SLR - 40, Vol 2 of 1999 [1999] LKSC 35; (1999) 2 Sri LR 40 (24 February 1999)",structured_slr,0.909892,0.072703,0.007297,0.909892,0.010108,87,33617,37,0.425287,1.100634,0,0.0,0.0,20,43,True,True,True,True,False,0.07270255339868185,0.007297446601318105,0.9098920127798543,0.010107987220145725,1990,0.9098920127798543,0.8371894593811725
1999/36.html,1999,SLR,"Wijayapala Mendis v. P.R.P. Perera and Others - SLR - 110, Vol 2 of 1999 [1999] LKSC 36; (1999) 2 Sri LR 110 (27 April 1999)",structured_slr,0.909892,0.072451,0.007549,0.909892,0.010108,306,82007,133,0.434641,1.621813,0,0.0,0.0,71,32,True,True,True,True,True,0.0724505941174479,0.007549405882552053,0.9098920127798543,0.010107987220145725,1990,0.9098920127798543,0.8374414186624064
1999/37.html,1999,SLR,"Wimaladasa v. Somadasa, Police Constable, Bribery Commissioner'S Department and Others - SLR - 53, Vol 1 of 2000 [1999] LKSC 37; (2000) 1 Sri LR 53 (6 December 1999)",structured_slr,0.909892,5e-06,0.079995,0.909892,0.010108,12,7378,41,3.416667,5.557062,0,0.0,0.0,11,3,True,True,True,True,True,5.068528582370388e-06,0.07999493147141759,0.9098920127798543,0.010107987220145725,1990,0.9098920127798543,0.8298970813084368
1999/38.html,1999,SLR,"Raymond Fernando v. Bank of Ceylon - SLR - 12, Vol 1 of 2000 [1999] LKSC 38; (2000) 1 Sri LR 12 (22 October 1999)",structured_slr,0.909892,0.0,0.08,0.909892,0.010108,14,7629,71,5.071429,9.306593,0,0.0,0.0,12,3,True,False,True,True,True,6.765398108399264e-09,0.07999999323460186,0.9098920127798543,0.010107987220145725,1990,0.9098920127798543,0.8298920195452525
1999/39.html,1999,SLR,"Hatton National Bank Limited v. Helenluc Garments Ltd. and Others - SLR - 365, Vol 2 of 1999 [1999] LKSC 39; (1999) 2 Sri LR 365 (9 September 1999)",structured_slr,0.909892,0.076206,0.003794,0.909892,0.010108,56,10691,14,0.25,1.309513,0,0.0,0.0,9,5,True,False,True,True,False,0.07620593014579462,0.0037940698542053407,0.9098920127798543,0.010107987220145725,1990,0.9098920127798543,0.8336860826340597
1999/4.html,1999,SLR,"Asia Siyaka Commodities (Pvt) Ltd. v. Forbes & Walker Tea Brokers (Pvt) Limited. and Others - SLR - 403, Vol 2 of 1999 [1999] LKSC 4; (1999) 2 Sri LR 403 (24 September 1999)",structured_slr,0.909892,0.076474,0.003526,0.909892,0.010108,65,17776,15,0.230769,0.843834,0,0.0,0.0,14,7,True,True,True,True,False,0.07647446265279637,0.003525537347203595,0.9098920127798543,0.010107987220145725,1990,0.9098920127798543,0.833417550127058
1999/40.html,1999,SLR,"Karunathilaka and Another v. Dayananda Dissanayake, Commissioner of Elections and Others (Enforce Ment Judgment) (Case No.2) - SLR - 183, Vol 1 of 1999 [1999] LKSC 40; (1999) 1 Sri LR 183 (16 March 1999)",structured_slr,0.909892,0.074368,0.005632,0.909892,0.010108,62,18035,22,0.354839,1.21985,0,0.0,0.0,9,30,True,True,True,True,False,0.07436843388802916,0.0056315661119708,0.9098920127798543,0.010107987220145725,1990,0.9098920127798543,0.8355235788918252
1999/41.html,1999,SLR,"Asliya Umma v. Thingal Mohamed - SLR - 152, Vol 2 of 1999 [1999] LKSC 41; (1999) 2 Sri LR 152 (26 March 1999)",structured_slr,0.909892,0.076612,0.003388,0.909892,0.010108,59,13662,13,0.220339,0.951544,0,0.0,0.0,13,13,True,True,True,True,True,0.07661242193858944,0.0033875780614105186,0.9098920127798543,0.010107987220145725,1990,0.9098920127798543,0.8332795908412649
1999/42.html,1999,SLR,"Jayasinghe and Others v. Jayaratne, R.S., Secretary, Ministry of Public Administration and Others - SLR - 385, Vol 2 of 1999 [1999] LKSC 42; (1999) 2 Sri LR 385 (30 November 1999)",structured_slr,0.909892,0.077388,0.002612,0.909892,0.010108,72,18702,11,0.152778,0.588172,0,0.0,0.0,9,6,True,False,True,True,False,0.07738843577726388,0.0026115642227360777,0.9098920127798543,0.010107987220145725,1990,0.9098920127798543,0.8325035770025905
1999/43.html,1999,SLR,"Union Apparels (Pvt) Ltd. v. Director General of Customs and Others - SLR - 27, Vol 1 of 2000 [1999] LKSC 43; (2000) 1 Sri LR 27 (7 December 1999)",structured_slr,0.909892,0.0,0.08,0.909892,0.010108,29,24841,122,4.206897,4.911235,0,0.0,0.0,20,3,True,True,True,True,False,2.148513743449597e-07,0.07999978514862562,0.9098920127798543,0.010107987220145725,1990,0.9098920127798543,0.8298922276312287
1999/44.html,1999,SLR,"Cornel & Company Limited. v. Mitsui and Company Limited and Others - SLR - 57, Vol 1 of 2000 [1999] LKSC 44; (2000) 1 Sri LR 57 (30 September 1999)",structured_slr,0.909892,0.0,0.08,0.909892,0.010108,46,37087,242,5.26087,6.525198,0,0.0,0.0,38,9,True,True,True,True,True,3.1710322190292555e-09,0.07999999682896775,0.9098920127798543,0.010107987220145725,1990,0.9098920127798543,0.8298920159508866
1999/45.html,1999,SLR,"The Board of Governors For Zahira College v. Naina Mohamed Alias Naina Lebbe - SLR - 309, Vol 2 of 1999 [1999] LKSC 45; (1999) 2 Sri LR 309 (27 May 1999)",structured_slr,0.909892,0.075161,0.004839,0.909892,0.010108,35,10506,11,0.314286,1.047021,0,0.0,0.0,9,11,True,True,True,True,True,0.07516068906187766,0.004839310938122304,0.9098920127798543,0.010107987220145725,1990,0.9098920127798543,0.8347313237179766
1999/46.html,1999,SLR,"The Public Trustee v. Ratnayahe Banda - SLR - 99, Vol 1 of 2000 [1999] LKSC 46; (2000) 1 Sri LR 99 (12 December 1999)",structured_slr,0.909892,3e-06,0.079997,0.909892,0.010108,19,10061,68,3.578947,6.758771,0,0.0,0.0,14,5,True,False,True,True,True,2.6484135700943754e-06,0.07999735158642987,0.9098920127798543,0.010107987220145725,1990,0.9098920127798543,0.8298946611934245
1999/47.html,1999,SLR,"Yaseen Omar v. Pakistan International Airlines Corporation and Others - SLR - 375, Vol 2 of 1999 [1999] LKSC 47; (1999) 2 Sri LR 375 (22 September 1999)",structured_slr,0.909892,0.075687,0.004313,0.909892,0.010108,74,17731,21,0.283784,1.184366,0,0.0,0.0,13,11,True,True,True,True,True,0.07568655644095766,0.0043134435590423,0.9098920127798543,0.010107987220145725,1990,0.9098920127798543,0.8342054563388966
1999/48.html,1999,SLR,"Societe Des Produits Nestle, S.A. v. Multitech Lanka (Pvt) Limited. - SLR - 298, Vol 2 of 1999 [1999] LKSC 48; (1999) 2 Sri LR 298 (2 June 1999)",structured_slr,0.909892,0.076152,0.003848,0.909892,0.010108,67,20435,17,0.253731,0.831906,0,0.0,0.0,18,19,True,True,True,True,False,0.07615162706131974,0.0038483729386802265,0.9098920127798543,0.010107987220145725,1990,0.9098920127798543,0.8337403857185346
1999/49.html,1999,SLR,"Haji Omar v. Wickremasinghe and Another - SLR - 82, Vol 1 of 1999 [1999] LKSC 49; (1999) 1 Sri LR 82 (16 February 1999)",structured_slr,0.909892,0.048299,0.031701,0.909892,0.010108,19,4295,17,0.894737,3.958091,0,0.0,0.0,8,11,True,False,True,True,True,0.04829879654398995,0.031701203456010005,0.9098920127798543,0.010107987220145725,1990,0.9098920127798543,0.8615932162358644
1999/5.html,1999,SLR,"Board of Governors, St. Thomas' College, Mt Lavinia v. Jathika Sevaka Sangamaya (On Behalf of Dayasena Fernando and G. G. Sumanadasa) - SLR - 371, Vol 2 of 1999 [1999] LKSC 5; (1999) 2 Sri LR 371 (23 September 1999)",structured_slr,0.909892,0.073053,0.006947,0.909892,0.010108,34,7007,14,0.411765,1.998002,0,0.0,0.0,11,7,True,True,True,True,True,0.07305341047083692,0.006946589529163038,0.9098920127798543,0.010107987220145725,1990,0.9098920127798543,0.8368386023090174
1999/50.html,1999,SLR,"National Development Bank of Sri Lanka v. Serendib Asia (Pvt) Ltd. and Another - SLR - 56, Vol 2 of 1999 [1999] LKSC 50; (1999) 2 Sri LR 56 (26 January 1999)",structured_slr,0.909892,0.076765,0.003235,0.909892,0.010108,48,14160,10,0.208333,0.706215,0,0.0,0.0,7,7,True,False,True,True,True,0.07676483895367252,0.003235161046327442,0.9098920127798543,0.010107987220145725,1990,0.9098920127798543,0.8331271738261818
1999/51.html,1999,SLR,"Paskaralingam By His Attorney At Law v. Perera, P.R.P. and Others - SLR - 169, Vol 2 of 1998 [1999] LKSC 51; (1998) 2 Sri LR 169 (16 March 1999)",structured_slr,0.909892,0.0,0.08,0.909892,0.010108,59,59233,264,4.474576,4.456975,0,0.0,0.0,35,11,True,True,True,True,True,7.364323402647695e-08,0.07999992635676594,0.9098920127798543,0.010107987220145725,1990,0.9098920127798543,0.8298920864230884
1999/52.html,1999,SLR,"Premaratne v. Kodituwakku Arachchi - SLR - 17, Vol 1 of 2000 [1999] LKSC 52; (2000) 1 Sri LR 17 (26 October 1999)",structured_slr,0.909892,0.0,0.08,0.909892,0.010108,10,6498,50,5.0,7.694675,0,0.0,0.0,10,3,True,True,True,True,True,9.002812966230063e-09,0.07999999099718699,0.9098920127798543,0.010107987220145725,1990,0.9098920127798543,0.8298920217826673
1999/53.html,1999,SLR,"Ranchagoda v. Viola - SLR - 1, Vol 2 of 1999 [1999] LKSC 53; (1999) 2 Sri LR 1 (18 January 1999)",structured_slr,0.909892,0.071069,0.008931,0.909892,0.010108,27,4703,13,0.481481,2.764193,0,0.0,0.0,8,6,True,False,True,True,True,0.0710686281647386,0.008931371835261359,0.9098920127798543,0.010107987220145725,1990,0.9098920127798543,0.8388233846151157
1999/54.html,1999,SLR,"Dissanayakage Malini v. Mohamed Sabur - SLR - 4, Vol 2 of 1999 [1999] LKSC 54; (1999) 2 Sri LR 4 (18 January 1999)",structured_slr,0.909892,0.074133,0.005867,0.909892,0.010108,41,7231,15,0.365854,2.074402,0,0.0,0.0,9,11,True,True,True,True,True,0.07413336236207385,0.005866637637926111,0.9098920127798543,0.010107987220145725,1990,0.9098920127798543,0.8357586504177805
1999/55.html,1999,SLR,"Puttalam Cement Company Limited v. Mutukimarana And Another - SLR - 54, Vol 1 of 2006 [1999] LKSC 55; (2006) 1 Sri LR 54 (24 July 1999)",late_slr_font,0.919942,0.0,0.08,5.8e-05,0.919942,18,11987,86,4.777778,7.174439,17,0.944444,1.418203,12,3,True,True,True,False,True,2.1898648414619958e-08,0.07999997810135155,5.828854497413882e-05,0.9199417114550259,1990,0.9199417114550259,0.8399417333536744
1999/6.html,1999,SLR,"Priyani, E. Soysa v. Rienzie Arsecularatne - SLR - 179, Vol 2 of 1999 [1999] LKSC 6; (1999) 2 Sri LR 179 (21 May 1999)",structured_slr,0.909892,0.078118,0.001882,0.909892,0.010108,219,70960,15,0.068493,0.211387,0,0.0,0.0,37,127,True,True,True,True,False,0.07811826192637668,0.0018817380736232772,0.9098920127798543,0.010107987220145725,1990,0.9098920127798543,0.8317737508534776
1999/7.html,1999,SLR,"Wedamulla v. Abeysinghe - SLR - 26, Vol 3 of 1999 [1999] LKSC 7; (1999) 3 Sri LR 26 (20 May 1999)",structured_slr,0.909892,0.074116,0.005884,0.909892,0.010108,30,5339,11,0.366667,2.060311,0,0.0,0.0,7,5,True,False,True,True,True,0.07411565857652125,0.005884341423478715,0.9098920127798543,0.010107987220145725,1990,0.9098920127798543,0.8357763542033331
1999/8.html,1999,SLR,"Kalegama Ananda Thero v. Makkuddala Gnanissara Thero - SLR - 218, Vol 2 of 1999 [1999] LKSC 8; (1999) 2 Sri LR 218 (24 May 1999)",structured_slr,0.909892,0.075802,0.004198,0.909892,0.010108,47,15695,13,0.276596,0.828289,0,0.0,0.0,10,11,True,True,True,True,True,0.07580239593901897,0.004197604060980993,0.9098920127798543,0.010107987220145725,1990,0.9098920127798543,0.8340896168408354
1999/9.html,1999,SLR,"Gunawardene and Wijesooriya v. Minister of Local Government, Housing and Construction and Others - SLR - 263, Vol 2 of 1999 [1999] LKSC 9; (1999) 2 Sri LR 263 (9 March 1999)",structured_slr,0.909892,0.076944,0.003056,0.909892,0.010108,93,27419,18,0.193548,0.656479,0,0.0,0.0,11,16,True,True,True,True,True,0.07694352082552915,0.0030564791744708136,0.9098920127798543,0.010107987220145725,1990,0.9098920127798543,0.8329484919543252
2000/1.html,2000,SLR,"Prof Priyani Soyza v. Rienzie Arsecularatne - SLR - 293, Vol 2 of 2001 [2000] LKSC 1; (2001) 2 Sri LR 293 (11 December 2000)",structured_slr,0.909892,3e-06,0.079997,0.909892,0.010108,84,82625,301,3.583333,3.642965,0,0.0,0.0,71,85,True,True,True,True,True,2.6023565077437624e-06,0.07999739764349222,0.9098920127798543,0.010107987220145725,2000,0.9098920127798543,0.8298946151363621
2000/10.html,2000,SLR,"Danny v. Sirinimal Silva, Inspector of Police, Police Station, Chilaw and Others - SLR - 29, Vol 1 of 2001 [2000] LKSC 10; (2001) 1 Sri LR 29 (12 December 2000)",structured_slr,0.909892,0.0,0.08,0.909892,0.010108,18,12163,103,5.722222,8.468306,0,0.0,0.0,15,12,True,True,True,True,False,5.008990022759005e-10,0.07999999949910096,0.9098920127798543,0.010107987220145725,2000,0.9098920127798543,0.8298920132807533
2000/11.html,2000,SLR,"Hatton National Bank Limited. v. Sellers Sports(Pvt) Ltd. and Others - SLR - 326, Vol 3 of 2000 [2000] LKSC 11; (2000) 3 Sri LR 326 (12 September 2000)",structured_slr,0.909892,1e-06,0.079999,0.909892,0.010108,20,15879,76,3.8,4.786196,0,0.0,0.0,15,6,True,True,True,True,True,1.0939207267668389e-06,0.0799989060792732,0.9098920127798543,0.010107987220145725,2000,0.9098920127798543,0.8298931067005811
2000/12.html,2000,SLR,"Indrakumar v. Premawardena and Others - SLR - 7, Vol 1 of 2001 [2000] LKSC 12; (2001) 1 Sri LR 7 (1 December 2000)",structured_slr,0.909892,0.0,0.08,0.909892,0.010108,16,13192,83,5.1875,6.291692,0,0.0,0.0,16,12,True,True,True,True,True,4.252627983092336e-09,0.07999999574737197,0.9098920127798543,0.010107987220145725,2000,0.9098920127798543,0.8298920170324824
2000/13.html,2000,SLR,"Selenchina v. Mohamed Marikar and Others - SLR - 100, Vol 3 of 2000 [2000] LKSC 13; (2000) 3 Sri LR 100 (24 July 2000)",structured_slr,0.909892,0.0,0.08,0.909892,0.010108,10,4697,60,6.0,12.774111,0,0.0,0.0,11,7,True,True,True,True,True,1.648922953734199e-10,0.07999999983510767,0.9098920127798543,0.010107987220145725,2000,0.9098920127798543,0.8298920129447467
2000/14.html,2000,SLR,"Bandara and Others v. Jagoda Arachchi Officer In Charge Police Station Fort and Others - SLR - 225, Vol 1 of 2000 [2000] LKSC 14; (2000) 1 Sri LR 225 (16 May 2000)",structured_slr,0.909892,9e-06,0.079991,0.909892,0.010108,22,17120,72,3.272727,4.205607,0,0.0,0.0,18,5,True,True,True,True,True,9.013840544049851e-06,0.0799909861594559,0.9098920127798543,0.010107987220145725,2000,0.9098920127798543,0.8299010266203984
2000/15.html,2000,SLR,"Malhotra International (Pvt.) Ltd. v. Anglo Asian Distributors Ltd. and Another - SLR - 116, Vol 3 of 2000 [2000] LKSC 15; (2000) 3 Sri LR 116 (31 July 2000)",structured_slr,0.909892,1e-05,0.07999,0.909892,0.010108,16,10835,52,3.25,4.799262,0,0.0,0.0,12,5,True,True,False,True,True,9.871566078905043e-06,0.07999012843392106,0.9098920127798543,0.010107987220145725,2000,0.9098920127798543,0.8299018843459333
2000/16.html,2000,SLR,"Leader Publications (Pvt) Ltd. v. Ariya Rubasinghe, Director of Information and Competent Authority and Others - SLR - 265, Vol 1 of 2000 [2000] LKSC 16; (2000) 1 Sri LR 265 (30 June 2000)",structured_slr,0.909892,2.4e-05,0.079976,0.909892,0.010108,42,37437,127,3.02381,3.392366,0,0.0,0.0,31,7,True,True,True,True,False,2.439155516815282e-05,0.07997560844483181,0.9098920127798543,0.010107987220145725,2000,0.9098920127798543,0.8299164043350225
2000/17.html,2000,SLR,"Abeyaratne v. Janatha Fertilizer Enterprises Ltd. and Others - SLR - 391, Vol 1 of 2003 [2000] LKSC 17; (2003) 1 Sri LR 391 (10 April 2000)",structured_slr,0.909892,0.078491,0.001509,0.909892,0.010108,83,19334,1,0.012048,0.051722,0,0.0,0.0,17,49,True,True,False,True,False,0.07849140148576156,0.0015085985142384026,0.9098920127798543,0.010107987220145725,2000,0.9098920127798543,0.8314006112940928
2000/18.html,2000,SLR,"Bulankulama and Others v. Secretary, Ministry of Industrial Development and (Eppawela Case) - SLR - 243, Vol 3 of 2000 [2000] LKSC 18; (2000) 3 Sri LR 243 (2 June 2000)",structured_slr,0.909892,6.1e-05,0.079939,0.909892,0.010108,161,158636,450,2.795031,2.836683,0,0.0,0.0,104,8,True,True,True,True,False,6.087950788162818e-05,0.07993912049211833,0.9098920127798543,0.010107987220145725,2000,0.9098920127798543,0.8299528922877359
2000/19.html,2000,SLR,"Eksath Kamkaru Samithiya v. Upali Newspapers Ltd. and Others - SLR - 105, Vol 1 of 2001 [2000] LKSC 19; (2001) 1 Sri LR 105 (24 August 2000)",structured_slr,0.909892,0.0,0.08,0.909892,0.010108,14,7298,67,4.785714,9.180597,0,0.0,0.0,11,8,True,False,True,True,True,2.1214415513171037e-08,0.07999997878558444,0.9098920127798543,0.010107987220145725,2000,0.9098920127798543,0.8298920339942699
2000/2.html,2000,SLR,"Alwis v. Ahangama - SLR - 225, Vol 3 of 2000 [2000] LKSC 2; (2000) 3 Sri LR 225 (21 June 2000)",structured_slr,0.909892,0.0,0.08,0.909892,0.010108,40,32284,232,5.8,7.186222,0,0.0,0.0,32,6,True,True,True,True,True,3.669745396450706e-10,0.07999999963302543,0.9098920127798543,0.010107987220145725,2000,0.9098920127798543,0.8298920131468289
2000/20.html,2000,SLR,"Hettiarachchi v. Mahaweli Authority of Sri Lanka and Others - SLR - 334, Vol 3 of 2000 [2000] LKSC 20; (2000) 3 Sri LR 334 (15 September 2000)",structured_slr,0.909892,0.0,0.08,0.909892,0.010108,23,17747,92,4.0,5.183975,0,0.0,0.0,17,6,True,True,True,True,False,4.915339681765827e-07,0.07999950846603178,0.9098920127798543,0.010107987220145725,2000,0.9098920127798543,0.8298925043138226
2000/21.html,2000,SLR,"Jayaratne v. Fernando and Others - SLR - 69, Vol 3 of 2000 [2000] LKSC 21; (2000) 3 Sri LR 69 (14 July 2000)",structured_slr,0.909892,1e-06,0.079999,0.909892,0.010108,52,45145,206,3.961538,4.563075,0,0.0,0.0,41,3,True,True,True,True,False,5.732821629944593e-07,0.07999942671783697,0.9098920127798543,0.010107987220145725,2000,0.9098920127798543,0.8298925860620173
2000/22.html,2000,SLR,"Kamalawathie and Others v. The Provincial Public Service Commission, North Western Province and Others - SLR - 1, Vol 1 of 2001 [2000] LKSC 22; (2001) 1 Sri LR 1 (3 October 2000)",structured_slr,0.909892,4e-06,0.079996,0.909892,0.010108,16,11392,56,3.5,4.91573,0,0.0,0.0,15,6,True,True,True,True,False,3.6318294961912282e-06,0.07999636817050376,0.9098920127798543,0.010107987220145725,2000,0.9098920127798543,0.8298956446093506
2000/23.html,2000,SLR,"Lilanthi De Silva v. Attorney General and Others - SLR - 155, Vol 3 of 2000 [2000] LKSC 23; (2000) 3 Sri LR 155 (25 September 2000)",structured_slr,0.909892,0.0,0.08,0.909892,0.010108,11,5990,51,4.636364,8.51419,0,0.0,0.0,10,5,True,False,True,True,False,3.855480404268972e-08,0.07999996144519592,0.9098920127798543,0.010107987220145725,2000,0.9098920127798543,0.8298920513346584
2000/24.html,2000,SLR,"Liverpool Navigation (Pvt) Limited. v. Chandrananda De Silva Secretary, Ministry of Defence and Others - SLR - 154, Vol 1 of 2000 [2000] LKSC 24; (2000) 1 Sri LR 154 (28 January 2000)",structured_slr,0.909892,0.0,0.08,0.909892,0.010108,21,17515,113,5.380952,6.451613,0,0.0,0.0,16,5,True,True,True,True,True,1.9615386026572414e-09,0.07999999803846136,0.9098920127798543,0.010107987220145725,2000,0.9098920127798543,0.829892014741393
2000/25.html,2000,SLR,"Nandadasa v. Jayasinghe, M.S., Secretary, Ministry of Justice and Constitutional Affairs and Others - SLR - 14, Vol 1 of 2001 [2000] LKSC 25; (2001) 1 Sri LR 14 (21 November 2000)",structured_slr,0.909892,0.0,0.08,0.909892,0.010108,34,28369,145,4.264706,5.111213,0,0.0,0.0,51,8,True,False,True,True,True,1.7049586793937967e-07,0.07999982950413202,0.9098920127798543,0.010107987220145725,2000,0.9098920127798543,0.8298921832757223
2000/26.html,2000,SLR,"Narendrakumar v. Ziyard and Others - SLR - 251, Vol 1 of 2000 [2000] LKSC 26; (2000) 1 Sri LR 251 (31 March 2000)",structured_slr,0.909892,0.0,0.08,0.909892,0.010108,31,25589,164,5.290323,6.409004,0,0.0,0.0,28,8,True,True,True,True,True,2.818613671351498e-09,0.07999999718138628,0.9098920127798543,0.010107987220145725,2000,0.9098920127798543,0.829892015598468
2000/27.html,2000,SLR,"Rear Admiral Dassanayake v. Chandrananda De Silva, Secretary, Ministry of Defence and Others - SLR - 234, Vol 1 of 2000 [2000] LKSC 27; (2000) 1 Sri LR 234 (5 May 2000)",structured_slr,0.909892,1e-06,0.079999,0.909892,0.010108,38,33909,143,3.763158,4.217169,0,0.0,0.0,23,3,True,False,True,True,False,1.2676110529508116e-06,0.079998732388947,0.9098920127798543,0.010107987220145725,2000,0.9098920127798543,0.8298932803909074
2000/28.html,2000,SLR,"Sirimawathie Fernando v. Wickremaratne, Officer In Charge, Police Station, Dehiwela and Others - SLR - 259, Vol 1 of 2001 [2000] LKSC 28; (2001) 1 Sri LR 259 (23 February 2000)",structured_slr,0.909892,0.0,0.08,0.909892,0.010108,26,20802,114,4.384615,5.480242,0,0.0,0.0,34,9,True,False,True,True,False,1.0553850612993182e-07,0.07999989446149383,0.9098920127798543,0.010107987220145725,2000,0.9098920127798543,0.8298921183183605
2000/29.html,2000,SLR,"Sriyani Silva (Wife of Jagath Kumara Deceased) v. Iddamalgoda, Officer In Charge Police Station, Payagala and Others - SLR - 14, Vol 1 of 2003 [2000] LKSC 29; (2003) 1 Sri LR 14 (23 August 2000)",structured_slr,0.909892,0.078354,0.001646,0.909892,0.010108,204,32534,7,0.034314,0.21516,0,0.0,0.0,12,83,True,True,True,True,False,0.07835376635625672,0.001646233643743233,0.9098920127798543,0.010107987220145725,2000,0.9098920127798543,0.8315382464235976
2000/3.html,2000,SLR,"Dayaratne v. Herath - SLR - 202, Vol 1 of 2000 [2000] LKSC 3; (2000) 1 Sri LR 202 (22 March 2000)",structured_slr,0.909892,2e-06,0.079998,0.909892,0.010108,26,21413,94,3.615385,4.389857,0,0.0,0.0,24,6,True,True,True,True,True,2.2892249212436144e-06,0.07999771077507872,0.9098920127798543,0.010107987220145725,2000,0.9098920127798543,0.8298943020047755
2000/30.html,2000,SLR,"Sumanasiri v. University of Peradeniya and Others - SLR - 213, Vol 1 of 2000 [2000] LKSC 30; (2000) 1 Sri LR 213 (10 February 2000)",structured_slr,0.909892,0.0,0.08,0.909892,0.010108,12,8016,48,4.0,5.988024,0,0.0,0.0,11,3,True,False,True,True,False,4.915339681765827e-07,0.07999950846603178,0.9098920127798543,0.010107987220145725,2000,0.9098920127798543,0.8298925043138226
2000/31.html,2000,SLR,"Sunila Abeysekera v. Ariya Rubasinghe, Competent Authority and Others - SLR - 314, Vol 1 of 2000 [2000] LKSC 31; (2000) 1 Sri LR 314 (15 May 2000)",structured_slr,0.909892,0.0,0.08,0.909892,0.010108,151,139449,619,4.099338,4.438899,0,0.0,0.0,89,12,True,True,True,True,True,3.3035937040182247e-07,0.07999966964062956,0.9098920127798543,0.010107987220145725,2000,0.9098920127798543,0.8298923431392248
2000/32.html,2000,SLR,"Weerawansa v. The Attorney General and Others - SLR - 387, Vol 1 of 2000 [2000] LKSC 32; (2000) 1 Sri LR 387 (6 June 2000)",structured_slr,0.909892,0.0,0.08,0.909892,0.010108,72,54119,292,4.055556,5.395517,0,0.0,0.0,52,5,True,True,True,True,False,3.935894152906625e-07,0.07999960641058466,0.9098920127798543,0.010107987220145725,2000,0.9098920127798543,0.8298924063692696
2000/33.html,2000,SLR,"Wijepala v. The Attorney General - SLR - 46, Vol 1 of 2001 [2000] LKSC 33; (2001) 1 Sri LR 46 (5 December 2000)",structured_slr,0.909892,1e-05,0.07999,0.909892,0.010108,32,26587,104,3.25,3.911686,0,0.0,0.0,23,24,True,True,True,True,True,9.871566078905043e-06,0.07999012843392106,0.9098920127798543,0.010107987220145725,2000,0.9098920127798543,0.8299018843459333
2000/34.html,2000,SLR,"Jayasinghe and Others v. Jothiwardana and Others - SLR - 304, Vol 1 of 2000 [2000] LKSC 34; (2000) 1 Sri LR 304 (1 June 2000)",structured_slr,0.909892,0.0,0.08,0.909892,0.010108,25,17421,110,4.4,6.314218,0,0.0,0.0,18,5,True,True,True,True,True,9.923948328882655e-08,0.07999990076051668,0.9098920127798543,0.010107987220145725,2000,0.9098920127798543,0.8298921120193377
2000/35.html,2000,SLR,"Eksith Fernando v. Manawadu and Others (St. Thomas' College Cases) - SLR - 78, Vol 1 of 2000 [2000] LKSC 35; (2000) 1 Sri LR 78 (21 January 2000)",structured_slr,0.909892,5e-06,0.079995,0.909892,0.010108,51,41213,174,3.411765,4.221969,0,0.0,0.0,42,3,True,True,True,True,False,5.168886563771122e-06,0.0799948311134362,0.9098920127798543,0.010107987220145725,2000,0.9098920127798543,0.8298971816664181
2000/36.html,2000,SLR,"Gamini Atukorale v. Chandrika Bandaranaike Kumaratunga and Others - SLR - 60, Vol 1 of 2001 [2000] LKSC 36; (2001) 1 Sri LR 60 (12 December 2000)",structured_slr,0.909892,0.0,0.08,0.909892,0.010108,71,63519,334,4.704225,5.258269,0,0.0,0.0,48,50,True,True,True,True,False,2.938948112429783e-08,0.07999997061051883,0.9098920127798543,0.010107987220145725,2000,0.9098920127798543,0.8298920421693354
2000/37.html,2000,SLR,"Prins Gunasekera v. The Associated Newspapers of Ceylon Ltd. - SLR - 122, Vol 3 of 2000 [2000] LKSC 37; (2000) 3 Sri LR 122 (28 April 2000)",structured_slr,0.909892,0.0,0.08,0.909892,0.010108,14,8984,66,4.714286,7.346394,0,0.0,0.0,12,6,True,True,True,True,True,2.823021446829442e-08,0.07999997176978549,0.9098920127798543,0.010107987220145725,2000,0.9098920127798543,0.8298920410100689
2000/38.html,2000,SLR,"Sarath Amunugama and Others v. Karu Jayasuriya, Chairman, United National Party and Others - SLR - 172, Vol 1 of 2000 [2000] LKSC 38; (2000) 1 Sri LR 172 (3 February 2000)",structured_slr,0.909892,0.0,0.08,0.909892,0.010108,64,59277,285,4.453125,4.807936,0,0.0,0.0,37,8,True,False,True,True,False,8.024112705840022e-08,0.0799999197588729,0.9098920127798543,0.010107987220145725,2000,0.9098920127798543,0.8298920930209814
2000/39.html,2000,SLR,"Sriyani Silva v. Iddamalgoda, Officer In Charge, Police Station Paiyagala and Others - SLR - 63, Vol 2 of 2003 [2000] LKSC 39; (2003) 2 Sri LR 63 (23 August 2000)",structured_slr,0.909892,0.076728,0.003272,0.909892,0.010108,142,36775,30,0.211268,0.815772,0,0.0,0.0,16,22,True,True,True,True,False,0.07672819681539306,0.003271803184606911,0.9098920127798543,0.010107987220145725,2000,0.9098920127798543,0.8331638159644612
2000/4.html,2000,SLR,"Hilda Enid Perera v. Somawathie Lokuge and Another - SLR - 200, Vol 3 of 2000 [2000] LKSC 4; (2000) 3 Sri LR 200 (31 July 2000)",structured_slr,0.909892,0.0,0.08,0.909892,0.010108,18,12846,99,5.5,7.706679,0,0.0,0.0,14,6,True,True,True,True,True,1.2183983599811649e-09,0.0799999987816016,0.9098920127798543,0.010107987220145725,2000,0.9098920127798543,0.8298920139982527
2000/40.html,2000,SLR,"Warapitiya Rahuia Thero v. Commissioner General of Examinations and Others - SLR - 344, Vol 3 of 2000 [2000] LKSC 40; (2000) 3 Sri LR 344 (31 March 2000)",structured_slr,0.909892,0.0,0.08,0.909892,0.010108,8,2216,35,4.375,15.794224,0,0.0,0.0,8,5,True,False,True,True,False,1.0967657655847057e-07,0.0799998903234234,0.9098920127798543,0.010107987220145725,2000,0.9098920127798543,0.829892122456431
2000/41.html,2000,SLR,"St. Regis Packaging(Pvt)Ltd. v. Ceylon Paper Sacks Ltd. - SLR - 36, Vol 1 of 2001 [2000] LKSC 41; (2001) 1 Sri LR 36 (10 November 2000)",structured_slr,0.909892,0.0,0.08,0.909892,0.010108,24,16896,122,5.083333,7.220644,0,0.0,0.0,28,15,True,True,True,True,True,6.450806173674547e-09,0.07999999354919379,0.9098920127798543,0.010107987220145725,2000,0.9098920127798543,0.8298920192306605
2000/42.html,2000,SLR,"Hatton National Bank Limited v. Hithanarchchi and Another - SLR - 252, Vol 1 of 2001 [2000] LKSC 42; (2001) 1 Sri LR 252 (24 February 2000)",structured_slr,0.909892,0.0,0.08,0.909892,0.010108,18,12843,87,4.833333,6.774118,0,0.0,0.0,14,9,True,False,True,True,True,1.7535106779931188e-08,0.07999998246489318,0.9098920127798543,0.010107987220145725,2000,0.9098920127798543,0.8298920303149612
2000/5.html,2000,SLR,"Balasingham and Another v. Puranthiran(A Minor) By His Next Friend Sivapackiam (Perera,J.) - SLR - 163, Vol 1 of 2000 [2000] LKSC 5; (2000) 1 Sri LR 163 (16 February 2000)",structured_slr,0.909892,0.0,0.08,0.909892,0.010108,22,16047,124,5.636364,7.727301,0,0.0,0.0,21,5,True,True,True,True,True,7.061561912991007e-10,0.07999999929384377,0.9098920127798543,0.010107987220145725,2000,0.9098920127798543,0.8298920134860106
2000/6.html,2000,SLR,"Gunasena v. Bandaratilleke - SLR - 292, Vol 1 of 2000 [2000] LKSC 6; (2000) 1 Sri LR 292 (4 July 2000)",structured_slr,0.909892,0.0,0.08,0.909892,0.010108,27,22062,128,4.740741,5.801831,0,0.0,0.0,19,5,True,True,True,True,True,2.539552239610997e-08,0.07999997460447757,0.9098920127798543,0.010107987220145725,2000,0.9098920127798543,0.8298920381753767
2000/7.html,2000,SLR,"Nayar v. Tharich Ameen - SLR - 103, Vol 3 of 2000 [2000] LKSC 7; (2000) 3 Sri LR 103 (31 July 2000)",structured_slr,0.909892,0.0,0.08,0.909892,0.010108,30,21837,197,6.566667,9.021386,0,0.0,0.0,35,6,True,True,True,True,True,1.709222985368796e-11,0.07999999998290773,0.9098920127798543,0.010107987220145725,2000,0.9098920127798543,0.8298920127969466
2000/8.html,2000,SLR,"Vanik Incorporation Ltd. v. Silva.L.D. and Others - SLR - 110, Vol 1 of 2001 [2000] LKSC 8; (2001) 1 Sri LR 110 (24 August 2000)",structured_slr,0.909892,4e-06,0.079996,0.909892,0.010108,20,16013,70,3.5,4.371448,0,0.0,0.0,15,10,True,False,True,True,True,3.6318294961912282e-06,0.07999636817050376,0.9098920127798543,0.010107987220145725,2000,0.9098920127798543,0.8298956446093506
2000/9.html,2000,SLR,"Merchant Bank of Sri Lanka Ltd. v. Amarasiri De Silva - SLR - 220, Vol 1 of 2001 [2000] LKSC 9; (2001) 1 Sri LR 220 (29 November 2000)",structured_slr,0.909892,0.0,0.08,0.909892,0.010108,12,6819,58,4.833333,8.505646,0,0.0,0.0,11,6,True,False,True,True,True,1.7535106779931188e-08,0.07999998246489318,0.9098920127798543,0.010107987220145725,2000,0.9098920127798543,0.8298920303149612
2001/1.html,2001,SLR,"Mahaweli Authority of Sri Lanka v. United Agency Construction (Pvt) Ltd. - SLR - 8, Vol 1 of 2002 [2001] LKSC 1; (2002) 1 Sri LR 8 (12 December 2001)",structured_slr,0.909892,0.0,0.08,0.909892,0.010108,14,8867,65,4.642857,7.330551,0,0.0,0.0,12,8,True,False,True,True,False,3.7566350759021796e-08,0.07999996243364921,0.9098920127798543,0.010107987220145725,2000,0.9098920127798543,0.8298920503462051
2001/10.html,2001,SLR,"Patrick Lowe&Sons and Others v. Commercial Bank of Ceylon Ltd. - SLR - 280, Vol 1 of 2001 [2001] LKSC 10; (2001) 1 Sri LR 280 (4 April 2001)",structured_slr,0.909892,9e-06,0.079991,0.909892,0.010108,26,16952,85,3.269231,5.014158,0,0.0,0.0,18,21,True,True,True,True,True,9.140761047721208e-06,0.07999085923895224,0.9098920127798543,0.010107987220145725,2000,0.9098920127798543,0.8299011535409021
2001/11.html,2001,SLR,"Paul Coir (Pvt) Ltd. v. Waas - SLR - 13, Vol 1 of 2002 [2001] LKSC 11; (2002) 1 Sri LR 13 (21 September 2001)",structured_slr,0.909892,0.0,0.08,0.909892,0.010108,27,23762,139,5.148148,5.849676,0,0.0,0.0,20,18,True,True,True,True,True,4.9775864763290634e-09,0.07999999502241348,0.9098920127798543,0.010107987220145725,2000,0.9098920127798543,0.8298920177574408
2001/12.html,2001,SLR,"Jiffry v. Colombage and Others - SLR - 119, Vol 1 of 2003 [2001] LKSC 12; (2003) 1 Sri LR 119 (4 October 2001)",structured_slr,0.909892,0.078218,0.001782,0.909892,0.010108,55,6050,3,0.054545,0.495868,0,0.0,0.0,15,14,True,False,False,True,True,0.07821809848807723,0.0017819015119227334,0.9098920127798543,0.010107987220145725,2000,0.9098920127798543,0.8316739142917771
2001/13.html,2001,SLR,"Dr. Mario Gomez v. University of Colombo and Others - SLR - 273, Vol 1 of 2001 [2001] LKSC 13; (2001) 1 Sri LR 273 (25 May 2001)",structured_slr,0.909892,0.0,0.08,0.909892,0.010108,18,11498,73,4.055556,6.34893,0,0.0,0.0,14,10,True,False,True,True,True,3.935894152906625e-07,0.07999960641058466,0.9098920127798543,0.010107987220145725,2000,0.9098920127798543,0.8298924063692696
2001/14.html,2001,SLR,"Gunaratna v. People'S Bank and Others - SLR - 381, Vol 1 of 2001 [2001] LKSC 14; (2001) 1 Sri LR 381 (25 July 2001)",structured_slr,0.909892,0.0,0.08,0.909892,0.010108,24,17682,123,5.125,6.956227,0,0.0,0.0,20,25,True,True,True,True,True,5.460482324082247e-09,0.07999999453951763,0.9098920127798543,0.010107987220145725,2000,0.9098920127798543,0.8298920182403366
2001/15.html,2001,SLR,"Gunawardena v. Ceylon Petroleum Corporation and Others - SLR - 231, Vol 1 of 2001 [2001] LKSC 15; (2001) 1 Sri LR 231 (3 April 2001)",structured_slr,0.909892,0.0,0.08,0.909892,0.010108,44,39407,203,4.613636,5.151369,0,0.0,0.0,39,19,True,True,True,True,False,4.222416404964233e-08,0.0799999577758359,0.9098920127798543,0.010107987220145725,2000,0.9098920127798543,0.8298920550040184
2001/16.html,2001,SLR,"Leo Samson v. Sri Lankan Airlines Ltd. and Others - SLR - 94, Vol 1 of 2001 [2001] LKSC 16; (2001) 1 Sri LR 94 (11 January 2001)",structured_slr,0.909892,0.0,0.08,0.909892,0.010108,26,19608,140,5.384615,7.139943,0,0.0,0.0,25,39,True,True,True,True,False,1.9330076650447827e-09,0.07999999806699229,0.9098920127798543,0.010107987220145725,2000,0.9098920127798543,0.829892014712862
2001/17.html,2001,SLR,"Mediwake and Others v. Dayananda Dissanayake, Commissioner of Elections and Others - SLR - 177, Vol 1 of 2001 [2001] LKSC 17; (2001) 1 Sri LR 177 (3 April 2001)",structured_slr,0.909892,0.0,0.08,0.909892,0.010108,106,81101,447,4.216981,5.511646,0,0.0,0.0,125,29,True,True,True,True,False,2.0635760557219376e-07,0.07999979364239439,0.9098920127798543,0.010107987220145725,2000,0.9098920127798543,0.8298922191374599
2001/18.html,2001,SLR,"Pamkayu(M)Snd Bhd(Appearing By Its Attorney, Hemachandra) and Another v. Liyanaarachchi, P., Secretary, Ministry of Transport and Highways and Others - SLR - 118, Vol 1 of 2001 [2001] LKSC 18; (2001) 1 Sri LR 118 (10 May 2001)",structured_slr,0.909892,0.0,0.08,0.909892,0.010108,32,26800,131,4.09375,4.88806,0,0.0,0.0,23,21,True,True,True,True,False,3.378266755760249e-07,0.07999966217332438,0.9098920127798543,0.010107987220145725,2000,0.9098920127798543,0.8298923506065299
2001/19.html,2001,SLR,"Prasanna Withanage v. Saraths Amunugama, Minister of Rehabilitation, Reconstruction and Development of the Northern Region and Others - SLR - 391, Vol 1 of 2001 [2001] LKSC 19; (2001) 1 Sri LR 391 (15 September 2001)",structured_slr,0.909892,0.0,0.08,0.909892,0.010108,46,37826,231,5.021739,6.106911,0,0.0,0.0,75,11,True,True,True,True,False,8.253035641558877e-09,0.07999999174696432,0.9098920127798543,0.010107987220145725,2000,0.9098920127798543,0.82989202103289
2001/2.html,2001,SLR,"Wickremasinghe v. Ceylon Petroleum Corporation and Others - SLR - 409, Vol 2 of 2001 [2001] LKSC 2; (2001) 2 Sri LR 409 (23 July 2001)",structured_slr,0.909892,1.3e-05,0.079987,0.909892,0.010108,28,23826,89,3.178571,3.735415,0,0.0,0.0,23,15,True,True,True,True,False,1.3135699861805953e-05,0.07998686430013816,0.9098920127798543,0.010107987220145725,2000,0.9098920127798543,0.8299051484797162
2001/20.html,2001,SLR,"Priyantha Dias v. Ekanayake, Reserve Police Constable, Police Station, Polpithigama and Others - SLR - 224, Vol 1 of 2001 [2001] LKSC 20; (2001) 1 Sri LR 224 (23 January 2001)",structured_slr,0.909892,0.0,0.08,0.909892,0.010108,18,12671,74,4.111111,5.840107,0,0.0,0.0,13,6,True,False,True,True,False,3.1516277553933476e-07,0.07999968483722442,0.9098920127798543,0.010107987220145725,2000,0.9098920127798543,0.8298923279426299
2001/21.html,2001,SLR,"Senasinghe v. Karunatilleke, Senior Superintendent of Police, Nugegoda and Others - SLR - 172, Vol 1 of 2003 [2001] LKSC 21; (2003) 1 Sri LR 172 (7 September 2001)",structured_slr,0.909892,0.078269,0.001731,0.909892,0.010108,212,43120,10,0.04717,0.231911,0,0.0,0.0,24,79,True,True,False,True,False,0.07826877587003993,0.0017312241299600336,0.9098920127798543,0.010107987220145725,2000,0.9098920127798543,0.8316232369098144
2001/22.html,2001,SLR,"Basheer Segu Dawood v. Ferial Ashraff and Others - SLR - 26, Vol 1 of 2002 [2001] LKSC 22; (2002) 1 Sri LR 26 (28 September 2001)",structured_slr,0.909892,0.0,0.08,0.909892,0.010108,22,12639,90,4.090909,7.120817,0,0.0,0.0,14,20,True,False,True,True,False,3.4168761784414395e-07,0.07999965831238212,0.9098920127798543,0.010107987220145725,2000,0.9098920127798543,0.8298923544674722
2001/23.html,2001,SLR,"Wimalasiri Perera and Others v. Lakmali Enterprises Diesel and Petrol Motor Engineers and Others - SLR - 62, Vol 1 of 2003 [2001] LKSC 23; (2003) 1 Sri LR 62 (8 March 2001)",structured_slr,0.909892,0.078561,0.001439,0.909892,0.010108,39,2718,0,0.0,0.0,0,0.0,0.0,16,9,True,True,False,True,True,0.07856110320303264,0.001438896796967324,0.9098920127798543,0.010107987220145725,2000,0.9098920127798543,0.8313309095768217
2001/24.html,2001,SLR,"Jayakody v. Sri Lanka Insurance and Robinson Hotel Co.Ltd. and Others - SLR - 365, Vol 1 of 2001 [2001] LKSC 24; (2001) 1 Sri LR 365 (13 July 2001)",structured_slr,0.909892,0.0,0.08,0.909892,0.010108,34,28894,176,5.176471,6.09123,0,0.0,0.0,81,20,True,True,True,True,False,4.4444367119922364e-09,0.07999999555556325,0.9098920127798543,0.010107987220145725,2000,0.9098920127798543,0.8298920172242911
2001/25.html,2001,SLR,"Lakmini Printers (Private) Limited. v. Dharmaratne and Others - SLR - 10, Vol 1 of 2003 [2001] LKSC 25; (2003) 1 Sri LR 10 (25 October 2001)",structured_slr,0.909892,0.078169,0.001831,0.909892,0.010108,65,7434,4,0.061538,0.538068,0,0.0,0.0,14,10,True,True,True,True,False,0.07816870856303997,0.001831291436959998,0.9098920127798543,0.010107987220145725,2000,0.9098920127798543,0.8317233042168144
2001/26.html,2001,SLR,"Anderson v. Husny - SLR - 168, Vol 1 of 2001 [2001] LKSC 26; (2001) 1 Sri LR 168 (12 February 2001)",structured_slr,0.909892,0.0,0.08,0.909892,0.010108,23,15560,111,4.826087,7.133676,0,0.0,0.0,23,12,True,True,True,True,True,1.8050781251943694e-08,0.0799999819492187,0.9098920127798543,0.010107987220145725,2000,0.9098920127798543,0.8298920308306357
2001/27.html,2001,SLR,"Elmo Rex Lord and Another, Partners, Mercantile Printers and Stationers v. Eksath Kamkaru Samithiya On Behalf of Somadasa - SLR - 161, Vol 1 of 2001 [2001] LKSC 27; (2001) 1 Sri LR 161 (7 March 2001)",structured_slr,0.909892,0.0,0.08,0.909892,0.010108,18,12847,91,5.055556,7.083366,0,0.0,0.0,16,9,True,True,True,True,True,7.208876420250473e-09,0.07999999279112353,0.9098920127798543,0.010107987220145725,2000,0.9098920127798543,0.8298920199887307
2001/28.html,2001,SLR,"R.F. De Mel and Another v. Imaduwa, Labour Officer and Another - SLR - 308, Vol 1 of 2003 [2001] LKSC 28; (2003) 1 Sri LR 308 (3 April 2001)",structured_slr,0.909892,0.078097,0.001903,0.909892,0.010108,84,19630,6,0.071429,0.305655,0,0.0,0.0,13,10,True,False,True,True,True,0.07809656142274922,0.001903438577250734,0.9098920127798543,0.010107987220145725,2000,0.9098920127798543,0.8317954513571051
2001/29.html,2001,SLR,"Bednarz v. Bednarz - SLR - 99, Vol 1 of 2002 [2001] LKSC 29; (2002) 1 Sri LR 99 (5 October 2001)",structured_slr,0.909892,1e-06,0.079999,0.909892,0.010108,16,10709,61,3.8125,5.696143,0,0.0,0.0,14,10,True,True,True,True,True,1.0405702773219611e-06,0.07999895942972264,0.9098920127798543,0.010107987220145725,2000,0.9098920127798543,0.8298930533501316
2001/3.html,2001,SLR,"Lanka Orix Leasing Company Ltd. v. Pinto and Others - SLR - 115, Vol 1 of 2002 [2001] LKSC 3; (2002) 1 Sri LR 115 (29 November 2001)",structured_slr,0.909892,0.0,0.08,0.909892,0.010108,31,17090,130,4.193548,7.606788,0,0.0,0.0,18,24,True,False,True,True,True,2.2663535487410502e-07,0.07999977336464509,0.9098920127798543,0.010107987220145725,2000,0.9098920127798543,0.8298922394152093
2001/30.html,2001,SLR,"Stella Perera and Others v. Margret Silva - SLR - 169, Vol 1 of 2002 [2001] LKSC 30; (2002) 1 Sri LR 169 (9 November 2001)",structured_slr,0.909892,0.0,0.08,0.909892,0.010108,18,13777,96,5.333333,6.968135,0,0.0,0.0,15,17,True,True,True,True,True,2.3731190879061602e-09,0.07999999762688087,0.9098920127798543,0.010107987220145725,2000,0.9098920127798543,0.8298920151529734
2001/31.html,2001,SLR,"Senaratne v. Senaratne and Others - SLR - 57, Vol 1 of 2002 [2001] LKSC 31; (2002) 1 Sri LR 57 (29 August 2001)",structured_slr,0.909892,0.0,0.08,0.909892,0.010108,20,13921,100,5.0,7.183392,0,0.0,0.0,15,7,True,False,True,True,True,9.002812966230063e-09,0.07999999099718699,0.9098920127798543,0.010107987220145725,2000,0.9098920127798543,0.8298920217826673
2001/32.html,2001,SLR,"Nadarajah v. Ghani - SLR - 301, Vol 1 of 2001 [2001] LKSC 32; (2001) 1 Sri LR 301 (24 May 2001)",structured_slr,0.909892,0.0,0.08,0.909892,0.010108,20,14091,102,5.1,7.238663,0,0.0,0.0,18,19,True,True,True,True,True,6.034766224516372e-09,0.07999999396523373,0.9098920127798543,0.010107987220145725,2000,0.9098920127798543,0.8298920188146206
2001/4.html,2001,SLR,"Laurentius Van Kessel, Through His Attorney Jayawickrama v. Shobha Samaratunga and Another, Attorneys At Law - SLR - 85, Vol 2 of 2002 [2001] LKSC 4; (2002) 2 Sri LR 85 (20 June 2001)",structured_slr,0.909892,0.0,0.08,0.909892,0.010108,32,24939,134,4.1875,5.37311,0,0.0,0.0,21,16,True,True,True,True,False,2.321849588149404e-07,0.07999976781504115,0.9098920127798543,0.010107987220145725,2000,0.9098920127798543,0.8298922449648132
2001/5.html,2001,SLR,"Victor Ivan and Others v. Hon. Sarath, Silva, N., and Others - SLR - 309, Vol 1 of 2001 [2001] LKSC 5; (2001) 1 Sri LR 309 (20 June 2001)",structured_slr,0.909892,0.0,0.08,0.909892,0.010108,134,100694,541,4.037313,5.372713,0,0.0,0.0,175,37,True,True,True,True,False,4.233841404133185e-07,0.07999957661585955,0.9098920127798543,0.010107987220145725,2000,0.9098920127798543,0.8298924361639948
2001/6.html,2001,SLR,"Chandrawathie v. Dharmaratne and Another - SLR - 43, Vol 1 of 2002 [2001] LKSC 6; (2002) 1 Sri LR 43 (1 November 2001)",structured_slr,0.909892,0.0,0.08,0.909892,0.010108,19,12355,86,4.526316,6.960745,0,0.0,0.0,15,10,True,True,True,True,True,5.987580163235858e-08,0.07999994012419832,0.9098920127798543,0.010107987220145725,2000,0.9098920127798543,0.829892072655656
2001/7.html,2001,SLR,"Haji Omar v. Wickremasinghe and Other - SLR - 61, Vol 3 of 2001 [2001] LKSC 7; (2001) 3 Sri LR 61 (26 January 2001)",structured_slr,0.909892,2e-06,0.079998,0.909892,0.010108,8,1943,29,3.625,14.925373,0,0.0,0.0,8,4,True,False,True,True,False,2.2028552891750754e-06,0.07999779714471078,0.9098920127798543,0.010107987220145725,2000,0.9098920127798543,0.8298942156351435
2001/8.html,2001,SLR,"Mohinudeen and Another v. Lanka Bankuwa,York Street,Colombo 01 - SLR - 290, Vol 1 of 2001 [2001] LKSC 8; (2001) 1 Sri LR 290 (15 May 2001)",structured_slr,0.909892,7e-06,0.079993,0.909892,0.010108,28,20176,93,3.321429,4.609437,0,0.0,0.0,21,15,True,True,True,True,True,7.418472537059624e-06,0.0799925815274629,0.9098920127798543,0.010107987220145725,2000,0.9098920127798543,0.8298994312523914
2001/9.html,2001,SLR,"Narendra v. Seylan Merchant Bank Ltd. and Others - SLR - 1, Vol 2 of 2003 [2001] LKSC 9; (2003) 2 Sri LR 1 (4 May 2001)",structured_slr,0.909892,0.077851,0.002149,0.909892,0.010108,78,12639,8,0.102564,0.632961,0,0.0,0.0,12,12,True,False,True,True,True,0.07785089517090713,0.0021491048290928267,0.9098920127798543,0.010107987220145725,2000,0.9098920127798543,0.8320411176089472
2002/1.html,2002,SLR,"De Saram v. The Republic of Sri Lanka - SLR - 288, Vol 1 of 2002 [2002] LKSC 1; (2002) 1 Sri LR 288 (5 April 2002)",structured_slr,0.909892,0.0,0.08,0.909892,0.010108,42,35840,175,4.166667,4.882812,0,0.0,0.0,29,17,True,True,True,True,True,2.5236237184422793e-07,0.07999974763762811,0.9098920127798543,0.010107987220145725,2000,0.9098920127798543,0.8298922651422262
2002/10.html,2002,SLR,"Dhanapala Fernando v. Attanayaka, Officer In Charge, Kandana Police Station and Others - SLR - 196, Vol 1 of 2003 [2002] LKSC 10; (2003) 1 Sri LR 196 (27 June 2002)",structured_slr,0.909892,0.078182,0.001818,0.909892,0.010108,134,28139,8,0.059701,0.284303,0,0.0,0.0,25,22,True,True,False,True,False,0.07818181086879455,0.0018181891312054046,0.9098920127798543,0.010107987220145725,2000,0.9098920127798543,0.8317102019110598
2002/11.html,2002,SLR,"Inoka Gallage v. Kamal Addararachchi and Another - SLR - 307, Vol 1 of 2002 [2002] LKSC 11; (2002) 1 Sri LR 307 (30 May 2002)",structured_slr,0.909892,0.0,0.08,0.909892,0.010108,21,16251,94,4.47619,5.784259,0,0.0,0.0,17,13,True,True,True,True,True,7.316932516765458e-08,0.07999992683067479,0.9098920127798543,0.010107987220145725,2000,0.9098920127798543,0.8298920859491795
2002/12.html,2002,SLR,"Abeyratne Banda v. Gajanayake, Director, Criminal Investigation Department and Others - SLR - 365, Vol 1 of 2002 [2002] LKSC 12; (2002) 1 Sri LR 365 (2 August 2002)",structured_slr,0.909892,0.0,0.08,0.909892,0.010108,29,25141,124,4.275862,4.932182,0,0.0,0.0,24,7,True,True,True,True,False,1.6305493270252205e-07,0.07999983694506725,0.9098920127798543,0.010107987220145725,2000,0.9098920127798543,0.829892175834787
2002/13.html,2002,SLR,"Adhikary and Another v. Amarasinghe and Others - SLR - 270, Vol 1 of 2003 [2002] LKSC 13; (2003) 1 Sri LR 270 (8 May 2002)",structured_slr,0.909892,0.078311,0.001689,0.909892,0.010108,98,15649,4,0.040816,0.255607,0,0.0,0.0,16,22,True,True,False,True,False,0.07831130511262505,0.00168869488737491,0.9098920127798543,0.010107987220145725,2000,0.9098920127798543,0.8315807076672292
2002/14.html,2002,SLR,"Amarasena and Another v. Jayaratnem, Officer In Charge, Mt. Lavinia Police Station and Others - SLR - 385, Vol 1 of 2003 [2002] LKSC 14; (2003) 1 Sri LR 385 (11 September 2002)",structured_slr,0.909892,0.078418,0.001582,0.909892,0.010108,83,14310,2,0.024096,0.139762,0,0.0,0.0,12,11,True,False,True,True,False,0.07841839131684225,0.0015816086831577103,0.9098920127798543,0.010107987220145725,2000,0.9098920127798543,0.8314736214630121
2002/15.html,2002,SLR,"Augustine Perera and Others v. Richard Pathirana, Minister of Education and Others - SLR - 125, Vol 1 of 2003 [2002] LKSC 15; (2003) 1 Sri LR 125 (11 December 2002)",structured_slr,0.909892,0.078459,0.001541,0.909892,0.010108,114,15558,2,0.017544,0.128551,0,0.0,0.0,19,30,True,True,True,True,False,0.07845851533826803,0.0015414846617319389,0.9098920127798543,0.010107987220145725,2000,0.9098920127798543,0.8314334974415862
2002/16.html,2002,SLR,"Colombo South Co Operative Society Ltd. v. Anuruddha Ratwatte, Minister of Power and Irrigation and Others - SLR - 336, Vol 1 of 2002 [2002] LKSC 16; (2002) 1 Sri LR 336 (25 March 2002)",structured_slr,0.909892,0.0,0.08,0.909892,0.010108,21,16754,90,4.285714,5.371851,0,0.0,0.0,18,14,True,True,True,True,False,1.5675424071659443e-07,0.07999984324575925,0.9098920127798543,0.010107987220145725,2000,0.9098920127798543,0.8298921695340951
2002/17.html,2002,SLR,"Dayaratne and Others v. National Savings Bank and Others - SLR - 116, Vol 3 of 2002 [2002] LKSC 17; (2002) 3 Sri LR 116 (5 September 2002)",structured_slr,0.909892,1e-06,0.079999,0.909892,0.010108,41,31770,157,3.829268,4.941769,0,0.0,0.0,34,15,True,True,True,True,False,9.730670877861054e-07,0.07999902693291218,0.9098920127798543,0.010107987220145725,2000,0.9098920127798543,0.8298929858469422
2002/18.html,2002,SLR,"Dayasena V Bindusara, Director National Blood Transfusion Service and Other - SLR - 222, Vol 1 of 2003 [2002] LKSC 18; (2003) 1 Sri LR 222 (29 November 2002)",structured_slr,0.909892,0.077987,0.002013,0.909892,0.010108,70,13344,6,0.085714,0.44964,0,0.0,0.0,18,17,True,True,False,True,False,0.07798744736791344,0.0020125526320865185,0.9098920127798543,0.010107987220145725,2000,0.9098920127798543,0.8319045654119409
2002/19.html,2002,SLR,"In Re the Eighteenth Amendment To the Constitution - SLR - 71, Vol 3 of 2002 [2002] LKSC 19; (2002) 3 Sri LR 71 (3 October 2002)",structured_slr,0.909892,0.0,0.08,0.909892,0.010108,33,23911,178,5.393939,7.444273,0,0.0,0.0,23,3,True,False,True,False,False,1.8622420494551752e-09,0.0799999981377579,0.9098920127798543,0.010107987220145725,2000,0.9098920127798543,0.8298920146420964
2002/2.html,2002,SLR,"Kulatunge v. Peiris - SLR - 357, Vol 1 of 2002 [2002] LKSC 2; (2002) 1 Sri LR 357 (2 August 2002)",structured_slr,0.909892,0.0,0.08,0.909892,0.010108,20,13048,90,4.5,6.897609,0,0.0,0.0,16,10,True,True,True,True,True,6.652224222136735e-08,0.07999993347775775,0.9098920127798543,0.010107987220145725,2000,0.9098920127798543,0.8298920793020965
2002/20.html,2002,SLR,"In Re the Nineteenth Amendment To the Constitution - SLR - 85, Vol 3 of 2002 [2002] LKSC 20; (2002) 3 Sri LR 85 (1 January 2002)",structured_slr,0.909892,0.0,0.08,0.909892,0.010108,69,56649,320,4.637681,5.64882,0,0.0,0.0,44,8,True,False,True,False,False,3.835223147063969e-08,0.07999996164776849,0.9098920127798543,0.010107987220145725,2000,0.9098920127798543,0.8298920511320859
2002/21.html,2002,SLR,"Karunathilaka and v. Jayalath De Silva and Others - SLR - 35, Vol 1 of 2003 [2002] LKSC 21; (2003) 1 Sri LR 35 (25 November 2002)",structured_slr,0.909892,0.078345,0.001655,0.909892,0.010108,112,18470,4,0.035714,0.216567,0,0.0,0.0,12,9,True,False,True,True,False,0.07834471287100815,0.0016552871289918028,0.9098920127798543,0.010107987220145725,2000,0.9098920127798543,0.8315472999088461
2002/22.html,2002,SLR,"Narangoda and Others v. Kodituwakku, Inspector General of Police and Others - SLR - 247, Vol 1 of 2002 [2002] LKSC 22; (2002) 1 Sri LR 247 (11 February 2002)",structured_slr,0.909892,6e-06,0.079994,0.909892,0.010108,50,31676,168,3.36,5.3037,0,0.0,0.0,31,13,True,False,True,True,False,6.357927353386469e-06,0.07999364207264657,0.9098920127798543,0.010107987220145725,2000,0.9098920127798543,0.8298983707072077
2002/23.html,2002,SLR,"R.I.K. De Silva v. The University Grants Commission and Others - SLR - 261, Vol 1 of 2003 [2002] LKSC 23; (2003) 1 Sri LR 261 (21 November 2002)",structured_slr,0.909892,0.078175,0.001825,0.909892,0.010108,99,19079,6,0.060606,0.314482,0,0.0,0.0,12,10,True,False,True,True,False,0.07817536748675141,0.0018246325132485477,0.9098920127798543,0.010107987220145725,2000,0.9098920127798543,0.8317166452931029
2002/24.html,2002,SLR,"Roshana Michael v. Saleh, Oic (Crimes), Police Station, Narahenpita and Others - SLR - 345, Vol 1 of 2002 [2002] LKSC 24; (2002) 1 Sri LR 345 (2 August 2002)",structured_slr,0.909892,2e-06,0.079998,0.909892,0.010108,29,21798,105,3.62069,4.816956,0,0.0,0.0,20,8,True,False,True,True,False,2.241160694289589e-06,0.07999775883930567,0.9098920127798543,0.010107987220145725,2000,0.9098920127798543,0.8298942539405486
2002/25.html,2002,SLR,"Soloman Dias v. Secretary, Ministry of Defence and Others - SLR - 134, Vol 3 of 2002 [2002] LKSC 25; (2002) 3 Sri LR 134 (5 September 2002)",structured_slr,0.909892,1e-06,0.079999,0.909892,0.010108,12,7154,46,3.833333,6.429969,0,0.0,0.0,11,5,True,False,True,True,True,9.57373143819495e-07,0.07999904262685614,0.9098920127798543,0.010107987220145725,2000,0.9098920127798543,0.8298929701529982
2002/26.html,2002,SLR,"Thavaneethan v. Dayananda Dissanayake Commissioner of Elections and Others - SLR - 74, Vol 1 of 2003 [2002] LKSC 26; (2003) 1 Sri LR 74 (7 October 2002)",structured_slr,0.909892,0.078323,0.001677,0.909892,0.010108,410,73052,16,0.039024,0.219022,0,0.0,0.0,86,126,True,True,False,True,False,0.07832311358071077,0.0016768864192891844,0.9098920127798543,0.010107987220145725,2000,0.9098920127798543,0.8315688991991436
2002/27.html,2002,SLR,"Thiranagama v. Madihahewa, Commissioner-General of Labour and Others - SLR - 238, Vol 1 of 2003 [2002] LKSC 27; (2003) 1 Sri LR 238 (27 September 2002)",structured_slr,0.909892,0.078455,0.001545,0.909892,0.010108,55,9767,1,0.018182,0.102386,0,0.0,0.0,17,5,True,False,False,True,False,0.07845465253249599,0.0015453474675039608,0.9098920127798543,0.010107987220145725,2000,0.9098920127798543,0.8314373602473584
2002/28.html,2002,SLR,"Vadivelu v. Oic, Sithambarapuram Regional Camp Police Post,Vavuniya and Others - SLR - 146, Vol 3 of 2002 [2002] LKSC 28; (2002) 3 Sri LR 146 (5 September 2002)",structured_slr,0.909892,4e-06,0.079996,0.909892,0.010108,22,18336,76,3.454545,4.144852,0,0.0,0.0,16,4,True,False,True,True,False,4.355970629630333e-06,0.07999564402937033,0.9098920127798543,0.010107987220145725,2000,0.9098920127798543,0.829896368750484
2002/29.html,2002,SLR,"Jayatunga v. The Attorney General and Another - SLR - 197, Vol 1 of 2002 [2002] LKSC 29; (2002) 1 Sri LR 197 (25 February 2002)",structured_slr,0.909892,4e-06,0.079996,0.909892,0.010108,18,13179,63,3.5,4.780332,0,0.0,0.0,15,8,True,True,True,True,True,3.6318294961912282e-06,0.07999636817050376,0.9098920127798543,0.010107987220145725,2000,0.9098920127798543,0.8298956446093506
2002/3.html,2002,SLR,"Celweera, S.A. v. Malship Bulkfert (Pvt) Ltd. - SLR - 29, Vol 1 of 2003 [2002] LKSC 3; (2003) 1 Sri LR 29 (22 November 2002)",structured_slr,0.909892,0.078491,0.001509,0.909892,0.010108,83,10901,1,0.012048,0.091735,0,0.0,0.0,13,17,True,True,True,True,True,0.07849140148576156,0.0015085985142384026,0.9098920127798543,0.010107987220145725,2000,0.9098920127798543,0.8314006112940928
2002/30.html,2002,SLR,"Ratnayake v. Dassanayake - SLR - 170, Vol 1 of 2003 [2002] LKSC 30; (2003) 1 Sri LR 170 (29 October 2002)",structured_slr,0.909892,0.078561,0.001439,0.909892,0.010108,39,2672,0,0.0,0.0,0,0.0,0.0,15,7,True,True,False,True,True,0.07856110320303264,0.001438896796967324,0.9098920127798543,0.010107987220145725,2000,0.9098920127798543,0.8313309095768217
2002/31.html,2002,SLR,"Jayasinghe v. The National Institute of Fisheries and Nautical Engineering (Nifne) and Others - SLR - 277, Vol 1 of 2002 [2002] LKSC 31; (2002) 1 Sri LR 277 (20 March 2002)",structured_slr,0.909892,2e-06,0.079998,0.909892,0.010108,26,21511,95,3.653846,4.416345,0,0.0,0.0,19,9,True,True,True,True,False,1.9628026558482494e-06,0.07999803719734411,0.9098920127798543,0.010107987220145725,2000,0.9098920127798543,0.8298939755825102
2002/32.html,2002,SLR,"Upasena v. Richard Pathirana, Minister of Education and Higher Education and Others - SLR - 321, Vol 1 of 2002 [2002] LKSC 32; (2002) 1 Sri LR 321 (31 May 2002)",structured_slr,0.909892,1e-05,0.07999,0.909892,0.010108,17,10334,55,3.235294,5.322237,0,0.0,0.0,13,7,True,False,True,True,False,1.0469591785922101e-05,0.07998953040821404,0.9098920127798543,0.010107987220145725,2000,0.9098920127798543,0.8299024823716403
2002/33.html,2002,SLR,"W.D.B.L.M. Fernando v. Ranaweera, Secretary, Ministry of Cultural and Religious Affairs and Others - SLR - 327, Vol 1 of 2002 [2002] LKSC 33; (2002) 1 Sri LR 327 (24 May 2002)",structured_slr,0.909892,1.6e-05,0.079984,0.909892,0.010108,22,17373,69,3.136364,3.97168,0,0.0,0.0,17,5,True,True,True,True,True,1.5551102026485344e-05,0.07998444889797347,0.9098920127798543,0.010107987220145725,2000,0.9098920127798543,0.8299075638818808
2002/34.html,2002,SLR,"Hussain v. Jiffry - SLR - 185, Vol 1 of 2002 [2002] LKSC 34; (2002) 1 Sri LR 185 (25 February 2002)",structured_slr,0.909892,0.0,0.08,0.909892,0.010108,14,8375,85,6.071429,10.149254,0,0.0,0.0,13,9,True,True,True,True,True,1.2391259573973906e-10,0.07999999987608736,0.9098920127798543,0.010107987220145725,2000,0.9098920127798543,0.829892012903767
2002/35.html,2002,SLR,"Rodrigo v. The Commissioner General of Inland Revenue - SLR - 384, Vol 1 of 2002 [2002] LKSC 35; (2002) 1 Sri LR 384 (2 August 2002)",structured_slr,0.909892,0.0,0.08,0.909892,0.010108,30,20826,135,4.5,6.482282,0,0.0,0.0,20,10,True,True,True,True,True,6.652224222136735e-08,0.07999993347775775,0.9098920127798543,0.010107987220145725,2000,0.9098920127798543,0.8298920793020965
2002/36.html,2002,SLR,"Alexander v. Gnanam and Others - SLR - 274, Vol 1 of 2002 [2002] LKSC 36; (2002) 1 Sri LR 274 (11 February 2002)",structured_slr,0.909892,0.0,0.08,0.909892,0.010108,8,3882,51,6.375,13.137558,0,0.0,0.0,10,6,True,False,False,True,True,3.679243576470979e-11,0.07999999996320753,0.9098920127798543,0.010107987220145725,2000,0.9098920127798543,0.8298920128166468
2002/37.html,2002,SLR,"Bandara v. State Engineering Corporation of Sri Lanka - SLR - 138, Vol 3 of 2002 [2002] LKSC 37; (2002) 3 Sri LR 138 (16 September 2002)",structured_slr,0.909892,0.0,0.08,0.909892,0.010108,21,12584,102,4.857143,8.105531,0,0.0,0.0,16,10,True,True,True,True,True,1.5942125255463673e-08,0.0799999840578747,0.9098920127798543,0.010107987220145725,2000,0.9098920127798543,0.8298920287219796
2002/38.html,2002,SLR,"Bank of Ceylon v. The Ceylon Bank Employees Union (On Behalf of Karunatilaka) - SLR - 47, Vol 1 of 2003 [2002] LKSC 38; (2003) 1 Sri LR 47 (12 September 2002)",structured_slr,0.909892,0.078561,0.001439,0.909892,0.010108,58,8938,0,0.0,0.0,0,0.0,0.0,16,12,True,False,True,True,False,0.07856110320303264,0.001438896796967324,0.9098920127798543,0.010107987220145725,2000,0.9098920127798543,0.8313309095768217
2002/39.html,2002,SLR,"Lanka Multi Moulds (Pvt) Ltd. v. Wimalasena, Commissioner of Labour and Others - SLR - 143, Vol 1 of 2003 [2002] LKSC 39; (2003) 1 Sri LR 143 (8 October 2002)",structured_slr,0.909892,0.078154,0.001846,0.909892,0.010108,220,39733,14,0.063636,0.352352,0,0.0,0.0,16,77,True,True,False,True,True,0.07815363188391622,0.0018463681160837428,0.9098920127798543,0.010107987220145725,2000,0.9098920127798543,0.8317383808959381
2002/4.html,2002,SLR,"Kristley (Pvt) Limited. v. The State Timber Corporation - SLR - 225, Vol 1 of 2002 [2002] LKSC 4; (2002) 1 Sri LR 225 (15 March 2002)",structured_slr,0.909892,0.0,0.08,0.909892,0.010108,50,42693,243,4.86,5.6918,0,0.0,0.0,39,27,True,True,True,True,True,1.576097574229606e-08,0.07999998423902421,0.9098920127798543,0.010107987220145725,2000,0.9098920127798543,0.8298920285408301
2002/40.html,2002,SLR,"Haji Omar v. Wickramasinghe and Another - SLR - 105, Vol 1 of 2002 [2002] LKSC 40; (2002) 1 Sri LR 105 (20 February 2002)",structured_slr,0.909892,0.0,0.08,0.909892,0.010108,24,19188,102,4.25,5.315822,0,0.0,0.0,18,10,True,True,True,True,True,1.808259438362824e-07,0.07999981917405613,0.9098920127798543,0.010107987220145725,2000,0.9098920127798543,0.8298921936057981
2002/41.html,2002,SLR,"K.T.D.S.N. De Silva and Others v. Salinda Dissanayake, Minister of Land Development and Minor Agricultural Export Produce and Others - SLR - 52, Vol 1 of 2003 [2002] LKSC 41; (2003) 1 Sri LR 52 (11 September 2002)",structured_slr,0.909892,0.078365,0.001635,0.909892,0.010108,123,22009,4,0.03252,0.181744,0,0.0,0.0,17,38,True,True,False,True,True,0.07836529691579779,0.0016347030842021756,0.9098920127798543,0.010107987220145725,2000,0.9098920127798543,0.8315267158640566
2002/42.html,2002,SLR,"Gunasekara and Another v. Jayakumar - SLR - 211, Vol 1 of 2002 [2002] LKSC 42; (2002) 1 Sri LR 211 (5 April 2002)",structured_slr,0.909892,0.0,0.08,0.909892,0.010108,32,24572,148,4.625,6.023116,0,0.0,0.0,22,13,True,True,True,True,True,4.0347792653605534e-08,0.07999995965220731,0.9098920127798543,0.010107987220145725,2000,0.9098920127798543,0.829892053127647
2002/43.html,2002,SLR,"Virasinghe v. Virasinghe and Others - SLR - 264, Vol 1 of 2002 [2002] LKSC 43; (2002) 1 Sri LR 264 (22 March 2002)",structured_slr,0.909892,0.0,0.08,0.909892,0.010108,24,16602,124,5.166667,7.46898,0,0.0,0.0,18,10,True,True,True,True,True,4.6221923888367634e-09,0.07999999537780757,0.9098920127798543,0.010107987220145725,2000,0.9098920127798543,0.8298920174020468
2002/44.html,2002,SLR,"Sukumar v. Officer In Charge, Joseph Army Camp, Vavuniya and Others - SLR - 399, Vol 1 of 2003 [2002] LKSC 44; (2003) 1 Sri LR 399 (24 January 2002)",structured_slr,0.909892,0.078162,0.001838,0.909892,0.010108,32,2123,2,0.0625,0.942063,0,0.0,0.0,10,7,False,False,False,False,False,0.07816181040719791,0.0018381895928020482,0.9098920127798543,0.010107987220145725,2000,0.9098920127798543,0.8317302023726564
2002/45.html,2002,SLR,"Shanmugavadivu v. Kulathilake - SLR - 215, Vol 1 of 2003 [2002] LKSC 45; (2003) 1 Sri LR 215 (25 October 2002)",structured_slr,0.909892,0.078309,0.001691,0.909892,0.010108,97,13761,4,0.041237,0.290677,0,0.0,0.0,15,25,True,True,False,True,True,0.07830851913241448,0.0016914808675854887,0.9098920127798543,0.010107987220145725,2000,0.9098920127798543,0.8315834936474399
2002/46.html,2002,SLR,"Ibrahim v. Faizer and Others - SLR - 133, Vol 1 of 2003 [2002] LKSC 46; (2003) 1 Sri LR 133 (2 September 2002)",structured_slr,0.909892,0.078407,0.001593,0.909892,0.010108,77,11332,2,0.025974,0.176491,0,0.0,0.0,22,26,True,True,False,True,True,0.07840670305165236,0.0015932969483476124,0.9098920127798543,0.010107987220145725,2000,0.9098920127798543,0.831485309728202
2002/47.html,2002,SLR,"Moosajees Limited v. Arthur And Others - SLR - 65, Vol 1 of 2006 [2002] LKSC 47; (2006) 1 Sri LR 65 (5 December 2002)",late_slr_font,0.919866,0.0,0.08,0.000134,0.919866,36,27576,222,6.166667,8.050479,32,0.888889,1.160429,24,43,True,True,True,True,True,8.465841361271482e-11,0.07999999991534154,0.00013410836517094182,0.9198658916348291,2000,0.9198658916348291,0.8398658917194876
2002/5.html,2002,SLR,"Southern Group Civil Construction (Pvt) Ltd. v. Ocean Lanka (Pvt) Ltd. - SLR - 190, Vol 1 of 2002 [2002] LKSC 5; (2002) 1 Sri LR 190 (25 February 2002)",structured_slr,0.909892,0.0,0.08,0.909892,0.010108,18,12114,92,5.111111,7.594519,0,0.0,0.0,14,8,True,False,True,True,True,5.772429902961559e-09,0.07999999422757005,0.9098920127798543,0.010107987220145725,2000,0.9098920127798543,0.8298920185522842
2002/6.html,2002,SLR,"Vanik Incorporation Limited. v. Hettiarachchi - SLR - 378, Vol 1 of 2002 [2002] LKSC 6; (2002) 1 Sri LR 378 (14 June 2002)",structured_slr,0.909892,0.0,0.08,0.909892,0.010108,16,10169,78,4.875,7.670371,0,0.0,0.0,13,8,True,False,True,True,True,1.4843128148811495e-08,0.07999998515687182,0.9098920127798543,0.010107987220145725,2000,0.9098920127798543,0.8298920276229825
2002/7.html,2002,SLR,"Cassim v. Weerawardene, Commissioner For National Housing and Another - SLR - 316, Vol 1 of 2002 [2002] LKSC 7; (2002) 1 Sri LR 316 (14 May 2002)",structured_slr,0.909892,0.0,0.08,0.909892,0.010108,14,9378,67,4.785714,7.14438,0,0.0,0.0,13,10,True,True,True,True,True,2.1214415513171037e-08,0.07999997878558444,0.9098920127798543,0.010107987220145725,2000,0.9098920127798543,0.8298920339942699
2002/8.html,2002,SLR,"Ediriweera, Returning Officer For Akuressa Pradeshiya Sabha v. Kapukotuwa, General Secretary, United National Party and Others - SLR - 228, Vol 1 of 2003 [2002] LKSC 8; (2003) 1 Sri LR 228 (19 June 2002)",structured_slr,0.909892,0.078115,0.001885,0.909892,0.010108,87,21758,6,0.068966,0.275761,0,0.0,0.0,18,10,True,True,False,True,True,0.07811478228528164,0.001885217714718315,0.9098920127798543,0.010107987220145725,2000,0.9098920127798543,0.8317772304945726
2002/9.html,2002,SLR,"Dharmasena and Another v. The People'S Bank - SLR - 122, Vol 1 of 2003 [2002] LKSC 9; (2003) 1 Sri LR 122 (11 September 2002)",structured_slr,0.909892,0.07842,0.00158,0.909892,0.010108,42,5023,1,0.02381,0.199084,0,0.0,0.0,14,16,True,False,False,True,True,0.07842016393188771,0.0015798360681122464,0.9098920127798543,0.010107987220145725,2000,0.9098920127798543,0.8314718488479667
2003/1.html,2003,SLR,"Transasia Trading Company v. D. B. S. Finance Limited (M.V. Meng Kiat) - SLR - 105, Vol 2 of 2003 [2003] LKSC 1; (2003) 2 Sri LR 105 (29 July 2003)",structured_slr,0.909892,0.0,0.08,0.909892,0.010108,14,9740,72,5.142857,7.392197,0,0.0,0.0,12,5,True,False,True,True,True,5.084054794934898e-09,0.07999999491594517,0.9098920127798543,0.010107987220145725,2000,0.9098920127798543,0.8298920178639091
2003/10.html,2003,SLR,"Mahanthegama v. The University of Peradeniya and Others - SLR - 18, Vol 2 of 2003 [2003] LKSC 10; (2003) 2 Sri LR 18 (11 March 2003)",structured_slr,0.909892,0.078367,0.001633,0.909892,0.010108,62,10067,2,0.032258,0.198669,0,0.0,0.0,9,8,True,False,False,True,False,0.07836697423495075,0.0016330257650492219,0.9098920127798543,0.010107987220145725,2000,0.9098920127798543,0.8315250385449036
2003/11.html,2003,SLR,"Priyantha and Others V Ceylon Petroleum Corporation and Others - SLR - 383, Vol 2 of 2003 [2003] LKSC 11; (2003) 2 Sri LR 383 (12 September 2003)",structured_slr,0.909892,0.0,0.08,0.909892,0.010108,9,5779,49,5.444444,8.478976,0,0.0,0.0,9,8,True,False,True,True,False,1.5215981097327351e-09,0.07999999847840185,0.9098920127798543,0.010107987220145725,2000,0.9098920127798543,0.8298920143014524
2003/12.html,2003,SLR,"Seneviratne V Rajakaruna, Sub Inspector, C.I.D. and Others - SLR - 410, Vol 1 of 2003 [2003] LKSC 12; (2003) 1 Sri LR 410 (30 May 2003)",structured_slr,0.909892,0.0,0.08,0.909892,0.010108,26,23883,133,5.115385,5.568815,0,0.0,0.0,19,3,True,True,True,True,False,5.67458322997538e-09,0.07999999432541673,0.9098920127798543,0.010107987220145725,2000,0.9098920127798543,0.8298920184544376
2003/13.html,2003,SLR,"Sirimal and Others v. Board of Directors of the Co Operative Wholesale Establishment and Others - SLR - 23, Vol 2 of 2003 [2003] LKSC 13; (2003) 2 Sri LR 23 (8 August 2003)",structured_slr,0.909892,5.7e-05,0.079943,0.909892,0.010108,64,31823,180,2.8125,5.656286,0,0.0,0.0,35,6,True,True,True,True,False,5.677363192804205e-05,0.07994322636807191,0.9098920127798543,0.010107987220145725,2000,0.9098920127798543,0.8299487864117824
2003/14.html,2003,SLR,"Abdul Lathif v. Deputy Inspector General of Police, Nuwara-Eliya and Others - SLR - 22, Vol 1 of 2005 [2003] LKSC 14; (2005) 1 Sri LR 22 (5 December 2003)",structured_slr,0.909892,0.0,0.08,0.909892,0.010108,20,21227,82,4.1,3.863005,0,0.0,0.0,17,7,True,True,False,True,False,3.2948573959856713e-07,0.07999967051426037,0.9098920127798543,0.010107987220145725,2000,0.9098920127798543,0.8298923422655939
2003/15.html,2003,SLR,"Ratnayake Menike v. Dayananda and Others - SLR - 57, Vol 1 of 2004 [2003] LKSC 15; (2004) 1 Sri LR 57 (5 September 2003)",structured_slr,0.909892,1.2e-05,0.079988,0.909892,0.010108,35,24100,112,3.2,4.647303,0,0.0,0.0,24,17,True,True,True,True,True,1.2056828644775302e-05,0.07998794317135519,0.9098920127798543,0.010107987220145725,2000,0.9098920127798543,0.8299040696084992
2003/16.html,2003,SLR,"General Sales Company Ltd v. Sri Krishna Corporation Ltd - SLR - 1, Vol 1 of 2005 [2003] LKSC 16; (2005) 1 Sri LR 1 (14 November 2003)",structured_slr,0.909892,0.0,0.08,0.909892,0.010108,33,18380,141,4.272727,7.671382,0,0.0,0.0,24,7,True,False,True,True,True,1.6511251139661445e-07,0.07999983488748856,0.9098920127798543,0.010107987220145725,2000,0.9098920127798543,0.8298921778923658
2003/17.html,2003,SLR,"Sri Krishna Corporation Limited v. General Sales Company Limited - SLR - 19, Vol 1 of 2005 [2003] LKSC 17; (2005) 1 Sri LR 19 (14 November 2003)",structured_slr,0.909892,0.0,0.08,0.909892,0.010108,9,5933,51,5.666667,8.595989,0,0.0,0.0,10,7,True,False,True,True,True,6.255457396520111e-10,0.07999999937445422,0.9098920127798543,0.010107987220145725,2000,0.9098920127798543,0.8298920134054001
2003/18.html,2003,SLR,"Udugamkorale v. Mary Nona and Another - SLR - 7, Vol 2 of 2003 [2003] LKSC 18; (2003) 2 Sri LR 7 (1 January 2003)",structured_slr,0.909892,0.077888,0.002112,0.909892,0.010108,51,5266,5,0.098039,0.949487,0,0.0,0.0,9,9,True,False,True,True,True,0.0778884265637346,0.0021115734362653705,0.9098920127798543,0.010107987220145725,2000,0.9098920127798543,0.8320035862161197
2003/19.html,2003,SLR,"Anuruddha Rat Watte and Others v. The Attorney General - SLR - 39, Vol 2 of 2003 [2003] LKSC 19; (2003) 2 Sri LR 39 (11 July 2003)",structured_slr,0.909892,0.077866,0.002134,0.909892,0.010108,129,27029,13,0.100775,0.480965,0,0.0,0.0,11,11,True,False,True,True,False,0.07786581046339355,0.0021341895366064107,0.9098920127798543,0.010107987220145725,2000,0.9098920127798543,0.8320262023164607
2003/2.html,2003,SLR,"Ven. Omare Dhammapata Thero v. Rajapakshage Peiris and Others - SLR - 1, Vol 1 of 2004 [2003] LKSC 2; (2004) 1 Sri LR 1 (17 September 2003)",structured_slr,0.909892,5.5e-05,0.079945,0.909892,0.010108,55,34798,155,2.818182,4.454279,0,0.0,0.0,26,14,True,True,True,True,True,5.54987189733058e-05,0.07994450128102665,0.9098920127798543,0.010107987220145725,2000,0.9098920127798543,0.8299475114988277
2003/20.html,2003,SLR,"Attanayake v. Ramyawathie - SLR - 401, Vol 1 of 2003 [2003] LKSC 20; (2003) 1 Sri LR 401 (19 June 2003)",structured_slr,0.909892,0.077712,0.002288,0.909892,0.010108,118,20305,14,0.118644,0.689485,0,0.0,0.0,16,60,True,True,False,True,True,0.07771220532903553,0.0022877946709644235,0.9098920127798543,0.010107987220145725,2000,0.9098920127798543,0.8321798074508188
2003/21.html,2003,SLR,"Madduma Banda v. Assistant Commissioner Agrarian Services and Another - SLR - 80, Vol 2 of 2003 [2003] LKSC 21; (2003) 2 Sri LR 80 (17 July 2003)",structured_slr,0.909892,0.0,0.08,0.909892,0.010108,28,25367,139,4.964286,5.47956,0,0.0,0.0,20,4,True,True,True,True,True,1.038531783237317e-08,0.07999998961468213,0.9098920127798543,0.010107987220145725,2000,0.9098920127798543,0.8298920231651722
2003/22.html,2003,SLR,"Kumara v. The Mayor, Ratnapura Municipal Council and Others - SLR - 383, Vol 1 of 2003 [2003] LKSC 22; (2003) 1 Sri LR 383 (12 May 2003)",structured_slr,0.909892,0.078439,0.001561,0.909892,0.010108,48,2302,1,0.020833,0.434405,0,0.0,0.0,12,7,True,False,False,True,True,0.0784385000298429,0.0015614999701570578,0.9098920127798543,0.010107987220145725,2000,0.9098920127798543,0.8314535127500114
2003/3.html,2003,SLR,"Raninkumar v. Union Assurance Limited. - SLR - 92, Vol 2 of 2003 [2003] LKSC 3; (2003) 2 Sri LR 92 (24 July 2003)",structured_slr,0.909892,0.0,0.08,0.909892,0.010108,18,12536,90,5.0,7.179324,0,0.0,0.0,15,7,True,True,True,True,False,9.002812966230063e-09,0.07999999099718699,0.9098920127798543,0.010107987220145725,2000,0.9098920127798543,0.8298920217826673
2003/4.html,2003,SLR,"Sanjeewa, Attorney At Law (On Behalf of Gerald Mervin Perera) v. Suraweera,Officer In Charge, Police Station, Wattala and Others - SLR - 317, Vol 1 of 2003 [2003] LKSC 4; (2003) 1 Sri LR 317 (27 February 2003)",structured_slr,0.909892,0.078492,0.001508,0.909892,0.010108,168,27771,2,0.011905,0.072018,0,0.0,0.0,28,11,True,False,False,True,False,0.07849224789867758,0.0015077521013223767,0.9098920127798543,0.010107987220145725,2000,0.9098920127798543,0.8313997648811767
2003/5.html,2003,SLR,"Weerasekara v. Director General of Health Services and Others - SLR - 295, Vol 1 of 2003 [2003] LKSC 5; (2003) 1 Sri LR 295 (4 April 2003)",structured_slr,0.909892,0.078125,0.001875,0.909892,0.010108,74,11477,5,0.067568,0.435654,0,0.0,0.0,13,8,True,False,False,True,False,0.07812504861638762,0.0018749513836123404,0.9098920127798543,0.010107987220145725,2000,0.9098920127798543,0.8317669641634667
2003/6.html,2003,SLR,"Wanasundara v. Piyadasa and Others - SLR - 301, Vol 1 of 2003 [2003] LKSC 6; (2003) 1 Sri LR 301 (13 February 2003)",structured_slr,0.909892,0.078283,0.001717,0.909892,0.010108,111,14928,5,0.045045,0.334941,0,0.0,0.0,12,11,True,False,False,True,True,0.07828311444155421,0.0017168855584457398,0.9098920127798543,0.010107987220145725,2000,0.9098920127798543,0.8316088983383001
2003/7.html,2003,SLR,"A.M.E. Fernando v. The Attorney General - SLR - 52, Vol 2 of 2003 [2003] LKSC 7; (2003) 2 Sri LR 52 (6 February 2003)",structured_slr,0.909892,0.077196,0.002804,0.909892,0.010108,111,24082,19,0.171171,0.788971,0,0.0,0.0,16,36,True,True,True,True,False,0.07719604147015136,0.0028039585298486104,0.9098920127798543,0.010107987220145725,2000,0.9098920127798543,0.832695971309703
2003/8.html,2003,SLR,"Deshapriya v. Captain Weerakoon, Commanding Officer, Sri Lanka Navy Ship 'Gemunu' and Others - SLR - 99, Vol 2 of 2003 [2003] LKSC 8; (2003) 2 Sri LR 99 (8 August 2003)",structured_slr,0.909892,0.0,0.08,0.909892,0.010108,16,10931,88,5.5,8.050499,0,0.0,0.0,13,4,True,False,True,True,False,1.2183983599811649e-09,0.0799999987816016,0.9098920127798543,0.010107987220145725,2000,0.9098920127798543,0.8298920139982527
2003/9.html,2003,SLR,"Ekanayake (R.P.C 9503) v. Reserve Sub Inspector, Hewawasam and Others - SLR - 209, Vol 1 of 2003 [2003] LKSC 9; (2003) 1 Sri LR 209 (17 March 2003)",structured_slr,0.909892,0.078561,0.001439,0.909892,0.010108,75,13226,0,0.0,0.0,0,0.0,0.0,27,9,True,False,False,True,False,0.07856110320303264,0.001438896796967324,0.9098920127798543,0.010107987220145725,2000,0.9098920127798543,0.8313309095768217
2004/1.html,2004,SLR,"George Stuart & Co. Ltd. v. Lankem Tea & Rubber Plantations Ltd. - SLR - 246, Vol 1 of 2004 [2004] LKSC 1; (2004) 1 Sri LR 246 (29 January 2004)",structured_slr,0.909892,0.0,0.08,0.909892,0.010108,27,19023,114,4.222222,5.992746,0,0.0,0.0,19,14,True,True,True,True,True,2.0207656630688565e-07,0.07999979792343365,0.9098920127798543,0.010107987220145725,2000,0.9098920127798543,0.8298922148564207
2004/10.html,2004,SLR,"Jayasinghe v. The National Institute of Fisheries and Nautical Engineering (Nifne)And Others - SLR - 230, Vol 1 of 2004 [2004] LKSC 10; (2004) 1 Sri LR 230 (29 March 2004)",structured_slr,0.909892,0.000622,0.079378,0.909892,0.010108,33,17575,73,2.212121,4.153627,0,0.0,0.0,15,7,True,False,True,True,True,0.0006223410375563707,0.07937765896244359,0.9098920127798543,0.010107987220145725,2000,0.9098920127798543,0.8305143538174107
2004/11.html,2004,SLR,"Lama Hewage Lal (Deceased) Rani Fernando (Wife of Decased Lal) and Others Vs Officer-In-Charge, Minor Offences, Seeduwa Police Station and Others - SLR - 40, Vol 1 of 2005 [2004] LKSC 11; (2005) 1 Sri LR 40 (26 July 2004)",structured_slr,0.909892,0.0,0.08,0.909892,0.010108,42,31517,185,4.404762,5.869848,0,0.0,0.0,25,3,True,True,True,True,False,9.736706147123181e-08,0.07999990263293849,0.9098920127798543,0.010107987220145725,2000,0.9098920127798543,0.8298921101469159
2004/12.html,2004,SLR,"M. N.D. Perera Vs Balapatabendi, Secretary To the President and Others - SLR - 185, Vol 1 of 2005 [2004] LKSC 12; (2005) 1 Sri LR 185 (19 October 2004)",structured_slr,0.909892,0.0,0.08,0.909892,0.010108,50,46097,279,5.58,6.052455,0,0.0,0.0,32,22,True,True,True,True,False,8.847387977795047e-10,0.07999999911526116,0.9098920127798543,0.010107987220145725,2000,0.9098920127798543,0.8298920136645932
2004/13.html,2004,SLR,"Pathiraja v. Mannapperuma, Secretary Ministry of Public Administration, Management and Reforms and Others - SLR - 141, Vol 1 of 2005 [2004] LKSC 13; (2005) 1 Sri LR 141 (5 October 2004)",structured_slr,0.909892,0.0,0.08,0.909892,0.010108,12,7546,69,5.75,9.143917,0,0.0,0.0,13,4,True,True,False,True,True,4.4822371592090326e-10,0.07999999955177624,0.9098920127798543,0.010107987220145725,2000,0.9098920127798543,0.829892013228078
2004/14.html,2004,SLR,"Premadasa and Others v. Sabaragamuwa Development Bank and Others - SLR - 161, Vol 1 of 2005 [2004] LKSC 14; (2005) 1 Sri LR 161 (19 October 2004)",structured_slr,0.909892,0.0,0.08,0.909892,0.010108,16,12597,93,5.8125,7.38271,0,0.0,0.0,14,3,True,False,False,True,True,3.4907698065467213e-10,0.07999999965092298,0.9098920127798543,0.010107987220145725,2000,0.9098920127798543,0.8298920131289313
2004/15.html,2004,SLR,"Prof. J. W. Wickramasinghe v. The University of Sri Jayawardenapura and Others - SLR - 321, Vol 1 of 2004 [2004] LKSC 15; (2004) 1 Sri LR 321 (31 May 2004)",structured_slr,0.909892,1e-06,0.079999,0.909892,0.010108,29,18752,111,3.827586,5.919369,0,0.0,0.0,19,8,True,True,True,True,False,9.796358756108953e-07,0.07999902036412435,0.9098920127798543,0.010107987220145725,2000,0.9098920127798543,0.82989299241573
2004/16.html,2004,SLR,"Samarakoon and Others Vs University Grants Commission and Others - SLR - 119, Vol 1 of 2005 [2004] LKSC 16; (2005) 1 Sri LR 119 (25 October 2004)",structured_slr,0.909892,2.5e-05,0.079975,0.909892,0.010108,50,26998,151,3.02,5.593007,0,0.0,0.0,32,14,True,True,True,True,False,2.476601351644624e-05,0.07997523398648351,0.9098920127798543,0.010107987220145725,2000,0.9098920127798543,0.8299167787933708
2004/17.html,2004,SLR,"Wilson and Others v. Abeyratne Banda, Principal, Malwattawala M.M.V. and Others - SLR - 255, Vol 1 of 2004 [2004] LKSC 17; (2004) 1 Sri LR 255 (20 January 2004)",structured_slr,0.909892,0.00035,0.07965,0.909892,0.010108,14,3153,33,2.357143,10.466223,0,0.0,0.0,11,7,True,False,True,True,False,0.00034961416456903634,0.07965038583543092,0.9098920127798543,0.010107987220145725,2000,0.9098920127798543,0.8302416269444234
2004/18.html,2004,SLR,"Elpitiya Plantations Ltd v. Ceylon Estates Staff Union (On Behalf of V.I. George) and Others - SLR - 239, Vol 1 of 2004 [2004] LKSC 18; (2004) 1 Sri LR 239 (29 January 2004)",structured_slr,0.909892,5.2e-05,0.079948,0.909892,0.010108,24,15766,68,2.833333,4.313079,0,0.0,0.0,16,8,True,True,True,True,True,5.223729660841945e-05,0.07994776270339155,0.9098920127798543,0.010107987220145725,2000,0.9098920127798543,0.8299442500764628
2004/19.html,2004,SLR,"Upali Management Services Ltd. v. Ponnampalam - SLR - 331, Vol 1 of 2004 [2004] LKSC 19; (2004) 1 Sri LR 331 (29 January 2004)",structured_slr,0.909892,0.0,0.08,0.909892,0.010108,25,18374,167,6.68,9.08893,0,0.0,0.0,17,11,True,True,True,True,True,1.0862244437248586e-11,0.07999999998913772,0.9098920127798543,0.010107987220145725,2000,0.9098920127798543,0.8298920127907166
2004/2.html,2004,SLR,"Ranin Kumar, Proprietor, Messrs Pharma Chemie v. State Harmaceutical Corporation - SLR - 276, Vol 1 of 2004 [2004] LKSC 2; (2004) 1 Sri LR 276 (30 January 2004)",structured_slr,0.909892,0.0,0.08,0.909892,0.010108,20,16260,95,4.75,5.842558,0,0.0,0.0,14,6,True,True,True,True,True,2.4472178159484756e-08,0.0799999755278218,0.9098920127798543,0.010107987220145725,2000,0.9098920127798543,0.8298920372520325
2004/20.html,2004,SLR,"Shelton De Silva Vs Shirani Helen Fernando - SLR - 108, Vol 1 of 2005 [2004] LKSC 20; (2005) 1 Sri LR 108 (19 October 2004)",structured_slr,0.909892,0.0,0.08,0.909892,0.010108,27,23963,134,4.962963,5.591954,0,0.0,0.0,20,13,True,True,True,True,True,1.0440422615332063e-08,0.07999998955957735,0.9098920127798543,0.010107987220145725,2000,0.9098920127798543,0.829892023220277
2004/21.html,2004,SLR,"Reginald Fernando Vs Pabilinahamy and Others (Substituted - SLR - 31, Vol 1 of 2005 [2004] LKSC 21; (2005) 1 Sri LR 31 (15 July 2004)",structured_slr,0.909892,0.0,0.08,0.909892,0.010108,28,16421,117,4.178571,7.125023,0,0.0,0.0,16,3,True,True,True,True,True,2.4062752169484713e-07,0.07999975937247826,0.9098920127798543,0.010107987220145725,2000,0.9098920127798543,0.829892253407376
2004/22.html,2004,SLR,"Jayaratne and Another v. Premadasa and Others - SLR - 340, Vol 1 of 2004 [2004] LKSC 22; (2004) 1 Sri LR 340 (13 February 2004)",structured_slr,0.909892,0.0,0.08,0.909892,0.010108,17,11944,80,4.705882,6.697924,0,0.0,0.0,13,7,True,True,True,True,True,2.9195331823217416e-08,0.07999997080466814,0.9098920127798543,0.010107987220145725,2000,0.9098920127798543,0.8298920419751862
2004/23.html,2004,SLR,"Seylan Bank Limited Vs. Intertrade Garments (Private) Limited - SLR - 80, Vol 1 of 2005 [2004] LKSC 23; (2005) 1 Sri LR 80 (28 May 2004)",structured_slr,0.909892,0.0,0.08,0.909892,0.010108,26,17457,142,5.461538,8.134273,0,0.0,0.0,20,6,True,True,True,True,True,1.4210345700149667e-09,0.07999999857896539,0.9098920127798543,0.010107987220145725,2000,0.9098920127798543,0.829892014200889
2004/24.html,2004,SLR,"Credit Information Bureau of Sri Lanka Vs Messrs Jafferjee & Afferjee (Pvt) Ltd - SLR - 89, Vol 1 of 2005 [2004] LKSC 24; (2005) 1 Sri LR 89 (31 August 2004)",structured_slr,0.909892,0.0,0.08,0.909892,0.010108,24,16112,152,6.333333,9.433962,0,0.0,0.0,16,8,True,True,True,True,True,4.346519588693807e-11,0.07999999995653477,0.9098920127798543,0.010107987220145725,2000,0.9098920127798543,0.8298920128233196
2004/25.html,2004,SLR,"Rashid v. Rajitha Senaratne, Minister of Lands and Others - SLR - 312, Vol 1 of 2004 [2004] LKSC 25; (2004) 1 Sri LR 312 (20 January 2004)",structured_slr,0.909892,0.0,0.08,0.909892,0.010108,24,19416,108,4.5,5.562423,0,0.0,0.0,20,10,True,True,True,True,True,6.652224222136735e-08,0.07999993347775775,0.9098920127798543,0.010107987220145725,2000,0.9098920127798543,0.8298920793020965
2004/3.html,2004,SLR,"Wickramasekera v. Officer-In-Charge, Police Station Ampara - SLR - 257, Vol 1 of 2004 [2004] LKSC 3; (2004) 1 Sri LR 257 (30 March 2004)",structured_slr,0.909892,0.000105,0.079895,0.909892,0.010108,44,21504,117,2.659091,5.440848,0,0.0,0.0,19,16,True,True,True,True,False,0.00010480557688821607,0.07989519442311174,0.9098920127798543,0.010107987220145725,2000,0.9098920127798543,0.8299968183567425
2004/4.html,2004,SLR,"Ajith Fernando Alias Konda Ajith and Others v. The Attorney-General - SLR - 288, Vol 1 of 2004 [2004] LKSC 4; (2004) 1 Sri LR 288 (27 January 2004)",structured_slr,0.909892,0.0,0.08,0.909892,0.010108,58,52101,263,4.534483,5.047888,0,0.0,0.0,35,15,True,False,True,True,True,5.7951384935250844e-08,0.07999994204861502,0.9098920127798543,0.010107987220145725,2000,0.9098920127798543,0.8298920707312393
2004/5.html,2004,SLR,"Nuwan De Silva V the Attorney General - SLR - 146, Vol 1 of 2005 [2004] LKSC 5; (2005) 1 Sri LR 146 (9 September 2004)",structured_slr,0.909892,0.0,0.08,0.909892,0.010108,32,31189,158,4.9375,5.065889,0,0.0,0.0,25,7,True,True,False,True,True,1.1559840302766128e-08,0.07999998844015965,0.9098920127798543,0.010107987220145725,2000,0.9098920127798543,0.8298920243396947
2004/6.html,2004,SLR,"Sudu Aiya and Others Vs the Attorney- General - SLR - 358, Vol 1 of 2005 [2004] LKSC 6; (2005) 1 Sri LR 358 (24 November 2004)",structured_slr,0.909892,0.000139,0.079861,0.909892,0.010108,56,64417,145,2.589286,2.250959,0,0.0,0.0,34,20,True,True,True,True,True,0.00013850481674944953,0.07986149518325052,0.9098920127798543,0.010107987220145725,2000,0.9098920127798543,0.8300305175966038
2004/7.html,2004,SLR,"Somawathi De Zoysa Alias Kumarasinghe v. V.Jayasena Fernando - SLR - 10, Vol 1 of 2005 [2004] LKSC 7; (2005) 1 Sri LR 10 (15 June 2004)",structured_slr,0.909892,0.0,0.08,0.909892,0.010108,28,15704,137,4.892857,8.723892,0,0.0,0.0,22,6,True,False,True,True,True,1.3819892226152312e-08,0.07999998618010773,0.9098920127798543,0.010107987220145725,2000,0.9098920127798543,0.8298920265997466
2004/8.html,2004,SLR,"Erandaka and Another v. Halwela, Officer-In-Charge, Police Station, Hakmana and Others - SLR - 268, Vol 1 of 2004 [2004] LKSC 8; (2004) 1 Sri LR 268 (27 February 2004)",structured_slr,0.909892,5e-06,0.079995,0.909892,0.010108,30,17401,103,3.433333,5.9192,0,0.0,0.0,15,13,True,True,True,True,False,4.741675911068552e-06,0.0799952583240889,0.9098920127798543,0.010107987220145725,2000,0.9098920127798543,0.8298967544557654
2004/9.html,2004,SLR,"Farook Vs Dharmaratne, Chairman, Provincial Public Service Commission,Uva and Others - SLR - 133, Vol 1 of 2005 [2004] LKSC 9; (2005) 1 Sri LR 133 (25 October 2004)",structured_slr,0.909892,1e-06,0.079999,0.909892,0.010108,22,17467,84,3.818182,4.809069,0,0.0,0.0,18,5,True,True,True,True,True,1.0171872282871414e-06,0.07999898281277168,0.9098920127798543,0.010107987220145725,2000,0.9098920127798543,0.8298930299670826
2005/1.html,2005,SLR,"Colgate Palmolive Company Vs Hemas (Drugs) Limited and Another - SLR - 309, Vol 1 of 2005 [2005] LKSC 1; (2005) 1 Sri LR 309 (9 February 2005)",structured_slr,0.909892,0.0,0.08,0.909892,0.010108,19,12905,80,4.210526,6.199148,0,0.0,0.0,12,12,True,True,True,True,True,2.1175512698867738e-07,0.07999978824487297,0.9098920127798543,0.010107987220145725,2000,0.9098920127798543,0.8298922245349813
2005/10.html,2005,SLR,"Jabir v. Karunawathie - SLR - 412, Vol 3 of 2005 [2005] LKSC 10; (2005) 3 Sri LR 412 (7 September 2005)",late_slr_font,0.919969,0.077778,0.002222,3.1e-05,0.919969,72,16953,8,0.111111,0.471893,71,0.986111,4.188049,17,1,True,True,False,True,True,0.07777822698353573,0.002221773016464233,3.120037253605101e-05,0.919968799627464,2000,0.919968799627464,0.8421905726439283
2005/11.html,2005,SLR,"Welgama v. Wijesundera And Another - SLR - 110, Vol 1 of 2006 [2005] LKSC 11; (2006) 1 Sri LR 110 (1 April 2005)",late_slr_font,0.91994,0.0,0.08,6e-05,0.91994,69,66702,343,4.971014,5.142275,65,0.942029,0.974484,43,58,True,True,True,True,True,1.0109555503845508e-08,0.07999998989044446,6.0438616865541306e-05,0.9199395613831345,2000,0.9199395613831345,0.83993957149269
2005/12.html,2005,SLR,"Viacom International Inc v. Maharaja Organisation Ltd. And Others - SLR - 140, Vol 1 of 2006 [2005] LKSC 12; (2006) 1 Sri LR 140 (28 April 2005)",late_slr_font,0.919799,0.0,0.08,0.000201,0.919799,29,21470,166,5.724138,7.731719,25,0.862069,1.164415,18,17,True,True,True,True,True,4.970747724541977e-10,0.07999999950292519,0.00020051237730494444,0.9197994876226951,2000,0.9197994876226951,0.8397994881197699
2005/13.html,2005,SLR,"Nandasena v. Chandradasa, O. I. C., Police Station, Hiniduma And Others - SLR - 207, Vol 1 of 2006 [2005] LKSC 13; (2006) 1 Sri LR 207 (14 October 2005)",late_slr_font,0.919003,0.035126,0.044874,0.000997,0.919003,49,15584,52,1.061224,3.336756,37,0.755102,2.37423,16,10,True,True,True,True,True,0.035126413083634116,0.044873586916365844,0.0009967648868952717,0.9190032351131048,2000,0.9190032351131048,0.8741296481967389
2005/14.html,2005,SLR,"Ameer Ali And Others v. Srilanka Muslim Congress And Others - SLR - 189, Vol 1 of 2006 [2005] LKSC 14; (2006) 1 Sri LR 189 (1 July 2005)",late_slr_font,0.919691,0.0,0.08,0.000309,0.919691,24,18633,118,4.916667,6.33285,20,0.833333,1.073364,15,11,True,True,True,False,False,1.2564420330818386e-08,0.07999998743557962,0.00030852366212628105,0.9196914763378737,2000,0.9196914763378737,0.8396914889022942
2005/15.html,2005,SLR,"A. E. M. G. Fernando v. People's Bank And Others - SLR - 215, Vol 1 of 2006 [2005] LKSC 15; (2006) 1 Sri LR 215 (8 July 2005)",late_slr_font,0.919721,0.0023,0.0777,0.000279,0.919721,25,7558,47,1.88,6.218576,21,0.84,2.778513,10,7,True,True,True,True,False,0.002299879674123203,0.07770012032587675,0.000279171267626519,0.9197208287323735,2000,0.9197208287323735,0.8420207084064968
2005/16.html,2005,SLR,"Piyasena De Silva And Others v. Ven. Wimalawansa Thero And Another - SLR - 219, Vol 1 of 2006 [2005] LKSC 16; (2006) 1 Sri LR 219 (14 October 2005)",late_slr_font,0.919964,6.1e-05,0.079939,3.6e-05,0.919964,44,23443,123,2.795455,5.246769,43,0.977273,1.834236,21,16,True,True,True,True,True,6.077642211851139e-05,0.07993922357788145,3.56231329029999e-05,0.9199643768670971,2000,0.9199643768670971,0.8400251532892157
2005/17.html,2005,SLR,"Wickramasinghe v. Robert Banda And Others - SLR - 246, Vol 1 of 2006 [2005] LKSC 17; (2006) 1 Sri LR 246 (14 October 2005)",late_slr_font,0.919942,0.0,0.08,5.8e-05,0.919942,54,46746,281,5.203704,6.01121,51,0.944444,1.091002,38,86,True,True,True,True,True,3.9857326328274195e-09,0.07999999601426733,5.828854497413882e-05,0.9199417114550259,2000,0.9199417114550259,0.8399417154407586
2005/18.html,2005,SLR,"Eassuwaran And Others v. Bank Of Ceylon - SLR - 365, Vol 1 of 2006 [2005] LKSC 18; (2006) 1 Sri LR 365 (6 October 2005)",late_slr_font,0.919963,0.058099,0.021901,3.7e-05,0.919963,41,9750,31,0.756098,3.179487,40,0.97561,4.102564,19,4,True,False,True,True,True,0.05809887030572659,0.021901129694273373,3.65228922688976e-05,0.9199634771077312,2000,0.9199634771077312,0.8618646068020046
2005/19.html,2005,SLR,"Gamage v. Perera - SLR - 354, Vol 3 of 2006 [2005] LKSC 19; (2006) 3 Sri LR 354 (30 November 2005)",late_slr_font,0.919999,0.0,0.08,1e-06,0.919999,29,19956,124,4.275862,6.21367,36,1.241379,1.803969,23,3,True,True,False,True,True,1.6305493270252205e-07,0.07999983694506725,6.780347166035483e-07,0.9199993219652834,2000,0.9199993219652834,0.8399994850202162
2005/2.html,2005,SLR,"Ranasinghe Vs Rathnasiri and Others - SLR - 315, Vol 1 of 2005 [2005] LKSC 2; (2005) 1 Sri LR 315 (25 February 2005)",structured_slr,0.909892,3e-06,0.079997,0.909892,0.010108,26,17997,92,3.538462,5.111963,0,0.0,0.0,15,9,True,True,True,True,True,3.113959253555619e-06,0.07999688604074641,0.9098920127798543,0.010107987220145725,2000,0.9098920127798543,0.8298951267391079
2005/20.html,2005,SLR,"Officer In Charge, Cid v. Soris - SLR - 375, Vol 3 of 2006 [2005] LKSC 20; (2006) 3 Sri LR 375 (12 October 2005)",late_slr_font,0.919958,1e-06,0.079999,4.2e-05,0.919958,30,23482,116,3.866667,4.939954,29,0.966667,1.234989,19,4,True,True,False,True,True,8.378664491637263e-07,0.0799991621335508,4.1765830386037984e-05,0.919958234169614,2000,0.919958234169614,0.8399590720360632
2005/21.html,2005,SLR,"Fernando And Others v. Associated Newspapers Of Ceylon Ltd. And Others - SLR - 141, Vol 3 of 2006 [2005] LKSC 21; (2006) 3 Sri LR 141 (24 February 2005)",late_slr_font,0.919954,0.036869,0.043131,4.6e-05,0.919954,51,26170,53,1.039216,2.02522,49,0.960784,1.872373,19,6,True,True,True,True,True,0.03686913728475157,0.04313086271524839,4.561877490573796e-05,0.9199543812250943,2000,0.9199543812250943,0.876823518509846
2005/22.html,2005,SLR,"Samy And Others v. Attorney-General (Bindunuwewa Murder Case - SLR - 216, Vol 2 of 2007 [2005] LKSC 22; (2007) 2 Sri LR 216 (27 May 2005)",late_slr_font,0.919973,0.072873,0.007127,2.7e-05,0.919973,234,56962,98,0.418803,1.720445,233,0.995726,4.090446,54,10,True,True,True,True,False,0.07287274153645926,0.0071272584635406954,2.7010065418915375e-05,0.9199729899345811,2000,0.9199729899345811,0.8471002483981218
2005/3.html,2005,SLR,"Ratnayake and Another Vs. Mediwaka, Deputy Inspector General of Police, Kandy and Others - SLR - 323, Vol 1 of 2005 [2005] LKSC 3; (2005) 1 Sri LR 323 (24 February 2005)",structured_slr,0.909892,0.0,0.08,0.909892,0.010108,30,29169,127,4.233333,4.353937,0,0.0,0.0,25,3,True,True,True,True,True,1.9329215030339232e-07,0.07999980670784966,0.9098920127798543,0.010107987220145725,2000,0.9098920127798543,0.8298922060720046
2005/4.html,2005,SLR,"Senadeera, Inspector of Police, Pulmuddai Police Station Vs Lt. Siyasinghe and Others - SLR - 335, Vol 1 of 2005 [2005] LKSC 4; (2005) 1 Sri LR 335 (1 April 2005)",structured_slr,0.909892,0.0,0.08,0.909892,0.010108,17,11976,92,5.411765,7.682031,0,0.0,0.0,13,8,True,False,True,True,True,1.7340802749288279e-09,0.07999999826591969,0.9098920127798543,0.010107987220145725,2000,0.9098920127798543,0.8298920145139346
2005/5.html,2005,SLR,"Ratnayake and Others Vs Kumarihamy and Others - SLR - 303, Vol 1 of 2005 [2005] LKSC 5; (2005) 1 Sri LR 303 (2 February 2005)",structured_slr,0.909892,1e-06,0.079999,0.909892,0.010108,18,11396,68,3.777778,5.967006,0,0.0,0.0,12,6,True,False,True,True,True,1.195608150448279e-06,0.07999880439184952,0.9098920127798543,0.010107987220145725,2000,0.9098920127798543,0.8298932083880048
2005/6.html,2005,SLR,"Machchavallavan v. Oic, Army Camp, Plantain Point, Trincomalee and Others - SLR - 341, Vol 1 of 2005 [2005] LKSC 6; (2005) 1 Sri LR 341 (31 March 2005)",structured_slr,0.909892,2.9e-05,0.079971,0.909892,0.010108,50,39938,149,2.98,3.730783,0,0.0,0.0,25,7,True,True,True,True,True,2.9061625057451563e-05,0.07997093837494251,0.9098920127798543,0.010107987220145725,2000,0.9098920127798543,0.8299210744049118
2005/7.html,2005,SLR,"The Manager, Bank Of Ceylon, Hatton v. The Secretary, Hatton Dickoya Urban Council - SLR - 1, Vol 3 of 2005 [2005] LKSC 7; (2005) 3 Sri LR 1 (7 December 2005)",late_slr_font,0.919969,0.077686,0.002314,3.1e-05,0.919969,74,17732,9,0.121622,0.507557,73,0.986486,4.116851,15,2,True,True,True,True,True,0.07768558328494872,0.002314416715051235,3.102536901784081e-05,0.9199689746309822,2000,0.9199689746309822,0.8422833913460335
2005/8.html,2005,SLR,"Jinasena v. University Of Colombo And Others - SLR - 9, Vol 3 of 2005 [2005] LKSC 8; (2005) 3 Sri LR 9 (15 September 2005)",late_slr_font,0.919962,0.076737,0.003263,3.8e-05,0.919962,38,9355,8,0.210526,0.855158,37,0.973684,3.955104,11,2,True,False,True,True,True,0.07673749770265405,0.0032625022973459083,3.759338431392756e-05,0.9199624066156861,2000,0.9199624066156861,0.843224908913032
2005/9.html,2005,SLR,"Muthappan Chettiar v. Karunanayake And Another - SLR - 327, Vol 3 of 2005 [2005] LKSC 9; (2005) 3 Sri LR 327 (10 May 2005)",late_slr_font,0.919975,0.077219,0.002781,2.5e-05,0.919975,71,21648,12,0.169014,0.554324,71,1.0,3.279749,15,2,True,True,False,True,True,0.07721929266927448,0.0027807073307254794,2.533283582551338e-05,0.9199746671641745,2000,0.9199746671641745,0.8427553744949
2006/1.html,2006,SLR,"Samanthakumara v. Manohari - SLR - 57, Vol 2 of 2006 [2006] LKSC 1; (2006) 2 Sri LR 57 (15 June 2006)",late_slr_font,0.919968,0.076426,0.003574,3.2e-05,0.919968,64,9965,15,0.234375,1.505268,63,0.984375,6.322127,7,4,True,True,True,True,False,0.07642553037818794,0.0035744696218120145,3.2023472204216756e-05,0.9199679765277958,2000,0.9199679765277958,0.8435424461496079
2006/10.html,2006,SLR,"Piyasena v. Associated Newspapers Of Ceylon Ltd. And Others - SLR - 113, Vol 3 of 2006 [2006] LKSC 10; (2006) 3 Sri LR 113 (23 November 2006)",late_slr_font,0.919967,1e-06,0.079999,3.3e-05,0.919967,55,34666,218,3.963636,6.288582,54,0.981818,1.557722,55,4,True,True,False,True,False,5.684913436709845e-07,0.0799994315086563,3.3275546214150965e-05,0.9199667244537859,2000,0.9199667244537859,0.8399672929451296
2006/11.html,2006,SLR,"Hiddelarachi v. United Motors Lanka Ltd. And Others - SLR - 411, Vol 3 of 2006 [2006] LKSC 11; (2006) 3 Sri LR 411 (3 May 2006)",late_slr_font,0.919968,0.022829,0.057171,3.2e-05,0.919968,61,17649,75,1.229508,4.249533,60,0.983607,3.399626,20,10,True,True,True,True,True,0.02282872460063483,0.057171275399365125,3.239450264619581e-05,0.9199676054973538,2000,0.9199676054973538,0.8627963300979886
2006/12.html,2006,SLR,"Wijesekera And Others v. Attorney General - SLR - 38, Vol 1 of 2007 [2006] LKSC 12; (2007) 1 Sri LR 38 (16 October 2006)",late_slr_font,0.92,0.077156,0.002844,0.0,0.92,143,45381,25,0.174825,0.550891,249,1.741259,5.486878,31,2,True,True,False,True,False,0.07715622536302112,0.0028437746369788393,3.75686308728973e-10,0.9199999996243138,2000,0.9199999996243138,0.8428437742612926
2006/13.html,2006,SLR,"Malraj Piyasena v. Attorney-General And Others - SLR - 117, Vol 2 of 2007 [2006] LKSC 13; (2007) 2 Sri LR 117 (23 November 2006)",late_slr_font,0.919972,0.078162,0.001838,2.8e-05,0.919972,144,35024,9,0.0625,0.256967,143,0.993056,4.082915,26,6,True,True,True,True,False,0.07816181040719791,0.0018381895928020482,2.8113739025550368e-05,0.9199718862609745,2000,0.9199718862609745,0.8418100758537765
2006/14.html,2006,SLR,"Rambukwella v. United National Party And Others - SLR - 329, Vol 2 of 2007 [2006] LKSC 14; (2007) 2 Sri LR 329 (6 November 2006)",late_slr_font,0.919967,0.000226,0.079774,3.3e-05,0.919967,60,46011,148,2.466667,3.216622,59,0.983333,1.282302,29,2,True,True,True,True,True,0.00022594364781072673,0.07977405635218923,3.252791331590288e-05,0.9199674720866842,2000,0.9199674720866842,0.8401934157344949
2006/15.html,2006,SLR,"Tuan Ishan Raban And Others v. Members Of The Police Commission And Pradeep Priyadarshana v. Members Of The Police Commission And Others - SLR - 351, Vol 2 of 2007 [2006] LKSC 15; (2007) 2 Sri LR 351 (7 July 2006)",late_slr_font,0.919962,0.00016,0.07984,3.8e-05,0.919962,38,21223,97,2.552632,4.570513,37,0.973684,1.743392,23,2,True,True,True,True,False,0.00016033217397414028,0.07983966782602582,3.759338431392756e-05,0.9199624066156861,2000,0.9199624066156861,0.8401227387896603
2006/16.html,2006,SLR,"Goonathilaka And Another v. Thollappan - SLR - 394, Vol 2 of 2007 [2006] LKSC 16; (2007) 2 Sri LR 394 (25 August 2006)",late_slr_font,0.919975,0.000363,0.079637,2.5e-05,0.919975,23,11080,54,2.347826,4.873646,23,1.0,2.075812,14,4,True,False,True,True,True,0.0003628292117627472,0.07963717078823722,2.533283582551338e-05,0.9199746671641745,2000,0.9199746671641745,0.8403374963759374
2006/2.html,2006,SLR,"Attorney-General And Others v. Sumathipala - SLR - 126, Vol 2 of 2006 [2006] LKSC 2; (2006) 2 Sri LR 126 (29 March 2006)",late_slr_font,0.919971,0.074056,0.005944,2.9e-05,0.919971,111,44316,41,0.369369,0.925174,110,0.990991,2.482173,9,2,True,True,False,True,True,0.07405646627331952,0.005943533726680437,2.8998161423605673e-05,0.9199710018385764,2000,0.9199710018385764,0.8459145355652569
2006/3.html,2006,SLR,"Ariyawansa And Others v. The People's Bank And Others - SLR - 145, Vol 2 of 2006 [2006] LKSC 3; (2006) 2 Sri LR 145 (13 March 2006)",late_slr_font,0.919967,0.075352,0.004648,3.3e-05,0.919967,56,23715,17,0.303571,0.716846,55,0.982143,2.319207,7,1,True,True,True,True,False,0.07535192361304584,0.004648076386954124,3.311372851634076e-05,0.9199668862714837,2000,0.9199668862714837,0.8446149626584378
2006/4.html,2006,SLR,"Shiyam v. Officer-in-Charge, Narcotics Bureau And Another - SLR - 156, Vol 2 of 2006 [2006] LKSC 4; (2006) 2 Sri LR 156 (29 March 2006)",late_slr_font,0.919969,0.070464,0.009536,3.1e-05,0.919969,74,30209,37,0.5,1.224801,73,0.986486,2.416498,9,2,True,True,True,True,True,0.07046376623823056,0.0095362337617694,3.102536901784081e-05,0.9199689746309822,2000,0.9199689746309822,0.8495052083927516
2006/5.html,2006,SLR,"Ceylease Financial Services Ltd. v. Sriyalatha And Another - SLR - 169, Vol 2 of 2006 [2006] LKSC 5; (2006) 2 Sri LR 169 (11 December 2006)",late_slr_font,0.919972,0.077655,0.002345,2.8e-05,0.919972,144,36374,18,0.125,0.494859,143,0.993056,3.93138,8,3,True,True,True,True,True,0.07765502153989146,0.0023449784601085044,2.8113739025550368e-05,0.9199718862609745,2000,0.9199718862609745,0.842316864721083
2006/6.html,2006,SLR,"Angela Fernando v. Devadeepthi Fernando And Others - SLR - 188, Vol 2 of 2006 [2006] LKSC 6; (2006) 2 Sri LR 188 (4 May 2006)",late_slr_font,0.919969,0.074884,0.005116,3.1e-05,0.919969,79,21788,26,0.329114,1.193317,78,0.987342,3.579952,11,3,True,True,True,True,True,0.07488388810383291,0.005116111896167053,3.062956305450282e-05,0.9199693704369455,2000,0.9199693704369455,0.8450854823331125
2006/7.html,2006,SLR,"Sumanadasa And 205 Others v. Attorney General - SLR - 202, Vol 3 of 2006 [2006] LKSC 7; (2006) 3 Sri LR 202 (19 June 2006)",late_slr_font,0.919961,1e-06,0.079999,3.9e-05,0.919961,34,23451,133,3.911765,5.6714,33,0.970588,1.407189,21,8,True,True,False,True,True,6.995718100455403e-07,0.07999930042818991,3.9380317805952635e-05,0.9199606196821941,2000,0.9199606196821941,0.8399613192540042
2006/8.html,2006,SLR,"Dr. Karunanada v. Open University Of Sri Lanka And Others - SLR - 225, Vol 3 of 2006 [2006] LKSC 8; (2006) 3 Sri LR 225 (3 August 2006)",late_slr_font,0.919995,0.000198,0.079802,5e-06,0.919995,86,38796,215,2.5,5.541808,95,1.104651,2.448706,35,10,True,True,False,True,True,0.00019780985253077245,0.07980219014746918,5.271728085980421e-06,0.9199947282719141,2000,0.9199947282719141,0.8401925381244449
2006/9.html,2006,SLR,"Sumanaratne And Others v. Rupatunga - SLR - 368, Vol 3 of 2006 [2006] LKSC 9; (2006) 3 Sri LR 368 (5 May 2006)",late_slr_font,0.919956,4e-06,0.079996,4.4e-05,0.919956,27,10345,94,3.481481,9.086515,26,0.962963,2.513291,16,5,True,True,True,True,True,3.9110622965043956e-06,0.07999608893770345,4.415189979894763e-05,0.9199558481002011,2000,0.9199558481002011,0.8399597591624977
2007/1.html,2007,SLR,"Senarath And Others v. Chandrika Bandaranayake Kumaratunga And Others - SLR - 59, Vol 1 of 2007 [2007] LKSC 1; (2007) 1 Sri LR 59 (3 May 2007)",late_slr_font,0.92,0.074802,0.005198,0.0,0.92,132,39124,44,0.333333,1.124629,189,1.431818,4.830794,34,2,True,True,True,True,True,0.07480247294950854,0.0051975270504914205,3.896306650652548e-08,0.9199999610369335,2000,0.9199999610369335,0.8451974880874249
2007/10.html,2007,SLR,"Wannigama v. Incorporated Council Of Legal Education And Others - SLR - 281, Vol 2 of 2007 [2007] LKSC 10; (2007) 2 Sri LR 281 (11 September 2007)",late_slr_font,0.91997,0.074942,0.005058,3e-05,0.91997,92,26276,30,0.326087,1.141726,91,0.98913,3.463236,28,4,True,True,True,True,True,0.07494156722903794,0.005058432770962014,2.981902273052395e-05,0.9199701809772696,2000,0.9199701809772696,0.8450286137482317
2007/11.html,2007,SLR,"Don Shelton Hettiarachchi v. Sri Lanka Ports Authority And Others - SLR - 307, Vol 2 of 2007 [2007] LKSC 11; (2007) 2 Sri LR 307 (12 December 2007)",late_slr_font,0.919999,0.073283,0.006717,1e-06,0.919999,77,18768,31,0.402597,1.651748,96,1.246753,5.11509,22,7,True,True,True,True,True,0.07328253831123638,0.006717461688763581,6.255232804974753e-07,0.9199993744767195,2000,0.9199993744767195,0.8467168361654831
2007/13.html,2007,SLR,"Organization Of Protection Of Human Rights And Rights Of Insurance Employees And Others v. Public Enterprises Reform Commission And Others - SLR - 316, Vol 2 of 2007 [2007] LKSC 13; (2007) 2 Sri LR 316 (12 December 2007)",late_slr_font,0.919969,0.041025,0.038975,3.1e-05,0.919969,78,27337,77,0.987179,2.816695,77,0.987179,2.816695,23,18,True,True,False,True,True,0.04102545526008203,0.03897454473991793,3.070454146067547e-05,0.9199692954585393,2000,0.9199692954585393,0.8789438401984573
2007/14.html,2007,SLR,"Kumarasinghe v. Dinadasa And Others - SLR - 203, Vol 2 of 2007 [2007] LKSC 14; (2007) 2 Sri LR 203 (18 May 2007)",late_slr_font,0.919967,0.077712,0.002288,3.3e-05,0.919967,59,19320,7,0.118644,0.362319,58,0.983051,3.00207,15,5,True,True,True,True,True,0.07771220532903553,0.0022877946709644235,3.266579291355765e-05,0.9199673342070864,2000,0.9199673342070864,0.8422551288780509
2007/15.html,2007,SLR,"Watte Gedera Wijebanda v. Conservator General Of Forests And Others - SLR - 337, Vol 1 of 2009 [2007] LKSC 15; (2009) 1 Sri LR 337 (5 April 2007)",late_slr_font,0.911626,0.004057,0.075943,0.008374,0.911626,142,52059,246,1.732394,4.725408,87,0.612676,1.671181,35,13,True,True,True,True,False,0.0040568585635668945,0.07594314143643306,0.008373652750494244,0.9116263472495058,2000,0.9116263472495058,0.8356832058130726
2007/2.html,2007,SLR,"Haputhantirige And Others v. Attorney General - SLR - 101, Vol 1 of 2007 [2007] LKSC 2; (2007) 1 Sri LR 101 (29 March 2007)",late_slr_font,0.919997,0.077325,0.002675,3e-06,0.919997,151,48734,24,0.15894,0.492469,174,1.152318,3.570403,31,3,True,True,True,True,False,0.07732544483942187,0.002674555160578085,2.57888244931781e-06,0.9199974211175507,2000,0.9199974211175507,0.8426719762781288
2007/3.html,2007,SLR,"Hatton National Bank Ltd. v. Jayawardane And Others - SLR - 181, Vol 1 of 2007 [2007] LKSC 3; (2007) 1 Sri LR 181 (31 July 2007)",late_slr_font,0.91997,0.076588,0.003412,3e-05,0.91997,81,20728,18,0.222222,0.868391,80,0.987654,3.859514,16,2,True,True,False,True,True,0.07658790273314098,0.0034120972668589848,3.0486556346329685e-05,0.9199695134436537,2000,0.9199695134436537,0.8433816107105128
2007/4.html,2007,SLR,"Ashik v. Bandula And Others (Noise Pollution Case) - SLR - 191, Vol 1 of 2007 [2007] LKSC 4; (2007) 1 Sri LR 191 (9 March 2007)",late_slr_font,0.919912,0.075455,0.004545,8.8e-05,0.919912,84,21963,25,0.297619,1.138278,77,0.916667,3.505896,11,2,True,True,False,True,False,0.07545506548262694,0.004544934517373017,8.841378023195291e-05,0.9199115862197681,2000,0.9199115862197681,0.8444565207371412
2007/5.html,2007,SLR,"Nalinda Kumara v. Officer - SLR - 332, Vol 1 of 2007 [2007] LKSC 5; (2007) 1 Sri LR 332 (12 December 2007)",late_slr_font,0.919964,0.059884,0.020116,3.6e-05,0.919964,44,9749,32,0.727273,3.282388,43,0.977273,4.410709,10,1,True,False,False,False,False,0.05988421322902145,0.02011578677097851,3.56231329029999e-05,0.9199643768670971,2000,0.9199643768670971,0.8600801636380756
2007/6.html,2007,SLR,"Kariyawasam v. Southern Provincial Road Development Authority And 8 Others - SLR - 33, Vol 2 of 2007 [2007] LKSC 6; (2007) 2 Sri LR 33 (5 July 2007)",late_slr_font,0.919954,0.000156,0.079844,4.6e-05,0.919954,25,12794,64,2.56,5.002345,24,0.96,1.875879,14,5,True,False,True,True,False,0.00015568487880685203,0.07984431512119311,4.615839150913015e-05,0.9199538416084909,2000,0.9199538416084909,0.8401095264872978
2007/7.html,2007,SLR,"Janashakthi Insurance Co. Ltd. v. Umbichy Ltd - SLR - 39, Vol 2 of 2007 [2007] LKSC 7; (2007) 2 Sri LR 39 (23 May 2007)",late_slr_font,0.919963,1.1e-05,0.079989,3.7e-05,0.919963,39,24201,126,3.230769,5.206396,38,0.974359,1.570183,20,20,True,True,True,True,True,1.0660791280097109e-05,0.07998933920871987,3.721468708453024e-05,0.9199627853129155,2000,0.9199627853129155,0.8399734461041957
2007/8.html,2007,SLR,"Dissanayake v. Priyal De Silva - SLR - 134, Vol 2 of 2007 [2007] LKSC 8; (2007) 2 Sri LR 134 (25 July 2007)",late_slr_font,0.919992,0.077431,0.002569,8e-06,0.919992,101,21502,15,0.148515,0.69761,109,1.079208,5.069296,16,4,True,True,True,True,True,0.07743117280862968,0.0025688271913702687,7.721437536680753e-06,0.9199922785624634,2000,0.9199922785624634,0.8425611057538337
2007/9.html,2007,SLR,"National Insurance Corporation v. Wijesinghe - SLR - 263, Vol 2 of 2007 [2007] LKSC 9; (2007) 2 Sri LR 263 (7 September 2007)",late_slr_font,0.919961,0.021069,0.058931,3.9e-05,0.919961,35,13337,44,1.257143,3.299093,34,0.971429,2.549299,15,6,True,True,True,True,True,0.0210688836319036,0.05893111636809636,3.888667628530573e-05,0.9199611133237148,2000,0.9199611133237148,0.8610299969556184
2008/1.html,2008,SLR,"Fowzie And Others v. Vehicles Lanka (Pvt) Ltd - SLR - 23, Vol 1 of 2008 [2008] LKSC 1; (2008) 1 Sri LR 23 (8 July 2008)",late_slr_font,0.919966,0.071091,0.008909,3.4e-05,0.919966,104,26270,50,0.480769,1.903312,102,0.980769,3.882756,19,78,True,True,True,True,True,0.07109119994036868,0.008908800059631275,3.380325858486799e-05,0.9199661967414152,2000,0.9199661967414152,0.8488749968010465
2008/2.html,2008,SLR,"Sri Lanka Transport Board v. Colombo Metropolitan Bus Company And Others &Nbsp - SLR - 1, Vol 1 of 2008 [2008] LKSC 2; (2008) 1 Sri LR 1 (2 July 2008)",late_slr_font,0.919975,0.072615,0.007385,2.5e-05,0.919975,70,15625,30,0.428571,1.92,70,1.0,4.48,19,7,True,True,True,True,True,0.07261496919119097,0.007385030808808992,2.533283582551338e-05,0.9199746671641745,2000,0.9199746671641745,0.8473596979729836
2008/3.html,2008,SLR,"Somasekaram v. Lanka Bell (Pvt.) Ltd - SLR - 9, Vol 1 of 2008 [2008] LKSC 3; (2008) 1 Sri LR 9 (26 February 2008)",late_slr_font,0.919874,0.023835,0.056165,0.000126,0.919874,28,4564,34,1.214286,7.449606,25,0.892857,5.477651,9,7,True,False,True,True,True,0.023834911285539682,0.05616508871446028,0.00012636020414858785,0.9198736397958515,2000,0.9198736397958515,0.8637085510813912
2008/4.html,2008,SLR,"Walker And Sons & Company Ltd. v. Gurusinghe - SLR - 37, Vol 1 of 2008 [2008] LKSC 4; (2008) 1 Sri LR 37 (19 October 2008)",late_slr_font,0.919969,0.062624,0.017376,3.1e-05,0.919969,78,14410,53,0.679487,3.678001,77,0.987179,5.343511,17,10,True,False,True,True,True,0.06262390958149666,0.017376090418503295,3.070454146067547e-05,0.9199692954585393,2000,0.9199692954585393,0.8573453858770427
2008/5.html,2008,SLR,"Seylan Bank Ltd. v. Samdo Macky Sp - SLR - 96, Vol 1 of 2008 [2008] LKSC 5; (2008) 1 Sri LR 96 (26 June 2008)",late_slr_font,0.919958,0.076783,0.003217,4.2e-05,0.919958,58,13919,12,0.206897,0.862131,56,0.965517,4.023278,15,2,True,True,False,True,True,0.07678262324638313,0.0032173767536168275,4.249250725265608e-05,0.9199575074927474,2000,0.9199575074927474,0.8431748842463642
2008/6.html,2008,SLR,"Vanathawilluwa Vineyard Ltd v. Commercial Bank Of Ceylon - SLR - 68, Vol 1 of 2008 [2008] LKSC 6; (2008) 1 Sri LR 68 (27 February 2008)",late_slr_font,0.919975,0.074589,0.005411,2.5e-05,0.919975,186,63196,64,0.344086,1.012722,186,1.0,2.943224,11,171,True,True,False,True,True,0.07458948871726075,0.005410511282739217,2.533283582551338e-05,0.9199746671641745,2000,0.9199746671641745,0.8453851784469137
2008/7.html,2008,SLR,"Vasudeva Nanayakkara v. Choksy And Others (John Keells Case) - SLR - 134, Vol 1 of 2008 [2008] LKSC 7; (2008) 1 Sri LR 134 (21 July 2008)",late_slr_font,0.919971,4.3e-05,0.079957,2.9e-05,0.919971,108,76400,311,2.87963,4.070681,107,0.990741,1.400524,44,44,True,True,False,True,False,4.341127176513913e-05,0.07995658872823481,2.9107105230283815e-05,0.9199708928947697,2000,0.9199708928947697,0.8400143041665349
2009/1.html,2009,SLR,"Hapuarachchi And Others v. Commissioner Of Elections And Another - SLR - 1, Vol 1 of 2009 [2009] LKSC 1; (2009) 1 Sri LR 1 (3 March 2009)",late_slr_font,0.919971,0.074742,0.005258,2.9e-05,0.919971,107,30209,36,0.336449,1.191698,106,0.990654,3.508888,25,1,True,True,False,True,True,0.0747415703592087,0.0052584296407912606,2.9145113594370997e-05,0.9199708548864056,2000,0.9199708548864056,0.8452292845271969
2009/10.html,2009,SLR,"Francis Samarawickrema v. Hilda Jayasinghe And Another - SLR - 293, Vol 1 of 2009 [2009] LKSC 10; (2009) 1 Sri LR 293 (7 May 2009)",late_slr_font,0.919953,0.013009,0.066991,4.7e-05,0.919953,144,75523,203,1.409722,2.687923,138,0.958333,1.827258,50,52,True,True,True,True,True,0.01300931435228507,0.06699068564771489,4.7327073265535094e-05,0.9199526729267345,2000,0.9199526729267345,0.8529619872790196
2009/11.html,2009,SLR,"Azath Salley v. Colombo Municipal Council And Others - SLR - 365, Vol 1 of 2009 [2009] LKSC 11; (2009) 1 Sri LR 365 (4 March 2009)",late_slr_font,0.919998,0.007284,0.072716,2e-06,0.919998,113,49080,178,1.575221,3.626732,132,1.168142,2.689487,72,5,True,True,True,False,False,0.007283981998023897,0.07271601800197607,2.0339846241590466e-06,0.9199979660153759,2000,0.9199979660153759,0.8472819480133998
2009/12.html,2009,SLR,"Kanapathipilli v. Sri Lanka Broadcasting Corporation And Others - SLR - 406, Vol 1 of 2009 [2009] LKSC 12; (2009) 1 Sri LR 406 (30 March 2009)",late_slr_font,0.919975,4e-06,0.079996,2.5e-05,0.919975,36,19244,125,3.472222,6.495531,36,1.0,1.870713,21,14,True,True,True,True,True,4.058620670699395e-06,0.07999594137932926,2.533283582551338e-05,0.9199746671641745,2000,0.9199746671641745,0.8399787257848452
2009/13.html,2009,SLR,"Jegan And Another v. Inspector General Of Police And Others - SLR - 417, Vol 1 of 2009 [2009] LKSC 13; (2009) 1 Sri LR 417 (30 March 2009)",late_slr_font,0.919939,0.000176,0.079824,6.1e-05,0.919939,17,6683,43,2.529412,6.434236,16,0.941176,2.394134,12,3,True,False,True,True,False,0.00017590299974205682,0.0798240970002579,6.12168456133544e-05,0.9199387831543867,2000,0.9199387831543867,0.8401146861541288
2009/2.html,2009,SLR,"Ven. Ellawala Medananda Thero v. District Secretary, Ampara And Others - SLR - 54, Vol 1 of 2009 [2009] LKSC 2; (2009) 1 Sri LR 54 (2 December 2009)",late_slr_font,0.919971,0.077463,0.002537,2.9e-05,0.919971,117,23323,17,0.145299,0.728894,116,0.991453,4.973631,20,6,True,True,True,True,True,0.07746296530748732,0.002537034692512633,2.8797905144721804e-05,0.9199712020948553,2000,0.9199712020948553,0.842508236787368
2009/3.html,2009,SLR,"Selan Bank Plc v. Samanellya Teas (Private) Limited And 3 Others - SLR - 134, Vol 1 of 2009 [2009] LKSC 3; (2009) 1 Sri LR 134 (16 February 2009)",late_slr_font,0.919959,0.077301,0.002699,4.1e-05,0.919959,62,17156,10,0.16129,0.582886,60,0.967742,3.497319,16,4,True,True,True,True,True,0.07730103766343153,0.0026989623365684225,4.1097787030723866e-05,0.9199589022129693,2000,0.9199589022129693,0.8426578645495377
2009/4.html,2009,SLR,"International Cement Traders (Pvt) Ltd v. Prime Minister And 30 Others - SLR - 163, Vol 1 of 2009 [2009] LKSC 4; (2009) 1 Sri LR 163 (28 May 2009)",late_slr_font,0.919967,0.077435,0.002565,3.3e-05,0.919967,54,11796,8,0.148148,0.678196,53,0.981481,4.493048,13,3,True,True,True,True,True,0.07743482025167939,0.0025651797483205716,3.3444173832868354e-05,0.9199665558261672,2000,0.9199665558261672,0.8425317355744878
2009/5.html,2009,SLR,"Sivayanama And Another v. People'S Bank And 7 Others - SLR - 180, Vol 1 of 2009 [2009] LKSC 5; (2009) 1 Sri LR 180 (13 May 2009)",late_slr_font,0.919937,0.077683,0.002317,6.3e-05,0.919937,82,15856,10,0.121951,0.630676,77,0.939024,4.856206,18,12,True,True,True,True,True,0.07768262379313927,0.0023173762068606813,6.322502726588742e-05,0.9199367749727342,2000,0.9199367749727342,0.8422541511795949
2009/6.html,2009,SLR,"Captain Nawarathna v. Major General Sarath Fonseka And 6 Others - SLR - 190, Vol 1 of 2009 [2009] LKSC 6; (2009) 1 Sri LR 190 (28 May 2009)",late_slr_font,0.919975,0.077778,0.002222,2.5e-05,0.919975,81,21172,9,0.111111,0.42509,81,1.0,3.825808,18,2,True,True,True,True,True,0.07777822698353573,0.002221773016464233,2.533283582551338e-05,0.9199746671641745,2000,0.9199746671641745,0.8421964401806388
2009/7.html,2009,SLR,"Indrajith Rodrigo v. Central Engineering Consultancy Bureau - SLR - 248, Vol 1 of 2009 [2009] LKSC 7; (2009) 1 Sri LR 248 (17 December 2009)",late_slr_font,0.919979,0.002756,0.077244,2.1e-05,0.919979,78,52028,143,1.833333,2.74852,79,1.012821,1.518413,37,36,True,True,True,True,True,0.002755619200896343,0.07724438079910362,2.0900879311871457e-05,0.9199790991206882,2000,0.9199790991206882,0.8427347183215845
2009/8.html,2009,SLR,"Muktar And Others v. Rathnasiri, Divisional Secretary, Acquiring Officer &Nbsp - SLR - 232, Vol 1 of 2009 [2009] LKSC 8; (2009) 1 Sri LR 232 (18 June 2009)",late_slr_font,0.919859,0.077295,0.002705,0.000141,0.919859,105,27342,17,0.161905,0.621754,93,0.885714,3.401361,33,20,True,True,True,True,True,0.0772946148475375,0.0027053851524624587,0.0001406488077520951,0.9198593511922479,2000,0.9198593511922479,0.8425647363447104
2009/9.html,2009,SLR,"Toyota Lanka (Pvt) Ltd. And Another v. Jayathilaka And Others - SLR - 276, Vol 1 of 2009 [2009] LKSC 9; (2009) 1 Sri LR 276 (20 March 2009)",late_slr_font,0.919975,0.000282,0.079718,2.5e-05,0.919975,56,30460,135,2.410714,4.432042,56,1.0,1.838477,24,26,True,True,True,True,True,0.0002824183376330945,0.07971758166236687,2.533283582551338e-05,0.9199746671641745,2000,0.9199746671641745,0.8402570855018077
2010/1.html,2010,SLR,"Environmental Foundation Ltd. And Others v. Mahawali Authority Of Sri Lanka And Others - SLR - 1, Vol 1 of 2010 [2010] LKSC 1; (2010) 1 Sri LR 1 (17 June 2010)",late_slr_font,0.919985,0.0,0.08,1.5e-05,0.919985,60,39610,255,4.25,6.437768,62,1.033333,1.565261,37,2,True,True,True,True,False,1.808259438362824e-07,0.07999981917405613,1.5365384925618563e-05,0.9199846346150744,2010,0.9199846346150744,0.8399848154410183
2010/2.html,2010,SLR,"Fernando And Others Francis Fernando And Another - SLR - 25, Vol 1 of 2010 [2010] LKSC 2; (2010) 1 Sri LR 25 (30 April 2010)",late_slr_font,0.919942,1e-06,0.079999,5.8e-05,0.919942,18,12176,67,3.722222,5.502628,17,0.944444,1.396189,13,1,True,True,True,True,False,1.4931309878019043e-06,0.07999850686901216,5.828854497413882e-05,0.9199417114550259,2010,0.9199417114550259,0.8399432045860138
2010/3.html,2010,SLR,"Jayasekera Ys. Lakmini And Others - SLR - 41, Vol 1 of 2010 [2010] LKSC 3; (2010) 1 Sri LR 41 (10 October 2010)",late_slr_font,0.919987,0.0,0.08,1.3e-05,0.919987,43,30461,192,4.465116,6.303142,45,1.046512,1.477299,28,1,True,True,False,True,True,7.64832862554243e-08,0.0799999235167137,1.2609307644093627e-05,0.9199873906923559,2010,0.9199873906923559,0.8399874671756422
2010/4.html,2010,SLR,"Mark Rajandran v. First Capital Ltd., Formerly,Commercial Capital Ltd - SLR - 60, Vol 1 of 2010 [2010] LKSC 4; (2010) 1 Sri LR 60 (7 June 2010)",late_slr_font,0.919935,0.0,0.08,6.5e-05,0.919935,16,9767,87,5.4375,8.907546,15,0.9375,1.535784,14,1,True,True,True,True,True,1.5644544593129687e-09,0.0799999984355455,6.468689525561455e-05,0.9199353131047444,2010,0.9199353131047444,0.8399353146691989
2010/5.html,2010,SLR,"Singer Industries (Ceylon) Ltd. v. Ceylon Mercantile Industrial And General Workers Union And Others - SLR - 66, Vol 1 of 2010 [2010] LKSC 5; (2010) 1 Sri LR 66 (7 October 2010)",late_slr_font,0.919956,9.2e-05,0.079908,4.4e-05,0.919956,55,31416,148,2.690909,4.710975,53,0.963636,1.687038,23,1,True,True,False,True,False,9.229514669839563e-05,0.07990770485330156,4.370844962675147e-05,0.9199562915503733,2010,0.9199562915503733,0.8400485866970717
