rule_id,case_id,citation,court,year,statement,supporting_quote,statute_section,section_status,statute_citation_verbatim,statute_citation_grounded,match_type,scope,confidence,method,status
draftly-rule-commonlii-LKCA-1905-33-2,commonlii-LKCA-1905-33,10 NLR 221,LKCA,1905,6 N. L. R. 108; 3 Browne 200. 3,"see Annamalay Pillai v. Perera 2 that a sale in the circumstances in which the substituted plaintiff purchased is absolutely void, and not voidable only, that is to say that the purchaser from a person who has bought at a Fiscal's sale any interest in the land which is the subject of partition derives no title whatever by his purchase. All the previous decisions were reviewed in the case of Annamalay Pillai v. Perera,3 and, in my opinion, the construction placed by Moncreiff and Middleton JJ. on section 17, in view of the language employed in it, was eminently correct. In Dewar Umma v. Ismail Marikar3 Wood Renton J. has construed section 17 in the same way in which it was construed in Annamalay v. Perera 2 by a majority of the Court. The limitation placed by Clarence and Dias JJ. on the words "" any owner "" in section 17 is not justified, because it will resulti in introducing into the enactment certain words of qualification repugnant to the plain intention of the Legislature, which was to expedite and make easy the settlement of land disputes by means of partition actions. I would, therefore, hold that the sale to substituted plaintiff by Karunaratne, although Karunaratne was no party to the action, was absolutely void, because it was a sale by the owner of certain shares pending partition proceedings. The District Judge was, however, wrong in dismissing the action. The appellant's conveyance having been held to be void, it was open to the District Judge, considering that this was a partition action, to strike his name out, and order that Karunaratne be made Foot Notes: 1 (1906) 9 N.. L. R. 217. 2 (1902) 6 N. L. R. 108; 3 Browne 200. 3 (1906) 3 Balasingham 99. 224 a party in the place of the original plaintiff, re-apportioning the shares by allotting to Karunaratne the eleven-fifteenths he had pur-chased which belonged to the original plaintiff and first defendant, and then entering a fresh interlocutory decree on that footing. Although the original plaintiff has admitted that her interests-have passed to Karunaratne, the District Judge will hold an inquiry into his title as derived both from her and the first defendant as a precautionary measure. The decree",,none,,,headnote,ratio,high,headnote,unverified
draftly-rule-commonlii-LKCA-1912-74-2,commonlii-LKCA-1912-74,15 NLR 379,LKCA,1912,That the appellant was entitled to sue for his share of the estate without obtaining letters. Wood Renton,(1) That the grant of letters would not involve the estate in double stamp duty. (2) That the appellant was entitled to sue for his share of the estate without obtaining letters. Wood Renton,,none,,,headnote,ratio,high,headnote,unverified
draftly-rule-commonlii-LKCA-1950-18-2,commonlii-LKCA-1950-18,53 NLR 364,LKCA,1950,"4 N. L. R. 263. ] "". Finally, there is the case of Croos v. Goonewardene Hamine 2[",""" The 368 injury ' complained of was the result of the combined action of all the defendants. It seems to me clear that such a state of affairs implies the ' joint infliction of an affirmative injury ', and, accordingly, one cause of action . . . . Whatever the motives may have been the ' injury ' inflicted is one and the same. It is not the case of separate and unconnected acts, each of which gives rise to a claim in tort; but it is the case of one act done to the prejudice of the plaintiff by the defendants in combination. This is the principle underlying the decision in the case of Aitken Spence & Co. v. The Ceylon Wharfage Company 1[ (1900) 4 N. L. R. 263. ] "". Finally, there is the case of Croos v. Goonewardene Hamine 2[(1902) 5 N. L. R. 259.], the facts of which are instructive as they deal with the "" refusal to fulfil an obligation "". C lent money to 6 and secured its repayment by a mortgage bond. G repaid part of that loan. C then lent G further sums of money, and by an oral understanding the two parties agreed that the mortgage bond was also to secure these further advances by C. G having defaulted, C filed action on the bond. On being advised that he could not maintain the action on the bond, C moved to withdraw the action. G objected to this. On the trial day C was absent, and his action on the bond was dismissed. C thereafter instituted another action against G alleging that he had lent money to G on the oral agreement. It was held that though the action in the f",,none,,,headnote,ratio,high,headnote,unverified
draftly-rule-commonlii-LKCA-1950-77-2,commonlii-LKCA-1950-77,(2000) 2 Sri LR 40,LKCA,1950,"Even assuming that the 1st Defendant Appellant had worked as a tenant cultivator under S, after the assignment of the usufructuary mortgage in favour of the 1st Defendant‐Appellant, the tenancy rights (if 41 any) had suffered extinction through surrender or through both ""surrender and Merger.""","(1) There is no evidence to show that the 1st Defendant Appellant was a cultivator prior to the taking of the usufructuary mortgage bond. (2) Even assuming that the 1st Defendant Appellant had worked as a tenant cultivator under S, after the assignment of the usufructuary mortgage in favour of the 1st Defendant‐Appellant, the tenancy rights (if 41 any) had suffered extinction through surrender or through both ""surrender and Merger."" (3) Surrender takes place when `parties to the contract of tenancy do some act which is so inconsistent with the subsisting relation of landlord and tenant. (4) Usufructuary Mortgage and a tenancy cannot co‐exist. (5) If the tenancy rights had continued and had not been surrendered, if not of volition at least by operation of law valid inception of a usufructuary mortgage would have been made impossible for the two rights are mutually inconsistent and destructive and cannot exist side by side. (6) Merger occurs when qualities of creditor and debtor or when two incompatible rights become united in the same person. A right that had suffered extinguishment through surrender or merger cannot be revived unless there was an agreement to that effect",,none,,,headnote,ratio,high,headnote,unverified
draftly-rule-commonlii-LKCA-1959-52-1,commonlii-LKCA-1959-52,63 NLR 97,LKCA,1959,"(a) that Mohideen Natchchia executed the Last Will No. 418 of 22nd July 1850, a certified copy of the duplicate of which is produced marked P2, and that it was admitted to probate in D. C. Colombo Case No. 1734. (b) that P2 creates a fideicommissum in perpetuity. (c) that there is no proof that Jaleel is alive and should be presumed to be dead. 99 Learned","(a) that Mohideen Natchchia executed the Last Will No. 418 of 22nd July 1850, a certified copy of the duplicate of which is produced marked P2, and that it was admitted to probate in D. C. Colombo Case No. 1734. (b) that P2 creates a fideicommissum in perpetuity. (c) that there is no proof that Jaleel is alive and should be presumed to be dead. 99 Learned",,none,,,headnote,ratio,high,headnote,unverified
draftly-rule-commonlii-LKCA-1961-11-1,commonlii-LKCA-1961-11,63 NLR 56,LKCA,1961,To qualify for exemption under section 7,"To qualify for exemption under section 7(1) (c) there must be income of an "" established "" trust. A trust such as the one in the present case cannot be validly established unless it falls within the definition of "" charitable trust "" contained in section 99 (1) of the Trusts Ordinance. This definition imludea any trust "" for the benefit of the public or any section of the public "" falling within any one of a number of categories which extend to such purposes as the relief of poverty and the advancement of education or knowledge. To satisfy the definition contain d in the Income Tax Ordinance therefore the trust must be a charitable trust "" of a public character "": to be a subsisting charitable trust at all it must be a trust for the benefit of the public or some section of it. In order to determine this question",,none,,,headnote,ratio,high,headnote,unverified
draftly-rule-commonlii-LKCA-1969-46-1,commonlii-LKCA-1969-46,(1996) 2 Sri LR 62,LKCA,1969,"On examining the original Deed P2 the duplicate, and the protocol it is quite clear that there are interpolations, alterations and amendments and all copies are not exact copies. Furthermore the 1st Defendant Respondent denied having consented to the said revocaton, as seen by her letter to the Registrar wherein she had on 16.6.1969 objected to any transfer of her property which she got on P1","(1) On examining the original Deed P2 the duplicate, and the protocol it is quite clear that there are interpolations, alterations and amendments and all copies are not exact copies. Furthermore the 1st Defendant Respondent denied having consented to the said revocaton, as seen by her letter to the Registrar wherein she had on 16.6.1969 objected to any transfer of her property which she got on P1. (2) It is also strange that the Attesting Notary was not called as a witness, instead the Plaintiff‐Respondent called the Clerk, according to whom the protocol only was filled and signed and the signatures of all concerned were obtained in blank forms which were later filled. This was illegal, and therefore there was no due execution of the deed. 63 (3) The net result of this exercise is that transaction that took place is not genuine, and therefore the Deed of Revocation is invalid for want of due execution and that title passed to the 3rd Defendant ‐ Appellant. It was submitted that there was no issue raised on the due execution of the Deed and as such the Court should not rule on the due execution of the Deed of Revocation. Per Anandacoomaraswamy, J. ""Issues can be raised upon evidence and in the course of the trial and even before judgment, the evidence upon which this issue arises was tendered by the Plaintiff‐Respondent and he cannot be heard to complain against it. Further no court can turn a blind eye to such an illegality which if condoned would be a blot on the sanctity attached to notarially attested documents. AN",,none,,,headnote,ratio,high,headnote,unverified
draftly-rule-commonlii-LKCA-1974-12-1,commonlii-LKCA-1974-12,77 NLR 337,LKCA,1974,""" When there is a valid agreement of Hire Purchase and the hirer is in default in payment of the monthly rentals, the owner is in law entitled to retake possession of the article let and dispose of it as he pleases."" The learned Solicitor-General also cited to us H. J. Ransom v. Trilok Nath & others 6 Volume",""" When there is a valid agreement of Hire Purchase and the hirer is in default in payment of the monthly rentals, the owner is in law entitled to retake possession of the article let and dispose of it as he pleases."" The learned Solicitor-General also cited to us H. J. Ransom v. Trilok Nath & others 6 Volume 43 (1942) Criminal Law Journal page 578 where the Oudh Chief Court held that: "" Where a motor lorry is given by a Company to a person on a Hire Purchase system under an agreement, entitling the Company to retake possession of the lorry in case of default of payment of hire by the purchaser, the Company or its agent are not entitled without the consent of the purchaser himself, to retake possession of the lorry by force no express or implied authority to give any consent on behalf of the purchaser."" Foot notes 1 (1922) C. P. D. at 247. 4 (1941) 42 N. L. R. 539. 2 (1924 ) N. P. D. 1. 5 (1970) 76 N. L. R. 193. 3 (1932) 33 N. L. R. 249. 6 Vol. 43 Criminal Law Journal 578. 345 The present case could be distinguished from this case in that here has consented to the owner retaking possession of the vehicle without giving notice of the contract. In Volume 35 (1934) Criminal Law Journal page 761 the Calcutta High Court in the case of Mohammed Abdul Khoyer v. Asgar Khan and another [1 35 Criminal Law Journal 761.] held that: "" Where under an agreement of Hire Purchase the employees of a Company were justified in taking the parts of the machine supplied by them if instalments were",,none,,,headnote,ratio,high,headnote,unverified
draftly-rule-commonlii-LKCA-1974-12-3,commonlii-LKCA-1974-12,77 NLR 337,LKCA,1974,33 N. L. R. 249. 6 Vol. 43 Criminal Law Journal 578. 345 The present case could be distinguished from this case in that here has consented to the owner retaking possession of the vehicle without giving notice of the contract. In Volume,""" When there is a valid agreement of Hire Purchase and the hirer is in default in payment of the monthly rentals, the owner is in law entitled to retake possession of the article let and dispose of it as he pleases."" The learned Solicitor-General also cited to us H. J. Ransom v. Trilok Nath & others 6 Volume 43 (1942) Criminal Law Journal page 578 where the Oudh Chief Court held that: "" Where a motor lorry is given by a Company to a person on a Hire Purchase system under an agreement, entitling the Company to retake possession of the lorry in case of default of payment of hire by the purchaser, the Company or its agent are not entitled without the consent of the purchaser himself, to retake possession of the lorry by force no express or implied authority to give any consent on behalf of the purchaser."" Foot notes 1 (1922) C. P. D. at 247. 4 (1941) 42 N. L. R. 539. 2 (1924 ) N. P. D. 1. 5 (1970) 76 N. L. R. 193. 3 (1932) 33 N. L. R. 249. 6 Vol. 43 Criminal Law Journal 578. 345 The present case could be distinguished from this case in that here has consented to the owner retaking possession of the vehicle without giving notice of the contract. In Volume 35 (1934) Criminal Law Journal page 761 the Calcutta High Court in the case of Mohammed Abdul Khoyer v. Asgar Khan and another [1 35 Criminal Law Journal 761.] held that: "" Where under an agreement of Hire Purchase the employees of a Company were justified in taking the parts of the machine supplied by them if instalments were",,none,,,headnote,ratio,high,headnote,unverified
draftly-rule-commonlii-LKCA-1975-2-1,commonlii-LKCA-1975-2,79 NLR 102,LKCA,1975,"( Wijayatilake, J. dissenting )","( Wijayatilake, J. dissenting ) (1) That the document sued upon is a promissory note payable at a determinable future time and does not fall into the category of a promissory note payable on demand. Accordingly the note should have been appropriately stamped on the basis of a promissory note for the payment at any time otherwise than on demand, viz. with a Rs. 10 stamp. (2) Since the promissory note is not sufficiently stamped it is not admissible in evidence in terms of section 41 of the Stamps Ordinance, and no action based on such a note is maintainable",,none,,,headnote,ratio,high,headnote,unverified
draftly-rule-commonlii-LKCA-1975-6-2,commonlii-LKCA-1975-6,78 NLR 457,LKCA,1975,"An order for alimony pendente lite in favour of the wife necessarily comes to an end upon the death of the husband. A PPEAL from an Order of the District Court, Jaffna. C. Thiagalingam with C. Chellappah and S. Ruthiramoorthy for Appellant. C. Ranganathan with M. Sivarajasingham for Respondent","(1) (Tennekoon C. J. dissenting) that an executor de son tort is a legal representative of the deceased within the meaning of section 341 (1) of the Civil Procedure Code. (2) An order for alimony pendente lite in favour of the wife necessarily comes to an end upon the death of the husband. A PPEAL from an Order of the District Court, Jaffna. C. Thiagalingam with C. Chellappah and S. Ruthiramoorthy for Appellant. C. Ranganathan with M. Sivarajasingham for Respondent",,none,,,headnote,ratio,high,headnote,unverified
draftly-rule-commonlii-LKCA-1976-18-1,commonlii-LKCA-1976-18,79 NLR 85,LKCA,1976,That the State is entitled to take advantage of the provisions of the Prescription Ordinance,"(1) That the State is entitled to take advantage of the provisions of the Prescription Ordinance. (2) That in the present case, the writing P19 relied on by the plaintiff to take the case, outside the period of prescription did not amount to an acknowledgement of the plaintiff's claim and could not therefore defeat the plea of prescription",,none,,,headnote,ratio,high,headnote,unverified
draftly-rule-commonlii-LKCA-1977-2-1,commonlii-LKCA-1977-2,79 NLR 145,LKCA,1977,That inasmuch as the rights of parties must be determined as at the date of action and this vihara had been brought within the operation of section 4,"(1) That inasmuch as the rights of parties must be determined as at the date of action and this vihara had been brought within the operation of section 4(1) of the Buddhist Temporalities Ordinance only during the course of the action, as at the date of the action the temporalities of that vihara too were vested in the respondent. His action was not prescribed therefore in respect of this temple as well and the cross",,none,,,headnote,ratio,high,headnote,unverified
draftly-rule-commonlii-LKCA-1980-45-1,commonlii-LKCA-1980-45,(1980) 2 Sri LR 214,LKCA,1980,P4 is a more solemn document than D3 where the declarant was bound by statute to declare the truth. Sections,"P4 is a more solemn document than D3 where the declarant was bound by statute to declare the truth. Sections 32(5), 32(6) and 50 of the Evidence Ordinance refer to relevance and admissibility and not to presumptions. But such evidence can always be countered by other evidence, as in this case, by evidence more convincing and cogent",,none,,,headnote,ratio,high,headnote,unverified
draftly-rule-commonlii-LKCA-1982-22-1,commonlii-LKCA-1982-22,(1991) 1 Sri LR 243,LKCA,1982,"It is section 46 which lays down the grounds of transfer applicable to every kind of proceeding, be it criminal or civil, quasi civil or quasi criminal. Subsections","It is section 46 which lays down the grounds of transfer applicable to every kind of proceeding, be it criminal or civil, quasi civil or quasi criminal. Subsections (1) and (2) of section 47 are confined to a prosecution. The transfer contemplated in section 47(3) must be restricted to a transfer of a prosecution. An information filed under section 66 of the Primary Courts Procedure 244 Act is clearly not a prosecution. Hence the petitioners were not required to give notice of the",,none,,,headnote,ratio,high,headnote,unverified
draftly-rule-commonlii-LKCA-1982-6-1,commonlii-LKCA-1982-6,(1982) 2 Sri LR 525,LKCA,1982,That the District Judge was correct in his finding and that all the circumstances of the case show that appellant had no right to succeed as Viharadhipathy of Gothami Vihare,That the District Judge was correct in his finding and that all the circumstances of the case show that appellant had no right to succeed as Viharadhipathy of Gothami Vihare,,none,,,headnote,ratio,high,headnote,unverified
draftly-rule-commonlii-LKCA-1983-17-1,commonlii-LKCA-1983-17,(1999) 2 Sri LR 360,LKCA,1983,1. There is nothing in section,"1. There is nothing in section 29 (2) which expressly or impliedly, excludes the operation of section 2 of the Prevention of Frauds Ordinance. Per Atukorale, J. (P/CA) ""Where, as in the instant case, the letting of the residential premises is for a period of not less than 5 years, I am of the opinion that the formalities prescribed by section 2 of the Prevention of Frauds Ordinance should be observed.' 361 2. As the agreement had not been notarially executed it was invalid in law. Hence, the tenant had not contravened section 29 (3) of the Rent Act by failure to vacate the premises at the end of the period specified in the agreement. As such she could not be convicted of an offence under section 42 (2) of the Act",,none,,,headnote,ratio,high,headnote,unverified
draftly-rule-commonlii-LKCA-1983-18-3,commonlii-LKCA-1983-18,(1983) 2 Sri LR 298,LKCA,1983,One of the executants of the power was Priyanthie a minor 9 years old and she could not have executed a Power of Attorney,(1) The power of attorney must be construed strictly. The power was a general one but did not provide Ariyadasa with authority specifically to institute proceedings in the Workmen's Compensation Tribunal. Hence the power of attorney did not empower Ariyadasa to claim compensation on behalf of the dependants in proceedings before the Commissioner of Workmen's Compensation. (2) The Commissioner is not a civil court though some powers of a Civil Court are conferred on him. (3) One of the executants of the power was Priyanthie a minor 9 years old and she could not have executed a Power of Attorney. (4) The Commissioner appointed Sumanawathie as legal representative of the minor Priyanthie. This was valid though done after proceedings were instituted. (5) Sumanawathie was only the mistress of the deceased workman and she was in fact married to one Ackman. The children born to Sumanawathie will be presumed to be children born of lawful wedlock. Hence it was wrong to 299 hold that Priyanthie was an illegitimate child of the deceased workman and she did not come within the definition of dependant of the deceased workman,,none,,,headnote,ratio,high,headnote,unverified
draftly-rule-commonlii-LKCA-1984-28-2,commonlii-LKCA-1984-28,(1985) 1 Sri LR 39,LKCA,1984,Is the land one which the Bank is authorized to acquire ?,(1) In arriving at its decision under s. 71 of the Finance Act No. 11 of 1963 the Bank has to address itself to three questions: (i) Is the land one which the Bank is authorized to acquire ? (ii) Does s. 71 (2) restrict the right of the Bank to acquire (iii) Will the Bank in the exercise of its discretion: acquire the land ? 40 Section 71 (3) of the Finance Act provides that the determination of the Bank shall be final and conclusive and shall not be called in question in any court but this immunity attaches only to decisions on the third question and not on the 1 st and 2nd questions which involve a quasi-judicial process or a process closely analogous to the judicial and affect the rights of subjects and are accordingly subject to judicial review. (2) The determination not to acquire involved the third question and was decided in accordance with the policy of the Bank not to proceed to acquisition where the interests involved are undivided shares in lands and the applicant is not in possession. This is a purely administrative decision guided by considerations of policy and not subject to review by way of certiorari and mandamus. Moreover the decision not to acquire had been made within jurisdiction and in terms of s. 71 (3) read with s. 22 of the Interpretation Ordinance and is final and conclusive and cannot be questioned in any court. (3) The allegation of bias is based on the single circumstance that the 3rd respondent is an employee of the 1st respondent. This is insufficient to establish bias,,none,,,headnote,ratio,high,headnote,unverified
draftly-rule-commonlii-LKCA-1984-3-1,commonlii-LKCA-1984-3,(1985) 1 Sri LR 19,LKCA,1984,The evidence from the documents and grain tax receipts showed that the field was owned and possessed by the temple of which plaintiff was Viharadhipathy,(1) The evidence from the documents and grain tax receipts showed that the field was owned and possessed by the temple of which plaintiff was Viharadhipathy. (2) Although in view of section 26 of the Buddhist Temporalities Ordinance the mortgage of temple land is not valid yet the decree was entered against the plaintiff on his default by a Court of competent jurisdiction and it cannot be said that the decree and consequent sale at which the 2nd defendant bought are a nullity. The plaintiff was a party to the mortgage action and is bound by the decree and sale on it in view of the provisions of section 15 of the Mortgage Act. If the plaintiff was aggrieved by the decree in the mortgage bond action he should have taken action to have the decree set aside. No such action was taken. (3) Fresh evidence in,,none,,,headnote,ratio,high,headnote,unverified
draftly-rule-commonlii-LKCA-1985-15-1,commonlii-LKCA-1985-15,(1985) 2 Sri LR 275,LKCA,1985,Succession to the Viharadhipathyship of a Buddhist temple will be regulated by the form of the original dedication. In the absence of evidence on this point succession will be according to the rule of Sisyanu Sisya Paramparawa,(1) Succession to the Viharadhipathyship of a Buddhist temple will be regulated by the form of the original dedication. In the absence of evidence on this point succession will be according to the rule of Sisyanu Sisya Paramparawa. (2) Apart from the original founder the lawful controlling Viharadhipathy for the time being is also entitled to bequeath the Viharadhipathyship in common to his pupils and they will become entitled to succeed in turn in order of seniority. This mode of succession is not contrary to the rule of Sisyanu Sisya Paramparawa. (3) In the case of a temple exempted from the operation of section 4(1) of the Buddhist Temporalities Ordinance the controlling or de jure Viharadhipathyship has the management and title to the property of the Temple. A de facto Viharadhipathy has no locus standi to sue for possession of the temple property. 276,,none,,,headnote,ratio,high,headnote,unverified
draftly-rule-commonlii-LKCA-1985-15-2,commonlii-LKCA-1985-15,(1985) 2 Sri LR 275,LKCA,1985,Apart from the original founder the lawful controlling Viharadhipathy for the time being is also entitled to bequeath the Viharadhipathyship in common to his pupils and they will become entitled to succeed in turn in order of seniority. This mode of succession is not contrary to the rule of Sisyanu Sisya Paramparawa,(1) Succession to the Viharadhipathyship of a Buddhist temple will be regulated by the form of the original dedication. In the absence of evidence on this point succession will be according to the rule of Sisyanu Sisya Paramparawa. (2) Apart from the original founder the lawful controlling Viharadhipathy for the time being is also entitled to bequeath the Viharadhipathyship in common to his pupils and they will become entitled to succeed in turn in order of seniority. This mode of succession is not contrary to the rule of Sisyanu Sisya Paramparawa. (3) In the case of a temple exempted from the operation of section 4(1) of the Buddhist Temporalities Ordinance the controlling or de jure Viharadhipathyship has the management and title to the property of the Temple. A de facto Viharadhipathy has no locus standi to sue for possession of the temple property. 276,,none,,,headnote,ratio,high,headnote,unverified
draftly-rule-commonlii-LKCA-1985-15-3,commonlii-LKCA-1985-15,(1985) 2 Sri LR 275,LKCA,1985,In the case of a temple exempted from the operation of section 4,(1) Succession to the Viharadhipathyship of a Buddhist temple will be regulated by the form of the original dedication. In the absence of evidence on this point succession will be according to the rule of Sisyanu Sisya Paramparawa. (2) Apart from the original founder the lawful controlling Viharadhipathy for the time being is also entitled to bequeath the Viharadhipathyship in common to his pupils and they will become entitled to succeed in turn in order of seniority. This mode of succession is not contrary to the rule of Sisyanu Sisya Paramparawa. (3) In the case of a temple exempted from the operation of section 4(1) of the Buddhist Temporalities Ordinance the controlling or de jure Viharadhipathyship has the management and title to the property of the Temple. A de facto Viharadhipathy has no locus standi to sue for possession of the temple property. 276,,none,,,headnote,ratio,high,headnote,unverified
draftly-rule-commonlii-LKCA-1985-34-1,commonlii-LKCA-1985-34,(1985) 2 Sri LR 249,LKCA,1985,"The Notary's evidence which was accepted by the trial Court establishes the due execution of the impugned deed of gift. As the original and duplicate of the deed were not available, secondary evidence including the protocol was admissible under s. 65 of the Evidence Ordinance","(1) The Notary's evidence which was accepted by the trial Court establishes the due execution of the impugned deed of gift. As the original and duplicate of the deed were not available, secondary evidence including the protocol was admissible under s. 65 of the Evidence Ordinance. (2) In regard to the registration of the impugned deed of gift although the registration entries and several other relevant documents in the Land Registry were missing still particulars in the Day Book maintained under the Registration of Documents Ordinance by the Land Registry of deeds tendered for registration and deeds registered and the entry of the grantee's name as owner in the Index are admissible as secondary evidence in proof of the contents of the lost or missing folio in the continuation of which the 1st defendant's own deed was registered and of the fact of registration of the deed P1 in the missing folio. (3) Accordingly the deed of gift relied on by the plaintiff prevails over the deed relied on by the 1st defendant both by priority of execution and priority of registration. 250 (4) Although lack of acceptance of the deed of gift was pleaded in the answer no issue on it was raised at the trial There was acceptance on the face of the deed. The question that acceptance has not been proved was raised when written submissions were filed but this is too belated to be entertained Quaere : Is the protocol of a deed kept by the attesting Notary an original document in terms of the Evidence Ordinance ?",,none,,,headnote,ratio,high,headnote,unverified
draftly-rule-commonlii-LKCA-1986-22-3,commonlii-LKCA-1986-22,(1996) 1 Sri LR 346,LKCA,1986,"The indecent haste in including the vehicle for sale and the sale for a paltry sum of Rs. 31,000/‐ disclose a covert manoeuvre by a judicial officer with deliberate assistance by a corrupt Police Officer‐ in‐ Charge of a Police Station","(1) The number plates of the lorry were available and the Court or the O.I.C. Ragama could have found out who the registered owner of the vehicle was. (2) The conduct of the O.I.C. Ragama was fraudulent in that he deliberately misled the Magistrate by filing the 'A' report which led the Magistrate to include the lorry in the public auction. (3) The indecent haste in including the vehicle for sale and the sale for a paltry sum of Rs. 31,000/‐ disclose a covert manoeuvre by a judicial officer with deliberate assistance by a corrupt Police Officer‐ in‐ Charge of a Police Station. (4) The Magistrate acted in contravention of the provisions of section 431(2) of the Code of Criminal Procedure and his action is tainted and does not appear to be a bona fide mistake when one considers his subsequent conduct in sending directions to O.I.C. Peliyagoda and O.I.C Sapugaskanda (in regard to handing over possession of the vehicle). (5) The vehicle was not a property taken in terms of section 29 (b) (of the Code of Criminal Procedure Act) as there was no reason to believe that the vehicle (and its contents) were the instruments or the fruits or evidence of crime. (6) If the legal owner was not known the Magistrate should have acted in terms of section 431(2) of the Code of Criminal Procedure Act, and, as the articles were not perishables, he could have detained them and published a notification in the court notice board and two public places to be decided on by him specifying the articles o",SRC030-s218(k),none,,,headnote,ratio,high,headnote,unverified
draftly-rule-commonlii-LKCA-1986-28-1,commonlii-LKCA-1986-28,(1986) 1 Sri LR 245,LKCA,1986,Although a donation by a Kandyan is expressed in the deed to be absolute and irrevocable under the Kandyan Law (s. 5,"(1) Although a donation by a Kandyan is expressed in the deed to be absolute and irrevocable under the Kandyan Law (s. 5(1)( d )) of the Kandyan Law Declaration and Amendment Ordinance No. 39 of 1938) the gift can be revoked by the donor. (2) Although the deed of gift created a valid fidei commissum, as fidei commissum had been abolished with effect from 12.5.1972 by Law No. 20 of 1972, the donee took free of the fidei commissum. Per Seneviratne, J.: ""....... the principles of Roman-Dutch law can be applied to ascertain whether a deed made by a person subject to the Kandyan law is a fidei commissum, still to determine other connected matters it is the Kandyan law that should be considered. By executing such a deed a person subject to Kandyan law will not be metamorphosed into a person governed by the Roman Dutch law."" (3) The question of revocability is governed by Kandyan law. 246",,none,,,headnote,ratio,high,headnote,unverified
draftly-rule-commonlii-LKCA-1987-27-3,commonlii-LKCA-1987-27,(1987) 2 Sri LR 184,LKCA,1987,The lapse of the notary may render him liable to be prosecuted for contravention of the provisions of the Notaries Ordinance,"(1) The essential elements of due execution of a deed as set out in section 2 of the Prevention of Frauds Ordinance are (a) The deed must be signed by the party making it. (b) It must be signed in the presence of a licensed notary public and two or more witnesses. (c) The notary public and the witnesses must be present at the same time. (d) The execution of the deed must be duly attested by the notary. and the witnesses. The notary is as much an attesting witness as the two witnesses themselves. (2) Where the requirements of the Prevention of Frauds Ordinance have been complied with the mere fact that the notary has inserted a false or wrong date of its execution does not render the deed void. 185 (3) The lapse of the notary may render him liable to be prosecuted for contravention of the provisions of the Notaries Ordinance. (4) The prohibition against alienation pending partition contained in s. 67(1) of the Partition Act applies only to a partition action which"" is duty registered as a lis pendens under the Registration of Documents Ordinance (5) Where the purchase pending partition was by the plaintiff himself the plaintiff cannot be permitted to take advantage of his own wrongful act",,none,,,headnote,ratio,high,headnote,unverified
draftly-rule-commonlii-LKCA-1987-9-1,commonlii-LKCA-1987-9,(1987) 2 Sri LR 190,LKCA,1987,Security is ordered against compensation that may be ordered under S. 667 C.P.C,(1) Security is ordered against compensation that may be ordered under S. 667 C.P.C. (2) Section. 667 C.P.C. contemplates two situations: (1) When the injunction was applied for on insufficient grounds whatever the result of the case may be; (2) In the court's view there was no probable ground for applying for it where the result of the action is against the party obtaining the injunction. (3) Compensation can be awarded firstly on the,,none,,,headnote,ratio,high,headnote,unverified
draftly-rule-commonlii-LKCA-1987-9-2,commonlii-LKCA-1987-9,(1987) 2 Sri LR 190,LKCA,1987,Section. 667 C.P.C. contemplates two situations,(1) Security is ordered against compensation that may be ordered under S. 667 C.P.C. (2) Section. 667 C.P.C. contemplates two situations: (1) When the injunction was applied for on insufficient grounds whatever the result of the case may be; (2) In the court's view there was no probable ground for applying for it where the result of the action is against the party obtaining the injunction. (3) Compensation can be awarded firstly on the,,none,,,headnote,ratio,high,headnote,unverified
draftly-rule-commonlii-LKCA-1988-34-1,commonlii-LKCA-1988-34,(1988) 2 Sri LR 200,LKCA,1988,For granting Probate the rules are,"For granting Probate the rules are: (1) The party propounding the Will must satisfy the conscience of the Court that the instrument propounded is the Last Will of a true and capable testator. (2) If a suspicion attaches to the Will the Court should not pronounce in favour of it until the suspicion is removed. If a party writes or prepares a Will under which he takes a benefit that is a circumstance that ought generally. to incite the suspicion of the Court. The Court must' then be"" vigilant and jealous in examining the evidence in support of the Will though this does not mean that a special measure of proof or a particular' species of proof is required. The principle is that whenever a Will is prepared under circumstances which raise a well-grounded suspicion that it does not express the mind of the' testator the Court ought not to pronounce in favour of it unless that suspicion is removed by the propounder. (3) In addition the Will must be executed according to law. Under Section 4 of the Prevention of Frauds Ordinance (Cap. 70) no Will attested by five witnesses is valid unless it shall be in writing and executed in manner hereinafter mentioned that is to say it shall be signed at the foot or end thereof by the testator or by some other person in his presence and by his direction and such signature shall be made' or acknowledged by the testator in the presence of five or more witnesses present at the same time and such witnesses shall subscribe the Will in the presence of",,none,,,headnote,ratio,high,headnote,unverified
draftly-rule-commonlii-LKCA-1988-9-3,commonlii-LKCA-1988-9,(1988) 2 Sri LR 61,LKCA,1988,The plaintiff' is estopped from maintaining a claim to the Viharadhipathiship in view of his conduct in Case Nos. 17548 and 2,(1) The appointment of Jambuwatte Piyaratne by Ratnajothi on Deed No. 7767 of 14.1 1.1897 was lawful and valid and Piyaratne functioned as de jure Viharadhipathy. The appointment of Sirinivasa and thereafter of the defendant is also valid. 62 (2) The cause of action in both cases 7624 and 17548 is the refusal to pay maintenance. Therefore the present action is not barred by the principle of res judicata. (3) The plaintiff' is estopped from maintaining a claim to the Viharadhipathiship in view of his conduct in Case Nos. 17548 and 22604. (4) The plaintiff had abandoned his claim to the Viharadhipathiship,,none,,,headnote,ratio,high,headnote,unverified
draftly-rule-commonlii-LKCA-1989-41-1,commonlii-LKCA-1989-41,(1989) 2 Sri LR 350,LKCA,1989,The order that can be made under section,The order that can be made under section 69(2) in regard to a right to any land other than the right to possession is a declaration of entitlement of such right after determination by the court subject to a final determination by a competent court and prohibition of all disturbance or interference with the exercise of such right by such a party. The order is of a prohibitory nature preventing an interference with the exercise of such a right. This cannot include a positive order of removal of a structure,,none,,,headnote,ratio,high,headnote,unverified
draftly-rule-commonlii-LKCA-1990-55-2,commonlii-LKCA-1990-55,(1990) 2 Sri LR 319,LKCA,1990,"(b) of the Partition Law, No. 20 of 1977, read with Section","Any tenancy whatsoever in any area where the Rent Act, No. 7 of 1972 is in operation even though it is neither a lease at will nor for a period not exceeding one month would not be wiped out by a partition decree or a certificate of sale in a partition action even though such tenancy is not reserved in the interlocutory or final decree in the partition case. 320 A sub-tenant of premises which are governed by the Rent Act, No. 7 of 1972. is entitled to the protection of Section 52 (2)(b) of the Partition Law, No. 20 of 1977, read with Section 14 (1) of the Rent Act, provided he proves that - (1) there is a lawful tenancy subsisting between the co-owner and the tenant , (2) he is a lawful sub-tenant of such tenant A sub-tenant can shelter behind the protection afforded to the tenant (his immediate landlord) if that protection has not ceased to exist even though the aforesaid sections refer only to a tenant and not to a sub-tenant. When the notice of",,none,,,headnote,ratio,high,headnote,unverified
draftly-rule-commonlii-LKCA-1990-61-1,commonlii-LKCA-1990-61,(1990) 2 Sri LR 244,LKCA,1990,As no revenue is involved in a partition action expressly because all pleadings and documents are exempted from stamp duty the value placed in the pleadings has no effect on the recoverable costs. In terms of the provisions of Section,As no revenue is involved in a partition action expressly because all pleadings and documents are exempted from stamp duty the value placed in the pleadings has no effect on the recoverable costs. In terms of the provisions of Section 57(1)(a) to (c) costs should be determined in accordance with the rates set out in the Fourth Schedule of the Law and this would be on the appraised value of the lot. 245 The subject matter has been appraised by the Commissioner at the final partition and at that stage there appeared to be no objection regarding the correctness and veracity of the valuation. It is belated to attack the appraisement now and the pro-rata costs have to be borne by the parties in terms of Section 57(2) of the Partition Law,,none,,,headnote,ratio,high,headnote,unverified
draftly-rule-commonlii-LKCA-1991-19-1,commonlii-LKCA-1991-19,(1992) 1 Sri LR 49,LKCA,1991,1. In computing the time limits for filing the notice of,1. In computing the time limits for filing the notice of,,none,,,headnote,ratio,high,headnote,unverified
draftly-rule-commonlii-LKCA-1991-29-3,commonlii-LKCA-1991-29,(1995) 2 Sri LR 212,LKCA,1991,Notice of the returnable date is required to be given to the parties so that they may appraise themselves of the contents of the Surveyor's return and object to it if necessary or resort to the special procedure laid down in S,"(1) 'Court' will mean the place of public sitting, where the Judge or judges conduct the hearing of any matter before it. The word 'Court' is one of general use and may acquire distinct meaning in the context in which it appears. It would be misleading and unreasonable to consider; that receipt of papers anywhere in court is receipt by ""the Court"" in the particular usage of these words in the section; especially where the date of such receipt is the commencement of a period of Time Bar imposed by that provision itself. (2) In statutory interpretation there is a presumption that the legislature did not intend what is inconvenient or unreasonable. The rule is that the construction most agreeable to justice and reason should be given. Per Silva, J. ""The provisions of the Partition Law demonstrate that the issuing of a commission for the final survey and fixing the returnable date are not mere administrative steps but events related to the judicial activity of the Court itself at its public sittings."" 213 (3) Notice of the returnable date is required to be given to the parties so that they may appraise themselves of the contents of the Surveyor's return and object to it if necessary or resort to the special procedure laid down in S.48(4). Thus the receipt of the return by ""the Court"" as referred to in S. 48 (4) (a) must necessarily be related to fixing of the returnable date ""in open court,"" as required by S. 27. The word ""Court"" should be construed restrictively to mean only the court at its public sitting and cannot be extended to cover the Registry and its administrative work. Per Silva, J. ""The basic rule of interpretation is that the legislative objective should be advanced and that the provisions be interpreted in keeping with the purpose of the legislature, Interpretation should not have the effect of defeating the objective of the Iegislature and of detracting from its purpose."" (4) Thus the period of 30 days has to be computed after the date the return of the Surveyor is received in open court on a returnable date that had been fixed by court. AN",,none,,,headnote,ratio,high,headnote,unverified
draftly-rule-commonlii-LKCA-1991-50-2,commonlii-LKCA-1991-50,(1992) 1 Sri LR 314,LKCA,1991,"(b) of the Rent Act, the action was really under s","To sue the tenant on the ground of reasonable requirement, the landlord should not own a house or he should own no more than one house. The expression landlord does not include his wife. A landlord who is a life interest holder, or a tenant having a sub-tenant with the consent of the landlord or a co-owner is entitled to maintain an action for ejectment even though he may not own a house. Although the relief claimed was stated to be under s. 22(2)(b) of the Rent Act, the action was really under s. 22(2)(bb). The maxim falsa demonstratio non nocet applies as the parties were not misled by what was only a clerical error",,none,,,headnote,ratio,high,headnote,unverified
draftly-rule-commonlii-LKCA-1991-54-2,commonlii-LKCA-1991-54,(1991) 1 Sri LR 212,LKCA,1991,The Prescription Ordinance regulates the prescription of actions before a civil court and does not apply to proceedings under the Agrarian Services Act,"(1) Under Section 29(4) of the Agrarian Services Act every Assistant Commissioner may exercise all or any of the powers of the Commissioner within the areas to which he is appointed. The Assistant Commissioner had been duly appointed by the Judicial Service Commission. The 1st respondent was therefore empowered to exercise the powers of the Commissioner in respect of the complaint made by the 2nd respondent. The complaint containing the information has been addressed to the person who had jurisdiction to entertain it and hence valid. (2) The Prescription Ordinance regulates the prescription of actions before a civil court and does not apply to proceedings under the Agrarian Services Act. (3) Since the rent payable is fixed by law, the 2nd respondent has no legal duty to speak or act with regard to the quantum of rent and his lack of protest can in no way give rise to an estoppel. (4) The failure to issue receipts would have been material only if there was a dispute with regard to the amount given by the petitioner as rent. (5) The presumption against retrospective operation has no",,none,,,headnote,ratio,high,headnote,unverified
draftly-rule-commonlii-LKCA-1993-31-1,commonlii-LKCA-1993-31,(1993) 2 Sri LR 125,LKCA,1993,1) The defendant-appellant had been appointed as tenant cultivator of the paddy field ' pendente lite ' in breach of S. 67 of the Partition Act. That lease was void. 2) The defendant-appellant is not entitled to the protection under S. 3,1) The defendant-appellant had been appointed as tenant cultivator of the paddy field ' pendente lite ' in breach of S. 67 of the Partition Act. That lease was void. 2) The defendant-appellant is not entitled to the protection under S. 3 (2) of the Agricultural Lands Law,,none,,,headnote,ratio,high,headnote,unverified
draftly-rule-commonlii-LKCA-1994-37-1,commonlii-LKCA-1994-37,(1995) 2 Sri LR 221,LKCA,1994,"A contract of Tenancy need not be in writing; the parties must be agreed on the identity of the premises, the period of Tenancy and the Rent Payable","(1) A contract of Tenancy need not be in writing; the parties must be agreed on the identity of the premises, the period of Tenancy and the Rent Payable. (2) The best test of establishing Tenancy is proof of payment of Rent and the best evidence of payment of Rent is Rent Receipts. 222 (3) S. 52(2) read with S. 48(1) of the Partition Law and S. 14(1) of the Rent Act required Court to determine (i) whether the petitioners had entered into occupation of the premises as Tenants prior to the date of the Final Decree. (ii) whether they were entitled to continue in occupation of the premises as Tenants under the original 1st Respondent. The Petitioners had failed to satisfy Court of the matters aforesaid",,none,,,headnote,ratio,high,headnote,unverified
draftly-rule-commonlii-LKCA-1994-37-2,commonlii-LKCA-1994-37,(1995) 2 Sri LR 221,LKCA,1994,The best test of establishing Tenancy is proof of payment of Rent and the best evidence of payment of Rent is Rent Receipts,"(1) A contract of Tenancy need not be in writing; the parties must be agreed on the identity of the premises, the period of Tenancy and the Rent Payable. (2) The best test of establishing Tenancy is proof of payment of Rent and the best evidence of payment of Rent is Rent Receipts. 222 (3) S. 52(2) read with S. 48(1) of the Partition Law and S. 14(1) of the Rent Act required Court to determine (i) whether the petitioners had entered into occupation of the premises as Tenants prior to the date of the Final Decree. (ii) whether they were entitled to continue in occupation of the premises as Tenants under the original 1st Respondent. The Petitioners had failed to satisfy Court of the matters aforesaid",,none,,,headnote,ratio,high,headnote,unverified
draftly-rule-commonlii-LKCA-1994-38-1,commonlii-LKCA-1994-38,(1995) 2 Sri LR 245,LKCA,1994,"It appears that instead of 29th February 1984, the notice states that the Tenant should vacate on or before 28th February 1984. The Notice falls short by a day of the required time under provision to S","(1) It appears that instead of 29th February 1984, the notice states that the Tenant should vacate on or before 28th February 1984. The Notice falls short by a day of the required time under provision to S. 22(6) of the Rent Act and the requirement under the common law. The Notice to quit is bad in law and it has no force or effect and validity. Per Dr. Grero, J. ""The scheme of the Rent Act is to protect the Tenant in occupation of premises, which fall within the ambit of the Act and any defect, omission, or shortcoming on the part of the landlord in taking steps to eject, the Tenant should not be in favour of the former, but such defect, omission etc., should be decided in favour of the latter."" (2) Article 138 of the Constitution does not help the Plaintiffs-Respondents, as when the statute requires that the Tenant should be given 6 months notice in writing, and it is not followed or complied with it is the Tenant who is prejudiced, because, he is deprived of a Right granted to him by the statute. 246 AN",,none,,,headnote,ratio,high,headnote,unverified
draftly-rule-commonlii-LKCA-1994-38-3,commonlii-LKCA-1994-38,(1995) 2 Sri LR 245,LKCA,1994,"Article 138 of the Constitution does not help the Plaintiffs-Respondents, as when the statute requires that the Tenant should be given 6 months notice in writing, and it is not followed or complied with it is the Tenant who is prejudiced, because, he is deprived of a Right granted to him by the statute. 246 AN","(1) It appears that instead of 29th February 1984, the notice states that the Tenant should vacate on or before 28th February 1984. The Notice falls short by a day of the required time under provision to S. 22(6) of the Rent Act and the requirement under the common law. The Notice to quit is bad in law and it has no force or effect and validity. Per Dr. Grero, J. ""The scheme of the Rent Act is to protect the Tenant in occupation of premises, which fall within the ambit of the Act and any defect, omission, or shortcoming on the part of the landlord in taking steps to eject, the Tenant should not be in favour of the former, but such defect, omission etc., should be decided in favour of the latter."" (2) Article 138 of the Constitution does not help the Plaintiffs-Respondents, as when the statute requires that the Tenant should be given 6 months notice in writing, and it is not followed or complied with it is the Tenant who is prejudiced, because, he is deprived of a Right granted to him by the statute. 246 AN",,none,,,headnote,ratio,high,headnote,unverified
draftly-rule-commonlii-LKCA-1995-13-1,commonlii-LKCA-1995-13,(1995) 2 Sri LR 304,LKCA,1995,The Bills of Lading show that the goods were shipped on 19.10.93. The irrevocable Letter of Credit required a certificate of inspection issued by the Indian Export Council stating that the goods conform to SLS 9,"(1) The Bills of Lading show that the goods were shipped on 19.10.93. The irrevocable Letter of Credit required a certificate of inspection issued by the Indian Export Council stating that the goods conform to SLS 9. (ii) except with regard to width to be produced before it could be honoured. On 10. 11.93 this condition was unilaterally amended by the 1st Respondent requiring a Certificate 305 from CISIR, certifying that the goods conform to SLS 9 part 2 including width. Since the cargo was on Board ship as at that date the Petitioner could not in any way fulfil that condition. Thus it shows that the said condition was included in Bad faith. (2) The 1st Respondent subsequently took delivery of the goods and sold them in the open Market. This was done without any attempt on its part to repudiate the contract and return the goods to the Petitioner. Therefore it is difficult to fathom how then the 1st Respondent could suffer irreparable damage. Per Ranaraja, J. ""A fundamental rule of the law on injunction is that where the damages or loss caused to a party seeking injunctive relief is quantified in damages on a prima facie balance of convenience. Courts should refrain from granting injunctive relief."" (3) As in the case of an irrevocable or confirmed Letter of Credit, a Letter of Indemnity obliges the 3rd Respondent Bank to pay the 2nd Respondent - Shipping Company on it irrespective of any dispute between the Petitioner and the 1st Respondent on the contract regarding the goods. It is an irrevocable obligation with which courts will not interfere with except when there is fraud, by one of the parties to the underlying contract and the Bank had Notice of that fraud. (4) The system of financing these operations would break down completely if a dispute between the Vendor and the purchaser were to have the effect of ""freezing"" the sum in respect of which the Letter of Credit was opened. The Courts jurisdiction to grant injunctions is wide, but this is not a case in which in the exercise of the Courts discretion it ought to grant an injunction",,none,,,headnote,ratio,high,headnote,unverified
draftly-rule-commonlii-LKCA-1995-17-1,commonlii-LKCA-1995-17,(1996) 2 Sri LR 1,LKCA,1995,It is to be noted that no sooner that Petitioner had deposited the sale proceeds into Court he fulfils his obligations and it is the duty of Court to hold that money on behalf of the beneficiary‐the Respondent,(1) It is to be noted that no sooner that Petitioner had deposited the sale proceeds into Court he fulfils his obligations and it is the duty of Court to hold that money on behalf of the beneficiary‐the Respondent. (2) S.47 of the Partition law has no,,none,,,headnote,ratio,high,headnote,unverified
draftly-rule-commonlii-LKCA-1995-17-2,commonlii-LKCA-1995-17,(1996) 2 Sri LR 1,LKCA,1995,S.47 of the Partition law has no,(1) It is to be noted that no sooner that Petitioner had deposited the sale proceeds into Court he fulfils his obligations and it is the duty of Court to hold that money on behalf of the beneficiary‐the Respondent. (2) S.47 of the Partition law has no,,none,,,headnote,ratio,high,headnote,unverified
draftly-rule-commonlii-LKCA-1995-2-2,commonlii-LKCA-1995-2,(1995) 2 Sri LR 25,LKCA,1995,Section 18 permits Court on or before the hearing upon,(1) That provisions of the Civil Procedure Code relating to the joinder of causes of action and parties are rules of procedure and NOT substantative law. Courts should adopt a common sense approach in deciding questions of misjoinder or non-joinder. (2) Section 18 permits Court on or before the hearing upon,,none,,,headnote,ratio,high,headnote,unverified
draftly-rule-commonlii-LKCA-1996-12-3,commonlii-LKCA-1996-12,(1997) 1 Sri LR 373,LKCA,1996,"The judgment and the observations of Gratiaen J., in Girantha v. Maria cannot help the defendant petitioner as the Court was there placing an interpretation on the repealed Section 121 which did not then specifically require the filing of a list of witnesses 15 days before the date of Trial","(1) Section 121(2) requires the party to an action to file a list of witnesses/documents 15 days before the date fixed for trial after notice to the opposite party. The defendant petitioner has filed his list dated 10.1.96, on 29.1.96 after the plaintiff respondent had closed his case on the 4th date of Trial. The trial Judge has found that the defendant petitioner has not sought to explain the delay in filing the list and that it would cause prejudice to the plaintiff respondent if a witness listed at this stage of the trial is permitted to be called after he has closed his case. (2) The learned District Judge has in the circumstances of this case exercised his discretion properly in refusing to permit the evidence of witness 'S' to be led. (3) The judgment and the observations of Gratiaen J., in Girantha v. Maria cannot help the defendant petitioner as the Court was there placing an interpretation on the repealed Section 121 which did not then specifically require the filing of a list of witnesses 15 days before the date of Trial. 374",,none,,,headnote,ratio,high,headnote,unverified
draftly-rule-commonlii-LKCA-1996-22-2,commonlii-LKCA-1996-22,(1997) 2 Sri LR 281,LKCA,1996,A Court cannot grant any relief to a plaintiff except on what he has pleaded and proved to the satisfaction of Court,(i) The plaintiff must set out his title on the basis on which he claims a declaration of title to the land and must prove that title against the defendant. (ii) A Court cannot grant any relief to a plaintiff except on what he has pleaded and proved to the satisfaction of Court. (iii) A defendant should not be called upon to meet a new case or a new position taken by the plaintiff after he has already closed his case,,none,,,headnote,ratio,high,headnote,unverified
draftly-rule-commonlii-LKCA-1996-23-2,commonlii-LKCA-1996-23,(1997) 2 Sri LR 260,LKCA,1996,"Even under the provisions of the Paddy Lands Act, Agricultural Lands Law - all paddy fields are subject to the provisions of the aforesaid Acts","(i) Whether there is a contract of letting and hiring must be viewed in the background of the common law, the Roman Dutch Law as well. The Roman Dutch Law sets out that the rent must be certain and fixed, it may be ascertained or be readily ascertainable, but where the rent is certain there is a valid contract of letting and hiring. The interpretation clause in the Agrarian Services Act in defining the expression letting has adopted the Roman Dutch Law principles. If the rent is fixed in advance for a paddy field for five years without reference to the gazette which would specify the particular rent for different seasons and 261 difficult areas, still there would be a valid contract of letting and hiring in terms of the Act. If the original amount is excessive when the tenant is prosecuted under section 18 read with section 28, he could set off the excess rent paid. If there is a shortfall the landlord is entitled to recover the shortfall in terms of section 17(1) - section 17(5). (ii) Even under the provisions of the Paddy Lands Act, Agricultural Lands Law - all paddy fields are subject to the provisions of the aforesaid Acts. (iii) When there are joint ande cultivators one ande cultivator is entitled to transfer his right to the other. Even in the event of death, the line of devolution and succession is that the joint ande cultivator's rights devolve upon the other and not on his heirs",,none,,,headnote,ratio,high,headnote,unverified
draftly-rule-commonlii-LKCA-1996-35-1,commonlii-LKCA-1996-35,(1996) 2 Sri LR 124,LKCA,1996,The document (P22) is not operative and effective in law to terminate the monthly contract of lease existing between the Petitioner and the LRC,"(1) The document (P22) is not operative and effective in law to terminate the monthly contract of lease existing between the Petitioner and the LRC. (2) In Roman Dutch law, there is nothing called a ""Temporary lease"". There could be monthly lease or leases for a greater period of time over agricultural lands. The lease, which is a contract would generally create Rights in personam and would only have the effect of creating rights in Rem and an interest in land if the lease is executed for a period over one month even an oral contract of locatio ‐ conductio, if proved would be sufficient to constitute a monthly lease in respect of agricultural land. Thereafter on the",,none,,,headnote,ratio,high,headnote,unverified
draftly-rule-commonlii-LKCA-1996-40-3,commonlii-LKCA-1996-40,(1996) 2 Sri LR 66,LKCA,1996,"What was transmitted to J is the alleged Right Title and Interest of P in the corpus. There was no evidence led at the trial that P had vested in himself with any such right to the corpus. What was purported to be transmitted was neither defined dominium nor recognised share but a mere vacuum, no tangible Title was passed onto J. AN","(1) Although there is a duty cast on court to investigate title in a Partition action, the court can do so only within the limits of pleadings, admissions, points of contest, evidence both documentary and oral. Per Anandacoomaraswamy, J. ""Court cannot go on a voyage of discovery tracing the title and finding the shares in the corpus for them; otherwise parties will tender their 67 pleadings and expect the court to do their work and their Attorneys-at‐Law's work for them to get title to those shares in the corpus."" (2) Trust property cannot be seized and sold in execution proceedings. Hence the 8th Defendant‐Appellant gets no shares. (3) What was transmitted to J is the alleged Right Title and Interest of P in the corpus. There was no evidence led at the trial that P had vested in himself with any such right to the corpus. What was purported to be transmitted was neither defined dominium nor recognised share but a mere vacuum, no tangible Title was passed onto J. AN",,none,,,headnote,ratio,high,headnote,unverified
draftly-rule-commonlii-LKCA-1996-6-2,commonlii-LKCA-1996-6,(1997) 2 Sri LR 267,LKCA,1996,"The defendants-appellants are not bona fide possessors; trespassers cannot foist on the owner what they consider to be necessary improvements done without the owners consent and claim compensation. Per Senanayake, J","Per Edussuriya, J. (1) Deed P11 though marked subject to proof was not objected to when the respondents case was closed reading in evidence P1-P17. ""Where no objection is taken when a document is read in evidence at the closure of the case to a document which had been marked subject to proof the earlier objection is deemed to have been waived."" In any event, the Notary gave evidence and had stated that she knew the Donor, Donee and the two attesting witnesses. (2) The defendants-appellants are not bona fide possessors; trespassers cannot foist on the owner what they consider to be necessary improvements done without the owners consent and claim compensation. Per Senanayake, J. (3) ""It is well settled law that a male fide possessor was not entitled under the Roman Dutch Law to compensation for Impensa Utiles, except in cases where the owner of the property stood by and allowed the building to proceed without 268 notice to his own claim, in such a case the male fide possessor would be in the position of a bona fide possessor with the rights of retention."" (4) The appellants cannot under any circumstances according to law claim any compensation on the basis of unjust enrichment. It would be unreasonable to allow him to force on the true owner improvements which may be useful according to his own taste, which the plaintiff-respondent never cared to effect",,none,,,headnote,ratio,high,headnote,unverified
draftly-rule-commonlii-LKCA-1996-6-3,commonlii-LKCA-1996-6,(1997) 2 Sri LR 267,LKCA,1996,"""It is well settled law that a male fide possessor was not entitled under the Roman Dutch Law to compensation for Impensa Utiles, except in cases where the owner of the property stood by and allowed the building to proceed without 268 notice to his own claim, in such a case the male fide possessor would be in the position of a bona fide possessor with the rights of retention.""","Per Edussuriya, J. (1) Deed P11 though marked subject to proof was not objected to when the respondents case was closed reading in evidence P1-P17. ""Where no objection is taken when a document is read in evidence at the closure of the case to a document which had been marked subject to proof the earlier objection is deemed to have been waived."" In any event, the Notary gave evidence and had stated that she knew the Donor, Donee and the two attesting witnesses. (2) The defendants-appellants are not bona fide possessors; trespassers cannot foist on the owner what they consider to be necessary improvements done without the owners consent and claim compensation. Per Senanayake, J. (3) ""It is well settled law that a male fide possessor was not entitled under the Roman Dutch Law to compensation for Impensa Utiles, except in cases where the owner of the property stood by and allowed the building to proceed without 268 notice to his own claim, in such a case the male fide possessor would be in the position of a bona fide possessor with the rights of retention."" (4) The appellants cannot under any circumstances according to law claim any compensation on the basis of unjust enrichment. It would be unreasonable to allow him to force on the true owner improvements which may be useful according to his own taste, which the plaintiff-respondent never cared to effect",,none,,,headnote,ratio,high,headnote,unverified
draftly-rule-commonlii-LKCA-1997-35-2,commonlii-LKCA-1997-35,(1997) 3 Sri LR 202,LKCA,1997,The plaintiff respondent by raising issue,"(1) As to whether the incident or the facts constituting the cause of action arose on 12.6.1984 or 12.6.1994 is a proposition of fact upon which the parties are at variance on the issues that have been settled and accepted by Court. If an issue of law arises in relation to a fact or factual position in regard to which parties are at variance that issue cannot and ought not to be tried first as a preliminary issue of law. (2) The plaintiff respondent by raising issue (3) on the footing that the relevant date was 12.6.1994 and not 12.6.1984 (date set out in the plaint) must clearly be taken to have abandoned the date given in the plaint and the defendant-petitioner not objecting to such a departure or abandonment must be deemed to have clearly acquiesced on the plaintiff raising the issue giving a new date. If there was no such acquiescence the defendant-petitioner ought to have signified or made his objections known. Silence on the part of the defendant-petitioner when there was a duty to object must be taken to mean not only that the defendant- petitioner did in fact consent to the issue being raised on the basis of 12.6.94 but also the defendant did so consent because no prejudice was occasioned to him thereby. 203 Per Gunawardena, J. ""It also needs to be stressed that in a trial of an action the question as to how or in what manner the issues have to be dealt with or tried is primarily matter best left to the discretion of the trial Judge, and a Court exercising appellate or revisionary powers ought to be slow to interfere with that discretion except perhaps, in a case where it is patent or obvious that the discretion has been exercised by the trial Judge not according to reason but according to caprice.""",SRC030-s147,none,,,headnote,ratio,high,headnote,unverified
draftly-rule-commonlii-LKCA-1998-22-2,commonlii-LKCA-1998-22,(1999) 3 Sri LR 367,LKCA,1998,Defendant-appellant's long possession does not give him any prescriptive rights - S,"(1) The Deed of Transfer was executed contrary to law and therefore of no effect in law being null and void. (2) Defendant-appellant's long possession does not give him any prescriptive rights - S. 161. (3) Since the Deed of transfer was ab-initio void, the defendant-appellant is not entitled to get the benefit of the equitable principle of estoppel. 368 (4) Even if the plaintiff-respondent committed a fraud he could not be called upon to give title to something over which he had no right of alienation",,none,,,headnote,ratio,high,headnote,unverified
draftly-rule-commonlii-LKCA-1998-31-1,commonlii-LKCA-1998-31,(1999) 3 Sri LR 301,LKCA,1998,"Per Weerasekera, J: ""Nuisance in my view is one of fact and should be construed as normal and sober people in the country would construe it, though certainly not fanciful something, acts that not merely disturbs bourgeois delicacy or fastidiousness but an annoyance which troubles the mind and peaceful life and ordinary day to day living of an ordinary reasonable person.""","Per Weerasekera, J: ""Nuisance in my view is one of fact and should be construed as normal and sober people in the country would construe it, though certainly not fanciful something, acts that not merely disturbs bourgeois delicacy or fastidiousness but an annoyance which troubles the mind and peaceful life and ordinary day to day living of an ordinary reasonable person."" (1) The District judge erred in his conclusion when he preferred to act only on positive evidence and not draw the inference of how a reasonable man would behave from the evidence of admitted facts. (2) The District Judge erred and misdirected himself factually in the evaluation of the evidence in regard to whether acts complained of were a nuisance 302 and having erred in his understanding of them proceeded to err in law by misdirecting his mind to relate it to contain a concept of mens rea or intention, as the word guilty is used in s. 22 (2)d. (3) It is settled law and that for salutory reasons lest all the basic rules of law particularly that of the rule of Audi Alteram Partem' that if a party to an action intends to raise the plea of prescription it is obligatory on his part to plead that in his pleadings. Per Weerasekara, J. 'For the first time this defence of prescription was permitted after the commencement of the evidence. A practice which in my view is both repugnant to law, reasonableness and fair play and from which Judges should desist.' (4) Where the effect of the Prescription Ordinance is merely to limit the time within which an action may be brought, Court will not take the statute into account unless it is expressly pleaded by way of defence. (5) Party cannot be permitted to present before even the trial Court a case materially different from the case presented in his pleadings and in particular a plea of prescription",,none,,,headnote,ratio,high,headnote,unverified
draftly-rule-commonlii-LKCA-1998-35-1,commonlii-LKCA-1998-35,(1999) 1 Sri LR 240,LKCA,1998,"A claim in reconvention need not arise out of or even be closely connected with the original claim. It should in its nature be capable of being set off against or adjusted with the plaintiffs claim. Per Weerasuriya, J. ""it is settled law that Civil Procedure Code does not restrict the issues to the pleadings. The trial Judge is vested with the duty to ascertain what the parties have intended by the pleadings and frame issues.'","A claim in reconvention need not arise out of or even be closely connected with the original claim. It should in its nature be capable of being set off against or adjusted with the plaintiffs claim. Per Weerasuriya, J. ""it is settled law that Civil Procedure Code does not restrict the issues to the pleadings. The trial Judge is vested with the duty to ascertain what the parties have intended by the pleadings and frame issues.' (ii) A party is not debarred from raising an issue on any matter arising from a claim in reconvention even in the absence of a replication. 241",,none,,,headnote,ratio,high,headnote,unverified
draftly-rule-commonlii-LKCA-1998-50-1,commonlii-LKCA-1998-50,(1999) 3 Sri LR 1,LKCA,1998,1. The Kandyan Law reserves to the donor the right to revoke a gift during his life- time and without the consent of the donee or any other person and therefore it is not open for the donee acting unilaterally to deny the donor a right that is reserved under s. 4,"1. The Kandyan Law reserves to the donor the right to revoke a gift during his life- time and without the consent of the donee or any other person and therefore it is not open for the donee acting unilaterally to deny the donor a right that is reserved under s. 4 (1), and s. 5 (1) and provides for the renunciation of the right to revoke, which right should be expressly renounced by the donor, either in the same deed or by any subsequent instrument. 2 2. S. 4 (1) and s. 5 (1) read together clearly spell out the donors right to revoke, and the donee by a subsequent retransfer to a 3rd party could not defeat the donors right to revoke a gift during his lifetime and without the consent of the donee or any other person. 3. The execution of the deed of revocation was not challenged and not put in issue at the trial. S. 68 of the Evidence Ordinance prohibits the use as evidence of any document required by law to be attested until one attesting witness at least has been called for the purpose of proving its execution. 4. Once a gift becomes void after revocation in terms of s. 4 (1) registration of other deeds or registration in the proper folio will not revive a deed that is void",,none,,,headnote,ratio,high,headnote,unverified
draftly-rule-commonlii-LKCA-1998-55-1,commonlii-LKCA-1998-55,(1999) 3 Sri LR 57,LKCA,1998,1. Document (P1) does not purport to be made by or under the hand of the President as required by section 1,"1. Document (P1) does not purport to be made by or under the hand of the President as required by section 1 (3) of the Appendix II of the Constitution and therefore, is not a valid conveyance",,none,,,headnote,ratio,high,headnote,unverified
draftly-rule-commonlii-LKCA-1999-15-2,commonlii-LKCA-1999-15,(2000) 2 Sri LR 235,LKCA,1999,"(a) it is imperative on the part of the Defendant who seek to have a larger land than that sought to be partitioned to follow the procedure laid down in Ss. 4, 5, 6, of the Partition Law. The Defendant Respondent who sought to partition a larger land than that of the Plaintiff Respondent has not followed the imperative procedure laid down in S","(i) The power given to a Superior Court by way of Revision is wide enough to give it the right to revise any order made by an original court. Its object is the due administration of justice and the correction of errors sometimes committed by the Court itself in order to avoid miscarriage of justice. (ii) On reading S. 19(2)(a) it is imperative on the part of the Defendant who seek to have a larger land than that sought to be partitioned to follow the procedure laid down in Ss. 4, 5, 6, of the Partition Law. The Defendant Respondent who sought to partition a larger land than that of the Plaintiff Respondent has not followed the imperative procedure laid down in S19(2)(g). (iii) The mere registration of the lis pendens alone would not entitle the 2nd Defendant Respondent to have a larger land partitioned unless he follows the procedure laid down in S. 19(2)(a)-(g). 236 Under S. 19(2)(g) requirement of S.12 becomes applicable to a defendant who seeks to have a larger land partitioned. (iv) Error in not following the provisions of S.19(1) amounts to an illegality, thus Revision lies",,none,,,headnote,ratio,high,headnote,unverified
draftly-rule-commonlii-LKCA-1999-15-3,commonlii-LKCA-1999-15,(2000) 2 Sri LR 235,LKCA,1999,The mere registration of the lis pendens alone would not entitle the 2nd Defendant Respondent to have a larger land partitioned unless he follows the procedure laid down in S,"(i) The power given to a Superior Court by way of Revision is wide enough to give it the right to revise any order made by an original court. Its object is the due administration of justice and the correction of errors sometimes committed by the Court itself in order to avoid miscarriage of justice. (ii) On reading S. 19(2)(a) it is imperative on the part of the Defendant who seek to have a larger land than that sought to be partitioned to follow the procedure laid down in Ss. 4, 5, 6, of the Partition Law. The Defendant Respondent who sought to partition a larger land than that of the Plaintiff Respondent has not followed the imperative procedure laid down in S19(2)(g). (iii) The mere registration of the lis pendens alone would not entitle the 2nd Defendant Respondent to have a larger land partitioned unless he follows the procedure laid down in S. 19(2)(a)-(g). 236 Under S. 19(2)(g) requirement of S.12 becomes applicable to a defendant who seeks to have a larger land partitioned. (iv) Error in not following the provisions of S.19(1) amounts to an illegality, thus Revision lies",,none,,,headnote,ratio,high,headnote,unverified
draftly-rule-commonlii-LKCA-1999-28-1,commonlii-LKCA-1999-28,(2000) 2 Sri LR 162,LKCA,1999,S.16 Prevention of Frauds Ordinance requires deeds to be attested in Duplicate. The corrections or deletions in the original and duplicate must be attested in both copies stating that such and such correction took place in the original and such correction in the Duplicate,"(i) S.16 Prevention of Frauds Ordinance requires deeds to be attested in Duplicate. The corrections or deletions in the original and duplicate must be attested in both copies stating that such and such correction took place in the original and such correction in the Duplicate. (ii) Each copy cannot carry only corrections and deletions on its individual body only, then the deed would not be attested in Duplicate. (iii) Under S.31(24) of the Notaries Ordinance duplicate cannot be the draft",,none,,,headnote,ratio,high,headnote,unverified
draftly-rule-commonlii-LKCA-1999-28-2,commonlii-LKCA-1999-28,(2000) 2 Sri LR 162,LKCA,1999,"Each copy cannot carry only corrections and deletions on its individual body only, then the deed would not be attested in Duplicate","(i) S.16 Prevention of Frauds Ordinance requires deeds to be attested in Duplicate. The corrections or deletions in the original and duplicate must be attested in both copies stating that such and such correction took place in the original and such correction in the Duplicate. (ii) Each copy cannot carry only corrections and deletions on its individual body only, then the deed would not be attested in Duplicate. (iii) Under S.31(24) of the Notaries Ordinance duplicate cannot be the draft",,none,,,headnote,ratio,high,headnote,unverified
draftly-rule-commonlii-LKCA-1999-32-2,commonlii-LKCA-1999-32,(1999) 3 Sri LR 416,LKCA,1999,"The want of jurisdiction is patent and not latent, objection to jurisdiction can be taken at any time. ""In such a case it is, in fact, the duty of court itself ex mere motu to raise the point even if the parties fail to do so.""","(1) In terms of S. 14 of the Conciliation Board Act there was a condition precedent for the court to have jurisdiction, but as regards s. 56 of the Debt Conciliation Ordinance there is no such condition precedent attached to it, but there is an absolute bar to jurisdiction. (2) The want of jurisdiction is patent and not latent, objection to jurisdiction can be taken at any time. ""In such a case it is, in fact, the duty of court itself ex mere motu to raise the point even if the parties fail to do so.""",,none,,,headnote,ratio,high,headnote,unverified
draftly-rule-commonlii-LKCA-1999-74-2,commonlii-LKCA-1999-74,(2000) 2 Sri LR 225,LKCA,1999,"Court would always be anxious to give effect to the wishes of the Testator. Court could not allow a matter of form to stand in its way, 226 subject however to the condition that essential elements of execution had been fulfilled. However if there is affirmative evidence to show that there was no due execution Court would no doubt hold against the will even though the will was the act and deed of a free and capable Testator","(i) When evaluating the evidence of the Notary and witness Pin relation to due execution it must be emphasised that Court is obliged to view the testimony - on a balance of probability. (ii) Court would always be anxious to give effect to the wishes of the Testator. Court could not allow a matter of form to stand in its way, 226 subject however to the condition that essential elements of execution had been fulfilled. However if there is affirmative evidence to show that there was no due execution Court would no doubt hold against the will even though the will was the act and deed of a free and capable Testator. (iii) Contradictions in Ps evidence as to how the witnesses were gathered would not be material, in view of the lapse of time from the date of execution to the date of testimony, even the Notary's admission that the attestation was in error and the fact that she was unable to produce the Instruction Book would not cast a doubt on the capacity of the Testator or that there was undue influence or that the execution was fraudulent. The most the affirmations would point to is a lapse in the formalities to be observed in the execution of a Last Will",,none,,,headnote,ratio,high,headnote,unverified
draftly-rule-commonlii-LKCA-2000-1-1,commonlii-LKCA-2000-1,(2000) 3 Sri LR 380,LKCA,2000,The Deed shows unmistakably that the sale of the land was not subject to any ande rights; but the ande rights have been transferred to the Appellant,"(i) The Deed shows unmistakably that the sale of the land was not subject to any ande rights; but the ande rights have been transferred to the Appellant. (ii) From the conduct of the Respondent (tenant) in consenting to be an attesting witness to such a transaction which purports to transfer ande rights, active assent on the part of the Respondent to the waiver or surrender of his rights may be inferred. (iii) As the Respondent was the one who acted as the intermediary an inference that there was a waiver or abandonment of tenancy rights, if not a surrender of such rights by the Respondent is irresistible in the light of the fact that the Respondent had acquiesced in the act of the previous owner of selling the land with the tenancy rights. (iv) It is reasonable to assume that the Respondent consented to be a signatory to the deed, as an attesting witness, as a manifestation of the willingness to sell the land to the Petitioner free of ande rights: (v) Eviction cannot take place subsequent to a surrender of the right to persons. The Commissioner in ordering the restoration of the 381 Respondent had acted without legal power to do so. Prior surrender negates an eviction. Per Gunawardena, J. ""Surrender would be the act of law and would prevail inspite of the intention of parties. Surrender occurs by operation of law, when parties to a lease do some act so inconsistent with the subsisting relation of landlord and tenant as to imply that they have both agreed to consider the Surrender is made. (ii) Surrender differs from abandonment. Abandonment of rights is simply an act on the part of a lessee/tenant. Surrender is a contractual act and occurs by mutual consent. Surrender must be reflected in a consensual act where as abandonment is a unilateral act on the part of the tenant. (iii) The act of the Respondent (tenant - signing such a deed) (as an attesting witness) is tantamount to a representation or holding out by the Respondent, that the Appellant obtains title free from tenancy rights which works an estoppel as against the Respondent (tenant)",SRC030-s147,none,,,headnote,ratio,high,headnote,unverified
draftly-rule-commonlii-LKCA-2000-19-1,commonlii-LKCA-2000-19,(2003) 2 Sri LR 197,LKCA,2000,Section 760A does not specify the mode of filing an,(i) Section 760A does not specify the mode of filing an,,none,,,headnote,ratio,high,headnote,unverified
draftly-rule-commonlii-LKCA-2000-20-2,commonlii-LKCA-2000-20,(2002) 2 Sri LR 43,LKCA,2000,"(a) read together with s. 41, CPC","(i) The Court was obliged initially to have rejected the original plaint since it did not describe the portion encroached upon - s. 46 (2) (a) read together with s. 41, CPC. (ii) When a plan was prepared after ex parte evidence had been partially led and recorded and an amended plaint filed, Court should have issued notice as per s. 93, CPC. Per Wigneswaran, J. ""A Court should not allow amendment of pleadings after an ex parte trial has been ordered. The scheme of the Code had been where the defendant 44 is absent on the day fixed for his appearance and answer, trial ex parte should be held either immediately or as the next step."" (iii) K an ex parte is to be held against a party on a plaint which is innocuous and harmless, the party may keep away knowing fully well that nothing serious was going to take place",,none,,,headnote,ratio,high,headnote,unverified
draftly-rule-commonlii-LKCA-2000-24-1,commonlii-LKCA-2000-24,(2001) 3 Sri LR 252,LKCA,2000,Originally the petitioner and several other residents gave their written consent to the Defendant Respondent (U.C) to widen the roadway upto 12 ft (R8). Subsequently the Plaintiff Respondent Petitioner and6 other residents requested the Chairman of the Development Council to widen the road only upto 10ft (X10),"(i) Originally the petitioner and several other residents gave their written consent to the Defendant Respondent (U.C) to widen the roadway upto 12 ft (R8). Subsequently the Plaintiff Respondent Petitioner and6 other residents requested the Chairman of the Development Council to widen the road only upto 10ft (X10). (ii) R2 and X1 C are documents affecting land, but they are non - Notarial documents. (iii) The matter that the Court has to decide is the validity of documents R2 and X1 C, which deal with the widening of the entirety of the road and not only regarding the widening of the road at the point adjoining the Plaintiff Respondent - Petitioners land. Thus the dispute is not entirely a dispute affecting only the land of the Plaintiff Respondent Petitioner but all other residents of lands adjoining the roadway who had given consent for the widening of the road. (iv) Therefore widening of the road which is based on R2 is a matter which has to be decided amongst signatories to R2 and X1 C. 253 (v) In deciding whether a new party should be allowed under S.18(1) C.P.C the wider construction adopted by English Law is to be preferred",,none,,,headnote,ratio,high,headnote,unverified
draftly-rule-commonlii-LKCA-2000-28-3,commonlii-LKCA-2000-28,(2000) 3 Sri LR 159,LKCA,2000,Standard of Proof is proof beyond reasonable doubt,"(i) There is a difference between the reason given by the Surveyor in his Report to the District Court and that given at the inquiry in court for not carrying out the survey. (ii) The Court had overlooked the omission on the part of the Surveyor to state in the Surveyor's Report the fact that the Appellant, physically interfered with the chain and so prevented and obstructed the survey being done. Per Gunawardena J., ""Traditionally contempts have been classified as being either civil or criminal, the former category comprises disobeying court orders and violating undertakings given to Court while the latter class of contempt is committed in a various of ways, such as, disrupting court process i.e. contempt in the face of court, publications or other acts such as in the case in hand, with persons such as the Surveyor, having duties to discharge in a Court of justice or persons to whom duties are entrusted by the Court. 160 Per Gunawardena J., ""As a general rule when the Surveyor does not act with rigid impartiality, that excites the suspicion of parties which leads to high feelings and high words the reaction of resentment is natural when one is unjustly treated."" (iii) Standard of Proof is proof beyond reasonable doubt",,none,,,headnote,ratio,high,headnote,unverified
draftly-rule-commonlii-LKCA-2000-39-3,commonlii-LKCA-2000-39,(2001) 2 Sri LR 124,LKCA,2000,The direction in the Last will that Lot 11 has been bequeathed to `M indicate that before his death 'B' had acknowledged the existence of Lot 11 in lieu of his undivided rights to the said property. The admissions show that the Defendant - Appellant has accepted posession of the property allotted to the 16th Defendant which forms a part of the estate of `B' in terms of his Lastwill admitted in T/1005/90. D. C. Colombo,"(1) In this instance at the time of the institution of the action, the Executor had not completed the administration of the Estate, for the reason that the land in question was in the possession of the Defendant - Respondent. To be functus officio he has to duly complete the administration of the estate. (ii) The case of the Defendant - Appellant was entirely dependent on the construction of documents and on the conclusion drawn from such documents. There is no allegation that the Trial Judge has over looked or misconstrued some features of the oral testimony. Therefore there is no material to establish that delay of 33 months though reprehensible has occasioned a failure of justice. 125 (iii) The direction in the Last will that Lot 11 has been bequeathed to `M indicate that before his death 'B' had acknowledged the existence of Lot 11 in lieu of his undivided rights to the said property. The admissions show that the Defendant - Appellant has accepted posession of the property allotted to the 16th Defendant which forms a part of the estate of `B' in terms of his Lastwill admitted in T/1005/90. D. C. Colombo",,none,,,headnote,ratio,high,headnote,unverified
draftly-rule-commonlii-LKCA-2000-49-2,commonlii-LKCA-2000-49,(2002) 2 Sri LR 347,LKCA,2000,"However, gifts to a temple, gifts in consideration of marriage, gifts effecting a charitable trust and gifts where right to revoke is renounced s. 8","(1) Kandyan Law gives the right to a donor without the consent of the donee or any other person, such as the life interest holder, to cancel or revoke any gift by an instrument in writing in conformity with the law. (2) However, gifts to a temple, gifts in consideration of marriage, gifts effecting a charitable trust and gifts where right to revoke is renounced s. 8 (1) (d) are the exceptions. (3) Although the donor explained in the deed of gift that he was giving a gift which was irrevocable and absolute under all circumstances, he did not say that he was renouncing his right to revoke such an ""irrevocable and absolute"" gift. The section expected such renunciation in words similar to what is mentioned in s. 5 (1) (a), if a gift was to be considered as an exception to the general rule of revocability of gifts under the Kandyan Law. 348",,none,,,headnote,ratio,high,headnote,unverified
draftly-rule-commonlii-LKCA-2000-49-3,commonlii-LKCA-2000-49,(2002) 2 Sri LR 347,LKCA,2000,"Although the donor explained in the deed of gift that he was giving a gift which was irrevocable and absolute under all circumstances, he did not say that he was renouncing his right to revoke such an ""irrevocable and absolute"" gift. The section expected such renunciation in words similar to what is mentioned in s. 5","(1) Kandyan Law gives the right to a donor without the consent of the donee or any other person, such as the life interest holder, to cancel or revoke any gift by an instrument in writing in conformity with the law. (2) However, gifts to a temple, gifts in consideration of marriage, gifts effecting a charitable trust and gifts where right to revoke is renounced s. 8 (1) (d) are the exceptions. (3) Although the donor explained in the deed of gift that he was giving a gift which was irrevocable and absolute under all circumstances, he did not say that he was renouncing his right to revoke such an ""irrevocable and absolute"" gift. The section expected such renunciation in words similar to what is mentioned in s. 5 (1) (a), if a gift was to be considered as an exception to the general rule of revocability of gifts under the Kandyan Law. 348",,none,,,headnote,ratio,high,headnote,unverified
draftly-rule-commonlii-LKCA-2000-5-2,commonlii-LKCA-2000-5,(2000) 3 Sri LR 93,LKCA,2000,"The above provisions state that ""the amount of damages shall be a charge on any share of the land or any money allotted in such action"" makes it clear that a party will not be prejudiced by the mere fact of not being added as a party - S","(1) According to S.48(5) and S.48(1) it is clear that the only remedy available to a person who was not a party to a partition action, is to file a separate action to recover damages from any party to the action, if he says that his land has been partitioned. (2) The above provisions state that ""the amount of damages shall be a charge on any share of the land or any money allotted in such action"" makes it clear that a party will not be prejudiced by the mere fact of not being added as a party - S.49(1) prevents such prejudice. Per Jayawickrema, J. ""Although in an appropriate case this Court has jurisdiction to act in Revision and restitutio-in-integrum, but where a party has deliberately not shown due diligence even after he was notified by the Surveyor to appear in Court and fails to apply to be added as a party, this Court will not exercise its jurisdiction in his favour."" (2) It is clear that the Petitioners have accepted the finality of the Judgment and the Interlocutory Decree in this action",,none,,,headnote,ratio,high,headnote,unverified
draftly-rule-commonlii-LKCA-2000-51-3,commonlii-LKCA-2000-51,(2001) 3 Sri LR 317,LKCA,2000,Dispossession is not an essential ingredient for actions instituted under the Primary Courts Procedure Act,"(i) It is incumbent upon the Plaintiff Appellants to have instituted action within one year of the alleged dispossession. (ii) The action, by the institution of proceedings envisaged in S.4 of the Prescription Ordinance was one where the Plaintiff in such action shall be entitled to a decree against the Defendant for the restoration of such possession without proof of title. (iii) Dispossession is not an essential ingredient for actions instituted under the Primary Courts Procedure Act",,none,,,headnote,ratio,high,headnote,unverified
draftly-rule-commonlii-LKCA-2000-60-2,commonlii-LKCA-2000-60,(2000) 1 Sri LR 139,LKCA,2000,"(d) of the Rent Act. 2. 'Me word ""guilty"" in section","1. Taken as a whole the acts complained of constitute a nuisance as contemplated by section 22(2)(d) of the Rent Act. 2. 'Me word ""guilty"" in section 22(2)(d) only means that the acts were knowingly done. The tenant's intention in doing them is irrelevant. The lack of mens rea in the sense that the said acts were not intentionally done is not a defence. 3. The cause of action was not prescribed in that the plaintiff relied on the whole course of conduct over a long period of time which constituted a nuisance at the time of filing the action, in 1987. In any event, prescription was not pleaded by way of a defence although the defendant raised other legal defences in the answer. As such the court would ignore the Prescription Ordinance",,none,,,headnote,ratio,high,headnote,unverified
draftly-rule-commonlii-LKCA-2000-68-1,commonlii-LKCA-2000-68,(2002) 2 Sri LR 15,LKCA,2000,"Unlike Bills of Exchange there is no mandatory provision that necessitates the registration of a Trust Receipt in order to prefer any Claim upon it. Furthermore, even prior to the institution of any action the 1st defendant admitted its liability and conceded that recovery could be effected in terms of s. 4, thereby waiving any rights of challenge to recovery in terms of the Trust Receipt Ordinance","(1) Unlike Bills of Exchange there is no mandatory provision that necessitates the registration of a Trust Receipt in order to prefer any Claim upon it. Furthermore, even prior to the institution of any action the 1st defendant admitted its liability and conceded that recovery could be effected in terms of s. 4, thereby waiving any rights of challenge to recovery in terms of the Trust Receipt Ordinance. (2) There had been a recovery of a portion of the amount due by the auctioning of the goods and the sums so recovered had been credited to the aforesaid accounts. There had been no dispute that these sums had been duly credited. In an account stated, the silence of parties is regarded as an admission that the entries are correct. (3) Even where the period of prescription has expired a part payment or an acceptance of the sum which was due would take the case out of the prescriptive period. Part payment into the account of the Bank on which the monies are transacted is a renunciation of the benefit of prescription. (4) A payment 'on account' where there is necessarily an acknowledgment of the debt and implies a promise to pay the balance, prevents prescription from running against the debt. (5) Where a plaintiff relies on a payment as having the effect of preventing",,none,,,headnote,ratio,high,headnote,unverified
draftly-rule-commonlii-LKCA-2001-1-1,commonlii-LKCA-2001-1,(2002) 2 Sri LR 384,LKCA,2001,The appellant has prescribed to the land as seen from,"The appellant has prescribed to the land as seen from - (1) Continued possession of the corpus after the death of E and from 1969 after the widow left the corpus. (2) Planting with coconuts, etc., and enjoying the produce. (3) Friends and relations arranging a marriage in 1970, with the marriage ceremony being taken in the house and premises in suit. (4) The widow of E not attending the marriage ceremony. (5) Building extensions, effecting repairs, renting a portion of the house in 1970. 385 (6) Continued possession after marriage. (7) Payment of rates and taxes from 1973. (8) Long and undisturbed possession of the corpus been corroborated by the evidence of the Grama Sevaka",SRC071-s3,none,,,headnote,ratio,high,headnote,unverified
draftly-rule-commonlii-LKCA-2001-1-3,commonlii-LKCA-2001-1,(2002) 2 Sri LR 384,LKCA,2001,"Planting with coconuts, etc., and enjoying the produce","The appellant has prescribed to the land as seen from - (1) Continued possession of the corpus after the death of E and from 1969 after the widow left the corpus. (2) Planting with coconuts, etc., and enjoying the produce. (3) Friends and relations arranging a marriage in 1970, with the marriage ceremony being taken in the house and premises in suit. (4) The widow of E not attending the marriage ceremony. (5) Building extensions, effecting repairs, renting a portion of the house in 1970. 385 (6) Continued possession after marriage. (7) Payment of rates and taxes from 1973. (8) Long and undisturbed possession of the corpus been corroborated by the evidence of the Grama Sevaka",SRC071-s3,none,,,headnote,ratio,high,headnote,unverified
draftly-rule-commonlii-LKCA-2001-22-1,commonlii-LKCA-2001-22,(2002) 2 Sri LR 52,LKCA,2001,By virtue of s. 2 a cultivator of any extent of paddy land let to him under either oral or written agreement shall be subject to the provisions of the Act,"(1) By virtue of s. 2 a cultivator of any extent of paddy land let to him under either oral or written agreement shall be subject to the provisions of the Act. (2) Cessation of Tenancy rights in violation of s. 11 (2) would be null and void. (3) Interpretation section (s. 68) could not be used to deprive a tenant cultivator of his tenancy rights simply because the tenant cultivator acquired the status of a usufructuary mortgagee. 53 Per Udulagama, J. ""Notwithstanding the meaning given to ""Owner Cultivator"" in s. 68 even if he becomes a ususfructuary mortgagee, vide s. 2, when the appellant became a Tenant Cultivator' he could cede his rights only as provided for by ss. 11 (2) and 11 (3) ... the tenant only keeps to himself the ground rent due to the landlord by virtue of the said usufructuary bond.""",,none,,,headnote,ratio,high,headnote,unverified
draftly-rule-commonlii-LKCA-2001-22-2,commonlii-LKCA-2001-22,(2002) 2 Sri LR 52,LKCA,2001,Cessation of Tenancy rights in violation of s,"(1) By virtue of s. 2 a cultivator of any extent of paddy land let to him under either oral or written agreement shall be subject to the provisions of the Act. (2) Cessation of Tenancy rights in violation of s. 11 (2) would be null and void. (3) Interpretation section (s. 68) could not be used to deprive a tenant cultivator of his tenancy rights simply because the tenant cultivator acquired the status of a usufructuary mortgagee. 53 Per Udulagama, J. ""Notwithstanding the meaning given to ""Owner Cultivator"" in s. 68 even if he becomes a ususfructuary mortgagee, vide s. 2, when the appellant became a Tenant Cultivator' he could cede his rights only as provided for by ss. 11 (2) and 11 (3) ... the tenant only keeps to himself the ground rent due to the landlord by virtue of the said usufructuary bond.""",,none,,,headnote,ratio,high,headnote,unverified
draftly-rule-commonlii-LKCA-2001-26-1,commonlii-LKCA-2001-26,(2001) 2 Sri LR 156,LKCA,2001,The Order of the High Court Judge refusing the,(i) The Order of the High Court Judge refusing the,,none,,,headnote,ratio,high,headnote,unverified
draftly-rule-commonlii-LKCA-2001-28-3,commonlii-LKCA-2001-28,(2002) 2 Sri LR 1,LKCA,2001,"It is possible for parties to a partition action to compromise their disputes, provided the Court has fully investigated the title of each party and satisfied itself as to their respective rights. 2","(1) Though the 1st defendant-respondent was precluded from raising a contest or disputing the claim of any party without leave of Court due to his default in filing a Statement of Claim, he is not precluded from relying on the title pleaded by the plaintiff-appellant. (2) The 1st defendant-respondent cannot be deprived of his rights by a private arrangement made by the plaintiff-respondent with other defendant-respondents, the Court has failed in its duty to examine title. (3) It is possible for parties to a partition action to compromise their disputes, provided the Court has fully investigated the title of each party and satisfied itself as to their respective rights. 2 (4) A Court whose act has caused injury to a suitor, has an inherent power to make restitution - this power is exercisable by a Court of original jurisdiction as well as by 3 superior Court",,none,,,headnote,ratio,high,headnote,unverified
draftly-rule-commonlii-LKCA-2001-34-1,commonlii-LKCA-2001-34,(2002) 3 Sri LR 243,LKCA,2001,Where there has been a settlement or compromise it must be in strict compliance with the provisions of section 91 and section 408 of the Civil Procedure Code,(1) Where there has been a settlement or compromise it must be in strict compliance with the provisions of section 91 and section 408 of the Civil Procedure Code. (2) It is possible for parties to a partition action to compromise their disputes provided the court has investigated the title of each party and satisfied itself as to the respective rights and allotment of shares upon the compromise reached by parties,,none,,,headnote,ratio,high,headnote,unverified
draftly-rule-commonlii-LKCA-2001-40-3,commonlii-LKCA-2001-40,(2002) 1 Sri LR 160,LKCA,2001,"Heir would include an executor, an administrator or next of kin. The 1st defendant-appellant had not denied the fact that she was indeed the heir and or the legal representative of the deceased N","(1) In the pleadings set out in the answer of the 1st defendant-appellant, there was no denial of the relationship of husband and wife. (2) The basis of her liability as heir to the estate of N was also not denied. (3) Heir would include an executor, an administrator or next of kin. The 1st defendant-appellant had not denied the fact that she was indeed the heir and or the legal representative of the deceased N. 161 (4) The 1st defendant-appellant had not led evidence that she was not the legal representative of the estate of the late N in terms of section 394 (2) of the Civil Procedure Code. (5) Nor was any evidence adduced that the 1st defendant-appellant who was admittedly the widow had not intermeddled with her husband's estate and thereby not constituted herself an executor de son tort. (6) The 1st defendant-appellant had denied that there was a cause of action against her late husband. By her categorical disclaimer of the liability of her late husband, she has acted at all times as a party interested in safeguarding the rights of the estate of her late husband. (7) The plaintiff-respondents had established the nexus as between the purported liability of N and the 1st defendant-appellant representing the estate of the late N. (8) Expression ""next of kin"" in s. 394 (2) of the Civil Procedure Code included a widow who was an intestate heir under the Matrimonial Rights and Inheritance Ordinance. Held, further - (9) The amending law No. 6 of 1990, provided for the substitution of the person who is alleged to be the legal representative. The appointment of a substituted defendant with exact precision was not intended. This is because, sometimes the party instituting action does not know the names of the executor/administrator, the administrator may not be appointed within the prescriptive period of the action",,none,,,headnote,ratio,high,headnote,unverified
draftly-rule-commonlii-LKCA-2001-45-2,commonlii-LKCA-2001-45,(2001) 3 Sri LR 56,LKCA,2001,"Under S.147 C. E C a case to be disposed of as a preliminary issue it should be a pure question of law, which goes to the jurisdiction of the case. Judges of original courts should as far as possible go through the entire trial and answer all the issues unless they are certain that a pure question of law without the leading of evidence can dispose of the case.""","(i) Since the District Court was of the opinion that this case ought not be disposed of on the issues of law only without any evidence being led, it is not for this Court to invite the District Judge to form a contrary opinion. (ii) Under S.147 C. E C a case to be disposed of as a preliminary issue it should be a pure question of law, which goes to the jurisdiction of the case. Judges of original courts should as far as possible go through the entire trial and answer all the issues unless they are certain that a pure question of law without the leading of evidence can dispose of the case."" 57 (iii) In this case the questions of law are intricately tied up with questions of fact. S. 147 is discretionary in that what is relevant is the opinion of Court",SRC030-s147,none,,,headnote,ratio,high,headnote,unverified
draftly-rule-commonlii-LKCA-2001-45-3,commonlii-LKCA-2001-45,(2001) 3 Sri LR 56,LKCA,2001,In this case the questions of law are intricately tied up with questions of fact. S. 147 is discretionary in that what is relevant is the opinion of Court,"(i) Since the District Court was of the opinion that this case ought not be disposed of on the issues of law only without any evidence being led, it is not for this Court to invite the District Judge to form a contrary opinion. (ii) Under S.147 C. E C a case to be disposed of as a preliminary issue it should be a pure question of law, which goes to the jurisdiction of the case. Judges of original courts should as far as possible go through the entire trial and answer all the issues unless they are certain that a pure question of law without the leading of evidence can dispose of the case."" 57 (iii) In this case the questions of law are intricately tied up with questions of fact. S. 147 is discretionary in that what is relevant is the opinion of Court",SRC030-s147,none,,,headnote,ratio,high,headnote,unverified
draftly-rule-commonlii-LKCA-2001-47-1,commonlii-LKCA-2001-47,(2001) 3 Sri LR 72,LKCA,2001,On a perusal of the proceedings it is seen that the Plaintiff's son has been added as a party in terms of S,"(i) On a perusal of the proceedings it is seen that the Plaintiff's son has been added as a party in terms of S. 18(2) and therefore not entitled to call himself a substituted Plaintiff and proceed to file Plaint. If the Plaintiff desired to amend the Plaint after the son was brought in as an added party there will be no objection for the Plaintiff to amend the Plaint with leave of Court. (ii) There is no provision for the party added to assume the status of a substituted Plaintiff and thereafter file Plaint because there is already before Court a Plaint on which the proceedings have commenced. (iii) The words .......... ""as the case may require"" in S. 404 cannot be used indiscriminately",,none,,,headnote,ratio,high,headnote,unverified
draftly-rule-commonlii-LKCA-2001-68-1,commonlii-LKCA-2001-68,(2002) 1 Sri LR 33,LKCA,2001,"Despite that deed No. 2078 had the effect of reducing the rights which the plaintiff-appellant was entitled to, it cannot be gainsaid that deed No. 2078 has caused the plaintiff-appellant the owner of a divided and distinct unit, viz premises No. 14/2","(1) Despite that deed No. 2078 had the effect of reducing the rights which the plaintiff-appellant was entitled to, it cannot be gainsaid that deed No. 2078 has caused the plaintiff-appellant the owner of a divided and distinct unit, viz premises No. 14/2. (2) The Roman Dutch Law relating to ratification is in force in Sri Lanka. The Roman Dutch Law permits ratification after majority, of an invalid contract of a minor and differs from the English Law, which denies to a minor the right to ratify certain classes of contract. 34 (3) In our law a contract upon ratification by a minor after attaining majority becomes as binding upon him as if it had been executed after his majority and it is effective from the time the contract was made. (4) Ratification may be express or implied from some act by the minor manifesting an intention to ratify. The facts clearly establish that there was implied ratification of the deed, by the plaintiff-appellant after attaining majority",,none,,,headnote,ratio,high,headnote,unverified
draftly-rule-commonlii-LKCA-2001-81-1,commonlii-LKCA-2001-81,(2001) 3 Sri LR 8,LKCA,2001,There is no requirement that Notice should be given when a case is instituted according to the provisions of S,(i) There is no requirement that Notice should be given when a case is instituted according to the provisions of S.22(1)d. (ii) When the Plaint states that he was convicted that conviction itself suffice to file an action for the ejectment of the tenant. (iii) With the conviction of the tenant the tenancy agreement comes to an end. The conviction itself can be regarded as a termination of the tenancy agreement,,none,,,headnote,ratio,high,headnote,unverified
draftly-rule-commonlii-LKCA-2001-89-2,commonlii-LKCA-2001-89,(2001) 3 Sri LR 365,LKCA,2001,Inspite of the said Report the Plaintiff either by design or inadvertence failed to act under S.5,"(i) The Commissioner by his Report which was not disputed by the Plaintiff has in no uncertain terms brought to the Notice of Court and to the Plaintiff that lots 1. 2, 3, 5, 8 and 6 do not form part of the corpus. (ii) Inspite of the said Report the Plaintiff either by design or inadvertence failed to act under S.5 (iii) The Court too ignored the Surveyor's Report and allowed portions that fell outside the corpus to be included without even notice to interested parties as provided by S.5. (iv) No effort was made to issue notice on the necessary parties. (v) On the bare statement of the Plaintiff lots 2, 3, 5 had been included despite the clear finding of the surveyor. Per Udalagama, J. ""It is settled law that the revisionary powers of the Court of",,none,,,headnote,ratio,high,headnote,unverified
draftly-rule-commonlii-LKCA-2001-89-3,commonlii-LKCA-2001-89,(2001) 3 Sri LR 365,LKCA,2001,The Court too ignored the Surveyor's Report and allowed portions that fell outside the corpus to be included without even notice to interested parties as provided by S.5,"(i) The Commissioner by his Report which was not disputed by the Plaintiff has in no uncertain terms brought to the Notice of Court and to the Plaintiff that lots 1. 2, 3, 5, 8 and 6 do not form part of the corpus. (ii) Inspite of the said Report the Plaintiff either by design or inadvertence failed to act under S.5 (iii) The Court too ignored the Surveyor's Report and allowed portions that fell outside the corpus to be included without even notice to interested parties as provided by S.5. (iv) No effort was made to issue notice on the necessary parties. (v) On the bare statement of the Plaintiff lots 2, 3, 5 had been included despite the clear finding of the surveyor. Per Udalagama, J. ""It is settled law that the revisionary powers of the Court of",,none,,,headnote,ratio,high,headnote,unverified
draftly-rule-commonlii-LKCA-2001-91-1,commonlii-LKCA-2001-91,(2002) 1 Sri LR 93,LKCA,2001,Proof of due execution would be on a balance of probability,"(1) Proof of due execution would be on a balance of probability. (2) Non-compliance of the Rules in section 31 of the Notaries Ordinance does not invalidate a deed. Section 33 protects a deed. (3) The absence of a mark by the executant at most would be non-observance by the Notary of the Rules specified in section 31. Per Udalagama, J. ""It is my view that the essential element of due execution is to comply with the provisions of section 2 of the Prevention of Frauds Ordinance.""",,none,,,headnote,ratio,high,headnote,unverified
draftly-rule-commonlii-LKCA-2001-91-3,commonlii-LKCA-2001-91,(2002) 1 Sri LR 93,LKCA,2001,"The absence of a mark by the executant at most would be non-observance by the Notary of the Rules specified in section 31. Per Udalagama, J. ""It is my view that the essential element of due execution is to comply with the provisions of section 2 of the Prevention of Frauds Ordinance.""","(1) Proof of due execution would be on a balance of probability. (2) Non-compliance of the Rules in section 31 of the Notaries Ordinance does not invalidate a deed. Section 33 protects a deed. (3) The absence of a mark by the executant at most would be non-observance by the Notary of the Rules specified in section 31. Per Udalagama, J. ""It is my view that the essential element of due execution is to comply with the provisions of section 2 of the Prevention of Frauds Ordinance.""",,none,,,headnote,ratio,high,headnote,unverified
draftly-rule-commonlii-LKCA-2001-96-3,commonlii-LKCA-2001-96,(2002) 1 Sri LR 1,LKCA,2001,"Since the commencement of the tenancy is not referable to the deed of lease, the 4th defendant-respondent is not precluded from claiming a valid monthly tenancy. 2","(1) The 1st and 2nd defendant-respondents by a Notarial deed leased the premises in question to the 4th defendant-appellant for a period of 10 years. However, the deed of lease had been executed after the partition action was duly registered as a lis pendens and therefore is void and of no effect in law - sections 66 (1) and (2). (2) Evidence led shows that the 4th defendant-respondent became a monthly tenant prior to the purported lease agreement. (3) Since the commencement of the tenancy is not referable to the deed of lease, the 4th defendant-respondent is not precluded from claiming a valid monthly tenancy. 2 (4) It could be said that the 4th defendant-respondent had come into occupation of the premises as the tenant at the behest of the 1st defendant-respondent who had acted as the agent of all the co-owners. The protection afforded by the Rent Act is available to the tenant as against all the co-owners on the ground that parties has acquiesced in the letting",,none,,,headnote,ratio,high,headnote,unverified
draftly-rule-commonlii-LKCA-2001-97-2,commonlii-LKCA-2001-97,(2004) 1 Sri LR 48,LKCA,2001,Any settlement or compromise must be in strict compliance with sec'tions 91 and 408 of the Civil Procedure Code,"(i) it is possible for the parties to a partition action to compromise their disputes provided that the court has investigated the title of each party and satisfied itself as to their respective rights. (ii) Any settlement or compromise must be in strict compliance with sec'tions 91 and 408 of the Civil Procedure Code. (iii) It is the obligation of the trial Judge to investigate title first and having been satisfied that the parties before it alone have interests in the land and thereafter allow the parties to compromise their dispute. (iv) It is necessary to observe that the respective shares or interests given to each party is based on the compromise reached and not on the examination of the title. (v) If the compromise was lacking in precision and did not strictly conform to sections 91 and 408 of the Civil Procedure Code and it leads to con'fusion and uncertainty, any decree entered on it could be attacked on the ground of want of mutuality",,none,,,headnote,ratio,high,headnote,unverified
draftly-rule-commonlii-LKCA-2002-17-3,commonlii-LKCA-2002-17,(2003) 3 Sri LR 137,LKCA,2002,The 5th defendant-appeliant whose notice of,"(i) The Judgment was delivered on 20.12.96 and Interlocutory Decree was signed on 29.4.97. thereby deciding the rights of parties. 138 (ii) Rights of parties had been disposed finally before the order on the defendant-appellants petition was made on 17.2.98, the suit was not kept alive to determine the rights of parties, but kept alive only for the purpose of partitioning the corpus. (iii) The 5th defendant-appeliant whose notice of",,none,,,headnote,ratio,high,headnote,unverified
draftly-rule-commonlii-LKCA-2002-22-2,commonlii-LKCA-2002-22,(2003) 2 Sri LR 190,LKCA,2002,The caption of the plaint indicated that the plaintiff was resident within the local limits of the court. The plaint is defective and direction to amend the caption is valid. An,(1) A Power of Attorney is valid - section 25(a) - only if the grantor is not with in the jurisdiction of the court. (2) The caption of the plaint indicated that the plaintiff was resident within the local limits of the court. The plaint is defective and direction to amend the caption is valid. An,,none,,,headnote,ratio,high,headnote,unverified
draftly-rule-commonlii-LKCA-2002-26-1,commonlii-LKCA-2002-26,(2003) 2 Sri LR 182,LKCA,2002,"Arbitration clauses in contracts are of two main kinds,","(i) Arbitration clauses in contracts are of two main kinds, (i) bare arbitra'tion agreements (ii) agreements making an arbitration award a condi'tion precedent to any right of action. (ii) The lease agreement and the guarantee bond have been entered into by the parties on 17.7.75. The Arbitration Act, No. 11 of 1995 came into operation on 1.8. 1995. Though section 5 debars the jurisdiction of court in respect of a dispute covered by an arbitration agreement, the Act came into operation after the execution of the lease agreement. The parties are bound to oblige with conditions of agreement entered at the time of its execution. (iii) On a perusal of the lease agreement, the only inference that could be drawn is that, the option for arbitration/or to institute legal proceedings in court is vested with the lessor, (iv) The arbitration clause in the lease agreement is only a bare agreement to arbitrate and is not a condition precedent to the institution of legal action in court. 183",,none,,,headnote,ratio,high,headnote,unverified
draftly-rule-commonlii-LKCA-2002-27-1,commonlii-LKCA-2002-27,(2002) 3 Sri LR 49,LKCA,2002,Registration is not conclusive proof of ownership,"(1) Registration is not conclusive proof of ownership. (2) Other evidence that is relevant has to be considered. Per Dissanayake, J. ""A person whose name is registered as owner of a motor vehicle is deemed to be the owner, only for the purposes of the Registration, that is render him liable to all those duties which the law cast upon the owner of such a motor vehicle."" 50 (3) In terms of section 736 of the Civil Procedure Code a contest that arises between the accounting party and any other party in respect of property alleged to belong to the estate, to which the accounting party lays claim, that contest must be tried in the same special proceeding, ie the proceeding for judicial settlement",,none,,,headnote,ratio,high,headnote,unverified
draftly-rule-commonlii-LKCA-2002-27-2,commonlii-LKCA-2002-27,(2002) 3 Sri LR 49,LKCA,2002,"Other evidence that is relevant has to be considered. Per Dissanayake, J. ""A person whose name is registered as owner of a motor vehicle is deemed to be the owner, only for the purposes of the Registration, that is render him liable to all those duties which the law cast upon the owner of such a motor vehicle.""","(1) Registration is not conclusive proof of ownership. (2) Other evidence that is relevant has to be considered. Per Dissanayake, J. ""A person whose name is registered as owner of a motor vehicle is deemed to be the owner, only for the purposes of the Registration, that is render him liable to all those duties which the law cast upon the owner of such a motor vehicle."" 50 (3) In terms of section 736 of the Civil Procedure Code a contest that arises between the accounting party and any other party in respect of property alleged to belong to the estate, to which the accounting party lays claim, that contest must be tried in the same special proceeding, ie the proceeding for judicial settlement",,none,,,headnote,ratio,high,headnote,unverified
draftly-rule-commonlii-LKCA-2002-47-3,commonlii-LKCA-2002-47,(2003) 2 Sri LR 144,LKCA,2002,"Even if in fact the notary has failed to comply with any provision in sec'tion 31 of the Notaries Ordinance, it is well settled law that the validity of the deed is not thereby affected (section 33)","(i) By calling the notary and the attesting witness the defendants-respon'dents have led the best possible evidence, and that too coming from independent witnesses and in the circumstances there was no neces'sity to call the 2nd defendant-respondent. Per Somawansa, J. ""What section 144 of the Evidence Ordinance provides for is the com'mon sense advice that court may from a proved fact infer another fact which it thinks is likely to be true regard being had to human conduct and common course of natural events."" (ii) The defendants-respondents' position that the deeds were signed by the parties in the presence of the notary and witness is more probable. 145 (iii) Even if in fact the notary has failed to comply with any provision in sec'tion 31 of the Notaries Ordinance, it is well settled law that the validity of the deed is not thereby affected (section 33)",,none,,,headnote,ratio,high,headnote,unverified
draftly-rule-commonlii-LKCA-2002-60-3,commonlii-LKCA-2002-60,(2003) 2 Sri LR 262,LKCA,2002,"Hence the deeds did convey title. Per Somawansa, J. ""Roman Dutch Law is in accord with the general principle that a person cannot be a judge in his own cause, and that when he wishes to get rid of the effect of his own act he must seek the assistance of the court""","(i) Sale of immovable property by a minor without the sanction of a compe'tent court is voidable and not void and the minor may relieve himself from the consequences of the contract by way of a regular action. (ii) In the instant case since the sale was by the 5th defendant-appellant-minor-himself it was necessary for him to seek the assistance of court to set aside the deed of transfer executed by him while he was a minor by means of restitutio-in-integrum or some equivalent legal pro'ceedings, which he had failed to do upto date. (iii) Hence the deeds did convey title. Per Somawansa, J. ""Roman Dutch Law is in accord with the general principle that a person cannot be a judge in his own cause, and that when he wishes to get rid of the effect of his own act he must seek the assistance of the court"". 263",SRC051-s10(1),none,,,headnote,ratio,high,headnote,unverified
draftly-rule-commonlii-LKCA-2002-61-1,commonlii-LKCA-2002-61,(2003) 2 Sri LR 128,LKCA,2002,Enso Nona's marriage certificate had been issued not under the provi'sions of the Marriage and Divorce (Kandyan) Act but under the Marriage Registration Ordinance,"(i) Enso Nona's marriage certificate had been issued not under the provi'sions of the Marriage and Divorce (Kandyan) Act but under the Marriage Registration Ordinance. (ii) Section 3(2) of the Marriage and Divorce (Kandayn) Act provides a marriage between a person subject to Kandyan Law solemnized and registered under the Marriage Registration Ordinance shall not affect the rights of such persons to succeed to property under the Kandyan Law. (iii) Since the certificate of marriage of Enso Nona which is one issued under the General Marriages Ordinance, where an entry with regard to the nature of marriage is absent, the presumption is that the marriage is Diga and not Binna. (iv) Therefore it is manifest that Enso Nona would not have inherited any'thing at all from her father",,none,,,headnote,ratio,high,headnote,unverified
draftly-rule-commonlii-LKCA-2002-61-3,commonlii-LKCA-2002-61,(2003) 2 Sri LR 128,LKCA,2002,"Since the certificate of marriage of Enso Nona which is one issued under the General Marriages Ordinance, where an entry with regard to the nature of marriage is absent, the presumption is that the marriage is Diga and not Binna","(i) Enso Nona's marriage certificate had been issued not under the provi'sions of the Marriage and Divorce (Kandyan) Act but under the Marriage Registration Ordinance. (ii) Section 3(2) of the Marriage and Divorce (Kandayn) Act provides a marriage between a person subject to Kandyan Law solemnized and registered under the Marriage Registration Ordinance shall not affect the rights of such persons to succeed to property under the Kandyan Law. (iii) Since the certificate of marriage of Enso Nona which is one issued under the General Marriages Ordinance, where an entry with regard to the nature of marriage is absent, the presumption is that the marriage is Diga and not Binna. (iv) Therefore it is manifest that Enso Nona would not have inherited any'thing at all from her father",,none,,,headnote,ratio,high,headnote,unverified
draftly-rule-commonlii-LKCA-2002-65-3,commonlii-LKCA-2002-65,(2002) 3 Sri LR 169,LKCA,2002,There has also been blatant disregard to section,"(1) Section 48 (4) could not bar a court from holding that in the event summons had not been even issued from coming to a finding that such non-issue was improper or that the court had no jurisdiction to proceed. Section 48 (4) could not suppress the rights of parties to claim their due rights in partition actions which are decrees in rem. (2) There has also been blatant disregard to section 14 (1) and deliberate non-compliance with section 12; even the registering of the lis pendens is not in the correct folio. (3) Notwithstanding section 48, the District Court is not precluded from giving effect to an unlawfully obtained interlocutory decree causing a grave miscarriage of justice. 170",,none,,,headnote,ratio,high,headnote,unverified
draftly-rule-commonlii-LKCA-2002-66-3,commonlii-LKCA-2002-66,(2003) 2 Sri LR 362,LKCA,2002,Delay on the part of the respondent in making the,(i) The final decree has- been based on the original interlocutory decree and not on the amended interlocutory decree. This has happened as a result of the mistake or error made by court. The learned District Judge has used the discretion of the court correctly. (ii) A court whose act has caused injury to a suitor has an inherent power to make restitution. No man shall be put in jeopardy by a mistake or an error made by court. (iii) Delay on the part of the respondent in making the,,none,,,headnote,ratio,high,headnote,unverified
draftly-rule-commonlii-LKCA-2002-74-1,commonlii-LKCA-2002-74,(2003) 2 Sri LR 118,LKCA,2002,It is to be observed that there is no prayer for ejectment,"(i) It is to be observed that there is no prayer for ejectment. (ii) In paragraph 17 of the plaint it has been averred that a cause of action has accrued to the plaintiff to obtain an order of peaceful possession and in prayer (c) the plaintiff-respondent had prayed that a sum of Rs. 200/- per month be ordered as damages until possession is restored to the plaintiff-respondent. Per Dissanayake, J. ""a prayer for ejectment of the defendant-appellant is implicit in issue 10, as it encompasses paragraph 17 and prayer (c) of the plaint. (iii) In the absence of evidence of an amicable partition, the plaintiff-respon'dent is entitled to maintain the action for declaration of title",,none,,,headnote,ratio,high,headnote,unverified
draftly-rule-commonlii-LKCA-2002-76-2,commonlii-LKCA-2002-76,(2002) 3 Sri LR 201,LKCA,2002,The common law rights of a landlord to institute action for an order of ejectment of a tenant is curtailed by the provisions of the Rent Act,(1) The defendant-appellant being a tenant under the plaintiff is entitled to seek protection under the provisions of the Rent Act. Such statutory protection comes to an end only upon (a) by handing back of the premises to the landlord or (b) by order of a competent court. It is open to a tenant to recall a promise to surrender possession. (2) The common law rights of a landlord to institute action for an order of ejectment of a tenant is curtailed by the provisions of the Rent Act. (3) A conditional agreement cannot form the basis for an order of ejectment. A PPEAL from the judgment of the District Court of Mt. Lavinia. 202,SRC001-s2,none,,,headnote,ratio,high,headnote,unverified
draftly-rule-commonlii-LKCA-2002-76-3,commonlii-LKCA-2002-76,(2002) 3 Sri LR 201,LKCA,2002,A conditional agreement cannot form the basis for an order of ejectment. A PPEAL from the judgment of the District Court of Mt. Lavinia,(1) The defendant-appellant being a tenant under the plaintiff is entitled to seek protection under the provisions of the Rent Act. Such statutory protection comes to an end only upon (a) by handing back of the premises to the landlord or (b) by order of a competent court. It is open to a tenant to recall a promise to surrender possession. (2) The common law rights of a landlord to institute action for an order of ejectment of a tenant is curtailed by the provisions of the Rent Act. (3) A conditional agreement cannot form the basis for an order of ejectment. A PPEAL from the judgment of the District Court of Mt. Lavinia. 202,SRC001-s2,none,,,headnote,ratio,high,headnote,unverified
draftly-rule-commonlii-LKCA-2002-79-1,commonlii-LKCA-2002-79,(2003) 2 Sri LR 123,LKCA,2002,The defendant-respondent was convicted on his own plea for sale of beer and exhibition of beer for sale on 28.1.1980. The plaintiff-appellant having known this fact renewed the lease for another year from 1.6.1980 to 1.7.1981. Thereafter it was extended upto 2.6.1983. Notice to quit was sent on 25.2,"(i) The defendant-respondent was convicted on his own plea for sale of beer and exhibition of beer for sale on 28.1.1980. The plaintiff-appellant having known this fact renewed the lease for another year from 1.6.1980 to 1.7.1981. Thereafter it was extended upto 2.6.1983. Notice to quit was sent on 25.2.1985. (ii) The conduct of the plaintiff-appellant amounts to a waiver of his statu'tory rights to forfeit the tenancy. (iii) Waiver is the voluntary abandonment with full knowledge of the rele'vant facts of a right or benefit. Condonation is a variant of the term waiver and amounts to complete forgiveness of a wrong of which all the material facts are known to the innocent party on condition that the wrong will not be continued. (iv) Therefore the failure to forfeit the tenancy is not mere delay, but amounted to a conscious and deliberate act on the part of the plaintiff-appellant to renew the lease agreement in spite of the conviction for using the premises for an illegal purpose. 124",,none,,,headnote,ratio,high,headnote,unverified
draftly-rule-commonlii-LKCA-2002-88-2,commonlii-LKCA-2002-88,(2003) 3 Sri LR 96,LKCA,2002,"As the action was instituted within 3 years there was no necessity to comply with section 44 C. P.C.,","(i) Though Deed No.397 - exfacie an outright transfer was executed on 5.2.1976 - prescription commences to run only from the time when the cause of action arose and that was when the defendant-appellant failed 97 and neglected to reconvey the land as promised though demanded -which was in 1983. (ii) As the action was instituted within 3 years there was no necessity to comply with section 44 C. P.C., (iii) Failure to answer a particular issue causes no prejudice to the defendant-appellant. (iv) The attendant circumstances show that the plaintiff-respondent never had the intention to effect an outright transfer",,none,,,headnote,ratio,high,headnote,unverified
draftly-rule-commonlii-LKCA-2002-93-2,commonlii-LKCA-2002-93,(2003) 3 Sri LR 295,LKCA,2002,"The original permit-holder ""S"" had nominated his spouse to be his successor on 11.12.1957, and he had died on 24.11.1981. Hence the spouse will not be subjected to the restrictions placed by section 48(A} 2 as it would be the proviso to section 48(A)","(i) Permit-holder under the L.D.O. enjoys sufficient title to enable him to maintain a vindicatory action against a trespasser. (ii) The original permit-holder ""S"" had nominated his spouse to be his successor on 11.12.1957, and he had died on 24.11.1981. Hence the spouse will not be subjected to the restrictions placed by section 48(A} 2 as it would be the proviso to section 48(A)(2) that would be applicable. (iii) As the original owner had nominated his spouse as his successor, it would give her authority to nominate a successor. (iv) The alleged last will of the original permit-holder ""S"" could never be given effect to in view of section 4 of the Prevention of Frauds Ordinance - the last will is not a valid last will. There is no evidence 296 in any event to establish that provisions in section 63 L.D.O dealing with nomination/cancellation by last will have been complied with. (v) Provisions contained in section 87, has been compiled with, what had taken place was only an amendment to the number of nominated successors to include 3 people - defendant-appellant, his sister, and plaintiff-respondent. (vi) Section 58(1), section 60 which deal with registration of nomination or cancellation of nomination do not apply. (vii) There is no evidence to establish that the permit is a forgery",,none,,,headnote,ratio,high,headnote,unverified
draftly-rule-commonlii-LKCA-2003-25-1,commonlii-LKCA-2003-25,(2003) 1 Sri LR 374,LKCA,2003,The caption clearly shows that at the time of filing action both parties were resident in the U.K,"(i) The caption clearly shows that at the time of filing action both parties were resident in the U.K. (ii) In terms of section 24 of the Civil Procedure Code a party can make an appearance through his recognised Agent duly appointed by him. In this case, the proxy filed by the registered attorney is a proxy given to him by 'J' the Power of Attorney holder. (iii) In terms of section 25(b) persons holding a general Power of Attorney, from parties not resident within the local limits of the jurisdiction of court, shall file in court a copy of the Power of Attorney or a copy thereof certified by a registered attorney. (iv) Section 42 is not applicable, the action has not been brought in a rep'resentative capacity, but by the holder of a Power of Attorney, a recognised Agent. Per Amaratunge J., ""In the absence of any specific requirement in the Code to have such particulars either in the caption or in the body of the plaint, this court is unable to add a new requirement to actions filed through recognised Agents."" The plaintiff has complied with section 25(b) by filing a copy of the Power of Attorney along with plaint. (v) It appears on the face of the plaint, that at the time the plaint was filed, the plaintiff was resident in the U.K; this was sufficient notice for the defendant to ascertain whether the action has been filed through an attorney or not. 376",,none,,,headnote,ratio,high,headnote,unverified
draftly-rule-commonlii-LKCA-2003-39-2,commonlii-LKCA-2003-39,(2003) 3 Sri LR 128,LKCA,2003,Preamble of an act cannot be utilised to cut down or restrict a clear provision in the Act,"(i) The phrase ""Commercial Enterprise"" has to be interpreted in its ordinary natural sense. Section 18, states that, commercial enterprise includes an enterprise which shall be conducive to the economic development of Sri Lanka. Word ""include"" is used as a word of enlargement and ordinarily applies that something else has been given beyond the general language, which precedes it, word ""means"" is used where the legislature wants to exhaust the significance of the term defined, the word ""includes"" is used in order to enlarge the meaning. Creation of employment opportunities is an aspect of economic development. (ii) Preamble of an act cannot be utilised to cut down or restrict a clear provision in the Act. (iii) In the Act No. 4 of 1990, there is no requirement in the definition of ""loan"" that - it shall have been granted for economic development. (iv) One resolution can be adopted for the same property mortgaged under three separate Bonds - there need not be three Resolutions. (v) It is provided that, the Bank could authorise any person to auction the property, the appointment of S and S is valid, as the interpretation Ordinance defines a person to include anybody of persons corporate or incorporate",,none,,,headnote,ratio,high,headnote,unverified
draftly-rule-commonlii-LKCA-2003-57-1,commonlii-LKCA-2003-57,(2003) 3 Sri LR 324,LKCA,2003,"There is a failure on the part of Court to evaluate the evidence in terms of S. 187, C.P.C. and Sections 25/27 - Partition Law","(i) There is a failure on the part of Court to evaluate the evidence in terms of S. 187, C.P.C. and Sections 25/27 - Partition Law. (ii) Partition Decree cannot be the subject of a private agreement between parties on matters of title which the Court is bound by law to examine, (iii) On an",,none,,,headnote,ratio,high,headnote,unverified
draftly-rule-commonlii-LKCA-2003-63-3,commonlii-LKCA-2003-63,(2003) 3 Sri LR 196,LKCA,2003,"Under our law a person does not lose the right to any ownership of immovable property e.g. a land, servitude by mere non possession (non user)","(i) The fact that right of way existed and that the same has been demarcated on a plan would necessarily mean that the right of way did exist and the fact of non user alone will not be sufficient to lose a right of way. The right of way was left in common by a partition decree. (ii) Where the servitude was created by the decree in a partition action demarcated in the final partition plan, and though there is no specific mention of the servitude in the Deed of Transfer by which title to lot ""O"" devolved on the plaintiff - respondent, yet the right of servitude passed to the transferee for it is a right attached to the land. (iii) Under our law a person does not lose the right to any ownership of immovable property e.g. a land, servitude by mere non possession (non user). (iv) Once devolution of title in respect of Lot ""O"" is admitted it follows that, the plaintiff - respondent became entitled to the servitude - right of way 197 attached to lot ""O"" granted in a Partition Action. In the premises there is no burden on the plaintiff - respondent to prove that he and his predecessors in title did in fact use the roadway, the burden is on the defendant - appellant to prove that he had acquired prescriptive rights to the strip of land containing the right of way",,none,,,headnote,ratio,high,headnote,unverified
draftly-rule-commonlii-LKCA-2004-17-3,commonlii-LKCA-2004-17,(2004) 2 Sri LR 1,LKCA,2004,"If the principal and the power of attorney holder reside within the jurisdiction of court, the power of attorney holder is not entitled to act on behalf of the principal. 2","(i) Section 183A deals with who may make an affidavit in lieu of a party to the action. The affidavit filed does not contain, an averment that the defendant-petitioner is out of the island nor is there an everment that, the defendant-petitioner is unable or incapable to make the required affidavit. (ii) There is no averment that the facts stated are within the personal knowledge of the declarant - that he is able of his own knowledge and observation to testify to. (iii) If the principal and the power of attorney holder reside within the jurisdiction of court, the power of attorney holder is not entitled to act on behalf of the principal. 2",,none,,,headnote,ratio,high,headnote,unverified
draftly-rule-commonlii-LKCA-2004-21-1,commonlii-LKCA-2004-21,(2003) 3 Sri LR 355,LKCA,2004,To deliver possession the Fiscal has to go to the land described in the Writ. Recourse to section 325 is possible if and only if resistance is offered to the Fiscal's attempt to deliver property described in the Writ,"(i) To deliver possession the Fiscal has to go to the land described in the Writ. Recourse to section 325 is possible if and only if resistance is offered to the Fiscal's attempt to deliver property described in the Writ. (ii) The identification of the property to which the Fiscal went to execute the Writ is the first thing to be considered in deciding who shall begin in any inquiry under section 325 when there is a clear conflict between the claims of the contending parties about the land to which the Fiscal went. (iii) It was the duty of the plaintiff to begin by calling the Fiscal to prove the identity of the property to which he went to execute the Writ as even if the Fiscal's Report is accepted in toto, it does not contain sufficient material to prima facie indicate that he went to the land described in the Writ",,none,,,headnote,ratio,high,headnote,unverified
draftly-rule-commonlii-LKCA-2004-21-3,commonlii-LKCA-2004-21,(2003) 3 Sri LR 355,LKCA,2004,"It was the duty of the plaintiff to begin by calling the Fiscal to prove the identity of the property to which he went to execute the Writ as even if the Fiscal's Report is accepted in toto, it does not contain sufficient material to prima facie indicate that he went to the land described in the Writ","(i) To deliver possession the Fiscal has to go to the land described in the Writ. Recourse to section 325 is possible if and only if resistance is offered to the Fiscal's attempt to deliver property described in the Writ. (ii) The identification of the property to which the Fiscal went to execute the Writ is the first thing to be considered in deciding who shall begin in any inquiry under section 325 when there is a clear conflict between the claims of the contending parties about the land to which the Fiscal went. (iii) It was the duty of the plaintiff to begin by calling the Fiscal to prove the identity of the property to which he went to execute the Writ as even if the Fiscal's Report is accepted in toto, it does not contain sufficient material to prima facie indicate that he went to the land described in the Writ",,none,,,headnote,ratio,high,headnote,unverified
draftly-rule-commonlii-LKCA-2004-26-2,commonlii-LKCA-2004-26,(2004) 2 Sri LR 137,LKCA,2004,"(d) of the Ordinance, No. 39 of 1938, in renouncing his right to revoke. No other 142 meaning could be attributed to the aforesaid operative words. Reference to section 5","i) In the deed in question the right to revoke has been renounced by the donor - ii) The operative words embodied specifically refer to section 5(1 )(d) of the Ordinance, No. 39 of 1938, in renouncing his right to revoke. No other 142 meaning could be attributed to the aforesaid operative words. Reference to section 5(1 )(d) makes it clear what the intention of the donor is. iii) It is also seen that the Notary who attested the deed acknowledge the fact that before the parties signed the deed that he read over and explained the contents of the deed to them",,none,,,headnote,ratio,high,headnote,unverified
draftly-rule-commonlii-LKCA-2004-27-3,commonlii-LKCA-2004-27,(2004) 1 Sri LR 195,LKCA,2004,Where the principle of laesio enormis does apply the right of election as to restoring the thing or paying what is wanting to make up the just price is with the plaintiff respondent (transferee),(i) Conditional transfers do not come within the exception to the principles of laesio enormis. (ii) A conditional transfer cannot be read to be in the nature of a specs nor is the value of the thing sold or consideration paid not capable of defi'nite estimate. (iii) Where the principle of laesio enormis does apply the right of election as to restoring the thing or paying what is wanting to make up the just price is with the plaintiff respondent (transferee). (iv) In the instant case the plaintiff-respondent has failed to exercise this right of election; however it is not justifiable to deny that right - at this stage,,none,,,headnote,ratio,high,headnote,unverified
draftly-rule-commonlii-LKCA-2004-30-2,commonlii-LKCA-2004-30,(2005) 1 Sri LR 229,LKCA,2004,"The prescriptive period is 6 years and not 3 years. Per Balapatabendi, J., ""The plaintiff respondent who obtained a money decree for damages against the insured could have executed the decree on the insurer (defendant appellant) without instituting the instant action.""","(i) Ex parte judgment was entered on 27.03.90. The instant action was instituted on 7.7.1995 to enforce the decree against the defendant appellant (Insurance 230 Corporation) as the liability to pay the damages on the decree obtained by the plaintiff respondent has arisen out of the contract of insurance which is a written contract. (ii) The prescriptive period is 6 years and not 3 years. Per Balapatabendi, J., ""The plaintiff respondent who obtained a money decree for damages against the insured could have executed the decree on the insurer (defendant appellant) without instituting the instant action.""",,none,,,headnote,ratio,high,headnote,unverified
draftly-rule-commonlii-LKCA-2004-31-1,commonlii-LKCA-2004-31,(2005) 1 Sri LR 270,LKCA,2004,1. Specific provision of section,"1. Specific provision of section 67(3) empowers the court to make orders, pending",,none,,,headnote,ratio,high,headnote,unverified
draftly-rule-commonlii-LKCA-2004-51-1,commonlii-LKCA-2004-51,(2004) 2 Sri LR 97,LKCA,2004,What is relevant under section 2,"(1) What is relevant under section 2(4) C is not whether the plaintiff himself occupied the relevant premises on. 01.01.1980, as its owner but whether the premises were occupied on that day by its owner (whether it be the plaintiff or not is immaterial) or by a tenant",SRC028-s2(4),none,,,headnote,ratio,high,headnote,unverified
draftly-rule-commonlii-LKCA-2005-2-2,commonlii-LKCA-2005-2,(2005) 1 Sri LR 390,LKCA,2005,Laesio enormis is not a matter that is specifically covered by any of the sections in the Prescription Ordinance. The applicable section therefore would be section 10 (three years),"(i) It is common ground that, the cause of action is based on the principle of laesio enormis and not based on a contract of sale, neither does the relief sought relate to title of immovable property. (ii) Laesio enormis is not a matter that is specifically covered by any of the sections in the Prescription Ordinance. The applicable section therefore would be section 10 (three years) (iii) The contract of sale is the transaction and not the cause of action. A PPEAL from the judment of the District Court of Mt. Lavinia 391",,none,,,headnote,ratio,high,headnote,unverified
draftly-rule-commonlii-LKCA-2005-2-3,commonlii-LKCA-2005-2,(2005) 1 Sri LR 390,LKCA,2005,The contract of sale is the transaction and not the cause of action. A PPEAL from the judment of the District Court of Mt. Lavinia,"(i) It is common ground that, the cause of action is based on the principle of laesio enormis and not based on a contract of sale, neither does the relief sought relate to title of immovable property. (ii) Laesio enormis is not a matter that is specifically covered by any of the sections in the Prescription Ordinance. The applicable section therefore would be section 10 (three years) (iii) The contract of sale is the transaction and not the cause of action. A PPEAL from the judment of the District Court of Mt. Lavinia 391",,none,,,headnote,ratio,high,headnote,unverified
draftly-rule-commonlii-LKCA-2005-33-2,commonlii-LKCA-2005-33,(2005) 3 Sri LR 97,LKCA,2005,The defects highlighted in the alleged certificate generates a doubt as to the genuineness of the document and that it is not in the prescribed form - Form B The purported copy filed is not in conformity with Form B,"(1) In order to meet the objection of the respondent-petitioner, the petitioner respondent Bank should have produced the original certificate of sale. (2) The defects highlighted in the alleged certificate generates a doubt as to the genuineness of the document and that it is not in the prescribed form - Form B The purported copy filed is not in conformity with Form B. (3) The Land Registry extracts produced do not take away the requirement of producing the original certificate of sale",,none,,,headnote,ratio,high,headnote,unverified
draftly-rule-commonlii-LKCA-2005-37-2,commonlii-LKCA-2005-37,(2005) 3 Sri LR 113,LKCA,2005,(a). The 1st respondent had reasons to suspect that the person who presented P4 .for registration was not a person who was authorized by the Ordinance,(1) When N gifted the property by P1 she gifted the property to the 2nd petitioner and the Maha Sanga as Sangika property as per the deed; as the 2nd petitioner derived his title from deed P1 the respondent Registrar of Lands could refuse to register the said deed under section 36(1 )(a). The 1st respondent had reasons to suspect that the person who presented P4 .for registration was not a person who was authorized by the Ordinance. (2) The petitioner had a right of,,none,,,headnote,ratio,high,headnote,unverified
draftly-rule-commonlii-LKCA-2005-9-1,commonlii-LKCA-2005-9,(2005) 2 Sri LR 121,LKCA,2005,"The error had arisen owing to the failure of the Trial Judge to investigate title. The trial Judge had without examining the deeds personally followed the easy way by allotting the shares as prayed for in the Plaint, and had disregarded the amended statement of claim of the Petitioner","(i) The error had arisen owing to the failure of the Trial Judge to investigate title. The trial Judge had without examining the deeds personally followed the easy way by allotting the shares as prayed for in the Plaint, and had disregarded the amended statement of claim of the Petitioner. (ii) The trial Judge must satisfy himself by personal Inquiry that the Plaintiff has made out a title to the land sought to be partitioned and that the parties before Court are solely entitled to the land. (iii) While it is indeed essential for parties to a partition action to state to Court the points of contest inter-se and to obtain a determination on them the obligations of the courts are not discharged unless the provisions of Section 25 of the Partition Law are complied with quite independently of what parties mayor may not do",,none,,,headnote,ratio,high,headnote,unverified
draftly-rule-commonlii-LKCA-2006-36-3,commonlii-LKCA-2006-36,(2006) 2 Sri LR 309,LKCA,2006,Section 839 is not intended to authorize a court to override the express provisions of the Code,(1) The plaintiff could not add new parties by an amended plaint when specific provisions are provided by the Code for addition of parties -section 18. (2) No party can succeed in getting a relief which is not prayed for in the prayer-in this case relief of addition of parties has not been prayed for. (3) Section 839 is not intended to authorize a court to override the express provisions of the Code. (4) Court should not have granted relief of addition of parties when the plaintiff had specifically acted contrary to the specific provisions laid down - Section 18,,none,,,headnote,ratio,high,headnote,unverified
draftly-rule-commonlii-LKCA-2006-54-2,commonlii-LKCA-2006-54,(2006) 3 Sri LR 27,LKCA,2006,It is not the function of the Court to translate documents,"(1) The plaintiff-petitioner's substantive relief was declaration of title. In the absence of the description of the land to which the plaintiff seeks a declaration of title, Court is unable to understand the order canvassed by the plaintiff-petitioner. Per Wimalachandra, J. ""The omission to tender to Court, the necessary documents translated into the English language is in my opinion fatal, as the Court cannot understand the contents of the documents relied upon by the District Judge to make his order. If certified copies translated into the language of the Court could not have been obtained in time it is the bounden duty of the petitioner to mention that fact in his petition and obtain leave of Court to tender them subsequently (2) It is not the function of the Court to translate documents (3) It is due to the negligence of the Attorney-at-Law that the translations documents he relied on for his case were not produced. It is a settl principle of law that the negligence of the Attorney-at-Law is tl negligence of the client, and the client must suffer for it",,none,,,headnote,ratio,high,headnote,unverified
draftly-rule-commonlii-LKCA-2006-6-3,commonlii-LKCA-2006-6,(2006) 2 Sri LR 17,LKCA,2006,There is no evidence that Salo Nona and Pemanisa were Kandyans and that they were subject to Kandyan Law,"(1) None of the parties have led any evidence in order to prove an overt act of ouster against the other party. per Ranjith Silva, J. ""I must emphasize that considerable circumspection should be exercised before arriving at a finding on prescription as it deprives the ownership to the party having paper title. Title by prescription is an illegality made legal, due to the other party not taking action at the proper time. Held further: (2) If the parties were subject to Kandyan Law there could not have been a marriage by habit and repute. Registration is the essence of a valid Kandyan marriage. Per Ranjith Silva, J. ""A marriage between persons subject to Kandyan Law if not solemnized and registered under the Kandyan Law or under the Marriage Registration Ordinance will not be regarded as a valid Kandyan marriage and the intestate succession to the property of such persons will not be in accordance with the Kandyan Law. The necessary corollary of this would be that in such an event the law applicable would be the Common law."" Held further: (3) There is no evidence that Salo Nona and Pemanisa were Kandyans and that they were subject to Kandyan Law. (4) The trial Judge had completely ignored the overwhelming evidence sufficient to prove that there was a marriage by way of habit and repute between Salo Nona and Pemanisa. (5) According to the Roman Dutch Law there is a presumption in favour of marriage rather than that of concubinage. When persons who were living together as husband and wife were recognized as such by everybody in the circle in which they move it created a presumption in favour of marriage and in the absence of evidence in rebuttal to the contrary the court was entitled to presume that the parties were duly married as required by law. In this case there was ample evidence before the trial Judge for him to have considered the presumption. (6) On a question of fact the appellants cannot agitate for the first time in",,none,,,headnote,ratio,high,headnote,unverified
draftly-rule-commonlii-LKCA-2007-14-3,commonlii-LKCA-2007-14,(2007) 1 Sri LR 208,LKCA,2007,Whether leave should be granted or not is a matter eminently within the direction of the trial Judge,"(1) Provisions of section 121 (2) empowers the Court to require the list of documents to be filed not less than 15 days before the date fixed for trial. (2) Section175 (2) empowers Court to use its discretion and grant leave to produce a document which is not listed in terms of section 121(2). 209 (3) Whether leave should be granted or not is a matter eminently within the direction of the trial Judge. (4) The defendant had notice of this document when the plaintiff raised Issue No. 12, and further the lease agreement has been pleaded in the replication. (5) The principle of filing a list of witnesses is to prevent an element of surprise and thereby not cause any prejudice to the other party. (6) The 1st defendant cannot be heard to say that she was taken by surprise",,none,,,headnote,ratio,high,headnote,unverified
draftly-rule-commonlii-LKCA-2007-22-1,commonlii-LKCA-2007-22,(2007) 1 Sri LR 241,LKCA,2007,A mistake or oversight on the part of the Attorney-at-Law or a party to a suit is not such cause within the meaning of Section 765 as would enable such party to the relief under the said provision - Section,(1) A mistake or oversight on the part of the Attorney-at-Law or a party to a suit is not such cause within the meaning of Section 765 as would enable such party to the relief under the said provision - Section 765. (2) 'Noting down the wrong date' cannot be considered as a ground that falls within the purview of 'causes' not within his control',,none,,,headnote,ratio,high,headnote,unverified
draftly-rule-commonlii-LKCA-2007-22-2,commonlii-LKCA-2007-22,(2007) 1 Sri LR 241,LKCA,2007,'Noting down the wrong date' cannot be considered as a ground that falls within the purview of 'causes' not within his control',(1) A mistake or oversight on the part of the Attorney-at-Law or a party to a suit is not such cause within the meaning of Section 765 as would enable such party to the relief under the said provision - Section 765. (2) 'Noting down the wrong date' cannot be considered as a ground that falls within the purview of 'causes' not within his control',,none,,,headnote,ratio,high,headnote,unverified
draftly-rule-commonlii-LKCA-2009-11-2,commonlii-LKCA-2009-11,(2009) 1 Sri LR 109,LKCA,2009,"When a piece of land is split into two or more parts, the back portion must retain its outlet over the front portion ever though nothing was said about it, because the splitting of the land cannot impose servitude upon the neighbours. 110 AN","(1) An owner of a land, who by his own act deprives himself of access to a road is not entitled to claim a right of way of necessity over the land of another. (2) When a piece of land is split into two or more parts, the back portion must retain its outlet over the front portion ever though nothing was said about it, because the splitting of the land cannot impose servitude upon the neighbours. 110 AN",,none,,,headnote,ratio,high,headnote,unverified
draftly-rule-commonlii-LKCA-2009-6-2,commonlii-LKCA-2009-6,(2009) 1 Sri LR 75,LKCA,2009,"Corroboration is not the sine quo non in matters where fraud is alleged. Per Ranjith Silva, J. ""In Roman Law fraud is defined as omnis calliditas, fallacia, machination, adtircumveniendum, alterem adhibita meaning any craft deceit or machination used to circumvent deceive or ensnare another person, an alienation alleged to be in fraud of creditors is voidable, it is valid till it is set aside""","(1) The plaintiff respondent in the issues raised had confined himself to have the impugned deed set aside and had not proceeded to raise an issue with regard to declaration of title. Once issues are raised and accepted by Court the case goes to those issues raised. Even if the respondent had formulated issues on both causes of action, such procedure is perfectly in order. The law permits one to adopt such a cause and is not repugnant to Section 35(1}. There is no misjoinder as there is in reality only one cause of action. A prayer for invalidation of a deed is consequential to a prayer for declaration of title. 76 Held further: (2) Corroboration is not the sine quo non in matters where fraud is alleged. Per Ranjith Silva, J. ""In Roman Law fraud is defined as omnis calliditas, fallacia, machination, adtircumveniendum, alterem adhibita meaning any craft deceit or machination used to circumvent deceive or ensnare another person, an alienation alleged to be in fraud of creditors is voidable, it is valid till it is set aside"". (3) The standard of proof remains on a balance of probability although the more serious the imputation the stricter is the proof which is required. (5i The defendant-appellants and a witness gave uncontroverted evidence on behalf of the appellants with regard to the circumstances under which the impugned deed was executed. The evidence is insufficient to prove fraudulent misrepresentation or undue influence. The evidence is insufficient to show that the plaintiff-respondent was tricked or gypped by the appellants to execute the impugned deed-it appears that the trial Judge had been obnoxious to those important facts",SRC030-s35(1),none,,,headnote,ratio,high,headnote,unverified
draftly-rule-commonlii-LKSC-1941-9-1,commonlii-LKSC-1941-9,43 NLR 1,LKSC,1941,"""As between Schedule A and other schedules the revenue authority has no option to select the schedule to be applied "". All their Lordships disagreed with the case of Rosyth Building and Estate Company v. Inland Revenues[8 Reports of Tax Cases 11], where a contrary opinion was expressed, with the exception of Lord Warrington who expressed no opinion on that point. If we examine section 6","""As between Schedule A and other schedules the revenue authority has no option to select the schedule to be applied "". All their Lordships disagreed with the case of Rosyth Building and Estate Company v. Inland Revenues[8 Reports of Tax Cases 11], where a contrary opinion was expressed, with the exception of Lord Warrington who expressed no opinion on that point. If we examine section 6 (1) of our Ordinance we see that source (a) deals with the profits from any trade, business, profession or vocation. Source (b) deals with a very distinct matter, viz., the profits from any employment. Source (c) deals with the net annual value of land occupied by or on behalf of the owner, in so far as it, is not occupied for the purpose of a trade, business, profession or vocation. There is a clear differentiation between source (c) and source (a) and I think the language shows that it is distinct from source (b) also. Source (d) deals with the net annual value of land used rent-free by an occupier, &c., in so far as it is not included in sources (a), (b) and (c). So far I think those sources are mutually exclusive. The difficulty arises with regards to sources (e), (f) and (g). In these cases there are no words employed to show that the earlier sources are excluded. For example take source (e), viz., ""dividends, interest or discounts"". There are no words to show that this source does not apply to dividends, interest or discounts arising from a trade or business. But ""dividends, interest or",,none,,,headnote,ratio,high,headnote,unverified
draftly-rule-commonlii-LKSC-1979-5-3,commonlii-LKSC-1979-5,(1995) 1 Sri LR 7,LKSC,1979,"Time was of the essence of the contract only in respect of the last date for signing the deed of transfer and in no other respect On the last date for signing, the defendants were not available and wanted a further date to sign the deed of transfer. 8","(1) The 1st defendant had held himself out as the agent of the other defendants and the other defendants by their own conduct held out that the 1st defendant was their sole spokesman in relation to the transaction so much as to induce Gnanam, Managing Director of the plaintiff company and the lawyers for the company that the 1st defendant was a sufficient medium through which notice could reach the other defendants. The 1st defendant did not give evidence and the court is entitled to draw the presumption that had he given evidence; such evidence would have been unfavourable to the case of the defendants - see section 114 illustration (f) of the Evidence Ordinance. (2) The draft deed of transfer was received by 1st defendant four days prior to the date fixed for signing the transfer. There was no uncertainty in relation to the vendors and vendee, the subject matter of the sale and the consideration. There was sufficient compliance on the part of the plaintiff in regard to the stipulation, of notice of the, draft. Although a plaintiff who breaks-an-essential term of the agreement cannot claim specific performance, trivial breaches do not disentitle a party from claiming relief. (3) Time was of the essence of the contract only in respect of the last date for signing the deed of transfer and in no other respect On the last date for signing, the defendants were not available and wanted a further date to sign the deed of transfer. 8 (4) The plaintiff was entitled to a decree for specific performance",SRC029-s114,none,,,headnote,ratio,high,headnote,unverified
draftly-rule-commonlii-LKSC-1983-4-1,commonlii-LKSC-1983-4,(1983) 1 Sri LR 332,LKSC,1983,"That though the plaintiff's claim to the Viharadhipathiship of the temple based on deed P6 cannot be sustained, on the basis of the dates and names of the robbing and ordaining tutors, he is the senior pupil of Rev. Saranatissa Maha Thero","(1) That though the plaintiff's claim to the Viharadhipathiship of the temple based on deed P6 cannot be sustained, on the basis of the dates and names of the robbing and ordaining tutors, he is the senior pupil of Rev. Saranatissa Maha Thero. (2) That the trial judges' observation that ""all the circumstances confirm the suspicious and questionable character of the writing D 2"" in, in the perspective of the case, apt and well‐founded. The Court of",,none,,,headnote,ratio,high,headnote,unverified
draftly-rule-commonlii-LKSC-1984-2-1,commonlii-LKSC-1984-2,(1985) 1 Sri LR 35,LKSC,1984,Privity of contract had been established between the tenant (plaintiff) and the new owner (Agnes)',(1) Privity of contract had been established between the tenant (plaintiff) and the new owner (Agnes)' (2) Although the plaintiff failed to seek redress in the partition suit yet the plaintiff was not debarred from invoking the provisions of s. 328 of the Civil Procedure Code. (3) One of the duties of a landlord is to guarantee to the tenant quiet possession of the premises let and a personal bona fide: action the actio conducti (not possessory action) is available to the tenant to claim the use and occupation of the property let and the performance of the duties imposed on the landlord. The action may be brought by the tenant or by any person who succeeds him in his capacity of tenant and it lies against the landlord or any person who succeeds him in his capacity of landlord,SRC030-s328,none,,,headnote,ratio,high,headnote,unverified
draftly-rule-commonlii-LKSC-1984-2-2,commonlii-LKSC-1984-2,(1985) 1 Sri LR 35,LKSC,1984,Although the plaintiff failed to seek redress in the partition suit yet the plaintiff was not debarred from invoking the provisions of s. 328 of the Civil Procedure Code,(1) Privity of contract had been established between the tenant (plaintiff) and the new owner (Agnes)' (2) Although the plaintiff failed to seek redress in the partition suit yet the plaintiff was not debarred from invoking the provisions of s. 328 of the Civil Procedure Code. (3) One of the duties of a landlord is to guarantee to the tenant quiet possession of the premises let and a personal bona fide: action the actio conducti (not possessory action) is available to the tenant to claim the use and occupation of the property let and the performance of the duties imposed on the landlord. The action may be brought by the tenant or by any person who succeeds him in his capacity of tenant and it lies against the landlord or any person who succeeds him in his capacity of landlord,SRC030-s328,none,,,headnote,ratio,high,headnote,unverified
draftly-rule-commonlii-LKSC-1986-35-1,commonlii-LKSC-1986-35,(1986) 1 Sri LR 291,LKSC,1986,The defendant was not entitled to give notice under s,"(1) The defendant was not entitled to give notice under s. 18 (2) of the Rent Restriction Act as he was not the surviving spouse or child, parent, brother or sister of the deceased tenant or a dependant of the deceased tenant immediately prior to the death of the tenant and not a member of the deceased tenant's household during the whole of the period of three months preceding his death. A decision by the Rent Control Board that the defendant is entitled to give notice would be a nullity on grounds of jurisdictional error. (2) The notice under section 18(2) of the Rent Restriction Act must give the basis and particulars of the claim to be entitled to be deemed to be a tenant (Wickremasi nghe v. Abdul Rahim (1954) 56 NLR 280 not followed on this point. Semble: - The passage of the Rent Act No. 7 of 1972 could not have made the pending proceedings to have come to an end because s. 46 (2) provides for the continuance of such proceedings under the repealed law",,none,,,headnote,ratio,high,headnote,unverified
draftly-rule-commonlii-LKSC-1988-14-2,commonlii-LKSC-1988-14,(1988) 2 Sri LR 142,LKSC,1988,The principle nunc pro tunc (now for then) is really an,(1) The defendant cannot rely on the maxim lex non cogit ad impossibilia (same as impotentia excusat Iegem) because she failed to get her own nomination registered while she got the nomination of her son registered in 1968. The maxim will not apply if the necessity was created by the act of the person relying on it or where all practical endeavours have not been used to surmount it and where the clearest proof that the necessity compelled the violation is not there. (2) The principle nunc pro tunc (now for then) is really an,,none,,,headnote,ratio,high,headnote,unverified
draftly-rule-commonlii-LKSC-1989-14-2,commonlii-LKSC-1989-14,(1989) 2 Sri LR 170,LKSC,1989,", where there was a fresh agreement between the new owners and the former tenant, which transformed the character of the latter's occupation; there was no occupation qua tenant and no tenancy, and an action for rent and ejectment could not be maintained; (b) Fernando v. Wijesekera","1. Continuance in occupation by the tenant (with notice of the transferee's election to recognise the tenant) constitutes an exercise of the tenant's option to acknowledge the transferee as landlord, establishing privity of contract between the parties. No other act or conduct is necessary. 2. The respondent became the tenant of the appellant, upon the expiration of the monthly tenancy that was in force at the time she received the letter and the statement under Section 37 signed by the appellant as landlord indicative of her election to recognise the respondent as tenant, and the appellant was entitled to maintain this action against the respondent for rent, damages and ejectment, upon her failure to pay rent. 3. Distinguished (a) Naidu V Mudalige (1), where there was a fresh agreement between the new owners and the former tenant, which transformed the character of the latter's occupation; there was no occupation qua tenant and no tenancy, and an action for rent and ejectment could not be maintained; (b) Fernando v. Wijesekera (18), where the purchaser and the tenant had negotiated a new agreement. Zackariya V Benedict (7) not followed",SRC028-s37,none,,,headnote,ratio,high,headnote,unverified
draftly-rule-commonlii-LKSC-1989-14-3,commonlii-LKSC-1989-14,(1989) 2 Sri LR 170,LKSC,1989,", where the purchaser and the tenant had negotiated a new agreement. Zackariya V Benedict","1. Continuance in occupation by the tenant (with notice of the transferee's election to recognise the tenant) constitutes an exercise of the tenant's option to acknowledge the transferee as landlord, establishing privity of contract between the parties. No other act or conduct is necessary. 2. The respondent became the tenant of the appellant, upon the expiration of the monthly tenancy that was in force at the time she received the letter and the statement under Section 37 signed by the appellant as landlord indicative of her election to recognise the respondent as tenant, and the appellant was entitled to maintain this action against the respondent for rent, damages and ejectment, upon her failure to pay rent. 3. Distinguished (a) Naidu V Mudalige (1), where there was a fresh agreement between the new owners and the former tenant, which transformed the character of the latter's occupation; there was no occupation qua tenant and no tenancy, and an action for rent and ejectment could not be maintained; (b) Fernando v. Wijesekera (18), where the purchaser and the tenant had negotiated a new agreement. Zackariya V Benedict (7) not followed",SRC028-s37,none,,,headnote,ratio,high,headnote,unverified
draftly-rule-commonlii-LKSC-1990-13-1,commonlii-LKSC-1990-13,(1990) 1 Sri LR 190,LKSC,1990,Section 2 of the Frauds Ordinance is not meant to govern trusts arising under chapter IX of the Trusts Ordinance i. e. constructive or implied trusts. A person has therefore to make out a case falling within the provisions of ss 83 to 96 of the Trusts Ordinance,"(1) Section 2 of the Frauds Ordinance is not meant to govern trusts arising under chapter IX of the Trusts Ordinance i. e. constructive or implied trusts. A person has therefore to make out a case falling within the provisions of ss 83 to 96 of the Trusts Ordinance. (2) The plaintiff initiated the moves to buy the house whilst still in Sweden : he had paid the purchase price. The defendant's resources were insufficient to enable her to pay the consideration on the transfer to her. She had written to the plaintiff that she would transfer the house to him if he returns her gold chain and money amounting to Rs. 4,000/=. (3) The trial judge rejected the claim of the defendant that she paid the consideration after considering the financial resources of the parties as being highly improbable. The defendant's claim was very probably false and her denial of the existence of a constructive case amounts to fraud. In the result s. 2 of the Trusts Ordinance and s. 92 of the Evidence Ordinance do not apply and plaintiff can lead parole evidence of the existence of a constructive trust in his favour on the basis that he retained the beneficial interest in the property at the time he transferred it to the defendant. 191 (4) The presumption of advancement in favour of mistress though available in England is not part of Sri Lankan Law. Section 2 of the Trusts Ordinance cannot be utilised to bring .n English Law",,none,,,headnote,ratio,high,headnote,unverified
draftly-rule-commonlii-LKSC-1990-13-2,commonlii-LKSC-1990-13,(1990) 1 Sri LR 190,LKSC,1990,"The plaintiff initiated the moves to buy the house whilst still in Sweden : he had paid the purchase price. The defendant's resources were insufficient to enable her to pay the consideration on the transfer to her. She had written to the plaintiff that she would transfer the house to him if he returns her gold chain and money amounting to Rs. 4,000/=","(1) Section 2 of the Frauds Ordinance is not meant to govern trusts arising under chapter IX of the Trusts Ordinance i. e. constructive or implied trusts. A person has therefore to make out a case falling within the provisions of ss 83 to 96 of the Trusts Ordinance. (2) The plaintiff initiated the moves to buy the house whilst still in Sweden : he had paid the purchase price. The defendant's resources were insufficient to enable her to pay the consideration on the transfer to her. She had written to the plaintiff that she would transfer the house to him if he returns her gold chain and money amounting to Rs. 4,000/=. (3) The trial judge rejected the claim of the defendant that she paid the consideration after considering the financial resources of the parties as being highly improbable. The defendant's claim was very probably false and her denial of the existence of a constructive case amounts to fraud. In the result s. 2 of the Trusts Ordinance and s. 92 of the Evidence Ordinance do not apply and plaintiff can lead parole evidence of the existence of a constructive trust in his favour on the basis that he retained the beneficial interest in the property at the time he transferred it to the defendant. 191 (4) The presumption of advancement in favour of mistress though available in England is not part of Sri Lankan Law. Section 2 of the Trusts Ordinance cannot be utilised to bring .n English Law",,none,,,headnote,ratio,high,headnote,unverified
draftly-rule-commonlii-LKSC-1990-16-1,commonlii-LKSC-1990-16,(1990) 2 Sri LR 249,LKSC,1990,In terms Article 128(1) of the Constitution an,In terms Article 128(1) of the Constitution an,SRC027-s25(2),none,,,headnote,ratio,high,headnote,unverified
draftly-rule-commonlii-LKSC-1990-21-1,commonlii-LKSC-1990-21,(1990) 1 Sri LR 156,LKSC,1990,"1. The Privy Council judgment in Dullewe v. Dullewe is not binding on the Supreme Court. Though that judgement is of great value the question decided there is open to review. HELD Further (Ranasinghe, C.J., H. A. G. de Silva, J., G.P.S. de Silva, J., and Kulatunga J., dissenting)","1. The Privy Council judgment in Dullewe v. Dullewe is not binding on the Supreme Court. Though that judgement is of great value the question decided there is open to review. HELD Further (Ranasinghe, C.J., H. A. G. de Silva, J., G.P.S. de Silva, J., and Kulatunga J., dissenting): (1) The Kandyan Law Declaration and Amendment Ordinance, No. 59 of 1939 is an Ordinance to declare and amend the Kandyan Law. It seeks to amend the Kandyan Law and not to make a mere restatement of the law as it was prior to 1939 when the intention to renounce the right to revoke was interred or deduced from the particular words used. The amending Ordinance has enacted a uniform rule requiring an express and not merely inferential renunciation of the right of revocation The words ""expressly renounced"" in s. 5(?) (d) of the Ordinance recognise a pre-existing right to revoke which every Kandyan donor had in Kandyan Law. What the Ordinance contemplates is an express and 157 deliberate renunciation by the donor of his right to revoke. From the words ""absolute and irrevocable"" it may be implied that the Donor intended to revoke but such an expression would not constitute an express renunciation of the right to revoke. There is a further requirement that the renunciation must be effected in a particular way, viz, by a declaration containing the words "" I renounce the right to revoke"" or words of substantially the same meaning. The Ordinance by s. 5(1) (d) has now vested in the Donor a statutory right to",,none,,,headnote,ratio,high,headnote,unverified
draftly-rule-commonlii-LKSC-1990-21-3,commonlii-LKSC-1990-21,(1990) 1 Sri LR 156,LKSC,1990,(d) has now vested in the Donor a statutory right to,"1. The Privy Council judgment in Dullewe v. Dullewe is not binding on the Supreme Court. Though that judgement is of great value the question decided there is open to review. HELD Further (Ranasinghe, C.J., H. A. G. de Silva, J., G.P.S. de Silva, J., and Kulatunga J., dissenting): (1) The Kandyan Law Declaration and Amendment Ordinance, No. 59 of 1939 is an Ordinance to declare and amend the Kandyan Law. It seeks to amend the Kandyan Law and not to make a mere restatement of the law as it was prior to 1939 when the intention to renounce the right to revoke was interred or deduced from the particular words used. The amending Ordinance has enacted a uniform rule requiring an express and not merely inferential renunciation of the right of revocation The words ""expressly renounced"" in s. 5(?) (d) of the Ordinance recognise a pre-existing right to revoke which every Kandyan donor had in Kandyan Law. What the Ordinance contemplates is an express and 157 deliberate renunciation by the donor of his right to revoke. From the words ""absolute and irrevocable"" it may be implied that the Donor intended to revoke but such an expression would not constitute an express renunciation of the right to revoke. There is a further requirement that the renunciation must be effected in a particular way, viz, by a declaration containing the words "" I renounce the right to revoke"" or words of substantially the same meaning. The Ordinance by s. 5(1) (d) has now vested in the Donor a statutory right to",,none,,,headnote,ratio,high,headnote,unverified
draftly-rule-commonlii-LKSC-1991-35-2,commonlii-LKSC-1991-35,(1991) 2 Sri LR 141,LKSC,1991,"The contract was illegal as the building being an unauthorised one, was incapable of being let. An illegality cannot give rise to tenancy rights nor can the Rent Act be used to cover up and rectify an illegality under the Housing and Town Improvement Ordinance","(1) The maxim in pari delicto potior est conditio defendentis does not apply as the respondent had nothing to do with the alleged contract of tenancy, being in no way party to it. (2) The contract was illegal as the building being an unauthorised one, was incapable of being let. An illegality cannot give rise to tenancy rights nor can the Rent Act be used to cover up and rectify an illegality under the Housing and Town Improvement Ordinance. (3) There is an express statutory prohibition against occupying a building which is unauthorised and built in contravention of the provisions of the Housing and Town Improvement Ordinance (sections 56(1), 7(1) and 13(1)] and liable to be demolished (sections 12 and 13(2)",,none,,,headnote,ratio,high,headnote,unverified
draftly-rule-commonlii-LKSC-1993-1-3,commonlii-LKSC-1993-1,(1994) 2 Sri LR 258,LKSC,1993,The plaintiff-appellants were entitled to claim the property on the death of Podinona Hamine,"(1) On a reasonable construction, the Will gave only a life interest to the testator's wife and did not give her dominium of the property as the first beneficiary. The Will did not create a fideicommissum. (2) Accordingly the Last Will of Podinona Hamine did not pass any ownership to Wijepala as the Abolition of Fideicommissa and Entails Act, No. 20 of 1972 did not serve to give her absolute title. 259 (3) The plaintiff-appellants were entitled to claim the property on the death of Podinona Hamine. (4) The defendant and her husband had been brought to the premises to attend to the testator during his last illness and been permitted to reside there after his death. Hence defendant is not entitled to compensation",,none,,,headnote,ratio,high,headnote,unverified
draftly-rule-commonlii-LKSC-1994-40-1,commonlii-LKSC-1994-40,(1994) 3 Sri LR 369,LKSC,1994,"Part VIII of the Finance Act, No. 11 of 1963 as amended provides for the redemption by acquisition of agricultural, residential or business premises the ownership of which had been lost at any time before or after 10 January 1964 but not earlier than 01 January 1952 inter alia by being sold in execution of a mortgage decree against the owner of such premises (referred to as `original owner""). Section","Part VIII of the Finance Act, No. 11 of 1963 as amended provides for the redemption by acquisition of agricultural, residential or business premises the ownership of which had been lost at any time before or after 10 January 1964 but not earlier than 01 January 1952 inter alia by being sold in execution of a mortgage decree against the owner of such premises (referred to as `original owner""). Section 71(1) of the Act authorises the People's Bank to acquire such premises. Section 71(2) provides for the conditions precedent to acquisition. (1) The",,none,,,headnote,ratio,high,headnote,unverified
draftly-rule-commonlii-LKSC-1996-14-1,commonlii-LKSC-1996-14,(1996) 1 Sri LR 70,LKSC,1996,"1. Usually, in the case of a petition, motion,","1. Usually, in the case of a petition, motion,",,none,,,headnote,ratio,high,headnote,unverified
draftly-rule-commonlii-LKSC-1996-34-1,commonlii-LKSC-1996-34,(1997) 1 Sri LR 208,LKSC,1996,"Upon the death of an applicant for the acquisition of a land under section 71 of the Finance Act No. 11 of 1963 as amended, there can be substitution of a ""Specified heir"" viz. a person mentioned in Section","Upon the death of an applicant for the acquisition of a land under section 71 of the Finance Act No. 11 of 1963 as amended, there can be substitution of a ""Specified heir"" viz. a person mentioned in Section 71(2)(a) - in the prescribed order of priority - as well as of a testate heir. Whether the",SRC028-s36,none,,,headnote,ratio,high,headnote,unverified
draftly-rule-commonlii-LKSC-1996-8-1,commonlii-LKSC-1996-8,(1997) 2 Sri LR 1,LKSC,1996,"(Wadugodapitiya, J. dissenting)","(Wadugodapitiya, J. dissenting) (1) Since a diga marriage is one in which the wife is treated as a member of the husband's family, she would usually leave her parental home and take up residence with her husband and she then forfeited her rights of inheritance to her father's properties. Although place of residence is an important indicator of the character of the marriage, yet severance from her family by joining her husband's family is the test and not the place of residence. Forfeiture of rights of succession depends on the fact that a marriage was a diga marriage and not on whether it was a registered marriage. The registered entry is not conclusive on the character of the marriage and could be rebutted by evidence to the contrary. Remaining in or returning to the mulgedera does not necessarily result in a retention or re-acquisition of rights. If a diga married woman is remarried in binna or readmitted into her father's family by a binna settlement clearly showing that a binna connection was intended, she regains the rights of a binna married daughter to inherit her intestate father's properties. Section 9(1) of the Kandyan Law Declaration and Amendment Ordinance, No. 39 of 1938 provides that a binna or diga marriage shall be, and until dissolved continue to be, for all purposes of the law governing the succession to the estate of the deceased persons a binna or diga marriage, as the case may be. The relevant period commences from the time the parties began to treat the",,none,,,headnote,ratio,high,headnote,unverified
draftly-rule-commonlii-LKSC-1998-21-1,commonlii-LKSC-1998-21,(1999) 2 Sri LR 76,LKSC,1998,The first proviso to section,The first proviso to section 175 (1) of the Civil Procedure Code vests the discretion in the trial judge to permit the witness to be called ''if special circumstances appear to it to render such a course advisable in the interests of justice'. There was a total lack of 'special circumstances' postulated in the proviso to section 175 (1) of the Civil Procedure Code. The trial judge was right in refusing to exercise has discretion in favour of the defendant,,none,,,headnote,ratio,high,headnote,unverified
draftly-rule-commonlii-LKSC-1998-3-1,commonlii-LKSC-1998-3,(1998) 2 Sri LR 105,LKSC,1998,"1. Accordingly, in terms of section 2","1. Accordingly, in terms of section 2 (1) (a) a defendant is entitled to counterclaim for damages for wrongful arrest of a vessel where there was either mala fides or gross negligence which implies malice. Per Fernando, J. "". . . . the power of the court, consistently recognised and exercised over a long period of time to award damages for malicious arrest, is ancillary or incidental to its power to arrest a vessel, and can be exercised in the same proceedings. Such a claim for damages can be made without awaiting the termination of the proceedings."" 2. The High Court has the power to order the plaintiff to give security for the defendant's counter-claim for damages for malicious arrest. 106",SRC030-s654,none,,,headnote,ratio,high,headnote,unverified
draftly-rule-commonlii-LKSC-1998-66-1,commonlii-LKSC-1998-66,(1998) 2 Sri LR 24,LKSC,1998,The evidence led in the case was insufficient to prove collusion between parties to obtain the deed P3 within the meaning of subsection 2 of section 7 of the Registration of Documents Ordinance,The evidence led in the case was insufficient to prove collusion between parties to obtain the deed P3 within the meaning of subsection 2 of section 7 of the Registration of Documents Ordinance,SRC005-s7,none,,,headnote,ratio,high,headnote,unverified
draftly-rule-commonlii-LKSC-1999-52-1,commonlii-LKSC-1999-52,(2000) 1 Sri LR 17,LKSC,1999,"""The proposition that where a tenant of any premises sublets them in contravention of the Rent Act and the premises are thereafter sold by the landlord to a 3rd party, the purchaser is entitled to maintain an action for the ejectment of the tenant and the subtenant, is amply covered by authority and there is no dispute about that""","Per Dheeraratne, J. (1) ""The proposition that where a tenant of any premises sublets them in contravention of the Rent Act and the premises are thereafter sold by the landlord to a 3rd party, the purchaser is entitled to maintain an action for the ejectment of the tenant and the subtenant, is amply covered by authority and there is no dispute about that"" 18 (2) There is no evidence to show that the document IV 10 is a sham and not the document that it purported to be",,none,,,headnote,ratio,high,headnote,unverified
draftly-rule-commonlii-LKSC-2001-4-1,commonlii-LKSC-2001-4,(2002) 2 Sri LR 85,LKSC,2001,"The charges against the 1st respondent had not been made out to the satisfaction of the Court. But, the 2nd respondent is guilty of deceit and malpractice under section 42 of the Judicature Act","(1) The charges against the 1st respondent had not been made out to the satisfaction of the Court. But, the 2nd respondent is guilty of deceit and malpractice under section 42 of the Judicature Act. (2) If the conduct of the attorney-at-law is also criminal in character, as in this case, the Attorney-at-law will be disenrolled even though there is no conviction",,none,,,headnote,ratio,high,headnote,unverified
draftly-rule-commonlii-LKSC-2002-43-1,commonlii-LKSC-2002-43,(2002) 1 Sri LR 264,LKSC,2002,In view of the provision of section 5 (a) read with section,"In view of the provision of section 5 (a) read with section 48 (1), the claim of a monthly tenant is not within the scope of a partition action. It is not permissible to enter a finding, in a judgment, interlocutory decree of final decree, in a partition action with regard to any claim of a monthly tenant in respect of the land sought to be partitioned. Such question should be considered, if at all, at the stage of execution in terms of section 52 of the Law. 265 Per S. N. Silva, CJ. ""In this instance the claims of the 4th defendant on the Indenture of Lease and compensation for improvements, have been validly brought within the partition action. But, the 4th defendant should not have been permitted to add another string to his bow by raising issues based on a monthly tenancy, being a matter in respect of which the Court could not enter a decree having finality.""",,none,,,headnote,ratio,high,headnote,unverified
draftly-rule-commonlii-LKSC-2004-10-1,commonlii-LKSC-2004-10,(2004) 1 Sri LR 230,LKSC,2004,1. A preliminary objection that the petitioner had failed to satisfy Rule,"1. A preliminary objection that the petitioner had failed to satisfy Rule 14(1 )(a) of the Supreme Court Rules must be upheld. That Rule requires the petitioner to set out a plain and concise statement of facts and the infringement of the fundamental right. These guidelines are similar to those set out in sections 40(d) and 46(2) (a) and (b) of the Civil Procedure Code in respect of pleadings. 2. The use of slanderous and abusive words in respect of the respondents would also negate compliance with the above guidelines in a Public Law remedy. The right to seek relief for infringement of fundamental rights should not be made a means of defaming persons who would otherwise be entitled to vindicate their rights in respect of such allegation, if they are published",,none,,,headnote,ratio,high,headnote,unverified
draftly-rule-commonlii-LKSC-2004-20-1,commonlii-LKSC-2004-20,(2005) 1 Sri LR 108,LKSC,2004,"Per Wigneswaran, J "" ............. Section","Per Wigneswaran, J "" ............. Section 22 (7) seems to have contemplated in the case falling within the ambit of section 22 (2) (i) (bb) (ii) only those cases where there were transfers over the head"" as it were of the tenant from one owner landlord to another owner landlord ......... that no person shall be able to purchase a property already in the ownership of an owner landlord over the head of a tenant in order to oust such tenant. When the interpretation of ""specified date"" in section 22 (7) refers to ""came in to occupation of such premises"" the word ""premises"" must be interpreted as premises where the present owner landlord purchased or inherited or received as gift from a previous owner landlord. Where there was no such purchase, inheritance or gift the tenancy in respect of the premises though it was continued as far as the tenant and the premises are concerned it would not prevent the new single house owner landlord from ejecting the tenant by depositing five years rent subject to such notices, etc, being given. In other words the prohibition in section 22 (7) would not apply where there was no nexus in respect of ownership between the previous landlord and the present landlord. It is the single house ownership that gives the new owner landlord the right of ejectment",,none,,,headnote,ratio,high,headnote,unverified
draftly-rule-commonlii-LKSC-2004-7-1,commonlii-LKSC-2004-7,(2005) 1 Sri LR 10,LKSC,2004,The burden of proof under section,(1) The burden of proof under section 66(1) is on the transferee. The Court of,,none,,,headnote,ratio,high,headnote,unverified
draftly-rule-commonlii-LKSC-2005-11-1,commonlii-LKSC-2005-11,(2006) 1 Sri LR 110,LKSC,2005,"(Bandaranayake, J. dissenting) 112 The date of the death for purpose of the estate should be taken as 21.04.1988. Per S. N. SILVA, CJ ""......................... The question is from which date the period of one year should be computed? Is it one year immediately preceding 21.04.1988 as contended by the President's","(Bandaranayake, J. dissenting) 112 The date of the death for purpose of the estate should be taken as 21.04.1988. Per S. N. SILVA, CJ ""......................... The question is from which date the period of one year should be computed? Is it one year immediately preceding 21.04.1988 as contended by the President's",,none,,,headnote,ratio,high,headnote,unverified
draftly-rule-commonlii-LKSC-2006-5-1,commonlii-LKSC-2006-5,(2006) 2 Sri LR 169,LKSC,2006,In considering the document in question what is necessary would be to look to the substance of it in order to identify whether that would come within the meaning of a Bond?,"(1) In considering the document in question what is necessary would be to look to the substance of it in order to identify whether that would come within the meaning of a Bond? (2) Guarantee and indemnity given by the defendants - respondents is security for the facility granted in terms of the lease agreement they had entered into. They had entered into an agreement to pay a fixed sum of money at a definite time and thus the said document falls into the meaning of a Bond. (3) It is apparent that a bond which is an instrument under seal whereby one person binds himself to another for the payment of a specified sum of money either immediately or at a fixed future date could include a guarantee bond and or indemnity bond. HELD FURTHER: (4) The appellant was entitled to rectify the deficiency of the stamp duty with the payment of penalty. (5) Though sufficient time and an opportunity was given to the appellant to rectify the deficiency of stamp duty on the guarantee and indemnity had not taken any steps in that regard. (6) Where an instrument has to be admitted in evidence and if it is not duly stamped the deficiency has to be cured prior to the instrument being marked in evidence. (7) The person who draws, makes or executes the relevant instrument pertaining to a lease agreement is the leasing company and therefore under and otherwise there is an agreement to the contrary the liability of paying the stamp duty would be with the leasing company. per Shirani Bandaranayake, J. : "" It is also to be noted that regulations are made in terms of section 69 of the Stamp Duty Act and the rule of this court is to give effect to the said provisions as it is the bounden duty of any court and the function of every Judge to impart justice within the given parameters.""",,none,,,headnote,ratio,high,headnote,unverified
draftly-rule-commonlii-LKSC-2006-5-2,commonlii-LKSC-2006-5,(2006) 2 Sri LR 169,LKSC,2006,Guarantee and indemnity given by the defendants - respondents is security for the facility granted in terms of the lease agreement they had entered into. They had entered into an agreement to pay a fixed sum of money at a definite time and thus the said document falls into the meaning of a Bond,"(1) In considering the document in question what is necessary would be to look to the substance of it in order to identify whether that would come within the meaning of a Bond? (2) Guarantee and indemnity given by the defendants - respondents is security for the facility granted in terms of the lease agreement they had entered into. They had entered into an agreement to pay a fixed sum of money at a definite time and thus the said document falls into the meaning of a Bond. (3) It is apparent that a bond which is an instrument under seal whereby one person binds himself to another for the payment of a specified sum of money either immediately or at a fixed future date could include a guarantee bond and or indemnity bond. HELD FURTHER: (4) The appellant was entitled to rectify the deficiency of the stamp duty with the payment of penalty. (5) Though sufficient time and an opportunity was given to the appellant to rectify the deficiency of stamp duty on the guarantee and indemnity had not taken any steps in that regard. (6) Where an instrument has to be admitted in evidence and if it is not duly stamped the deficiency has to be cured prior to the instrument being marked in evidence. (7) The person who draws, makes or executes the relevant instrument pertaining to a lease agreement is the leasing company and therefore under and otherwise there is an agreement to the contrary the liability of paying the stamp duty would be with the leasing company. per Shirani Bandaranayake, J. : "" It is also to be noted that regulations are made in terms of section 69 of the Stamp Duty Act and the rule of this court is to give effect to the said provisions as it is the bounden duty of any court and the function of every Judge to impart justice within the given parameters.""",,none,,,headnote,ratio,high,headnote,unverified
draftly-rule-commonlii-LKSC-2006-5-3,commonlii-LKSC-2006-5,(2006) 2 Sri LR 169,LKSC,2006,It is apparent that a bond which is an instrument under seal whereby one person binds himself to another for the payment of a specified sum of money either immediately or at a fixed future date could include a guarantee bond and or indemnity bond. HELD FURTHER,"(1) In considering the document in question what is necessary would be to look to the substance of it in order to identify whether that would come within the meaning of a Bond? (2) Guarantee and indemnity given by the defendants - respondents is security for the facility granted in terms of the lease agreement they had entered into. They had entered into an agreement to pay a fixed sum of money at a definite time and thus the said document falls into the meaning of a Bond. (3) It is apparent that a bond which is an instrument under seal whereby one person binds himself to another for the payment of a specified sum of money either immediately or at a fixed future date could include a guarantee bond and or indemnity bond. HELD FURTHER: (4) The appellant was entitled to rectify the deficiency of the stamp duty with the payment of penalty. (5) Though sufficient time and an opportunity was given to the appellant to rectify the deficiency of stamp duty on the guarantee and indemnity had not taken any steps in that regard. (6) Where an instrument has to be admitted in evidence and if it is not duly stamped the deficiency has to be cured prior to the instrument being marked in evidence. (7) The person who draws, makes or executes the relevant instrument pertaining to a lease agreement is the leasing company and therefore under and otherwise there is an agreement to the contrary the liability of paying the stamp duty would be with the leasing company. per Shirani Bandaranayake, J. : "" It is also to be noted that regulations are made in terms of section 69 of the Stamp Duty Act and the rule of this court is to give effect to the said provisions as it is the bounden duty of any court and the function of every Judge to impart justice within the given parameters.""",,none,,,headnote,ratio,high,headnote,unverified
draftly-rule-commonlii-LKSC-2007-1-1,commonlii-LKSC-2007-1,(2007) 1 Sri LR 59,LKSC,2007,"Per S. N. Silva, C.J. ""Good governance and transparency characterize democracy and the rule of law and where an infringement of equality before the law is alleged by the wrongful and unlawful grant of facilities and benefits at the highest level of the executive, strict rules of pleadings cannot be meted upon.""","Per S. N. Silva, C.J. ""Good governance and transparency characterize democracy and the rule of law and where an infringement of equality before the law is alleged by the wrongful and unlawful grant of facilities and benefits at the highest level of the executive, strict rules of pleadings cannot be meted upon."" (1) Though it is correct that a conferment of a wrongful or unlawful benefit or advantage may attract other offences such as the offence of corruption - the fact that the impugned action mayor may not be an offence punishable by law does not mean that a person acting in the public interest is not entitled to seek a declaration from the Supreme Court that the conferment of such benefit or advantage is contrary to the fundamental right to equality before the law. (2) The respective organs of government reposed power as custodians for the time being to be exercised for the people. The petitioner allege an abuse of power by the incumbent custodian of such power which at all times continues to be reposed in the people - ""Sed quis ipsos custodies."" (3) The 1st respondent and the Cabinet of Ministers were the custodian of public property and public funds. The property and funds will have to be dealt with according to law for the benefit of the people. Therefore, the law itself is the instrumentality through which custodians are guarded. This is the basic postulate of the Rule of Law. Per Sarath N. Silva, C.J. ""I am of the view that there is a positive component in the right",,none,,,headnote,ratio,high,headnote,unverified
draftly-rule-commonlii-LKSC-2007-1-3,commonlii-LKSC-2007-1,(2007) 1 Sri LR 59,LKSC,2007,"The respective organs of government reposed power as custodians for the time being to be exercised for the people. The petitioner allege an abuse of power by the incumbent custodian of such power which at all times continues to be reposed in the people - ""Sed quis ipsos custodies.""","Per S. N. Silva, C.J. ""Good governance and transparency characterize democracy and the rule of law and where an infringement of equality before the law is alleged by the wrongful and unlawful grant of facilities and benefits at the highest level of the executive, strict rules of pleadings cannot be meted upon."" (1) Though it is correct that a conferment of a wrongful or unlawful benefit or advantage may attract other offences such as the offence of corruption - the fact that the impugned action mayor may not be an offence punishable by law does not mean that a person acting in the public interest is not entitled to seek a declaration from the Supreme Court that the conferment of such benefit or advantage is contrary to the fundamental right to equality before the law. (2) The respective organs of government reposed power as custodians for the time being to be exercised for the people. The petitioner allege an abuse of power by the incumbent custodian of such power which at all times continues to be reposed in the people - ""Sed quis ipsos custodies."" (3) The 1st respondent and the Cabinet of Ministers were the custodian of public property and public funds. The property and funds will have to be dealt with according to law for the benefit of the people. Therefore, the law itself is the instrumentality through which custodians are guarded. This is the basic postulate of the Rule of Law. Per Sarath N. Silva, C.J. ""I am of the view that there is a positive component in the right",,none,,,headnote,ratio,high,headnote,unverified
draftly-rule-commonlii-LKSC-2007-14-1,commonlii-LKSC-2007-14,(2007) 2 Sri LR 203,LKSC,2007,The plaintiff in order to seek benefit under section 7,"(1) The plaintiff in order to seek benefit under section 7(2) has either to establish fraud or collusion. Whether the plaintiff had established fraud or collusion is entirely a matter for the District Judge to decide on the evidence unfolded in Court. At the end of the case for the plaintiff, if the defendants choose to keep quiet then they do so at great risk. (2) If fraud had to be proved on a balance of probability the failure on the part of the defendants to give evidence could be held against them. A Civil Court when considering a charge of fraud requires a higher degree of probability than that it would require in establishing negligence. Per Nihal Jayasinghe, J: ""Even though it is unnecessary to establish collusion beyond reasonable doubt all the items of evidence point to the fact that the registration of the deed of the plaintiff in the wrong folio was as a result of a collusive arrangement between Podisingho and the defendants."" 204 Per Nihal Jayasinghe, J: ""In the teeth of damning evidence it was inconceivable that the defendants could have given evidence and subjected themselves to crossexamination.""",,none,,,headnote,ratio,high,headnote,unverified
draftly-rule-commonlii-LKSC-2007-3-1,commonlii-LKSC-2007-3,(2007) 1 Sri LR 181,LKSC,2007,On examination of the reliefs claimed in Case No. 252/,"(1) On examination of the reliefs claimed in Case No. 252/2001 (1) and the relief claimed in the instant case, though they do not appear to be identical, but based on the resolution adopted by the Bank and the consequent procedural steps the Bank would take in terms of the resolution, the Commercial High Court erred in holding that the reliefs claimed are dissimilar. Held further Per Nihal Jayasinghe, J. ""The 1st and 2nd respondents cannot hide behind the veil of incorporation of Company N whilst being the alter ego"" of the said Company of which the 1st respondent has been the Managing Director and the 2nd respondent who is the wife of the 1st respondent has been a Director."" (2) Although the independent personality of the Company is distinct from its Directors and shareholders Courts have in appropriate circumstances lifted the veil of incorporation. In particular Courts have been vigilant not to allow the veil of incorporation to be used for some illegal or improper purpose or as a devise to defraud creditors. Per Nihal Jayasinghe, J. ""It is quite obvious that the 1st and 2nd respondents being Directors of the Company benefited from the facilities made available to the said Company by the petitioner Bank and to that extent they cannot claim that the mortgages which secured the said facilities fall within the category of ""third party mortgagee"" as contemplated in the majority judgments of the Court in Ramachandra v Hatton National Bank"". Per Nihal Jayasinghe, J. ""It would be an exercise totally illogical to seek to differentiate the 1st and 2nd respondents as third party mortgagors"". (3) In terms of section19 if the Bank purchased the property the Bank is obliged to resell the property within a reasonable period in order to recover the amount due to the Bank. Since the actual sale of property purchased by the Bank comes after the resale of the property under section 19, and the property is resold by the Bank under section 10 - there cannot be an",,none,,,headnote,ratio,high,headnote,unverified
draftly-rule-commonlii-LKSC-2008-2-1,commonlii-LKSC-2008-2,(2008) 1 Sri LR 1,LKSC,2008,"The common characteristics of a corporation are a distinctive name, a common seal and perpetuity of existence. As a Rule the contracts of a corporation must be under seal of the corporation. Per Shiranee Bandaranayake, J. ""It is evident that for the establishment of an institution as a body corporate clear provision to that effect should be provided in the enactment""","(1) The common characteristics of a corporation are a distinctive name, a common seal and perpetuity of existence. As a Rule the contracts of a corporation must be under seal of the corporation. Per Shiranee Bandaranayake, J. ""It is evident that for the establishment of an institution as a body corporate clear provision to that effect should be provided in the enactment"". (2) In the absence of any direct provision or any intent to incorporate, it is evident that the Sri Lanka Transport Board under the present Act cannot be registered as a body Corporate",,none,,,headnote,ratio,high,headnote,unverified
draftly-rule-commonlii-LKSC-2008-2-2,commonlii-LKSC-2008-2,(2008) 1 Sri LR 1,LKSC,2008,"In the absence of any direct provision or any intent to incorporate, it is evident that the Sri Lanka Transport Board under the present Act cannot be registered as a body Corporate","(1) The common characteristics of a corporation are a distinctive name, a common seal and perpetuity of existence. As a Rule the contracts of a corporation must be under seal of the corporation. Per Shiranee Bandaranayake, J. ""It is evident that for the establishment of an institution as a body corporate clear provision to that effect should be provided in the enactment"". (2) In the absence of any direct provision or any intent to incorporate, it is evident that the Sri Lanka Transport Board under the present Act cannot be registered as a body Corporate",,none,,,headnote,ratio,high,headnote,unverified
draftly-rule-commonlii-LKSC-2009-3-1,commonlii-LKSC-2009-3,(2009) 1 Sri LR 134,LKSC,2009,"The ambit and object of Section 90(e) is clearly, for the original entries in the ledgers to be examined and clearly specifies that the request should refer to an already existing original or primary entry of Banker's Books or business of a Bank. Per Shiranee Tilakawardena,","(1) The ambit and object of Section 90(e) is clearly, for the original entries in the ledgers to be examined and clearly specifies that the request should refer to an already existing original or primary entry of Banker's Books or business of a Bank. Per Shiranee Tilakawardena,",,none,,,headnote,ratio,high,headnote,unverified
draftly-rule-commonlii-LKSC-2009-8-1,commonlii-LKSC-2009-8,(2009) 1 Sri LR 232,LKSC,2009,"In determining the condition of the land in 1968 and the condition of the land at the time of acquisition for the purpose of computing compensation to be payable, the Board of Review had arrived at a decision, not purely on facts, but on an inference on the applicability of the Act No. 15 of 1968 and section 7 of the Land Acquisition Act","(1) In determining the condition of the land in 1968 and the condition of the land at the time of acquisition for the purpose of computing compensation to be payable, the Board of Review had arrived at a decision, not purely on facts, but on an inference on the applicability of the Act No. 15 of 1968 and section 7 of the Land Acquisition Act. (2) When an acquisition of land falls within the purview of section 4(2) of the Colombo District (Low Lying Areas) Reclamation and Development Board Act No. 15 of 1968, the valuation of the property has to be computed on the basis ofthe valuation as at the date of the commencement of the Act No. 15 of 1968. (3) When it is claimed that the condition of the land in question had changed from its original position at the time of its acquisition, the person who makes that statement should lead evidence to prove that position in terms of section 102 of the Evidence Ordinance It would be presumed that in the ordinary course of nature there was no change in the condition of the land",,none,,,headnote,ratio,high,headnote,unverified
draftly-rule-commonlii-LKSC-2009-8-2,commonlii-LKSC-2009-8,(2009) 1 Sri LR 232,LKSC,2009,When an acquisition of land falls within the purview of section 4,"(1) In determining the condition of the land in 1968 and the condition of the land at the time of acquisition for the purpose of computing compensation to be payable, the Board of Review had arrived at a decision, not purely on facts, but on an inference on the applicability of the Act No. 15 of 1968 and section 7 of the Land Acquisition Act. (2) When an acquisition of land falls within the purview of section 4(2) of the Colombo District (Low Lying Areas) Reclamation and Development Board Act No. 15 of 1968, the valuation of the property has to be computed on the basis ofthe valuation as at the date of the commencement of the Act No. 15 of 1968. (3) When it is claimed that the condition of the land in question had changed from its original position at the time of its acquisition, the person who makes that statement should lead evidence to prove that position in terms of section 102 of the Evidence Ordinance It would be presumed that in the ordinary course of nature there was no change in the condition of the land",,none,,,headnote,ratio,high,headnote,unverified
