# LankaLaw consolidated-statute HTML pages, from their A-Z index.
# Private republisher, not the Government Printer. status=unverified.
# Generated by scripts/harvest_lankalaw_consolidated.py catalogue.
letter,title,url
a,Abdul Majeed Mohamed Sahabdeen Trust Foundation (Incorporation) Act,https://lankalaw.net/wp-content/uploads/2025/02/1991Y0V0C3A.html
a,Abolition of Fideicommissa and Entails Act,https://lankalaw.net/wp-content/uploads/2025/02/1981Y4V80C-1.html
a,Abolition of Slavery Ordinance,https://lankalaw.net/wp-content/uploads/2025/02/2001Y3V75C.html
a,Administration of Justice Law,https://lankalaw.net/wp-content/uploads/2025/02/1973Y0V0C44A.html
a,Administrative Appeals Tribunal Act,https://lankalaw.net/wp-content/uploads/2025/02/2002Y0V0C4A.html
a,Administrative Districts Act,https://lankalaw.net/wp-content/uploads/2025/02/1981Y1V6C-1.html
a,Admiralty Jurisdiction Act,https://lankalaw.net/wp-content/uploads/2025/02/1983Y0V0C40A.html
a,Admiralty Lands Ordinance,https://lankalaw.net/wp-content/uploads/2025/02/1956Y11V361C-1.html
a,Adoption of Children Ordinance,https://lankalaw.net/wp-content/uploads/2025/02/2001Y3V61C.html
a,Adoption of Roman-Dutch Ordinance,https://lankalaw.net/wp-content/uploads/2025/02/2001Y1V12C.html
a,Affidavits Act,https://lankalaw.net/wp-content/uploads/2025/02/1981Y1V24C-1.html
a,Age of Majority Ordinance,https://lankalaw.net/wp-content/uploads/2025/02/2001Y3V66C.html
a,Agricultural and Agrarian Insurance Act,https://lankalaw.net/wp-content/uploads/2025/02/1999Y0V0C20A.html
a,Agricultural Corps Ordinance,https://lankalaw.net/wp-content/uploads/2025/02/1981Y11V270C-1.html
a,Agricultural Produce (Grading and Marking) Ordinance,https://lankalaw.net/wp-content/uploads/2025/02/1981Y9V198C-1.html
a,Agricultural Produce Agents (Registration) Ordinance,https://lankalaw.net/wp-content/uploads/2025/02/1981Y9V199C-1.html
a,Agricultural Products (Guaranteed Prices and Control of Hulling and Milling) Act,https://lankalaw.net/wp-content/uploads/2025/02/1981Y9V203C-1.html
a,Agricultural Products (Regulation) Ordinance,https://lankalaw.net/wp-content/uploads/2025/02/2001Y6V161C.html
a,Air Ceylon Act,https://lankalaw.net/wp-content/uploads/2025/02/1956Y10V280C-1.html
a,Air Force Act,https://lankalaw.net/wp-content/uploads/2025/02/1981Y20V627C-1.html
a,Air Navigation Act,https://lankalaw.net/wp-content/uploads/2025/02/1981Y10V230C-1.html
a,Al-Haj N M Buhardeen Foundation (Incorporation) Act,https://lankalaw.net/wp-content/uploads/2025/02/1992Y0V0C43A.html
a,Alakolamada Sri Jayasumanarama Maha Vihara Dayaka Sabha (Incorporation) Act,https://lankalaw.net/wp-content/uploads/2025/02/1993Y0V0C20A.html
a,All Ceylon Buddhist Congress Act,https://lankalaw.net/wp-content/uploads/2025/02/1981Y15V398C-1.html
a,All Ceylon Buddhist Students’ Federation (Incorporation) Law,https://lankalaw.net/wp-content/uploads/2025/02/1981Y15V421C-1.html
a,All Ceylon Jemmiyathul Ulama (Incorporation) Act,https://lankalaw.net/wp-content/uploads/2025/02/2000Y0V0C51A.html
a,All Ceylon Muslim Women’s Association (Incorporation) Act,https://lankalaw.net/wp-content/uploads/2025/02/1982Y0V0C38A.html
a,All Ceylon Sri Sumangala Social Services and Welfare Association (Incorporation) Act,https://lankalaw.net/wp-content/uploads/2025/02/1993Y0V0C44A.html
a,All Ceylon Telugu Congress (Incorporation) Act,https://lankalaw.net/wp-content/uploads/2025/02/1992Y0V0C20A.html
a,All Ceylon Union of Muslim League Youth Fronts (Incorporation) Act,https://lankalaw.net/wp-content/uploads/2025/02/1998Y0V0C48A.html
a,All Ceylon Young Men’s Muslim Association Conference (Incorporation) Act,https://lankalaw.net/wp-content/uploads/2025/02/1981Y15V461C-1.html
a,Allowances to Plantation Workers Act,https://lankalaw.net/wp-content/uploads/2025/02/1981Y0V0C72A.html
a,Ambagahapelessa Sri Sangabodhi Sasanodaya Samithiya (Incorporation) Act,https://lankalaw.net/wp-content/uploads/2025/02/1993Y0V0C26A.html
a,Ambalangoda Delduwa Vivekarama Aranya Senasana Dayaka Sabha (Incorporation) Act,https://lankalaw.net/wp-content/uploads/2025/02/1991Y0V0C47A.html
a,Ambalangoda Deshapremi Sanvidhanaya (Incorporation) Act,https://lankalaw.net/wp-content/uploads/2025/02/1992Y0V0C47A.html
a,American Ceylon Mission Ordinance,https://lankalaw.net/wp-content/uploads/2025/02/1981Y15V439C-1.html
a,Ampara Senanayake Gunanusmarana Sabhawa (Incorporation) Act,https://lankalaw.net/wp-content/uploads/2025/02/1998Y0V0C3A.html
a,Animal Diseases Act,https://lankalaw.net/wp-content/uploads/2025/02/1992Y0V0C59A.html
a,Animal Feed Act,https://lankalaw.net/wp-content/uploads/2025/02/1986Y0V0C15A.html
a,Antiquities Ordinance,https://lankalaw.net/wp-content/uploads/2025/02/2001Y7V188C.html
a,Anula Vidyalaya Ordinance,https://lankalaw.net/wp-content/uploads/2025/02/1956Y10V305C-1.html
a,Anuradhapura Buddhist Association Act,https://lankalaw.net/wp-content/uploads/2025/02/1981Y15V413C-1.html
a,Anuradhapura Jaya Sri Maha Bodhi Development Fund (Incorporation) Act,https://lankalaw.net/wp-content/uploads/2025/02/2006Y0V0C41A.html
a,Anuradhapura Mahapothana Konwewa Sama Deepa Samaja Kendraya (Incorporation) Act,https://lankalaw.net/wp-content/uploads/2025/02/1992Y0V0C23A.html
a,Apartment Ownership Law,https://lankalaw.net/wp-content/uploads/2025/02/1981Y4V83C-1.html
a,Army Act,https://lankalaw.net/wp-content/uploads/2025/02/1981Y20V625C-1.html
a,Arts Council of Ceylon Act,https://lankalaw.net/wp-content/uploads/2025/02/1981Y15V469C-1.html
a,Asian Buddhist Congress (Incorporation) Act,https://lankalaw.net/wp-content/uploads/2025/02/1993Y0V0C23A.html
a,Asian Development Bank Agreement (Ratification) Act,https://lankalaw.net/wp-content/uploads/2025/02/1981Y12V314C-1.html
a,Assemblies of God of Ceylon Ordinance,https://lankalaw.net/wp-content/uploads/2025/02/1981Y15V445C-1.html
a,Assignment of Ministers’ Functions Act,https://lankalaw.net/wp-content/uploads/2025/02/1981Y1V3C-1.html
a,Assisted Schools and Training Colleges (Special Provisions) Act,https://lankalaw.net/wp-content/uploads/2025/02/1960Y0V0C5A.html
a,Associated Newspapers of Ceylon Ltd (Special Provisions) Law,https://lankalaw.net/wp-content/uploads/2025/02/1981Y14V377C-1.html
a,Astrologers’ Association of Sri Lanka (Incorporation) Act,https://lankalaw.net/wp-content/uploads/2025/02/1997Y0V0C34A.html
a,Atomic Energy Authority Act,https://lankalaw.net/wp-content/uploads/2025/02/1981Y9V223C-1.html
a,Auctioneers and Brokers Ordinance,https://lankalaw.net/wp-content/uploads/2025/02/1981Y6V125C-1.html
a,Auditor-General’s Fees Act,https://lankalaw.net/wp-content/uploads/2025/02/1981Y12V324C-1.html
a,Automobile Association of Ceylon (Incorporation) Act,https://lankalaw.net/wp-content/uploads/2025/02/1981Y15V487C-1.html
a,Ayurveda Act,https://lankalaw.net/wp-content/uploads/2025/02/1981Y6V116C-1.html
b,Badulla Saiva Paripalana Sangam Act,https://lankalaw.net/wp-content/uploads/2025/02/1981Y15V458C-1.html
b,Badulla Sri Saddharmananda Association (Incorporation) Act,https://lankalaw.net/wp-content/uploads/2025/02/1982Y0V0C23A.html
b,Badulla Subhasadhaka Sangamaya (Incorporation) Act,https://lankalaw.net/wp-content/uploads/2025/02/1984Y0V0C27A.html
b,Bahamas and Leeward Islands Light Dues Ordinance,https://lankalaw.net/wp-content/uploads/2025/02/1956Y11V374C-1.html
b,Bakeer Markar Centre for National Unity (Incorporation) Act,https://lankalaw.net/wp-content/uploads/2025/02/2000Y0V0C17A.html
b,Balangoda Sri Sudarshana Vihara Wardhana Samithiya (Incorporation) Act,https://lankalaw.net/wp-content/uploads/2025/02/1981Y0V0C23A.html
b,Bandaranaike Museum Committee (Incorporation) Act,https://lankalaw.net/wp-content/uploads/2025/02/1997Y0V0C28A.html
b,Bandarawela Suwamadu Suwasetha Suwasewa Nikethanaya of Sri Lanka (Incorporation) Act,https://lankalaw.net/wp-content/uploads/2025/02/1994Y0V0C15A.html
b,Bank of Ceylon Ordinance,https://lankalaw.net/wp-content/uploads/2025/02/1981Y12V302C-1.html
b,Batticaloa Waterworks Ordinance,https://lankalaw.net/wp-content/uploads/2025/02/2001Y7V209C.html
b,Batticaloa Young Men’s Hindu Association (Incorporation) Act,https://lankalaw.net/wp-content/uploads/2025/02/1998Y0V0C41A.html
b,Betting on Horse-Racing Ordinance,https://lankalaw.net/wp-content/uploads/2025/02/1981Y3V55C-1.html
b,Bhagawan Sri Sathya Sai Seva Samithi Trust (Incorporation) Act,https://lankalaw.net/wp-content/uploads/2025/02/1992Y0V0C24A.html
b,Bhikku University of Sri Lanka Act,https://lankalaw.net/wp-content/uploads/2025/02/1996Y0V0C26A.html
b,Bloemendhal Development Society (Incorporation) Act,https://lankalaw.net/wp-content/uploads/2025/02/1984Y0V0C26A.html
b,Board of Directors of the Muslim Ladies Arabic College Kattankudy (Incorporation) Act,https://lankalaw.net/wp-content/uploads/2025/02/2000Y0V0C2A.html
b,Board of Directors of the Rehabilitation and Education Development Fund (Incorporation) Act,https://lankalaw.net/wp-content/uploads/2025/02/1999Y0V0C52A.html
b,Board of Management of the Ahadiya Academy (Incorporation) Act,https://lankalaw.net/wp-content/uploads/2025/02/1984Y0V0C39A.html
b,Board of Management of the Manfa-Ul-Hudha Arabic College (Incorporation) Act,https://lankalaw.net/wp-content/uploads/2025/02/1992Y0V0C19A.html
b,"Board Of Management Of The Muslim Ladies Arabic College Managing Society, Kal-Eliya (Incorporation)",https://lankalaw.net/wp-content/uploads/2025/03/1991Y0V0C46A.html
b,Board of Trustees of the Al Hassaniyyah Arabic College Trust (Incorporation) Act,https://lankalaw.net/wp-content/uploads/2025/02/1985Y0V0C26A.html
b,"Board of Trustees of the Lalith Athulathmudali Educational Trust, Balangoda (Incorporation) Act",https://lankalaw.net/wp-content/uploads/2025/02/1987Y0V0C41A.html
b,Board of Trustees of the Ratmalana Historic Gonabendi Kataragama Maha Devalaya (Incorporation) Act,https://lankalaw.net/wp-content/uploads/2025/02/1992Y0V0C18A.html
b,Board of Trustees of the Ronnie De Mel-Ruhunu University-Trust (Incorporation) Act,https://lankalaw.net/wp-content/uploads/2025/02/2000Y0V0C31A.html
b,Board of Trustees of the S.W.R.D. Bandaranaike (Memorial) Scholarship Trust (Incorporation) Act,https://lankalaw.net/wp-content/uploads/2025/02/1991Y0V0C22A.html
b,Board Of Trustees Of The Sri Maha Bathrakalee Devalaya (Incorporation),https://lankalaw.net/wp-content/uploads/2025/03/1991Y0V0C1A.html
b,Boatmen Ordinance,https://lankalaw.net/wp-content/uploads/2025/02/1981Y10V236C-1.html
b,Boats Ordinance,https://lankalaw.net/wp-content/uploads/2025/02/1981Y16V535C-1.html
b,Bope Sudharmarama Purana Maha Vihara Sanwardhana Samitiya (Incorporation) Act,https://lankalaw.net/wp-content/uploads/2025/02/1988Y0V0C50A.html
b,Botanic Gardens Ordinance,https://lankalaw.net/wp-content/uploads/2025/02/1981Y11V275C-1.html
b,"Brahma Kumaris Rajayoga Centre, Sri Lanka (Incorporation) Act",https://lankalaw.net/wp-content/uploads/2025/02/1998Y0V0C37A.html
b,Bread Ordinance,https://lankalaw.net/wp-content/uploads/2025/02/1981Y17V547C-1.html
b,Bretton Woods Agreements Act,https://lankalaw.net/wp-content/uploads/2025/02/1981Y12V327C-1.html
b,Brothels Ordinance,https://lankalaw.net/wp-content/uploads/2025/02/1981Y3V43C-1.html
b,Buddha Sasana Fund Act,https://lankalaw.net/wp-content/uploads/2025/02/1990Y0V0C35A.html
b,Buddha Sravaka Dharmapithaya Act,https://lankalaw.net/wp-content/uploads/2025/02/1981Y14V386C-1.html
b,Buddhist and Pali University of Sri Lanka Act,https://lankalaw.net/wp-content/uploads/2025/02/1981Y0V0C74A.html
b,Buddhist Publication Society Law,https://lankalaw.net/wp-content/uploads/2025/02/1981Y15V420C-1.html
b,Budgetary Relief Allowance of Workers (No. 1) Law,https://lankalaw.net/wp-content/uploads/2025/02/1981Y7V169C-1.html
b,Budgetary Relief Allowance of Workers (No. 2) Law,https://lankalaw.net/wp-content/uploads/2025/02/1981Y7V170C-1.html
b,Business Names Ordinance,https://lankalaw.net/wp-content/uploads/2025/02/2001Y6V149C.html
b,Business Registration (Exemption from Surcharge) Act,https://lankalaw.net/wp-content/uploads/2025/02/1968Y0V0C8A.html
b,Business Registration (Surcharge) Act,https://lankalaw.net/wp-content/uploads/2025/02/1961Y0V0C16A.html
b,Business Undertakings (Acquisition) (Repeal) Act,https://lankalaw.net/wp-content/uploads/2025/02/1981Y8V184C-1.html
c,Calvary Church of Sri Lanka (Incorporation) Act,https://lankalaw.net/wp-content/uploads/2025/02/1999Y0V0C2A.html
c,Capital Levy Act,https://lankalaw.net/wp-content/uploads/2025/02/1971Y0V0C51A.html
c,Captain Anuruddha Parakrama Wijewantha Memorial Cultural Foundation (Incorporation),https://lankalaw.net/wp-content/uploads/2025/03/1997Y0V0C3A.html
c,Cassim Family Trust (Incorporation) Act,https://lankalaw.net/wp-content/uploads/2025/02/2000Y0V0C35A.html
c,Catholic Bishops’ Conference in Sri Lanka (Incorporation) Act,https://lankalaw.net/wp-content/uploads/2025/02/1983Y0V0C17A.html
c,Catholic Union of Sri Lanka(Incorporation) Act,https://lankalaw.net/wp-content/uploads/2025/02/1993Y0V0C56A.html
c,Ceiling on Housing Property (Special Provisions) Act,https://lankalaw.net/wp-content/uploads/2025/02/1988Y0V0C80A.html
c,Ceiling on Housing Property Law,https://lankalaw.net/wp-content/uploads/2025/02/1981Y12V339C-1.html
c,Cemeteries and Burial Grounds Ordinance,https://lankalaw.net/wp-content/uploads/2025/02/1981Y17V563C-1.html
c,Central Cultural Fund Act,https://lankalaw.net/wp-content/uploads/2025/02/1981Y14V388C-1.html
c,Central Freight Bureau Law,https://lankalaw.net/wp-content/uploads/2025/02/1981Y10V239C-1.html
c,Central Tennekumbura Young Men’s Muslim Association (Incorporation) Act,https://lankalaw.net/wp-content/uploads/2025/02/1991Y0V0C34A.html
c,Centre for Islamic Guidance (Incorporation) Act,https://lankalaw.net/wp-content/uploads/2025/02/1998Y0V0C30A.html
c,"Centre for Islamic Studies, Colombo (Incorporation) Act",https://lankalaw.net/wp-content/uploads/2025/02/1991Y0V0C44A.html
c,Centre for Manthinda Social Services and Vocational Training (Incorporation) Act,https://lankalaw.net/wp-content/uploads/2025/02/1991Y0V0C50A.html
c,Ceylon (Parliamentary Elections) Order in Council,https://lankalaw.net/wp-content/uploads/2025/02/1956Y11V381C-1.html
c,Ceylon Baithful Mal Fund (Incorporation) Law,https://lankalaw.net/wp-content/uploads/2025/02/1976Y0V0C9A.html
c,Ceylon Cold Stores (Possession and Control) Act,https://lankalaw.net/wp-content/uploads/2025/02/1989Y0V0C1A.html
c,Ceylon College of Physicians Act,https://lankalaw.net/wp-content/uploads/2025/02/1981Y6V114C-1.html
c,Ceylon Development Loans Act,https://lankalaw.net/wp-content/uploads/2025/02/1956Y12V407C-1.html
c,Ceylon Hotel School Graduates Association (Incorporation) Act,https://lankalaw.net/wp-content/uploads/2025/02/1984Y0V0C21A.html
c,Ceylon Independence Act,https://lankalaw.net/wp-content/uploads/2025/02/1956Y11V376C.html
c,Ceylon Moor Ladies’ Union Act,https://lankalaw.net/wp-content/uploads/2025/02/1981Y15V505C-1.html
c,Ceylon National Association for the Prevention of Tuberculosis Act,https://lankalaw.net/wp-content/uploads/2025/02/1981Y15V511C-1.html
c,Ceylon National Chamber of Industries Act,https://lankalaw.net/wp-content/uploads/2025/02/1981Y9V211C-1.html
c,Ceylon National Library Services Board Act,https://lankalaw.net/wp-content/uploads/2025/02/1981Y14V387C-1.html
c,Ceylon Pentecostal Mission Act,https://lankalaw.net/wp-content/uploads/2025/02/1981Y15V440C-1.html
c,Ceylon Petroleum (Foreign Claims) Compensation Act,https://lankalaw.net/wp-content/uploads/2025/02/1965Y0V0C19A.html
c,Ceylon Petroleum Corporation Act,https://lankalaw.net/wp-content/uploads/2025/02/1981Y9V220C-1.html
c,Ceylon Police Saving Association Ordinance,https://lankalaw.net/wp-content/uploads/2025/02/1956Y10V287C-1.html
c,Ceylon Post Office Savings Bank Ordinance,https://lankalaw.net/wp-content/uploads/2025/02/1956Y7V191C.html
c,Ceylon Railway Daily-Paid Workers Benevolent Association (Incorporation) Act,https://lankalaw.net/wp-content/uploads/2025/02/1981Y15V479C-1.html
c,Ceylon Railway Guards’ and Locomotive Enginemen’s Provident Association Act,https://lankalaw.net/wp-content/uploads/2025/02/1981Y15V478C-1.html
c,Ceylon Railway Uniform Staff Benevolent Fund Ordinance,https://lankalaw.net/wp-content/uploads/2025/02/1956Y10V284C.html
c,Ceylon Scout Council (Incorporation) Act,https://lankalaw.net/wp-content/uploads/2025/02/1981Y15V498C-1.html
c,Ceylon Shipping Corporation Act,https://lankalaw.net/wp-content/uploads/2025/02/1981Y10V234C-1.html
c,Chamber of Commerce Ordinance,https://lankalaw.net/wp-content/uploads/2025/02/1981Y9V210C-1.html
c,Chartered Institute of Personnel Management Sri Lanka,https://lankalaw.net/wp-content/uploads/2025/02/1976Y0V0C24A.html
c,CHARTERED INSTITUTE OF TAXATION OF SRI LANKA (INCORPORATION) ACT,https://lankalaw.net/wp-content/uploads/2025/03/2000Y0V0C21A.html
c,Chartered Institute of Transport of Sri Lanka (Incorporation) Act,https://lankalaw.net/wp-content/uploads/2025/02/2000Y0V0C8A.html
c,Chauffeurs Regulation Ordinance,https://lankalaw.net/wp-content/uploads/2025/02/1981Y7V172C-1.html
c,Cheetu Ordinance,https://lankalaw.net/wp-content/uploads/2025/02/1981Y8V190C-1.html
c,Chilaw Buddhist Association (Incorporation) Law,https://lankalaw.net/wp-content/uploads/2025/02/1981Y15V414C-1.html
c,Children and Young Persons Ordinance,https://lankalaw.net/wp-content/uploads/2025/02/1981Y3V31C-1.html
c,Chinmaya Mission of Sri Lanka (Incorporation) Act,https://lankalaw.net/wp-content/uploads/2025/02/1981Y0V0C28A.html
c,Christian Assembly of Sri Lanka (Incorporation) Act,https://lankalaw.net/wp-content/uploads/2025/02/1984Y0V0C20A.html
c,Church of Ceylon (Incorporation) Act,https://lankalaw.net/wp-content/uploads/2025/02/1981Y15V428C-1.html
c,Church of the Foursquare Gospel in Sri Lanka (Incorporation) Act,https://lankalaw.net/wp-content/uploads/2025/02/1986Y0V0C37A.html
c,Church of the Gospel Ministries in Sri Lanka (Incorporation) Act,https://lankalaw.net/wp-content/uploads/2025/02/1994Y0V0C17A.html
c,Citizenship Act,https://lankalaw.net/wp-content/uploads/2025/02/1981Y10V248C-1.html
c,Civil Aviation Authority of Sri Lanka Act,https://lankalaw.net/wp-content/uploads/2025/02/2002Y0V0C34A.html
c,Civil Law Ordinance,https://lankalaw.net/wp-content/uploads/2025/02/2001Y3V79C.html
c,Co-Operative Employees Commission Act,https://lankalaw.net/wp-content/uploads/2025/02/1981Y20V635C-1.html
c,Co-Operative Societies (Special Provisions) Act,https://lankalaw.net/wp-content/uploads/2025/02/1956Y5V125C-1.html
c,Co-Operative Societies (Special Provisions) Act,https://lankalaw.net/wp-content/uploads/2025/02/1970Y0V0C35A.html
c,Co-Operative Societies Law,https://lankalaw.net/wp-content/uploads/2025/02/1981Y7V142C-1.html
c,Co-Operative Wholesale Establishment Act,https://lankalaw.net/wp-content/uploads/2025/02/2001Y5V126C.html
c,Coconut Development Act,https://lankalaw.net/wp-content/uploads/2025/02/1981Y11V260C-1.html
c,Coconut Fibre Act,https://lankalaw.net/wp-content/uploads/2025/02/1981Y9V195C-1.html
c,Coconut Products Ordinance,https://lankalaw.net/wp-content/uploads/2025/02/2001Y6V160C.html
c,Coconut Research Ordinance,https://lankalaw.net/wp-content/uploads/2025/02/1981Y11V259C-1.html
c,College of General Practitioners of Sri Lanka (Incorporation) Law,https://lankalaw.net/wp-content/uploads/2025/02/1981Y6V115C-1.html
c,College of General Practitioners of Sri Lanka(Incorporation)(Amendment),https://lankalaw.net/wp-content/uploads/2025/02/1980Y0V0C51A.html
c,Colleges of Education Act,https://lankalaw.net/wp-content/uploads/2025/02/1986Y0V0C30A.html
c,Colombo Bible College Act,https://lankalaw.net/wp-content/uploads/2025/02/1981Y15V450C-1.html
c,Colombo Buddhist Theosophical Society (Incorporation) Act,https://lankalaw.net/wp-content/uploads/2025/02/1998Y0V0C25A.html
c,Colombo Grand Mosque (Incorporation) Act,https://lankalaw.net/wp-content/uploads/2025/02/1986Y0V0C22A.html
c,Colombo Municipal Council (Differential Rates) Act,https://lankalaw.net/wp-content/uploads/2025/02/1956Y9V253C-1.html
c,Colonial Treasury Bills Ordinance,https://lankalaw.net/wp-content/uploads/2025/02/1956Y12V416C-1.html
c,Commercial Mediation Centre of Sri Lanka Act,https://lankalaw.net/wp-content/uploads/2025/02/2000Y0V0C44A.html
c,Commission to Investigate Allegations of Bribery or Corruption Act,https://lankalaw.net/wp-content/uploads/2025/02/1994Y0V0C19A.html
c,Community Based Corrections Act,https://lankalaw.net/wp-content/uploads/2025/02/1999Y0V0C46A.html
c,Companies (War Contributions) Ordinance,https://lankalaw.net/wp-content/uploads/2025/02/2001Y6V148C.html
c,Companies Tax Act,https://lankalaw.net/wp-content/uploads/2025/02/1961Y0V0C35A.html
c,Competent Authority (Powers and Functions) Act,https://lankalaw.net/wp-content/uploads/2025/02/2002Y0V0C3A.html
c,Compulsory Food Production (Tax Relief) Ordinance,https://lankalaw.net/wp-content/uploads/2025/02/1981Y13V356C-1.html
c,Compulsory Public Service Act,https://lankalaw.net/wp-content/uploads/2025/02/1981Y20V615C-1.html
c,Compulsory Savings Act,https://lankalaw.net/wp-content/uploads/2025/02/1971Y0V0C6A.html
c,Comrades of the Great War (Ceylon) Association Ordinance,https://lankalaw.net/wp-content/uploads/2025/02/1981Y15V514C-1.html
c,Condominium Management Authority Law,https://lankalaw.net/wp-content/uploads/2025/02/1981Y19V607C-1.html
c,Congress of Religions Act,https://lankalaw.net/wp-content/uploads/2025/02/1981Y15V468C-1.html
c,Consular Functions Act,https://lankalaw.net/wp-content/uploads/2025/02/1981Y0V0C4A.html
c,Consumer Affairs Authority Act,https://lankalaw.net/wp-content/uploads/2025/02/2003Y0V0C9A.html
c,Consumer Credit Act,https://lankalaw.net/wp-content/uploads/2025/02/1982Y0V0C29A.html
c,Contingencies Fund Act,https://lankalaw.net/wp-content/uploads/2025/02/1981Y12V317C-1.html
c,Control of Pesticides Act,https://lankalaw.net/wp-content/uploads/2025/02/1981Y11V282C-1.html
c,"Convention Against Torture and Other Cruel, Inhuman or Degrading Treatment or Punishment Act",https://lankalaw.net/wp-content/uploads/2025/02/1994Y0V0C22A.html
c,Convention on Preventing and Combating Trafficking in Women and Children for Prostitution Act,https://lankalaw.net/wp-content/uploads/2025/02/2005Y0V0C30A.html
c,Convention on the Suppression of Terrorist Financing Act,https://lankalaw.net/wp-content/uploads/2025/02/2005Y0V0C25A.html
c,Conversion of Estate Roads Into Public Roads Act,https://lankalaw.net/wp-content/uploads/2025/02/1981Y16V524C-1.html
c,Conversion of Government Owned Business Undertakings Into Public Corporations Act,https://lankalaw.net/wp-content/uploads/2025/02/1987Y0V0C22A.html
c,Conversion of Public Corporations or Government Owned Business Undertakings Into Public Companies Act,https://lankalaw.net/wp-content/uploads/2025/02/1987Y0V0C23A.html
c,Corneal Grafting Act,https://lankalaw.net/wp-content/uploads/2025/02/1981Y17V552C-1.html
c,Council of Legal Education Ordinance,https://lankalaw.net/wp-content/uploads/2025/02/1981Y6V109C-1.html
c,Council Of The College Of Community Physicians Of Sri Lanka (Incorporation),https://lankalaw.net/wp-content/uploads/2025/03/1999Y0V0C18A.html
c,Courts’ Records (Inspection By Minister of Justice) Act,https://lankalaw.net/wp-content/uploads/2025/02/1981Y1V19C-1.html
c,Credit Councils (Repeal) Act,https://lankalaw.net/wp-content/uploads/2025/02/1981Y12V322C-1.html
c,Credit Information Bureau of Sri Lanka Act,https://lankalaw.net/wp-content/uploads/2025/02/1990Y0V0C18A.html
c,Criminal Justice Commissions (Repeal) Law,https://lankalaw.net/wp-content/uploads/2025/02/1972Y0V0C14A.html
c,Criminal Lunatics Ordinance,https://lankalaw.net/wp-content/uploads/2025/02/1956Y12V430C-1.html
c,Criminal Trials (Special Provisions) Act,https://lankalaw.net/wp-content/uploads/2025/02/1979Y0V0C66A.html
c,Crown Agents (Change of Designation) Act,https://lankalaw.net/wp-content/uploads/2025/02/1956Y12V429C-1.html
c,Crown Lands Ordinance,https://lankalaw.net/wp-content/uploads/2025/02/1956Y12V454C-1.html
c,Cultural Property Act,https://lankalaw.net/wp-content/uploads/2025/02/1988Y0V0C73A.html
c,Cumaratunga Munidasa Foundation (Incorporation) Act,https://lankalaw.net/wp-content/uploads/2025/02/1994Y0V0C5A.html
d,"Dambadeniya Development foundation (Incorporation) Act No, (55 of 1992",https://lankalaw.net/wp-content/uploads/2025/02/1992Y0V0C65A.html
d,"Dambadeniya Rajamaha Vihara Development Foundation(Incorporation) Act, No.14 of 1994",https://lankalaw.net/wp-content/uploads/2025/02/1994Y0V0C14A.html
d,"Dawat-e-Hadiyah (Sri Lanka) (Incorporation) Act, No. 12 of 1994",https://lankalaw.net/wp-content/uploads/2025/02/1994Y0V0C12A.html
d,"Debits Tax Act, No. 16 of 2002",https://lankalaw.net/wp-content/uploads/2025/02/2002Y0V0C16A.html
d,Debt Recovery (Special Provisions) Act No. 2 of 1990,https://lankalaw.net/wp-content/uploads/2025/02/1990Y0V0C2A.html
d,Declaration of Assets and Liabilities Law,https://lankalaw.net/wp-content/uploads/2025/02/1981Y3V63C-1.html
d,DECLARATION OF BRITISH SOVEREIGNTY,https://lankalaw.net/wp-content/uploads/2025/02/1981Y20V638C-1.html
d,Deeds and Documents (Execution before Public Officers) Ordinance,https://lankalaw.net/wp-content/uploads/2025/02/2001Y3V71C.html
d,Deeghavapi Prathisanskarana Sabhawa (Incorporation) Act,https://lankalaw.net/wp-content/uploads/2025/02/1981Y15V423C-1.html
d,"Deepavyapta Bosat Lama Samaja Sanvidhanaya (Incorporation) Act, No. 11 of 1987",https://lankalaw.net/wp-content/uploads/2025/02/1987Y0V0C11A.html
d,Defence Stations Act,https://lankalaw.net/wp-content/uploads/2025/02/1956Y9V259C-1.html
d,Defence Stations Act,https://lankalaw.net/wp-content/uploads/2025/02/1981Y19V585C-1.html
d,Definition of Boundaries Ordinance,https://lankalaw.net/wp-content/uploads/2025/02/1981Y11V292C-1.html
d,"Deha Dhamma (Divine Body Care) Centre, Sri Lanka (Incorporation) Act, No. 25 of 1992",https://lankalaw.net/wp-content/uploads/2025/02/1992Y0V0C25A.html
d,"Dehiwala, Kalubowila Sri Hathbodhi Raiamaha Viharastha Vidyarakshaka Sabhawa (Incorporation) “Act, No. 36 of 1993",https://lankalaw.net/wp-content/uploads/2025/02/1993Y0V0C36A.html
d,Department of Agriculture Ordinance,https://lankalaw.net/wp-content/uploads/2025/02/1981Y11V262C-1.html
d,Department of Prisons Prisoners* Welfare Fund Law,https://lankalaw.net/wp-content/uploads/2025/02/1981Y3V67C-1.html
d,DESIGNS,https://lankalaw.net/wp-content/uploads/2025/02/2001Y6V153C.html
d,Destruction of Valueless Documents Ordinance,https://lankalaw.net/wp-content/uploads/2025/02/1981Y1V20C-1.html
d,Dev Suwa Sevawa (Incorporation) Law,https://lankalaw.net/wp-content/uploads/2025/02/1981Y15V452C-1.html
d,Development Councils Act,https://lankalaw.net/wp-content/uploads/2025/02/1981Y1V5C-1.html
d,"Development Councils and date of Elections Act, No. 20 of 1981",https://lankalaw.net/wp-content/uploads/2025/02/1981Y0V0C20A.html
d,Development Finance Bank of Ceylon Act,https://lankalaw.net/wp-content/uploads/2025/02/2001Y6V165C.html
d,"Development Lotteries Board Act, No. 20 of 1997",https://lankalaw.net/wp-content/uploads/2025/02/1997Y0V0C20A.html
d,Dhamma School Fund Act. No. 52 of 2000,https://lankalaw.net/wp-content/uploads/2025/02/2000Y0V0C52A.html
d,Dharma Chakkra Childrens’ Foundation of Sri Lanka (Incorporation) Act. No. 13 of 2000,https://lankalaw.net/wp-content/uploads/2025/02/2000Y0V0C13A.html
d,Dharmachakra Vidyapitha Sabha Law,https://lankalaw.net/wp-content/uploads/2025/02/1981Y15V425C-1.html
d,"Dharmaraja Foundation (Incorporation ) Act, No. 9 of 1997",https://lankalaw.net/wp-content/uploads/2025/02/1997Y0V0C9A.html
d,Dharmavijaya Foundation (Incorporation) Act,https://lankalaw.net/wp-content/uploads/2025/02/1981Y15V427C-1.html
d,"Diabetic .Association of Sri Lanka (Incorporation) Act, No. 1 of 1992",https://lankalaw.net/wp-content/uploads/2025/02/1992Y0V0C1A.html
d,"Diplomatic Privileges Act, short title No. 9 of 1996",https://lankalaw.net/wp-content/uploads/2025/02/1996Y0V0C9A.html
d,"Director of Cultural Affairs (Special Provisions) Act, No. 46 of 1983",https://lankalaw.net/wp-content/uploads/2025/02/1983Y0V0C46A.html
d,"Director of Food Production (Change of Designation) Act, No. 54 of 1957",https://lankalaw.net/wp-content/uploads/2025/02/1957Y0V0C54A.html
d,"Director of Industries (Special Provisions) Act, No. 25 of 1964",https://lankalaw.net/wp-content/uploads/2025/02/1964Y0V0C25A.html
d,"Director of Public Works (Change of Designation) Law, No 37 of 1973",https://lankalaw.net/wp-content/uploads/2025/02/1973Y0V0C37A.html
d,Disabled Ceylon Men’s Fund Ordinance,https://lankalaw.net/wp-content/uploads/2025/02/1981Y15V488C-1.html
d,Diseases (Labourers) Ordinance,https://lankalaw.net/wp-content/uploads/2025/02/1981Y17V557C-1.html
d,"Divitura Uttara Pabbatharama Vihara Sanwardena Mandalaya (Incorporation) Act, No. 14 of 1985",https://lankalaw.net/wp-content/uploads/2025/02/1985Y0V0C14A.html
d,Dog Registration Ordinance,https://lankalaw.net/wp-content/uploads/2025/02/1981Y17V574C-1.html
d,Double Taxation (Relief) Act,https://lankalaw.net/wp-content/uploads/2025/02/1956Y8V244C-1.html
d,Dried Meat Ordinance,https://lankalaw.net/wp-content/uploads/2025/02/1981Y17V568C-1.html
d,Duncan White Sports Foundation (Incorporation) Act. No. 21 of 1892,https://lankalaw.net/wp-content/uploads/2025/02/1992Y0V0C21A.html
e,"East Ceylon Arabic College, Addalaichenai (Incorporation) Act, No. 52 of 1992",https://lankalaw.net/wp-content/uploads/2025/02/1992Y0V0C52A.html
e,Education (Change of Designations) Law No. 35 of 1973,https://lankalaw.net/wp-content/uploads/2025/02/1973Y0V0C35A.html
e,Education Ordinance,https://lankalaw.net/wp-content/uploads/2025/02/1981Y14V381C-1.html
e,Elections (Special Provisions) Act. No. 14 of 2004,https://lankalaw.net/wp-content/uploads/2025/02/2004Y0V0C14A.html
e,Electricity Reform Act,https://lankalaw.net/wp-content/uploads/2025/02/2002Y0V0C28A.html
e,Elephant Kraal Ordinance,https://lankalaw.net/wp-content/uploads/2025/02/1981Y17V572C-1.html
e,"Elpitiya Viharamahadevi Piriven Viharastha Sanwardhana Sabhawa (Incorporation) Act, No. 18 of 1994",https://lankalaw.net/wp-content/uploads/2025/02/1994Y0V0C18A.html
e,EMBARKATION TAX – Repealed and Replaced by the Finance Act No.25 of 2003,https://lankalaw.net/wp-content/uploads/2025/02/1981Y13V345C-1.html
e,Embilipitiya Young Men’s Buddhist Association Law,https://lankalaw.net/wp-content/uploads/2025/02/1981Y15V407C-1.html
e,Employees’ Councils Act,https://lankalaw.net/wp-content/uploads/2025/02/1981Y7V153C-1.html
e,Employees’ Holidays Act,https://lankalaw.net/wp-content/uploads/2025/02/1981Y7V155C-1.html
e,Employees’ Provident Fund (Special Provisions) Law,https://lankalaw.net/wp-content/uploads/2025/02/1981Y20V624C-1.html
e,Employment of Trainees (Private Sector) Act,https://lankalaw.net/wp-content/uploads/2025/02/1981Y7V148C-1.html
e,"Employment of Trainees (Private Sector) Act, No. 8 of 1978",https://lankalaw.net/wp-content/uploads/2025/02/1978Y0V0C8A2.html
e,"Employment of Women, Young Persons, and Children Act",https://lankalaw.net/wp-content/uploads/2025/02/1981Y7V146C-1.html
e,"Energy Conservation Fund Act, No.2 of 1985",https://lankalaw.net/wp-content/uploads/2025/02/1985Y0V0C2A.html
e,"Energy Supply (Temporary Provisions) Act, No. 2 of 2002",https://lankalaw.net/wp-content/uploads/2025/02/2002Y0V0C2A.html
e,Enforcement of Foreign Judgments Ordinance,https://lankalaw.net/wp-content/uploads/2025/02/2001Y4V93C.html
e,Entertainment Tax Ordinance,https://lankalaw.net/wp-content/uploads/2025/02/1981Y19V599C-1.html
e,Episcopal Churches Ordinance,https://lankalaw.net/wp-content/uploads/2025/02/1981Y15V430C-1.html
e,Essential Commodities Reserves Ordinance,https://lankalaw.net/wp-content/uploads/2025/02/1956Y6V167C-1.html
e,Essential Public Services Act,https://lankalaw.net/wp-content/uploads/2025/02/1981Y3V52C-1.html
e,Estate Bazaars (Compulsory Acquisition) Act,https://lankalaw.net/wp-content/uploads/2025/02/1981Y11V267C-1.html
e,Estate Duty Act,https://lankalaw.net/wp-content/uploads/2025/02/1981Y13V350C-1.html
e,Estate Labour (Indian) Ordinance,https://lankalaw.net/wp-content/uploads/2025/02/1981Y7V160C-1.html
e,Estate Roads Ordinance,https://lankalaw.net/wp-content/uploads/2025/02/1981Y16V523C-1.html
e,Estates (Control Of Transfer And Acquisition),https://lankalaw.net/wp-content/uploads/2025/02/1972Y0V0C2A.html
e,Estates Quarters (Special Provisions) Act,https://lankalaw.net/wp-content/uploads/2025/02/1981Y7V161C-1.html
e,Estates Staffs’ Association of Ceylon Ordinance,https://lankalaw.net/wp-content/uploads/2025/02/1981Y15V486C-1.html
e,Exchange Control Act,https://lankalaw.net/wp-content/uploads/2025/02/1981Y12V325C-1.html
e,"Excise (Special Provisions) Act, No. 13 of 1939",https://lankalaw.net/wp-content/uploads/2025/02/1989Y0V0C32A.html
e,Explosives Act,https://lankalaw.net/wp-content/uploads/2025/02/2001Y7V183C.html
e,"Expo 80 Foundation (Moratuwa) (Incorporation) Act, No. 34 of 1988",https://lankalaw.net/wp-content/uploads/2025/02/1988Y0V0C34A.html
e,Export Duties (Continuation of Increased Rates) Ordinance,https://lankalaw.net/wp-content/uploads/2025/02/1956Y8V237C-1.html
e,"Exports (Special Tax) Law, No. 20 of 1978",https://lankalaw.net/wp-content/uploads/2025/02/1978Y0V0C20A.html
e,Extradition Law,https://lankalaw.net/wp-content/uploads/2025/02/1981Y3V60C-1.html
f,Factories Ordinance,https://lankalaw.net/wp-content/uploads/2025/02/2001Y5V128C.html
f,"Fair Trading Commission Act, No.1 of 1987 (repealed and replaced by Consumer Authority Act No. 9 of 2003)",https://lankalaw.net/wp-content/uploads/2025/02/1987Y0V0C1A.html
f,Farmers Pension and Short title Social Security Benefit Scheme Act,https://lankalaw.net/wp-content/uploads/2025/02/1987Y0V0C12A.html
f,Fauna and Flora Protection Ordinance,https://lankalaw.net/wp-content/uploads/2025/02/1981Y17V567C-1.html
f,"Federal Bank of Ceylon, Limited, (Financial Aid) Ordinance",https://lankalaw.net/wp-content/uploads/2025/02/1956Y12V403C-1.html
f,Fee- Charging Employment Agencies Act,https://lankalaw.net/wp-content/uploads/2025/02/1981Y7V151C-1.html
f,Felling of Trees (Control) Act,https://lankalaw.net/wp-content/uploads/2025/02/1981Y11V284C-1.html
f,Fellowship of Free Churches of Sri Lanka (Incorporation) Law,https://lankalaw.net/wp-content/uploads/2025/02/1981Y15V437C-1.html
f,Fertilizers Ac,https://lankalaw.net/wp-content/uploads/2025/02/1981Y11V281C-1.html
f,"Finance Act, No. 65 of 1961",https://lankalaw.net/wp-content/uploads/2025/02/1961Y0V0C65A.html
f,"Finance Act, No. 11 of 1963",https://lankalaw.net/wp-content/uploads/2025/02/1963Y0V0C11A2.html
f,"Finance Act, No. 38 of 1971",https://lankalaw.net/wp-content/uploads/2025/02/1971Y0V0C38A.html
f,"Finance Act, No. 16 of 1996",https://lankalaw.net/wp-content/uploads/2025/02/1995Y0V0C16A.html
f,"Finance Act, No. 11 of 2002",https://lankalaw.net/wp-content/uploads/2025/02/2002Y0V0C11A.html
f,"Finance Act, No. 25 of 2003",https://lankalaw.net/wp-content/uploads/2025/02/2003Y0V0C25A.html
f,"Finance Act, No. 11 of 2004",https://lankalaw.net/wp-content/uploads/2025/02/2004Y2V0C11A.html
f,"Finance Act, No. 5 of 2005",https://lankalaw.net/wp-content/uploads/2025/02/2005Y0V0C5A.html
f,"Finance Act, No. 11 of 2006",https://lankalaw.net/wp-content/uploads/2025/02/2006Y0V0C11A.html
f,Finance Companies Act,https://lankalaw.net/wp-content/uploads/2025/02/1988Y0V0C78A.html
f,Financial Reserves Ordinance,https://lankalaw.net/wp-content/uploads/2025/02/1981Y12V318C-1.html
f,Financial Transactions Reporting Act,https://lankalaw.net/wp-content/uploads/2025/02/2006Y0V0C6A.html
f,Firearms Ordinance,https://lankalaw.net/wp-content/uploads/2025/02/2001Y7V182C.html
f,Firing Ranges and Military Training Act,https://lankalaw.net/wp-content/uploads/2025/02/1981Y20V631C-1.html
f,Fiscal Management (Responsibility) Act,https://lankalaw.net/wp-content/uploads/2025/02/2003Y0V0C3A.html
f,FISCALS,https://lankalaw.net/wp-content/uploads/2025/02/2001Y1V11C.html
f,FISHERIES,https://lankalaw.net/wp-content/uploads/2025/02/1981Y10V240C-1.html
f,Fisheries (Regulation of Foreign Fishing Boats) Act,https://lankalaw.net/wp-content/uploads/2025/02/1981Y10V241C-1.html
f,Fishermen’s Pension and Social Security Benefit Scheme Act,https://lankalaw.net/wp-content/uploads/2025/02/1990Y0V0C23A.html
f,Flood Protection Ordinance,https://lankalaw.net/wp-content/uploads/2025/02/1981Y11V278C-1.html
f,Food and Drugs Act,https://lankalaw.net/wp-content/uploads/2025/02/1956Y8V216C-1.html
f,Food Control Act,https://lankalaw.net/wp-content/uploads/2025/02/1981Y9V214C-1.html
f,Food Production (Estates) Act,https://lankalaw.net/wp-content/uploads/2025/02/1981Y11V274C-1.html
f,Food Supplies Ordinance,https://lankalaw.net/wp-content/uploads/2025/02/1981Y17V546C-1.html
f,Foreign Companies (Special Provisions) Law,https://lankalaw.net/wp-content/uploads/2025/02/1975Y0V0C9A.html
f,Foreign Employment Agency Act,https://lankalaw.net/wp-content/uploads/2025/02/1981Y7V150C-1.html
f,Foreign Exchange (Amnesty) Act,https://lankalaw.net/wp-content/uploads/2025/02/1993Y0V0C32A.html
f,"Foreign Exchange Entitlement Certificates Act, No. 28 of 1968",https://lankalaw.net/wp-content/uploads/2025/02/1968Y0V0C28A.html
f,Foreign Loans Act,https://lankalaw.net/wp-content/uploads/2025/02/1981Y12V313C-1.html
f,Foreign Marriage Ordinance,https://lankalaw.net/wp-content/uploads/2025/02/2001Y5V116C.html
f,FOREIGN PROBATES,https://lankalaw.net/wp-content/uploads/2025/02/2001Y4V99C.html
f,Foreign-going Aircraft (Exemption from Customs Duty) Ordinance,https://lankalaw.net/wp-content/uploads/2025/02/1981Y13V348C-1.html
f,Fuel Conservation Five Day Week Act,https://lankalaw.net/wp-content/uploads/2025/02/1981Y9V222C-1.html
f,"Fugitive Persons Act, No. 29 of 1969",https://lankalaw.net/wp-content/uploads/2025/02/1969Y0V0C29A.html
g,Gal Oya Development Board Act,https://lankalaw.net/wp-content/uploads/2025/02/1956Y9V260C-1.html
g,Galkisse Thapodhanarama Vihara Wardhana Samithiya (Incorporation) Act. No. 42 of 1984,https://lankalaw.net/wp-content/uploads/2025/02/1984Y0V0C42A.html
g,Galle Bogahagodelle Sri Sudharsana Paramananda Purana Maha Vihara Sanwardhana Samithiya (Incorporation),https://lankalaw.net/wp-content/uploads/2025/03/1991Y0V0C42A.html
g,"Galle Heritage Foundation Act, No. 7 of 1994",https://lankalaw.net/wp-content/uploads/2025/02/1994Y0V0C7A.html
g,Galle Municipal Staffs Benevolent Association (Incorporation) Act,https://lankalaw.net/wp-content/uploads/2025/02/1981Y15V482C-1.html
g,Galle Muslim Cultural Association Law,https://lankalaw.net/wp-content/uploads/2025/02/1981Y15V465C-1.html
g,Gaming Ordinance,https://lankalaw.net/wp-content/uploads/2025/02/1981Y3V59C-1.html
g,"Gampaha Wickramarach chi Ayurveda Vidyalaya (Incorporation) Act, No. 30 of 1982",https://lankalaw.net/wp-content/uploads/2025/02/1982Y0V0C30A.html
g,"Gampaha Young Men’s Buddhist Association (Incorporation) Act, No. 1 of 1984",https://lankalaw.net/wp-content/uploads/2025/02/1984Y0V0C1A.html
g,Garma Seva Niladhari (Change of Designation) Act,https://lankalaw.net/wp-content/uploads/2025/02/1993Y0V0C2A.html
g,Gas Meter Ordinance,https://lankalaw.net/wp-content/uploads/2025/02/1981Y17V540C-1.html
g,Gas Ordinance,https://lankalaw.net/wp-content/uploads/2025/02/1981Y17V539C-1.html
g,"Gem (Amnesty) Law, No. 17 of 1973",https://lankalaw.net/wp-content/uploads/2025/02/1973Y0V0C17A.html
g,"Gem Trading Bank Act, No. 51 of 1993",https://lankalaw.net/wp-content/uploads/2025/02/1993Y0V0C51A.html
g,"General Committee of the Baadhi Beeya Association, Kahataowita, Ordinance",https://lankalaw.net/wp-content/uploads/2025/02/1956Y10V348C-1.html
g,General Consistory of the Dutch Reformed Church in Ceylon Ordinance,https://lankalaw.net/wp-content/uploads/2025/02/1981Y15V432C-1.html
g,General Council of the Ceylon Bible Society (Incorporation) Law,https://lankalaw.net/wp-content/uploads/2025/02/1981Y15V454C-1.html
g,"General Council of the Ceylon Bible Society (Incorporation) Law, No. 48 of 1975",https://lankalaw.net/wp-content/uploads/2025/02/1975Y0V0C48A.html
g,General Loan and Stock Ordinance,https://lankalaw.net/wp-content/uploads/2025/02/1956Y12V418C-1.html
g,"Geneva Conventions Act, No 4 of 2006",https://lankalaw.net/wp-content/uploads/2025/02/2006Y0V0C4A.html
g,"Girl Guides Association, Ceylon, (Incorporation) Act",https://lankalaw.net/wp-content/uploads/2025/02/1981Y15V499C-1.html
g,Goods and Services Tax Act. No 34 of 1996,https://lankalaw.net/wp-content/uploads/2025/02/1996Y0V0C34A.html
g,"Government Analyst (Disposal of Articles) Act, No. 69 of 1988",https://lankalaw.net/wp-content/uploads/2025/02/1988Y0V0C69A.html
g,Government Gazette (Publication) Ordinance,https://lankalaw.net/wp-content/uploads/2025/02/1981Y1V15C-1.html
g,Government Indemnity Bonds Act,https://lankalaw.net/wp-content/uploads/2025/02/1981Y20V613C-1.html
g,Government Officers’ Benefit Association (Incorporation) Act,https://lankalaw.net/wp-content/uploads/2025/02/1981Y15V475C-1.html
g,Government Quarters (Recovery of Possession) Act,https://lankalaw.net/wp-content/uploads/2025/02/1981Y20V617C-1.html
g,Government Surveyors’ Association Ordinance,https://lankalaw.net/wp-content/uploads/2025/02/1981Y15V483C-1.html
g,Government-Sponsored Corporations Act,https://lankalaw.net/wp-content/uploads/2025/02/1981Y8V181C-1.html
g,"Grama Sevaka (Change of Designation) Law, No. 5 of 1977",https://lankalaw.net/wp-content/uploads/2025/02/1977Y0V0C5A.html
g,Gramabhiwurdhi Sadhaka Society (Incorporation) Act,https://lankalaw.net/wp-content/uploads/2025/02/1981Y15V516C-1.html
g,"Gramodaya Mandala Fund Act, No. 28 of 1982",https://lankalaw.net/wp-content/uploads/2025/02/1982Y0V0C28A.html
g,Grant of Citizenship Act,https://lankalaw.net/wp-content/uploads/2025/02/1986Y0V0C5A.html
g,Grant of Citizenship to Persons of Indian Origin Act,https://lankalaw.net/wp-content/uploads/2025/02/2003Y0V0C35A.html
g,Guides Ordinance,https://lankalaw.net/wp-content/uploads/2025/02/1956Y10V273C-1.html
h,Habarakada Siri Dharmawijeya Sahana Sewa Foundation (Incorporation) Act. No.18 of 2000,https://lankalaw.net/wp-content/uploads/2025/02/2000Y0V0C18A.html
h,"Hatton Young Men’s Buddhist Association (Incorporation) Act, No. 41 of 1991",https://lankalaw.net/wp-content/uploads/2025/02/1991Y0V0C41A.html
h,Headmen (Change of Designation) Ordinance,https://lankalaw.net/wp-content/uploads/2025/02/1956Y11V356C-1.html
h,Health Services Act,https://lankalaw.net/wp-content/uploads/2025/02/1981Y17V550C-1.html
h,Heavy Oil Motor Vehicles Taxation Ordinance,https://lankalaw.net/wp-content/uploads/2025/02/1956Y8V249C-1.html
h,Hector Kobbekaduwa Agrarian Research and Training Institute Act,https://lankalaw.net/wp-content/uploads/2025/02/1981Y11V263C-1.html
h,"Hela Havula (Incorporation) Act, No, 38 of 1992",https://lankalaw.net/wp-content/uploads/2025/02/1992Y0V0C38A.html
h,Hendala Susitha Wadana Samithiya (Incorporation) Act,https://lankalaw.net/wp-content/uploads/2025/02/1981Y15V518C-1.html
h,"Herath Foundation Short title. (Incorporation) Act, No. 13 of 1998",https://lankalaw.net/wp-content/uploads/2025/02/1998Y0V0C13A.html
h,"Hidhayathul Islam Association (Incorporation) Act, No. 40 of 1992",https://lankalaw.net/wp-content/uploads/2025/02/1992Y0V0C40A.html
h,"Higher Education Act, No. 20 of 1966",https://lankalaw.net/wp-content/uploads/2025/02/1966Y0V0C20A.html
h,Hindu Board of Education Ordinance,https://lankalaw.net/wp-content/uploads/2025/02/1981Y15V455C-1.html
h,"Hindu Cultural Fund Act, No. 31 of 1985",https://lankalaw.net/wp-content/uploads/2025/02/1985Y0V0C31A.html
h,"Hizbul-Islam Trust (Incorporation) Act, No, 7 of 1992",https://lankalaw.net/wp-content/uploads/2025/02/1992Y0V0C7A.html
h,Holidays Act,https://lankalaw.net/wp-content/uploads/2025/02/1981Y14V364C-1.html
h,Home Defence Loan Ordinance,https://lankalaw.net/wp-content/uploads/2025/02/1956Y12V405C-1.html
h,"Horana Vidyaratna Sangamaya (Incorporation) Act, No. 36 of 1986",https://lankalaw.net/wp-content/uploads/2025/02/1986Y0V0C36A.html
h,Hospitals Lotteries Act,https://lankalaw.net/wp-content/uploads/2025/02/1956Y12V427C-1.html
h,Hotel Keepers Protection Ordinance,https://lankalaw.net/wp-content/uploads/2025/02/1981Y3V47C-1.html
h,Hotel-Keepers Liability Ordinance,https://lankalaw.net/wp-content/uploads/2025/02/1981Y4V86C-1.html
h,Houses of Detention Ordinance,https://lankalaw.net/wp-content/uploads/2025/02/2001Y2V33C.html
h,Housing (Special Provisions) Law,https://lankalaw.net/wp-content/uploads/2025/02/1981Y12V338C-1.html
h,Housing and Town Improvement Ordinance,https://lankalaw.net/wp-content/uploads/2025/02/1981Y19V600C-1.html
h,Housing Developers (Special Provisions) Law,https://lankalaw.net/wp-content/uploads/2025/02/1981Y13V357C-1.html
h,Housing Development and date Finance Corporation of Sri Lanka Act,https://lankalaw.net/wp-content/uploads/2025/02/1997Y0V0C7A.html
h,"Human Rights Commission of Sri Lanka Act, No 21 of 1996",https://lankalaw.net/wp-content/uploads/2025/02/1996Y0V0C21A.html
i,Immigrants and Emigrants Act,https://lankalaw.net/wp-content/uploads/2025/02/1981Y10V245C-1.html
i,Imperial Lighthouse Service Goods (Rebate of Customs Duty) Ordinance,https://lankalaw.net/wp-content/uploads/2025/02/1956Y8V240C-1.html
i,Imports and Exports (Control) Act,https://lankalaw.net/wp-content/uploads/2025/02/1981Y13V347C-1.html
i,"Imports and Exports Regulations (Validation) Act, No. 57 of 1971",https://lankalaw.net/wp-content/uploads/2025/02/1971Y0V0C57A.html
i,"Imposition of Civic Disabilities (Special Provisions) Act, No. 14 of 1965",https://lankalaw.net/wp-content/uploads/2025/02/1965Y0V0C14A.html
i,Imposition Of Share Transaction Levy,https://lankalaw.net/wp-content/uploads/2025/02/2005Y1V0C5A.html
i,"Income Tax Evasion and Non-disclosure of Profits and Income Act, No. 13 of 1964",https://lankalaw.net/wp-content/uploads/2025/02/1964Y0V0C13A.html
i,Income Tax Ordinance,https://lankalaw.net/wp-content/uploads/2025/02/1956Y8V242C-1.html
i,"Increase of Fines Act, No. 12 of 2005",https://lankalaw.net/wp-content/uploads/2025/02/2005Y0V0C12A.html
i,"Indemnity Act, No. 20 of 1982",https://lankalaw.net/wp-content/uploads/2025/02/1982Y0V0C20A.html
i,Indian and Pakistani (Parliamentary Representation) Act,https://lankalaw.net/wp-content/uploads/2025/02/1956Y11V382C-1.html
i,Indian and Pakistani Residents (Citizenship) Act,https://lankalaw.net/wp-content/uploads/2025/02/1956Y11V350C-1.html
i,Indian Immigrant Labour Ordinance,https://lankalaw.net/wp-content/uploads/2025/02/1981Y7V159C-1.html
i,Indigenous Medicine Ordinance,https://lankalaw.net/wp-content/uploads/2025/02/1956Y5V106C-1.html
i,Indo-Ceylon Agreement (Implementation) Act,https://lankalaw.net/wp-content/uploads/2025/02/1981Y10V249C-1.html
i,Industrial Development Act,https://lankalaw.net/wp-content/uploads/2025/02/1981Y9V207C-1.html
i,"Industrial Disputes (Hearing and Determination of Proceedings) (Special Provisions) Act, No. 13 of 2003",https://lankalaw.net/wp-content/uploads/2025/02/2003Y0V0C13A.html
i,Industrial Products Act,https://lankalaw.net/wp-content/uploads/2025/02/1981Y9V205C-1.html
i,"Industrial Promotion Act, No. 46 of 1990",https://lankalaw.net/wp-content/uploads/2025/02/1990Y0V0C46A.html
i,"Industrial Security Foundation (Sri Lanka) (Incorporation) Act, No. 51 of 1999",https://lankalaw.net/wp-content/uploads/2025/02/1999Y0V0C51A.html
i,"Information and Communication Technology Act, No, 27 of 2003",https://lankalaw.net/wp-content/uploads/2025/02/2003Y0V0C27A.html
i,Informers Reward Ordinance,https://lankalaw.net/wp-content/uploads/2025/02/1981Y3V39C-1.html
i,"Inland Revenue Act, No. 10 of 2006",https://lankalaw.net/wp-content/uploads/2025/02/2006Y0V0C10A.html
i,"Inland Revenue Act, No. 38 of 2000",https://lankalaw.net/wp-content/uploads/2025/02/2000Y0V0C38A.html
i,"Inland Trust Receipts Act, No. 14 of 1990",https://lankalaw.net/wp-content/uploads/2025/02/1990Y0V0C14A.html
i,Insolvency Ordinance,https://lankalaw.net/wp-content/uploads/2025/02/1981Y5V103C-1.html
i,"Inspector of Labour (Change of Designation) Act, No. 7 of 1958",https://lankalaw.net/wp-content/uploads/2025/02/1958Y0V0C7A.html
i,"Institute of Automotive Engineers of Sri Lanka (Incorporation) Act, No. 48 of 1992",https://lankalaw.net/wp-content/uploads/2025/02/1992Y0V0C48A.html
i,Institute of Bankers of Sri Lanka (Incorporation) Act,https://lankalaw.net/wp-content/uploads/2025/02/1981Y12V309C-1.html
i,"Institute of Biology, Sri Lanka (Incorporation) Act, No. 22 of 1984",https://lankalaw.net/wp-content/uploads/2025/02/1984Y0V0C22A.html
i,Institute of Chartered Accountants Act,https://lankalaw.net/wp-content/uploads/2025/02/1981Y6V119C-1.html
i,"Institute of Chemistry, Ceylon, Act",https://lankalaw.net/wp-content/uploads/2025/02/1981Y6V122C-1.html
i,Institute of Corporation Lawyers Law,https://lankalaw.net/wp-content/uploads/2025/02/1981Y6V111C-1.html
i,"Institute of Engineering Diploma’s Sri Lanka (Incorporation) Act,. No- 64 of 1992",https://lankalaw.net/wp-content/uploads/2025/02/1992Y0V0C64A.html
i,"Institute of Fundamental Studies Sri Lanka, Act, No. 55 of 1981",https://lankalaw.net/wp-content/uploads/2025/02/1981Y0V0C55A.html
i,"Institute of Management of Sri Lanka (Incorporation) Act, No. 67 of 1988",https://lankalaw.net/wp-content/uploads/2025/02/1988Y0V0C67A.html
i,"Institute of Mass Communication (Incorporation) Act, No. 55 of 1998.",https://lankalaw.net/wp-content/uploads/2025/02/1998Y0V0C55A.html
i,"Institute of Personnel Management, Sri Lanka, Law",https://lankalaw.net/wp-content/uploads/2025/02/1981Y6V120C-1.html
i,"Institute of Physics, Sri Lanka (Incorporation) Act, No. 12 of 1986",https://lankalaw.net/wp-content/uploads/2025/02/1986Y0V0C12A.html
i,"Institute of Policy Studies of Sri Lanka Act, No. 53 of 1988",https://lankalaw.net/wp-content/uploads/2025/02/1988Y0V0C53A.html
i,Institute of Sinhala Culture (Incorporation) Act,https://lankalaw.net/wp-content/uploads/2025/02/1981Y15V472C-1.html
i,"Institute of Supply and Materials’ Management, Sri Lanka,No. 3 of 1981",https://lankalaw.net/wp-content/uploads/2025/02/1981Y0V0C3A.html
i,Institute of Surveying and Mapping Act,https://lankalaw.net/wp-content/uploads/2025/02/1981Y6V124C-1.html
i,"Institute of Town Planners, Sri Lanka (Incorporation) Act, No. 23 of 1986",https://lankalaw.net/wp-content/uploads/2025/02/1986Y0V0C23A.html
i,Institute of Valuers of Sri Lanka Law,https://lankalaw.net/wp-content/uploads/2025/02/1981Y6V127C-1.html
i,"Institute of Western Music and Speech (Incorporation) Act, No. 44 of 1988",https://lankalaw.net/wp-content/uploads/2025/02/1988Y0V0C44A.html
i,"Institution of Engineers, Sri Lanka, Act",https://lankalaw.net/wp-content/uploads/2025/02/1981Y6V121C-1.html
i,Insurance (Special Provision) Act.,https://lankalaw.net/wp-content/uploads/2025/02/1981Y12V331C-1.html
i,Insurance Corporation,https://lankalaw.net/wp-content/uploads/2025/02/1981Y12V330C-1.html
i,Interim Devaluation Allowance of Employees Act,https://lankalaw.net/wp-content/uploads/2025/02/1981Y7V166C-1.html
i,Intermeddlers with Suitors Ordinance,https://lankalaw.net/wp-content/uploads/2025/02/1981Y3V40C-1.html
i,International Development Association Agreement Act.,https://lankalaw.net/wp-content/uploads/2025/02/1981Y12V326C-1.html
i,International Finance Corporation Agreement Act.,https://lankalaw.net/wp-content/uploads/2025/02/1981Y12V328C-1.html
i,International Frendship. Educational. Cultural and Social Services Association (Incorporation) Act. No. 30 of 2000,https://lankalaw.net/wp-content/uploads/2025/02/2000Y0V0C30A.html
i,International shanthee dharma organisation (incorporation) Act No. 43 of 1999.,https://lankalaw.net/wp-content/uploads/2025/02/1999Y0V0C43A.html
i,"International Society for Krishna Consciousness (Iskon)-Sri Lanka Branch (Incorporation) Act,No.69 of 1992",https://lankalaw.net/wp-content/uploads/2025/02/1992Y0V0C69A.html
i,International Volunteer Friendship Association (Incorporation) Act. No. 5 of 2000,https://lankalaw.net/wp-content/uploads/2025/02/2000Y0V0C5A.html
i,"International Water Management Institute Act, No.6 of 1985",https://lankalaw.net/wp-content/uploads/2025/02/1985Y0V0C6A.html
i,"International Winged Bean (Dambala) Institute Act, No. 7 of 1982",https://lankalaw.net/wp-content/uploads/2025/02/1982Y0V0C7A.html
i,Interpretation Ordinance,https://lankalaw.net/wp-content/uploads/2025/02/1981Y1V12C-1.html
i,Irish Free State (Change of Name) Ordinance,https://lankalaw.net/wp-content/uploads/2025/02/1956Y11V396C-1.html
i,Irrigation Ordinance,https://lankalaw.net/wp-content/uploads/2025/02/1981Y11V285C-1.html
i,"Isha-athul Islam Home for the Orphans (Incorporation) Act, No. 34 of 1984",https://lankalaw.net/wp-content/uploads/2025/02/1984Y0V0C34A.html
i,"Islamic Service Society, Akurana (Incorporation) Act, No. 16 of 2000",https://lankalaw.net/wp-content/uploads/2025/02/2000Y0V0C16A.html
j,"J. R. Jayewardene Centre Act, No, 77 of 1988",https://lankalaw.net/wp-content/uploads/2025/02/1988Y0V0C77A.html
j,Jaffna College Ordinance,https://lankalaw.net/wp-content/uploads/2025/02/1956Y10V297C-1.html
j,"Jaffna Divine Life Society (Incorporation) Act, No. 7 of 1983",https://lankalaw.net/wp-content/uploads/2025/02/1983Y0V0C7A.html
j,Jaffna Hindu College Ordinance,https://lankalaw.net/wp-content/uploads/2025/02/1956Y10V295C-1.html
j,Jaffna Matrimonial Rights and Inheritance Ordinance,https://lankalaw.net/wp-content/uploads/2025/02/2001Y3V58C.html
j,"Jana Sahana Foundation Act, No. 71 of 1992",https://lankalaw.net/wp-content/uploads/2025/02/1992Y0V0C71A.html
j,"Janasaviya – Repealed and Replaced by Janasaviya(Repeal) Act, No. 1 of 1997",https://lankalaw.net/wp-content/uploads/2025/02/1989Y0V0C4A.html
j,JANAWASA – (Repealed,https://lankalaw.net/wp-content/uploads/2025/02/1981Y11V265C-1.html
j,"Japan – Sri Lanka Educational and Cultural Association (Incorporation) Act, No. 52 of 2006",https://lankalaw.net/wp-content/uploads/2025/02/2006Y0V0C52A.html
j,Japanese Treaty of Peace Act,https://lankalaw.net/wp-content/uploads/2025/02/1956Y11V395C-1.html
j,"Jathika Urumaya Organisation (Incorporation) Act, No. 44 of 1998",https://lankalaw.net/wp-content/uploads/2025/02/1998Y0V0C44A.html
j,"Jayanthipura Eksath Bauddha Sangamaya (Incorporation) Act, No. 43 of 1984",https://lankalaw.net/wp-content/uploads/2025/02/1984Y0V0C43A.html
j,"Jayatissa Wijesinghe Memorial Educational, Cultural and Social Services Foundation (Incorporation) Act, No. 55 of 1993",https://lankalaw.net/wp-content/uploads/2025/02/1993Y0V0C55A.html
k,"K. Jayatilleke Foundation (Incorporation) Act, No. 01 of 2007",https://lankalaw.net/wp-content/uploads/2025/02/2007Y0V0C1A.html
k,Kadawalagedara Purana Siddhasthana Wardhana Society (Incorporation) Act,https://lankalaw.net/wp-content/uploads/2025/02/1981Y15V426C-1.html
k,"Kalmunai Himayathul Islam Movement (Incorporation) Act, No. 29 of 1992",https://lankalaw.net/wp-content/uploads/2025/02/1992Y0V0C29A.html
k,"Kandy Buddhist Association (Incorporation) Act, No. 24 of 1981",https://lankalaw.net/wp-content/uploads/2025/02/1981Y0V0C24A.html
k,Kandy Church Ordinance,https://lankalaw.net/wp-content/uploads/2025/02/1981Y15V433C-1.html
k,"Kandy Friend-in-Need Society (Incorporation) Act, No. 2 of 1984",https://lankalaw.net/wp-content/uploads/2025/02/1984Y0V0C2A.html
k,Kandy Young Women’s Christian Association Ordinance,https://lankalaw.net/wp-content/uploads/2025/02/1981Y15V448C-1.html
k,KANDYAN CONVENTION,https://lankalaw.net/wp-content/uploads/2025/02/1981Y20V637C-1.html
k,Kandyan land transfer proclamation,https://lankalaw.net/wp-content/uploads/2025/02/1956Y3V77C-1.html
k,Kandyan Land Transfer Proclamation,https://lankalaw.net/wp-content/uploads/2025/02/2001Y3V77C.html
k,Kandyan Law Declaration and Amendment Ordinance,https://lankalaw.net/wp-content/uploads/2025/02/1981Y4V71C-1.html
k,Kandyan Scholarship Fund (Board of Trustees) Act,https://lankalaw.net/wp-content/uploads/2025/02/1981Y15V497C-1.html
k,Kandyan Succession Ordinance,https://lankalaw.net/wp-content/uploads/2025/02/1981Y6V133C-1.html
k,Kandyan Scholarship Fund (Board of Trustees),https://lankalaw.net/wp-content/uploads/2025/02/1971Y0V0C25A.html
k,Kataragama Kirivehera Rajamaha Viharasta Development Foundation (Incorporation) Act. No. 41 of 2003,https://lankalaw.net/wp-content/uploads/2025/02/2003Y0V0C41A.html
k,"Katugastota Bauddha Balamandalaya (Incorporation) Act, No. 8 of 1983",https://lankalaw.net/wp-content/uploads/2025/02/1983Y0V0C8A.html
k,"Katuwana Adults Care Centre Development Foundation (Incorporation) Act, No. 29 of 2000",https://lankalaw.net/wp-content/uploads/2025/02/2000Y0V0C29A.html
k,"Kegalle Tharuna Bauddha Sangamaya (Incorporation) Act, No. 7 of 1999",https://lankalaw.net/wp-content/uploads/2025/02/1999Y0V0C7A.html
k,Kelani Young Men’s Buddhist Association Act,https://lankalaw.net/wp-content/uploads/2025/02/1981Y15V404C-1.html
k,"Kesbewa Development Foundation (Incorporation) Act, No. 10 of 1999",https://lankalaw.net/wp-content/uploads/2025/02/1999Y0V0C10A.html
k,Knives Ordinance,https://lankalaw.net/wp-content/uploads/2025/02/2001Y2V27C.html
k,"Kolping Society of Sri Lanka (Incorporation) Act, No. 34 of 1998",https://lankalaw.net/wp-content/uploads/2025/02/1998Y0V0C34A.html
k,"Kotalawala, Kaduwela Sankapitthi Viharastha Sanwardhana Sabhawa (Incorporation) Act, No. 38 of 1993",https://lankalaw.net/wp-content/uploads/2025/02/1993Y0V0C38A.html
k,"Krishnamurti Centre, Sri Lanka (Incorporation) Act, No. 70 of 1981",https://lankalaw.net/wp-content/uploads/2025/02/1981Y0V0C70A.html
k,"Kuda Uduwe Nalanda Sanwardhana Samithiya (Incorporation) Act, No. 48 of 1993",https://lankalaw.net/wp-content/uploads/2025/02/1993Y0V0C48A.html
k,Kuliyapitiya Young Men’s Buddhist Association (Incorporation) Act,https://lankalaw.net/wp-content/uploads/2025/02/1981Y15V403C-1.html
k,"Kulugammana Rajamaha Vihara Dayaka Sabhawa (Incorporation) Act, No. 35 of 1986",https://lankalaw.net/wp-content/uploads/2025/02/1986Y0V0C35A.html
l,Labour Inspections (Maintenance of Secrecy) Act,https://lankalaw.net/wp-content/uploads/2025/02/1981Y3V62C-1.html
l,Lady Lochore Loan Fund (Board of Trustees) Act,https://lankalaw.net/wp-content/uploads/2025/02/1981Y15V508C-1.html
l,"Lajnathul Masjidul Jamiya Sailan (Incorporation) Act, No. 42 of 1983",https://lankalaw.net/wp-content/uploads/2025/02/1983Y0V0C42A.html
l,"Lakshman Kadirgamar Institute of International Relations and Strategic Studies Act, No. 45 of 2000",https://lankalaw.net/wp-content/uploads/2025/02/2000Y0V0C45A.html
l,Land Acquisition Act,https://lankalaw.net/wp-content/uploads/2025/02/1981Y11V295C-1.html
l,Land Betterment Charges Law,https://lankalaw.net/wp-content/uploads/2025/02/1981Y13V353C-1.html
l,Land Grants (Special Provisions) Act,https://lankalaw.net/wp-content/uploads/2025/02/1981Y11V287C-1.html
l,Land Reform Law,https://lankalaw.net/wp-content/uploads/2025/02/1981Y11V297C-1.html
l,Land Registers (Reconstructed Folios) Ordinance,https://lankalaw.net/wp-content/uploads/2025/02/1981Y6V138C-1.html
l,Land Settlement Ordinance,https://lankalaw.net/wp-content/uploads/2025/02/1981Y11V299C-1.html
l,Land Surveys Ordinance,https://lankalaw.net/wp-content/uploads/2025/02/1981Y11V293C-1.html
l,"Land Tax Act, No. 27 of 1961",https://lankalaw.net/wp-content/uploads/2025/02/1961Y0V0C27A.html
l,Lands Resumption Ordinance,https://lankalaw.net/wp-content/uploads/2025/02/1981Y11V290C-1.html
l,Lands Resumption Ordinance,https://lankalaw.net/wp-content/uploads/2025/02/1956Y12V455C-1.html
l,"Language of the Courts Act, No. 3 of 1961",https://lankalaw.net/wp-content/uploads/2025/02/1961Y0V0C3A.html
l,"Lanka Children’s and Youth Theatre Foundation (Incorporation) Act, No. 3 of 2007",https://lankalaw.net/wp-content/uploads/2025/02/2007Y0V0C3A.html
l,Lanka Jatika Sarvodaya Shramadana Sangamaya (Incorporation) Act,https://lankalaw.net/wp-content/uploads/2025/02/1981Y15V517C-1.html
l,Lanka Jatika Sarvodaya Shramadana Sangamaya (Incorporation) (Amendment),https://lankalaw.net/wp-content/uploads/2025/03/1999Y0V0C12A.html
l,Lanka Mahila Samiti Ordinance,https://lankalaw.net/wp-content/uploads/2025/02/1981Y15V506C-1.html
l,Launches Ordinance,https://lankalaw.net/wp-content/uploads/2025/02/1981Y16V536C-1.html
l,Law Commission Act,https://lankalaw.net/wp-content/uploads/2025/02/1981Y1V16C-1.html
l,Law Reform (Contributory Negligence and Joint Wrongdoers) Act,https://lankalaw.net/wp-content/uploads/2025/02/1981Y5V107C-1.html
l,Legal Aid Law,https://lankalaw.net/wp-content/uploads/2025/02/1981Y6V112C-1.html
l,Legal Practitioners Ordinance,https://lankalaw.net/wp-content/uploads/2025/02/1956Y5V104C-1.html
l,Legitimacy Act,https://lankalaw.net/wp-content/uploads/2025/02/1981Y4V77C-1.html
l,Lepers Ordinance,https://lankalaw.net/wp-content/uploads/2025/02/1981Y17V560C-1.html
l,Leprosy Association of Sri Lanka Law,https://lankalaw.net/wp-content/uploads/2025/02/1981Y15V513C-1.html
l,Licensing of Clubs Law,https://lankalaw.net/wp-content/uploads/2025/02/1981Y19V609C-1.html
l,Licensing of Produce Brokers Act,https://lankalaw.net/wp-content/uploads/2025/02/1981Y6V126C-1.html
l,"Licensing of Shipping Agents, Freight Forwarders, Non Vessel Operating Common Carriers, and Container Operators Act",https://lankalaw.net/wp-content/uploads/2025/02/1981Y10V238C-1.html
l,"Licensing of Traders Act, No 62 of 1961",https://lankalaw.net/wp-content/uploads/2025/02/1961Y0V0C62A.html
l,Lighting Control Ordinance,https://lankalaw.net/wp-content/uploads/2025/02/1981Y3V53C-1.html
l,"Lions Clubs International District 306A -Youth Education, Rehabilitation and Employment Trust (Incorporation) Act",https://lankalaw.net/wp-content/uploads/2025/02/1981Y15V519C-1.html
l,"Lions Clubs International District 306a-Youth Education, Rehabilitation And Employment Trust (Incorporation) (Amendment)",https://lankalaw.net/wp-content/uploads/2025/03/1998Y0V0C35A.html
l,"Lions Clubs International District 306A- National Development Foundation Trust (Incorporation) Act, No. 28 of 1986",https://lankalaw.net/wp-content/uploads/2025/02/1986Y0V0C28A.html
l,Liquor (On Board Ships of the Republic) Regulation Ordinance,https://lankalaw.net/wp-content/uploads/2025/02/1981Y20V630C-1.html
l,Loan Board Ordinance,https://lankalaw.net/wp-content/uploads/2025/02/1981Y12V311C-1.html
l,"Loans (Special Provisions) Act, No. 39 of 1971",https://lankalaw.net/wp-content/uploads/2025/02/1971Y0V0C39A.html
l,"Local Authorities (Com- Industrial Enterprises) Act, No. 13 of 1983",https://lankalaw.net/wp-content/uploads/2025/02/1983Y0V0C13A.html
l,Local Authorities (Imposition of Civic Disabilities) (No. 2) Law,https://lankalaw.net/wp-content/uploads/2025/02/1981Y19V591C-1.html
l,Local Authorities (Imposition of Civic Disabilities) (No. l) Law,https://lankalaw.net/wp-content/uploads/2025/02/1981Y19V590C-1.html
l,Local Authorities (Pensioners’ Allowances) Ordinance,https://lankalaw.net/wp-content/uploads/2025/02/1981Y19V594C-1.html
l,"Local Authorities (Revision of Assessments and Reduction of Rates) Act, No. 57 of 1979",https://lankalaw.net/wp-content/uploads/2025/02/1979Y0V0C57A.html
l,Local Authorities (Special Provisions) Act,https://lankalaw.net/wp-content/uploads/2025/02/1981Y19V593C-1.html
l,Local Authorities (Standard By-laws) Act,https://lankalaw.net/wp-content/uploads/2025/02/1981Y19V588C-1.html
l,Local Authorities Housing Act,https://lankalaw.net/wp-content/uploads/2025/02/1981Y19V601C-1.html
l,"Local Authorities Pensions (Special Provisions) Act, No. 4 of 1964",https://lankalaw.net/wp-content/uploads/2025/02/1964Y0V0C4A.html
l,Local Authority Quarters (Recovery of Possession) Law,https://lankalaw.net/wp-content/uploads/2025/02/1981Y19V583C-1.html
l,Local Government (Administrative Regions) Ordinance,https://lankalaw.net/wp-content/uploads/2025/02/1981Y19V595C-1.html
l,"Local Government Credit Councils, Act, No. 33 of 1983",https://lankalaw.net/wp-content/uploads/2025/02/1983Y0V0C33A.html
l,"Local Government Service Employees (Special Pension Provisions) Act, No. 13 of 1969",https://lankalaw.net/wp-content/uploads/2025/02/1969Y0V0C13A.html
l,Local Government Service Law,https://lankalaw.net/wp-content/uploads/2025/02/1981Y19V592C-1.html
l,"Local Government Service Pensions (Special Provisions) Act, No. 59 of 196",https://lankalaw.net/wp-content/uploads/2025/02/1961Y0V0C59A.html
l,Local Loans and Development Ordinance,https://lankalaw.net/wp-content/uploads/2025/02/1956Y12V404C-1.html
l,Local Loans and Development Ordinance.,https://lankalaw.net/wp-content/uploads/2025/02/1981Y12V312C-1.html
l,Local Treasury Bills Ordinance,https://lankalaw.net/wp-content/uploads/2025/02/1981Y12V319C-1.html
l,Lost Property Regulation,https://lankalaw.net/wp-content/uploads/2025/02/1981Y4V87C-1.html
l,Lotteries Ordinance,https://lankalaw.net/wp-content/uploads/2025/02/1981Y3V57C-1.html
l,Low-Country Products Association of Ceylon Ordinance,https://lankalaw.net/wp-content/uploads/2025/02/1956Y10V292C-1.html
l,Low-Country Products Association of Ceylon Ordinance,https://lankalaw.net/wp-content/uploads/2025/02/1981Y15V485C-1.html
m,Mahamantinda Vidyarakshaka Sabha Act,https://lankalaw.net/wp-content/uploads/2025/02/1981Y15V492C-1.html
m,"Mahanuwara Bauddha Vidya Peetaya (Incorporation) Act, No. 23 of 1999",https://lankalaw.net/wp-content/uploads/2025/02/1999Y0V0C23A.html
m,Mahanuwara Esala Perahera Trust Act,https://lankalaw.net/wp-content/uploads/2025/02/1981Y15V397C-1.html
m,Mahanuwara Young Men’s Buddhist Association Law,https://lankalaw.net/wp-content/uploads/2025/02/1981Y15V405C-1.html
m,"Mahapola Higher Education Scholarship Trust Fund Act,",https://lankalaw.net/wp-content/uploads/2025/02/1981Y0V0C66A.html
m,Mahara Social Development Foundation (Incorporation) Act. No. 48 of 2000,https://lankalaw.net/wp-content/uploads/2025/02/2000Y0V0C48A.html
m,"Maharagama Samaja Seva Samithi Madhya Mandalaya (Incorporation) Act, No. 29 of 1986",https://lankalaw.net/wp-content/uploads/2025/02/1986Y0V0C29A.html
m,"Maharagama, Pamunuwa Sucharithodaya Social Services Society (Incorporation) Act, No. 14 of 2000",https://lankalaw.net/wp-content/uploads/2025/02/2000Y0V0C14A.html
m,Mahaweli Authority of Sri Lanka Act,https://lankalaw.net/wp-content/uploads/2025/02/1981Y11V272C-1.html
m,"MAHAWELI DEVELOPMENT BOARD – Repealed and Replaced by Mahaweli Development Board(Repeal) Act, No. 38 of 1983",https://lankalaw.net/wp-content/uploads/2025/02/1981Y19V587C-1.html
m,"Maintainance Act, No. 37 of 1999",https://lankalaw.net/wp-content/uploads/2025/02/2001Y4V91C.html
m,"Maintenance Claims (Reciprocal Enforcement) Act, No. 54 of 1998",https://lankalaw.net/wp-content/uploads/2025/02/1998Y0V0C54A.html
m,Maintenance Orders (Facilities for Enforcement) Ordinance,https://lankalaw.net/wp-content/uploads/2025/02/1956Y4V92C-1.html
m,Maintenance Orders (Facilities for Enforcement) Ordinance,https://lankalaw.net/wp-content/uploads/2025/02/2001Y4V92C.html
m,"Maitreya Buddha Dharmadutha Foundation (Incorporation) Act, No.39 of 1999",https://lankalaw.net/wp-content/uploads/2025/02/1999Y0V0C39A.html
m,"Makkiya Arabic College, Galle (Incorporation) Act, No. 52 of 1988",https://lankalaw.net/wp-content/uploads/2025/02/1988Y0V0C52A.html
m,"Makola Muslim Orphanage (Incorporation) Act, No. 19 of 1983",https://lankalaw.net/wp-content/uploads/2025/02/1983Y0V0C19A.html
m,"Malathion Control Act, No. 22 of 1985",https://lankalaw.net/wp-content/uploads/2025/02/1985Y0V0C22A.html
m,Manipay Hindu College Board of Directors Ordinanc,https://lankalaw.net/wp-content/uploads/2025/02/1956Y10V304C-1.html
m,Manufacture of Matches (Regulation) Act,https://lankalaw.net/wp-content/uploads/2025/02/1981Y8V191C-1.html
m,Maradana Mosque Ordinance,https://lankalaw.net/wp-content/uploads/2025/02/1981Y15V460C-1.html
m,"Margaya Fellowship of Sri Lanka (Incorporation) Act, No. 53 of 1992",https://lankalaw.net/wp-content/uploads/2025/02/1992Y0V0C53A.html
m,"Marine Pollution Prevention Act, No. 59 of 1981",https://lankalaw.net/wp-content/uploads/2025/02/1981Y0V0C59A.html
m,Maritime Zones Law,https://lankalaw.net/wp-content/uploads/2025/02/1981Y1V7C-1.html
m,Markaz Al Islami Islamic Centre (Incorporation) Act. No. 39 of 1993,https://lankalaw.net/wp-content/uploads/2025/02/1993Y0V0C39A.html
m,"Markez Islamic Centre (Incorporation) Act, No. 19 of 1999",https://lankalaw.net/wp-content/uploads/2025/02/1999Y0V0C19A.html
m,Married Women’s Property Ordinance,https://lankalaw.net/wp-content/uploads/2025/02/2001Y3V56C.html
m,Mashura Council of the Al-Kulliyathun Nooriya (Arabic College) Kannattota. (Incorporation) Act. No. 10 of 2000,https://lankalaw.net/wp-content/uploads/2025/02/2000Y0V0C10A.html
m,"Mashura Council of the Siraj Arabic College, (Incorporation) Act. No. 37 of 2000",https://lankalaw.net/wp-content/uploads/2025/02/2000Y0V0C37A.html
m,Masters Attendant Ordinance,https://lankalaw.net/wp-content/uploads/2025/02/1981Y10V235C-1.html
m,Matrimonial Rights and Inheritance Ordinance,https://lankalaw.net/wp-content/uploads/2025/02/1981Y4V69C-1.html
m,"Mawanella Eksath Bauddha Samitiya (Incorporation) Act, No. 13 of 1985",https://lankalaw.net/wp-content/uploads/2025/02/1985Y0V0C13A.html
m,"Mawatagama Land Acquisition Act, No. 38 of 1956",https://lankalaw.net/wp-content/uploads/2025/02/1956Y0V0C38A.html
m,"Mawathagama Development Foundation (Incorporation) Act, No. 13 of 1999",https://lankalaw.net/wp-content/uploads/2025/02/1999Y0V0C13A.html
m,"Measurement Units, Standards and Services Act, No. 35 of 1995",https://lankalaw.net/wp-content/uploads/2025/02/1995Y0V0C35A.html
m,"Mediation (Special Categories of Disputes) Act, No. 21 of 2003",https://lankalaw.net/wp-content/uploads/2025/02/2003Y0V0C21A.html
m,Medical Ordinance,https://lankalaw.net/wp-content/uploads/2025/02/1956Y5V105C-1.html
m,Medical Wants Ordinance,https://lankalaw.net/wp-content/uploads/2025/02/1981Y17V558C-1.html
m,"Medico-Legal Society of Sri Lanka (Incorporation) Act, No. 37 of 1993",https://lankalaw.net/wp-content/uploads/2025/02/1993Y0V0C37A.html
m,"Meegamuwa Bauddha Sadachara Wardhana Samithiya (Incorporation) Act, No. 39 of 1985",https://lankalaw.net/wp-content/uploads/2025/02/1985Y0V0C39A.html
m,"Mental Development and Research Centre (Incorporation) Act, No. 2 of 2007",https://lankalaw.net/wp-content/uploads/2025/02/2007Y0V0C2A.html
m,Mental Diseases Ordinance,https://lankalaw.net/wp-content/uploads/2025/02/1981Y17V559C-1.html
m,MERCHANDISE MARKS,https://lankalaw.net/wp-content/uploads/2025/02/2001Y6V151C.html
m,Merchant Shipping (War Service) Ordinance,https://lankalaw.net/wp-content/uploads/2025/02/1956Y11V368C-1.html
m,Merchant Shipping Act,https://lankalaw.net/wp-content/uploads/2025/02/1981Y10V233C-1.html
m,Merchant Shipping Act,https://lankalaw.net/wp-content/uploads/2025/02/1956Y11V367C-1.html
m,"Merchant Shipping Change of Designation) Act, No. 3 of 2006",https://lankalaw.net/wp-content/uploads/2025/02/2006Y0V0C3A.html
m,Methodist Trust Association of Ceylon Ordinance,https://lankalaw.net/wp-content/uploads/2025/02/1981Y15V438C-1.html
m,"Metric Units (Consequential Provisions) Law, No. 40 of 1978",https://lankalaw.net/wp-content/uploads/2025/02/1978Y0V0C40A.html
m,"Middeniya Purana Maha Viharasthanabhiwardhana Sabhawa (Incorporation) Act, No. 42 of 1993",https://lankalaw.net/wp-content/uploads/2025/02/1993Y0V0C42A.html
m,Military-Transport Ordinance,https://lankalaw.net/wp-content/uploads/2025/02/1956Y11V364C-1.html
m,Milk Board Act,https://lankalaw.net/wp-content/uploads/2025/02/1981Y17V548C-1.html
m,Mines (Prohibition of Female Labour Underground) Ordinance,https://lankalaw.net/wp-content/uploads/2025/02/1981Y7V147C-1.html
m,"Mines and Minerals Law, No. 4 of 1973",https://lankalaw.net/wp-content/uploads/2025/02/1973Y0V0C4A.html
m,"Mines, Quarries, and Minerals Ordinance",https://lankalaw.net/wp-content/uploads/2025/02/1956Y7V210C-1.html
m,Minicoy Lighthouse and Lighthouse Dues Ordinance,https://lankalaw.net/wp-content/uploads/2025/02/1956Y11V375C-1.html
m,Minister of Local Government (Delegation of Powers) Act,https://lankalaw.net/wp-content/uploads/2025/02/1981Y18V580C.html
m,"Mirigama Young Men’s Buddhist Association (Incorporation) Act, No. 24 of 1985",https://lankalaw.net/wp-content/uploads/2025/02/1985Y0V0C24A.html
m,"Mobilization and Supplementary Forces Act, No. 40 of 1985",https://lankalaw.net/wp-content/uploads/2025/02/1985Y0V0C40A.html
m,Monetary Law Act,https://lankalaw.net/wp-content/uploads/2025/02/1981Y12V323C-1.html
m,Money Lending Ordinance,https://lankalaw.net/wp-content/uploads/2025/02/1981Y4V90C-1.html
m,Moors’ Islamic Cultural Home Ordinance,https://lankalaw.net/wp-content/uploads/2025/02/1981Y15V502C-1.html
m,Moratuwa Social Service Society Ordinance,https://lankalaw.net/wp-content/uploads/2025/02/1981Y15V509C-1.html
m,Motor Car (Convention) Ordinance,https://lankalaw.net/wp-content/uploads/2025/02/2001Y7V204C.html
m,Motor Cars (Tax on Transfers) Law,https://lankalaw.net/wp-content/uploads/2025/02/1981Y16V531C-1.html
m,Motor Traffic (Special Provisions) Act,https://lankalaw.net/wp-content/uploads/2025/02/1981Y16V529C-1.html
m,"Motor Transport Act, No. 48 of 1957",https://lankalaw.net/wp-content/uploads/2025/02/1957Y0V0C48A.html
m,"Multilateral Investment Guarantee Agency Act, No. 57 of 1988",https://lankalaw.net/wp-content/uploads/2025/02/1988Y0V0C57A.html
m,Municipal Dairies and Laundries Ordinance,https://lankalaw.net/wp-content/uploads/2025/02/1981Y17V566C-1.html
m,"Muslim Development Fund, Sri Lanka (Incorporation) Act, No. 25 of 1985",https://lankalaw.net/wp-content/uploads/2025/02/1985Y0V0C25A.html
m,Muslim Hospital Association Ordinance,https://lankalaw.net/wp-content/uploads/2025/02/1981Y15V501C-1.html
m,Muslim Intestate Succession Ordinance,https://lankalaw.net/wp-content/uploads/2025/02/1981Y4V72C-1.html
m,Muslim Ladies College Board of Directors Act,https://lankalaw.net/wp-content/uploads/2025/02/1956Y10V310C-1.html
m,"Muslim Ladies Study Circle (Incorporation) Act, No. 31 of 1982",https://lankalaw.net/wp-content/uploads/2025/02/1982Y0V0C31A.html
m,Muslim Library (Incorporation) Law,https://lankalaw.net/wp-content/uploads/2025/02/1981Y15V467C-1.html
m,Muslim Marriage and Divorce Act,https://lankalaw.net/wp-content/uploads/2025/02/1956Y5V115C.html
m,Muslim Mosques and Charitable Trusts or Wakfs Act,https://lankalaw.net/wp-content/uploads/2025/02/1981Y15V459C-1.html
m,"Muslim Women’s Social League (Ceylon) (Incorporation) Act, No. 34 of 1983",https://lankalaw.net/wp-content/uploads/2025/02/1983Y0V0C34A.html
m,"Mutual Assistance in Civil and Commercial Matters Act, No. 39 of 2000",https://lankalaw.net/wp-content/uploads/2025/02/2000Y0V0C39A.html
m,"Mutual Assistance in Criminal Matters Act, No. 25 of 2002",https://lankalaw.net/wp-content/uploads/2025/02/2002Y0V0C25A.html
n,"Naleemiah Institute of Islamic Studies, Society (Incorporation) Act, No. 34 of 1982",https://lankalaw.net/wp-content/uploads/2025/02/1982Y0V0C34A.html
n,"Naming of Streets and the Control of the Erection of Monuments Law, No. 4 of 1975",https://lankalaw.net/wp-content/uploads/2025/02/1975Y0V0C4A.html
n,"Nation Builders Association (Incorporation) Act, No. 49 of 1982",https://lankalaw.net/wp-content/uploads/2025/02/1982Y0V0C49A.html
n,"National Academy of Sciences of Sri Lanka (Incorporation) Act, No. 66 of 1988",https://lankalaw.net/wp-content/uploads/2025/02/1988Y0V0C66A.html
n,National Apprenticeship Act,https://lankalaw.net/wp-content/uploads/2025/02/1981Y7V149C-1.html
n,"National Aquaculture Development Authority of Sri Lanka Act, No. 53 of 1998",https://lankalaw.net/wp-content/uploads/2025/02/1998Y0V0C53A.html
n,"National Aquatic Resources Research and Development Agency Act, No. 54 of 1981",https://lankalaw.net/wp-content/uploads/2025/02/1981Y0V0C54A.html
n,National Archives Law,https://lankalaw.net/wp-content/uploads/2025/02/1981Y14V380C-1.html
n,"National Arts Council, Mahanuwara (Incorporation) Act",https://lankalaw.net/wp-content/uploads/2025/02/1981Y15V470C-1.html
n,"National Authority on Teacher Education Act, No. 32 of 1997",https://lankalaw.net/wp-content/uploads/2025/02/1997Y0V0C32A.html
n,"National Child Protection Authority Act, No. 50 of 1998",https://lankalaw.net/wp-content/uploads/2025/02/1998Y0V0C50A.html
n,"National Council for Mal Health-‘ Sahanaya’ (Incorporation) Act, No. 11 of 1986",https://lankalaw.net/wp-content/uploads/2025/02/1986Y0V0C11A.html
n,National Council of the Young Men’s Christian Associations of Ceylon (Incorporation) Act,https://lankalaw.net/wp-content/uploads/2025/02/1981Y15V449C-1.html
n,"National Crafts Council and Allied Institutions Act, No. 35 of 1982",https://lankalaw.net/wp-content/uploads/2025/02/1982Y0V0C35A.html
n,"National Dangerous Drugs Control Board Act, No. 11 of 1984",https://lankalaw.net/wp-content/uploads/2025/02/1984Y0V0C11A.html
n,"National Defence Fund Act, No.9 of 1985",https://lankalaw.net/wp-content/uploads/2025/02/1985Y0V0C9A.html
n,National Development Bank of Sri Lanka Act,https://lankalaw.net/wp-content/uploads/2025/02/1981Y12V308C-1.html
n,National Development Loan (1945) Ordinance,https://lankalaw.net/wp-content/uploads/2025/02/1956Y12V408C-1.html
n,National Development Loan (1950) Act,https://lankalaw.net/wp-content/uploads/2025/02/1956Y12V409C-1.html
n,"National Education Commission Act, No. 19 of 1991",https://lankalaw.net/wp-content/uploads/2025/02/1991Y0V0C19A.html
n,"National Enterprise Development Authority Act, No. 17 of 2006",https://lankalaw.net/wp-content/uploads/2025/02/2006Y0V0C17A.html
n,National Environmental Act,https://lankalaw.net/wp-content/uploads/2025/02/1981Y17V554C-1.html
n,"National Environmental Act, No. 47 of 1980",https://lankalaw.net/wp-content/uploads/2025/02/1980Y0V0C47A.html
n,National Film Corporation of Sri Lanka Act,https://lankalaw.net/wp-content/uploads/2025/02/1981Y14V366C-1.html
n,"National Film Corporation Trust fro Film Artistes Technicians Act, No 3 of 1986",https://lankalaw.net/wp-content/uploads/2025/02/1986Y0V0C3A.html
n,National Freedom from Hunger Campaign Law,https://lankalaw.net/wp-content/uploads/2025/02/1981Y11V273C-1.html
n,"National Gem and Jewellery Authority Act, No. 50 of 1993",https://lankalaw.net/wp-content/uploads/2025/02/1993Y0V0C50A.html
n,"National Health Development Fund Act, No. 13 of 1981",https://lankalaw.net/wp-content/uploads/2025/02/1981Y0V0C13A.html
n,"National Heritage Wilderness Areas Act, No. 3 of 1988",https://lankalaw.net/wp-content/uploads/2025/02/1988Y0V0C3A.html
n,National Housing Act,https://lankalaw.net/wp-content/uploads/2025/02/1981Y12V336C-1.html
n,National Housing Development Authority Act,https://lankalaw.net/wp-content/uploads/2025/02/1981Y12V337C-1.html
n,"National Human Resources Development Council of Sri Lanka Act, No. 18 of 1997",https://lankalaw.net/wp-content/uploads/2025/02/1997Y0V0C18A.html
n,National Institute of Business Management Law,https://lankalaw.net/wp-content/uploads/2025/02/1981Y8V185C-1.html
n,"National Institute of Cooperative Development (Incorporation) Act, No. 1 of 2001",https://lankalaw.net/wp-content/uploads/2025/02/2001Y0V0C1A.html
n,"National Institute of Education Act, No. 28 of 1985",https://lankalaw.net/wp-content/uploads/2025/02/1985Y0V0C28A.html
n,"National Institute of Fisheries and Nautical Engineering Act, No. 36 of 1999",https://lankalaw.net/wp-content/uploads/2025/02/1999Y0V0C36A.html
n,National Institute of Plantation Management Act,https://lankalaw.net/wp-content/uploads/2025/02/1981Y11V266C-1.html
n,"National Institute of Social Development Act, No. 41 of 1992",https://lankalaw.net/wp-content/uploads/2025/02/1992Y0V0C41A.html
n,"National Institute of Technical Education of Sri Lanka Act, No. 59 of 1998",https://lankalaw.net/wp-content/uploads/2025/02/1998Y0V0C59A.html
n,"National Library and Documentation Services Board Act, No. 51 of 1998",https://lankalaw.net/wp-content/uploads/2025/02/1998Y0V0C51A.html
n,National Loan Ordinance,https://lankalaw.net/wp-content/uploads/2025/02/1956Y12V406C-1.html
n,National Lotteries Board Act,https://lankalaw.net/wp-content/uploads/2025/02/1981Y12V316C-1.html
n,National Metric Conversion Law,https://lankalaw.net/wp-content/uploads/2025/02/1981Y8V189C-1.html
n,National Museums Ordinance,https://lankalaw.net/wp-content/uploads/2025/02/1981Y14V391C-1.html
n,National Planning Council Act,https://lankalaw.net/wp-content/uploads/2025/02/1981Y12V315C-1.html
n,National Prices Commission Law,https://lankalaw.net/wp-content/uploads/2025/02/1981Y9V217C-1.html
n,National Savings Bank Act,https://lankalaw.net/wp-content/uploads/2025/02/1981Y12V305C-1.html
n,National Science Council of Sri Lanka Law,https://lankalaw.net/wp-content/uploads/2025/02/1981Y14V390C-1.html
n,"National Security Act No, 52 of 1991",https://lankalaw.net/wp-content/uploads/2025/02/1991Y0V0C52A.html
n,"National Security Levy (Amendment) Act, No. 11 of 1996",https://lankalaw.net/wp-content/uploads/2025/02/1996Y0V0C11A.html
n,"National Transport Commission Act, No, 37 of 1991",https://lankalaw.net/wp-content/uploads/2025/02/1991Y0V0C37A.html
n,"National Transport Medical Institute Act, No. 25 of 1997",https://lankalaw.net/wp-content/uploads/2025/02/1997Y0V0C25A.html
n,National Water Supply and Drainage Board Law,https://lankalaw.net/wp-content/uploads/2025/02/1981Y17V541C-1.html
n,"National Youth Hostel Association of Sri Lanka (Incorporation) Act, No. 11 of 1991",https://lankalaw.net/wp-content/uploads/2025/02/1991Y0V0C11A.html
n,National Youth Services Act,https://lankalaw.net/wp-content/uploads/2025/02/1981Y1V11C-1.html
n,"National Zoological Gardens Act, No. 41 of 1982",https://lankalaw.net/wp-content/uploads/2025/02/1982Y0V0C41A.html
n,"National, Economic, Social, Educational and Cultural Foundation of Sri Lanka (incorporation) Act, No. 38 of 1991",https://lankalaw.net/wp-content/uploads/2025/02/1991Y0V0C38A.html
n,"Natural Resources, Energy and Science Authority of Sri Lanka Act, No. 78 of 1981",https://lankalaw.net/wp-content/uploads/2025/02/1981Y0V0C78A.html
n,Naval and Victualling Stores Ordinance,https://lankalaw.net/wp-content/uploads/2025/02/1981Y3V54C-1.html
n,"Navodaya Foundation (Incorporation) Act, No. 16 of 1999",https://lankalaw.net/wp-content/uploads/2025/02/1999Y0V0C16A.html
n,Navy Act,https://lankalaw.net/wp-content/uploads/2025/02/1981Y20V626C-1.html
n,"Navy and Air Force (Amendment) Act, No. 21 of 1979",https://lankalaw.net/wp-content/uploads/2025/02/1979Y0V0C21A.html
n,Negombo Municipal Council (Differential Rates) Act,https://lankalaw.net/wp-content/uploads/2025/02/1956Y9V254C-1.html
n,New St. Andrew’s Church Ordinance,https://lankalaw.net/wp-content/uploads/2025/02/1981Y15V435C-1.html
n,"New Young Men’s short title. Christian Association, Moratuwa (Incorporation) Act. No. 26 of 1992",https://lankalaw.net/wp-content/uploads/2025/02/1992Y0V0C26A.html
n,Newspapers Ordinance,https://lankalaw.net/wp-content/uploads/2025/02/2001Y6V180C.html
n,Nindagama Lands Act,https://lankalaw.net/wp-content/uploads/2025/02/1981Y11V301C-1.html
n,Non-Episcopalian Churches Ordinance,https://lankalaw.net/wp-content/uploads/2025/02/1981Y15V431C-1.html
n,"North Lanka College of Medical Practitioners (Incorporation) Act, No. 45 of 1988",https://lankalaw.net/wp-content/uploads/2025/02/1988Y0V0C45A.html
n,Northern Province Markets Ordinance,https://lankalaw.net/wp-content/uploads/2025/02/1956Y10V271C-1.html
n,Northern Province Teachers’ Association Benevolent Fund (Incorporation) Act,https://lankalaw.net/wp-content/uploads/2025/02/1981Y15V493C-1.html
n,"Nugawela Malagamma Rajamaha Vihara Sanwardhana Sabhawa (Incorporation) Act, No. 56 of 1992",https://lankalaw.net/wp-content/uploads/2025/02/1992Y0V0C56A.html
n,Nugegoda Young Men’s Buddhist Association Ordinance,https://lankalaw.net/wp-content/uploads/2025/02/1981Y15V400C-1.html
n,Nuisances Ordinance,https://lankalaw.net/wp-content/uploads/2025/02/1981Y17V562C-1.html
n,Nursing Homes (Regulation) Act,https://lankalaw.net/wp-content/uploads/2025/02/1981Y17V551C-1.html
n,"Nutrition Society of Sri Lanka (Incorporation) Act, No.. 5 of 1985",https://lankalaw.net/wp-content/uploads/2025/02/1985Y0V0C5A.html
o,Oaths Ordinance,https://lankalaw.net/wp-content/uploads/2025/02/2001Y1V17C.html
o,Obscene Publications Ordinance,https://lankalaw.net/wp-content/uploads/2025/02/2001Y2V30C.html
o,"Offences against Aircraft Act, No. 24 of 1982",https://lankalaw.net/wp-content/uploads/2025/02/1982Y0V0C24A.html
o,"Offences against Public Property Act, No. 12 of 1982",https://lankalaw.net/wp-content/uploads/2025/02/1982Y0V0C12A.html
o,Offences Committed under the Influence of Liquor (Special Provisions) Act,https://lankalaw.net/wp-content/uploads/2025/02/1981Y2V27C-1.html
o,"Official Language Act, No. 33 of 1956",https://lankalaw.net/wp-content/uploads/2025/02/1956Y0V0C33A.html
o,"Official Languages Commission Act, No. 18 of 1991",https://lankalaw.net/wp-content/uploads/2025/02/1991Y0V0C18A.html
o,Official Publications (Immunity) Ordinance,https://lankalaw.net/wp-content/uploads/2025/02/1981Y14V379C-1.html
o,Official Secrets Act,https://lankalaw.net/wp-content/uploads/2025/02/1981Y3V50C-1.html
o,"Old Anandians 75-80 Group (Incorporation) Act, No.14 of 1998",https://lankalaw.net/wp-content/uploads/2025/02/1998Y0V0C14A.html
o,Old Metal Ordinance,https://lankalaw.net/wp-content/uploads/2025/02/1981Y3V48C-1.html
o,Organizing Committee Of The Bentota Sri Anubuddha Maha Kasyapa Dalada Perahera (Incorporation),https://lankalaw.net/wp-content/uploads/2025/03/1991Y0V0C45A.html
o,Opening of Accounts in Banks Act,https://lankalaw.net/wp-content/uploads/2025/02/1981Y12V307C-1.html
o,Organizing Committee of the Bentota Sri Anubuddha Maha Kasyapa Dalada Perahera (Incorporation) Act No. 45 of 1991,https://lankalaw.net/wp-content/uploads/2025/02/1991Y0V0C45A.html
o,Orphanages Ordinance,https://lankalaw.net/wp-content/uploads/2025/02/1981Y14V369C-1.html
p,Paddy Lands Act,https://lankalaw.net/wp-content/uploads/2025/02/1956Y12V444C-1.html
p,Paddy Marketing Board Act,https://lankalaw.net/wp-content/uploads/2025/02/1981Y9V202C-1.html
p,Paddy Producers’ Savings Law,https://lankalaw.net/wp-content/uploads/2025/02/1981Y9V204C-1.html
p,"Padmanabha Foundation (Incorporation) Act, No. 35 of 1993",https://lankalaw.net/wp-content/uploads/2025/02/1993Y0V0C31A.html
p,"Palaka Sabhawa of Beruwala Malewana Sri Gnanissara Ayurvedic Medical College (Incorporation) Act, No. 15 of 1999",https://lankalaw.net/wp-content/uploads/2025/02/1999Y0V0C15A.html
p,"Palaka Sabhawa of Samastha Lanka Paramparika Ayurveda Vaidya Vidyalaya of Keraminiya, Mawanella (Incorporation) Act, No. 1 of 1986",https://lankalaw.net/wp-content/uploads/2025/02/1986Y0V0C1A.html
p,"Palaka Sabhawa of the Sandagirigala Aranya Senasanaya (Incorporation) Act, No. 39 of 1992",https://lankalaw.net/wp-content/uploads/2025/02/1992Y0V0C39A.html
p,"Pallebedde Sri Sankhapala Rajamaha Vihara Sanwardhena Sabha (Incorporation) Act, No.2 of 1986",https://lankalaw.net/wp-content/uploads/2025/02/1986Y0V0C2A.html
p,Panadura Public and Local Government Service Buddhist Association Act,https://lankalaw.net/wp-content/uploads/2025/02/1981Y15V415C-1.html
p,"Panadura welipitiya abhaya karunaratne mudalinda-ramastha sri chandamuni dharmayathana sanwardhana sabhawa (Incorporation) Act, No. 37 of 1992",https://lankalaw.net/wp-content/uploads/2025/02/1992Y0V0C37A.html
p,"Panduswasnuwara Sri Dalada Nimithi Perahera Organizing Committee (Incorporation) Act, No. of 1985",https://lankalaw.net/wp-content/uploads/2025/02/1985Y0V0C42A.html
p,Parameshvara College Ordinance,https://lankalaw.net/wp-content/uploads/2025/02/1956Y10V298C-1.html
p,"Parappuduwa Dasasil Mathas’ Island Association (Incorporation) Act, No. 46 of 1993",https://lankalaw.net/wp-content/uploads/2025/02/1993Y0V0C46A.html
p,Parliament (Powers and Privileges) Act,https://lankalaw.net/wp-content/uploads/2025/02/1953Y0V0C383A.html
p,"Parliamentary Commissioner for Administration Act, No. 17 of 1981",https://lankalaw.net/wp-content/uploads/2025/02/1981Y0V0C17A.html
p,Parliamentary Pensions Law,https://lankalaw.net/wp-content/uploads/2025/02/1981Y1V4C-1.html
p,"Parliamentary Scholarship Board Act, No. 22 of 2002",https://lankalaw.net/wp-content/uploads/2025/02/2002Y0V0C22A.html
p,Parliamentary Staffs Act,https://lankalaw.net/wp-content/uploads/2025/02/1956Y11V384C-1.html
p,Partnership Ordinance,https://lankalaw.net/wp-content/uploads/2025/02/1981Y8V179C-1.html
p,Passport (Regulation) and Exit Permit Act,https://lankalaw.net/wp-content/uploads/2025/02/1981Y10V247C-1.html
p,"Pasture Lands (Reservation and Development) Act, No. 4 of 1983",https://lankalaw.net/wp-content/uploads/2025/02/1983Y0V0C4A.html
p,"Pasyodunrata Development Foundation (Incorporation) Act, No. 5 of 1999",https://lankalaw.net/wp-content/uploads/2025/02/1999Y0V0C5A.html
p,PATENTS,https://lankalaw.net/wp-content/uploads/2025/02/2001Y6V152C.html
p,"PATENTS, DESIGNS, AND TRADE MARKS (NEUCHATEL AGREEMENT)",https://lankalaw.net/wp-content/uploads/2025/02/2001Y6V156C.html
p,"PATENTS, DESIGNS, COPYRIGHT AND TRADE MARKS (EMERGENCY)",https://lankalaw.net/wp-content/uploads/2025/02/2001Y6V157C.html
p,Pawnbrokers Ordinance,https://lankalaw.net/wp-content/uploads/2025/02/2001Y4V90C.html
p,"Payment and Settlement Systems Act, No. 28 of 2005",https://lankalaw.net/wp-content/uploads/2025/02/2005Y0V0C28A.html
p,Payment of Gratuities and other Monetary Benefits to Indian Repatriates (Special Provisions) Law,https://lankalaw.net/wp-content/uploads/2025/02/1981Y7V162C-1.html
p,"Payment of Gratuity Act, No. 12 of 1983",https://lankalaw.net/wp-content/uploads/2025/02/1983Y0V0C12A.html
p,PAYMENTS OF FINES (COURTS OF SUMMERY JURISDICTION),https://lankalaw.net/wp-content/uploads/2025/02/2001Y1V10C.html
p,PEARL FISHERIES – (Repealed),https://lankalaw.net/wp-content/uploads/2025/02/1981Y10V243C-1.html
p,"Pelpola Vipassi Foundation (Incorporation) Act, No.16 of 1998",https://lankalaw.net/wp-content/uploads/2025/02/1998Y0V0C16A.html
p,"Pensions (Special Provisions) Act, No. 30 of 1985",https://lankalaw.net/wp-content/uploads/2025/02/1985Y0V0C30A.html
p,People’s Bank (Acquisition of Premises) Act,https://lankalaw.net/wp-content/uploads/2025/02/1981Y12V304C-1.html
p,People’s Bank Act,https://lankalaw.net/wp-content/uploads/2025/02/1981Y12V303C-1.html
p,"People’s Committees Act, No. 16 of 1971",https://lankalaw.net/wp-content/uploads/2025/02/1971Y0V0C16A.html
p,"Peradeniya Sri Sarananda Bauddha Sangamaya (Incorporation) Act, No.8 of 1985",https://lankalaw.net/wp-content/uploads/2025/02/1985Y0V0C8A.html
p,"Periya Moulana, Zain Moulana Shrines and Thakiyas Development Society (Incorporation) Act, No. 26 of 1999",https://lankalaw.net/wp-content/uploads/2025/02/1999Y0V0C26A.html
p,"Personal Tax Act, No. 14 of 1959",https://lankalaw.net/wp-content/uploads/2025/02/1959Y0V0C14A.html
p,Petrol (Control of Supplies) Ordinance,https://lankalaw.net/wp-content/uploads/2025/02/1956Y6V174C-1.html
p,Petroleum Ordinance,https://lankalaw.net/wp-content/uploads/2025/02/1981Y20V634C-1.html
p,Petroleum Products (Regulation and Control of Supplies) Act,https://lankalaw.net/wp-content/uploads/2025/02/1981Y9V221C-1.html
p,"Petroleum Products (Special Provisions) Act, No 33 of 2002",https://lankalaw.net/wp-content/uploads/2025/02/2002Y0V0C33A.html
p,"Petroleum Resources Act, No. 26 of 2003",https://lankalaw.net/wp-content/uploads/2025/02/2003Y0V0C26A.html
p,Pilgrimages Ordinance,https://lankalaw.net/wp-content/uploads/2025/02/1981Y14V362C-1.html
p,"Pilisarana Institute (Incorporation ) Act, No, 1 of 1998",https://lankalaw.net/wp-content/uploads/2025/02/1998Y0V0C1A.html
p,Piliyandala Young Men’s Buddhist Association Law,https://lankalaw.net/wp-content/uploads/2025/02/1981Y15V406C-1.html
p,Pilots Ordinance,https://lankalaw.net/wp-content/uploads/2025/02/1981Y10V237C-1.html
p,"Piracy Act, No 9 of 2001",https://lankalaw.net/wp-content/uploads/2025/02/2001Y0V0C9A.html
p,Pirivena Education Act,https://lankalaw.net/wp-content/uploads/2025/02/1981Y14V385C-1.html
p,"Plant Protection Act, No, 35 of 1999",https://lankalaw.net/wp-content/uploads/2025/02/1999Y0V0C35A.html
p,Planters’ Association of Ceylon Ordinance,https://lankalaw.net/wp-content/uploads/2025/02/1981Y15V484C-1.html
p,Planters’ Benevolent Fund Ordinance,https://lankalaw.net/wp-content/uploads/2025/02/1956Y10V290C-1.html
p,"Plumbago Export Duty (Special Provisions) Act, No. 17 of 1961",https://lankalaw.net/wp-content/uploads/2025/02/1961Y0V0C17A.html
p,"Pokunugala Purana Vihara Sanwardhana Samitiya (Incorporation) Act, No. 37 of 1985",https://lankalaw.net/wp-content/uploads/2025/02/1985Y0V0C37A.html
p,"Polgahawela Young Men’s Buddhist Association (Incorporation) Act, No. 23 of 1984",https://lankalaw.net/wp-content/uploads/2025/02/1984Y0V0C23A.html
p,"Police Commission Act, No. 1 of 1990",https://lankalaw.net/wp-content/uploads/2025/02/1990Y0V0C1A.html
p,Police Ordinance,https://lankalaw.net/wp-content/uploads/2025/02/2001Y2V53C.html
p,Poor Law Ordinance,https://lankalaw.net/wp-content/uploads/2025/02/1981Y14V368C-1.html
p,"Poor Relief Act, No. 32 of 1985",https://lankalaw.net/wp-content/uploads/2025/02/1985Y0V0C32A.html
p,"Port (Cargo) Corporation Act, No. 13 of 1958",https://lankalaw.net/wp-content/uploads/2025/02/1958Y0V0C13A.html
p,"Port of Colombo Labour Reserve (Gratuities) Act, No. 47 of 1961",https://lankalaw.net/wp-content/uploads/2025/02/1961Y0V0C47A.html
p,Post and Telegraph Benefit Association Ordinance,https://lankalaw.net/wp-content/uploads/2025/02/1981Y15V480C-1.html
p,Post Office Ordinance,https://lankalaw.net/wp-content/uploads/2025/02/1981Y16V520C-1.html
p,Post Office Security Fund Ordinance,https://lankalaw.net/wp-content/uploads/2025/02/1981Y15V473C-1.html
p,"Potuhera Young Men’s Buddhist Association (Incorporation) Act,No.4 of 1985",https://lankalaw.net/wp-content/uploads/2025/02/1985Y0V0C4A.html
p,Presbyterian Church (Kandy) Ordinance,https://lankalaw.net/wp-content/uploads/2025/02/1981Y15V434C-1.html
p,President’s Fund Act,https://lankalaw.net/wp-content/uploads/2025/02/1981Y12V334C-1.html
p,"Presidential Elections (Special Provisions) Act, No. 2 of 1981",https://lankalaw.net/wp-content/uploads/2025/02/1981Y0V0C2A.html
p,"Presidential Elections Act, No. 15 of 1981",https://lankalaw.net/wp-content/uploads/2025/02/1981Y0V0C15A.html
p,"Presidents Entitlements Act, No. 4 of 1986",https://lankalaw.net/wp-content/uploads/2025/02/1986Y0V0C4A.html
p,"Prevention and Punishment of Crimes against Internationally Protected Persons, Act, No. 15 of 1991",https://lankalaw.net/wp-content/uploads/2025/02/1991Y0V0C15A.html
p,Prevention of Crimes Ordinance,https://lankalaw.net/wp-content/uploads/2025/02/1981Y2V29C-1.html
p,Prevention of Cruelty to Animals Ordinance,https://lankalaw.net/wp-content/uploads/2025/02/1981Y17V573C-1.html
p,"Prevention of Domestic Violence Act, No. 34 of 2005",https://lankalaw.net/wp-content/uploads/2025/02/2005Y0V0C34A.html
p,"Prevention of Hostage Taking Act, No. 41 of 2000",https://lankalaw.net/wp-content/uploads/2025/02/2000Y0V0C41A.html
p,"Prevention of Money Laundering Act, No. 5 of 2006",https://lankalaw.net/wp-content/uploads/2025/02/2006Y0V0C5A.html
p,Prevention of Social Disabilities Act,https://lankalaw.net/wp-content/uploads/2025/02/1981Y3V33C-1.html
p,"Prevention of the Avoidance of Tax Act, No. 26 of 1970",https://lankalaw.net/wp-content/uploads/2025/02/1970Y0V0C26A.html
p,Primary Courts* Procedure Act,https://lankalaw.net/wp-content/uploads/2025/02/1981Y1V18C-1.html
p,Printers and Publishers Ordinance,https://lankalaw.net/wp-content/uploads/2025/02/2001Y6V179C.html
p,Printing Presses Ordinance,https://lankalaw.net/wp-content/uploads/2025/02/2001Y6V178C.html
p,Prisoners Removal Ordinance,https://lankalaw.net/wp-content/uploads/2025/02/2001Y2V55C.html
p,Prisons Ordinance,https://lankalaw.net/wp-content/uploads/2025/02/1981Y3V66C-1.html
p,"Private Omnibus Services – (Repealed by the Private Omnibus Services Act, No. 37 of 1991)",https://lankalaw.net/wp-content/uploads/2025/02/1983Y0V0C44A.html
p,Privilege Leave (Private Sector Employees) Law,https://lankalaw.net/wp-content/uploads/2025/02/1981Y7V156C-1.html
p,PRIVY COUNCIL APPEALS,https://lankalaw.net/wp-content/uploads/2025/02/2001Y4V100C.html
p,Prize Competitions Act,https://lankalaw.net/wp-content/uploads/2025/02/1981Y3V58C-1.html
p,Probation of Offenders Ordinance,https://lankalaw.net/wp-content/uploads/2025/02/1981Y3V34C-1.html
p,Produce Ordinance,https://lankalaw.net/wp-content/uploads/2025/02/1981Y3V46C-1.html
p,Profane Publications Act,https://lankalaw.net/wp-content/uploads/2025/02/1981Y3V41C-1.html
p,Profits Tax Act,https://lankalaw.net/wp-content/uploads/2025/02/1956Y8V243C-1.html
p,"Prohibition of Ragging and Other Forms of Violence in Educational Institutions Act, No. 20 of 1998",https://lankalaw.net/wp-content/uploads/2025/02/1998Y0V0C20A.html
p,Promissory Oaths Ordinance,https://lankalaw.net/wp-content/uploads/2025/02/2001Y1V16C.html
p,"Promotion of Export Agriculture Act, No. 46 of 1992",https://lankalaw.net/wp-content/uploads/2025/02/1992Y0V0C46A.html
p,Proof of Public Documents Ordinance,https://lankalaw.net/wp-content/uploads/2025/02/1981Y1V22C-1.html
p,"Proscribing of Liberation Tigers of Tamil Eelam and Other Similar Organizations Law, No. 16 of 1978",https://lankalaw.net/wp-content/uploads/2025/02/1978Y0V0C16A.html
p,"Protection of Government Revenue (Special Provisions) Act, No. 1 of 2006",https://lankalaw.net/wp-content/uploads/2025/02/2006Y0V0C1A.html
p,Protection of Tenants (Special Provisions) Act,https://lankalaw.net/wp-content/uploads/2025/02/1981Y19V598C-1.html
p,Protection of the Rights of Elders Act. No. 9 of 2000,https://lankalaw.net/wp-content/uploads/2025/02/2000Y0V0C9A.html
p,"Protection of the Rights of Persons with Disabilities Act, No. 28 of 1996",https://lankalaw.net/wp-content/uploads/2025/02/1996Y0V0C28A.html
p,"Provincial Council Turn-over Taxes (Limits and Exemptions) Act, No. 25 of 1995",https://lankalaw.net/wp-content/uploads/2025/02/1995Y0V0C25A.html
p,"Provincial Councils (Consequential Provisions) Act, No. 12 of 1989",https://lankalaw.net/wp-content/uploads/2025/02/1989Y0V0C12A.html
p,"Provincial Councils (Payment of Salaries and Allowances) Act, No. 37 of 1988",https://lankalaw.net/wp-content/uploads/2025/02/1988Y0V0C37A.html
p,"Provincial Councils Act, No. 42 of 1987",https://lankalaw.net/wp-content/uploads/2025/02/1987Y0V0C42A.html
p,"Provincial Councils Pensions Act, No. 17 of 1993",https://lankalaw.net/wp-content/uploads/2025/02/1993Y0V0C17A.html
p,"Provincial of the Marist Brothers in Sri Lanka (Incorporation) Act, No. 16 of 1994",https://lankalaw.net/wp-content/uploads/2025/02/1994Y0V0C16A.html
p,Provincial of the Oblates in Ceylon Act,https://lankalaw.net/wp-content/uploads/2025/02/1981Y15V442C-1.html
p,Public “Works Loan (1909) Ordinance,https://lankalaw.net/wp-content/uploads/2025/02/1956Y12V410C-1.html
p,Public and Judicial Officers (Retirement) Ordinance,https://lankalaw.net/wp-content/uploads/2025/02/1981Y20V616C-1.html
p,Public Bodies (Prevention of Corruption) Ordinance,https://lankalaw.net/wp-content/uploads/2025/02/1956Y9V258C-1.html
p,Public Bodies (Prevention of Corruption) Ordinance,https://lankalaw.net/wp-content/uploads/2025/02/1981Y19V584C-1.html
p,"Public Contracts Act, No.3 of 1987",https://lankalaw.net/wp-content/uploads/2025/02/1987Y0V0C3A.html
p,Public Corporations (Financial Control) Act,https://lankalaw.net/wp-content/uploads/2025/02/1981Y8V182C-1.html
p,"Public Enterprises Reform Commission of Sri Lanka Act, No. 1 of 1996",https://lankalaw.net/wp-content/uploads/2025/02/1996Y0V0C1A.html
p,Public Examinations Act,https://lankalaw.net/wp-content/uploads/2025/02/1981Y14V382C-1.html
p,Public Officers’ (Security) Ordinance,https://lankalaw.net/wp-content/uploads/2025/02/1981Y20V612C-1.html
p,Public Performances Ordinance,https://lankalaw.net/wp-content/uploads/2025/02/1981Y14V363C-1.html
p,Public Security Ordinance,https://lankalaw.net/wp-content/uploads/2025/02/2001Y2V40C.html
p,Public Servants (Liabilities) Ordinance,https://lankalaw.net/wp-content/uploads/2025/02/2001Y4V103C.html
p,"Public Servants Welfare Association, Batapola (Incorporation) Act, No. 46 of 1981",https://lankalaw.net/wp-content/uploads/2025/02/1981Y0V0C46A.html
p,Public Service Mutual Provident Association Ordinance,https://lankalaw.net/wp-content/uploads/2025/02/1981Y15V474C-1.html
p,Public Service Pensioners’ Trust Fund Act. No.40 of 1999,https://lankalaw.net/wp-content/uploads/2025/02/1999Y0V0C40A.html
p,Public Service Provident Fund Ordinance,https://lankalaw.net/wp-content/uploads/2025/02/1981Y20V621C-1.html
p,Public Trustee Ordinance,https://lankalaw.net/wp-content/uploads/2025/02/2001Y3V88C.html
p,"Public Utilities Commission of Sri Lanka Act, No. 35 of 2002",https://lankalaw.net/wp-content/uploads/2025/02/2002Y0V0C35A.html
p,Public Works Loan (1921) Ordinance,https://lankalaw.net/wp-content/uploads/2025/02/1956Y12V411C-1.html
p,Public Works Loan (1929) Ordinance,https://lankalaw.net/wp-content/uploads/2025/02/1956Y12V412C-1.html
p,Public Works Loan (1937) Ordinance,https://lankalaw.net/wp-content/uploads/2025/02/1956Y12V413C-1.html
p,Publications on Horse-racing Act,https://lankalaw.net/wp-content/uploads/2025/02/1981Y3V56C-1.html
q,Quarantine and Prevention of Diseases Ordinance,https://lankalaw.net/wp-content/uploads/2025/02/1981Y17V553C-1.html
q,"Quazis (Validation of Appointments) Act, No. 11 of 1965",https://lankalaw.net/wp-content/uploads/2025/02/1965Y0V0C11A.html
r,Rabies Ordinance,https://lankalaw.net/wp-content/uploads/2025/02/1981Y17V575C-1.html
r,RADIOACTIVE MINERALS – Repealed and Replaced by Mines And Minerals Act 33 of 1992,https://lankalaw.net/wp-content/uploads/2025/02/1981Y13V342C-1.html
r,Railway Uniform Staff Benevolent Fund Ordinance,https://lankalaw.net/wp-content/uploads/2025/02/1981Y15V476C-1.html
r,Railways Ordinance,https://lankalaw.net/wp-content/uploads/2025/02/1981Y16V527C-1.html
r,"Rajapakse Memorial, Educational, Cultural and Social Services Foundation (Incorporation) Act, No. 23 of 1998",https://lankalaw.net/wp-content/uploads/2025/02/1998Y0V0C23A.html
r,Ramakrishna Mission (Ceylon Branch) Ordinance,https://lankalaw.net/wp-content/uploads/2025/02/1981Y15V456C-1.html
r,"Rana Viru Seva Authority Act, No. 54 of 1999",https://lankalaw.net/wp-content/uploads/2025/02/1999Y0V0C54A.html
r,"Rathgama Development Foundation (Incorporation) Act, No. 70 of 1992",https://lankalaw.net/wp-content/uploads/2025/02/1992Y0V0C70A.html
r,Rating and Valuation Ordinance,https://lankalaw.net/wp-content/uploads/2025/02/1981Y19V596C-1.html
r,"Ratnapura Buddhist Society (Incorporation) Act, No. 9 of 1983",https://lankalaw.net/wp-content/uploads/2025/02/1983Y0V0C9A.html
r,"Ratnapura District Welfare Fund (Board of Trustees) Act, No. 56 of 1981",https://lankalaw.net/wp-content/uploads/2025/02/1981Y0V0C56A.html
r,Ratnapura Sri Sumana Bauddha Sangamaya Law,https://lankalaw.net/wp-content/uploads/2025/02/1981Y15V419C-1.html
r,Reciprocal Enforcement of Judgments Ordinance,https://lankalaw.net/wp-content/uploads/2025/02/2001Y4V94C.html
r,"Reconstruction and Rehabilitation Fund Act, No. 58 of 1993",https://lankalaw.net/wp-content/uploads/2025/02/1993Y0V0C58A.html
r,"Rectification of a Muslim Marriage Register of the Paranakuru Korale (Kegalla District) Act, No. 4 of 1965",https://lankalaw.net/wp-content/uploads/2025/02/1965Y0V0C4A.html
r,Reggie Ranatunga Educational Scholarship Fund (Incorporation) Act. No. 28 of 2000,https://lankalaw.net/wp-content/uploads/2025/02/2000Y0V0C28A.html
r,"Regional Development Banks Act, No. 6 of 1997",https://lankalaw.net/wp-content/uploads/2025/02/1997Y0V0C6A.html
r,"Regional Infrastructure Development Levy Act, No. 51 of 2006",https://lankalaw.net/wp-content/uploads/2025/02/2006Y0V0C51A.html
r,"Regional Rural Development Banks Act, No. 15 of 1985",https://lankalaw.net/wp-content/uploads/2025/02/1985Y0V0C15A.html
r,Registered Stock and Securities Ordinance,https://lankalaw.net/wp-content/uploads/2025/02/1981Y12V320C-1.html
r,"Registers of Parliamentary Electors (Special Provisions) Act, No. 1 of 1960",https://lankalaw.net/wp-content/uploads/2025/02/1960Y0V0C1A.html
r,Registrars’ Proceedings Validation Ordinance,https://lankalaw.net/wp-content/uploads/2025/02/1981Y6V139C-1.html
r,Registration of Deaths (Emergency Provisions) Ordinance,https://lankalaw.net/wp-content/uploads/2025/02/1981Y6V130C-1.html
r,"Registration of Deaths (Temporary Provisions) Act, No. 17 of 2005",https://lankalaw.net/wp-content/uploads/2025/02/2005Y0V0C17A.html
r,"Registration of Deaths (Temporary Provisions) Act, No. 2 of 1995",https://lankalaw.net/wp-content/uploads/2025/02/1995Y0V0C2A.html
r,Registration of Domestic Servants Ordinance,https://lankalaw.net/wp-content/uploads/2025/02/2001Y5V137C.html
r,Registration of Electors Act,https://lankalaw.net/wp-content/uploads/2025/02/1981Y1V2C-1.html
r,Registration of Old Deeds and Instruments Ordinance,https://lankalaw.net/wp-content/uploads/2025/02/1981Y6V137C-1.html
r,Registration of Persons Act,https://lankalaw.net/wp-content/uploads/2025/02/1981Y10V250C-1.html
r,"Registration of Title Act, No. 21 of 1998",https://lankalaw.net/wp-content/uploads/2025/02/1998Y0V0C21A.html
r,Regulated Equipment for Agricultural Projects (Special Provisions) Act,https://lankalaw.net/wp-content/uploads/2025/02/1981Y11V269C-1.html
r,"Regulated Equipment for Agricultural Projects (Special Provisions) Act, No. 26 of 1971",https://lankalaw.net/wp-content/uploads/2025/02/1971Y0V0C26A.html
r,"Regulation of Fertilizer Act, No. 68 of 1988",https://lankalaw.net/wp-content/uploads/2025/02/1988Y0V0C68A.html
r,Regulation of Insurance Industry Act. No. 43 of 2000,https://lankalaw.net/wp-content/uploads/2025/02/2000Y0V0C43A.html
r,"Regulation of Private Security Agencies Act, No. 45 of 1998",https://lankalaw.net/wp-content/uploads/2025/02/1998Y0V0C45A.html
r,"Rehabilitation Levy Act, No. 53 of 1983",https://lankalaw.net/wp-content/uploads/2025/02/1983Y0V0C53A.html
r,"Rehabilitation of Persons, Properties and Industries Authority Act, No. 29 of 1987",https://lankalaw.net/wp-content/uploads/2025/02/1987Y0V0C29A.html
r,"Rehabilitation of Public Enterprises Act, No. 29 of 1996",https://lankalaw.net/wp-content/uploads/2025/02/1996Y0V0C29A.html
r,"Rehabilitation of the Visually Handicapped Trust Fund Act, No. 9 of 1992",https://lankalaw.net/wp-content/uploads/2025/02/1992Y0V0C9A.html
r,"Release from Custody of German Nationals’ Property Act, No. 16 of 1962",https://lankalaw.net/wp-content/uploads/2025/02/1962Y0V0C16A.html
r,"Remand Prisoners Act, No. 8 of 1991",https://lankalaw.net/wp-content/uploads/2025/02/1991Y0V0C8A.html
r,"Removal of Officers.(Procedure) Act, No. 5 of 2002",https://lankalaw.net/wp-content/uploads/2025/02/2002Y0V0C5A.html
r,Rent Act,https://lankalaw.net/wp-content/uploads/2025/02/1981Y19V597C-1.html
r,Rent Restriction Ac,https://lankalaw.net/wp-content/uploads/2025/02/1956Y10V274C-1.html
r,"Repealed by the Abolition of Fideicommissa and Entails Act, No. 20 of 1972",https://lankalaw.net/wp-content/uploads/2025/02/2001Y3V67C.html
r,"Repealed by the Fugitive Persons Act, No. 29 of 1969",https://lankalaw.net/wp-content/uploads/2025/02/2001Y2V48C.html
r,"Repealed by the Stay-in Strikes (Repeal) Act, No. 23 of 1958",https://lankalaw.net/wp-content/uploads/2025/02/2001Y2V41C.html
r,"Repealed by the Tea Control Act, No. 51 of 1957",https://lankalaw.net/wp-content/uploads/2025/02/2001Y2V35C.html
r,Requisitioning and Acquisition of Lorries Law,https://lankalaw.net/wp-content/uploads/2025/02/1981Y16V533C-1.html
r,Requisitioning of Land Act,https://lankalaw.net/wp-content/uploads/2025/02/1981Y11V298C-1.html
r,Requisitioning of Motor Vehicles and Agricultural Equipment Act,https://lankalaw.net/wp-content/uploads/2025/02/1981Y9V200C-1.html
r,"Resettlement Authority Act, No. 09 of 2007",https://lankalaw.net/wp-content/uploads/2025/02/2007Y0V0C9A.html
r,Resident Guest (Tax Exemption) Act,https://lankalaw.net/wp-content/uploads/2025/02/1981Y13V346C-1.html
r,Rest houses Act,https://lankalaw.net/wp-content/uploads/2025/02/1981Y19V610C-1.html
r,Resumption of State Land (Anuradhapura Preservation Board) Law,https://lankalaw.net/wp-content/uploads/2025/02/1981Y19V582C-1.html
r,"Rev. Rathgama Siri Sumanawansa Nahimi Memorial Foundation (Incorporation) Act, No. 68 of 1992",https://lankalaw.net/wp-content/uploads/2025/02/1992Y0V0C68A.html
r,Revenue Collection Ordinance,https://lankalaw.net/wp-content/uploads/2025/02/1981Y13V361C-1.html
r,Revenue Protection Act,https://lankalaw.net/wp-content/uploads/2025/02/1981Y13V360C-1.html
r,Revised Edition of the Legislative Enactments Act,https://lankalaw.net/wp-content/uploads/2025/02/1956Y1V1C-1.html
r,Revised Edition of the Legislative Enactments Act,https://lankalaw.net/wp-content/uploads/2025/02/2001Y1V1C.html
r,Rice Reserves Ordinance,https://lankalaw.net/wp-content/uploads/2025/02/1981Y9V213C-1.html
r,"Richmond College Old Boys Association (Incorporation) Act, No. 4 of 1998",https://lankalaw.net/wp-content/uploads/2025/02/1998Y0V0C4A.html
r,Rifai Thareeq Association of Sri Lanka (Incorporation) Law,https://lankalaw.net/wp-content/uploads/2025/02/1981Y15V466C-1.html
r,Riot Damages Ordinance,https://lankalaw.net/wp-content/uploads/2025/02/1981Y4V88C-1.html
r,River Valleys Development Board Act,https://lankalaw.net/wp-content/uploads/2025/02/1981Y19V586C-1.html
r,"Road Development Authority Act, No. 73 of 1981",https://lankalaw.net/wp-content/uploads/2025/02/1981Y0V0C73A.html
r,Roads (Transfer of Control) Act,https://lankalaw.net/wp-content/uploads/2025/02/2001Y7V194C.html
r,Roman Catholic Archbishop and Bishops of Ceylon Ordinance,https://lankalaw.net/wp-content/uploads/2025/02/1981Y15V441C-1.html
r,Rome Convention Act,https://lankalaw.net/wp-content/uploads/2025/02/1981Y10V231C-1.html
r,Royal Executive Powers and Seals Act,https://lankalaw.net/wp-content/uploads/2025/02/1956Y11V387C-1.html
r,ROYAL INSTRUCTIONS,https://lankalaw.net/wp-content/uploads/2025/02/1956Y11V389C-1.html
r,Royal Titles Act,https://lankalaw.net/wp-content/uploads/2025/02/1956Y11V386C-1.html
r,Rubber Control Act,https://lankalaw.net/wp-content/uploads/2025/02/1981Y11V255C-1.html
r,"Rubber Export Duties (Special Provisions) Act, No. 15 of 1981",https://lankalaw.net/wp-content/uploads/2025/02/1961Y0V0C15A.html
r,Rubber Replanting Subsidy Act,https://lankalaw.net/wp-content/uploads/2025/02/1981Y11V256C-1.html
r,Rubber Research Ordinance,https://lankalaw.net/wp-content/uploads/2025/02/1981Y11V258C-1.html
r,"Ruhunu Cultural Institution (Incorporation) Act, No. 18 of 1988",https://lankalaw.net/wp-content/uploads/2025/02/1988Y0V0C18A.html
r,"Ruhunu Kala Kawaya ” (Incorporation) Act, No. 5 of 1991",https://lankalaw.net/wp-content/uploads/2025/02/1991Y0V0C5A.html
r,RURAL COURTS,https://lankalaw.net/wp-content/uploads/2025/02/2001Y1V8C.html
r,"Ryoichi Sasakawa Cultural, Health Services and Educational Services Foundation (Incorporation) Act, No. 8 of 1992",https://lankalaw.net/wp-content/uploads/2025/02/1992Y0V0C8A.html
s,"S. D. Bandaranaike Foundation (Incorporation) Act, No. 3 of 2004",https://lankalaw.net/wp-content/uploads/2025/02/2004Y0V0C3A.html
s,S. W. R. D. Bandaranaike National Memorial Foundation Law,https://lankalaw.net/wp-content/uploads/2025/02/1981Y14V393C-1.html
s,"SAARC Regional Convention on Suppression of Terrorism Act, No. 70 of 1988",https://lankalaw.net/wp-content/uploads/2025/02/1988Y0V0C70A.html
s,"Sadaham Mithuru Samuluwa. (Incorporation) Act. No, 28 of 1992",https://lankalaw.net/wp-content/uploads/2025/02/1992Y0V0C28A.html
s,Sahanoda Foundation ( Incorporation) Act. No. 20 of 2000,https://lankalaw.net/wp-content/uploads/2025/02/2000Y0V0C20A.html
s,Saint Thomas’ College Board of Governors Ordinance,https://lankalaw.net/wp-content/uploads/2025/02/1981Y15V489C-1.html
s,Saiva Paripalana Sabhai Ordinance,https://lankalaw.net/wp-content/uploads/2025/02/1981Y15V457C-1.html
s,Sale of Goods Ordinance,https://lankalaw.net/wp-content/uploads/2025/02/2001Y3V84C.html
s,Sales Tax Act,https://lankalaw.net/wp-content/uploads/2025/02/1981Y13V351C-1.html
s,"Salihiya Thaikka (Incorporation) Act, No. 32 of 1998",https://lankalaw.net/wp-content/uploads/2025/02/1998Y0V0C32A.html
s,SALT – Repealed and Replaced by Mines And Minerals Act 33 of 1992,https://lankalaw.net/wp-content/uploads/2025/02/1981Y13V343C-1.html
s,Salvation Army Ordinance,https://lankalaw.net/wp-content/uploads/2025/02/1981Y15V436C-1.html
s,"Samastha Lanka International Development Association (Incorporation) Act, No. 5 of 2007",https://lankalaw.net/wp-content/uploads/2025/02/2007Y0V0C5A.html
s,Sambuddha Jayanthi Chaitya Trust Act,https://lankalaw.net/wp-content/uploads/2025/02/1981Y15V422C-1.html
s,"Samurdhi Authority of Sri Lanka Act, No.30 of 1995",https://lankalaw.net/wp-content/uploads/2025/02/1995Y0V0C30A.html
s,Sannases and Old Deeds Ordinance,https://lankalaw.net/wp-content/uploads/2025/02/1981Y6V136C-1.html
s,"Sareeram Sri Lanka National Foundation (Incorporation) Act, No.1 of 1999",https://lankalaw.net/wp-content/uploads/2025/02/1999Y0V0C1A.html
s,"Sarvodaya Trust Fund for the Advancement of Humanity, Development and Peace (Incorporation) Act, No. 31 of 1984",https://lankalaw.net/wp-content/uploads/2025/02/1984Y0V0C31A.html
s,"Saumyamoorthi Thondaman Memorial Foundation Act, No. 19 of 2005",https://lankalaw.net/wp-content/uploads/2025/02/2005Y0V0C19A.html
s,"Save the Nation Contribution Act, No. 5 of 1996",https://lankalaw.net/wp-content/uploads/2025/02/1996Y0V0C5A.html
s,Savings Certificates Ordinance,https://lankalaw.net/wp-content/uploads/2025/02/1956Y12V426C-1.html
s,School Development Boards Act No. 8 of 1993,https://lankalaw.net/wp-content/uploads/2025/02/1993Y0V0C8A.html
s,School Teachers Pension Act,https://lankalaw.net/wp-content/uploads/2025/02/1981Y20V620C-1.html
s,"Science and Technology Development Act, No.11 of 1994",https://lankalaw.net/wp-content/uploads/2025/02/1994Y0V0C11A.html
s,"Seamen’s Welfare Fund Act, No. 24 of 1984",https://lankalaw.net/wp-content/uploads/2025/02/1984Y0V0C24A.html
s,Second Amendment to the Constitution,https://lankalaw.net/wp-content/uploads/2025/02/1979Y0V0C0A2S.html
s,"Securities and Exchange Commission of Sri Lanka Act, No. 36 of 1987",https://lankalaw.net/wp-content/uploads/2025/02/1987Y0V0C36A.html
s,"Seed Act, No. 22 of 2003",https://lankalaw.net/wp-content/uploads/2025/02/2003Y0V0C22A.html
s,Senkadagala Eksath Bauddha Mandalaya (Incorporation) Act,https://lankalaw.net/wp-content/uploads/2025/02/1981Y15V417C-1.html
s,"Serendib Foundation (Incorporation) Act, No. 12 of 1991",https://lankalaw.net/wp-content/uploads/2025/02/1991Y0V0C12A.html
s,Serendip Sufi Study Circle,https://lankalaw.net/wp-content/uploads/2025/02/1974Y0V0C41A.html
s,"Servants of the Buddha ( Incorporation) Act, No. 48 of 1991",https://lankalaw.net/wp-content/uploads/2025/02/1991Y0V0C48A.html
s,Service Contracts Ordinance,https://lankalaw.net/wp-content/uploads/2025/02/1981Y7V171C-1.html
s,Service Contracts Ordinance,https://lankalaw.net/wp-content/uploads/2025/02/2001Y3V72C.html
s,Service Praveni Lands Succession Ordinance,https://lankalaw.net/wp-content/uploads/2025/02/1956Y12V466C-1.html
s,Service Tenures Ordinance,https://lankalaw.net/wp-content/uploads/2025/02/1956Y12V467C-1.html
s,Servicemen (Collection and Disposal of Specified Property) Act,https://lankalaw.net/wp-content/uploads/2025/02/1981Y20V628C-1.html
s,"Settlement of Debts Law, No, 27 of 1975",https://lankalaw.net/wp-content/uploads/2025/02/1975Y0V0C27A.html
s,"Seva Vanitha Movement Short of Sri Lanka (Incorporation) Act, No. 10 of 1987",https://lankalaw.net/wp-content/uploads/2025/02/1987Y0V0C10A.html
s,Sex Disqualification Removal (Legal Profession) Ordinance,https://lankalaw.net/wp-content/uploads/2025/02/1981Y4V78C-1.html
s,Shop and Office Employees (Regulation of Employment and Remuneration) Act,https://lankalaw.net/wp-content/uploads/2025/02/2001Y5V129C.html
s,Short Titles (Numeration) Ordinance,https://lankalaw.net/wp-content/uploads/2025/02/1981Y1V13C-1.html
s,"Shrarna Vasana Fund Act, No. 12 of 1998",https://lankalaw.net/wp-content/uploads/2025/02/1998Y0V0C12A.html
s,"Sigiriya Heritage Foundation Act, No. 62 of 1998",https://lankalaw.net/wp-content/uploads/2025/02/1998Y0V0C62A.html
s,Silk and Allied Products Development Law,https://lankalaw.net/wp-content/uploads/2025/02/1981Y8V193C-1.html
s,Silkworm Seed Law,https://lankalaw.net/wp-content/uploads/2025/02/1981Y8V192C-1.html
s,Sinhala Welenda Mandalaya Ordinance,https://lankalaw.net/wp-content/uploads/2025/02/1981Y15V507C-1.html
s,"Sir John Kotelawala Defence Academy Act, No. 68 of 1981",https://lankalaw.net/wp-content/uploads/2025/02/1981Y0V0C68A.html
s,"Sir Razik Fareed Foundation (Incorporation) Act, No. 44 of 1982",https://lankalaw.net/wp-content/uploads/2025/02/1982Y0V0C44A.html
s,"Siraj Arabic College, Oddamavadi (Incorporation)",https://lankalaw.net/wp-content/uploads/2025/03/2000Y0V0C37A.html
s,"SIRI ANURADHAPURA BASTIAN PILGRIMS REST – Repealed and Replaced by Sri Anuradhapura Bastian Pilgrims Rest Managemnt Society(Repeal) Act, No. 40 of 1986",https://lankalaw.net/wp-content/uploads/2025/02/1981Y15V418C-1.html
s,"Sivali Vidyalaya, Ratnapura, Board of Governors Ordinance",https://lankalaw.net/wp-content/uploads/2025/02/1956Y10V300C-1.html
s,SMALL TENEMENTS,https://lankalaw.net/wp-content/uploads/2025/02/2001Y4V102C.html
s,Societies Ordinance,https://lankalaw.net/wp-content/uploads/2025/02/1981Y7V141C-1.html
s,"Society of the Apostolic Church of Sri Lanka (Incorporation) Act, No. 6 of 1991",https://lankalaw.net/wp-content/uploads/2025/02/1991Y0V0C6A.html
s,Soil Conservation Act,https://lankalaw.net/wp-content/uploads/2025/02/1981Y11V279C-1.html
s,"Southern Development Authority of Sri Lanka Act, No. 18 of 1996",https://lankalaw.net/wp-content/uploads/2025/02/1996Y0V0C18A.html
s,Special Allowances of Workers Law,https://lankalaw.net/wp-content/uploads/2025/02/1981Y7V167C-1.html
s,Special Areas (Colombo) Development Ordinance,https://lankalaw.net/wp-content/uploads/2025/02/1956Y10V270C-1.html
s,Special Areas (Colombo) Development Ordinance,https://lankalaw.net/wp-content/uploads/2025/02/1981Y19V604C-1.html
s,"Special Educational Society (Incorporation) Act, No. 3 of 1999",https://lankalaw.net/wp-content/uploads/2025/02/1999Y0V0C3A.html
s,Special Fund (Voluntary Contributions for Charitable Purposes) Act,https://lankalaw.net/wp-content/uploads/2025/02/1981Y12V335C-1.html
s,Special Presidential Commissions of Inquiry Law,https://lankalaw.net/wp-content/uploads/2025/02/1981Y1V9C-1.html
s,"Special Presidential Commissions of Inquiry Law, No. 7 of 1978",https://lankalaw.net/wp-content/uploads/2025/02/1978Y0V0C7A.html
s,Special Stamps Act,https://lankalaw.net/wp-content/uploads/2025/02/1981Y13V359C-1.html
s,"Specified Certificates of Deposits (Tax and other Concessions) Act, No. 45 of 1990",https://lankalaw.net/wp-content/uploads/2025/02/1990Y0V0C45A.html
s,Sports Law,https://lankalaw.net/wp-content/uploads/2025/02/1981Y14V392C-1.html
s,Sree Narayana Guru Society of Sri Lanka Act,https://lankalaw.net/wp-content/uploads/2025/02/1981Y15V503C-1.html
s,"Sri Bodhiraja Foundation (Incorporation) Act, No. 30 of 1993",https://lankalaw.net/wp-content/uploads/2025/02/1993Y0V0C30A.html
s,"Sri Gangathilaka Maha Viharastha Sasanaraksaka Samithiya (Incorporation) Act, No. 3 of 2000",https://lankalaw.net/wp-content/uploads/2025/02/2000Y0V0C3A.html
s,"Sri Jayewardenepura General Hospital Board Act, No, 54 of 1983",https://lankalaw.net/wp-content/uploads/2025/02/1983Y0V0C54A.html
s,"Sri Jayewardenepura Pitakotte Eksath Avamangalliyadhara (Shavakruththiyadhara) Samithiya (Incorporation) Act, No. 23 of 1988",https://lankalaw.net/wp-content/uploads/2025/02/1988Y0V0C23A.html
s,"Sri Kalyani Eksath Bauddha Sangamaya (Incorporation) Act, No. 60 of 1992",https://lankalaw.net/wp-content/uploads/2025/02/1992Y0V0C60A.html
s,"Sri Lanka Accounting and Auditing Standards Act, No. 15 of 1995",https://lankalaw.net/wp-content/uploads/2025/02/1995Y0V0C15A.html
s,"Sri Lanka Accreditation Board for Conformity Assessment Act, No. 32 of 2005",https://lankalaw.net/wp-content/uploads/2025/02/2005Y0V0C32A.html
s,Sri Lanka Association for the Advancement of Science Act,https://lankalaw.net/wp-content/uploads/2025/02/1981Y15V496C-1.html
s,Sri Lanka Baptist Sangamaya Ordinance,https://lankalaw.net/wp-content/uploads/2025/02/1981Y15V443C-1.html
s,"Sri Lanka Broadcasting Corporation (Special Provisions) Act, No. 8 of 1996",https://lankalaw.net/wp-content/uploads/2025/02/1996Y0V0C8A.html
s,Sri Lanka Broadcasting Corporation Act,https://lankalaw.net/wp-content/uploads/2025/02/1981Y14V365C-1.html
s,"Sri Lanka Campus Crusade for Christ (Incorporation) Act, No, 25 of 1981",https://lankalaw.net/wp-content/uploads/2025/02/1981Y0V0C25A.html
s,"Sri Lanka Cancer Society (Incorporation) Act, No. 10 of 1997",https://lankalaw.net/wp-content/uploads/2025/02/1997Y0V0C10A.html
s,"Sri Lanka Chamber of Small Industry (Incorporation) Act, No. 43 of 1981",https://lankalaw.net/wp-content/uploads/2025/02/1981Y0V0C43A.html
s,Sri Lanka Coinage Ordinance,https://lankalaw.net/wp-content/uploads/2025/02/2001Y2V50C.html
s,"Sri Lanka Council for Agricultural Research Policy Act, No. 47 of 1987",https://lankalaw.net/wp-content/uploads/2025/02/1987Y0V0C47A.html
s,Sri Lanka Council of Archaeologists (Incorporation) Act. No. 4 of 1992,https://lankalaw.net/wp-content/uploads/2025/02/1992Y0V0C4A.html
s,"Sri Lanka Disaster Management Act, No. 13 of 2005",https://lankalaw.net/wp-content/uploads/2025/02/2005Y0V0C13A.html
s,Sri Lanka Energy Managers’ Association (Incorporation) Act. No. 1 of 1994,https://lankalaw.net/wp-content/uploads/2025/02/1994Y0V0C1A.html
s,Sri Lanka Ex-Servicemen’s Association Law,https://lankalaw.net/wp-content/uploads/2025/02/1981Y20V636C-1.html
s,Sri Lanka Ex-Servicemen’s Institute Law,https://lankalaw.net/wp-content/uploads/2025/02/1981Y15V515C-1.html
s,Sri Lanka Export Credit Insurance Corporation Act,https://lankalaw.net/wp-content/uploads/2025/02/1981Y12V333C-1.html
s,Sri Lanka Export Development Act,https://lankalaw.net/wp-content/uploads/2025/02/1981Y9V228C-1.html
s,"Sri Lanka Eye Foundation (Incorporation) Act, No. 26 of 1990",https://lankalaw.net/wp-content/uploads/2025/02/1990Y0V0C26A.html
s,"Sri Lanka Federation of the Visually Handicapped (Incorporation) Act, No. 4 of 2007",https://lankalaw.net/wp-content/uploads/2025/02/2007Y0V0C4A.html
s,"Sri Lanka Federation of University Women (Incorporation) Act, No. 12 of 1985",https://lankalaw.net/wp-content/uploads/2025/02/1985Y0V0C12A.html
s,Sri Lanka Foundation Law,https://lankalaw.net/wp-content/uploads/2025/02/1981Y14V389C-1.html
s,Sri Lanka Fruit Board Law,https://lankalaw.net/wp-content/uploads/2025/02/1981Y9V196C-1.html
s,"Sri Lanka Historical Association (Incorporation) Act, No. 26 of 1998",https://lankalaw.net/wp-content/uploads/2025/02/1998Y0V0C26A.html
s,"Sri Lanka Institute of Advanced Technological Education Act, No. 29 of 1995",https://lankalaw.net/wp-content/uploads/2025/02/1995Y0V0C29A.html
s,Sri Lanka Institute of Architects Law,https://lankalaw.net/wp-content/uploads/2025/02/1981Y6V128C-1.html
s,"Sri Lanka Institute Of Co-operative Management – (Repealed By Sri Lanka Institute of Co-operative Management (Repeal) Act, No. 6 of 2004)",https://lankalaw.net/wp-content/uploads/2025/02/1983Y0V0C37A.html
s,"Sri Lanka Institute of Credit Management (Incorporation) Act, No. 7 of 2000",https://lankalaw.net/wp-content/uploads/2025/02/2000Y0V0C7A.html
s,"Sri Lanka Institute of Development Administration Act, No. 9 of 1982",https://lankalaw.net/wp-content/uploads/2025/02/1982Y0V0C9A.html
s,"Sri Lanka Institute of Interior Designers (Incorporation) Act, No. 2 of 1998",https://lankalaw.net/wp-content/uploads/2025/02/1998Y0V0C2A.html
s,Sri Lanka Institute of Local Governance Act. No. 31 of 1999,https://lankalaw.net/wp-content/uploads/2025/02/1999Y0V0C31A.html
s,Sri Lanka Institute of Marketing (Incorporation) Act,https://lankalaw.net/wp-content/uploads/2025/02/1981Y9V201C-1.html
s,"Sri Lanka Institute of Printing Act, No. 18 of 1984",https://lankalaw.net/wp-content/uploads/2025/02/1984Y0V0C18A.html
s,"Sri Lanka Institute of Taxation (Incorporation) Act, No. 21 of 2000",https://lankalaw.net/wp-content/uploads/2025/02/2000Y0V0C21A.html
s,Sri Lanka Inventors Incentives Act,https://lankalaw.net/wp-content/uploads/2025/02/1981Y9V212C-1.html
s,Sri Lanka Islamic Centre Incorporation) Act. No. 2 of 1991,https://lankalaw.net/wp-content/uploads/2025/02/1991Y0V0C2A.html
s,"Sri Lanka Islamic Renaissance Movement Association (Incorporation) Act, No. 17 of 1992",https://lankalaw.net/wp-content/uploads/2025/02/1992Y0V0C17A.html
s,"Sri Lanka Judges’ Institute Act, No. 46 of 1985",https://lankalaw.net/wp-content/uploads/2025/02/1985Y0V0C46A.html
s,Sri Lanka Land Development Corporation Act,https://lankalaw.net/wp-content/uploads/2025/02/1968Y0V0C15A.html
s,Sri Lanka Land Reclamation and Development Corporation Act,https://lankalaw.net/wp-content/uploads/2025/02/1981Y19V606C-1.html
s,Sri Lanka Library Association (Incorporation) Law,https://lankalaw.net/wp-content/uploads/2025/02/1981Y15V494C-1.html
s,Sri Lanka Malay Association Rupee Fund (Incorporation) Law,https://lankalaw.net/wp-content/uploads/2025/02/1981Y15V504C-1.html
s,"Sri Lanka Malay Association Rupee Fund (Incorporation) Law, No. 37 of 1978",https://lankalaw.net/wp-content/uploads/2025/02/1978Y0V0C37A.html
s,"Sri Lanka Nurses Council Act, No. 19 of 1988",https://lankalaw.net/wp-content/uploads/2025/02/1988Y0V0C19A.html
s,"Sri Lanka Ports Authority (Special Provisions) Act, No. 36 of 1990",https://lankalaw.net/wp-content/uploads/2025/02/1990Y0V0C36A.html
s,Sri Lanka Press Council Law,https://lankalaw.net/wp-content/uploads/2025/02/1981Y14V378C-1.html
s,"Sri Lanka Railways Authority Act, No, 60 of 1993",https://lankalaw.net/wp-content/uploads/2025/02/1993Y0V0C60A.html
s,"Sri Lanka Rupavahini Corporation Act, No. 6 of 1982",https://lankalaw.net/wp-content/uploads/2025/02/1982Y0V0C6A.html
s,Sri Lanka Sahitya Mandalaya Act,https://lankalaw.net/wp-content/uploads/2025/02/1981Y15V471C-1.html
s,"Sri Lanka Samodaya Foundation (Incorporation) Act, No. 36 of 1985",https://lankalaw.net/wp-content/uploads/2025/02/1985Y0V0C36A.html
s,"Sri Lanka Social Security Board Act, No. 17 of 1996",https://lankalaw.net/wp-content/uploads/2025/02/1996Y0V0C17A.html
s,"Sri Lanka Society for Numismatic Studies Act, No. 39 of 1998",https://lankalaw.net/wp-content/uploads/2025/02/1998Y0V0C39A.html
s,"Sri Lanka Standards short title. Institution Act, No. 6 of 1984",https://lankalaw.net/wp-content/uploads/2025/02/1984Y0V0C6A.html
s,Sri Lanka State Plantations Corporation Act,https://lankalaw.net/wp-content/uploads/2025/02/1981Y11V264C-1.html
s,Sri Lanka State Trading Corporations Act,https://lankalaw.net/wp-content/uploads/2025/02/1981Y8V183C-1.html
s,"Sri Lanka Sumithrayo (Incorporation) Act, No. 10 of 1986",https://lankalaw.net/wp-content/uploads/2025/02/1986Y0V0C10A.html
s,"Sri Lanka Transport Board Act, No. 27 of 2005",https://lankalaw.net/wp-content/uploads/2025/02/2005Y0V0C27A.html
s,"Sri Lanka United Malay Organisation (Incorporation) Act, No. 17 of 1986",https://lankalaw.net/wp-content/uploads/2025/02/1986Y0V0C17A.html
s,"Sri Lanka Working Journalists’ Association (Incorporation) Act, No. 46 of 1987",https://lankalaw.net/wp-content/uploads/2025/02/1987Y0V0C46A.html
s,"Sri Narada Bauddha Madhyasthana Vihara Sanwardana Sabhawa (Incorporation) Act, No. 1 of 2003",https://lankalaw.net/wp-content/uploads/2025/02/2003Y0V0C1A.html
s,Sri Punniyawardhana Samithiya of Matale Act,https://lankalaw.net/wp-content/uploads/2025/02/1981Y15V416C-1.html
s,"Sri Punyodaya Samitiya (Incorporation) Act, No. 33 of 1986",https://lankalaw.net/wp-content/uploads/2025/02/1986Y0V0C33A.html
s,"Sri Sarananda Development Foundation (Incorporation) Act, No. 06 of 2007",https://lankalaw.net/wp-content/uploads/2025/02/2007Y0V0C6A.html
s,"Sri Sarananda Foundation (Incorporation) Act, No. 49 of 1998",https://lankalaw.net/wp-content/uploads/2025/02/1998Y0V0C49A.html
s,"Sri Subodharama Sasana Seva Samithiya (Incorporation) Act, No. 61 of 1992",https://lankalaw.net/wp-content/uploads/2025/02/1992Y0V0C61A.html
s,"Sri Sugatha Community Development Foundation (Incorporation) Act, No. 27 of 1992",https://lankalaw.net/wp-content/uploads/2025/02/1992Y0V0C27A.html
s,Sri Sumangala Schools Board of Management Ordinance,https://lankalaw.net/wp-content/uploads/2025/02/1956Y10V306C-1.html
s,Sri Sunethra Mahadevi Piriven Rajamaha Vihara Sasana Development Society (Incorporation) Act. No. 22 of 2000,https://lankalaw.net/wp-content/uploads/2025/02/2000Y0V0C22A.html
s,"Sri Tax Law (Sections 1 to 6 of the Finance Law, No. 47 of 1973",https://lankalaw.net/wp-content/uploads/2025/02/1981Y16V530C-1.html
s,"Stamp Duty Act, No. 43 of 1982",https://lankalaw.net/wp-content/uploads/2025/02/1982Y0V0C43A.html
s,Stamp Ordinance,https://lankalaw.net/wp-content/uploads/2025/02/1981Y13V358C-1.html
s,State (Liability In Delict) Ac,https://lankalaw.net/wp-content/uploads/2025/02/1981Y5V108C-1.html
s,State Agricultural Corporations Act,https://lankalaw.net/wp-content/uploads/2025/02/1981Y11V268C-1.html
s,State Debtors Ordinance,https://lankalaw.net/wp-content/uploads/2025/02/1981Y5V102C-1.html
s,"State Film Corporation Act, No. 47 of 1971",https://lankalaw.net/wp-content/uploads/2025/02/1971Y0V0C47A.html
s,"STATE GEM CORPORATION – Repealed and Replaced by the National Gem And Jewellery Authority Act, No 50 of 1993",https://lankalaw.net/wp-content/uploads/2025/02/1981Y13V341C-1.html
s,State Industrial Corporations Act,https://lankalaw.net/wp-content/uploads/2025/02/1981Y9V208C-1.html
s,State Land (Claims) Ordinance,https://lankalaw.net/wp-content/uploads/2025/02/1981Y11V294C-1.html
s,State Landmarks Ordinance,https://lankalaw.net/wp-content/uploads/2025/02/1981Y11V291C-1.html
s,State Lands (Recovery of Possession) Act,https://lankalaw.net/wp-content/uploads/2025/02/1981Y11V289C-1.html
s,State Lands Encroachments Ordinance,https://lankalaw.net/wp-content/uploads/2025/02/1981Y11V288C-1.html
s,State Lands Ordinance,https://lankalaw.net/wp-content/uploads/2025/02/1981Y11V286C-1.html
s,State Mortgage and Investment Bank Law,https://lankalaw.net/wp-content/uploads/2025/02/1981Y12V306C-1.html
s,State Printing Corporation Act,https://lankalaw.net/wp-content/uploads/2025/02/1981Y14V374C-1.html
s,Statistics Ordinance,https://lankalaw.net/wp-content/uploads/2025/02/1981Y14V372C-1.html
s,Statutory. Reprints Ordinance,https://lankalaw.net/wp-content/uploads/2025/02/1981Y1V14C-1.html
s,Stock Act,https://lankalaw.net/wp-content/uploads/2025/02/1956Y12V419C-1.html
s,Street Collections Regulation Ordinance,https://lankalaw.net/wp-content/uploads/2025/02/1981Y19V611C-1.html
s,Students (Higher Education) Loan Fund Act,https://lankalaw.net/wp-content/uploads/2025/02/1981Y14V384C-1.html
s,Suburban Dairies and Laundries Ordinance,https://lankalaw.net/wp-content/uploads/2025/02/1981Y17V565C-1.html
s,Sufi Study Circle Law,https://lankalaw.net/wp-content/uploads/2025/02/1981Y15V495C-1.html
s,"Sugarcane Research Institute Act, No. 75 of 1981",https://lankalaw.net/wp-content/uploads/2025/02/1981Y0V0C75A.html
s,"Sugathadasa National Sports Complex Authority Act, No. 17 of 1999",https://lankalaw.net/wp-content/uploads/2025/02/1999Y0V0C17A.html
s,"Sukhitha Subasadhaka Sangamaya (Incorporation) Act, No. 28 of 1984",https://lankalaw.net/wp-content/uploads/2025/02/1984Y0V0C28A.html
s,"Superior Courts Complex Board of Management Act, No. 50 of 1987",https://lankalaw.net/wp-content/uploads/2025/02/1987Y0V0C50A.html
s,"Superior Major of the Silvestro-Benedictine Congregation in Sri Lanka (Incorporation) Act, No. 41 of 1981",https://lankalaw.net/wp-content/uploads/2025/02/1981Y0V0C41A.html
s,Supplementary Allowance of Workers Act,https://lankalaw.net/wp-content/uploads/2025/02/1981Y7V168C-1.html
s,"Suppression of Terrorist Bombings Act, No. 11 of 1999",https://lankalaw.net/wp-content/uploads/2025/02/1999Y0V0C11A.html
s,"Suppression of Unlawful Acts against the Safety of Maritime Navigation Act, No. 42 of 2000",https://lankalaw.net/wp-content/uploads/2025/02/2000Y0V0C42A.html
s,"Suppression of Unlawful Acts of Violence at Airports Serving International Civil Aviation Act, No. 31 of 1996",https://lankalaw.net/wp-content/uploads/2025/02/1996Y0V0C31A.html
s,SUPREME COURT (VACATION’S),https://lankalaw.net/wp-content/uploads/2025/02/2001Y1V13C.html
s,"Supreme Court Appeals (Special Provisions) Act, No. 4 of 1960",https://lankalaw.net/wp-content/uploads/2025/02/1960Y0V0C4A.html
s,"Surcharge on Income Tax Act, No, 7 of 1989",https://lankalaw.net/wp-content/uploads/2025/02/1989Y0V0C7A.html
s,"Surcharge on Wealth Tax Act, No. 25 of 1982",https://lankalaw.net/wp-content/uploads/2025/02/1982Y0V0C25A.html
s,Survey Act. No 17 of 2002,https://lankalaw.net/wp-content/uploads/2025/02/2002Y0V0C17A.html
s,Surveyors Ordinance (Repelaed),https://lankalaw.net/wp-content/uploads/2025/02/1981Y6V123C-1.html
s,"Surveyors’ Institute of Sri Lanka (Incorporation) Act, No. 22 of 1982",https://lankalaw.net/wp-content/uploads/2025/02/1982Y0V0C22A.html
s,"Suwa Sahana Sewa Foundation (Incorporation)Act, No. 54 of 1992",https://lankalaw.net/wp-content/uploads/2025/02/1992Y0V0C54A.html
s,"Suwasetha Social Service Association (Incorporation) Act, No. 58 of 2000",https://lankalaw.net/wp-content/uploads/2025/02/2000Y0V0C58A.html
t,"T. B. Ilangaratne Sahurda Sansadaya (Incorporation) Act, No. 36 of 1998",https://lankalaw.net/wp-content/uploads/2025/02/1998Y0V0C36A.html
t,T. B. Tennakoon Foundation (Incorporation),https://lankalaw.net/wp-content/uploads/2025/03/2006Y0V0C26A.html
t,Tabernacle Colombo Gospel (Incorporation) Law,https://lankalaw.net/wp-content/uploads/2025/02/1981Y15V444C-1.html
t,Talapitiya Ahadiyya Association” (Incorporation) Act No. 49 of 1988,https://lankalaw.net/wp-content/uploads/2025/02/1988Y0V0C49A.html
t,"Tamil Language (Special Provisions) Act, No. 28 of 1958",https://lankalaw.net/wp-content/uploads/2025/02/1958Y0V0C28A.html
t,"Tax Amnesty (Housing and Commercial Buildings) Act, No 30 of 1992",https://lankalaw.net/wp-content/uploads/2025/02/1992Y0V0C30A.html
t,"Tax Amnesty Act, No. 5 of 1989",https://lankalaw.net/wp-content/uploads/2025/02/1989Y0V0C5A.html
t,"Tax and Foreign Exchange Amnesty Act, No. 47 of 1998",https://lankalaw.net/wp-content/uploads/2025/02/1998Y0V0C47A.html
t,Tax Reserve Certificates Act,https://lankalaw.net/wp-content/uploads/2025/02/1981Y12V310C-1.html
t,"Tax Reserve Certificates Act, No. 22 of 1957",https://lankalaw.net/wp-content/uploads/2025/02/1957Y0V0C22A.html
t,Teachers’ Pensions (War Service) Ordinance,https://lankalaw.net/wp-content/uploads/2025/02/1956Y12V433C-1.html
t,Tea (Tax and Control of Export) Act,https://lankalaw.net/wp-content/uploads/2025/02/1981Y11V254C-1.html
t,Tea Control Act,https://lankalaw.net/wp-content/uploads/2025/02/1981Y11V251C-1.html
t,TEA PROPAGANDA,https://lankalaw.net/wp-content/uploads/2025/02/2001Y6V169C.html
t,"Tea Research Board Act, No- 52 of 1993",https://lankalaw.net/wp-content/uploads/2025/02/1993Y0V0C52A.html
t,Tea Research Ordinance,https://lankalaw.net/wp-content/uploads/2025/02/1956Y12V438C-1.html
t,"Tea Shakthi Fund Act, No. 47 of 2000",https://lankalaw.net/wp-content/uploads/2025/02/2000Y0V0C47A.html
t,Tea Small Holdings Development Law,https://lankalaw.net/wp-content/uploads/2025/02/1981Y11V252C-1.html
t,"Tea Subsidy Act, No. 12 of 1958",https://lankalaw.net/wp-content/uploads/2025/02/1958Y0V0C12A.html
t,"Tea, Rubber and Coconut Estates (Control of Fragmentation) Act",https://lankalaw.net/wp-content/uploads/2025/02/1981Y11V257C-1.html
t,"TELECOMMUNICATIONS – Repealed and Replaced by the Sri Lanka Telecommunications Act, No. 25 of 1991",https://lankalaw.net/wp-content/uploads/2025/02/1981Y16V521C-1.html
t,Telegram Copyright Ordinance,https://lankalaw.net/wp-content/uploads/2025/02/2001Y6V155C.html
t,Temple Lands (Compensation) Ordinance,https://lankalaw.net/wp-content/uploads/2025/02/1981Y11V296C-1.html
t,Temple Lands (Compensation) Ordinance,https://lankalaw.net/wp-content/uploads/2025/02/1956Y12V461C-1.html
t,Temple Lands Registration Ordinance,https://lankalaw.net/wp-content/uploads/2025/02/1956Y12V468C-1.html
t,Temporary Levy on Salaries of Public Servants (Enabling) Ordinance,https://lankalaw.net/wp-content/uploads/2025/02/1956Y11V354C-1.html
t,Temporary Levy on Salaries of Public Servants (Enabling) Ordinance,https://lankalaw.net/wp-content/uploads/2025/02/1981Y20V614C-1.html
t,Temporary Residence Tax Act,https://lankalaw.net/wp-content/uploads/2025/02/1981Y10V246C-1.html
t,"Tertiary and Vocational Education Act, No, 20 of 1990",https://lankalaw.net/wp-content/uploads/2025/02/1990Y0V0C20A.html
t,Tesawalamai Regulation,https://lankalaw.net/wp-content/uploads/2025/02/2001Y3V63C.html
t,"Textile Quota Board Act, No. 33 of 1996",https://lankalaw.net/wp-content/uploads/2025/02/1996Y0V0C33A.html
t,"Textile Training and Services Centre Act, No. 4 of 1984",https://lankalaw.net/wp-content/uploads/2025/02/1984Y0V0C4A.html
t,"Thanthai Chelva Memorial Trust (Incorporation) Act, No. 47 of 1982",https://lankalaw.net/wp-content/uploads/2025/02/1982Y0V0C47A.html
t,The Board of Investment of Sri Lanka Law,https://lankalaw.net/wp-content/uploads/2025/02/1981Y9V227C-1.html
t,"The Board of Management of the Muslim Ladies Arabic College Managing Society Kal-Eliya (Incorporation) Act, No. 46 of 1991",https://lankalaw.net/wp-content/uploads/2025/02/1991Y0V0C46A.html
t,The Ceylon Association for the Mentally Retarded (Incorporation) Act,https://lankalaw.net/wp-content/uploads/2025/02/1981Y15V512C-1.html
t,The Church Of The Gospel Ministries In Sri Lanka (Incorporation),https://lankalaw.net/wp-content/uploads/2025/03/1994Y0V0C17A.html
t,THE CONSTITUTION OF THE DEMOCRATIC SOCIALIST REPUBLIC OF SRI LANKA,https://lankalaw.net/wp-content/uploads/2025/02/1981Y1V1C-1.html
t,"The Council of the College of Community Physicians of Sri Lanka (Incorporation) Act, No. 18 of 1999",https://lankalaw.net/wp-content/uploads/2025/02/1999Y0V0C18A.html
t,The Council of the College of Ophthalmologists of Sri Lanka (Incorporation) Act. No. 12 of 2000,https://lankalaw.net/wp-content/uploads/2025/02/2000Y0V0C12A.html
t,The Diabetic Association of Sri Lanka (Incorporation),https://lankalaw.net/wp-content/uploads/2025/03/1992Y0V0C1A.html
t,The Law Society Ordinance,https://lankalaw.net/wp-content/uploads/2025/02/1956Y10V277C-1.html
t,"The Royal Asiatic Society of Sri Lanka (Incorporation) Act, No. 6 of 1992",https://lankalaw.net/wp-content/uploads/2025/02/1992Y0V0C6A.html
t,The Servants Of The Buddha (Incorporation),https://lankalaw.net/wp-content/uploads/2025/03/1991Y0V0C48A.html
t,The Sri Lanka Historical Association (Incorporation),https://lankalaw.net/wp-content/uploads/2025/03/1998Y0V0C26A.html
t,The World Buddhist Peace Foundation (Incorporation),https://lankalaw.net/wp-content/uploads/2025/03/1991Y0V0C51A.html
t,Thesawalamai Pre-emption Ordinance,https://lankalaw.net/wp-content/uploads/2025/02/2001Y3V64C.html
t,Thoroughfares Ordinance,https://lankalaw.net/wp-content/uploads/2025/02/2001Y7V193C.html
t,"Thurusaviya Fund Act, No. 23 of 2000",https://lankalaw.net/wp-content/uploads/2025/02/2000Y0V0C23A.html
t,Tobacco Tax Act,https://lankalaw.net/wp-content/uploads/2025/02/1956Y8V245C-1.html
t,Tobacco Tax Act. No. 8 of 1999,https://lankalaw.net/wp-content/uploads/2025/02/1999Y0V0C8A.html
t,Tolls Ordinance,https://lankalaw.net/wp-content/uploads/2025/02/1981Y16V525C-1.html
t,"Tourism Act, No. 38 of 2005",https://lankalaw.net/wp-content/uploads/2025/02/2005Y0V0C38A.html
t,Tourist Development Act,https://lankalaw.net/wp-content/uploads/2025/02/1981Y9V225C-1.html
t,Tower Hall Theatre Foundation Act,https://lankalaw.net/wp-content/uploads/2025/02/1981Y14V367C-1.html
t,Town and Country Planning Ordinance,https://lankalaw.net/wp-content/uploads/2025/02/1981Y19V605C-1.html
t,Town Councils Ordinance,https://lankalaw.net/wp-content/uploads/2025/02/1981Y18V578C-1.html
t,TRADE MARKS,https://lankalaw.net/wp-content/uploads/2025/02/2001Y6V150C.html
t,Trade Union Representatives (Entry into Estates) Act,https://lankalaw.net/wp-content/uploads/2025/02/1981Y7V175C-1.html
t,Trade Unions Ordinance,https://lankalaw.net/wp-content/uploads/2025/02/2001Y5V138C.html
t,Tramways Ordinance,https://lankalaw.net/wp-content/uploads/2025/02/2001Y7V201C.html
t,"Transfer of Offenders Act, No. 5 of 1995",https://lankalaw.net/wp-content/uploads/2025/02/1995Y0V0C5A.html
t,Transfer of Powers (Anuradhapura Preservation Board) Law,https://lankalaw.net/wp-content/uploads/2025/02/1981Y19V581C-1.html
t,"Transfer of Powers (Divisional Secretaries’) Act, No- 58 of 1992",https://lankalaw.net/wp-content/uploads/2025/02/1992Y0V0C58A.html
t,Transfer of Property Tax Act,https://lankalaw.net/wp-content/uploads/2025/02/1981Y13V354C-1.html
t,"Transplantation of Human Tissues Act, No. 48 of 1987",https://lankalaw.net/wp-content/uploads/2025/02/1987Y0V0C48A.html
t,Transport Board Law,https://lankalaw.net/wp-content/uploads/2025/02/1981Y16V526C-1.html
t,Treasure Trove Ordinance,https://lankalaw.net/wp-content/uploads/2025/02/1981Y14V395C-1.html
t,"Treasury Certificates of Deposit Act, No. 9 of 1989",https://lankalaw.net/wp-content/uploads/2025/02/1989Y0V0C9A.html
t,Trust Receipts Ordinance,https://lankalaw.net/wp-content/uploads/2025/02/1981Y4V95C-1.html
t,Trustee Investment (in Ceylon Government Securities) Ordinance,https://lankalaw.net/wp-content/uploads/2025/02/1956Y12V428C-1.html
t,Trusts Ordinance,https://lankalaw.net/wp-content/uploads/2025/02/1981Y4V96C-1.html
t,"Tsunami (Special Provisions) Act, No. 16 of 2005",https://lankalaw.net/wp-content/uploads/2025/02/2005Y0V0C16A.html
t,Tundu Prohibition Ordinance,https://lankalaw.net/wp-content/uploads/2025/02/1981Y7V163C-1.html
t,"Turnover Tax Act, No. 69 of 1981",https://lankalaw.net/wp-content/uploads/2025/02/1981Y0V0C69A.html
u,"Udarata Development Authority of Sri Lanka Act, No. 26 of 2005",https://lankalaw.net/wp-content/uploads/2025/02/2005Y0V0C26A.html
u,UNESCO Scholarship Fund Act. No.44 of 1999,https://lankalaw.net/wp-content/uploads/2025/02/1999Y0V0C44A.html
u,"Unfair Contract Terms Act, No. 26 of 1997",https://lankalaw.net/wp-content/uploads/2025/02/1997Y0V0C26A.html
u,Uniform Ordinance,https://lankalaw.net/wp-content/uploads/2025/02/1981Y3V49C-1.html
u,"United Muslim Association Incorporation) Act, No. 10 of 1983",https://lankalaw.net/wp-content/uploads/2025/02/1983Y0V0C16A.html
u,United Nations Act,https://lankalaw.net/wp-content/uploads/2025/02/1981Y1V10C-1.html
u,Universities Act,https://lankalaw.net/wp-content/uploads/2025/02/1981Y14V383C-1.html
u,"Uthuru Kalutara Pauranika KandeVivekarama Viharastha Development Fund (Incorporation) Act, No. 15 of 2000",https://lankalaw.net/wp-content/uploads/2025/02/2000Y0V0C15A.html
u,"Uva Young Men’s Buddhist Association, Badulla, Act",https://lankalaw.net/wp-content/uploads/2025/02/1981Y15V402C-1.html
v,Vaccination Ordinance,https://lankalaw.net/wp-content/uploads/2025/02/1981Y17V561C-1.html
v,Vagrants Ordinance,https://lankalaw.net/wp-content/uploads/2025/02/1981Y3V44C-1.html
v,Vehicles Ordinance,https://lankalaw.net/wp-content/uploads/2025/02/1981Y16V534C-1.html
v,Venereal Disease Ordinance,https://lankalaw.net/wp-content/uploads/2025/02/1981Y17V556C-1.html
v,Veterinary Surgeons and Practitioners Act,https://lankalaw.net/wp-content/uploads/2025/02/1981Y6V118C-1.html
v,VEXATIOUS ACTIONS,https://lankalaw.net/wp-content/uploads/2025/02/2001Y4V95C.html
v,Victoria Home for Incurables Ordinance,https://lankalaw.net/wp-content/uploads/2025/02/1981Y15V510C-1.html
v,Vidyalankara Sabha Ordinance,https://lankalaw.net/wp-content/uploads/2025/02/1981Y15V491C-1.html
v,Vidyaniketa Sanrakshaka Sabha (Incorporation) Act,https://lankalaw.net/wp-content/uploads/2025/02/1981Y15V424C-1.html
v,"Vidyaranya Vinayakrama Sabhawa (Incorporation) Act, No. 16 of 1986",https://lankalaw.net/wp-content/uploads/2025/02/1986Y0V0C16A.html
v,"Vijaya Kumaratunga Memorial Foundation Act, No. 31 of 1998",https://lankalaw.net/wp-content/uploads/2025/02/1998Y0V0C31A.html
v,Village Communities Ordinance,https://lankalaw.net/wp-content/uploads/2025/02/1956Y9V257C-1.html
v,"Village Councils (Extension of Term of Office) Act, No. 11 of 1970",https://lankalaw.net/wp-content/uploads/2025/02/1970Y0V0C11A.html
v,Village Councils Ordinance,https://lankalaw.net/wp-content/uploads/2025/02/1981Y18V579C-1.html
v,"Village Headmen (Change of Designation) Act, No. 6 of 1964",https://lankalaw.net/wp-content/uploads/2025/02/1964Y0V0C6A.html
v,Visiting Forces Act,https://lankalaw.net/wp-content/uploads/2025/02/1981Y20V629C-1.html
v,"Vocational Training Authority of Sri Lanka Act, No. 12 of 1995",https://lankalaw.net/wp-content/uploads/2025/02/1995Y0V0C12A.html
v,Voluntary Social Service Organizations (Registration and Supervision) Act,https://lankalaw.net/wp-content/uploads/2025/02/1981Y14V370C-1.html
w,Wages Boards Ordinance,https://lankalaw.net/wp-content/uploads/2025/02/2001Y5V136C.html
w,"Walagedara Sri Nivasa Pusthakala Piriven Viharastha Sanwardena Samithiya (Incorporation) Act, No. 2 of 1994",https://lankalaw.net/wp-content/uploads/2025/02/1994Y0V0C2A.html
w,"Walawe Lands Act, No. 11 of 1958",https://lankalaw.net/wp-content/uploads/2025/02/1958Y0V0C11A.html
w,"Waskaduwa Rajaguru Sri Subuthi Foundation (Incorporation) Act, No. 45 of 1993",https://lankalaw.net/wp-content/uploads/2025/02/1993Y0V0C45A.html
w,Water Hyacinth Ordinance,https://lankalaw.net/wp-content/uploads/2025/02/1981Y11V277C-1.html
w,Water Resources Board Act,https://lankalaw.net/wp-content/uploads/2025/02/1981Y11V280C-1.html
w,"Weherahena Purvarama Raja Maha Vihara Sanwardhana Sabhawa (Incorporation) Act, No. of 1986",https://lankalaw.net/wp-content/uploads/2025/02/1986Y0V0C34A.html
w,Weights and Measures Ordinance,https://lankalaw.net/wp-content/uploads/2025/02/2001Y6V158C.html
w,"Welfare Benefits Act, No. 24 of 2002",https://lankalaw.net/wp-content/uploads/2025/02/2002Y0V0C24A.html
w,"Welfare Society of the School for the Mentally Subnormal Child (Incorporation) Act, No. 75 of 1988",https://lankalaw.net/wp-content/uploads/2025/02/1988Y0V0C75A.html
w,Wells and Pits Ordinance,https://lankalaw.net/wp-content/uploads/2025/02/1981Y17V564C-1.html
w,WHALING,https://lankalaw.net/wp-content/uploads/2025/02/1981Y10V244C-1.html
w,"Widowers and Orphans Pension Act, No. 24 of 1983",https://lankalaw.net/wp-content/uploads/2025/02/1983Y0V0C24A.html
w,"Widowers’ and Orphans’ Pension Scheme (Armed Forces) Act, No. 60 of 1998",https://lankalaw.net/wp-content/uploads/2025/02/1998Y0V0C60A.html
w,Widows’ and Orphans’ Pension Fund Ordinance,https://lankalaw.net/wp-content/uploads/2025/02/1981Y20V618C-1.html
w,Widows’ and Orphans’ Pension Scheme (Armed Forces) Act,https://lankalaw.net/wp-content/uploads/2025/02/1981Y20V619C-1.html
w,Wildlife Protection Society of Ceylon Act,https://lankalaw.net/wp-content/uploads/2025/02/1981Y17V569C-1.html
w,"Women’s Aglow Fellowship of Sri Lanka (Incorporation) Act, No. 48 of 1982",https://lankalaw.net/wp-content/uploads/2025/02/1982Y0V0C48A.html
w,Workmen’s Compensation Ordinance,https://lankalaw.net/wp-content/uploads/2025/02/2001Y5V139C.html
w,World Buddhist Peace Foundation (Incorporation) Act. No. 51 of 1991,https://lankalaw.net/wp-content/uploads/2025/02/1991Y0V0C51A.html
y,"Yoshida Educational and Social Services Foundation, Sri Lanka (Incorporation) Act, No. 54 of 1993",https://lankalaw.net/wp-content/uploads/2025/02/1993Y0V0C54A.html
y,"Young Men’s Buddhist Association, Colombo, Ordinance",https://lankalaw.net/wp-content/uploads/2025/02/1981Y15V399C-1.html
y,"Young Men’s Buddhist Association, Dehiwala-Mount Lavinia Act",https://lankalaw.net/wp-content/uploads/2025/02/1981Y15V408C-1.html
y,"Young Men’s Buddhist Association, Galle, Act.",https://lankalaw.net/wp-content/uploads/2025/02/1981Y15V401C-1.html
y,"Young Men’s Buddhist Association, Kadawatha (Incorporation) Act, No. 57 of 1992",https://lankalaw.net/wp-content/uploads/2025/02/1992Y0V0C57A.html
y,"Young Men’s Buddhist Association, Maggona",https://lankalaw.net/wp-content/uploads/2025/02/1981Y15V412C-1.html
y,"Young Men’s Buddhist Association, Maharagama (Incorporation) Act, No. 19 of 1998",https://lankalaw.net/wp-content/uploads/2025/02/1998Y0V0C19A.html
y,"Young Men’s Buddhist Association, Mahiyangana (Incorporation) Act",https://lankalaw.net/wp-content/uploads/2025/02/1981Y15V409C-1.html
y,"Young Men’s Buddhist Association, Matara, Act",https://lankalaw.net/wp-content/uploads/2025/02/1981Y15V411C-1.html
y,"Young Men’s Buddhist Association, Minuwangoda (Incorporation) Act, No. 28 of 1983",https://lankalaw.net/wp-content/uploads/2025/02/1983Y0V0C28A.html
y,"Young Men’s Buddhist Association, Pannipitiya (Incorporation) Act, No. 12 of 1992",https://lankalaw.net/wp-content/uploads/2025/02/1992Y0V0C12A.html
y,"Young Men’s Buddhist Association, Tangalle (Incorporation) Act, No. 21 of 1993",https://lankalaw.net/wp-content/uploads/2025/02/1993Y0V0C21A.html
y,"Young Men’s Buddhist Association, Udunuwara (Incorporation) Act, No- 50 of 1992",https://lankalaw.net/wp-content/uploads/2025/02/1992Y0V0C50A.html
y,"Young Men’s Buddhist Association, Wadduwa (Incorporation) Act",https://lankalaw.net/wp-content/uploads/2025/02/1981Y15V410C-1.html
y,Young Men’s Christian Association of Colombo Ordinance,https://lankalaw.net/wp-content/uploads/2025/02/1981Y15V446C-1.html
y,"Young Men’s Muslim Association, Maligawatta, Colombo, Law",https://lankalaw.net/wp-content/uploads/2025/02/1981Y15V462C-1.html
y,Young Women’s Christian Association of Colombo Ordinance,https://lankalaw.net/wp-content/uploads/2025/02/1981Y15V447C-1.html
y,"Youth Corps Act, No. 21 of 2002",https://lankalaw.net/wp-content/uploads/2025/02/2002Y0V0C21A.html
y,Youthful Offenders (Training Schools) Ordinance,https://lankalaw.net/wp-content/uploads/2025/02/1981Y3V35C-1.html
z,"Zahira College, Colombo, Board of Governors, (Incorporation) Act, No. 18 of 1982",https://lankalaw.net/wp-content/uploads/2025/02/1982Y0V0C18A.html
consolidated-statutes-upto-2006,Act Electricity,https://lankalaw.net/wp-content/uploads/2025/02/1981Y17V537C-1.html
consolidated-statutes-upto-2006,"Aganuwara Taruna Kavi Samajaya (Incorporation) Act, No. 35 of 1985",https://lankalaw.net/wp-content/uploads/2025/02/1985Y0V0C35A.html
consolidated-statutes-upto-2006,Agrarian Development Act. No. 46 of 2000,https://lankalaw.net/wp-content/uploads/2025/02/2000Y0V0C46A.html
consolidated-statutes-upto-2006,AGRARIAN SERVICES,https://lankalaw.net/wp-content/uploads/2025/02/1981Y11V261C-1.html
consolidated-statutes-upto-2006,Agricultural and Industrial Credit Corporation Ordinance,https://lankalaw.net/wp-content/uploads/2025/02/1956Y12V402C-1.html
consolidated-statutes-upto-2006,Agricultural Insurance Law,https://lankalaw.net/wp-content/uploads/2025/02/1981Y11V271C-1.html
consolidated-statutes-upto-2006,"Agricultural Lands Law, No. 42 of 1973",https://lankalaw.net/wp-content/uploads/2025/02/1973Y0V0C42A.html
consolidated-statutes-upto-2006,AIRPORTS AUTHORITY – (Repealed,https://lankalaw.net/wp-content/uploads/2025/02/1981Y10V229C-1.html
consolidated-statutes-upto-2006,"AIYENAYAKA DEVALA Development MUDIYANSE TENNAKOON Foundation (Incorporation) Act, No. 20 of 2003",https://lankalaw.net/wp-content/uploads/2025/02/2003Y0V0C20A.html
consolidated-statutes-upto-2006,Animals Act,https://lankalaw.net/wp-content/uploads/2025/02/1981Y17V570C-1.html
consolidated-statutes-upto-2006,"Anuradhapura Preservation Board Act, No. 32 of 1961",https://lankalaw.net/wp-content/uploads/2025/02/1961Y0V0C32A.html
consolidated-statutes-upto-2006,"Apartment Ownership (Special Provisions) Act, No. 4 of 1999",https://lankalaw.net/wp-content/uploads/2025/02/1999Y0V0C4A.html
consolidated-statutes-upto-2006,"Appropriation Act , No.15 of 1983",https://lankalaw.net/wp-content/uploads/2025/02/1983Y0V0C15A.html
consolidated-statutes-upto-2006,"Appropriation Act, No 58 of 1980",https://lankalaw.net/wp-content/uploads/2025/02/1980Y0V0C58A.html
consolidated-statutes-upto-2006,"Appropriation Act, No 6 of 2002",https://lankalaw.net/wp-content/uploads/2025/02/2002Y0V0C6A.html
consolidated-statutes-upto-2006,"Appropriation Act, No. 15 of 2004",https://lankalaw.net/wp-content/uploads/2025/02/2004Y0V0C15A.html
consolidated-statutes-upto-2006,"Appropriation Act, No. 18 of 1978",https://lankalaw.net/wp-content/uploads/2025/02/1978Y0V0C18A2.html
consolidated-statutes-upto-2006,"Appropriation Act, No. 18 of 1989",https://lankalaw.net/wp-content/uploads/2025/02/1989Y0V0C18A.html
consolidated-statutes-upto-2006,"Appropriation Act, No. 2 of 1989",https://lankalaw.net/wp-content/uploads/2025/02/1989Y0V0C2A.html
consolidated-statutes-upto-2006,"Appropriation Act, No. 22 of 1966",https://lankalaw.net/wp-content/uploads/2025/02/1966Y0V0C22A.html
consolidated-statutes-upto-2006,"Appropriation Act, No. 30 of 1969",https://lankalaw.net/wp-content/uploads/2025/02/1969Y0V0C30A.html
consolidated-statutes-upto-2006,"Appropriation act, No. 31 of 2002",https://lankalaw.net/wp-content/uploads/2025/02/2002Y0V0C31A.html
consolidated-statutes-upto-2006,"Appropriation Act, No. 34 of 1995",https://lankalaw.net/wp-content/uploads/2025/02/1995Y0V0C34A.html
consolidated-statutes-upto-2006,"Appropriation Act, No. 35 of 1996",https://lankalaw.net/wp-content/uploads/2025/02/1996Y0V0C35A.html
consolidated-statutes-upto-2006,"Appropriation Act, No. 36 of 1970",https://lankalaw.net/wp-content/uploads/2025/02/1970Y0V0C36A.html
consolidated-statutes-upto-2006,"Appropriation Act, No. 36 of 1997",https://lankalaw.net/wp-content/uploads/2025/02/1997Y0V0C36A.html
consolidated-statutes-upto-2006,"Appropriation Act, No. 38.of 1968",https://lankalaw.net/wp-content/uploads/2025/02/1968Y0V0C38A.html
consolidated-statutes-upto-2006,"Appropriation Act, No. 39 of 2005",https://lankalaw.net/wp-content/uploads/2025/02/2005Y0V0C39A.html
consolidated-statutes-upto-2006,"Appropriation Act, No. 44 of 2003",https://lankalaw.net/wp-content/uploads/2025/02/2003Y0V0C44A.html
consolidated-statutes-upto-2006,"Appropriation Act, No. 45 of 1986",https://lankalaw.net/wp-content/uploads/2025/02/1986Y0V0C45A.html
consolidated-statutes-upto-2006,"Appropriation Act, No. 46 of 1984",https://lankalaw.net/wp-content/uploads/2025/02/1984Y0V0C46A.html
consolidated-statutes-upto-2006,"Appropriation Act, No. 47 of 1985",https://lankalaw.net/wp-content/uploads/2025/02/1985Y0V0C47A.html
consolidated-statutes-upto-2006,"Appropriation Act, No. 47 of 2006",https://lankalaw.net/wp-content/uploads/2025/02/2006Y0V0C47A.html
consolidated-statutes-upto-2006,"Appropriation Act, No. 48 of 1990",https://lankalaw.net/wp-content/uploads/2025/02/1990Y0V0C48A.html
consolidated-statutes-upto-2006,"Appropriation Act, No. 52 of 1983",https://lankalaw.net/wp-content/uploads/2025/02/1983Y0V0C52A.html
consolidated-statutes-upto-2006,"Appropriation Act, No. 53 of 1991",https://lankalaw.net/wp-content/uploads/2025/02/1991Y0V0C53A.html
consolidated-statutes-upto-2006,"Appropriation Act, No. 54 of 1971",https://lankalaw.net/wp-content/uploads/2025/02/1971Y0V0C54A.html
consolidated-statutes-upto-2006,"Appropriation Act, No. 6 of 1995",https://lankalaw.net/wp-content/uploads/2025/02/1995Y0V0C6A.html
consolidated-statutes-upto-2006,"Appropriation Act, No. 61 of 1993",https://lankalaw.net/wp-content/uploads/2025/02/1993Y0V0C61A.html
consolidated-statutes-upto-2006,"Appropriation Act, No. 61 of 1998",https://lankalaw.net/wp-content/uploads/2025/02/1998Y0V0C61A.html
consolidated-statutes-upto-2006,"Appropriation Act, No. 67 of 1992",https://lankalaw.net/wp-content/uploads/2025/02/1992Y0V0C67A.html
consolidated-statutes-upto-2006,"Appropriation Act, No. 71 of 1979",https://lankalaw.net/wp-content/uploads/2025/02/1979Y0V0C71A.html
consolidated-statutes-upto-2006,"Appropriation Act, No. 77 of 1981",https://lankalaw.net/wp-content/uploads/2025/02/1981Y0V0C77A.html
consolidated-statutes-upto-2006,Appropriation Act. No. 3 of 2001,https://lankalaw.net/wp-content/uploads/2025/02/2001Y0V0C3A.html
consolidated-statutes-upto-2006,Appropriation Act. No. 51 of 1987,https://lankalaw.net/wp-content/uploads/2025/02/1987Y0V0C51A.html
consolidated-statutes-upto-2006,Appropriation Act. No. 6 of 2000,https://lankalaw.net/wp-content/uploads/2025/02/2000Y0V0C6A.html
consolidated-statutes-upto-2006,"Appropriation law, No. 25 of 1977",https://lankalaw.net/wp-content/uploads/2025/02/1977Y0V0C25A.html
consolidated-statutes-upto-2006,"Appropriation Law, No. 37 of 1976",https://lankalaw.net/wp-content/uploads/2025/02/1976Y0V0C37A.html
consolidated-statutes-upto-2006,"Appropriation Law, No. 42 of 1974",https://lankalaw.net/wp-content/uploads/2025/02/1974Y0V0C42A.html
consolidated-statutes-upto-2006,"Appropriation Law, No. 50 of 1975",https://lankalaw.net/wp-content/uploads/2025/02/1975Y0V0C50A.html
consolidated-statutes-upto-2006,"Appropriation Law, No. 55 of 1973",https://lankalaw.net/wp-content/uploads/2025/02/1973Y0V0C55A.html
consolidated-statutes-upto-2006,ARBITRATION,https://lankalaw.net/wp-content/uploads/2025/02/2001Y4V98C.html
consolidated-statutes-upto-2006,"Archaeological sites of National Importance Act, No. 16 of 1990",https://lankalaw.net/wp-content/uploads/2025/02/1990Y0V0C16A.html
consolidated-statutes-upto-2006,"Arthur C. Clarke Centre For Modern Technologies (Repealed By Science and Technology Development Act, No.11 of 1994",https://lankalaw.net/wp-content/uploads/2025/02/1984Y0V0C30A.html
consolidated-statutes-upto-2006,Articles and Services. Short title and date of operation (Regulation and Maintenance) (Temporary Provisions) Act No.14 of 2003,https://lankalaw.net/wp-content/uploads/2025/02/2003Y0V0C14A.html
consolidated-statutes-upto-2006,"Association of Consulting Engineers, Sri Lanka (Incorporation) Act, No. 42 of 2003",https://lankalaw.net/wp-content/uploads/2025/02/2003Y0V0C42A.html
consolidated-statutes-upto-2006,Ayurvedic Medical Council Ordinance,https://lankalaw.net/wp-content/uploads/2025/02/1956Y10V279C-1.html
consolidated-statutes-upto-2006,"Bail Act, No 30 of 1997",https://lankalaw.net/wp-content/uploads/2025/02/1997Y0V0C30A.html
consolidated-statutes-upto-2006,"Banking Act, No. 30 of 1988",https://lankalaw.net/wp-content/uploads/2025/02/1988Y0V0C30A.html
consolidated-statutes-upto-2006,"Betting and Gaming Levy Act, No- 40 of 1983",https://lankalaw.net/wp-content/uploads/2025/02/1988Y0V0C40A.html
consolidated-statutes-upto-2006,"Bible Broadcast, Ceylon, Act",https://lankalaw.net/wp-content/uploads/2025/02/1981Y15V451C-1.html
consolidated-statutes-upto-2006,Bills of Exchange Ordinance,https://lankalaw.net/wp-content/uploads/2025/02/2001Y3V82C.html
consolidated-statutes-upto-2006,Births and Deaths Registration Act,https://lankalaw.net/wp-content/uploads/2025/02/2001Y5V110C.html
consolidated-statutes-upto-2006,"Births, Deaths and Marriages (Amendment) Law, No. 41 of 1975",https://lankalaw.net/wp-content/uploads/2025/02/1975Y0V0C41A.html
consolidated-statutes-upto-2006,"Board of Investment of Sri Lanka (Amendment) Act, No 9 of 2002",https://lankalaw.net/wp-content/uploads/2025/02/2002Y0V0C9A.html
consolidated-statutes-upto-2006,Board of Trustees of the Ceylon Muslim Scholarship Fund Ordinance,https://lankalaw.net/wp-content/uploads/2025/02/1981Y15V500C-1.html
consolidated-statutes-upto-2006,Board of Trustees of the Sri Maha Bathrakalee Devalaya (Incorporation) Act,https://lankalaw.net/wp-content/uploads/2025/02/1991Y0V0C1A.html
consolidated-statutes-upto-2006,Bribery Act,https://lankalaw.net/wp-content/uploads/2025/02/2001Y2V26C.html
consolidated-statutes-upto-2006,British Soldiers’ and Sailors’ Institute of Colombo Ordinance,https://lankalaw.net/wp-content/uploads/2025/02/1956Y10V317C-1.html
consolidated-statutes-upto-2006,Buddhist Temporalities Ordinance,https://lankalaw.net/wp-content/uploads/2025/02/1981Y15V396C-1.html
consolidated-statutes-upto-2006,"Budgetary Relief Allowance of Workers Act, No. 36 of 2005",https://lankalaw.net/wp-content/uploads/2025/02/2005Y0V0C36A.html
consolidated-statutes-upto-2006,Buffaloes Protection Ordinance,https://lankalaw.net/wp-content/uploads/2025/02/1956Y12V472C-1.html
consolidated-statutes-upto-2006,Bureau of Ceylon Standards Act,https://lankalaw.net/wp-content/uploads/2025/02/1981Y9V218C-1.html
consolidated-statutes-upto-2006,Business Turnover Tax Act,https://lankalaw.net/wp-content/uploads/2025/02/1981Y13V352C-1.html
consolidated-statutes-upto-2006,Butchers Ordinance,https://lankalaw.net/wp-content/uploads/2025/02/1981Y19V608C-1.html
consolidated-statutes-upto-2006,"Captain Anuruddha Parakrama Wijewantha Memorial Cultural Foundation (Incorporation) Act, No. 3 of 1997",https://lankalaw.net/wp-content/uploads/2025/02/1997Y0V0C3A.html
consolidated-statutes-upto-2006,"Carriage of Goods by Sea Ordinance.* (*Repealed by the Carriage of Goods by Sea Act, No. 21 of 1982",https://lankalaw.net/wp-content/uploads/2025/02/2001Y3V85C.html
consolidated-statutes-upto-2006,Cattle Ordinance,https://lankalaw.net/wp-content/uploads/2025/02/1956Y12V473C-1.html
consolidated-statutes-upto-2006,Cattle Trespass Ordinance,https://lankalaw.net/wp-content/uploads/2025/02/1956Y12V474C-1.html
consolidated-statutes-upto-2006,Census Ordinance,https://lankalaw.net/wp-content/uploads/2025/02/2001Y6V143C.html
consolidated-statutes-upto-2006,"Ceylon (Constitution and Independence) Amendment Act, No. 36 of 1971",https://lankalaw.net/wp-content/uploads/2025/02/1971Y0V0C36A.html
consolidated-statutes-upto-2006,Ceylon (Constitution) Order in Council,https://lankalaw.net/wp-content/uploads/2025/02/1956Y11V379C-1.html
consolidated-statutes-upto-2006,Ceylon (Office of Governor-General) Letters Patent,https://lankalaw.net/wp-content/uploads/2025/02/1956Y11V388C-1.html
consolidated-statutes-upto-2006,"Ceylon Association for the Advancement of Science Act, No. 11 of 1966",https://lankalaw.net/wp-content/uploads/2025/02/1966Y0V0C11A.html
consolidated-statutes-upto-2006,Ceylon Baithul Mai Fund (Incorporation) Law,https://lankalaw.net/wp-content/uploads/2025/02/1981Y15V464C-1.html
consolidated-statutes-upto-2006,Ceylon Constitution (Amendment) Act,https://lankalaw.net/wp-content/uploads/2025/02/1964Y0V0C8A.html
consolidated-statutes-upto-2006,Ceylon Constitution (Special Provisions) Act,https://lankalaw.net/wp-content/uploads/2025/02/1956Y11V380C-1.html
consolidated-statutes-upto-2006,Ceylon Electricity Board Act,https://lankalaw.net/wp-content/uploads/2025/02/1981Y17V538C-1.html
consolidated-statutes-upto-2006,Ceylon Hotels Corporation Act,https://lankalaw.net/wp-content/uploads/2025/02/1981Y9V226C-1.html
consolidated-statutes-upto-2006,Ceylon Independence (Commencement) Order in Council,https://lankalaw.net/wp-content/uploads/2025/02/1956Y11V378C-1.html
consolidated-statutes-upto-2006,CEYLON INDEPENDENCE ACT,https://lankalaw.net/wp-content/uploads/2025/02/1956Y11V376C-1.html
consolidated-statutes-upto-2006,"Ceylon Independence Order in Council, 1947",https://lankalaw.net/wp-content/uploads/2025/02/1956Y11V377C-1.html
consolidated-statutes-upto-2006,Ceylon Inscribed Rupee Stock Ordinance,https://lankalaw.net/wp-content/uploads/2025/02/1981Y12V321C-1.html
consolidated-statutes-upto-2006,Ceylon Institute of Scientific and Industrial Research Act,https://lankalaw.net/wp-content/uploads/2025/02/2001Y6V164C.html
consolidated-statutes-upto-2006,"Ceylon Petroleum Corporation (Determination of Compensation) Special Provisions Act, No. 22 of 1968",https://lankalaw.net/wp-content/uploads/2025/02/1968Y0V0C22A.html
consolidated-statutes-upto-2006,Ceylon Police Saving Association Ordinance,https://lankalaw.net/wp-content/uploads/2025/02/1981Y15V481C-1.html
consolidated-statutes-upto-2006,Ceylon Railway Benefit Association Ordinance,https://lankalaw.net/wp-content/uploads/2025/02/1981Y15V477C-1.html
consolidated-statutes-upto-2006,Ceylon Savings Bank Ordinance,https://lankalaw.net/wp-content/uploads/2025/02/1956Y12V399C-1.html
consolidated-statutes-upto-2006,"Ceylon State Mortgage Bank and Finance (Amendment) Act, No. 33 of 1968",https://lankalaw.net/wp-content/uploads/2025/02/1968Y0V0C33A.html
consolidated-statutes-upto-2006,Ceylon State Mortgage Bank Ordinance,https://lankalaw.net/wp-content/uploads/2025/02/1956Y12V398C-1.html
consolidated-statutes-upto-2006,"Ceylon Tea Board Act, No. 15 of 1970",https://lankalaw.net/wp-content/uploads/2025/02/1970Y0V0C15A.html
consolidated-statutes-upto-2006,Ceylon Tourist Board Act,https://lankalaw.net/wp-content/uploads/2025/02/1981Y9V224C-1.html
consolidated-statutes-upto-2006,CEYLON UNIVERSITY,https://lankalaw.net/wp-content/uploads/2025/02/2001Y7V186C.html
consolidated-statutes-upto-2006,Ceylonese Brothers of St. Joseph Ordinance,https://lankalaw.net/wp-content/uploads/2025/02/1956Y10V301C-1.html
consolidated-statutes-upto-2006,Ceylonese Brothers of St. Joseph Ordinance,https://lankalaw.net/wp-content/uploads/2025/02/1981Y15V490C-1.html
consolidated-statutes-upto-2006,Ceylonese Evangelistic Association (Incorporation) Law,https://lankalaw.net/wp-content/uploads/2025/02/1981Y15V453C-1.html
consolidated-statutes-upto-2006,CHANK FISHERIES,https://lankalaw.net/wp-content/uploads/2025/02/1981Y10V242C-1.html
consolidated-statutes-upto-2006,Children and Young Persons (Harmful Publications) Act,https://lankalaw.net/wp-content/uploads/2025/02/1981Y3V32C-1.html
consolidated-statutes-upto-2006,Church of England Ordinance,https://lankalaw.net/wp-content/uploads/2025/02/1956Y10V334C-1.html
consolidated-statutes-upto-2006,Church of England Ordinance,https://lankalaw.net/wp-content/uploads/2025/02/1981Y15V429C-1.html
consolidated-statutes-upto-2006,"Civil Courts (Special Provisions) Act, No. 43 of 1961",https://lankalaw.net/wp-content/uploads/2025/02/1961Y0V0C43A.html
consolidated-statutes-upto-2006,"Civil Courts Procedure (Special Provisions) Law, No. 19 of 1977",https://lankalaw.net/wp-content/uploads/2025/02/1977Y0V0C19A.html
consolidated-statutes-upto-2006,Civil Law (Amendment) Act,https://lankalaw.net/wp-content/uploads/2025/02/1981Y0V0C36A.html
consolidated-statutes-upto-2006,Civil Procedure Code,https://lankalaw.net/wp-content/uploads/2025/02/2001Y4V101C.html
consolidated-statutes-upto-2006,"Clothing Industry Training Institute Act, No. 3 of 1984",https://lankalaw.net/wp-content/uploads/2025/02/1984Y0V0C3A.html
consolidated-statutes-upto-2006,"Coast Conservation Act, No. 57 of 1981",https://lankalaw.net/wp-content/uploads/2025/02/1981Y0V0C57A.html
consolidated-statutes-upto-2006,Code of Criminal Procedure Act,https://lankalaw.net/wp-content/uploads/2025/02/1981Y2V26C-1.html
consolidated-statutes-upto-2006,CODE OF INTELLECTUAL PROPERTY,https://lankalaw.net/wp-content/uploads/2025/02/1981Y8V186C-1.html
consolidated-statutes-upto-2006,"Code of Intellectual Property Act, No. 52 of 1979",https://lankalaw.net/wp-content/uploads/2025/02/1979Y0V0C52A.html
consolidated-statutes-upto-2006,Colombo Graving Dock and Patent Slip Ordinance,https://lankalaw.net/wp-content/uploads/2025/02/1956Y11V372C-1.html
consolidated-statutes-upto-2006,Colombo Municipal Council Waterworks Ordinance,https://lankalaw.net/wp-content/uploads/2025/02/1981Y17V542C-1.html
consolidated-statutes-upto-2006,Colonial Seamen Repatriation Ordinance,https://lankalaw.net/wp-content/uploads/2025/02/1956Y11V373C-1.html
consolidated-statutes-upto-2006,Commissioner of Co-operative Development (Definition of Powers) Ordinance,https://lankalaw.net/wp-content/uploads/2025/02/1956Y5V127C-1.html
consolidated-statutes-upto-2006,Commissions of Inquiry Act,https://lankalaw.net/wp-content/uploads/2025/02/1981Y1V8C-1.html
consolidated-statutes-upto-2006,Companies (Donations) Act,https://lankalaw.net/wp-content/uploads/2025/02/2001Y6V147C.html
consolidated-statutes-upto-2006,Companies (Special Provisions) Law,https://lankalaw.net/wp-content/uploads/2025/02/1981Y8V177C-1.html
consolidated-statutes-upto-2006,"Companies Act, No. 07 of 2007",https://lankalaw.net/wp-content/uploads/2025/02/2007Y0V0C7A.html
consolidated-statutes-upto-2006,"Companies Act, No. 17 of 1982",https://lankalaw.net/wp-content/uploads/2025/02/1982Y0V0C17A.html
consolidated-statutes-upto-2006,"Computer and Information Technology Council of Sri Lanka Act, No. 10 of 1984",https://lankalaw.net/wp-content/uploads/2025/02/1984Y0V0C10A.html
consolidated-statutes-upto-2006,"Conciliation Boards Act, No. 10 of 1958",https://lankalaw.net/wp-content/uploads/2025/02/1958Y0V0C10A.html
consolidated-statutes-upto-2006,"Condominium Property Act, No. 12 of 1970",https://lankalaw.net/wp-content/uploads/2025/02/1970Y0V0C12A.html
consolidated-statutes-upto-2006,Construction Industry Guarantee Fund Levy,https://lankalaw.net/wp-content/uploads/2025/02/2005Y2V0C5A.html
consolidated-statutes-upto-2006,CONSUMER PROTECTION – (Repealed),https://lankalaw.net/wp-content/uploads/2025/02/1981Y9V219C-1.html
consolidated-statutes-upto-2006,Contagious Diseases (Animals) Ordinance,https://lankalaw.net/wp-content/uploads/2025/02/1981Y17V571C-1.html
consolidated-statutes-upto-2006,Contagious Diseases Ordinance,https://lankalaw.net/wp-content/uploads/2025/02/1981Y17V555C-1.html
consolidated-statutes-upto-2006,Contingencies Fund Act,https://lankalaw.net/wp-content/uploads/2025/02/1956Y12V415C-1.html
consolidated-statutes-upto-2006,"Contracts Commission (Special Provisions) Act, No. 34 of 1969",https://lankalaw.net/wp-content/uploads/2025/02/1969Y0V0C34A.html
consolidated-statutes-upto-2006,"Control of Finance Companies Act, No. 27 of 1979",https://lankalaw.net/wp-content/uploads/2025/02/1979Y0V0C27A.html
consolidated-statutes-upto-2006,Control of Finance Companies Act.,https://lankalaw.net/wp-content/uploads/2025/02/1981Y12V329C-1.html
consolidated-statutes-upto-2006,"CONTROL OF INSURANCE – Repealed and Replaced by Regulation Of Insurance Industry Act, No. 43 of 2000",https://lankalaw.net/wp-content/uploads/2025/02/1981Y12V332C-1.html
consolidated-statutes-upto-2006,CONTROL OF PRICES- (Repealed,https://lankalaw.net/wp-content/uploads/2025/02/1981Y9V216C-1.html
consolidated-statutes-upto-2006,Control of the Possession of Food Act,https://lankalaw.net/wp-content/uploads/2025/02/2001Y6V172C.html
consolidated-statutes-upto-2006,"Convention on the Civil Aspects of International Child Abduction Act, No 10 of 2001",https://lankalaw.net/wp-content/uploads/2025/02/2001Y0V0C10A.html
consolidated-statutes-upto-2006,COPYRIGHT,https://lankalaw.net/wp-content/uploads/2025/02/2001Y6V154C.html
consolidated-statutes-upto-2006,Corporal Punishment Ordinance,https://lankalaw.net/wp-content/uploads/2025/02/1981Y2V28C-1.html
consolidated-statutes-upto-2006,"Cosmetics, Devices and Drugs Act",https://lankalaw.net/wp-content/uploads/2025/02/1981Y17V545C-1.html
consolidated-statutes-upto-2006,"Court of Appeal Act, No. 44 of 1971",https://lankalaw.net/wp-content/uploads/2025/02/1971Y0V0C44A.html
consolidated-statutes-upto-2006,Court of Criminal Appeal Ordinance,https://lankalaw.net/wp-content/uploads/2025/02/1956Y1V7C-1.html
consolidated-statutes-upto-2006,COURTS AND THEIR POWERS,https://lankalaw.net/wp-content/uploads/2025/02/2001Y1V6C.html
consolidated-statutes-upto-2006,COURTS OF CRIMINAL APPEAL,https://lankalaw.net/wp-content/uploads/2025/02/2001Y1V7C.html
consolidated-statutes-upto-2006,"Courts of Requests (Special Provisions) Act, No. 5 of 1964",https://lankalaw.net/wp-content/uploads/2025/02/1964Y0V0C5A.html
consolidated-statutes-upto-2006,Courts Ordinanc,https://lankalaw.net/wp-content/uploads/2025/02/1956Y1V6C-1.html
consolidated-statutes-upto-2006,"Crop Insurance Act, No. 13 of 1961",https://lankalaw.net/wp-content/uploads/2025/02/1961Y0V0C13A.html
consolidated-statutes-upto-2006,"Crown (Liability In Delict) Act, No. 22 of 1969",https://lankalaw.net/wp-content/uploads/2025/02/1969Y0V0C22A.html
consolidated-statutes-upto-2006,Crown Debtors Ordinance,https://lankalaw.net/wp-content/uploads/2025/02/1956Y4V96C-1.html
consolidated-statutes-upto-2006,Crown Land (Claims) Ordinance,https://lankalaw.net/wp-content/uploads/2025/02/1956Y12V459C-1.html
consolidated-statutes-upto-2006,Crown Landmarks Ordinance,https://lankalaw.net/wp-content/uploads/2025/02/1956Y12V456C-1.html
consolidated-statutes-upto-2006,Crown Lands Encroachments Ordinance,https://lankalaw.net/wp-content/uploads/2025/02/1956Y12V465C-1.html
consolidated-statutes-upto-2006,Customs Ordinance,https://lankalaw.net/wp-content/uploads/2025/02/1981Y13V344C-1.html
consolidated-statutes-upto-2006,Dangerous Animals Ordinance,https://lankalaw.net/wp-content/uploads/2025/02/1981Y3V61C-1.html
consolidated-statutes-upto-2006,Debt Conciliation Ordinance,https://lankalaw.net/wp-content/uploads/2025/02/2001Y3V81C.html
consolidated-statutes-upto-2006,Eighth Amendment to the Constitution,https://lankalaw.net/wp-content/uploads/2025/02/1984Y0V0C0A8S.html
consolidated-statutes-upto-2006,Eleventh Amendment to the Constitution,https://lankalaw.net/wp-content/uploads/2025/02/1987Y0V0C0A11S.html
consolidated-statutes-upto-2006,Employees’ Provident Fund Act,https://lankalaw.net/wp-content/uploads/2025/02/1981Y20V623C-1.html
consolidated-statutes-upto-2006,Employees’ Trust Fund Act,https://lankalaw.net/wp-content/uploads/2025/02/1981Y20V622C-1.html
consolidated-statutes-upto-2006,Essential Commodities Reserves Ordinance,https://lankalaw.net/wp-content/uploads/2025/02/2001Y6V167C.html
consolidated-statutes-upto-2006,Estate Labour (Indian) Ordinance,https://lankalaw.net/wp-content/uploads/2025/02/1956Y5V133C-1.html
consolidated-statutes-upto-2006,Evidence Ordinance,https://lankalaw.net/wp-content/uploads/2025/02/2001Y1V14C.html
consolidated-statutes-upto-2006,Excise Ordinance,https://lankalaw.net/wp-content/uploads/2025/02/2001Y2V52C.html
consolidated-statutes-upto-2006,Fifteenth Amendment to the Constitution,https://lankalaw.net/wp-content/uploads/2025/02/1988Y0V0C0A15S.html
consolidated-statutes-upto-2006,Fifth Amendment to the Constitution,https://lankalaw.net/wp-content/uploads/2025/02/1983Y0V0C0A5S.html
consolidated-statutes-upto-2006,"Finance Act, No. 11 of 2004",https://lankalaw.net/wp-content/uploads/2025/02/2004Y1V0C11A.html
consolidated-statutes-upto-2006,"Finance Act, No. 11 of 2004",https://lankalaw.net/wp-content/uploads/2025/02/2004Y0V0C11A.html
consolidated-statutes-upto-2006,"Finance Act, No. 25 of 2003",https://lankalaw.net/wp-content/uploads/2025/02/2003Y1V0C25A.html
consolidated-statutes-upto-2006,"Finance Leasing Act, No. 56 of 2000",https://lankalaw.net/wp-content/uploads/2025/02/2000Y0V0C56A.html
consolidated-statutes-upto-2006,First Amendment to the Constitution,https://lankalaw.net/wp-content/uploads/2025/02/1978Y0V0C0A1S.html
consolidated-statutes-upto-2006,"Fisheries and Aquatic Resources Act, No. 2 of 1996",https://lankalaw.net/wp-content/uploads/2025/02/1996Y0V0C2A.html
consolidated-statutes-upto-2006,Food Act,https://lankalaw.net/wp-content/uploads/2025/02/1981Y17V544C-1.html
consolidated-statutes-upto-2006,Forest Ordinance,https://lankalaw.net/wp-content/uploads/2025/02/1981Y11V283C-1.html
consolidated-statutes-upto-2006,Fourteenth Amendment to the Constitution,https://lankalaw.net/wp-content/uploads/2025/02/1988Y0V0C0A14S.html
consolidated-statutes-upto-2006,Fourth Amendment to the Constitution,https://lankalaw.net/wp-content/uploads/2025/02/1982Y0V0C0A4S.html
consolidated-statutes-upto-2006,"General Committee of the Baadhi Beeya Association, Kahataowita, Ordinance",https://lankalaw.net/wp-content/uploads/2025/02/1981Y15V463C-1.html
consolidated-statutes-upto-2006,"Gsdla Bogahagodelle Sri Sudharsana Paramananda Purana Maha Vihara Sanwardhana Samithiya (Incorporation) Act, No. 42 of 1991",https://lankalaw.net/wp-content/uploads/2025/02/1991Y0V0C42A.html
consolidated-statutes-upto-2006,"High Court of the Provinces (Special Provisions) Act, No. 19 of 1990",https://lankalaw.net/wp-content/uploads/2025/02/1990Y0V0C19A.html
consolidated-statutes-upto-2006,Homoeopathy Act,https://lankalaw.net/wp-content/uploads/2025/02/1981Y6V117C-1.html
consolidated-statutes-upto-2006,Industrial Disputes Act,https://lankalaw.net/wp-content/uploads/2025/02/2001Y5V131C.html
consolidated-statutes-upto-2006,"Intellectual Property Act, No. 36 of 2003",https://lankalaw.net/wp-content/uploads/2025/02/2003Y0V0C36A.html
consolidated-statutes-upto-2006,Judicature Act,https://lankalaw.net/wp-content/uploads/2025/02/1981Y1V17C-1.html
consolidated-statutes-upto-2006,Kandyan Marriage and Divorce Act,https://lankalaw.net/wp-content/uploads/2025/02/2001Y5V113C.html
consolidated-statutes-upto-2006,Land Development Ordinance,https://lankalaw.net/wp-content/uploads/2025/02/1981Y11V300C-1.html
consolidated-statutes-upto-2006,"Lions Clubs International District 306A-Youth Education, Rehabilitation and Employment Trust (Incorporation) (Amendment) Act, No. 35 of 1998",https://lankalaw.net/wp-content/uploads/2025/02/1998Y0V0C35A.html
consolidated-statutes-upto-2006,Local Authorities Elections Ordinance,https://lankalaw.net/wp-content/uploads/2025/02/1981Y19V589C-1.html
consolidated-statutes-upto-2006,Marriage Registration (Amendment) Act,https://lankalaw.net/wp-content/uploads/2025/02/1963Y0V0C11A.html
consolidated-statutes-upto-2006,Marriage Registration Ordinance,https://lankalaw.net/wp-content/uploads/2025/02/2001Y5V112C.html
consolidated-statutes-upto-2006,Maternity Benefits Ordinance,https://lankalaw.net/wp-content/uploads/2025/02/2001Y5V140C.html
consolidated-statutes-upto-2006,"Mediation Boards Act, No 72 of 1988",https://lankalaw.net/wp-content/uploads/2025/02/1988Y0V0C72A.html
consolidated-statutes-upto-2006,Medical Ordinance,https://lankalaw.net/wp-content/uploads/2025/02/2001Y5V105C.html
consolidated-statutes-upto-2006,"Mines and Mineral, Act, No. 33 of 1992",https://lankalaw.net/wp-content/uploads/2025/02/1992Y0V0C33A.html
consolidated-statutes-upto-2006,Minimum Wages (Indian Labour) Ordinance,https://lankalaw.net/wp-content/uploads/2025/02/2001Y5V135C.html
consolidated-statutes-upto-2006,Mortgage Act,https://lankalaw.net/wp-content/uploads/2025/02/2001Y3V89C.html
consolidated-statutes-upto-2006,Motor Traffic Act,https://lankalaw.net/wp-content/uploads/2025/02/1981Y16V528C-1.html
consolidated-statutes-upto-2006,Municipal Councils Ordinance,https://lankalaw.net/wp-content/uploads/2025/02/1981Y18V576C-1.html
consolidated-statutes-upto-2006,Muslim Marriage and Divorce Act,https://lankalaw.net/wp-content/uploads/2025/02/1981Y6V134C-1.html
consolidated-statutes-upto-2006,Ninth Amendment to the Constitution,https://lankalaw.net/wp-content/uploads/2025/02/1984Y0V0C0A9S.html
consolidated-statutes-upto-2006,Notaries Ordinance,https://lankalaw.net/wp-content/uploads/2025/02/1981Y6V110C-1.html
consolidated-statutes-upto-2006,Offensive Weapons Act,https://lankalaw.net/wp-content/uploads/2025/02/1981Y3V38C-1.html
consolidated-statutes-upto-2006,"Parliamentary Elections Act, No. 1 of 1981",https://lankalaw.net/wp-content/uploads/2025/02/1981Y0V0C1A.html
consolidated-statutes-upto-2006,Partition Law,https://lankalaw.net/wp-content/uploads/2025/02/1981Y4V82C-1.html
consolidated-statutes-upto-2006,Penal Code,https://lankalaw.net/wp-content/uploads/2025/02/2001Y1V19C.html
consolidated-statutes-upto-2006,"Poisons, Opium, and Dangerous Drugs Ordinance",https://lankalaw.net/wp-content/uploads/2025/02/1981Y17V549C-1.html
consolidated-statutes-upto-2006,Powers of Attorney Ordinance,https://lankalaw.net/wp-content/uploads/2025/02/1981Y6V140C-1.html
consolidated-statutes-upto-2006,"Pradeshiya Sabhas Act, No. 15 of 1987",https://lankalaw.net/wp-content/uploads/2025/02/1987Y0V0C15A.html
consolidated-statutes-upto-2006,Prescription Ordinance,https://lankalaw.net/wp-content/uploads/2025/02/1981Y4V81C-1.html
consolidated-statutes-upto-2006,Prevention of Frauds Ordinance,https://lankalaw.net/wp-content/uploads/2025/02/1981Y4V84C-1.html
consolidated-statutes-upto-2006,Prevention of Terrorism (Temporary Provisions) Act,https://lankalaw.net/wp-content/uploads/2025/02/1981Y2V30C-1.html
consolidated-statutes-upto-2006,"Provincial Councils; Elections Act, No. 2 of 1988",https://lankalaw.net/wp-content/uploads/2025/02/1988Y0V0C2A.html
consolidated-statutes-upto-2006,"Recovery of Loans by Banks (Special Provisions) Act, No. 4 of 1990",https://lankalaw.net/wp-content/uploads/2025/02/1990Y0V0C4A.html
consolidated-statutes-upto-2006,"Referendum Act, No. 7 of 1981",https://lankalaw.net/wp-content/uploads/2025/02/1981Y0V0C7A.html
consolidated-statutes-upto-2006,Registration of Documents Ordinance,https://lankalaw.net/wp-content/uploads/2025/02/2001Y5V117C.html
consolidated-statutes-upto-2006,"Securities and Exchange Commission of Sri Lanka (Amendment) Act, No. 18 of 2003",https://lankalaw.net/wp-content/uploads/2025/02/2003Y0V0C18A.html
consolidated-statutes-upto-2006,Seventeenth Amendment to the Constitution,https://lankalaw.net/wp-content/uploads/2025/02/2001Y0V0C0A17S.html
consolidated-statutes-upto-2006,Seventh Amendment to the Constitution,https://lankalaw.net/wp-content/uploads/2025/02/1983Y0V0C0A7S.html
consolidated-statutes-upto-2006,Sixteenth Amendment to the Constitution,https://lankalaw.net/wp-content/uploads/2025/02/1988Y0V0C0A16S.html
consolidated-statutes-upto-2006,Sixth Amendment to the Constitution,https://lankalaw.net/wp-content/uploads/2025/02/1983Y0V0C0A6S.html
consolidated-statutes-upto-2006,slamic Youth Front ( Incorporation) Act No. 43 of 1991,https://lankalaw.net/wp-content/uploads/2025/02/1991Y0V0C43A.html
consolidated-statutes-upto-2006,"Societies Ordinance (Amendment) Act, No. 11 of 2005",https://lankalaw.net/wp-content/uploads/2025/02/2005Y0V0C11A.html
consolidated-statutes-upto-2006,"Sri Lanka Bureau of foreign Employment Act, No. 21 of 1985",https://lankalaw.net/wp-content/uploads/2025/02/1985Y0V0C21A.html
consolidated-statutes-upto-2006,Sri Lanka Ports Authority Act,https://lankalaw.net/wp-content/uploads/2025/02/1981Y10V232C-1.html
consolidated-statutes-upto-2006,Sri Lanka Tea Board Law,https://lankalaw.net/wp-content/uploads/2025/02/1981Y11V253C-1.html
consolidated-statutes-upto-2006,"Sri Lanka Telecommunications Act, No. 25 of 1991",https://lankalaw.net/wp-content/uploads/2025/02/1991Y0V0C25A.html
consolidated-statutes-upto-2006,Tenth Amendment to the Constitution,https://lankalaw.net/wp-content/uploads/2025/02/1986Y0V0C0A10S.html
consolidated-statutes-upto-2006,Termination of Employment of Workmen (Special Provisions) Act,https://lankalaw.net/wp-content/uploads/2025/02/1981Y7V154C-1.html
consolidated-statutes-upto-2006,Third Amendment to the Constitution,https://lankalaw.net/wp-content/uploads/2025/02/1982Y0V0C0A3S.html
consolidated-statutes-upto-2006,Thirteenth Amendment to the Constitution,https://lankalaw.net/wp-content/uploads/2025/02/1987Y0V0C0A13S.html
consolidated-statutes-upto-2006,Urban Councils Ordinance,https://lankalaw.net/wp-content/uploads/2025/02/1981Y18V577C-1.html
consolidated-statutes-upto-2006,Urban Development Authority Law,https://lankalaw.net/wp-content/uploads/2025/02/1981Y19V602C-1.html
consolidated-statutes-upto-2006,Urban Development Projects (Special Provisions) Act,https://lankalaw.net/wp-content/uploads/2025/02/1981Y19V603C-1.html
consolidated-statutes-upto-2006,Value Added Tax Act No. 14 of 2002,https://lankalaw.net/wp-content/uploads/2025/02/2002Y0V0C14A.html
consolidated-statutes-upto-2006,Wills Ordinance,https://lankalaw.net/wp-content/uploads/2025/02/2001Y3V60C.html
consolidated-acts-2025,Ceylon Tea Board,https://lankalaw.net/wp-content/uploads/2025/02/1970Y0V0C15A-1.html
consolidated-acts-2025,Civil Courts (Special Provisions),https://lankalaw.net/wp-content/uploads/2025/02/1961Y0V0C43A-1.html
consolidated-acts-2025,Contingencies Fund (1956) – Consolidated Act,https://lankalaw.net/wp-content/uploads/2025/02/1956Y12V415C.html
consolidated-acts-2025,Contingencies Fund (1981) – Consolidated Act,https://lankalaw.net/wp-content/uploads/2025/02/1979Y0V0C35A.html
consolidated-acts-2025,Court of Appeal – Consolidated Act,https://lankalaw.net/wp-content/uploads/2025/02/1971Y0V0C44A-1.html
consolidated-acts-2025,Courts Of Requests (Special Provisions) – Consolidated Act,https://lankalaw.net/wp-content/uploads/2025/02/1964Y0V0C5A-1.html
consolidated-acts-2025,Dangerous Knives – Consolidated Act,https://lankalaw.net/wp-content/uploads/2025/02/1956Y2V27C.html
consolidated-acts-2025,Registration Of Temple Lands – Consolidated Act,https://lankalaw.net/wp-content/uploads/2025/02/1956Y12V468C.html
