case_id,topic_id,source_id,assignment_method,review_status
commonlii-LKCA-1884-2,05,SRC030,statute_to_curated_topic,candidate
commonlii-LKCA-1884-2,09,SRC030,statute_to_curated_topic,candidate
commonlii-LKCA-1884-2,09,SRC071,statute_to_curated_topic,candidate
commonlii-LKCA-1884-2,17,SRC030,statute_to_curated_topic,candidate
commonlii-LKCA-1884-2,18,SRC071,statute_to_curated_topic,candidate
commonlii-LKCA-1886-2,05,SRC030,statute_to_curated_topic,candidate
commonlii-LKCA-1886-2,09,SRC030,statute_to_curated_topic,candidate
commonlii-LKCA-1886-2,17,SRC030,statute_to_curated_topic,candidate
commonlii-LKCA-1889-1,09,SRC071,statute_to_curated_topic,candidate
commonlii-LKCA-1889-1,18,SRC071,statute_to_curated_topic,candidate
commonlii-LKCA-1893-3,05,SRC030,statute_to_curated_topic,candidate
commonlii-LKCA-1893-3,09,SRC030,statute_to_curated_topic,candidate
commonlii-LKCA-1893-3,09,SRC071,statute_to_curated_topic,candidate
commonlii-LKCA-1893-3,15,SRC059,statute_to_curated_topic,candidate
commonlii-LKCA-1893-3,17,SRC030,statute_to_curated_topic,candidate
commonlii-LKCA-1893-3,18,SRC071,statute_to_curated_topic,candidate
commonlii-LKCA-1894-1,05,SRC030,statute_to_curated_topic,candidate
commonlii-LKCA-1894-1,09,SRC030,statute_to_curated_topic,candidate
commonlii-LKCA-1894-1,17,SRC030,statute_to_curated_topic,candidate
commonlii-LKCA-1894-3,05,SRC030,statute_to_curated_topic,candidate
commonlii-LKCA-1894-3,09,SRC030,statute_to_curated_topic,candidate
commonlii-LKCA-1894-3,17,SRC030,statute_to_curated_topic,candidate
commonlii-LKCA-1895-2,05,SRC030,statute_to_curated_topic,candidate
commonlii-LKCA-1895-2,09,SRC030,statute_to_curated_topic,candidate
commonlii-LKCA-1895-2,17,SRC030,statute_to_curated_topic,candidate
commonlii-LKCA-1895-20,05,SRC030,statute_to_curated_topic,candidate
commonlii-LKCA-1895-20,09,SRC030,statute_to_curated_topic,candidate
commonlii-LKCA-1895-20,17,SRC030,statute_to_curated_topic,candidate
commonlii-LKCA-1895-23,05,SRC030,statute_to_curated_topic,candidate
commonlii-LKCA-1895-23,09,SRC030,statute_to_curated_topic,candidate
commonlii-LKCA-1895-23,17,SRC030,statute_to_curated_topic,candidate
commonlii-LKCA-1895-27,05,SRC030,statute_to_curated_topic,candidate
commonlii-LKCA-1895-27,09,SRC030,statute_to_curated_topic,candidate
commonlii-LKCA-1895-27,17,SRC030,statute_to_curated_topic,candidate
commonlii-LKCA-1895-33,05,SRC030,statute_to_curated_topic,candidate
commonlii-LKCA-1895-33,09,SRC030,statute_to_curated_topic,candidate
commonlii-LKCA-1895-33,17,SRC030,statute_to_curated_topic,candidate
commonlii-LKCA-1895-4,05,SRC030,statute_to_curated_topic,candidate
commonlii-LKCA-1895-4,09,SRC030,statute_to_curated_topic,candidate
commonlii-LKCA-1895-4,17,SRC030,statute_to_curated_topic,candidate
commonlii-LKCA-1895-41,05,SRC030,statute_to_curated_topic,candidate
commonlii-LKCA-1895-41,09,SRC030,statute_to_curated_topic,candidate
commonlii-LKCA-1895-41,17,SRC030,statute_to_curated_topic,candidate
commonlii-LKCA-1895-43,05,SRC030,statute_to_curated_topic,candidate
commonlii-LKCA-1895-43,09,SRC030,statute_to_curated_topic,candidate
commonlii-LKCA-1895-43,17,SRC030,statute_to_curated_topic,candidate
commonlii-LKCA-1895-44,05,SRC030,statute_to_curated_topic,candidate
commonlii-LKCA-1895-44,09,SRC030,statute_to_curated_topic,candidate
commonlii-LKCA-1895-44,17,SRC030,statute_to_curated_topic,candidate
commonlii-LKCA-1895-45,05,SRC030,statute_to_curated_topic,candidate
commonlii-LKCA-1895-45,09,SRC030,statute_to_curated_topic,candidate
commonlii-LKCA-1895-45,17,SRC030,statute_to_curated_topic,candidate
commonlii-LKCA-1895-46,05,SRC030,statute_to_curated_topic,candidate
commonlii-LKCA-1895-46,09,SRC030,statute_to_curated_topic,candidate
commonlii-LKCA-1895-46,17,SRC030,statute_to_curated_topic,candidate
commonlii-LKCA-1895-68,05,SRC030,statute_to_curated_topic,candidate
commonlii-LKCA-1895-68,09,SRC030,statute_to_curated_topic,candidate
commonlii-LKCA-1895-68,17,SRC030,statute_to_curated_topic,candidate
commonlii-LKCA-1895-70,05,SRC030,statute_to_curated_topic,candidate
commonlii-LKCA-1895-70,09,SRC030,statute_to_curated_topic,candidate
commonlii-LKCA-1895-70,09,SRC071,statute_to_curated_topic,candidate
commonlii-LKCA-1895-70,17,SRC030,statute_to_curated_topic,candidate
commonlii-LKCA-1895-70,18,SRC071,statute_to_curated_topic,candidate
commonlii-LKCA-1895-77,05,SRC030,statute_to_curated_topic,candidate
commonlii-LKCA-1895-77,09,SRC030,statute_to_curated_topic,candidate
commonlii-LKCA-1895-77,17,SRC030,statute_to_curated_topic,candidate
commonlii-LKCA-1896-17,09,SRC071,statute_to_curated_topic,candidate
commonlii-LKCA-1896-17,18,SRC071,statute_to_curated_topic,candidate
commonlii-LKCA-1896-2,05,SRC030,statute_to_curated_topic,candidate
commonlii-LKCA-1896-2,09,SRC030,statute_to_curated_topic,candidate
commonlii-LKCA-1896-2,17,SRC030,statute_to_curated_topic,candidate
commonlii-LKCA-1896-20,05,SRC030,statute_to_curated_topic,candidate
commonlii-LKCA-1896-20,09,SRC030,statute_to_curated_topic,candidate
commonlii-LKCA-1896-20,17,SRC030,statute_to_curated_topic,candidate
commonlii-LKCA-1896-24,05,SRC030,statute_to_curated_topic,candidate
commonlii-LKCA-1896-24,09,SRC030,statute_to_curated_topic,candidate
commonlii-LKCA-1896-24,17,SRC030,statute_to_curated_topic,candidate
commonlii-LKCA-1896-25,05,SRC030,statute_to_curated_topic,candidate
commonlii-LKCA-1896-25,09,SRC030,statute_to_curated_topic,candidate
commonlii-LKCA-1896-25,17,SRC030,statute_to_curated_topic,candidate
commonlii-LKCA-1896-29,05,SRC030,statute_to_curated_topic,candidate
commonlii-LKCA-1896-29,09,SRC030,statute_to_curated_topic,candidate
commonlii-LKCA-1896-29,17,SRC030,statute_to_curated_topic,candidate
commonlii-LKCA-1896-31,05,SRC030,statute_to_curated_topic,candidate
commonlii-LKCA-1896-31,09,SRC030,statute_to_curated_topic,candidate
commonlii-LKCA-1896-31,17,SRC030,statute_to_curated_topic,candidate
commonlii-LKCA-1896-43,05,SRC030,statute_to_curated_topic,candidate
commonlii-LKCA-1896-43,09,SRC030,statute_to_curated_topic,candidate
commonlii-LKCA-1896-43,17,SRC030,statute_to_curated_topic,candidate
commonlii-LKCA-1896-47,05,SRC029,statute_to_curated_topic,candidate
commonlii-LKCA-1896-5,05,SRC030,statute_to_curated_topic,candidate
commonlii-LKCA-1896-5,09,SRC030,statute_to_curated_topic,candidate
commonlii-LKCA-1896-5,17,SRC030,statute_to_curated_topic,candidate
commonlii-LKCA-1896-52,09,SRC071,statute_to_curated_topic,candidate
commonlii-LKCA-1896-52,18,SRC071,statute_to_curated_topic,candidate
commonlii-LKCA-1896-59,05,SRC030,statute_to_curated_topic,candidate
commonlii-LKCA-1896-59,09,SRC030,statute_to_curated_topic,candidate
commonlii-LKCA-1896-59,17,SRC030,statute_to_curated_topic,candidate
commonlii-LKCA-1896-6,05,SRC030,statute_to_curated_topic,candidate
commonlii-LKCA-1896-6,09,SRC030,statute_to_curated_topic,candidate
commonlii-LKCA-1896-6,17,SRC030,statute_to_curated_topic,candidate
commonlii-LKCA-1896-63,05,SRC030,statute_to_curated_topic,candidate
commonlii-LKCA-1896-63,09,SRC030,statute_to_curated_topic,candidate
commonlii-LKCA-1896-63,17,SRC030,statute_to_curated_topic,candidate
commonlii-LKCA-1896-64,05,SRC030,statute_to_curated_topic,candidate
commonlii-LKCA-1896-64,09,SRC030,statute_to_curated_topic,candidate
commonlii-LKCA-1896-64,17,SRC030,statute_to_curated_topic,candidate
commonlii-LKCA-1896-66,05,SRC030,statute_to_curated_topic,candidate
commonlii-LKCA-1896-66,09,SRC030,statute_to_curated_topic,candidate
commonlii-LKCA-1896-66,17,SRC030,statute_to_curated_topic,candidate
commonlii-LKCA-1896-68,05,SRC030,statute_to_curated_topic,candidate
commonlii-LKCA-1896-68,09,SRC030,statute_to_curated_topic,candidate
commonlii-LKCA-1896-68,09,SRC071,statute_to_curated_topic,candidate
commonlii-LKCA-1896-68,17,SRC030,statute_to_curated_topic,candidate
commonlii-LKCA-1896-68,18,SRC071,statute_to_curated_topic,candidate
commonlii-LKCA-1896-69,05,SRC014,statute_to_curated_topic,candidate
commonlii-LKCA-1896-69,06,SRC014,statute_to_curated_topic,candidate
commonlii-LKCA-1896-69,08,SRC014,statute_to_curated_topic,candidate
commonlii-LKCA-1896-69,17,SRC014,statute_to_curated_topic,candidate
commonlii-LKCA-1896-69,20,SRC014,statute_to_curated_topic,candidate
commonlii-LKCA-1897-1,05,SRC030,statute_to_curated_topic,candidate
commonlii-LKCA-1897-1,09,SRC030,statute_to_curated_topic,candidate
commonlii-LKCA-1897-1,17,SRC030,statute_to_curated_topic,candidate
commonlii-LKCA-1897-12,05,SRC030,statute_to_curated_topic,candidate
commonlii-LKCA-1897-12,09,SRC030,statute_to_curated_topic,candidate
commonlii-LKCA-1897-12,17,SRC030,statute_to_curated_topic,candidate
commonlii-LKCA-1897-15,05,SRC030,statute_to_curated_topic,candidate
commonlii-LKCA-1897-15,09,SRC030,statute_to_curated_topic,candidate
commonlii-LKCA-1897-15,17,SRC030,statute_to_curated_topic,candidate
commonlii-LKCA-1897-2,05,SRC030,statute_to_curated_topic,candidate
commonlii-LKCA-1897-2,09,SRC030,statute_to_curated_topic,candidate
commonlii-LKCA-1897-2,17,SRC030,statute_to_curated_topic,candidate
commonlii-LKCA-1897-33,09,SRC071,statute_to_curated_topic,candidate
commonlii-LKCA-1897-33,18,SRC071,statute_to_curated_topic,candidate
commonlii-LKCA-1897-44,09,SRC071,statute_to_curated_topic,candidate
commonlii-LKCA-1897-44,18,SRC071,statute_to_curated_topic,candidate
commonlii-LKCA-1897-5,05,SRC030,statute_to_curated_topic,candidate
commonlii-LKCA-1897-5,09,SRC030,statute_to_curated_topic,candidate
commonlii-LKCA-1897-5,17,SRC030,statute_to_curated_topic,candidate
commonlii-LKCA-1897-53,05,SRC030,statute_to_curated_topic,candidate
commonlii-LKCA-1897-53,09,SRC030,statute_to_curated_topic,candidate
commonlii-LKCA-1897-53,17,SRC030,statute_to_curated_topic,candidate
commonlii-LKCA-1898-14,05,SRC030,statute_to_curated_topic,candidate
commonlii-LKCA-1898-14,09,SRC030,statute_to_curated_topic,candidate
commonlii-LKCA-1898-14,17,SRC030,statute_to_curated_topic,candidate
commonlii-LKCA-1898-15,05,SRC030,statute_to_curated_topic,candidate
commonlii-LKCA-1898-15,09,SRC030,statute_to_curated_topic,candidate
commonlii-LKCA-1898-15,17,SRC030,statute_to_curated_topic,candidate
commonlii-LKCA-1898-20,05,SRC030,statute_to_curated_topic,candidate
commonlii-LKCA-1898-20,09,SRC030,statute_to_curated_topic,candidate
commonlii-LKCA-1898-20,17,SRC030,statute_to_curated_topic,candidate
commonlii-LKCA-1898-38,05,SRC030,statute_to_curated_topic,candidate
commonlii-LKCA-1898-38,09,SRC030,statute_to_curated_topic,candidate
commonlii-LKCA-1898-38,17,SRC030,statute_to_curated_topic,candidate
commonlii-LKCA-1898-40,09,SRC071,statute_to_curated_topic,candidate
commonlii-LKCA-1898-40,18,SRC071,statute_to_curated_topic,candidate
commonlii-LKCA-1898-5,05,SRC029,statute_to_curated_topic,candidate
commonlii-LKCA-1899-2,05,SRC030,statute_to_curated_topic,candidate
commonlii-LKCA-1899-2,09,SRC030,statute_to_curated_topic,candidate
commonlii-LKCA-1899-2,17,SRC030,statute_to_curated_topic,candidate
commonlii-LKCA-1899-5,05,SRC030,statute_to_curated_topic,candidate
commonlii-LKCA-1899-5,09,SRC030,statute_to_curated_topic,candidate
commonlii-LKCA-1899-5,17,SRC030,statute_to_curated_topic,candidate
commonlii-LKCA-1900-13,05,SRC030,statute_to_curated_topic,candidate
commonlii-LKCA-1900-13,09,SRC030,statute_to_curated_topic,candidate
commonlii-LKCA-1900-13,17,SRC030,statute_to_curated_topic,candidate
commonlii-LKCA-1900-15,05,SRC030,statute_to_curated_topic,candidate
commonlii-LKCA-1900-15,09,SRC030,statute_to_curated_topic,candidate
commonlii-LKCA-1900-15,17,SRC030,statute_to_curated_topic,candidate
commonlii-LKCA-1900-2,05,SRC030,statute_to_curated_topic,candidate
commonlii-LKCA-1900-2,09,SRC030,statute_to_curated_topic,candidate
commonlii-LKCA-1900-2,17,SRC030,statute_to_curated_topic,candidate
commonlii-LKCA-1900-4,05,SRC030,statute_to_curated_topic,candidate
commonlii-LKCA-1900-4,09,SRC030,statute_to_curated_topic,candidate
commonlii-LKCA-1900-4,17,SRC030,statute_to_curated_topic,candidate
commonlii-LKCA-1900-7,05,SRC030,statute_to_curated_topic,candidate
commonlii-LKCA-1900-7,09,SRC030,statute_to_curated_topic,candidate
commonlii-LKCA-1900-7,17,SRC030,statute_to_curated_topic,candidate
commonlii-LKCA-1900-9,05,SRC030,statute_to_curated_topic,candidate
commonlii-LKCA-1900-9,09,SRC030,statute_to_curated_topic,candidate
commonlii-LKCA-1900-9,17,SRC030,statute_to_curated_topic,candidate
commonlii-LKCA-1901-11,05,SRC029,statute_to_curated_topic,candidate
commonlii-LKCA-1901-12,05,SRC030,statute_to_curated_topic,candidate
commonlii-LKCA-1901-12,09,SRC030,statute_to_curated_topic,candidate
commonlii-LKCA-1901-12,09,SRC071,statute_to_curated_topic,candidate
commonlii-LKCA-1901-12,17,SRC030,statute_to_curated_topic,candidate
commonlii-LKCA-1901-12,18,SRC071,statute_to_curated_topic,candidate
commonlii-LKCA-1901-13,05,SRC030,statute_to_curated_topic,candidate
commonlii-LKCA-1901-13,09,SRC030,statute_to_curated_topic,candidate
commonlii-LKCA-1901-13,17,SRC030,statute_to_curated_topic,candidate
commonlii-LKCA-1901-15,05,SRC030,statute_to_curated_topic,candidate
commonlii-LKCA-1901-15,09,SRC030,statute_to_curated_topic,candidate
commonlii-LKCA-1901-15,17,SRC030,statute_to_curated_topic,candidate
commonlii-LKCA-1901-18,05,SRC030,statute_to_curated_topic,candidate
commonlii-LKCA-1901-18,09,SRC030,statute_to_curated_topic,candidate
commonlii-LKCA-1901-18,17,SRC030,statute_to_curated_topic,candidate
commonlii-LKCA-1901-25,09,SRC071,statute_to_curated_topic,candidate
commonlii-LKCA-1901-25,18,SRC071,statute_to_curated_topic,candidate
commonlii-LKCA-1901-3,05,SRC030,statute_to_curated_topic,candidate
commonlii-LKCA-1901-3,09,SRC030,statute_to_curated_topic,candidate
commonlii-LKCA-1901-3,17,SRC030,statute_to_curated_topic,candidate
commonlii-LKCA-1901-30,12,SRC051,statute_to_curated_topic,candidate
commonlii-LKCA-1901-32,05,SRC030,statute_to_curated_topic,candidate
commonlii-LKCA-1901-32,09,SRC030,statute_to_curated_topic,candidate
commonlii-LKCA-1901-32,17,SRC030,statute_to_curated_topic,candidate
commonlii-LKCA-1901-33,09,SRC071,statute_to_curated_topic,candidate
commonlii-LKCA-1901-33,18,SRC071,statute_to_curated_topic,candidate
commonlii-LKCA-1901-4,05,SRC030,statute_to_curated_topic,candidate
commonlii-LKCA-1901-4,09,SRC030,statute_to_curated_topic,candidate
commonlii-LKCA-1901-4,17,SRC030,statute_to_curated_topic,candidate
commonlii-LKCA-1901-5,05,SRC030,statute_to_curated_topic,candidate
commonlii-LKCA-1901-5,09,SRC030,statute_to_curated_topic,candidate
commonlii-LKCA-1901-5,17,SRC030,statute_to_curated_topic,candidate
commonlii-LKCA-1902-12,05,SRC030,statute_to_curated_topic,candidate
commonlii-LKCA-1902-12,09,SRC030,statute_to_curated_topic,candidate
commonlii-LKCA-1902-12,17,SRC030,statute_to_curated_topic,candidate
commonlii-LKCA-1902-13,05,SRC030,statute_to_curated_topic,candidate
commonlii-LKCA-1902-13,09,SRC030,statute_to_curated_topic,candidate
commonlii-LKCA-1902-13,17,SRC030,statute_to_curated_topic,candidate
commonlii-LKCA-1902-15,05,SRC030,statute_to_curated_topic,candidate
commonlii-LKCA-1902-15,09,SRC030,statute_to_curated_topic,candidate
commonlii-LKCA-1902-15,17,SRC030,statute_to_curated_topic,candidate
commonlii-LKCA-1902-17,05,SRC030,statute_to_curated_topic,candidate
commonlii-LKCA-1902-17,09,SRC030,statute_to_curated_topic,candidate
commonlii-LKCA-1902-17,17,SRC030,statute_to_curated_topic,candidate
commonlii-LKCA-1902-2,05,SRC030,statute_to_curated_topic,candidate
commonlii-LKCA-1902-2,09,SRC030,statute_to_curated_topic,candidate
commonlii-LKCA-1902-2,17,SRC030,statute_to_curated_topic,candidate
commonlii-LKCA-1902-22,05,SRC030,statute_to_curated_topic,candidate
commonlii-LKCA-1902-22,09,SRC030,statute_to_curated_topic,candidate
commonlii-LKCA-1902-22,17,SRC030,statute_to_curated_topic,candidate
commonlii-LKCA-1902-23,05,SRC030,statute_to_curated_topic,candidate
commonlii-LKCA-1902-23,09,SRC030,statute_to_curated_topic,candidate
commonlii-LKCA-1902-23,17,SRC030,statute_to_curated_topic,candidate
commonlii-LKCA-1902-29,05,SRC030,statute_to_curated_topic,candidate
commonlii-LKCA-1902-29,09,SRC030,statute_to_curated_topic,candidate
commonlii-LKCA-1902-29,09,SRC071,statute_to_curated_topic,candidate
commonlii-LKCA-1902-29,17,SRC030,statute_to_curated_topic,candidate
commonlii-LKCA-1902-29,18,SRC071,statute_to_curated_topic,candidate
commonlii-LKCA-1902-30,05,SRC030,statute_to_curated_topic,candidate
commonlii-LKCA-1902-30,09,SRC030,statute_to_curated_topic,candidate
commonlii-LKCA-1902-30,17,SRC030,statute_to_curated_topic,candidate
commonlii-LKCA-1902-44,05,SRC030,statute_to_curated_topic,candidate
commonlii-LKCA-1902-44,09,SRC030,statute_to_curated_topic,candidate
commonlii-LKCA-1902-44,17,SRC030,statute_to_curated_topic,candidate
commonlii-LKCA-1902-48,09,SRC071,statute_to_curated_topic,candidate
commonlii-LKCA-1902-48,18,SRC071,statute_to_curated_topic,candidate
commonlii-LKCA-1902-58,05,SRC030,statute_to_curated_topic,candidate
commonlii-LKCA-1902-58,09,SRC030,statute_to_curated_topic,candidate
commonlii-LKCA-1902-58,17,SRC030,statute_to_curated_topic,candidate
commonlii-LKCA-1902-6,05,SRC030,statute_to_curated_topic,candidate
commonlii-LKCA-1902-6,09,SRC030,statute_to_curated_topic,candidate
commonlii-LKCA-1902-6,17,SRC030,statute_to_curated_topic,candidate
commonlii-LKCA-1902-7,05,SRC030,statute_to_curated_topic,candidate
commonlii-LKCA-1902-7,09,SRC030,statute_to_curated_topic,candidate
commonlii-LKCA-1902-7,17,SRC030,statute_to_curated_topic,candidate
commonlii-LKCA-1903-10,05,SRC030,statute_to_curated_topic,candidate
commonlii-LKCA-1903-10,09,SRC030,statute_to_curated_topic,candidate
commonlii-LKCA-1903-10,17,SRC030,statute_to_curated_topic,candidate
commonlii-LKCA-1903-12,05,SRC030,statute_to_curated_topic,candidate
commonlii-LKCA-1903-12,09,SRC030,statute_to_curated_topic,candidate
commonlii-LKCA-1903-12,17,SRC030,statute_to_curated_topic,candidate
commonlii-LKCA-1903-14,05,SRC030,statute_to_curated_topic,candidate
commonlii-LKCA-1903-14,09,SRC030,statute_to_curated_topic,candidate
commonlii-LKCA-1903-14,09,SRC071,statute_to_curated_topic,candidate
commonlii-LKCA-1903-14,17,SRC030,statute_to_curated_topic,candidate
commonlii-LKCA-1903-14,18,SRC071,statute_to_curated_topic,candidate
commonlii-LKCA-1903-22,11,SRC049,statute_to_curated_topic,candidate
commonlii-LKCA-1903-22,20,SRC049,statute_to_curated_topic,candidate
commonlii-LKCA-1903-23,05,SRC030,statute_to_curated_topic,candidate
commonlii-LKCA-1903-23,09,SRC030,statute_to_curated_topic,candidate
commonlii-LKCA-1903-23,17,SRC030,statute_to_curated_topic,candidate
commonlii-LKCA-1903-26,05,SRC030,statute_to_curated_topic,candidate
commonlii-LKCA-1903-26,09,SRC030,statute_to_curated_topic,candidate
commonlii-LKCA-1903-26,17,SRC030,statute_to_curated_topic,candidate
commonlii-LKCA-1903-27,05,SRC030,statute_to_curated_topic,candidate
commonlii-LKCA-1903-27,09,SRC030,statute_to_curated_topic,candidate
commonlii-LKCA-1903-27,17,SRC030,statute_to_curated_topic,candidate
commonlii-LKCA-1903-3,05,SRC030,statute_to_curated_topic,candidate
commonlii-LKCA-1903-3,09,SRC030,statute_to_curated_topic,candidate
commonlii-LKCA-1903-3,17,SRC030,statute_to_curated_topic,candidate
commonlii-LKCA-1903-32,05,SRC030,statute_to_curated_topic,candidate
commonlii-LKCA-1903-32,09,SRC030,statute_to_curated_topic,candidate
commonlii-LKCA-1903-32,17,SRC030,statute_to_curated_topic,candidate
commonlii-LKCA-1903-34,05,SRC029,statute_to_curated_topic,candidate
commonlii-LKCA-1903-35,05,SRC030,statute_to_curated_topic,candidate
commonlii-LKCA-1903-35,09,SRC030,statute_to_curated_topic,candidate
commonlii-LKCA-1903-35,17,SRC030,statute_to_curated_topic,candidate
commonlii-LKCA-1903-36,05,SRC030,statute_to_curated_topic,candidate
commonlii-LKCA-1903-36,09,SRC030,statute_to_curated_topic,candidate
commonlii-LKCA-1903-36,17,SRC030,statute_to_curated_topic,candidate
commonlii-LKCA-1903-4,05,SRC030,statute_to_curated_topic,candidate
commonlii-LKCA-1903-4,09,SRC030,statute_to_curated_topic,candidate
commonlii-LKCA-1903-4,17,SRC030,statute_to_curated_topic,candidate
commonlii-LKCA-1903-49,05,SRC029,statute_to_curated_topic,candidate
commonlii-LKCA-1903-49,17,SRC065,statute_to_curated_topic,candidate
commonlii-LKCA-1903-5,05,SRC030,statute_to_curated_topic,candidate
commonlii-LKCA-1903-5,09,SRC030,statute_to_curated_topic,candidate
commonlii-LKCA-1903-5,17,SRC030,statute_to_curated_topic,candidate
commonlii-LKCA-1903-51,05,SRC030,statute_to_curated_topic,candidate
commonlii-LKCA-1903-51,09,SRC030,statute_to_curated_topic,candidate
commonlii-LKCA-1903-51,17,SRC030,statute_to_curated_topic,candidate
commonlii-LKCA-1903-52,05,SRC030,statute_to_curated_topic,candidate
commonlii-LKCA-1903-52,09,SRC030,statute_to_curated_topic,candidate
commonlii-LKCA-1903-52,17,SRC030,statute_to_curated_topic,candidate
commonlii-LKCA-1903-56,09,SRC071,statute_to_curated_topic,candidate
commonlii-LKCA-1903-56,18,SRC071,statute_to_curated_topic,candidate
commonlii-LKCA-1903-6,05,SRC030,statute_to_curated_topic,candidate
commonlii-LKCA-1903-6,09,SRC030,statute_to_curated_topic,candidate
commonlii-LKCA-1903-6,17,SRC030,statute_to_curated_topic,candidate
commonlii-LKCA-1903-7,05,SRC030,statute_to_curated_topic,candidate
commonlii-LKCA-1903-7,09,SRC030,statute_to_curated_topic,candidate
commonlii-LKCA-1903-7,09,SRC071,statute_to_curated_topic,candidate
commonlii-LKCA-1903-7,17,SRC030,statute_to_curated_topic,candidate
commonlii-LKCA-1903-7,18,SRC071,statute_to_curated_topic,candidate
commonlii-LKCA-1903-8,05,SRC030,statute_to_curated_topic,candidate
commonlii-LKCA-1903-8,09,SRC030,statute_to_curated_topic,candidate
commonlii-LKCA-1903-8,17,SRC030,statute_to_curated_topic,candidate
commonlii-LKCA-1903-83,05,SRC014,statute_to_curated_topic,candidate
commonlii-LKCA-1903-83,06,SRC014,statute_to_curated_topic,candidate
commonlii-LKCA-1903-83,08,SRC014,statute_to_curated_topic,candidate
commonlii-LKCA-1903-83,17,SRC014,statute_to_curated_topic,candidate
commonlii-LKCA-1903-83,20,SRC014,statute_to_curated_topic,candidate
commonlii-LKCA-1903-84,09,SRC071,statute_to_curated_topic,candidate
commonlii-LKCA-1903-84,18,SRC071,statute_to_curated_topic,candidate
commonlii-LKCA-1903-85,05,SRC030,statute_to_curated_topic,candidate
commonlii-LKCA-1903-85,09,SRC030,statute_to_curated_topic,candidate
commonlii-LKCA-1903-85,17,SRC030,statute_to_curated_topic,candidate
commonlii-LKCA-1903-87,16,SRC061,statute_to_curated_topic,candidate
commonlii-LKCA-1903-88,05,SRC030,statute_to_curated_topic,candidate
commonlii-LKCA-1903-88,09,SRC030,statute_to_curated_topic,candidate
commonlii-LKCA-1903-88,17,SRC030,statute_to_curated_topic,candidate
commonlii-LKCA-1903-89,05,SRC030,statute_to_curated_topic,candidate
commonlii-LKCA-1903-89,09,SRC030,statute_to_curated_topic,candidate
commonlii-LKCA-1903-89,17,SRC030,statute_to_curated_topic,candidate
commonlii-LKCA-1903-92,09,SRC071,statute_to_curated_topic,candidate
commonlii-LKCA-1903-92,18,SRC071,statute_to_curated_topic,candidate
commonlii-LKCA-1903-93,09,SRC071,statute_to_curated_topic,candidate
commonlii-LKCA-1903-93,18,SRC071,statute_to_curated_topic,candidate
commonlii-LKCA-1903-96,05,SRC030,statute_to_curated_topic,candidate
commonlii-LKCA-1903-96,09,SRC030,statute_to_curated_topic,candidate
commonlii-LKCA-1903-96,17,SRC030,statute_to_curated_topic,candidate
commonlii-LKCA-1903-97,05,SRC030,statute_to_curated_topic,candidate
commonlii-LKCA-1903-97,09,SRC030,statute_to_curated_topic,candidate
commonlii-LKCA-1903-97,17,SRC030,statute_to_curated_topic,candidate
commonlii-LKCA-1904-1,05,SRC030,statute_to_curated_topic,candidate
commonlii-LKCA-1904-1,09,SRC030,statute_to_curated_topic,candidate
commonlii-LKCA-1904-1,17,SRC030,statute_to_curated_topic,candidate
commonlii-LKCA-1904-11,05,SRC030,statute_to_curated_topic,candidate
commonlii-LKCA-1904-11,09,SRC030,statute_to_curated_topic,candidate
commonlii-LKCA-1904-11,17,SRC030,statute_to_curated_topic,candidate
commonlii-LKCA-1904-13,05,SRC030,statute_to_curated_topic,candidate
commonlii-LKCA-1904-13,09,SRC030,statute_to_curated_topic,candidate
commonlii-LKCA-1904-13,17,SRC030,statute_to_curated_topic,candidate
commonlii-LKCA-1904-22,05,SRC030,statute_to_curated_topic,candidate
commonlii-LKCA-1904-22,09,SRC030,statute_to_curated_topic,candidate
commonlii-LKCA-1904-22,17,SRC030,statute_to_curated_topic,candidate
commonlii-LKCA-1904-23,05,SRC030,statute_to_curated_topic,candidate
commonlii-LKCA-1904-23,09,SRC030,statute_to_curated_topic,candidate
commonlii-LKCA-1904-23,17,SRC030,statute_to_curated_topic,candidate
commonlii-LKCA-1904-29,05,SRC030,statute_to_curated_topic,candidate
commonlii-LKCA-1904-29,09,SRC030,statute_to_curated_topic,candidate
commonlii-LKCA-1904-29,17,SRC030,statute_to_curated_topic,candidate
commonlii-LKCA-1904-31,05,SRC029,statute_to_curated_topic,candidate
commonlii-LKCA-1904-31,05,SRC030,statute_to_curated_topic,candidate
commonlii-LKCA-1904-31,09,SRC030,statute_to_curated_topic,candidate
commonlii-LKCA-1904-31,17,SRC030,statute_to_curated_topic,candidate
commonlii-LKCA-1904-33,09,SRC071,statute_to_curated_topic,candidate
commonlii-LKCA-1904-33,18,SRC071,statute_to_curated_topic,candidate
commonlii-LKCA-1904-35,05,SRC030,statute_to_curated_topic,candidate
commonlii-LKCA-1904-35,09,SRC030,statute_to_curated_topic,candidate
commonlii-LKCA-1904-35,17,SRC030,statute_to_curated_topic,candidate
commonlii-LKCA-1904-8,05,SRC030,statute_to_curated_topic,candidate
commonlii-LKCA-1904-8,09,SRC030,statute_to_curated_topic,candidate
commonlii-LKCA-1904-8,17,SRC030,statute_to_curated_topic,candidate
commonlii-LKCA-1905-1,09,SRC071,statute_to_curated_topic,candidate
commonlii-LKCA-1905-1,18,SRC071,statute_to_curated_topic,candidate
commonlii-LKCA-1905-16,05,SRC029,statute_to_curated_topic,candidate
commonlii-LKCA-1905-17,05,SRC030,statute_to_curated_topic,candidate
commonlii-LKCA-1905-17,09,SRC030,statute_to_curated_topic,candidate
commonlii-LKCA-1905-17,17,SRC030,statute_to_curated_topic,candidate
commonlii-LKCA-1905-20,05,SRC030,statute_to_curated_topic,candidate
commonlii-LKCA-1905-20,09,SRC030,statute_to_curated_topic,candidate
commonlii-LKCA-1905-20,17,SRC030,statute_to_curated_topic,candidate
commonlii-LKCA-1905-22,09,SRC071,statute_to_curated_topic,candidate
commonlii-LKCA-1905-22,18,SRC071,statute_to_curated_topic,candidate
commonlii-LKCA-1905-26,05,SRC029,statute_to_curated_topic,candidate
commonlii-LKCA-1905-26,05,SRC030,statute_to_curated_topic,candidate
commonlii-LKCA-1905-26,09,SRC030,statute_to_curated_topic,candidate
commonlii-LKCA-1905-26,17,SRC030,statute_to_curated_topic,candidate
commonlii-LKCA-1905-28,05,SRC030,statute_to_curated_topic,candidate
commonlii-LKCA-1905-28,09,SRC030,statute_to_curated_topic,candidate
commonlii-LKCA-1905-28,17,SRC030,statute_to_curated_topic,candidate
commonlii-LKCA-1905-3,05,SRC030,statute_to_curated_topic,candidate
commonlii-LKCA-1905-3,09,SRC030,statute_to_curated_topic,candidate
commonlii-LKCA-1905-3,17,SRC030,statute_to_curated_topic,candidate
commonlii-LKCA-1905-4,05,SRC030,statute_to_curated_topic,candidate
commonlii-LKCA-1905-4,09,SRC030,statute_to_curated_topic,candidate
commonlii-LKCA-1905-4,17,SRC030,statute_to_curated_topic,candidate
commonlii-LKCA-1905-41,05,SRC029,statute_to_curated_topic,candidate
commonlii-LKCA-1905-42,05,SRC030,statute_to_curated_topic,candidate
commonlii-LKCA-1905-42,09,SRC030,statute_to_curated_topic,candidate
commonlii-LKCA-1905-42,09,SRC071,statute_to_curated_topic,candidate
commonlii-LKCA-1905-42,17,SRC030,statute_to_curated_topic,candidate
commonlii-LKCA-1905-42,18,SRC071,statute_to_curated_topic,candidate
commonlii-LKCA-1905-5,09,SRC071,statute_to_curated_topic,candidate
commonlii-LKCA-1905-5,18,SRC071,statute_to_curated_topic,candidate
commonlii-LKCA-1906-1,05,SRC030,statute_to_curated_topic,candidate
commonlii-LKCA-1906-1,09,SRC030,statute_to_curated_topic,candidate
commonlii-LKCA-1906-1,09,SRC071,statute_to_curated_topic,candidate
commonlii-LKCA-1906-1,17,SRC030,statute_to_curated_topic,candidate
commonlii-LKCA-1906-1,18,SRC071,statute_to_curated_topic,candidate
commonlii-LKCA-1906-10,05,SRC029,statute_to_curated_topic,candidate
commonlii-LKCA-1906-16,05,SRC030,statute_to_curated_topic,candidate
commonlii-LKCA-1906-16,09,SRC030,statute_to_curated_topic,candidate
commonlii-LKCA-1906-16,11,SRC049,statute_to_curated_topic,candidate
commonlii-LKCA-1906-16,17,SRC030,statute_to_curated_topic,candidate
commonlii-LKCA-1906-16,20,SRC049,statute_to_curated_topic,candidate
commonlii-LKCA-1906-17,05,SRC029,statute_to_curated_topic,candidate
commonlii-LKCA-1906-17,16,SRC061,statute_to_curated_topic,candidate
commonlii-LKCA-1906-18,05,SRC030,statute_to_curated_topic,candidate
commonlii-LKCA-1906-18,09,SRC030,statute_to_curated_topic,candidate
commonlii-LKCA-1906-18,09,SRC071,statute_to_curated_topic,candidate
commonlii-LKCA-1906-18,17,SRC030,statute_to_curated_topic,candidate
commonlii-LKCA-1906-18,18,SRC071,statute_to_curated_topic,candidate
commonlii-LKCA-1906-2,05,SRC030,statute_to_curated_topic,candidate
commonlii-LKCA-1906-2,09,SRC030,statute_to_curated_topic,candidate
commonlii-LKCA-1906-2,17,SRC030,statute_to_curated_topic,candidate
commonlii-LKCA-1906-20,05,SRC030,statute_to_curated_topic,candidate
commonlii-LKCA-1906-20,09,SRC030,statute_to_curated_topic,candidate
commonlii-LKCA-1906-20,17,SRC030,statute_to_curated_topic,candidate
commonlii-LKCA-1906-22,05,SRC030,statute_to_curated_topic,candidate
commonlii-LKCA-1906-22,09,SRC030,statute_to_curated_topic,candidate
commonlii-LKCA-1906-22,17,SRC030,statute_to_curated_topic,candidate
commonlii-LKCA-1906-22,17,SRC064,statute_to_curated_topic,candidate
commonlii-LKCA-1906-23,05,SRC030,statute_to_curated_topic,candidate
commonlii-LKCA-1906-23,09,SRC030,statute_to_curated_topic,candidate
commonlii-LKCA-1906-23,17,SRC030,statute_to_curated_topic,candidate
commonlii-LKCA-1906-25,05,SRC030,statute_to_curated_topic,candidate
commonlii-LKCA-1906-25,09,SRC030,statute_to_curated_topic,candidate
commonlii-LKCA-1906-25,17,SRC030,statute_to_curated_topic,candidate
commonlii-LKCA-1906-26,05,SRC030,statute_to_curated_topic,candidate
commonlii-LKCA-1906-26,09,SRC030,statute_to_curated_topic,candidate
commonlii-LKCA-1906-26,17,SRC030,statute_to_curated_topic,candidate
commonlii-LKCA-1906-28,05,SRC030,statute_to_curated_topic,candidate
commonlii-LKCA-1906-28,09,SRC030,statute_to_curated_topic,candidate
commonlii-LKCA-1906-28,17,SRC030,statute_to_curated_topic,candidate
commonlii-LKCA-1906-34,05,SRC030,statute_to_curated_topic,candidate
commonlii-LKCA-1906-34,09,SRC030,statute_to_curated_topic,candidate
commonlii-LKCA-1906-34,17,SRC030,statute_to_curated_topic,candidate
commonlii-LKCA-1906-36,09,SRC071,statute_to_curated_topic,candidate
commonlii-LKCA-1906-36,18,SRC071,statute_to_curated_topic,candidate
commonlii-LKCA-1906-37,05,SRC030,statute_to_curated_topic,candidate
commonlii-LKCA-1906-37,09,SRC030,statute_to_curated_topic,candidate
commonlii-LKCA-1906-37,17,SRC030,statute_to_curated_topic,candidate
commonlii-LKCA-1906-4,05,SRC030,statute_to_curated_topic,candidate
commonlii-LKCA-1906-4,09,SRC030,statute_to_curated_topic,candidate
commonlii-LKCA-1906-4,17,SRC030,statute_to_curated_topic,candidate
commonlii-LKCA-1906-40,05,SRC014,statute_to_curated_topic,candidate
commonlii-LKCA-1906-40,05,SRC029,statute_to_curated_topic,candidate
commonlii-LKCA-1906-40,06,SRC014,statute_to_curated_topic,candidate
commonlii-LKCA-1906-40,08,SRC014,statute_to_curated_topic,candidate
commonlii-LKCA-1906-40,17,SRC014,statute_to_curated_topic,candidate
commonlii-LKCA-1906-40,20,SRC014,statute_to_curated_topic,candidate
commonlii-LKCA-1906-41,11,SRC049,statute_to_curated_topic,candidate
commonlii-LKCA-1906-41,20,SRC049,statute_to_curated_topic,candidate
commonlii-LKCA-1906-45,05,SRC029,statute_to_curated_topic,candidate
commonlii-LKCA-1906-45,05,SRC030,statute_to_curated_topic,candidate
commonlii-LKCA-1906-45,09,SRC030,statute_to_curated_topic,candidate
commonlii-LKCA-1906-45,17,SRC030,statute_to_curated_topic,candidate
commonlii-LKCA-1906-5,05,SRC030,statute_to_curated_topic,candidate
commonlii-LKCA-1906-5,09,SRC030,statute_to_curated_topic,candidate
commonlii-LKCA-1906-5,17,SRC030,statute_to_curated_topic,candidate
commonlii-LKCA-1906-52,05,SRC030,statute_to_curated_topic,candidate
commonlii-LKCA-1906-52,09,SRC030,statute_to_curated_topic,candidate
commonlii-LKCA-1906-52,17,SRC030,statute_to_curated_topic,candidate
commonlii-LKCA-1906-58,05,SRC030,statute_to_curated_topic,candidate
commonlii-LKCA-1906-58,09,SRC030,statute_to_curated_topic,candidate
commonlii-LKCA-1906-58,17,SRC030,statute_to_curated_topic,candidate
commonlii-LKCA-1906-59,09,SRC071,statute_to_curated_topic,candidate
commonlii-LKCA-1906-59,18,SRC071,statute_to_curated_topic,candidate
commonlii-LKCA-1906-6,05,SRC030,statute_to_curated_topic,candidate
commonlii-LKCA-1906-6,09,SRC030,statute_to_curated_topic,candidate
commonlii-LKCA-1906-6,17,SRC030,statute_to_curated_topic,candidate
commonlii-LKCA-1906-62,05,SRC029,statute_to_curated_topic,candidate
commonlii-LKCA-1906-64,05,SRC030,statute_to_curated_topic,candidate
commonlii-LKCA-1906-64,09,SRC030,statute_to_curated_topic,candidate
commonlii-LKCA-1906-64,17,SRC030,statute_to_curated_topic,candidate
commonlii-LKCA-1906-8,05,SRC030,statute_to_curated_topic,candidate
commonlii-LKCA-1906-8,09,SRC030,statute_to_curated_topic,candidate
commonlii-LKCA-1906-8,17,SRC030,statute_to_curated_topic,candidate
commonlii-LKCA-1906-9,05,SRC030,statute_to_curated_topic,candidate
commonlii-LKCA-1906-9,09,SRC030,statute_to_curated_topic,candidate
commonlii-LKCA-1906-9,17,SRC030,statute_to_curated_topic,candidate
commonlii-LKCA-1907-10,05,SRC030,statute_to_curated_topic,candidate
commonlii-LKCA-1907-10,09,SRC030,statute_to_curated_topic,candidate
commonlii-LKCA-1907-10,17,SRC030,statute_to_curated_topic,candidate
commonlii-LKCA-1907-19,05,SRC030,statute_to_curated_topic,candidate
commonlii-LKCA-1907-19,09,SRC030,statute_to_curated_topic,candidate
commonlii-LKCA-1907-19,17,SRC030,statute_to_curated_topic,candidate
commonlii-LKCA-1907-2,05,SRC030,statute_to_curated_topic,candidate
commonlii-LKCA-1907-2,09,SRC030,statute_to_curated_topic,candidate
commonlii-LKCA-1907-2,17,SRC030,statute_to_curated_topic,candidate
commonlii-LKCA-1907-23,05,SRC030,statute_to_curated_topic,candidate
commonlii-LKCA-1907-23,09,SRC030,statute_to_curated_topic,candidate
commonlii-LKCA-1907-23,17,SRC030,statute_to_curated_topic,candidate
commonlii-LKCA-1907-24,05,SRC029,statute_to_curated_topic,candidate
commonlii-LKCA-1907-28,09,SRC071,statute_to_curated_topic,candidate
commonlii-LKCA-1907-28,18,SRC071,statute_to_curated_topic,candidate
commonlii-LKCA-1907-3,05,SRC030,statute_to_curated_topic,candidate
commonlii-LKCA-1907-3,09,SRC030,statute_to_curated_topic,candidate
commonlii-LKCA-1907-3,17,SRC030,statute_to_curated_topic,candidate
commonlii-LKCA-1907-30,05,SRC030,statute_to_curated_topic,candidate
commonlii-LKCA-1907-30,09,SRC030,statute_to_curated_topic,candidate
commonlii-LKCA-1907-30,17,SRC030,statute_to_curated_topic,candidate
commonlii-LKCA-1907-5,05,SRC029,statute_to_curated_topic,candidate
commonlii-LKCA-1907-5,05,SRC030,statute_to_curated_topic,candidate
commonlii-LKCA-1907-5,09,SRC030,statute_to_curated_topic,candidate
commonlii-LKCA-1907-5,17,SRC030,statute_to_curated_topic,candidate
commonlii-LKCA-1907-8,05,SRC030,statute_to_curated_topic,candidate
commonlii-LKCA-1907-8,09,SRC030,statute_to_curated_topic,candidate
commonlii-LKCA-1907-8,09,SRC071,statute_to_curated_topic,candidate
commonlii-LKCA-1907-8,17,SRC030,statute_to_curated_topic,candidate
commonlii-LKCA-1907-8,18,SRC071,statute_to_curated_topic,candidate
commonlii-LKCA-1908-10,09,SRC071,statute_to_curated_topic,candidate
commonlii-LKCA-1908-10,18,SRC071,statute_to_curated_topic,candidate
commonlii-LKCA-1908-19,05,SRC030,statute_to_curated_topic,candidate
commonlii-LKCA-1908-19,09,SRC030,statute_to_curated_topic,candidate
commonlii-LKCA-1908-19,17,SRC030,statute_to_curated_topic,candidate
commonlii-LKCA-1908-20,05,SRC030,statute_to_curated_topic,candidate
commonlii-LKCA-1908-20,09,SRC030,statute_to_curated_topic,candidate
commonlii-LKCA-1908-20,17,SRC030,statute_to_curated_topic,candidate
commonlii-LKCA-1908-23,09,SRC071,statute_to_curated_topic,candidate
commonlii-LKCA-1908-23,18,SRC071,statute_to_curated_topic,candidate
commonlii-LKCA-1908-25,05,SRC029,statute_to_curated_topic,candidate
commonlii-LKCA-1908-26,05,SRC030,statute_to_curated_topic,candidate
commonlii-LKCA-1908-26,09,SRC030,statute_to_curated_topic,candidate
commonlii-LKCA-1908-26,17,SRC030,statute_to_curated_topic,candidate
commonlii-LKCA-1908-27,05,SRC030,statute_to_curated_topic,candidate
commonlii-LKCA-1908-27,09,SRC030,statute_to_curated_topic,candidate
commonlii-LKCA-1908-27,17,SRC030,statute_to_curated_topic,candidate
commonlii-LKCA-1908-31,11,SRC049,statute_to_curated_topic,candidate
commonlii-LKCA-1908-31,20,SRC049,statute_to_curated_topic,candidate
commonlii-LKCA-1908-34,05,SRC029,statute_to_curated_topic,candidate
commonlii-LKCA-1908-34,09,SRC071,statute_to_curated_topic,candidate
commonlii-LKCA-1908-34,18,SRC071,statute_to_curated_topic,candidate
commonlii-LKCA-1908-42,09,SRC071,statute_to_curated_topic,candidate
commonlii-LKCA-1908-42,18,SRC071,statute_to_curated_topic,candidate
commonlii-LKCA-1908-45,05,SRC030,statute_to_curated_topic,candidate
commonlii-LKCA-1908-45,09,SRC030,statute_to_curated_topic,candidate
commonlii-LKCA-1908-45,17,SRC030,statute_to_curated_topic,candidate
commonlii-LKCA-1908-46,05,SRC029,statute_to_curated_topic,candidate
commonlii-LKCA-1908-46,05,SRC030,statute_to_curated_topic,candidate
commonlii-LKCA-1908-46,09,SRC030,statute_to_curated_topic,candidate
commonlii-LKCA-1908-46,17,SRC030,statute_to_curated_topic,candidate
commonlii-LKCA-1908-50,05,SRC030,statute_to_curated_topic,candidate
commonlii-LKCA-1908-50,09,SRC030,statute_to_curated_topic,candidate
commonlii-LKCA-1908-50,17,SRC030,statute_to_curated_topic,candidate
commonlii-LKCA-1908-53,05,SRC030,statute_to_curated_topic,candidate
commonlii-LKCA-1908-53,09,SRC030,statute_to_curated_topic,candidate
commonlii-LKCA-1908-53,17,SRC030,statute_to_curated_topic,candidate
commonlii-LKCA-1908-57,05,SRC030,statute_to_curated_topic,candidate
commonlii-LKCA-1908-57,09,SRC030,statute_to_curated_topic,candidate
commonlii-LKCA-1908-57,17,SRC030,statute_to_curated_topic,candidate
commonlii-LKCA-1908-58,16,SRC061,statute_to_curated_topic,candidate
commonlii-LKCA-1908-6,05,SRC030,statute_to_curated_topic,candidate
commonlii-LKCA-1908-6,09,SRC030,statute_to_curated_topic,candidate
commonlii-LKCA-1908-6,17,SRC030,statute_to_curated_topic,candidate
commonlii-LKCA-1908-62,05,SRC030,statute_to_curated_topic,candidate
commonlii-LKCA-1908-62,09,SRC030,statute_to_curated_topic,candidate
commonlii-LKCA-1908-62,17,SRC030,statute_to_curated_topic,candidate
commonlii-LKCA-1908-64,05,SRC030,statute_to_curated_topic,candidate
commonlii-LKCA-1908-64,09,SRC030,statute_to_curated_topic,candidate
commonlii-LKCA-1908-64,17,SRC030,statute_to_curated_topic,candidate
commonlii-LKCA-1908-65,05,SRC030,statute_to_curated_topic,candidate
commonlii-LKCA-1908-65,09,SRC030,statute_to_curated_topic,candidate
commonlii-LKCA-1908-65,17,SRC030,statute_to_curated_topic,candidate
commonlii-LKCA-1908-66,05,SRC030,statute_to_curated_topic,candidate
commonlii-LKCA-1908-66,09,SRC030,statute_to_curated_topic,candidate
commonlii-LKCA-1908-66,17,SRC030,statute_to_curated_topic,candidate
commonlii-LKCA-1908-69,05,SRC030,statute_to_curated_topic,candidate
commonlii-LKCA-1908-69,09,SRC030,statute_to_curated_topic,candidate
commonlii-LKCA-1908-69,17,SRC030,statute_to_curated_topic,candidate
commonlii-LKCA-1908-8,05,SRC030,statute_to_curated_topic,candidate
commonlii-LKCA-1908-8,09,SRC030,statute_to_curated_topic,candidate
commonlii-LKCA-1908-8,17,SRC030,statute_to_curated_topic,candidate
commonlii-LKCA-1909-11,09,SRC071,statute_to_curated_topic,candidate
commonlii-LKCA-1909-11,18,SRC071,statute_to_curated_topic,candidate
commonlii-LKCA-1909-13,05,SRC029,statute_to_curated_topic,candidate
commonlii-LKCA-1909-14,05,SRC030,statute_to_curated_topic,candidate
commonlii-LKCA-1909-14,09,SRC030,statute_to_curated_topic,candidate
commonlii-LKCA-1909-14,17,SRC030,statute_to_curated_topic,candidate
commonlii-LKCA-1909-15,05,SRC030,statute_to_curated_topic,candidate
commonlii-LKCA-1909-15,09,SRC030,statute_to_curated_topic,candidate
commonlii-LKCA-1909-15,17,SRC030,statute_to_curated_topic,candidate
commonlii-LKCA-1909-17,05,SRC030,statute_to_curated_topic,candidate
commonlii-LKCA-1909-17,09,SRC030,statute_to_curated_topic,candidate
commonlii-LKCA-1909-17,17,SRC030,statute_to_curated_topic,candidate
commonlii-LKCA-1909-18,05,SRC029,statute_to_curated_topic,candidate
commonlii-LKCA-1909-18,05,SRC030,statute_to_curated_topic,candidate
commonlii-LKCA-1909-18,09,SRC030,statute_to_curated_topic,candidate
commonlii-LKCA-1909-18,17,SRC030,statute_to_curated_topic,candidate
commonlii-LKCA-1909-21,05,SRC030,statute_to_curated_topic,candidate
commonlii-LKCA-1909-21,09,SRC030,statute_to_curated_topic,candidate
commonlii-LKCA-1909-21,17,SRC030,statute_to_curated_topic,candidate
commonlii-LKCA-1909-25,05,SRC030,statute_to_curated_topic,candidate
commonlii-LKCA-1909-25,09,SRC030,statute_to_curated_topic,candidate
commonlii-LKCA-1909-25,17,SRC030,statute_to_curated_topic,candidate
commonlii-LKCA-1909-26,05,SRC030,statute_to_curated_topic,candidate
commonlii-LKCA-1909-26,09,SRC030,statute_to_curated_topic,candidate
commonlii-LKCA-1909-26,17,SRC030,statute_to_curated_topic,candidate
commonlii-LKCA-1909-28,05,SRC030,statute_to_curated_topic,candidate
commonlii-LKCA-1909-28,09,SRC030,statute_to_curated_topic,candidate
commonlii-LKCA-1909-28,09,SRC071,statute_to_curated_topic,candidate
commonlii-LKCA-1909-28,17,SRC030,statute_to_curated_topic,candidate
commonlii-LKCA-1909-28,18,SRC071,statute_to_curated_topic,candidate
commonlii-LKCA-1909-29,05,SRC030,statute_to_curated_topic,candidate
commonlii-LKCA-1909-29,09,SRC030,statute_to_curated_topic,candidate
commonlii-LKCA-1909-29,17,SRC030,statute_to_curated_topic,candidate
commonlii-LKCA-1909-30,05,SRC030,statute_to_curated_topic,candidate
commonlii-LKCA-1909-30,09,SRC030,statute_to_curated_topic,candidate
commonlii-LKCA-1909-30,17,SRC030,statute_to_curated_topic,candidate
commonlii-LKCA-1909-31,05,SRC030,statute_to_curated_topic,candidate
commonlii-LKCA-1909-31,09,SRC030,statute_to_curated_topic,candidate
commonlii-LKCA-1909-31,17,SRC030,statute_to_curated_topic,candidate
commonlii-LKCA-1909-35,05,SRC030,statute_to_curated_topic,candidate
commonlii-LKCA-1909-35,09,SRC030,statute_to_curated_topic,candidate
commonlii-LKCA-1909-35,17,SRC030,statute_to_curated_topic,candidate
commonlii-LKCA-1909-50,05,SRC030,statute_to_curated_topic,candidate
commonlii-LKCA-1909-50,09,SRC030,statute_to_curated_topic,candidate
commonlii-LKCA-1909-50,17,SRC030,statute_to_curated_topic,candidate
commonlii-LKCA-1909-58,05,SRC029,statute_to_curated_topic,candidate
commonlii-LKCA-1909-60,09,SRC071,statute_to_curated_topic,candidate
commonlii-LKCA-1909-60,18,SRC071,statute_to_curated_topic,candidate
commonlii-LKCA-1909-65,09,SRC071,statute_to_curated_topic,candidate
commonlii-LKCA-1909-65,18,SRC071,statute_to_curated_topic,candidate
commonlii-LKCA-1910-2,15,SRC059,statute_to_curated_topic,candidate
commonlii-LKCA-1910-23,09,SRC071,statute_to_curated_topic,candidate
commonlii-LKCA-1910-23,18,SRC071,statute_to_curated_topic,candidate
commonlii-LKCA-1910-25,05,SRC030,statute_to_curated_topic,candidate
commonlii-LKCA-1910-25,09,SRC030,statute_to_curated_topic,candidate
commonlii-LKCA-1910-25,17,SRC030,statute_to_curated_topic,candidate
commonlii-LKCA-1910-26,05,SRC030,statute_to_curated_topic,candidate
commonlii-LKCA-1910-26,09,SRC030,statute_to_curated_topic,candidate
commonlii-LKCA-1910-26,09,SRC071,statute_to_curated_topic,candidate
commonlii-LKCA-1910-26,17,SRC030,statute_to_curated_topic,candidate
commonlii-LKCA-1910-26,18,SRC071,statute_to_curated_topic,candidate
commonlii-LKCA-1910-28,05,SRC030,statute_to_curated_topic,candidate
commonlii-LKCA-1910-28,09,SRC030,statute_to_curated_topic,candidate
commonlii-LKCA-1910-28,17,SRC030,statute_to_curated_topic,candidate
commonlii-LKCA-1910-30,05,SRC030,statute_to_curated_topic,candidate
commonlii-LKCA-1910-30,09,SRC030,statute_to_curated_topic,candidate
commonlii-LKCA-1910-30,17,SRC030,statute_to_curated_topic,candidate
commonlii-LKCA-1910-34,05,SRC030,statute_to_curated_topic,candidate
commonlii-LKCA-1910-34,09,SRC030,statute_to_curated_topic,candidate
commonlii-LKCA-1910-34,17,SRC030,statute_to_curated_topic,candidate
commonlii-LKCA-1910-35,05,SRC030,statute_to_curated_topic,candidate
commonlii-LKCA-1910-35,09,SRC030,statute_to_curated_topic,candidate
commonlii-LKCA-1910-35,17,SRC030,statute_to_curated_topic,candidate
commonlii-LKCA-1910-36,05,SRC030,statute_to_curated_topic,candidate
commonlii-LKCA-1910-36,09,SRC030,statute_to_curated_topic,candidate
commonlii-LKCA-1910-36,17,SRC030,statute_to_curated_topic,candidate
commonlii-LKCA-1910-37,05,SRC030,statute_to_curated_topic,candidate
commonlii-LKCA-1910-37,09,SRC030,statute_to_curated_topic,candidate
commonlii-LKCA-1910-37,17,SRC030,statute_to_curated_topic,candidate
commonlii-LKCA-1910-38,05,SRC030,statute_to_curated_topic,candidate
commonlii-LKCA-1910-38,09,SRC030,statute_to_curated_topic,candidate
commonlii-LKCA-1910-38,17,SRC030,statute_to_curated_topic,candidate
commonlii-LKCA-1910-40,05,SRC030,statute_to_curated_topic,candidate
commonlii-LKCA-1910-40,09,SRC030,statute_to_curated_topic,candidate
commonlii-LKCA-1910-40,17,SRC030,statute_to_curated_topic,candidate
commonlii-LKCA-1910-41,05,SRC030,statute_to_curated_topic,candidate
commonlii-LKCA-1910-41,09,SRC030,statute_to_curated_topic,candidate
commonlii-LKCA-1910-41,17,SRC030,statute_to_curated_topic,candidate
commonlii-LKCA-1910-48,05,SRC029,statute_to_curated_topic,candidate
commonlii-LKCA-1910-50,05,SRC029,statute_to_curated_topic,candidate
commonlii-LKCA-1910-50,05,SRC030,statute_to_curated_topic,candidate
commonlii-LKCA-1910-50,09,SRC030,statute_to_curated_topic,candidate
commonlii-LKCA-1910-50,17,SRC030,statute_to_curated_topic,candidate
commonlii-LKCA-1910-56,05,SRC029,statute_to_curated_topic,candidate
commonlii-LKCA-1910-57,05,SRC029,statute_to_curated_topic,candidate
commonlii-LKCA-1910-57,09,SRC071,statute_to_curated_topic,candidate
commonlii-LKCA-1910-57,18,SRC071,statute_to_curated_topic,candidate
commonlii-LKCA-1910-58,05,SRC030,statute_to_curated_topic,candidate
commonlii-LKCA-1910-58,09,SRC030,statute_to_curated_topic,candidate
commonlii-LKCA-1910-58,17,SRC030,statute_to_curated_topic,candidate
commonlii-LKCA-1910-59,05,SRC029,statute_to_curated_topic,candidate
commonlii-LKCA-1910-6,05,SRC030,statute_to_curated_topic,candidate
commonlii-LKCA-1910-6,09,SRC030,statute_to_curated_topic,candidate
commonlii-LKCA-1910-6,17,SRC030,statute_to_curated_topic,candidate
commonlii-LKCA-1910-60,05,SRC029,statute_to_curated_topic,candidate
commonlii-LKCA-1910-61,05,SRC029,statute_to_curated_topic,candidate
commonlii-LKCA-1910-67,05,SRC014,statute_to_curated_topic,candidate
commonlii-LKCA-1910-67,06,SRC014,statute_to_curated_topic,candidate
commonlii-LKCA-1910-67,08,SRC014,statute_to_curated_topic,candidate
commonlii-LKCA-1910-67,17,SRC014,statute_to_curated_topic,candidate
commonlii-LKCA-1910-67,20,SRC014,statute_to_curated_topic,candidate
commonlii-LKCA-1910-68,05,SRC029,statute_to_curated_topic,candidate
commonlii-LKCA-1910-7,05,SRC030,statute_to_curated_topic,candidate
commonlii-LKCA-1910-7,09,SRC030,statute_to_curated_topic,candidate
commonlii-LKCA-1910-7,17,SRC030,statute_to_curated_topic,candidate
commonlii-LKCA-1910-8,05,SRC030,statute_to_curated_topic,candidate
commonlii-LKCA-1910-8,09,SRC030,statute_to_curated_topic,candidate
commonlii-LKCA-1910-8,17,SRC030,statute_to_curated_topic,candidate
commonlii-LKCA-1910-9,05,SRC030,statute_to_curated_topic,candidate
commonlii-LKCA-1910-9,09,SRC030,statute_to_curated_topic,candidate
commonlii-LKCA-1910-9,17,SRC030,statute_to_curated_topic,candidate
commonlii-LKCA-1911-12,05,SRC030,statute_to_curated_topic,candidate
commonlii-LKCA-1911-12,09,SRC030,statute_to_curated_topic,candidate
commonlii-LKCA-1911-12,17,SRC030,statute_to_curated_topic,candidate
commonlii-LKCA-1911-23,05,SRC030,statute_to_curated_topic,candidate
commonlii-LKCA-1911-23,09,SRC030,statute_to_curated_topic,candidate
commonlii-LKCA-1911-23,11,SRC049,statute_to_curated_topic,candidate
commonlii-LKCA-1911-23,17,SRC030,statute_to_curated_topic,candidate
commonlii-LKCA-1911-23,20,SRC049,statute_to_curated_topic,candidate
commonlii-LKCA-1911-29,05,SRC030,statute_to_curated_topic,candidate
commonlii-LKCA-1911-29,09,SRC030,statute_to_curated_topic,candidate
commonlii-LKCA-1911-29,17,SRC030,statute_to_curated_topic,candidate
commonlii-LKCA-1911-3,05,SRC030,statute_to_curated_topic,candidate
commonlii-LKCA-1911-3,09,SRC030,statute_to_curated_topic,candidate
commonlii-LKCA-1911-3,17,SRC030,statute_to_curated_topic,candidate
commonlii-LKCA-1911-32,05,SRC030,statute_to_curated_topic,candidate
commonlii-LKCA-1911-32,09,SRC030,statute_to_curated_topic,candidate
commonlii-LKCA-1911-32,17,SRC030,statute_to_curated_topic,candidate
commonlii-LKCA-1911-35,05,SRC030,statute_to_curated_topic,candidate
commonlii-LKCA-1911-35,09,SRC030,statute_to_curated_topic,candidate
commonlii-LKCA-1911-35,17,SRC030,statute_to_curated_topic,candidate
commonlii-LKCA-1911-38,05,SRC030,statute_to_curated_topic,candidate
commonlii-LKCA-1911-38,09,SRC030,statute_to_curated_topic,candidate
commonlii-LKCA-1911-38,17,SRC030,statute_to_curated_topic,candidate
commonlii-LKCA-1911-39,05,SRC030,statute_to_curated_topic,candidate
commonlii-LKCA-1911-39,09,SRC030,statute_to_curated_topic,candidate
commonlii-LKCA-1911-39,17,SRC030,statute_to_curated_topic,candidate
commonlii-LKCA-1911-4,05,SRC030,statute_to_curated_topic,candidate
commonlii-LKCA-1911-4,09,SRC030,statute_to_curated_topic,candidate
commonlii-LKCA-1911-4,17,SRC030,statute_to_curated_topic,candidate
commonlii-LKCA-1911-45,05,SRC030,statute_to_curated_topic,candidate
commonlii-LKCA-1911-45,09,SRC030,statute_to_curated_topic,candidate
commonlii-LKCA-1911-45,17,SRC030,statute_to_curated_topic,candidate
commonlii-LKCA-1911-5,05,SRC030,statute_to_curated_topic,candidate
commonlii-LKCA-1911-5,09,SRC030,statute_to_curated_topic,candidate
commonlii-LKCA-1911-5,17,SRC030,statute_to_curated_topic,candidate
commonlii-LKCA-1911-6,05,SRC030,statute_to_curated_topic,candidate
commonlii-LKCA-1911-6,09,SRC030,statute_to_curated_topic,candidate
commonlii-LKCA-1911-6,17,SRC030,statute_to_curated_topic,candidate
commonlii-LKCA-1911-64,05,SRC029,statute_to_curated_topic,candidate
commonlii-LKCA-1911-66,05,SRC029,statute_to_curated_topic,candidate
commonlii-LKCA-1911-7,05,SRC030,statute_to_curated_topic,candidate
commonlii-LKCA-1911-7,09,SRC030,statute_to_curated_topic,candidate
commonlii-LKCA-1911-7,17,SRC030,statute_to_curated_topic,candidate
commonlii-LKCA-1911-72,05,SRC030,statute_to_curated_topic,candidate
commonlii-LKCA-1911-72,09,SRC030,statute_to_curated_topic,candidate
commonlii-LKCA-1911-72,17,SRC030,statute_to_curated_topic,candidate
commonlii-LKCA-1911-73,05,SRC030,statute_to_curated_topic,candidate
commonlii-LKCA-1911-73,09,SRC030,statute_to_curated_topic,candidate
commonlii-LKCA-1911-73,17,SRC030,statute_to_curated_topic,candidate
commonlii-LKCA-1911-78,05,SRC030,statute_to_curated_topic,candidate
commonlii-LKCA-1911-78,09,SRC030,statute_to_curated_topic,candidate
commonlii-LKCA-1911-78,17,SRC030,statute_to_curated_topic,candidate
commonlii-LKCA-1911-86,05,SRC030,statute_to_curated_topic,candidate
commonlii-LKCA-1911-86,09,SRC030,statute_to_curated_topic,candidate
commonlii-LKCA-1911-86,17,SRC030,statute_to_curated_topic,candidate
commonlii-LKCA-1911-91,05,SRC030,statute_to_curated_topic,candidate
commonlii-LKCA-1911-91,09,SRC030,statute_to_curated_topic,candidate
commonlii-LKCA-1911-91,17,SRC030,statute_to_curated_topic,candidate
commonlii-LKCA-1911-94,05,SRC030,statute_to_curated_topic,candidate
commonlii-LKCA-1911-94,09,SRC030,statute_to_curated_topic,candidate
commonlii-LKCA-1911-94,17,SRC030,statute_to_curated_topic,candidate
commonlii-LKCA-1911-96,05,SRC030,statute_to_curated_topic,candidate
commonlii-LKCA-1911-96,09,SRC030,statute_to_curated_topic,candidate
commonlii-LKCA-1911-96,17,SRC030,statute_to_curated_topic,candidate
commonlii-LKCA-1911-99,05,SRC030,statute_to_curated_topic,candidate
commonlii-LKCA-1911-99,09,SRC030,statute_to_curated_topic,candidate
commonlii-LKCA-1911-99,17,SRC030,statute_to_curated_topic,candidate
commonlii-LKCA-1912-1,05,SRC030,statute_to_curated_topic,candidate
commonlii-LKCA-1912-1,09,SRC030,statute_to_curated_topic,candidate
commonlii-LKCA-1912-1,17,SRC030,statute_to_curated_topic,candidate
commonlii-LKCA-1912-107,09,SRC071,statute_to_curated_topic,candidate
commonlii-LKCA-1912-107,18,SRC071,statute_to_curated_topic,candidate
commonlii-LKCA-1912-11,05,SRC030,statute_to_curated_topic,candidate
commonlii-LKCA-1912-11,09,SRC030,statute_to_curated_topic,candidate
commonlii-LKCA-1912-11,17,SRC030,statute_to_curated_topic,candidate
commonlii-LKCA-1912-16,05,SRC029,statute_to_curated_topic,candidate
commonlii-LKCA-1912-19,05,SRC030,statute_to_curated_topic,candidate
commonlii-LKCA-1912-19,09,SRC030,statute_to_curated_topic,candidate
commonlii-LKCA-1912-19,17,SRC030,statute_to_curated_topic,candidate
commonlii-LKCA-1912-24,11,SRC049,statute_to_curated_topic,candidate
commonlii-LKCA-1912-24,20,SRC049,statute_to_curated_topic,candidate
commonlii-LKCA-1912-28,05,SRC030,statute_to_curated_topic,candidate
commonlii-LKCA-1912-28,09,SRC030,statute_to_curated_topic,candidate
commonlii-LKCA-1912-28,17,SRC030,statute_to_curated_topic,candidate
commonlii-LKCA-1912-31,05,SRC030,statute_to_curated_topic,candidate
commonlii-LKCA-1912-31,09,SRC030,statute_to_curated_topic,candidate
commonlii-LKCA-1912-31,17,SRC030,statute_to_curated_topic,candidate
commonlii-LKCA-1912-39,05,SRC030,statute_to_curated_topic,candidate
commonlii-LKCA-1912-39,09,SRC030,statute_to_curated_topic,candidate
commonlii-LKCA-1912-39,17,SRC030,statute_to_curated_topic,candidate
commonlii-LKCA-1912-40,05,SRC030,statute_to_curated_topic,candidate
commonlii-LKCA-1912-40,09,SRC030,statute_to_curated_topic,candidate
commonlii-LKCA-1912-40,17,SRC030,statute_to_curated_topic,candidate
commonlii-LKCA-1912-41,05,SRC030,statute_to_curated_topic,candidate
commonlii-LKCA-1912-41,09,SRC030,statute_to_curated_topic,candidate
commonlii-LKCA-1912-41,17,SRC030,statute_to_curated_topic,candidate
commonlii-LKCA-1912-42,05,SRC028,statute_to_curated_topic,candidate
commonlii-LKCA-1912-42,05,SRC030,statute_to_curated_topic,candidate
commonlii-LKCA-1912-42,09,SRC030,statute_to_curated_topic,candidate
commonlii-LKCA-1912-42,17,SRC028,statute_to_curated_topic,candidate
commonlii-LKCA-1912-42,17,SRC030,statute_to_curated_topic,candidate
commonlii-LKCA-1912-43,05,SRC030,statute_to_curated_topic,candidate
commonlii-LKCA-1912-43,09,SRC030,statute_to_curated_topic,candidate
commonlii-LKCA-1912-43,17,SRC030,statute_to_curated_topic,candidate
commonlii-LKCA-1912-45,05,SRC030,statute_to_curated_topic,candidate
commonlii-LKCA-1912-45,09,SRC030,statute_to_curated_topic,candidate
commonlii-LKCA-1912-45,17,SRC030,statute_to_curated_topic,candidate
commonlii-LKCA-1912-46,05,SRC030,statute_to_curated_topic,candidate
commonlii-LKCA-1912-46,09,SRC030,statute_to_curated_topic,candidate
commonlii-LKCA-1912-46,17,SRC030,statute_to_curated_topic,candidate
commonlii-LKCA-1912-5,05,SRC030,statute_to_curated_topic,candidate
commonlii-LKCA-1912-5,09,SRC030,statute_to_curated_topic,candidate
commonlii-LKCA-1912-5,17,SRC030,statute_to_curated_topic,candidate
commonlii-LKCA-1912-62,05,SRC029,statute_to_curated_topic,candidate
commonlii-LKCA-1912-63,05,SRC029,statute_to_curated_topic,candidate
commonlii-LKCA-1912-69,05,SRC029,statute_to_curated_topic,candidate
commonlii-LKCA-1912-70,05,SRC029,statute_to_curated_topic,candidate
commonlii-LKCA-1912-70,05,SRC030,statute_to_curated_topic,candidate
commonlii-LKCA-1912-70,09,SRC030,statute_to_curated_topic,candidate
commonlii-LKCA-1912-70,17,SRC030,statute_to_curated_topic,candidate
commonlii-LKCA-1912-71,05,SRC030,statute_to_curated_topic,candidate
commonlii-LKCA-1912-71,09,SRC030,statute_to_curated_topic,candidate
commonlii-LKCA-1912-71,17,SRC030,statute_to_curated_topic,candidate
commonlii-LKCA-1912-72,05,SRC029,statute_to_curated_topic,candidate
commonlii-LKCA-1912-73,05,SRC030,statute_to_curated_topic,candidate
commonlii-LKCA-1912-73,09,SRC030,statute_to_curated_topic,candidate
commonlii-LKCA-1912-73,17,SRC030,statute_to_curated_topic,candidate
commonlii-LKCA-1912-74,05,SRC030,statute_to_curated_topic,candidate
commonlii-LKCA-1912-74,09,SRC030,statute_to_curated_topic,candidate
commonlii-LKCA-1912-74,17,SRC030,statute_to_curated_topic,candidate
commonlii-LKCA-1912-81,05,SRC029,statute_to_curated_topic,candidate
commonlii-LKCA-1912-82,05,SRC030,statute_to_curated_topic,candidate
commonlii-LKCA-1912-82,09,SRC030,statute_to_curated_topic,candidate
commonlii-LKCA-1912-82,17,SRC030,statute_to_curated_topic,candidate
commonlii-LKCA-1912-83,05,SRC030,statute_to_curated_topic,candidate
commonlii-LKCA-1912-83,09,SRC030,statute_to_curated_topic,candidate
commonlii-LKCA-1912-83,17,SRC030,statute_to_curated_topic,candidate
commonlii-LKCA-1912-84,05,SRC029,statute_to_curated_topic,candidate
commonlii-LKCA-1912-95,05,SRC029,statute_to_curated_topic,candidate
commonlii-LKCA-1912-98,09,SRC071,statute_to_curated_topic,candidate
commonlii-LKCA-1912-98,18,SRC071,statute_to_curated_topic,candidate
commonlii-LKCA-1913-10,05,SRC030,statute_to_curated_topic,candidate
commonlii-LKCA-1913-10,09,SRC030,statute_to_curated_topic,candidate
commonlii-LKCA-1913-10,17,SRC030,statute_to_curated_topic,candidate
commonlii-LKCA-1913-108,05,SRC030,statute_to_curated_topic,candidate
commonlii-LKCA-1913-108,09,SRC030,statute_to_curated_topic,candidate
commonlii-LKCA-1913-108,17,SRC030,statute_to_curated_topic,candidate
commonlii-LKCA-1913-109,05,SRC030,statute_to_curated_topic,candidate
commonlii-LKCA-1913-109,09,SRC030,statute_to_curated_topic,candidate
commonlii-LKCA-1913-109,17,SRC030,statute_to_curated_topic,candidate
commonlii-LKCA-1913-11,05,SRC030,statute_to_curated_topic,candidate
commonlii-LKCA-1913-11,09,SRC030,statute_to_curated_topic,candidate
commonlii-LKCA-1913-11,17,SRC030,statute_to_curated_topic,candidate
commonlii-LKCA-1913-114,05,SRC030,statute_to_curated_topic,candidate
commonlii-LKCA-1913-114,09,SRC030,statute_to_curated_topic,candidate
commonlii-LKCA-1913-114,17,SRC030,statute_to_curated_topic,candidate
commonlii-LKCA-1913-117,09,SRC071,statute_to_curated_topic,candidate
commonlii-LKCA-1913-117,18,SRC071,statute_to_curated_topic,candidate
commonlii-LKCA-1913-17,05,SRC030,statute_to_curated_topic,candidate
commonlii-LKCA-1913-17,09,SRC030,statute_to_curated_topic,candidate
commonlii-LKCA-1913-17,17,SRC030,statute_to_curated_topic,candidate
commonlii-LKCA-1913-19,05,SRC030,statute_to_curated_topic,candidate
commonlii-LKCA-1913-19,09,SRC030,statute_to_curated_topic,candidate
commonlii-LKCA-1913-19,16,SRC061,statute_to_curated_topic,candidate
commonlii-LKCA-1913-19,17,SRC030,statute_to_curated_topic,candidate
commonlii-LKCA-1913-20,05,SRC030,statute_to_curated_topic,candidate
commonlii-LKCA-1913-20,09,SRC030,statute_to_curated_topic,candidate
commonlii-LKCA-1913-20,17,SRC030,statute_to_curated_topic,candidate
commonlii-LKCA-1913-22,05,SRC030,statute_to_curated_topic,candidate
commonlii-LKCA-1913-22,09,SRC030,statute_to_curated_topic,candidate
commonlii-LKCA-1913-22,17,SRC030,statute_to_curated_topic,candidate
commonlii-LKCA-1913-24,05,SRC029,statute_to_curated_topic,candidate
commonlii-LKCA-1913-24,05,SRC030,statute_to_curated_topic,candidate
commonlii-LKCA-1913-24,09,SRC030,statute_to_curated_topic,candidate
commonlii-LKCA-1913-24,17,SRC030,statute_to_curated_topic,candidate
commonlii-LKCA-1913-26,09,SRC071,statute_to_curated_topic,candidate
commonlii-LKCA-1913-26,18,SRC071,statute_to_curated_topic,candidate
commonlii-LKCA-1913-38,11,SRC049,statute_to_curated_topic,candidate
commonlii-LKCA-1913-38,20,SRC049,statute_to_curated_topic,candidate
commonlii-LKCA-1913-40,05,SRC029,statute_to_curated_topic,candidate
commonlii-LKCA-1913-40,05,SRC030,statute_to_curated_topic,candidate
commonlii-LKCA-1913-40,09,SRC030,statute_to_curated_topic,candidate
commonlii-LKCA-1913-40,17,SRC030,statute_to_curated_topic,candidate
commonlii-LKCA-1913-42,05,SRC029,statute_to_curated_topic,candidate
commonlii-LKCA-1913-48,05,SRC030,statute_to_curated_topic,candidate
commonlii-LKCA-1913-48,09,SRC030,statute_to_curated_topic,candidate
commonlii-LKCA-1913-48,17,SRC030,statute_to_curated_topic,candidate
commonlii-LKCA-1913-50,05,SRC030,statute_to_curated_topic,candidate
commonlii-LKCA-1913-50,09,SRC030,statute_to_curated_topic,candidate
commonlii-LKCA-1913-50,17,SRC030,statute_to_curated_topic,candidate
commonlii-LKCA-1913-54,05,SRC030,statute_to_curated_topic,candidate
commonlii-LKCA-1913-54,09,SRC030,statute_to_curated_topic,candidate
commonlii-LKCA-1913-54,17,SRC030,statute_to_curated_topic,candidate
commonlii-LKCA-1913-63,05,SRC030,statute_to_curated_topic,candidate
commonlii-LKCA-1913-63,09,SRC030,statute_to_curated_topic,candidate
commonlii-LKCA-1913-63,17,SRC030,statute_to_curated_topic,candidate
commonlii-LKCA-1913-7,11,SRC049,statute_to_curated_topic,candidate
commonlii-LKCA-1913-7,20,SRC049,statute_to_curated_topic,candidate
commonlii-LKCA-1913-73,05,SRC029,statute_to_curated_topic,candidate
commonlii-LKCA-1913-77,05,SRC030,statute_to_curated_topic,candidate
commonlii-LKCA-1913-77,09,SRC030,statute_to_curated_topic,candidate
commonlii-LKCA-1913-77,17,SRC030,statute_to_curated_topic,candidate
commonlii-LKCA-1913-8,05,SRC030,statute_to_curated_topic,candidate
commonlii-LKCA-1913-8,09,SRC030,statute_to_curated_topic,candidate
commonlii-LKCA-1913-8,17,SRC030,statute_to_curated_topic,candidate
commonlii-LKCA-1913-80,05,SRC030,statute_to_curated_topic,candidate
commonlii-LKCA-1913-80,09,SRC030,statute_to_curated_topic,candidate
commonlii-LKCA-1913-80,17,SRC030,statute_to_curated_topic,candidate
commonlii-LKCA-1913-84,05,SRC029,statute_to_curated_topic,candidate
commonlii-LKCA-1913-86,05,SRC029,statute_to_curated_topic,candidate
commonlii-LKCA-1913-9,05,SRC030,statute_to_curated_topic,candidate
commonlii-LKCA-1913-9,09,SRC030,statute_to_curated_topic,candidate
commonlii-LKCA-1913-9,11,SRC049,statute_to_curated_topic,candidate
commonlii-LKCA-1913-9,17,SRC030,statute_to_curated_topic,candidate
commonlii-LKCA-1913-9,20,SRC049,statute_to_curated_topic,candidate
commonlii-LKCA-1914-10,05,SRC029,statute_to_curated_topic,candidate
commonlii-LKCA-1914-10,05,SRC030,statute_to_curated_topic,candidate
commonlii-LKCA-1914-10,09,SRC030,statute_to_curated_topic,candidate
commonlii-LKCA-1914-10,17,SRC030,statute_to_curated_topic,candidate
commonlii-LKCA-1914-11,05,SRC030,statute_to_curated_topic,candidate
commonlii-LKCA-1914-11,09,SRC030,statute_to_curated_topic,candidate
commonlii-LKCA-1914-11,17,SRC030,statute_to_curated_topic,candidate
commonlii-LKCA-1914-15,05,SRC030,statute_to_curated_topic,candidate
commonlii-LKCA-1914-15,09,SRC030,statute_to_curated_topic,candidate
commonlii-LKCA-1914-15,17,SRC030,statute_to_curated_topic,candidate
commonlii-LKCA-1914-17,05,SRC029,statute_to_curated_topic,candidate
commonlii-LKCA-1914-17,05,SRC030,statute_to_curated_topic,candidate
commonlii-LKCA-1914-17,09,SRC030,statute_to_curated_topic,candidate
commonlii-LKCA-1914-17,17,SRC030,statute_to_curated_topic,candidate
commonlii-LKCA-1914-21,05,SRC029,statute_to_curated_topic,candidate
commonlii-LKCA-1914-21,05,SRC030,statute_to_curated_topic,candidate
commonlii-LKCA-1914-21,09,SRC030,statute_to_curated_topic,candidate
commonlii-LKCA-1914-21,17,SRC030,statute_to_curated_topic,candidate
commonlii-LKCA-1914-29,05,SRC030,statute_to_curated_topic,candidate
commonlii-LKCA-1914-29,09,SRC030,statute_to_curated_topic,candidate
commonlii-LKCA-1914-29,17,SRC030,statute_to_curated_topic,candidate
commonlii-LKCA-1914-30,05,SRC030,statute_to_curated_topic,candidate
commonlii-LKCA-1914-30,09,SRC030,statute_to_curated_topic,candidate
commonlii-LKCA-1914-30,17,SRC030,statute_to_curated_topic,candidate
commonlii-LKCA-1914-33,05,SRC030,statute_to_curated_topic,candidate
commonlii-LKCA-1914-33,09,SRC030,statute_to_curated_topic,candidate
commonlii-LKCA-1914-33,17,SRC030,statute_to_curated_topic,candidate
commonlii-LKCA-1914-36,05,SRC030,statute_to_curated_topic,candidate
commonlii-LKCA-1914-36,09,SRC030,statute_to_curated_topic,candidate
commonlii-LKCA-1914-36,17,SRC030,statute_to_curated_topic,candidate
commonlii-LKCA-1914-41,05,SRC030,statute_to_curated_topic,candidate
commonlii-LKCA-1914-41,09,SRC030,statute_to_curated_topic,candidate
commonlii-LKCA-1914-41,17,SRC030,statute_to_curated_topic,candidate
commonlii-LKCA-1914-43,05,SRC030,statute_to_curated_topic,candidate
commonlii-LKCA-1914-43,09,SRC030,statute_to_curated_topic,candidate
commonlii-LKCA-1914-43,17,SRC030,statute_to_curated_topic,candidate
commonlii-LKCA-1914-46,05,SRC030,statute_to_curated_topic,candidate
commonlii-LKCA-1914-46,09,SRC030,statute_to_curated_topic,candidate
commonlii-LKCA-1914-46,17,SRC030,statute_to_curated_topic,candidate
commonlii-LKCA-1914-47,05,SRC030,statute_to_curated_topic,candidate
commonlii-LKCA-1914-47,09,SRC030,statute_to_curated_topic,candidate
commonlii-LKCA-1914-47,17,SRC030,statute_to_curated_topic,candidate
commonlii-LKCA-1914-51,11,SRC049,statute_to_curated_topic,candidate
commonlii-LKCA-1914-51,20,SRC049,statute_to_curated_topic,candidate
commonlii-LKCA-1914-57,05,SRC014,statute_to_curated_topic,candidate
commonlii-LKCA-1914-57,05,SRC030,statute_to_curated_topic,candidate
commonlii-LKCA-1914-57,06,SRC014,statute_to_curated_topic,candidate
commonlii-LKCA-1914-57,08,SRC014,statute_to_curated_topic,candidate
commonlii-LKCA-1914-57,09,SRC030,statute_to_curated_topic,candidate
commonlii-LKCA-1914-57,17,SRC014,statute_to_curated_topic,candidate
commonlii-LKCA-1914-57,17,SRC030,statute_to_curated_topic,candidate
commonlii-LKCA-1914-57,20,SRC014,statute_to_curated_topic,candidate
commonlii-LKCA-1914-60,05,SRC029,statute_to_curated_topic,candidate
commonlii-LKCA-1914-60,05,SRC030,statute_to_curated_topic,candidate
commonlii-LKCA-1914-60,09,SRC030,statute_to_curated_topic,candidate
commonlii-LKCA-1914-60,17,SRC030,statute_to_curated_topic,candidate
commonlii-LKCA-1914-63,05,SRC029,statute_to_curated_topic,candidate
commonlii-LKCA-1914-66,05,SRC029,statute_to_curated_topic,candidate
commonlii-LKCA-1914-7,05,SRC030,statute_to_curated_topic,candidate
commonlii-LKCA-1914-7,09,SRC030,statute_to_curated_topic,candidate
commonlii-LKCA-1914-7,17,SRC030,statute_to_curated_topic,candidate
commonlii-LKCA-1914-75,09,SRC071,statute_to_curated_topic,candidate
commonlii-LKCA-1914-75,18,SRC071,statute_to_curated_topic,candidate
commonlii-LKCA-1914-76,05,SRC029,statute_to_curated_topic,candidate
commonlii-LKCA-1914-76,05,SRC030,statute_to_curated_topic,candidate
commonlii-LKCA-1914-76,09,SRC030,statute_to_curated_topic,candidate
commonlii-LKCA-1914-76,17,SRC030,statute_to_curated_topic,candidate
commonlii-LKCA-1914-78,01,SRC004,statute_to_curated_topic,candidate
commonlii-LKCA-1914-78,05,SRC004,statute_to_curated_topic,candidate
commonlii-LKCA-1914-78,09,SRC004,statute_to_curated_topic,candidate
commonlii-LKCA-1914-89,05,SRC030,statute_to_curated_topic,candidate
commonlii-LKCA-1914-89,09,SRC030,statute_to_curated_topic,candidate
commonlii-LKCA-1914-89,17,SRC030,statute_to_curated_topic,candidate
commonlii-LKCA-1914-9,05,SRC030,statute_to_curated_topic,candidate
commonlii-LKCA-1914-9,09,SRC030,statute_to_curated_topic,candidate
commonlii-LKCA-1914-9,17,SRC030,statute_to_curated_topic,candidate
commonlii-LKCA-1914-90,09,SRC071,statute_to_curated_topic,candidate
commonlii-LKCA-1914-90,18,SRC071,statute_to_curated_topic,candidate
commonlii-LKCA-1915-1,05,SRC030,statute_to_curated_topic,candidate
commonlii-LKCA-1915-1,09,SRC030,statute_to_curated_topic,candidate
commonlii-LKCA-1915-1,17,SRC030,statute_to_curated_topic,candidate
commonlii-LKCA-1915-10,01,SRC004,statute_to_curated_topic,candidate
commonlii-LKCA-1915-10,05,SRC004,statute_to_curated_topic,candidate
commonlii-LKCA-1915-10,09,SRC004,statute_to_curated_topic,candidate
commonlii-LKCA-1915-12,05,SRC029,statute_to_curated_topic,candidate
commonlii-LKCA-1915-16,05,SRC030,statute_to_curated_topic,candidate
commonlii-LKCA-1915-16,09,SRC030,statute_to_curated_topic,candidate
commonlii-LKCA-1915-16,09,SRC071,statute_to_curated_topic,candidate
commonlii-LKCA-1915-16,17,SRC030,statute_to_curated_topic,candidate
commonlii-LKCA-1915-16,18,SRC071,statute_to_curated_topic,candidate
commonlii-LKCA-1915-17,09,SRC071,statute_to_curated_topic,candidate
commonlii-LKCA-1915-17,18,SRC071,statute_to_curated_topic,candidate
commonlii-LKCA-1915-19,05,SRC029,statute_to_curated_topic,candidate
commonlii-LKCA-1915-19,05,SRC030,statute_to_curated_topic,candidate
commonlii-LKCA-1915-19,09,SRC030,statute_to_curated_topic,candidate
commonlii-LKCA-1915-19,17,SRC030,statute_to_curated_topic,candidate
commonlii-LKCA-1915-23,05,SRC030,statute_to_curated_topic,candidate
commonlii-LKCA-1915-23,09,SRC030,statute_to_curated_topic,candidate
commonlii-LKCA-1915-23,09,SRC071,statute_to_curated_topic,candidate
commonlii-LKCA-1915-23,17,SRC030,statute_to_curated_topic,candidate
commonlii-LKCA-1915-23,18,SRC071,statute_to_curated_topic,candidate
commonlii-LKCA-1915-25,05,SRC030,statute_to_curated_topic,candidate
commonlii-LKCA-1915-25,09,SRC030,statute_to_curated_topic,candidate
commonlii-LKCA-1915-25,17,SRC030,statute_to_curated_topic,candidate
commonlii-LKCA-1915-26,05,SRC030,statute_to_curated_topic,candidate
commonlii-LKCA-1915-26,09,SRC030,statute_to_curated_topic,candidate
commonlii-LKCA-1915-26,17,SRC030,statute_to_curated_topic,candidate
commonlii-LKCA-1915-38,09,SRC071,statute_to_curated_topic,candidate
commonlii-LKCA-1915-38,18,SRC071,statute_to_curated_topic,candidate
commonlii-LKCA-1915-39,05,SRC029,statute_to_curated_topic,candidate
commonlii-LKCA-1915-4,05,SRC029,statute_to_curated_topic,candidate
commonlii-LKCA-1915-40,09,SRC071,statute_to_curated_topic,candidate
commonlii-LKCA-1915-40,18,SRC071,statute_to_curated_topic,candidate
commonlii-LKCA-1915-41,05,SRC029,statute_to_curated_topic,candidate
commonlii-LKCA-1915-45,05,SRC030,statute_to_curated_topic,candidate
commonlii-LKCA-1915-45,09,SRC030,statute_to_curated_topic,candidate
commonlii-LKCA-1915-45,09,SRC071,statute_to_curated_topic,candidate
commonlii-LKCA-1915-45,17,SRC030,statute_to_curated_topic,candidate
commonlii-LKCA-1915-45,18,SRC071,statute_to_curated_topic,candidate
commonlii-LKCA-1915-49,05,SRC030,statute_to_curated_topic,candidate
commonlii-LKCA-1915-49,09,SRC030,statute_to_curated_topic,candidate
commonlii-LKCA-1915-49,17,SRC030,statute_to_curated_topic,candidate
commonlii-LKCA-1915-51,09,SRC071,statute_to_curated_topic,candidate
commonlii-LKCA-1915-51,18,SRC071,statute_to_curated_topic,candidate
commonlii-LKCA-1915-53,16,SRC061,statute_to_curated_topic,candidate
commonlii-LKCA-1915-57,05,SRC029,statute_to_curated_topic,candidate
commonlii-LKCA-1915-6,01,SRC004,statute_to_curated_topic,candidate
commonlii-LKCA-1915-6,05,SRC004,statute_to_curated_topic,candidate
commonlii-LKCA-1915-6,09,SRC004,statute_to_curated_topic,candidate
commonlii-LKCA-1915-7,05,SRC030,statute_to_curated_topic,candidate
commonlii-LKCA-1915-7,09,SRC030,statute_to_curated_topic,candidate
commonlii-LKCA-1915-7,17,SRC030,statute_to_curated_topic,candidate
commonlii-LKCA-1916-1,05,SRC029,statute_to_curated_topic,candidate
commonlii-LKCA-1916-15,05,SRC030,statute_to_curated_topic,candidate
commonlii-LKCA-1916-15,09,SRC030,statute_to_curated_topic,candidate
commonlii-LKCA-1916-15,17,SRC030,statute_to_curated_topic,candidate
commonlii-LKCA-1916-18,09,SRC071,statute_to_curated_topic,candidate
commonlii-LKCA-1916-18,18,SRC071,statute_to_curated_topic,candidate
commonlii-LKCA-1916-20,05,SRC030,statute_to_curated_topic,candidate
commonlii-LKCA-1916-20,09,SRC030,statute_to_curated_topic,candidate
commonlii-LKCA-1916-20,17,SRC030,statute_to_curated_topic,candidate
commonlii-LKCA-1916-26,05,SRC030,statute_to_curated_topic,candidate
commonlii-LKCA-1916-26,09,SRC030,statute_to_curated_topic,candidate
commonlii-LKCA-1916-26,17,SRC030,statute_to_curated_topic,candidate
commonlii-LKCA-1916-28,05,SRC030,statute_to_curated_topic,candidate
commonlii-LKCA-1916-28,09,SRC030,statute_to_curated_topic,candidate
commonlii-LKCA-1916-28,17,SRC030,statute_to_curated_topic,candidate
commonlii-LKCA-1916-30,05,SRC030,statute_to_curated_topic,candidate
commonlii-LKCA-1916-30,09,SRC030,statute_to_curated_topic,candidate
commonlii-LKCA-1916-30,17,SRC030,statute_to_curated_topic,candidate
commonlii-LKCA-1916-33,05,SRC030,statute_to_curated_topic,candidate
commonlii-LKCA-1916-33,09,SRC030,statute_to_curated_topic,candidate
commonlii-LKCA-1916-33,17,SRC030,statute_to_curated_topic,candidate
commonlii-LKCA-1916-39,05,SRC030,statute_to_curated_topic,candidate
commonlii-LKCA-1916-39,09,SRC030,statute_to_curated_topic,candidate
commonlii-LKCA-1916-39,17,SRC030,statute_to_curated_topic,candidate
commonlii-LKCA-1916-44,05,SRC029,statute_to_curated_topic,candidate
commonlii-LKCA-1916-44,05,SRC030,statute_to_curated_topic,candidate
commonlii-LKCA-1916-44,09,SRC030,statute_to_curated_topic,candidate
commonlii-LKCA-1916-44,17,SRC030,statute_to_curated_topic,candidate
commonlii-LKCA-1916-45,05,SRC030,statute_to_curated_topic,candidate
commonlii-LKCA-1916-45,09,SRC030,statute_to_curated_topic,candidate
commonlii-LKCA-1916-45,17,SRC030,statute_to_curated_topic,candidate
commonlii-LKCA-1916-56,05,SRC030,statute_to_curated_topic,candidate
commonlii-LKCA-1916-56,09,SRC030,statute_to_curated_topic,candidate
commonlii-LKCA-1916-56,17,SRC030,statute_to_curated_topic,candidate
commonlii-LKCA-1916-57,05,SRC030,statute_to_curated_topic,candidate
commonlii-LKCA-1916-57,09,SRC030,statute_to_curated_topic,candidate
commonlii-LKCA-1916-57,17,SRC030,statute_to_curated_topic,candidate
commonlii-LKCA-1916-6,05,SRC030,statute_to_curated_topic,candidate
commonlii-LKCA-1916-6,09,SRC030,statute_to_curated_topic,candidate
commonlii-LKCA-1916-6,17,SRC030,statute_to_curated_topic,candidate
commonlii-LKCA-1916-65,05,SRC030,statute_to_curated_topic,candidate
commonlii-LKCA-1916-65,09,SRC030,statute_to_curated_topic,candidate
commonlii-LKCA-1916-65,17,SRC030,statute_to_curated_topic,candidate
commonlii-LKCA-1916-69,09,SRC071,statute_to_curated_topic,candidate
commonlii-LKCA-1916-69,18,SRC071,statute_to_curated_topic,candidate
commonlii-LKCA-1916-7,05,SRC030,statute_to_curated_topic,candidate
commonlii-LKCA-1916-7,09,SRC030,statute_to_curated_topic,candidate
commonlii-LKCA-1916-7,17,SRC030,statute_to_curated_topic,candidate
commonlii-LKCA-1916-9,05,SRC030,statute_to_curated_topic,candidate
commonlii-LKCA-1916-9,09,SRC030,statute_to_curated_topic,candidate
commonlii-LKCA-1916-9,17,SRC030,statute_to_curated_topic,candidate
commonlii-LKCA-1917-1,05,SRC029,statute_to_curated_topic,candidate
commonlii-LKCA-1917-10,11,SRC049,statute_to_curated_topic,candidate
commonlii-LKCA-1917-10,20,SRC049,statute_to_curated_topic,candidate
commonlii-LKCA-1917-13,05,SRC030,statute_to_curated_topic,candidate
commonlii-LKCA-1917-13,09,SRC030,statute_to_curated_topic,candidate
commonlii-LKCA-1917-13,17,SRC030,statute_to_curated_topic,candidate
commonlii-LKCA-1917-16,05,SRC030,statute_to_curated_topic,candidate
commonlii-LKCA-1917-16,09,SRC030,statute_to_curated_topic,candidate
commonlii-LKCA-1917-16,17,SRC030,statute_to_curated_topic,candidate
commonlii-LKCA-1917-17,05,SRC030,statute_to_curated_topic,candidate
commonlii-LKCA-1917-17,09,SRC030,statute_to_curated_topic,candidate
commonlii-LKCA-1917-17,17,SRC030,statute_to_curated_topic,candidate
commonlii-LKCA-1917-20,05,SRC030,statute_to_curated_topic,candidate
commonlii-LKCA-1917-20,09,SRC030,statute_to_curated_topic,candidate
commonlii-LKCA-1917-20,17,SRC030,statute_to_curated_topic,candidate
commonlii-LKCA-1917-21,05,SRC030,statute_to_curated_topic,candidate
commonlii-LKCA-1917-21,09,SRC030,statute_to_curated_topic,candidate
commonlii-LKCA-1917-21,17,SRC030,statute_to_curated_topic,candidate
commonlii-LKCA-1917-38,05,SRC030,statute_to_curated_topic,candidate
commonlii-LKCA-1917-38,09,SRC030,statute_to_curated_topic,candidate
commonlii-LKCA-1917-38,17,SRC030,statute_to_curated_topic,candidate
commonlii-LKCA-1917-43,05,SRC030,statute_to_curated_topic,candidate
commonlii-LKCA-1917-43,09,SRC030,statute_to_curated_topic,candidate
commonlii-LKCA-1917-43,17,SRC030,statute_to_curated_topic,candidate
commonlii-LKCA-1917-48,05,SRC030,statute_to_curated_topic,candidate
commonlii-LKCA-1917-48,09,SRC030,statute_to_curated_topic,candidate
commonlii-LKCA-1917-48,09,SRC071,statute_to_curated_topic,candidate
commonlii-LKCA-1917-48,17,SRC030,statute_to_curated_topic,candidate
commonlii-LKCA-1917-48,18,SRC071,statute_to_curated_topic,candidate
commonlii-LKCA-1917-5,05,SRC030,statute_to_curated_topic,candidate
commonlii-LKCA-1917-5,09,SRC030,statute_to_curated_topic,candidate
commonlii-LKCA-1917-5,17,SRC030,statute_to_curated_topic,candidate
commonlii-LKCA-1917-57,05,SRC030,statute_to_curated_topic,candidate
commonlii-LKCA-1917-57,09,SRC030,statute_to_curated_topic,candidate
commonlii-LKCA-1917-57,17,SRC030,statute_to_curated_topic,candidate
commonlii-LKCA-1917-7,05,SRC029,statute_to_curated_topic,candidate
commonlii-LKCA-1917-8,05,SRC030,statute_to_curated_topic,candidate
commonlii-LKCA-1917-8,09,SRC030,statute_to_curated_topic,candidate
commonlii-LKCA-1917-8,17,SRC030,statute_to_curated_topic,candidate
commonlii-LKCA-1918-1,05,SRC029,statute_to_curated_topic,candidate
commonlii-LKCA-1918-1,09,SRC071,statute_to_curated_topic,candidate
commonlii-LKCA-1918-1,18,SRC071,statute_to_curated_topic,candidate
commonlii-LKCA-1918-10,05,SRC029,statute_to_curated_topic,candidate
commonlii-LKCA-1918-10,05,SRC030,statute_to_curated_topic,candidate
commonlii-LKCA-1918-10,09,SRC030,statute_to_curated_topic,candidate
commonlii-LKCA-1918-10,17,SRC030,statute_to_curated_topic,candidate
commonlii-LKCA-1918-18,11,SRC049,statute_to_curated_topic,candidate
commonlii-LKCA-1918-18,20,SRC049,statute_to_curated_topic,candidate
commonlii-LKCA-1918-2,05,SRC029,statute_to_curated_topic,candidate
commonlii-LKCA-1918-22,09,SRC071,statute_to_curated_topic,candidate
commonlii-LKCA-1918-22,18,SRC071,statute_to_curated_topic,candidate
commonlii-LKCA-1918-25,05,SRC030,statute_to_curated_topic,candidate
commonlii-LKCA-1918-25,09,SRC030,statute_to_curated_topic,candidate
commonlii-LKCA-1918-25,17,SRC030,statute_to_curated_topic,candidate
commonlii-LKCA-1918-26,05,SRC030,statute_to_curated_topic,candidate
commonlii-LKCA-1918-26,09,SRC030,statute_to_curated_topic,candidate
commonlii-LKCA-1918-26,17,SRC030,statute_to_curated_topic,candidate
commonlii-LKCA-1918-27,05,SRC030,statute_to_curated_topic,candidate
commonlii-LKCA-1918-27,09,SRC030,statute_to_curated_topic,candidate
commonlii-LKCA-1918-27,17,SRC030,statute_to_curated_topic,candidate
commonlii-LKCA-1918-28,05,SRC030,statute_to_curated_topic,candidate
commonlii-LKCA-1918-28,09,SRC030,statute_to_curated_topic,candidate
commonlii-LKCA-1918-28,17,SRC030,statute_to_curated_topic,candidate
commonlii-LKCA-1918-29,05,SRC030,statute_to_curated_topic,candidate
commonlii-LKCA-1918-29,09,SRC030,statute_to_curated_topic,candidate
commonlii-LKCA-1918-29,17,SRC030,statute_to_curated_topic,candidate
commonlii-LKCA-1918-3,05,SRC030,statute_to_curated_topic,candidate
commonlii-LKCA-1918-3,09,SRC030,statute_to_curated_topic,candidate
commonlii-LKCA-1918-3,09,SRC071,statute_to_curated_topic,candidate
commonlii-LKCA-1918-3,17,SRC030,statute_to_curated_topic,candidate
commonlii-LKCA-1918-3,18,SRC071,statute_to_curated_topic,candidate
commonlii-LKCA-1918-32,05,SRC029,statute_to_curated_topic,candidate
commonlii-LKCA-1918-38,05,SRC029,statute_to_curated_topic,candidate
commonlii-LKCA-1918-38,05,SRC030,statute_to_curated_topic,candidate
commonlii-LKCA-1918-38,09,SRC030,statute_to_curated_topic,candidate
commonlii-LKCA-1918-38,17,SRC030,statute_to_curated_topic,candidate
commonlii-LKCA-1918-4,05,SRC030,statute_to_curated_topic,candidate
commonlii-LKCA-1918-4,09,SRC030,statute_to_curated_topic,candidate
commonlii-LKCA-1918-4,17,SRC030,statute_to_curated_topic,candidate
commonlii-LKCA-1918-42,05,SRC031,statute_to_curated_topic,candidate
commonlii-LKCA-1918-42,09,SRC031,statute_to_curated_topic,candidate
commonlii-LKCA-1918-42,15,SRC059,statute_to_curated_topic,candidate
commonlii-LKCA-1918-48,05,SRC030,statute_to_curated_topic,candidate
commonlii-LKCA-1918-48,09,SRC030,statute_to_curated_topic,candidate
commonlii-LKCA-1918-48,17,SRC030,statute_to_curated_topic,candidate
commonlii-LKCA-1918-5,05,SRC014,statute_to_curated_topic,candidate
commonlii-LKCA-1918-5,05,SRC030,statute_to_curated_topic,candidate
commonlii-LKCA-1918-5,06,SRC014,statute_to_curated_topic,candidate
commonlii-LKCA-1918-5,08,SRC014,statute_to_curated_topic,candidate
commonlii-LKCA-1918-5,09,SRC030,statute_to_curated_topic,candidate
commonlii-LKCA-1918-5,17,SRC014,statute_to_curated_topic,candidate
commonlii-LKCA-1918-5,17,SRC030,statute_to_curated_topic,candidate
commonlii-LKCA-1918-5,20,SRC014,statute_to_curated_topic,candidate
commonlii-LKCA-1918-51,05,SRC031,statute_to_curated_topic,candidate
commonlii-LKCA-1918-51,09,SRC031,statute_to_curated_topic,candidate
commonlii-LKCA-1918-52,05,SRC029,statute_to_curated_topic,candidate
commonlii-LKCA-1919-12,11,SRC049,statute_to_curated_topic,candidate
commonlii-LKCA-1919-12,20,SRC049,statute_to_curated_topic,candidate
commonlii-LKCA-1919-17,05,SRC030,statute_to_curated_topic,candidate
commonlii-LKCA-1919-17,09,SRC030,statute_to_curated_topic,candidate
commonlii-LKCA-1919-17,17,SRC030,statute_to_curated_topic,candidate
commonlii-LKCA-1919-18,05,SRC030,statute_to_curated_topic,candidate
commonlii-LKCA-1919-18,09,SRC030,statute_to_curated_topic,candidate
commonlii-LKCA-1919-18,17,SRC030,statute_to_curated_topic,candidate
commonlii-LKCA-1919-20,05,SRC030,statute_to_curated_topic,candidate
commonlii-LKCA-1919-20,09,SRC030,statute_to_curated_topic,candidate
commonlii-LKCA-1919-20,17,SRC030,statute_to_curated_topic,candidate
commonlii-LKCA-1919-22,05,SRC030,statute_to_curated_topic,candidate
commonlii-LKCA-1919-22,09,SRC030,statute_to_curated_topic,candidate
commonlii-LKCA-1919-22,17,SRC030,statute_to_curated_topic,candidate
commonlii-LKCA-1919-24,05,SRC030,statute_to_curated_topic,candidate
commonlii-LKCA-1919-24,09,SRC030,statute_to_curated_topic,candidate
commonlii-LKCA-1919-24,17,SRC030,statute_to_curated_topic,candidate
commonlii-LKCA-1919-25,05,SRC030,statute_to_curated_topic,candidate
commonlii-LKCA-1919-25,09,SRC030,statute_to_curated_topic,candidate
commonlii-LKCA-1919-25,17,SRC030,statute_to_curated_topic,candidate
commonlii-LKCA-1919-26,05,SRC029,statute_to_curated_topic,candidate
commonlii-LKCA-1919-26,05,SRC030,statute_to_curated_topic,candidate
commonlii-LKCA-1919-26,09,SRC030,statute_to_curated_topic,candidate
commonlii-LKCA-1919-26,17,SRC030,statute_to_curated_topic,candidate
commonlii-LKCA-1919-34,05,SRC014,statute_to_curated_topic,candidate
commonlii-LKCA-1919-34,05,SRC029,statute_to_curated_topic,candidate
commonlii-LKCA-1919-34,06,SRC014,statute_to_curated_topic,candidate
commonlii-LKCA-1919-34,08,SRC014,statute_to_curated_topic,candidate
commonlii-LKCA-1919-34,17,SRC014,statute_to_curated_topic,candidate
commonlii-LKCA-1919-34,20,SRC014,statute_to_curated_topic,candidate
commonlii-LKCA-1919-35,05,SRC030,statute_to_curated_topic,candidate
commonlii-LKCA-1919-35,09,SRC030,statute_to_curated_topic,candidate
commonlii-LKCA-1919-35,09,SRC071,statute_to_curated_topic,candidate
commonlii-LKCA-1919-35,17,SRC030,statute_to_curated_topic,candidate
commonlii-LKCA-1919-35,18,SRC071,statute_to_curated_topic,candidate
commonlii-LKCA-1919-36,09,SRC071,statute_to_curated_topic,candidate
commonlii-LKCA-1919-36,18,SRC071,statute_to_curated_topic,candidate
commonlii-LKCA-1919-42,09,SRC071,statute_to_curated_topic,candidate
commonlii-LKCA-1919-42,18,SRC071,statute_to_curated_topic,candidate
commonlii-LKCA-1919-46,05,SRC030,statute_to_curated_topic,candidate
commonlii-LKCA-1919-46,09,SRC030,statute_to_curated_topic,candidate
commonlii-LKCA-1919-46,17,SRC030,statute_to_curated_topic,candidate
commonlii-LKCA-1919-59,05,SRC029,statute_to_curated_topic,candidate
commonlii-LKCA-1919-66,05,SRC029,statute_to_curated_topic,candidate
commonlii-LKCA-1919-70,09,SRC071,statute_to_curated_topic,candidate
commonlii-LKCA-1919-70,18,SRC071,statute_to_curated_topic,candidate
commonlii-LKCA-1920-1,09,SRC071,statute_to_curated_topic,candidate
commonlii-LKCA-1920-1,18,SRC071,statute_to_curated_topic,candidate
commonlii-LKCA-1920-13,05,SRC030,statute_to_curated_topic,candidate
commonlii-LKCA-1920-13,09,SRC030,statute_to_curated_topic,candidate
commonlii-LKCA-1920-13,17,SRC030,statute_to_curated_topic,candidate
commonlii-LKCA-1920-19,05,SRC024,statute_to_curated_topic,candidate
commonlii-LKCA-1920-19,09,SRC071,statute_to_curated_topic,candidate
commonlii-LKCA-1920-19,14,SRC024,statute_to_curated_topic,candidate
commonlii-LKCA-1920-19,17,SRC024,statute_to_curated_topic,candidate
commonlii-LKCA-1920-19,18,SRC071,statute_to_curated_topic,candidate
commonlii-LKCA-1920-20,09,SRC071,statute_to_curated_topic,candidate
commonlii-LKCA-1920-20,18,SRC071,statute_to_curated_topic,candidate
commonlii-LKCA-1920-21,09,SRC071,statute_to_curated_topic,candidate
commonlii-LKCA-1920-21,18,SRC071,statute_to_curated_topic,candidate
commonlii-LKCA-1920-22,05,SRC030,statute_to_curated_topic,candidate
commonlii-LKCA-1920-22,09,SRC030,statute_to_curated_topic,candidate
commonlii-LKCA-1920-22,17,SRC030,statute_to_curated_topic,candidate
commonlii-LKCA-1920-23,05,SRC030,statute_to_curated_topic,candidate
commonlii-LKCA-1920-23,09,SRC030,statute_to_curated_topic,candidate
commonlii-LKCA-1920-23,17,SRC030,statute_to_curated_topic,candidate
commonlii-LKCA-1920-26,05,SRC030,statute_to_curated_topic,candidate
commonlii-LKCA-1920-26,09,SRC030,statute_to_curated_topic,candidate
commonlii-LKCA-1920-26,17,SRC030,statute_to_curated_topic,candidate
commonlii-LKCA-1920-29,05,SRC030,statute_to_curated_topic,candidate
commonlii-LKCA-1920-29,09,SRC030,statute_to_curated_topic,candidate
commonlii-LKCA-1920-29,17,SRC030,statute_to_curated_topic,candidate
commonlii-LKCA-1920-31,05,SRC030,statute_to_curated_topic,candidate
commonlii-LKCA-1920-31,09,SRC030,statute_to_curated_topic,candidate
commonlii-LKCA-1920-31,17,SRC030,statute_to_curated_topic,candidate
commonlii-LKCA-1920-32,05,SRC029,statute_to_curated_topic,candidate
commonlii-LKCA-1920-32,05,SRC030,statute_to_curated_topic,candidate
commonlii-LKCA-1920-32,09,SRC030,statute_to_curated_topic,candidate
commonlii-LKCA-1920-32,17,SRC030,statute_to_curated_topic,candidate
commonlii-LKCA-1920-33,05,SRC030,statute_to_curated_topic,candidate
commonlii-LKCA-1920-33,09,SRC030,statute_to_curated_topic,candidate
commonlii-LKCA-1920-33,17,SRC030,statute_to_curated_topic,candidate
commonlii-LKCA-1920-34,05,SRC030,statute_to_curated_topic,candidate
commonlii-LKCA-1920-34,09,SRC030,statute_to_curated_topic,candidate
commonlii-LKCA-1920-34,17,SRC030,statute_to_curated_topic,candidate
commonlii-LKCA-1920-35,05,SRC030,statute_to_curated_topic,candidate
commonlii-LKCA-1920-35,09,SRC030,statute_to_curated_topic,candidate
commonlii-LKCA-1920-35,17,SRC030,statute_to_curated_topic,candidate
commonlii-LKCA-1920-36,05,SRC030,statute_to_curated_topic,candidate
commonlii-LKCA-1920-36,09,SRC030,statute_to_curated_topic,candidate
commonlii-LKCA-1920-36,17,SRC030,statute_to_curated_topic,candidate
commonlii-LKCA-1920-44,09,SRC071,statute_to_curated_topic,candidate
commonlii-LKCA-1920-44,18,SRC071,statute_to_curated_topic,candidate
commonlii-LKCA-1920-49,05,SRC029,statute_to_curated_topic,candidate
commonlii-LKCA-1920-62,05,SRC030,statute_to_curated_topic,candidate
commonlii-LKCA-1920-62,09,SRC030,statute_to_curated_topic,candidate
commonlii-LKCA-1920-62,17,SRC030,statute_to_curated_topic,candidate
commonlii-LKCA-1920-71,05,SRC029,statute_to_curated_topic,candidate
commonlii-LKCA-1920-74,05,SRC030,statute_to_curated_topic,candidate
commonlii-LKCA-1920-74,09,SRC030,statute_to_curated_topic,candidate
commonlii-LKCA-1920-74,17,SRC030,statute_to_curated_topic,candidate
commonlii-LKCA-1920-76,05,SRC030,statute_to_curated_topic,candidate
commonlii-LKCA-1920-76,09,SRC030,statute_to_curated_topic,candidate
commonlii-LKCA-1920-76,17,SRC030,statute_to_curated_topic,candidate
commonlii-LKCA-1920-88,05,SRC014,statute_to_curated_topic,candidate
commonlii-LKCA-1920-88,06,SRC014,statute_to_curated_topic,candidate
commonlii-LKCA-1920-88,08,SRC014,statute_to_curated_topic,candidate
commonlii-LKCA-1920-88,17,SRC014,statute_to_curated_topic,candidate
commonlii-LKCA-1920-88,20,SRC014,statute_to_curated_topic,candidate
commonlii-LKCA-1920-90,15,SRC059,statute_to_curated_topic,candidate
commonlii-LKCA-1920-92,05,SRC030,statute_to_curated_topic,candidate
commonlii-LKCA-1920-92,09,SRC030,statute_to_curated_topic,candidate
commonlii-LKCA-1920-92,17,SRC030,statute_to_curated_topic,candidate
commonlii-LKCA-1920-93,05,SRC030,statute_to_curated_topic,candidate
commonlii-LKCA-1920-93,09,SRC030,statute_to_curated_topic,candidate
commonlii-LKCA-1920-93,17,SRC030,statute_to_curated_topic,candidate
commonlii-LKCA-1920-95,05,SRC030,statute_to_curated_topic,candidate
commonlii-LKCA-1920-95,09,SRC030,statute_to_curated_topic,candidate
commonlii-LKCA-1920-95,17,SRC030,statute_to_curated_topic,candidate
commonlii-LKCA-1921-100,05,SRC029,statute_to_curated_topic,candidate
commonlii-LKCA-1921-12,05,SRC030,statute_to_curated_topic,candidate
commonlii-LKCA-1921-12,09,SRC030,statute_to_curated_topic,candidate
commonlii-LKCA-1921-12,17,SRC030,statute_to_curated_topic,candidate
commonlii-LKCA-1921-19,11,SRC049,statute_to_curated_topic,candidate
commonlii-LKCA-1921-19,20,SRC049,statute_to_curated_topic,candidate
commonlii-LKCA-1921-22,11,SRC049,statute_to_curated_topic,candidate
commonlii-LKCA-1921-22,15,SRC059,statute_to_curated_topic,candidate
commonlii-LKCA-1921-22,20,SRC049,statute_to_curated_topic,candidate
commonlii-LKCA-1921-3,05,SRC030,statute_to_curated_topic,candidate
commonlii-LKCA-1921-3,09,SRC030,statute_to_curated_topic,candidate
commonlii-LKCA-1921-3,17,SRC030,statute_to_curated_topic,candidate
commonlii-LKCA-1921-30,05,SRC030,statute_to_curated_topic,candidate
commonlii-LKCA-1921-30,09,SRC030,statute_to_curated_topic,candidate
commonlii-LKCA-1921-30,17,SRC030,statute_to_curated_topic,candidate
commonlii-LKCA-1921-34,05,SRC030,statute_to_curated_topic,candidate
commonlii-LKCA-1921-34,09,SRC030,statute_to_curated_topic,candidate
commonlii-LKCA-1921-34,17,SRC030,statute_to_curated_topic,candidate
commonlii-LKCA-1921-35,05,SRC029,statute_to_curated_topic,candidate
commonlii-LKCA-1921-37,09,SRC071,statute_to_curated_topic,candidate
commonlii-LKCA-1921-37,18,SRC071,statute_to_curated_topic,candidate
commonlii-LKCA-1921-47,05,SRC030,statute_to_curated_topic,candidate
commonlii-LKCA-1921-47,09,SRC030,statute_to_curated_topic,candidate
commonlii-LKCA-1921-47,17,SRC030,statute_to_curated_topic,candidate
commonlii-LKCA-1921-49,05,SRC030,statute_to_curated_topic,candidate
commonlii-LKCA-1921-49,09,SRC030,statute_to_curated_topic,candidate
commonlii-LKCA-1921-49,17,SRC030,statute_to_curated_topic,candidate
commonlii-LKCA-1921-50,05,SRC030,statute_to_curated_topic,candidate
commonlii-LKCA-1921-50,09,SRC030,statute_to_curated_topic,candidate
commonlii-LKCA-1921-50,17,SRC030,statute_to_curated_topic,candidate
commonlii-LKCA-1921-52,15,SRC059,statute_to_curated_topic,candidate
commonlii-LKCA-1921-52,16,SRC061,statute_to_curated_topic,candidate
commonlii-LKCA-1921-53,05,SRC029,statute_to_curated_topic,candidate
commonlii-LKCA-1921-55,05,SRC029,statute_to_curated_topic,candidate
commonlii-LKCA-1921-55,09,SRC071,statute_to_curated_topic,candidate
commonlii-LKCA-1921-55,18,SRC071,statute_to_curated_topic,candidate
commonlii-LKCA-1921-56,05,SRC029,statute_to_curated_topic,candidate
commonlii-LKCA-1921-57,05,SRC029,statute_to_curated_topic,candidate
commonlii-LKCA-1921-59,05,SRC029,statute_to_curated_topic,candidate
commonlii-LKCA-1921-59,05,SRC030,statute_to_curated_topic,candidate
commonlii-LKCA-1921-59,09,SRC030,statute_to_curated_topic,candidate
commonlii-LKCA-1921-59,17,SRC030,statute_to_curated_topic,candidate
commonlii-LKCA-1921-6,05,SRC030,statute_to_curated_topic,candidate
commonlii-LKCA-1921-6,09,SRC030,statute_to_curated_topic,candidate
commonlii-LKCA-1921-6,17,SRC030,statute_to_curated_topic,candidate
commonlii-LKCA-1921-60,05,SRC029,statute_to_curated_topic,candidate
commonlii-LKCA-1921-61,05,SRC029,statute_to_curated_topic,candidate
commonlii-LKCA-1921-61,15,SRC059,statute_to_curated_topic,candidate
commonlii-LKCA-1921-64,15,SRC059,statute_to_curated_topic,candidate
commonlii-LKCA-1921-72,05,SRC030,statute_to_curated_topic,candidate
commonlii-LKCA-1921-72,09,SRC030,statute_to_curated_topic,candidate
commonlii-LKCA-1921-72,17,SRC030,statute_to_curated_topic,candidate
commonlii-LKCA-1921-73,05,SRC030,statute_to_curated_topic,candidate
commonlii-LKCA-1921-73,09,SRC030,statute_to_curated_topic,candidate
commonlii-LKCA-1921-73,17,SRC030,statute_to_curated_topic,candidate
commonlii-LKCA-1921-74,05,SRC029,statute_to_curated_topic,candidate
commonlii-LKCA-1921-74,15,SRC059,statute_to_curated_topic,candidate
commonlii-LKCA-1921-77,05,SRC030,statute_to_curated_topic,candidate
commonlii-LKCA-1921-77,09,SRC030,statute_to_curated_topic,candidate
commonlii-LKCA-1921-77,17,SRC030,statute_to_curated_topic,candidate
commonlii-LKCA-1921-86,05,SRC029,statute_to_curated_topic,candidate
commonlii-LKCA-1921-86,05,SRC030,statute_to_curated_topic,candidate
commonlii-LKCA-1921-86,09,SRC030,statute_to_curated_topic,candidate
commonlii-LKCA-1921-86,17,SRC030,statute_to_curated_topic,candidate
commonlii-LKCA-1921-87,05,SRC030,statute_to_curated_topic,candidate
commonlii-LKCA-1921-87,09,SRC030,statute_to_curated_topic,candidate
commonlii-LKCA-1921-87,17,SRC030,statute_to_curated_topic,candidate
commonlii-LKCA-1921-9,05,SRC030,statute_to_curated_topic,candidate
commonlii-LKCA-1921-9,09,SRC030,statute_to_curated_topic,candidate
commonlii-LKCA-1921-9,17,SRC030,statute_to_curated_topic,candidate
commonlii-LKCA-1921-95,05,SRC030,statute_to_curated_topic,candidate
commonlii-LKCA-1921-95,09,SRC030,statute_to_curated_topic,candidate
commonlii-LKCA-1921-95,17,SRC030,statute_to_curated_topic,candidate
commonlii-LKCA-1921-97,05,SRC030,statute_to_curated_topic,candidate
commonlii-LKCA-1921-97,09,SRC030,statute_to_curated_topic,candidate
commonlii-LKCA-1921-97,17,SRC030,statute_to_curated_topic,candidate
commonlii-LKCA-1921-98,05,SRC030,statute_to_curated_topic,candidate
commonlii-LKCA-1921-98,09,SRC030,statute_to_curated_topic,candidate
commonlii-LKCA-1921-98,17,SRC030,statute_to_curated_topic,candidate
commonlii-LKCA-1921-99,05,SRC030,statute_to_curated_topic,candidate
commonlii-LKCA-1921-99,09,SRC030,statute_to_curated_topic,candidate
commonlii-LKCA-1921-99,17,SRC030,statute_to_curated_topic,candidate
commonlii-LKCA-1922-114,05,SRC030,statute_to_curated_topic,candidate
commonlii-LKCA-1922-114,09,SRC030,statute_to_curated_topic,candidate
commonlii-LKCA-1922-114,17,SRC030,statute_to_curated_topic,candidate
commonlii-LKCA-1922-116,05,SRC030,statute_to_curated_topic,candidate
commonlii-LKCA-1922-116,09,SRC030,statute_to_curated_topic,candidate
commonlii-LKCA-1922-116,17,SRC030,statute_to_curated_topic,candidate
commonlii-LKCA-1922-122,05,SRC029,statute_to_curated_topic,candidate
commonlii-LKCA-1922-132,05,SRC030,statute_to_curated_topic,candidate
commonlii-LKCA-1922-132,09,SRC030,statute_to_curated_topic,candidate
commonlii-LKCA-1922-132,17,SRC030,statute_to_curated_topic,candidate
commonlii-LKCA-1922-17,05,SRC030,statute_to_curated_topic,candidate
commonlii-LKCA-1922-17,09,SRC030,statute_to_curated_topic,candidate
commonlii-LKCA-1922-17,17,SRC030,statute_to_curated_topic,candidate
commonlii-LKCA-1922-25,05,SRC030,statute_to_curated_topic,candidate
commonlii-LKCA-1922-25,09,SRC030,statute_to_curated_topic,candidate
commonlii-LKCA-1922-25,17,SRC030,statute_to_curated_topic,candidate
commonlii-LKCA-1922-3,11,SRC049,statute_to_curated_topic,candidate
commonlii-LKCA-1922-3,20,SRC049,statute_to_curated_topic,candidate
commonlii-LKCA-1922-30,11,SRC049,statute_to_curated_topic,candidate
commonlii-LKCA-1922-30,20,SRC049,statute_to_curated_topic,candidate
commonlii-LKCA-1922-35,05,SRC030,statute_to_curated_topic,candidate
commonlii-LKCA-1922-35,09,SRC030,statute_to_curated_topic,candidate
commonlii-LKCA-1922-35,17,SRC030,statute_to_curated_topic,candidate
commonlii-LKCA-1922-37,05,SRC029,statute_to_curated_topic,candidate
commonlii-LKCA-1922-37,05,SRC030,statute_to_curated_topic,candidate
commonlii-LKCA-1922-37,09,SRC030,statute_to_curated_topic,candidate
commonlii-LKCA-1922-37,17,SRC030,statute_to_curated_topic,candidate
commonlii-LKCA-1922-4,05,SRC030,statute_to_curated_topic,candidate
commonlii-LKCA-1922-4,09,SRC030,statute_to_curated_topic,candidate
commonlii-LKCA-1922-4,17,SRC030,statute_to_curated_topic,candidate
commonlii-LKCA-1922-40,05,SRC030,statute_to_curated_topic,candidate
commonlii-LKCA-1922-40,09,SRC030,statute_to_curated_topic,candidate
commonlii-LKCA-1922-40,17,SRC030,statute_to_curated_topic,candidate
commonlii-LKCA-1922-41,05,SRC030,statute_to_curated_topic,candidate
commonlii-LKCA-1922-41,09,SRC030,statute_to_curated_topic,candidate
commonlii-LKCA-1922-41,17,SRC030,statute_to_curated_topic,candidate
commonlii-LKCA-1922-5,05,SRC030,statute_to_curated_topic,candidate
commonlii-LKCA-1922-5,09,SRC030,statute_to_curated_topic,candidate
commonlii-LKCA-1922-5,17,SRC030,statute_to_curated_topic,candidate
commonlii-LKCA-1922-50,05,SRC030,statute_to_curated_topic,candidate
commonlii-LKCA-1922-50,09,SRC030,statute_to_curated_topic,candidate
commonlii-LKCA-1922-50,17,SRC030,statute_to_curated_topic,candidate
commonlii-LKCA-1922-51,05,SRC030,statute_to_curated_topic,candidate
commonlii-LKCA-1922-51,09,SRC030,statute_to_curated_topic,candidate
commonlii-LKCA-1922-51,17,SRC030,statute_to_curated_topic,candidate
commonlii-LKCA-1922-58,05,SRC030,statute_to_curated_topic,candidate
commonlii-LKCA-1922-58,09,SRC030,statute_to_curated_topic,candidate
commonlii-LKCA-1922-58,17,SRC030,statute_to_curated_topic,candidate
commonlii-LKCA-1922-80,05,SRC029,statute_to_curated_topic,candidate
commonlii-LKCA-1922-81,05,SRC029,statute_to_curated_topic,candidate
commonlii-LKCA-1922-84,05,SRC030,statute_to_curated_topic,candidate
commonlii-LKCA-1922-84,09,SRC030,statute_to_curated_topic,candidate
commonlii-LKCA-1922-84,17,SRC030,statute_to_curated_topic,candidate
commonlii-LKCA-1922-85,05,SRC030,statute_to_curated_topic,candidate
commonlii-LKCA-1922-85,09,SRC030,statute_to_curated_topic,candidate
commonlii-LKCA-1922-85,17,SRC030,statute_to_curated_topic,candidate
commonlii-LKCA-1922-86,05,SRC030,statute_to_curated_topic,candidate
commonlii-LKCA-1922-86,09,SRC030,statute_to_curated_topic,candidate
commonlii-LKCA-1922-86,17,SRC030,statute_to_curated_topic,candidate
commonlii-LKCA-1924-1,05,SRC014,statute_to_curated_topic,candidate
commonlii-LKCA-1924-1,06,SRC014,statute_to_curated_topic,candidate
commonlii-LKCA-1924-1,08,SRC014,statute_to_curated_topic,candidate
commonlii-LKCA-1924-1,17,SRC014,statute_to_curated_topic,candidate
commonlii-LKCA-1924-1,20,SRC014,statute_to_curated_topic,candidate
commonlii-LKCA-1924-11,05,SRC030,statute_to_curated_topic,candidate
commonlii-LKCA-1924-11,09,SRC030,statute_to_curated_topic,candidate
commonlii-LKCA-1924-11,17,SRC030,statute_to_curated_topic,candidate
commonlii-LKCA-1924-12,05,SRC030,statute_to_curated_topic,candidate
commonlii-LKCA-1924-12,09,SRC030,statute_to_curated_topic,candidate
commonlii-LKCA-1924-12,17,SRC030,statute_to_curated_topic,candidate
commonlii-LKCA-1924-13,05,SRC030,statute_to_curated_topic,candidate
commonlii-LKCA-1924-13,09,SRC030,statute_to_curated_topic,candidate
commonlii-LKCA-1924-13,17,SRC030,statute_to_curated_topic,candidate
commonlii-LKCA-1924-14,05,SRC030,statute_to_curated_topic,candidate
commonlii-LKCA-1924-14,09,SRC030,statute_to_curated_topic,candidate
commonlii-LKCA-1924-14,17,SRC030,statute_to_curated_topic,candidate
commonlii-LKCA-1924-15,05,SRC030,statute_to_curated_topic,candidate
commonlii-LKCA-1924-15,09,SRC030,statute_to_curated_topic,candidate
commonlii-LKCA-1924-15,17,SRC030,statute_to_curated_topic,candidate
commonlii-LKCA-1924-16,05,SRC030,statute_to_curated_topic,candidate
commonlii-LKCA-1924-16,09,SRC030,statute_to_curated_topic,candidate
commonlii-LKCA-1924-16,17,SRC030,statute_to_curated_topic,candidate
commonlii-LKCA-1924-17,05,SRC030,statute_to_curated_topic,candidate
commonlii-LKCA-1924-17,09,SRC030,statute_to_curated_topic,candidate
commonlii-LKCA-1924-17,17,SRC030,statute_to_curated_topic,candidate
commonlii-LKCA-1924-18,05,SRC030,statute_to_curated_topic,candidate
commonlii-LKCA-1924-18,09,SRC030,statute_to_curated_topic,candidate
commonlii-LKCA-1924-18,17,SRC030,statute_to_curated_topic,candidate
commonlii-LKCA-1924-20,05,SRC030,statute_to_curated_topic,candidate
commonlii-LKCA-1924-20,09,SRC030,statute_to_curated_topic,candidate
commonlii-LKCA-1924-20,09,SRC071,statute_to_curated_topic,candidate
commonlii-LKCA-1924-20,17,SRC030,statute_to_curated_topic,candidate
commonlii-LKCA-1924-20,18,SRC071,statute_to_curated_topic,candidate
commonlii-LKCA-1924-22,05,SRC030,statute_to_curated_topic,candidate
commonlii-LKCA-1924-22,09,SRC030,statute_to_curated_topic,candidate
commonlii-LKCA-1924-22,16,SRC061,statute_to_curated_topic,candidate
commonlii-LKCA-1924-22,17,SRC030,statute_to_curated_topic,candidate
commonlii-LKCA-1924-23,05,SRC030,statute_to_curated_topic,candidate
commonlii-LKCA-1924-23,09,SRC030,statute_to_curated_topic,candidate
commonlii-LKCA-1924-23,17,SRC030,statute_to_curated_topic,candidate
commonlii-LKCA-1924-24,05,SRC030,statute_to_curated_topic,candidate
commonlii-LKCA-1924-24,09,SRC030,statute_to_curated_topic,candidate
commonlii-LKCA-1924-24,17,SRC030,statute_to_curated_topic,candidate
commonlii-LKCA-1924-25,05,SRC030,statute_to_curated_topic,candidate
commonlii-LKCA-1924-25,09,SRC030,statute_to_curated_topic,candidate
commonlii-LKCA-1924-25,17,SRC030,statute_to_curated_topic,candidate
commonlii-LKCA-1924-26,05,SRC030,statute_to_curated_topic,candidate
commonlii-LKCA-1924-26,09,SRC030,statute_to_curated_topic,candidate
commonlii-LKCA-1924-26,17,SRC030,statute_to_curated_topic,candidate
commonlii-LKCA-1924-27,11,SRC049,statute_to_curated_topic,candidate
commonlii-LKCA-1924-27,20,SRC049,statute_to_curated_topic,candidate
commonlii-LKCA-1924-35,05,SRC029,statute_to_curated_topic,candidate
commonlii-LKCA-1924-39,05,SRC029,statute_to_curated_topic,candidate
commonlii-LKCA-1924-39,05,SRC030,statute_to_curated_topic,candidate
commonlii-LKCA-1924-39,09,SRC030,statute_to_curated_topic,candidate
commonlii-LKCA-1924-39,17,SRC030,statute_to_curated_topic,candidate
commonlii-LKCA-1924-51,15,SRC059,statute_to_curated_topic,candidate
commonlii-LKCA-1924-52,15,SRC059,statute_to_curated_topic,candidate
commonlii-LKCA-1924-56,09,SRC071,statute_to_curated_topic,candidate
commonlii-LKCA-1924-56,18,SRC071,statute_to_curated_topic,candidate
commonlii-LKCA-1924-57,05,SRC030,statute_to_curated_topic,candidate
commonlii-LKCA-1924-57,09,SRC030,statute_to_curated_topic,candidate
commonlii-LKCA-1924-57,17,SRC030,statute_to_curated_topic,candidate
commonlii-LKCA-1924-63,05,SRC030,statute_to_curated_topic,candidate
commonlii-LKCA-1924-63,09,SRC030,statute_to_curated_topic,candidate
commonlii-LKCA-1924-63,17,SRC030,statute_to_curated_topic,candidate
commonlii-LKCA-1924-64,05,SRC029,statute_to_curated_topic,candidate
commonlii-LKCA-1924-64,09,SRC071,statute_to_curated_topic,candidate
commonlii-LKCA-1924-64,18,SRC071,statute_to_curated_topic,candidate
commonlii-LKCA-1924-67,05,SRC030,statute_to_curated_topic,candidate
commonlii-LKCA-1924-67,09,SRC030,statute_to_curated_topic,candidate
commonlii-LKCA-1924-67,17,SRC030,statute_to_curated_topic,candidate
commonlii-LKCA-1925-13,05,SRC030,statute_to_curated_topic,candidate
commonlii-LKCA-1925-13,09,SRC030,statute_to_curated_topic,candidate
commonlii-LKCA-1925-13,17,SRC030,statute_to_curated_topic,candidate
commonlii-LKCA-1925-14,01,SRC004,statute_to_curated_topic,candidate
commonlii-LKCA-1925-14,05,SRC004,statute_to_curated_topic,candidate
commonlii-LKCA-1925-14,05,SRC030,statute_to_curated_topic,candidate
commonlii-LKCA-1925-14,09,SRC004,statute_to_curated_topic,candidate
commonlii-LKCA-1925-14,09,SRC030,statute_to_curated_topic,candidate
commonlii-LKCA-1925-14,17,SRC030,statute_to_curated_topic,candidate
commonlii-LKCA-1925-15,05,SRC030,statute_to_curated_topic,candidate
commonlii-LKCA-1925-15,09,SRC030,statute_to_curated_topic,candidate
commonlii-LKCA-1925-15,17,SRC030,statute_to_curated_topic,candidate
commonlii-LKCA-1925-16,05,SRC030,statute_to_curated_topic,candidate
commonlii-LKCA-1925-16,09,SRC030,statute_to_curated_topic,candidate
commonlii-LKCA-1925-16,17,SRC030,statute_to_curated_topic,candidate
commonlii-LKCA-1925-17,09,SRC071,statute_to_curated_topic,candidate
commonlii-LKCA-1925-17,18,SRC071,statute_to_curated_topic,candidate
commonlii-LKCA-1925-18,05,SRC030,statute_to_curated_topic,candidate
commonlii-LKCA-1925-18,09,SRC030,statute_to_curated_topic,candidate
commonlii-LKCA-1925-18,17,SRC030,statute_to_curated_topic,candidate
commonlii-LKCA-1925-35,16,SRC061,statute_to_curated_topic,candidate
commonlii-LKCA-1925-44,05,SRC029,statute_to_curated_topic,candidate
commonlii-LKCA-1925-44,16,SRC061,statute_to_curated_topic,candidate
commonlii-LKCA-1925-45,05,SRC029,statute_to_curated_topic,candidate
commonlii-LKCA-1925-45,09,SRC071,statute_to_curated_topic,candidate
commonlii-LKCA-1925-45,18,SRC071,statute_to_curated_topic,candidate
commonlii-LKCA-1925-46,05,SRC030,statute_to_curated_topic,candidate
commonlii-LKCA-1925-46,09,SRC030,statute_to_curated_topic,candidate
commonlii-LKCA-1925-46,17,SRC030,statute_to_curated_topic,candidate
commonlii-LKCA-1925-47,05,SRC029,statute_to_curated_topic,candidate
commonlii-LKCA-1925-9,05,SRC030,statute_to_curated_topic,candidate
commonlii-LKCA-1925-9,09,SRC030,statute_to_curated_topic,candidate
commonlii-LKCA-1925-9,17,SRC030,statute_to_curated_topic,candidate
commonlii-LKCA-1926-1,15,SRC059,statute_to_curated_topic,candidate
commonlii-LKCA-1926-10,09,SRC071,statute_to_curated_topic,candidate
commonlii-LKCA-1926-10,18,SRC071,statute_to_curated_topic,candidate
commonlii-LKCA-1926-11,11,SRC049,statute_to_curated_topic,candidate
commonlii-LKCA-1926-11,20,SRC049,statute_to_curated_topic,candidate
commonlii-LKCA-1926-13,11,SRC049,statute_to_curated_topic,candidate
commonlii-LKCA-1926-13,20,SRC049,statute_to_curated_topic,candidate
commonlii-LKCA-1926-19,05,SRC030,statute_to_curated_topic,candidate
commonlii-LKCA-1926-19,09,SRC030,statute_to_curated_topic,candidate
commonlii-LKCA-1926-19,17,SRC030,statute_to_curated_topic,candidate
commonlii-LKCA-1926-2,05,SRC030,statute_to_curated_topic,candidate
commonlii-LKCA-1926-2,09,SRC030,statute_to_curated_topic,candidate
commonlii-LKCA-1926-2,17,SRC030,statute_to_curated_topic,candidate
commonlii-LKCA-1926-25,05,SRC030,statute_to_curated_topic,candidate
commonlii-LKCA-1926-25,09,SRC030,statute_to_curated_topic,candidate
commonlii-LKCA-1926-25,09,SRC071,statute_to_curated_topic,candidate
commonlii-LKCA-1926-25,15,SRC059,statute_to_curated_topic,candidate
commonlii-LKCA-1926-25,17,SRC030,statute_to_curated_topic,candidate
commonlii-LKCA-1926-25,18,SRC071,statute_to_curated_topic,candidate
commonlii-LKCA-1926-27,09,SRC071,statute_to_curated_topic,candidate
commonlii-LKCA-1926-27,18,SRC071,statute_to_curated_topic,candidate
commonlii-LKCA-1926-29,05,SRC030,statute_to_curated_topic,candidate
commonlii-LKCA-1926-29,09,SRC030,statute_to_curated_topic,candidate
commonlii-LKCA-1926-29,17,SRC030,statute_to_curated_topic,candidate
commonlii-LKCA-1926-32,05,SRC029,statute_to_curated_topic,candidate
commonlii-LKCA-1926-32,16,SRC061,statute_to_curated_topic,candidate
commonlii-LKCA-1926-33,09,SRC071,statute_to_curated_topic,candidate
commonlii-LKCA-1926-33,18,SRC071,statute_to_curated_topic,candidate
commonlii-LKCA-1926-37,09,SRC071,statute_to_curated_topic,candidate
commonlii-LKCA-1926-37,18,SRC071,statute_to_curated_topic,candidate
commonlii-LKCA-1926-38,05,SRC030,statute_to_curated_topic,candidate
commonlii-LKCA-1926-38,09,SRC030,statute_to_curated_topic,candidate
commonlii-LKCA-1926-38,09,SRC071,statute_to_curated_topic,candidate
commonlii-LKCA-1926-38,15,SRC059,statute_to_curated_topic,candidate
commonlii-LKCA-1926-38,17,SRC030,statute_to_curated_topic,candidate
commonlii-LKCA-1926-38,18,SRC071,statute_to_curated_topic,candidate
commonlii-LKCA-1926-5,05,SRC030,statute_to_curated_topic,candidate
commonlii-LKCA-1926-5,09,SRC030,statute_to_curated_topic,candidate
commonlii-LKCA-1926-5,17,SRC030,statute_to_curated_topic,candidate
commonlii-LKCA-1926-53,05,SRC030,statute_to_curated_topic,candidate
commonlii-LKCA-1926-53,09,SRC030,statute_to_curated_topic,candidate
commonlii-LKCA-1926-53,15,SRC059,statute_to_curated_topic,candidate
commonlii-LKCA-1926-53,17,SRC030,statute_to_curated_topic,candidate
commonlii-LKCA-1926-55,05,SRC029,statute_to_curated_topic,candidate
commonlii-LKCA-1926-58,09,SRC071,statute_to_curated_topic,candidate
commonlii-LKCA-1926-58,18,SRC071,statute_to_curated_topic,candidate
commonlii-LKCA-1926-59,09,SRC071,statute_to_curated_topic,candidate
commonlii-LKCA-1926-59,18,SRC071,statute_to_curated_topic,candidate
commonlii-LKCA-1926-6,05,SRC030,statute_to_curated_topic,candidate
commonlii-LKCA-1926-6,09,SRC030,statute_to_curated_topic,candidate
commonlii-LKCA-1926-6,17,SRC030,statute_to_curated_topic,candidate
commonlii-LKCA-1926-64,15,SRC059,statute_to_curated_topic,candidate
commonlii-LKCA-1926-7,05,SRC030,statute_to_curated_topic,candidate
commonlii-LKCA-1926-7,09,SRC030,statute_to_curated_topic,candidate
commonlii-LKCA-1926-7,15,SRC059,statute_to_curated_topic,candidate
commonlii-LKCA-1926-7,17,SRC030,statute_to_curated_topic,candidate
commonlii-LKCA-1927-11,11,SRC049,statute_to_curated_topic,candidate
commonlii-LKCA-1927-11,20,SRC049,statute_to_curated_topic,candidate
commonlii-LKCA-1927-14,05,SRC030,statute_to_curated_topic,candidate
commonlii-LKCA-1927-14,09,SRC030,statute_to_curated_topic,candidate
commonlii-LKCA-1927-14,17,SRC030,statute_to_curated_topic,candidate
commonlii-LKCA-1927-15,05,SRC030,statute_to_curated_topic,candidate
commonlii-LKCA-1927-15,09,SRC030,statute_to_curated_topic,candidate
commonlii-LKCA-1927-15,17,SRC030,statute_to_curated_topic,candidate
commonlii-LKCA-1927-16,05,SRC030,statute_to_curated_topic,candidate
commonlii-LKCA-1927-16,09,SRC030,statute_to_curated_topic,candidate
commonlii-LKCA-1927-16,17,SRC030,statute_to_curated_topic,candidate
commonlii-LKCA-1927-18,05,SRC030,statute_to_curated_topic,candidate
commonlii-LKCA-1927-18,09,SRC030,statute_to_curated_topic,candidate
commonlii-LKCA-1927-18,17,SRC030,statute_to_curated_topic,candidate
commonlii-LKCA-1927-19,05,SRC030,statute_to_curated_topic,candidate
commonlii-LKCA-1927-19,09,SRC030,statute_to_curated_topic,candidate
commonlii-LKCA-1927-19,17,SRC030,statute_to_curated_topic,candidate
commonlii-LKCA-1927-2,05,SRC030,statute_to_curated_topic,candidate
commonlii-LKCA-1927-2,09,SRC030,statute_to_curated_topic,candidate
commonlii-LKCA-1927-2,17,SRC030,statute_to_curated_topic,candidate
commonlii-LKCA-1927-20,15,SRC059,statute_to_curated_topic,candidate
commonlii-LKCA-1927-26,05,SRC029,statute_to_curated_topic,candidate
commonlii-LKCA-1927-29,05,SRC030,statute_to_curated_topic,candidate
commonlii-LKCA-1927-29,09,SRC030,statute_to_curated_topic,candidate
commonlii-LKCA-1927-29,17,SRC030,statute_to_curated_topic,candidate
commonlii-LKCA-1927-30,05,SRC030,statute_to_curated_topic,candidate
commonlii-LKCA-1927-30,09,SRC030,statute_to_curated_topic,candidate
commonlii-LKCA-1927-30,09,SRC071,statute_to_curated_topic,candidate
commonlii-LKCA-1927-30,15,SRC059,statute_to_curated_topic,candidate
commonlii-LKCA-1927-30,17,SRC030,statute_to_curated_topic,candidate
commonlii-LKCA-1927-30,18,SRC071,statute_to_curated_topic,candidate
commonlii-LKCA-1927-35,05,SRC030,statute_to_curated_topic,candidate
commonlii-LKCA-1927-35,09,SRC030,statute_to_curated_topic,candidate
commonlii-LKCA-1927-35,15,SRC059,statute_to_curated_topic,candidate
commonlii-LKCA-1927-35,17,SRC030,statute_to_curated_topic,candidate
commonlii-LKCA-1927-41,09,SRC071,statute_to_curated_topic,candidate
commonlii-LKCA-1927-41,18,SRC071,statute_to_curated_topic,candidate
commonlii-LKCA-1927-42,16,SRC061,statute_to_curated_topic,candidate
commonlii-LKCA-1927-46,05,SRC030,statute_to_curated_topic,candidate
commonlii-LKCA-1927-46,09,SRC030,statute_to_curated_topic,candidate
commonlii-LKCA-1927-46,17,SRC030,statute_to_curated_topic,candidate
commonlii-LKCA-1927-47,05,SRC030,statute_to_curated_topic,candidate
commonlii-LKCA-1927-47,09,SRC030,statute_to_curated_topic,candidate
commonlii-LKCA-1927-47,17,SRC030,statute_to_curated_topic,candidate
commonlii-LKCA-1927-48,05,SRC030,statute_to_curated_topic,candidate
commonlii-LKCA-1927-48,09,SRC030,statute_to_curated_topic,candidate
commonlii-LKCA-1927-48,17,SRC030,statute_to_curated_topic,candidate
commonlii-LKCA-1927-50,05,SRC014,statute_to_curated_topic,candidate
commonlii-LKCA-1927-50,06,SRC014,statute_to_curated_topic,candidate
commonlii-LKCA-1927-50,08,SRC014,statute_to_curated_topic,candidate
commonlii-LKCA-1927-50,17,SRC014,statute_to_curated_topic,candidate
commonlii-LKCA-1927-50,20,SRC014,statute_to_curated_topic,candidate
commonlii-LKCA-1927-8,05,SRC029,statute_to_curated_topic,candidate
commonlii-LKCA-1928-15,11,SRC049,statute_to_curated_topic,candidate
commonlii-LKCA-1928-15,20,SRC049,statute_to_curated_topic,candidate
commonlii-LKCA-1928-19,05,SRC030,statute_to_curated_topic,candidate
commonlii-LKCA-1928-19,09,SRC030,statute_to_curated_topic,candidate
commonlii-LKCA-1928-19,17,SRC030,statute_to_curated_topic,candidate
commonlii-LKCA-1928-21,05,SRC030,statute_to_curated_topic,candidate
commonlii-LKCA-1928-21,09,SRC030,statute_to_curated_topic,candidate
commonlii-LKCA-1928-21,17,SRC030,statute_to_curated_topic,candidate
commonlii-LKCA-1928-23,05,SRC030,statute_to_curated_topic,candidate
commonlii-LKCA-1928-23,09,SRC030,statute_to_curated_topic,candidate
commonlii-LKCA-1928-23,17,SRC030,statute_to_curated_topic,candidate
commonlii-LKCA-1928-24,05,SRC030,statute_to_curated_topic,candidate
commonlii-LKCA-1928-24,09,SRC030,statute_to_curated_topic,candidate
commonlii-LKCA-1928-24,17,SRC030,statute_to_curated_topic,candidate
commonlii-LKCA-1928-29,05,SRC030,statute_to_curated_topic,candidate
commonlii-LKCA-1928-29,09,SRC030,statute_to_curated_topic,candidate
commonlii-LKCA-1928-29,17,SRC030,statute_to_curated_topic,candidate
commonlii-LKCA-1928-34,09,SRC071,statute_to_curated_topic,candidate
commonlii-LKCA-1928-34,18,SRC071,statute_to_curated_topic,candidate
commonlii-LKCA-1928-39,05,SRC030,statute_to_curated_topic,candidate
commonlii-LKCA-1928-39,09,SRC030,statute_to_curated_topic,candidate
commonlii-LKCA-1928-39,17,SRC030,statute_to_curated_topic,candidate
commonlii-LKCA-1928-40,15,SRC059,statute_to_curated_topic,candidate
commonlii-LKCA-1928-41,05,SRC029,statute_to_curated_topic,candidate
commonlii-LKCA-1928-41,05,SRC030,statute_to_curated_topic,candidate
commonlii-LKCA-1928-41,09,SRC030,statute_to_curated_topic,candidate
commonlii-LKCA-1928-41,17,SRC030,statute_to_curated_topic,candidate
commonlii-LKCA-1928-42,05,SRC029,statute_to_curated_topic,candidate
commonlii-LKCA-1928-56,05,SRC030,statute_to_curated_topic,candidate
commonlii-LKCA-1928-56,09,SRC030,statute_to_curated_topic,candidate
commonlii-LKCA-1928-56,17,SRC030,statute_to_curated_topic,candidate
commonlii-LKCA-1928-62,05,SRC030,statute_to_curated_topic,candidate
commonlii-LKCA-1928-62,09,SRC030,statute_to_curated_topic,candidate
commonlii-LKCA-1928-62,17,SRC030,statute_to_curated_topic,candidate
commonlii-LKCA-1928-63,05,SRC030,statute_to_curated_topic,candidate
commonlii-LKCA-1928-63,09,SRC030,statute_to_curated_topic,candidate
commonlii-LKCA-1928-63,17,SRC030,statute_to_curated_topic,candidate
commonlii-LKCA-1928-65,05,SRC030,statute_to_curated_topic,candidate
commonlii-LKCA-1928-65,09,SRC030,statute_to_curated_topic,candidate
commonlii-LKCA-1928-65,17,SRC030,statute_to_curated_topic,candidate
commonlii-LKCA-1928-71,05,SRC030,statute_to_curated_topic,candidate
commonlii-LKCA-1928-71,09,SRC030,statute_to_curated_topic,candidate
commonlii-LKCA-1928-71,15,SRC059,statute_to_curated_topic,candidate
commonlii-LKCA-1928-71,17,SRC030,statute_to_curated_topic,candidate
commonlii-LKCA-1928-74,05,SRC030,statute_to_curated_topic,candidate
commonlii-LKCA-1928-74,09,SRC030,statute_to_curated_topic,candidate
commonlii-LKCA-1928-74,17,SRC030,statute_to_curated_topic,candidate
commonlii-LKCA-1928-79,05,SRC030,statute_to_curated_topic,candidate
commonlii-LKCA-1928-79,09,SRC030,statute_to_curated_topic,candidate
commonlii-LKCA-1928-79,17,SRC030,statute_to_curated_topic,candidate
commonlii-LKCA-1928-82,15,SRC059,statute_to_curated_topic,candidate
commonlii-LKCA-1928-9,05,SRC030,statute_to_curated_topic,candidate
commonlii-LKCA-1928-9,09,SRC030,statute_to_curated_topic,candidate
commonlii-LKCA-1928-9,17,SRC030,statute_to_curated_topic,candidate
commonlii-LKCA-1928-93,05,SRC030,statute_to_curated_topic,candidate
commonlii-LKCA-1928-93,09,SRC030,statute_to_curated_topic,candidate
commonlii-LKCA-1928-93,17,SRC030,statute_to_curated_topic,candidate
commonlii-LKCA-1929-10,05,SRC030,statute_to_curated_topic,candidate
commonlii-LKCA-1929-10,09,SRC030,statute_to_curated_topic,candidate
commonlii-LKCA-1929-10,17,SRC030,statute_to_curated_topic,candidate
commonlii-LKCA-1929-103,01,SRC004,statute_to_curated_topic,candidate
commonlii-LKCA-1929-103,05,SRC004,statute_to_curated_topic,candidate
commonlii-LKCA-1929-103,05,SRC030,statute_to_curated_topic,candidate
commonlii-LKCA-1929-103,09,SRC004,statute_to_curated_topic,candidate
commonlii-LKCA-1929-103,09,SRC030,statute_to_curated_topic,candidate
commonlii-LKCA-1929-103,17,SRC030,statute_to_curated_topic,candidate
commonlii-LKCA-1929-104,15,SRC059,statute_to_curated_topic,candidate
commonlii-LKCA-1929-11,15,SRC059,statute_to_curated_topic,candidate
commonlii-LKCA-1929-13,05,SRC030,statute_to_curated_topic,candidate
commonlii-LKCA-1929-13,09,SRC030,statute_to_curated_topic,candidate
commonlii-LKCA-1929-13,17,SRC030,statute_to_curated_topic,candidate
commonlii-LKCA-1929-21,09,SRC071,statute_to_curated_topic,candidate
commonlii-LKCA-1929-21,18,SRC071,statute_to_curated_topic,candidate
commonlii-LKCA-1929-22,05,SRC030,statute_to_curated_topic,candidate
commonlii-LKCA-1929-22,09,SRC030,statute_to_curated_topic,candidate
commonlii-LKCA-1929-22,17,SRC030,statute_to_curated_topic,candidate
commonlii-LKCA-1929-24,05,SRC030,statute_to_curated_topic,candidate
commonlii-LKCA-1929-24,09,SRC030,statute_to_curated_topic,candidate
commonlii-LKCA-1929-24,17,SRC030,statute_to_curated_topic,candidate
commonlii-LKCA-1929-25,09,SRC071,statute_to_curated_topic,candidate
commonlii-LKCA-1929-25,11,SRC049,statute_to_curated_topic,candidate
commonlii-LKCA-1929-25,15,SRC059,statute_to_curated_topic,candidate
commonlii-LKCA-1929-25,18,SRC071,statute_to_curated_topic,candidate
commonlii-LKCA-1929-25,20,SRC049,statute_to_curated_topic,candidate
commonlii-LKCA-1929-32,05,SRC030,statute_to_curated_topic,candidate
commonlii-LKCA-1929-32,09,SRC030,statute_to_curated_topic,candidate
commonlii-LKCA-1929-32,17,SRC030,statute_to_curated_topic,candidate
commonlii-LKCA-1929-34,05,SRC030,statute_to_curated_topic,candidate
commonlii-LKCA-1929-34,09,SRC030,statute_to_curated_topic,candidate
commonlii-LKCA-1929-34,17,SRC030,statute_to_curated_topic,candidate
commonlii-LKCA-1929-35,05,SRC030,statute_to_curated_topic,candidate
commonlii-LKCA-1929-35,09,SRC030,statute_to_curated_topic,candidate
commonlii-LKCA-1929-35,17,SRC030,statute_to_curated_topic,candidate
commonlii-LKCA-1929-39,05,SRC030,statute_to_curated_topic,candidate
commonlii-LKCA-1929-39,09,SRC030,statute_to_curated_topic,candidate
commonlii-LKCA-1929-39,17,SRC030,statute_to_curated_topic,candidate
commonlii-LKCA-1929-47,05,SRC029,statute_to_curated_topic,candidate
commonlii-LKCA-1929-48,05,SRC029,statute_to_curated_topic,candidate
commonlii-LKCA-1929-48,15,SRC059,statute_to_curated_topic,candidate
commonlii-LKCA-1929-50,05,SRC030,statute_to_curated_topic,candidate
commonlii-LKCA-1929-50,09,SRC030,statute_to_curated_topic,candidate
commonlii-LKCA-1929-50,17,SRC030,statute_to_curated_topic,candidate
commonlii-LKCA-1929-55,05,SRC030,statute_to_curated_topic,candidate
commonlii-LKCA-1929-55,09,SRC030,statute_to_curated_topic,candidate
commonlii-LKCA-1929-55,15,SRC059,statute_to_curated_topic,candidate
commonlii-LKCA-1929-55,17,SRC030,statute_to_curated_topic,candidate
commonlii-LKCA-1929-56,05,SRC029,statute_to_curated_topic,candidate
commonlii-LKCA-1929-56,05,SRC030,statute_to_curated_topic,candidate
commonlii-LKCA-1929-56,09,SRC030,statute_to_curated_topic,candidate
commonlii-LKCA-1929-56,17,SRC030,statute_to_curated_topic,candidate
commonlii-LKCA-1929-6,05,SRC030,statute_to_curated_topic,candidate
commonlii-LKCA-1929-6,09,SRC030,statute_to_curated_topic,candidate
commonlii-LKCA-1929-6,17,SRC030,statute_to_curated_topic,candidate
commonlii-LKCA-1929-64,09,SRC071,statute_to_curated_topic,candidate
commonlii-LKCA-1929-64,18,SRC071,statute_to_curated_topic,candidate
commonlii-LKCA-1929-69,05,SRC030,statute_to_curated_topic,candidate
commonlii-LKCA-1929-69,09,SRC030,statute_to_curated_topic,candidate
commonlii-LKCA-1929-69,15,SRC059,statute_to_curated_topic,candidate
commonlii-LKCA-1929-69,17,SRC030,statute_to_curated_topic,candidate
commonlii-LKCA-1929-7,05,SRC030,statute_to_curated_topic,candidate
commonlii-LKCA-1929-7,09,SRC030,statute_to_curated_topic,candidate
commonlii-LKCA-1929-7,17,SRC030,statute_to_curated_topic,candidate
commonlii-LKCA-1929-75,05,SRC014,statute_to_curated_topic,candidate
commonlii-LKCA-1929-75,05,SRC024,statute_to_curated_topic,candidate
commonlii-LKCA-1929-75,06,SRC014,statute_to_curated_topic,candidate
commonlii-LKCA-1929-75,08,SRC014,statute_to_curated_topic,candidate
commonlii-LKCA-1929-75,14,SRC024,statute_to_curated_topic,candidate
commonlii-LKCA-1929-75,17,SRC014,statute_to_curated_topic,candidate
commonlii-LKCA-1929-75,17,SRC024,statute_to_curated_topic,candidate
commonlii-LKCA-1929-75,20,SRC014,statute_to_curated_topic,candidate
commonlii-LKCA-1929-78,05,SRC030,statute_to_curated_topic,candidate
commonlii-LKCA-1929-78,09,SRC030,statute_to_curated_topic,candidate
commonlii-LKCA-1929-78,17,SRC030,statute_to_curated_topic,candidate
commonlii-LKCA-1929-84,05,SRC030,statute_to_curated_topic,candidate
commonlii-LKCA-1929-84,09,SRC030,statute_to_curated_topic,candidate
commonlii-LKCA-1929-84,17,SRC030,statute_to_curated_topic,candidate
commonlii-LKCA-1929-87,05,SRC029,statute_to_curated_topic,candidate
commonlii-LKCA-1929-9,05,SRC030,statute_to_curated_topic,candidate
commonlii-LKCA-1929-9,09,SRC030,statute_to_curated_topic,candidate
commonlii-LKCA-1929-9,17,SRC030,statute_to_curated_topic,candidate
commonlii-LKCA-1929-91,05,SRC029,statute_to_curated_topic,candidate
commonlii-LKCA-1929-91,15,SRC059,statute_to_curated_topic,candidate
commonlii-LKCA-1930-13,05,SRC030,statute_to_curated_topic,candidate
commonlii-LKCA-1930-13,05,SRC031,statute_to_curated_topic,candidate
commonlii-LKCA-1930-13,09,SRC030,statute_to_curated_topic,candidate
commonlii-LKCA-1930-13,09,SRC031,statute_to_curated_topic,candidate
commonlii-LKCA-1930-13,17,SRC030,statute_to_curated_topic,candidate
commonlii-LKCA-1930-14,09,SRC071,statute_to_curated_topic,candidate
commonlii-LKCA-1930-14,18,SRC071,statute_to_curated_topic,candidate
commonlii-LKCA-1930-16,11,SRC049,statute_to_curated_topic,candidate
commonlii-LKCA-1930-16,20,SRC049,statute_to_curated_topic,candidate
commonlii-LKCA-1930-19,05,SRC030,statute_to_curated_topic,candidate
commonlii-LKCA-1930-19,09,SRC030,statute_to_curated_topic,candidate
commonlii-LKCA-1930-19,17,SRC030,statute_to_curated_topic,candidate
commonlii-LKCA-1930-20,05,SRC030,statute_to_curated_topic,candidate
commonlii-LKCA-1930-20,09,SRC030,statute_to_curated_topic,candidate
commonlii-LKCA-1930-20,17,SRC030,statute_to_curated_topic,candidate
commonlii-LKCA-1930-25,05,SRC030,statute_to_curated_topic,candidate
commonlii-LKCA-1930-25,09,SRC030,statute_to_curated_topic,candidate
commonlii-LKCA-1930-25,17,SRC030,statute_to_curated_topic,candidate
commonlii-LKCA-1930-34,05,SRC029,statute_to_curated_topic,candidate
commonlii-LKCA-1930-40,05,SRC029,statute_to_curated_topic,candidate
commonlii-LKCA-1930-43,05,SRC029,statute_to_curated_topic,candidate
commonlii-LKCA-1930-43,15,SRC059,statute_to_curated_topic,candidate
commonlii-LKCA-1930-5,05,SRC030,statute_to_curated_topic,candidate
commonlii-LKCA-1930-5,09,SRC030,statute_to_curated_topic,candidate
commonlii-LKCA-1930-5,17,SRC030,statute_to_curated_topic,candidate
commonlii-LKCA-1930-55,05,SRC030,statute_to_curated_topic,candidate
commonlii-LKCA-1930-55,09,SRC030,statute_to_curated_topic,candidate
commonlii-LKCA-1930-55,09,SRC071,statute_to_curated_topic,candidate
commonlii-LKCA-1930-55,17,SRC030,statute_to_curated_topic,candidate
commonlii-LKCA-1930-55,18,SRC071,statute_to_curated_topic,candidate
commonlii-LKCA-1930-60,16,SRC061,statute_to_curated_topic,candidate
commonlii-LKCA-1930-61,05,SRC014,statute_to_curated_topic,candidate
commonlii-LKCA-1930-61,06,SRC014,statute_to_curated_topic,candidate
commonlii-LKCA-1930-61,08,SRC014,statute_to_curated_topic,candidate
commonlii-LKCA-1930-61,17,SRC014,statute_to_curated_topic,candidate
commonlii-LKCA-1930-61,20,SRC014,statute_to_curated_topic,candidate
commonlii-LKCA-1930-63,05,SRC029,statute_to_curated_topic,candidate
commonlii-LKCA-1930-65,09,SRC071,statute_to_curated_topic,candidate
commonlii-LKCA-1930-65,18,SRC071,statute_to_curated_topic,candidate
commonlii-LKCA-1930-7,05,SRC030,statute_to_curated_topic,candidate
commonlii-LKCA-1930-7,09,SRC030,statute_to_curated_topic,candidate
commonlii-LKCA-1930-7,17,SRC030,statute_to_curated_topic,candidate
commonlii-LKCA-1930-71,02,SRC005,statute_to_curated_topic,candidate
commonlii-LKCA-1930-71,05,SRC005,statute_to_curated_topic,candidate
commonlii-LKCA-1930-71,05,SRC030,statute_to_curated_topic,candidate
commonlii-LKCA-1930-71,06,SRC005,statute_to_curated_topic,candidate
commonlii-LKCA-1930-71,09,SRC030,statute_to_curated_topic,candidate
commonlii-LKCA-1930-71,17,SRC005,statute_to_curated_topic,candidate
commonlii-LKCA-1930-71,17,SRC030,statute_to_curated_topic,candidate
commonlii-LKCA-1930-75,05,SRC030,statute_to_curated_topic,candidate
commonlii-LKCA-1930-75,09,SRC030,statute_to_curated_topic,candidate
commonlii-LKCA-1930-75,17,SRC030,statute_to_curated_topic,candidate
commonlii-LKCA-1932-1,09,SRC071,statute_to_curated_topic,candidate
commonlii-LKCA-1932-1,18,SRC071,statute_to_curated_topic,candidate
commonlii-LKCA-1932-11,09,SRC071,statute_to_curated_topic,candidate
commonlii-LKCA-1932-11,18,SRC071,statute_to_curated_topic,candidate
commonlii-LKCA-1932-12,11,SRC049,statute_to_curated_topic,candidate
commonlii-LKCA-1932-12,20,SRC049,statute_to_curated_topic,candidate
commonlii-LKCA-1932-13,05,SRC030,statute_to_curated_topic,candidate
commonlii-LKCA-1932-13,09,SRC030,statute_to_curated_topic,candidate
commonlii-LKCA-1932-13,17,SRC030,statute_to_curated_topic,candidate
commonlii-LKCA-1932-14,05,SRC030,statute_to_curated_topic,candidate
commonlii-LKCA-1932-14,09,SRC030,statute_to_curated_topic,candidate
commonlii-LKCA-1932-14,17,SRC030,statute_to_curated_topic,candidate
commonlii-LKCA-1932-15,05,SRC030,statute_to_curated_topic,candidate
commonlii-LKCA-1932-15,09,SRC030,statute_to_curated_topic,candidate
commonlii-LKCA-1932-15,17,SRC030,statute_to_curated_topic,candidate
commonlii-LKCA-1932-3,05,SRC030,statute_to_curated_topic,candidate
commonlii-LKCA-1932-3,09,SRC030,statute_to_curated_topic,candidate
commonlii-LKCA-1932-3,17,SRC030,statute_to_curated_topic,candidate
commonlii-LKCA-1932-32,05,SRC030,statute_to_curated_topic,candidate
commonlii-LKCA-1932-32,09,SRC030,statute_to_curated_topic,candidate
commonlii-LKCA-1932-32,17,SRC030,statute_to_curated_topic,candidate
commonlii-LKCA-1932-37,15,SRC059,statute_to_curated_topic,candidate
commonlii-LKCA-1932-4,05,SRC030,statute_to_curated_topic,candidate
commonlii-LKCA-1932-4,09,SRC030,statute_to_curated_topic,candidate
commonlii-LKCA-1932-4,09,SRC071,statute_to_curated_topic,candidate
commonlii-LKCA-1932-4,17,SRC030,statute_to_curated_topic,candidate
commonlii-LKCA-1932-4,18,SRC071,statute_to_curated_topic,candidate
commonlii-LKCA-1932-48,05,SRC029,statute_to_curated_topic,candidate
commonlii-LKCA-1932-50,05,SRC030,statute_to_curated_topic,candidate
commonlii-LKCA-1932-50,09,SRC030,statute_to_curated_topic,candidate
commonlii-LKCA-1932-50,17,SRC030,statute_to_curated_topic,candidate
commonlii-LKCA-1932-53,05,SRC030,statute_to_curated_topic,candidate
commonlii-LKCA-1932-53,09,SRC030,statute_to_curated_topic,candidate
commonlii-LKCA-1932-53,17,SRC030,statute_to_curated_topic,candidate
commonlii-LKCA-1932-54,05,SRC030,statute_to_curated_topic,candidate
commonlii-LKCA-1932-54,09,SRC030,statute_to_curated_topic,candidate
commonlii-LKCA-1932-54,17,SRC030,statute_to_curated_topic,candidate
commonlii-LKCA-1932-55,05,SRC030,statute_to_curated_topic,candidate
commonlii-LKCA-1932-55,09,SRC030,statute_to_curated_topic,candidate
commonlii-LKCA-1932-55,16,SRC061,statute_to_curated_topic,candidate
commonlii-LKCA-1932-55,17,SRC030,statute_to_curated_topic,candidate
commonlii-LKCA-1932-6,05,SRC030,statute_to_curated_topic,candidate
commonlii-LKCA-1932-6,09,SRC030,statute_to_curated_topic,candidate
commonlii-LKCA-1932-6,17,SRC030,statute_to_curated_topic,candidate
commonlii-LKCA-1932-60,09,SRC071,statute_to_curated_topic,candidate
commonlii-LKCA-1932-60,18,SRC071,statute_to_curated_topic,candidate
commonlii-LKCA-1932-66,05,SRC030,statute_to_curated_topic,candidate
commonlii-LKCA-1932-66,09,SRC030,statute_to_curated_topic,candidate
commonlii-LKCA-1932-66,17,SRC030,statute_to_curated_topic,candidate
commonlii-LKCA-1932-67,05,SRC030,statute_to_curated_topic,candidate
commonlii-LKCA-1932-67,09,SRC030,statute_to_curated_topic,candidate
commonlii-LKCA-1932-67,17,SRC030,statute_to_curated_topic,candidate
commonlii-LKCA-1932-71,05,SRC030,statute_to_curated_topic,candidate
commonlii-LKCA-1932-71,09,SRC030,statute_to_curated_topic,candidate
commonlii-LKCA-1932-71,15,SRC059,statute_to_curated_topic,candidate
commonlii-LKCA-1932-71,17,SRC030,statute_to_curated_topic,candidate
commonlii-LKCA-1932-8,05,SRC030,statute_to_curated_topic,candidate
commonlii-LKCA-1932-8,09,SRC030,statute_to_curated_topic,candidate
commonlii-LKCA-1932-8,17,SRC030,statute_to_curated_topic,candidate
commonlii-LKCA-1932-9,05,SRC030,statute_to_curated_topic,candidate
commonlii-LKCA-1932-9,09,SRC030,statute_to_curated_topic,candidate
commonlii-LKCA-1932-9,17,SRC030,statute_to_curated_topic,candidate
commonlii-LKCA-1933-10,05,SRC029,statute_to_curated_topic,candidate
commonlii-LKCA-1933-10,11,SRC049,statute_to_curated_topic,candidate
commonlii-LKCA-1933-10,20,SRC049,statute_to_curated_topic,candidate
commonlii-LKCA-1933-12,05,SRC030,statute_to_curated_topic,candidate
commonlii-LKCA-1933-12,05,SRC031,statute_to_curated_topic,candidate
commonlii-LKCA-1933-12,09,SRC030,statute_to_curated_topic,candidate
commonlii-LKCA-1933-12,09,SRC031,statute_to_curated_topic,candidate
commonlii-LKCA-1933-12,09,SRC071,statute_to_curated_topic,candidate
commonlii-LKCA-1933-12,17,SRC030,statute_to_curated_topic,candidate
commonlii-LKCA-1933-12,18,SRC071,statute_to_curated_topic,candidate
commonlii-LKCA-1933-13,02,SRC005,statute_to_curated_topic,candidate
commonlii-LKCA-1933-13,05,SRC005,statute_to_curated_topic,candidate
commonlii-LKCA-1933-13,05,SRC030,statute_to_curated_topic,candidate
commonlii-LKCA-1933-13,06,SRC005,statute_to_curated_topic,candidate
commonlii-LKCA-1933-13,09,SRC030,statute_to_curated_topic,candidate
commonlii-LKCA-1933-13,17,SRC005,statute_to_curated_topic,candidate
commonlii-LKCA-1933-13,17,SRC030,statute_to_curated_topic,candidate
commonlii-LKCA-1933-14,05,SRC030,statute_to_curated_topic,candidate
commonlii-LKCA-1933-14,09,SRC030,statute_to_curated_topic,candidate
commonlii-LKCA-1933-14,17,SRC030,statute_to_curated_topic,candidate
commonlii-LKCA-1933-15,05,SRC030,statute_to_curated_topic,candidate
commonlii-LKCA-1933-15,09,SRC030,statute_to_curated_topic,candidate
commonlii-LKCA-1933-15,17,SRC030,statute_to_curated_topic,candidate
commonlii-LKCA-1933-17,05,SRC030,statute_to_curated_topic,candidate
commonlii-LKCA-1933-17,09,SRC030,statute_to_curated_topic,candidate
commonlii-LKCA-1933-17,17,SRC030,statute_to_curated_topic,candidate
commonlii-LKCA-1933-20,05,SRC030,statute_to_curated_topic,candidate
commonlii-LKCA-1933-20,09,SRC030,statute_to_curated_topic,candidate
commonlii-LKCA-1933-20,15,SRC059,statute_to_curated_topic,candidate
commonlii-LKCA-1933-20,17,SRC030,statute_to_curated_topic,candidate
commonlii-LKCA-1933-24,05,SRC030,statute_to_curated_topic,candidate
commonlii-LKCA-1933-24,09,SRC030,statute_to_curated_topic,candidate
commonlii-LKCA-1933-24,17,SRC030,statute_to_curated_topic,candidate
commonlii-LKCA-1933-25,05,SRC030,statute_to_curated_topic,candidate
commonlii-LKCA-1933-25,09,SRC030,statute_to_curated_topic,candidate
commonlii-LKCA-1933-25,17,SRC030,statute_to_curated_topic,candidate
commonlii-LKCA-1933-29,05,SRC024,statute_to_curated_topic,candidate
commonlii-LKCA-1933-29,14,SRC024,statute_to_curated_topic,candidate
commonlii-LKCA-1933-29,17,SRC024,statute_to_curated_topic,candidate
commonlii-LKCA-1933-3,05,SRC029,statute_to_curated_topic,candidate
commonlii-LKCA-1933-3,05,SRC030,statute_to_curated_topic,candidate
commonlii-LKCA-1933-3,09,SRC030,statute_to_curated_topic,candidate
commonlii-LKCA-1933-3,17,SRC030,statute_to_curated_topic,candidate
commonlii-LKCA-1933-33,05,SRC030,statute_to_curated_topic,candidate
commonlii-LKCA-1933-33,09,SRC030,statute_to_curated_topic,candidate
commonlii-LKCA-1933-33,17,SRC030,statute_to_curated_topic,candidate
commonlii-LKCA-1933-4,05,SRC029,statute_to_curated_topic,candidate
commonlii-LKCA-1933-4,05,SRC030,statute_to_curated_topic,candidate
commonlii-LKCA-1933-4,09,SRC030,statute_to_curated_topic,candidate
commonlii-LKCA-1933-4,15,SRC059,statute_to_curated_topic,candidate
commonlii-LKCA-1933-4,17,SRC030,statute_to_curated_topic,candidate
commonlii-LKCA-1933-41,02,SRC005,statute_to_curated_topic,candidate
commonlii-LKCA-1933-41,05,SRC005,statute_to_curated_topic,candidate
commonlii-LKCA-1933-41,05,SRC029,statute_to_curated_topic,candidate
commonlii-LKCA-1933-41,06,SRC005,statute_to_curated_topic,candidate
commonlii-LKCA-1933-41,17,SRC005,statute_to_curated_topic,candidate
commonlii-LKCA-1933-47,02,SRC005,statute_to_curated_topic,candidate
commonlii-LKCA-1933-47,05,SRC005,statute_to_curated_topic,candidate
commonlii-LKCA-1933-47,05,SRC030,statute_to_curated_topic,candidate
commonlii-LKCA-1933-47,06,SRC005,statute_to_curated_topic,candidate
commonlii-LKCA-1933-47,09,SRC030,statute_to_curated_topic,candidate
commonlii-LKCA-1933-47,09,SRC071,statute_to_curated_topic,candidate
commonlii-LKCA-1933-47,12,SRC054,statute_to_curated_topic,candidate
commonlii-LKCA-1933-47,15,SRC059,statute_to_curated_topic,candidate
commonlii-LKCA-1933-47,17,SRC005,statute_to_curated_topic,candidate
commonlii-LKCA-1933-47,17,SRC030,statute_to_curated_topic,candidate
commonlii-LKCA-1933-47,18,SRC071,statute_to_curated_topic,candidate
commonlii-LKCA-1933-5,05,SRC030,statute_to_curated_topic,candidate
commonlii-LKCA-1933-5,09,SRC030,statute_to_curated_topic,candidate
commonlii-LKCA-1933-5,17,SRC030,statute_to_curated_topic,candidate
commonlii-LKCA-1933-51,05,SRC030,statute_to_curated_topic,candidate
commonlii-LKCA-1933-51,09,SRC030,statute_to_curated_topic,candidate
commonlii-LKCA-1933-51,17,SRC030,statute_to_curated_topic,candidate
commonlii-LKCA-1933-54,05,SRC030,statute_to_curated_topic,candidate
commonlii-LKCA-1933-54,09,SRC030,statute_to_curated_topic,candidate
commonlii-LKCA-1933-54,17,SRC030,statute_to_curated_topic,candidate
commonlii-LKCA-1933-57,05,SRC030,statute_to_curated_topic,candidate
commonlii-LKCA-1933-57,09,SRC030,statute_to_curated_topic,candidate
commonlii-LKCA-1933-57,17,SRC030,statute_to_curated_topic,candidate
commonlii-LKCA-1933-58,09,SRC071,statute_to_curated_topic,candidate
commonlii-LKCA-1933-58,15,SRC059,statute_to_curated_topic,candidate
commonlii-LKCA-1933-58,18,SRC071,statute_to_curated_topic,candidate
commonlii-LKCA-1933-63,02,SRC005,statute_to_curated_topic,candidate
commonlii-LKCA-1933-63,05,SRC005,statute_to_curated_topic,candidate
commonlii-LKCA-1933-63,05,SRC030,statute_to_curated_topic,candidate
commonlii-LKCA-1933-63,06,SRC005,statute_to_curated_topic,candidate
commonlii-LKCA-1933-63,09,SRC030,statute_to_curated_topic,candidate
commonlii-LKCA-1933-63,17,SRC005,statute_to_curated_topic,candidate
commonlii-LKCA-1933-63,17,SRC030,statute_to_curated_topic,candidate
commonlii-LKCA-1933-66,01,SRC004,statute_to_curated_topic,candidate
commonlii-LKCA-1933-66,05,SRC004,statute_to_curated_topic,candidate
commonlii-LKCA-1933-66,05,SRC030,statute_to_curated_topic,candidate
commonlii-LKCA-1933-66,09,SRC004,statute_to_curated_topic,candidate
commonlii-LKCA-1933-66,09,SRC030,statute_to_curated_topic,candidate
commonlii-LKCA-1933-66,17,SRC030,statute_to_curated_topic,candidate
commonlii-LKCA-1933-8,02,SRC005,statute_to_curated_topic,candidate
commonlii-LKCA-1933-8,05,SRC005,statute_to_curated_topic,candidate
commonlii-LKCA-1933-8,06,SRC005,statute_to_curated_topic,candidate
commonlii-LKCA-1933-8,17,SRC005,statute_to_curated_topic,candidate
commonlii-LKCA-1933-9,09,SRC071,statute_to_curated_topic,candidate
commonlii-LKCA-1933-9,18,SRC071,statute_to_curated_topic,candidate
commonlii-LKCA-1934-10,16,SRC061,statute_to_curated_topic,candidate
commonlii-LKCA-1934-11,09,SRC071,statute_to_curated_topic,candidate
commonlii-LKCA-1934-11,11,SRC049,statute_to_curated_topic,candidate
commonlii-LKCA-1934-11,18,SRC071,statute_to_curated_topic,candidate
commonlii-LKCA-1934-11,20,SRC049,statute_to_curated_topic,candidate
commonlii-LKCA-1934-14,05,SRC030,statute_to_curated_topic,candidate
commonlii-LKCA-1934-14,09,SRC030,statute_to_curated_topic,candidate
commonlii-LKCA-1934-14,17,SRC030,statute_to_curated_topic,candidate
commonlii-LKCA-1934-2,09,SRC071,statute_to_curated_topic,candidate
commonlii-LKCA-1934-2,18,SRC071,statute_to_curated_topic,candidate
commonlii-LKCA-1934-22,05,SRC030,statute_to_curated_topic,candidate
commonlii-LKCA-1934-22,09,SRC030,statute_to_curated_topic,candidate
commonlii-LKCA-1934-22,17,SRC030,statute_to_curated_topic,candidate
commonlii-LKCA-1934-26,05,SRC030,statute_to_curated_topic,candidate
commonlii-LKCA-1934-26,09,SRC030,statute_to_curated_topic,candidate
commonlii-LKCA-1934-26,17,SRC030,statute_to_curated_topic,candidate
commonlii-LKCA-1934-27,01,SRC004,statute_to_curated_topic,candidate
commonlii-LKCA-1934-27,05,SRC004,statute_to_curated_topic,candidate
commonlii-LKCA-1934-27,09,SRC004,statute_to_curated_topic,candidate
commonlii-LKCA-1934-29,05,SRC030,statute_to_curated_topic,candidate
commonlii-LKCA-1934-29,09,SRC030,statute_to_curated_topic,candidate
commonlii-LKCA-1934-29,17,SRC030,statute_to_curated_topic,candidate
commonlii-LKCA-1934-37,05,SRC030,statute_to_curated_topic,candidate
commonlii-LKCA-1934-37,09,SRC030,statute_to_curated_topic,candidate
commonlii-LKCA-1934-37,17,SRC030,statute_to_curated_topic,candidate
commonlii-LKCA-1934-4,05,SRC030,statute_to_curated_topic,candidate
commonlii-LKCA-1934-4,09,SRC030,statute_to_curated_topic,candidate
commonlii-LKCA-1934-4,17,SRC030,statute_to_curated_topic,candidate
commonlii-LKCA-1934-40,05,SRC030,statute_to_curated_topic,candidate
commonlii-LKCA-1934-40,09,SRC030,statute_to_curated_topic,candidate
commonlii-LKCA-1934-40,17,SRC030,statute_to_curated_topic,candidate
commonlii-LKCA-1934-41,05,SRC030,statute_to_curated_topic,candidate
commonlii-LKCA-1934-41,09,SRC030,statute_to_curated_topic,candidate
commonlii-LKCA-1934-41,17,SRC030,statute_to_curated_topic,candidate
commonlii-LKCA-1934-43,05,SRC030,statute_to_curated_topic,candidate
commonlii-LKCA-1934-43,09,SRC030,statute_to_curated_topic,candidate
commonlii-LKCA-1934-43,17,SRC030,statute_to_curated_topic,candidate
commonlii-LKCA-1934-49,05,SRC030,statute_to_curated_topic,candidate
commonlii-LKCA-1934-49,09,SRC030,statute_to_curated_topic,candidate
commonlii-LKCA-1934-49,09,SRC071,statute_to_curated_topic,candidate
commonlii-LKCA-1934-49,16,SRC061,statute_to_curated_topic,candidate
commonlii-LKCA-1934-49,17,SRC030,statute_to_curated_topic,candidate
commonlii-LKCA-1934-49,18,SRC071,statute_to_curated_topic,candidate
commonlii-LKCA-1934-5,05,SRC030,statute_to_curated_topic,candidate
commonlii-LKCA-1934-5,09,SRC030,statute_to_curated_topic,candidate
commonlii-LKCA-1934-5,17,SRC030,statute_to_curated_topic,candidate
commonlii-LKCA-1934-50,05,SRC030,statute_to_curated_topic,candidate
commonlii-LKCA-1934-50,09,SRC030,statute_to_curated_topic,candidate
commonlii-LKCA-1934-50,17,SRC030,statute_to_curated_topic,candidate
commonlii-LKCA-1934-51,05,SRC030,statute_to_curated_topic,candidate
commonlii-LKCA-1934-51,09,SRC030,statute_to_curated_topic,candidate
commonlii-LKCA-1934-51,17,SRC030,statute_to_curated_topic,candidate
commonlii-LKCA-1934-52,05,SRC030,statute_to_curated_topic,candidate
commonlii-LKCA-1934-52,09,SRC030,statute_to_curated_topic,candidate
commonlii-LKCA-1934-52,09,SRC071,statute_to_curated_topic,candidate
commonlii-LKCA-1934-52,17,SRC030,statute_to_curated_topic,candidate
commonlii-LKCA-1934-52,18,SRC071,statute_to_curated_topic,candidate
commonlii-LKCA-1934-58,02,SRC005,statute_to_curated_topic,candidate
commonlii-LKCA-1934-58,05,SRC005,statute_to_curated_topic,candidate
commonlii-LKCA-1934-58,05,SRC030,statute_to_curated_topic,candidate
commonlii-LKCA-1934-58,06,SRC005,statute_to_curated_topic,candidate
commonlii-LKCA-1934-58,09,SRC030,statute_to_curated_topic,candidate
commonlii-LKCA-1934-58,17,SRC005,statute_to_curated_topic,candidate
commonlii-LKCA-1934-58,17,SRC030,statute_to_curated_topic,candidate
commonlii-LKCA-1934-66,15,SRC059,statute_to_curated_topic,candidate
commonlii-LKCA-1934-68,05,SRC030,statute_to_curated_topic,candidate
commonlii-LKCA-1934-68,09,SRC030,statute_to_curated_topic,candidate
commonlii-LKCA-1934-68,09,SRC071,statute_to_curated_topic,candidate
commonlii-LKCA-1934-68,17,SRC030,statute_to_curated_topic,candidate
commonlii-LKCA-1934-68,18,SRC071,statute_to_curated_topic,candidate
commonlii-LKCA-1935-1,05,SRC030,statute_to_curated_topic,candidate
commonlii-LKCA-1935-1,09,SRC030,statute_to_curated_topic,candidate
commonlii-LKCA-1935-1,17,SRC030,statute_to_curated_topic,candidate
commonlii-LKCA-1935-12,05,SRC030,statute_to_curated_topic,candidate
commonlii-LKCA-1935-12,09,SRC030,statute_to_curated_topic,candidate
commonlii-LKCA-1935-12,09,SRC071,statute_to_curated_topic,candidate
commonlii-LKCA-1935-12,17,SRC030,statute_to_curated_topic,candidate
commonlii-LKCA-1935-12,18,SRC071,statute_to_curated_topic,candidate
commonlii-LKCA-1935-13,05,SRC030,statute_to_curated_topic,candidate
commonlii-LKCA-1935-13,09,SRC030,statute_to_curated_topic,candidate
commonlii-LKCA-1935-13,17,SRC030,statute_to_curated_topic,candidate
commonlii-LKCA-1935-16,05,SRC030,statute_to_curated_topic,candidate
commonlii-LKCA-1935-16,09,SRC030,statute_to_curated_topic,candidate
commonlii-LKCA-1935-16,17,SRC030,statute_to_curated_topic,candidate
commonlii-LKCA-1935-18,05,SRC030,statute_to_curated_topic,candidate
commonlii-LKCA-1935-18,09,SRC030,statute_to_curated_topic,candidate
commonlii-LKCA-1935-18,17,SRC030,statute_to_curated_topic,candidate
commonlii-LKCA-1935-19,05,SRC030,statute_to_curated_topic,candidate
commonlii-LKCA-1935-19,09,SRC030,statute_to_curated_topic,candidate
commonlii-LKCA-1935-19,17,SRC030,statute_to_curated_topic,candidate
commonlii-LKCA-1935-2,05,SRC030,statute_to_curated_topic,candidate
commonlii-LKCA-1935-2,09,SRC030,statute_to_curated_topic,candidate
commonlii-LKCA-1935-2,09,SRC071,statute_to_curated_topic,candidate
commonlii-LKCA-1935-2,17,SRC030,statute_to_curated_topic,candidate
commonlii-LKCA-1935-2,18,SRC071,statute_to_curated_topic,candidate
commonlii-LKCA-1935-20,05,SRC030,statute_to_curated_topic,candidate
commonlii-LKCA-1935-20,09,SRC030,statute_to_curated_topic,candidate
commonlii-LKCA-1935-20,17,SRC030,statute_to_curated_topic,candidate
commonlii-LKCA-1935-23,05,SRC030,statute_to_curated_topic,candidate
commonlii-LKCA-1935-23,09,SRC030,statute_to_curated_topic,candidate
commonlii-LKCA-1935-23,17,SRC030,statute_to_curated_topic,candidate
commonlii-LKCA-1935-28,01,SRC004,statute_to_curated_topic,candidate
commonlii-LKCA-1935-28,05,SRC004,statute_to_curated_topic,candidate
commonlii-LKCA-1935-28,09,SRC004,statute_to_curated_topic,candidate
commonlii-LKCA-1935-3,05,SRC030,statute_to_curated_topic,candidate
commonlii-LKCA-1935-3,09,SRC030,statute_to_curated_topic,candidate
commonlii-LKCA-1935-3,17,SRC030,statute_to_curated_topic,candidate
commonlii-LKCA-1935-30,05,SRC029,statute_to_curated_topic,candidate
commonlii-LKCA-1935-34,09,SRC071,statute_to_curated_topic,candidate
commonlii-LKCA-1935-34,18,SRC071,statute_to_curated_topic,candidate
commonlii-LKCA-1935-38,05,SRC030,statute_to_curated_topic,candidate
commonlii-LKCA-1935-38,09,SRC030,statute_to_curated_topic,candidate
commonlii-LKCA-1935-38,17,SRC030,statute_to_curated_topic,candidate
commonlii-LKCA-1935-39,05,SRC030,statute_to_curated_topic,candidate
commonlii-LKCA-1935-39,09,SRC030,statute_to_curated_topic,candidate
commonlii-LKCA-1935-39,15,SRC059,statute_to_curated_topic,candidate
commonlii-LKCA-1935-39,17,SRC030,statute_to_curated_topic,candidate
commonlii-LKCA-1935-40,05,SRC030,statute_to_curated_topic,candidate
commonlii-LKCA-1935-40,09,SRC030,statute_to_curated_topic,candidate
commonlii-LKCA-1935-40,17,SRC030,statute_to_curated_topic,candidate
commonlii-LKCA-1935-5,09,SRC071,statute_to_curated_topic,candidate
commonlii-LKCA-1935-5,18,SRC071,statute_to_curated_topic,candidate
commonlii-LKCA-1935-51,05,SRC030,statute_to_curated_topic,candidate
commonlii-LKCA-1935-51,09,SRC030,statute_to_curated_topic,candidate
commonlii-LKCA-1935-51,17,SRC030,statute_to_curated_topic,candidate
commonlii-LKCA-1935-58,15,SRC059,statute_to_curated_topic,candidate
commonlii-LKCA-1935-61,05,SRC030,statute_to_curated_topic,candidate
commonlii-LKCA-1935-61,09,SRC030,statute_to_curated_topic,candidate
commonlii-LKCA-1935-61,09,SRC071,statute_to_curated_topic,candidate
commonlii-LKCA-1935-61,17,SRC030,statute_to_curated_topic,candidate
commonlii-LKCA-1935-61,18,SRC071,statute_to_curated_topic,candidate
commonlii-LKCA-1935-9,11,SRC049,statute_to_curated_topic,candidate
commonlii-LKCA-1935-9,20,SRC049,statute_to_curated_topic,candidate
commonlii-LKCA-1936-11,05,SRC030,statute_to_curated_topic,candidate
commonlii-LKCA-1936-11,09,SRC030,statute_to_curated_topic,candidate
commonlii-LKCA-1936-11,17,SRC030,statute_to_curated_topic,candidate
commonlii-LKCA-1936-14,05,SRC030,statute_to_curated_topic,candidate
commonlii-LKCA-1936-14,09,SRC030,statute_to_curated_topic,candidate
commonlii-LKCA-1936-14,17,SRC030,statute_to_curated_topic,candidate
commonlii-LKCA-1936-16,05,SRC030,statute_to_curated_topic,candidate
commonlii-LKCA-1936-16,09,SRC030,statute_to_curated_topic,candidate
commonlii-LKCA-1936-16,17,SRC030,statute_to_curated_topic,candidate
commonlii-LKCA-1936-19,05,SRC030,statute_to_curated_topic,candidate
commonlii-LKCA-1936-19,09,SRC030,statute_to_curated_topic,candidate
commonlii-LKCA-1936-19,17,SRC030,statute_to_curated_topic,candidate
commonlii-LKCA-1936-22,05,SRC030,statute_to_curated_topic,candidate
commonlii-LKCA-1936-22,09,SRC030,statute_to_curated_topic,candidate
commonlii-LKCA-1936-22,17,SRC030,statute_to_curated_topic,candidate
commonlii-LKCA-1936-28,05,SRC030,statute_to_curated_topic,candidate
commonlii-LKCA-1936-28,09,SRC030,statute_to_curated_topic,candidate
commonlii-LKCA-1936-28,17,SRC030,statute_to_curated_topic,candidate
commonlii-LKCA-1936-32,05,SRC029,statute_to_curated_topic,candidate
commonlii-LKCA-1936-33,05,SRC029,statute_to_curated_topic,candidate
commonlii-LKCA-1936-34,05,SRC029,statute_to_curated_topic,candidate
commonlii-LKCA-1936-45,05,SRC030,statute_to_curated_topic,candidate
commonlii-LKCA-1936-45,09,SRC030,statute_to_curated_topic,candidate
commonlii-LKCA-1936-45,17,SRC030,statute_to_curated_topic,candidate
commonlii-LKCA-1936-47,15,SRC059,statute_to_curated_topic,candidate
commonlii-LKCA-1936-48,05,SRC024,statute_to_curated_topic,candidate
commonlii-LKCA-1936-48,05,SRC030,statute_to_curated_topic,candidate
commonlii-LKCA-1936-48,09,SRC030,statute_to_curated_topic,candidate
commonlii-LKCA-1936-48,14,SRC024,statute_to_curated_topic,candidate
commonlii-LKCA-1936-48,17,SRC024,statute_to_curated_topic,candidate
commonlii-LKCA-1936-48,17,SRC030,statute_to_curated_topic,candidate
commonlii-LKCA-1936-5,01,SRC001,statute_to_curated_topic,candidate
commonlii-LKCA-1936-5,05,SRC001,statute_to_curated_topic,candidate
commonlii-LKCA-1936-5,05,SRC030,statute_to_curated_topic,candidate
commonlii-LKCA-1936-5,06,SRC001,statute_to_curated_topic,candidate
commonlii-LKCA-1936-5,09,SRC030,statute_to_curated_topic,candidate
commonlii-LKCA-1936-5,17,SRC001,statute_to_curated_topic,candidate
commonlii-LKCA-1936-5,17,SRC030,statute_to_curated_topic,candidate
commonlii-LKCA-1936-51,05,SRC030,statute_to_curated_topic,candidate
commonlii-LKCA-1936-51,09,SRC030,statute_to_curated_topic,candidate
commonlii-LKCA-1936-51,09,SRC071,statute_to_curated_topic,candidate
commonlii-LKCA-1936-51,15,SRC059,statute_to_curated_topic,candidate
commonlii-LKCA-1936-51,17,SRC030,statute_to_curated_topic,candidate
commonlii-LKCA-1936-51,18,SRC071,statute_to_curated_topic,candidate
commonlii-LKCA-1936-52,02,SRC005,statute_to_curated_topic,candidate
commonlii-LKCA-1936-52,05,SRC005,statute_to_curated_topic,candidate
commonlii-LKCA-1936-52,06,SRC005,statute_to_curated_topic,candidate
commonlii-LKCA-1936-52,17,SRC005,statute_to_curated_topic,candidate
commonlii-LKCA-1936-55,01,SRC004,statute_to_curated_topic,candidate
commonlii-LKCA-1936-55,05,SRC004,statute_to_curated_topic,candidate
commonlii-LKCA-1936-55,09,SRC004,statute_to_curated_topic,candidate
commonlii-LKCA-1936-56,05,SRC030,statute_to_curated_topic,candidate
commonlii-LKCA-1936-56,09,SRC030,statute_to_curated_topic,candidate
commonlii-LKCA-1936-56,17,SRC030,statute_to_curated_topic,candidate
commonlii-LKCA-1936-57,05,SRC030,statute_to_curated_topic,candidate
commonlii-LKCA-1936-57,09,SRC030,statute_to_curated_topic,candidate
commonlii-LKCA-1936-57,17,SRC030,statute_to_curated_topic,candidate
commonlii-LKCA-1936-58,05,SRC030,statute_to_curated_topic,candidate
commonlii-LKCA-1936-58,09,SRC030,statute_to_curated_topic,candidate
commonlii-LKCA-1936-58,17,SRC030,statute_to_curated_topic,candidate
commonlii-LKCA-1936-60,05,SRC030,statute_to_curated_topic,candidate
commonlii-LKCA-1936-60,09,SRC030,statute_to_curated_topic,candidate
commonlii-LKCA-1936-60,17,SRC030,statute_to_curated_topic,candidate
commonlii-LKCA-1936-74,15,SRC059,statute_to_curated_topic,candidate
commonlii-LKCA-1936-8,05,SRC029,statute_to_curated_topic,candidate
commonlii-LKCA-1936-8,05,SRC030,statute_to_curated_topic,candidate
commonlii-LKCA-1936-8,09,SRC030,statute_to_curated_topic,candidate
commonlii-LKCA-1936-8,17,SRC030,statute_to_curated_topic,candidate
commonlii-LKCA-1937-1,09,SRC071,statute_to_curated_topic,candidate
commonlii-LKCA-1937-1,15,SRC059,statute_to_curated_topic,candidate
commonlii-LKCA-1937-1,18,SRC071,statute_to_curated_topic,candidate
commonlii-LKCA-1937-11,09,SRC071,statute_to_curated_topic,candidate
commonlii-LKCA-1937-11,18,SRC071,statute_to_curated_topic,candidate
commonlii-LKCA-1937-14,09,SRC071,statute_to_curated_topic,candidate
commonlii-LKCA-1937-14,18,SRC071,statute_to_curated_topic,candidate
commonlii-LKCA-1937-15,11,SRC049,statute_to_curated_topic,candidate
commonlii-LKCA-1937-15,20,SRC049,statute_to_curated_topic,candidate
commonlii-LKCA-1937-17,11,SRC049,statute_to_curated_topic,candidate
commonlii-LKCA-1937-17,15,SRC059,statute_to_curated_topic,candidate
commonlii-LKCA-1937-17,20,SRC049,statute_to_curated_topic,candidate
commonlii-LKCA-1937-2,05,SRC030,statute_to_curated_topic,candidate
commonlii-LKCA-1937-2,09,SRC030,statute_to_curated_topic,candidate
commonlii-LKCA-1937-2,17,SRC030,statute_to_curated_topic,candidate
commonlii-LKCA-1937-20,05,SRC030,statute_to_curated_topic,candidate
commonlii-LKCA-1937-20,09,SRC030,statute_to_curated_topic,candidate
commonlii-LKCA-1937-20,17,SRC030,statute_to_curated_topic,candidate
commonlii-LKCA-1937-21,05,SRC030,statute_to_curated_topic,candidate
commonlii-LKCA-1937-21,09,SRC030,statute_to_curated_topic,candidate
commonlii-LKCA-1937-21,17,SRC030,statute_to_curated_topic,candidate
commonlii-LKCA-1937-22,05,SRC030,statute_to_curated_topic,candidate
commonlii-LKCA-1937-22,09,SRC030,statute_to_curated_topic,candidate
commonlii-LKCA-1937-22,17,SRC030,statute_to_curated_topic,candidate
commonlii-LKCA-1937-23,05,SRC030,statute_to_curated_topic,candidate
commonlii-LKCA-1937-23,09,SRC030,statute_to_curated_topic,candidate
commonlii-LKCA-1937-23,17,SRC030,statute_to_curated_topic,candidate
commonlii-LKCA-1937-27,05,SRC030,statute_to_curated_topic,candidate
commonlii-LKCA-1937-27,09,SRC030,statute_to_curated_topic,candidate
commonlii-LKCA-1937-27,17,SRC030,statute_to_curated_topic,candidate
commonlii-LKCA-1937-28,05,SRC030,statute_to_curated_topic,candidate
commonlii-LKCA-1937-28,09,SRC030,statute_to_curated_topic,candidate
commonlii-LKCA-1937-28,17,SRC030,statute_to_curated_topic,candidate
commonlii-LKCA-1937-3,05,SRC030,statute_to_curated_topic,candidate
commonlii-LKCA-1937-3,09,SRC030,statute_to_curated_topic,candidate
commonlii-LKCA-1937-3,17,SRC030,statute_to_curated_topic,candidate
commonlii-LKCA-1937-33,05,SRC030,statute_to_curated_topic,candidate
commonlii-LKCA-1937-33,09,SRC030,statute_to_curated_topic,candidate
commonlii-LKCA-1937-33,17,SRC030,statute_to_curated_topic,candidate
commonlii-LKCA-1937-34,05,SRC030,statute_to_curated_topic,candidate
commonlii-LKCA-1937-34,09,SRC030,statute_to_curated_topic,candidate
commonlii-LKCA-1937-34,17,SRC030,statute_to_curated_topic,candidate
commonlii-LKCA-1937-4,05,SRC030,statute_to_curated_topic,candidate
commonlii-LKCA-1937-4,09,SRC030,statute_to_curated_topic,candidate
commonlii-LKCA-1937-4,17,SRC030,statute_to_curated_topic,candidate
commonlii-LKCA-1937-42,01,SRC004,statute_to_curated_topic,candidate
commonlii-LKCA-1937-42,05,SRC004,statute_to_curated_topic,candidate
commonlii-LKCA-1937-42,05,SRC030,statute_to_curated_topic,candidate
commonlii-LKCA-1937-42,09,SRC004,statute_to_curated_topic,candidate
commonlii-LKCA-1937-42,09,SRC030,statute_to_curated_topic,candidate
commonlii-LKCA-1937-42,17,SRC030,statute_to_curated_topic,candidate
commonlii-LKCA-1937-43,05,SRC030,statute_to_curated_topic,candidate
commonlii-LKCA-1937-43,09,SRC030,statute_to_curated_topic,candidate
commonlii-LKCA-1937-43,17,SRC030,statute_to_curated_topic,candidate
commonlii-LKCA-1937-47,05,SRC030,statute_to_curated_topic,candidate
commonlii-LKCA-1937-47,09,SRC030,statute_to_curated_topic,candidate
commonlii-LKCA-1937-47,17,SRC030,statute_to_curated_topic,candidate
commonlii-LKCA-1937-50,05,SRC030,statute_to_curated_topic,candidate
commonlii-LKCA-1937-50,09,SRC030,statute_to_curated_topic,candidate
commonlii-LKCA-1937-50,17,SRC030,statute_to_curated_topic,candidate
commonlii-LKCA-1937-53,05,SRC029,statute_to_curated_topic,candidate
commonlii-LKCA-1937-53,05,SRC030,statute_to_curated_topic,candidate
commonlii-LKCA-1937-53,09,SRC030,statute_to_curated_topic,candidate
commonlii-LKCA-1937-53,09,SRC071,statute_to_curated_topic,candidate
commonlii-LKCA-1937-53,17,SRC030,statute_to_curated_topic,candidate
commonlii-LKCA-1937-53,18,SRC071,statute_to_curated_topic,candidate
commonlii-LKCA-1937-55,05,SRC030,statute_to_curated_topic,candidate
commonlii-LKCA-1937-55,09,SRC030,statute_to_curated_topic,candidate
commonlii-LKCA-1937-55,17,SRC030,statute_to_curated_topic,candidate
commonlii-LKCA-1937-6,05,SRC030,statute_to_curated_topic,candidate
commonlii-LKCA-1937-6,09,SRC030,statute_to_curated_topic,candidate
commonlii-LKCA-1937-6,17,SRC030,statute_to_curated_topic,candidate
commonlii-LKCA-1937-61,02,SRC005,statute_to_curated_topic,candidate
commonlii-LKCA-1937-61,05,SRC005,statute_to_curated_topic,candidate
commonlii-LKCA-1937-61,06,SRC005,statute_to_curated_topic,candidate
commonlii-LKCA-1937-61,17,SRC005,statute_to_curated_topic,candidate
commonlii-LKCA-1937-66,09,SRC071,statute_to_curated_topic,candidate
commonlii-LKCA-1937-66,18,SRC071,statute_to_curated_topic,candidate
commonlii-LKCA-1937-68,05,SRC030,statute_to_curated_topic,candidate
commonlii-LKCA-1937-68,09,SRC030,statute_to_curated_topic,candidate
commonlii-LKCA-1937-68,17,SRC030,statute_to_curated_topic,candidate
commonlii-LKCA-1937-73,05,SRC030,statute_to_curated_topic,candidate
commonlii-LKCA-1937-73,09,SRC030,statute_to_curated_topic,candidate
commonlii-LKCA-1937-73,17,SRC030,statute_to_curated_topic,candidate
commonlii-LKCA-1937-75,09,SRC071,statute_to_curated_topic,candidate
commonlii-LKCA-1937-75,18,SRC071,statute_to_curated_topic,candidate
commonlii-LKCA-1937-76,05,SRC030,statute_to_curated_topic,candidate
commonlii-LKCA-1937-76,09,SRC030,statute_to_curated_topic,candidate
commonlii-LKCA-1937-76,09,SRC071,statute_to_curated_topic,candidate
commonlii-LKCA-1937-76,17,SRC030,statute_to_curated_topic,candidate
commonlii-LKCA-1937-76,18,SRC071,statute_to_curated_topic,candidate
commonlii-LKCA-1937-77,02,SRC005,statute_to_curated_topic,candidate
commonlii-LKCA-1937-77,05,SRC005,statute_to_curated_topic,candidate
commonlii-LKCA-1937-77,06,SRC005,statute_to_curated_topic,candidate
commonlii-LKCA-1937-77,09,SRC071,statute_to_curated_topic,candidate
commonlii-LKCA-1937-77,17,SRC005,statute_to_curated_topic,candidate
commonlii-LKCA-1937-77,18,SRC071,statute_to_curated_topic,candidate
commonlii-LKCA-1937-8,05,SRC030,statute_to_curated_topic,candidate
commonlii-LKCA-1937-8,09,SRC030,statute_to_curated_topic,candidate
commonlii-LKCA-1937-8,17,SRC030,statute_to_curated_topic,candidate
commonlii-LKCA-1937-82,02,SRC005,statute_to_curated_topic,candidate
commonlii-LKCA-1937-82,05,SRC005,statute_to_curated_topic,candidate
commonlii-LKCA-1937-82,06,SRC005,statute_to_curated_topic,candidate
commonlii-LKCA-1937-82,17,SRC005,statute_to_curated_topic,candidate
commonlii-LKCA-1937-84,05,SRC029,statute_to_curated_topic,candidate
commonlii-LKCA-1937-84,15,SRC059,statute_to_curated_topic,candidate
commonlii-LKCA-1937-88,01,SRC004,statute_to_curated_topic,candidate
commonlii-LKCA-1937-88,05,SRC004,statute_to_curated_topic,candidate
commonlii-LKCA-1937-88,05,SRC030,statute_to_curated_topic,candidate
commonlii-LKCA-1937-88,09,SRC004,statute_to_curated_topic,candidate
commonlii-LKCA-1937-88,09,SRC030,statute_to_curated_topic,candidate
commonlii-LKCA-1937-88,17,SRC030,statute_to_curated_topic,candidate
commonlii-LKCA-1937-9,05,SRC030,statute_to_curated_topic,candidate
commonlii-LKCA-1937-9,09,SRC030,statute_to_curated_topic,candidate
commonlii-LKCA-1937-9,17,SRC030,statute_to_curated_topic,candidate
commonlii-LKCA-1937-92,05,SRC029,statute_to_curated_topic,candidate
commonlii-LKCA-1938-10,05,SRC030,statute_to_curated_topic,candidate
commonlii-LKCA-1938-10,09,SRC030,statute_to_curated_topic,candidate
commonlii-LKCA-1938-10,17,SRC030,statute_to_curated_topic,candidate
commonlii-LKCA-1938-16,05,SRC030,statute_to_curated_topic,candidate
commonlii-LKCA-1938-16,09,SRC030,statute_to_curated_topic,candidate
commonlii-LKCA-1938-16,17,SRC030,statute_to_curated_topic,candidate
commonlii-LKCA-1938-19,05,SRC030,statute_to_curated_topic,candidate
commonlii-LKCA-1938-19,09,SRC030,statute_to_curated_topic,candidate
commonlii-LKCA-1938-19,17,SRC030,statute_to_curated_topic,candidate
commonlii-LKCA-1938-2,09,SRC071,statute_to_curated_topic,candidate
commonlii-LKCA-1938-2,18,SRC071,statute_to_curated_topic,candidate
commonlii-LKCA-1938-20,09,SRC071,statute_to_curated_topic,candidate
commonlii-LKCA-1938-20,15,SRC059,statute_to_curated_topic,candidate
commonlii-LKCA-1938-20,18,SRC071,statute_to_curated_topic,candidate
commonlii-LKCA-1938-21,11,SRC049,statute_to_curated_topic,candidate
commonlii-LKCA-1938-21,20,SRC049,statute_to_curated_topic,candidate
commonlii-LKCA-1938-25,05,SRC030,statute_to_curated_topic,candidate
commonlii-LKCA-1938-25,09,SRC030,statute_to_curated_topic,candidate
commonlii-LKCA-1938-25,17,SRC030,statute_to_curated_topic,candidate
commonlii-LKCA-1938-26,05,SRC030,statute_to_curated_topic,candidate
commonlii-LKCA-1938-26,09,SRC030,statute_to_curated_topic,candidate
commonlii-LKCA-1938-26,17,SRC030,statute_to_curated_topic,candidate
commonlii-LKCA-1938-30,05,SRC030,statute_to_curated_topic,candidate
commonlii-LKCA-1938-30,09,SRC030,statute_to_curated_topic,candidate
commonlii-LKCA-1938-30,17,SRC030,statute_to_curated_topic,candidate
commonlii-LKCA-1938-36,05,SRC030,statute_to_curated_topic,candidate
commonlii-LKCA-1938-36,09,SRC030,statute_to_curated_topic,candidate
commonlii-LKCA-1938-36,17,SRC030,statute_to_curated_topic,candidate
commonlii-LKCA-1938-37,09,SRC071,statute_to_curated_topic,candidate
commonlii-LKCA-1938-37,15,SRC059,statute_to_curated_topic,candidate
commonlii-LKCA-1938-37,18,SRC071,statute_to_curated_topic,candidate
commonlii-LKCA-1938-39,05,SRC029,statute_to_curated_topic,candidate
commonlii-LKCA-1938-39,17,SRC065,statute_to_curated_topic,candidate
commonlii-LKCA-1938-41,05,SRC029,statute_to_curated_topic,candidate
commonlii-LKCA-1938-41,05,SRC030,statute_to_curated_topic,candidate
commonlii-LKCA-1938-41,09,SRC030,statute_to_curated_topic,candidate
commonlii-LKCA-1938-41,17,SRC030,statute_to_curated_topic,candidate
commonlii-LKCA-1938-48,05,SRC030,statute_to_curated_topic,candidate
commonlii-LKCA-1938-48,09,SRC030,statute_to_curated_topic,candidate
commonlii-LKCA-1938-48,17,SRC030,statute_to_curated_topic,candidate
commonlii-LKCA-1938-5,05,SRC030,statute_to_curated_topic,candidate
commonlii-LKCA-1938-5,09,SRC030,statute_to_curated_topic,candidate
commonlii-LKCA-1938-5,17,SRC030,statute_to_curated_topic,candidate
commonlii-LKCA-1938-52,16,SRC061,statute_to_curated_topic,candidate
commonlii-LKCA-1938-53,05,SRC030,statute_to_curated_topic,candidate
commonlii-LKCA-1938-53,09,SRC030,statute_to_curated_topic,candidate
commonlii-LKCA-1938-53,17,SRC030,statute_to_curated_topic,candidate
commonlii-LKCA-1938-56,05,SRC030,statute_to_curated_topic,candidate
commonlii-LKCA-1938-56,09,SRC030,statute_to_curated_topic,candidate
commonlii-LKCA-1938-56,17,SRC030,statute_to_curated_topic,candidate
commonlii-LKCA-1938-58,09,SRC071,statute_to_curated_topic,candidate
commonlii-LKCA-1938-58,18,SRC071,statute_to_curated_topic,candidate
commonlii-LKCA-1938-59,15,SRC059,statute_to_curated_topic,candidate
commonlii-LKCA-1938-60,09,SRC071,statute_to_curated_topic,candidate
commonlii-LKCA-1938-60,18,SRC071,statute_to_curated_topic,candidate
commonlii-LKCA-1938-64,05,SRC030,statute_to_curated_topic,candidate
commonlii-LKCA-1938-64,09,SRC030,statute_to_curated_topic,candidate
commonlii-LKCA-1938-64,17,SRC030,statute_to_curated_topic,candidate
commonlii-LKCA-1938-72,01,SRC001,statute_to_curated_topic,candidate
commonlii-LKCA-1938-72,05,SRC001,statute_to_curated_topic,candidate
commonlii-LKCA-1938-72,06,SRC001,statute_to_curated_topic,candidate
commonlii-LKCA-1938-72,09,SRC071,statute_to_curated_topic,candidate
commonlii-LKCA-1938-72,15,SRC059,statute_to_curated_topic,candidate
commonlii-LKCA-1938-72,17,SRC001,statute_to_curated_topic,candidate
commonlii-LKCA-1938-72,18,SRC071,statute_to_curated_topic,candidate
commonlii-LKCA-1939-12,05,SRC030,statute_to_curated_topic,candidate
commonlii-LKCA-1939-12,09,SRC030,statute_to_curated_topic,candidate
commonlii-LKCA-1939-12,17,SRC030,statute_to_curated_topic,candidate
commonlii-LKCA-1939-21,05,SRC030,statute_to_curated_topic,candidate
commonlii-LKCA-1939-21,09,SRC030,statute_to_curated_topic,candidate
commonlii-LKCA-1939-21,17,SRC030,statute_to_curated_topic,candidate
commonlii-LKCA-1939-23,05,SRC030,statute_to_curated_topic,candidate
commonlii-LKCA-1939-23,09,SRC030,statute_to_curated_topic,candidate
commonlii-LKCA-1939-23,17,SRC030,statute_to_curated_topic,candidate
commonlii-LKCA-1939-26,05,SRC030,statute_to_curated_topic,candidate
commonlii-LKCA-1939-26,09,SRC030,statute_to_curated_topic,candidate
commonlii-LKCA-1939-26,17,SRC030,statute_to_curated_topic,candidate
commonlii-LKCA-1939-29,05,SRC030,statute_to_curated_topic,candidate
commonlii-LKCA-1939-29,09,SRC030,statute_to_curated_topic,candidate
commonlii-LKCA-1939-29,17,SRC030,statute_to_curated_topic,candidate
commonlii-LKCA-1939-30,05,SRC030,statute_to_curated_topic,candidate
commonlii-LKCA-1939-30,09,SRC030,statute_to_curated_topic,candidate
commonlii-LKCA-1939-30,17,SRC030,statute_to_curated_topic,candidate
commonlii-LKCA-1939-36,05,SRC030,statute_to_curated_topic,candidate
commonlii-LKCA-1939-36,09,SRC030,statute_to_curated_topic,candidate
commonlii-LKCA-1939-36,17,SRC030,statute_to_curated_topic,candidate
commonlii-LKCA-1939-38,15,SRC059,statute_to_curated_topic,candidate
commonlii-LKCA-1939-39,01,SRC001,statute_to_curated_topic,candidate
commonlii-LKCA-1939-39,05,SRC001,statute_to_curated_topic,candidate
commonlii-LKCA-1939-39,06,SRC001,statute_to_curated_topic,candidate
commonlii-LKCA-1939-39,17,SRC001,statute_to_curated_topic,candidate
commonlii-LKCA-1939-41,05,SRC029,statute_to_curated_topic,candidate
commonlii-LKCA-1939-42,01,SRC004,statute_to_curated_topic,candidate
commonlii-LKCA-1939-42,05,SRC004,statute_to_curated_topic,candidate
commonlii-LKCA-1939-42,05,SRC029,statute_to_curated_topic,candidate
commonlii-LKCA-1939-42,09,SRC004,statute_to_curated_topic,candidate
commonlii-LKCA-1939-57,05,SRC029,statute_to_curated_topic,candidate
commonlii-LKCA-1939-57,05,SRC030,statute_to_curated_topic,candidate
commonlii-LKCA-1939-57,09,SRC030,statute_to_curated_topic,candidate
commonlii-LKCA-1939-57,17,SRC030,statute_to_curated_topic,candidate
commonlii-LKCA-1939-61,05,SRC030,statute_to_curated_topic,candidate
commonlii-LKCA-1939-61,09,SRC030,statute_to_curated_topic,candidate
commonlii-LKCA-1939-61,17,SRC030,statute_to_curated_topic,candidate
commonlii-LKCA-1939-71,15,SRC059,statute_to_curated_topic,candidate
commonlii-LKCA-1939-9,11,SRC049,statute_to_curated_topic,candidate
commonlii-LKCA-1939-9,20,SRC049,statute_to_curated_topic,candidate
commonlii-LKCA-1940-12,05,SRC030,statute_to_curated_topic,candidate
commonlii-LKCA-1940-12,09,SRC030,statute_to_curated_topic,candidate
commonlii-LKCA-1940-12,17,SRC030,statute_to_curated_topic,candidate
commonlii-LKCA-1940-15,05,SRC030,statute_to_curated_topic,candidate
commonlii-LKCA-1940-15,09,SRC030,statute_to_curated_topic,candidate
commonlii-LKCA-1940-15,17,SRC030,statute_to_curated_topic,candidate
commonlii-LKCA-1940-16,05,SRC030,statute_to_curated_topic,candidate
commonlii-LKCA-1940-16,09,SRC030,statute_to_curated_topic,candidate
commonlii-LKCA-1940-16,17,SRC030,statute_to_curated_topic,candidate
commonlii-LKCA-1940-39,09,SRC071,statute_to_curated_topic,candidate
commonlii-LKCA-1940-39,18,SRC071,statute_to_curated_topic,candidate
commonlii-LKCA-1940-41,15,SRC059,statute_to_curated_topic,candidate
commonlii-LKCA-1940-5,12,SRC054,statute_to_curated_topic,candidate
commonlii-LKCA-1940-6,05,SRC017,statute_to_curated_topic,candidate
commonlii-LKCA-1940-6,05,SRC029,statute_to_curated_topic,candidate
commonlii-LKCA-1940-6,05,SRC030,statute_to_curated_topic,candidate
commonlii-LKCA-1940-6,09,SRC030,statute_to_curated_topic,candidate
commonlii-LKCA-1940-6,13,SRC017,statute_to_curated_topic,candidate
commonlii-LKCA-1940-6,17,SRC017,statute_to_curated_topic,candidate
commonlii-LKCA-1940-6,17,SRC030,statute_to_curated_topic,candidate
commonlii-LKCA-1940-8,05,SRC030,statute_to_curated_topic,candidate
commonlii-LKCA-1940-8,09,SRC030,statute_to_curated_topic,candidate
commonlii-LKCA-1940-8,17,SRC030,statute_to_curated_topic,candidate
commonlii-LKCA-1941-11,09,SRC071,statute_to_curated_topic,candidate
commonlii-LKCA-1941-11,11,SRC049,statute_to_curated_topic,candidate
commonlii-LKCA-1941-11,15,SRC059,statute_to_curated_topic,candidate
commonlii-LKCA-1941-11,18,SRC071,statute_to_curated_topic,candidate
commonlii-LKCA-1941-11,20,SRC049,statute_to_curated_topic,candidate
commonlii-LKCA-1941-14,05,SRC030,statute_to_curated_topic,candidate
commonlii-LKCA-1941-14,09,SRC030,statute_to_curated_topic,candidate
commonlii-LKCA-1941-14,17,SRC030,statute_to_curated_topic,candidate
commonlii-LKCA-1941-15,05,SRC030,statute_to_curated_topic,candidate
commonlii-LKCA-1941-15,09,SRC030,statute_to_curated_topic,candidate
commonlii-LKCA-1941-15,17,SRC030,statute_to_curated_topic,candidate
commonlii-LKCA-1941-19,05,SRC029,statute_to_curated_topic,candidate
commonlii-LKCA-1941-19,05,SRC030,statute_to_curated_topic,candidate
commonlii-LKCA-1941-19,09,SRC030,statute_to_curated_topic,candidate
commonlii-LKCA-1941-19,17,SRC030,statute_to_curated_topic,candidate
commonlii-LKCA-1941-2,05,SRC030,statute_to_curated_topic,candidate
commonlii-LKCA-1941-2,09,SRC030,statute_to_curated_topic,candidate
commonlii-LKCA-1941-2,17,SRC030,statute_to_curated_topic,candidate
commonlii-LKCA-1941-21,05,SRC029,statute_to_curated_topic,candidate
commonlii-LKCA-1941-21,12,SRC055,statute_to_curated_topic,candidate
commonlii-LKCA-1941-22,01,SRC004,statute_to_curated_topic,candidate
commonlii-LKCA-1941-22,05,SRC004,statute_to_curated_topic,candidate
commonlii-LKCA-1941-22,05,SRC030,statute_to_curated_topic,candidate
commonlii-LKCA-1941-22,09,SRC004,statute_to_curated_topic,candidate
commonlii-LKCA-1941-22,09,SRC030,statute_to_curated_topic,candidate
commonlii-LKCA-1941-22,17,SRC030,statute_to_curated_topic,candidate
commonlii-LKCA-1941-23,01,SRC004,statute_to_curated_topic,candidate
commonlii-LKCA-1941-23,05,SRC004,statute_to_curated_topic,candidate
commonlii-LKCA-1941-23,09,SRC004,statute_to_curated_topic,candidate
commonlii-LKCA-1941-28,05,SRC030,statute_to_curated_topic,candidate
commonlii-LKCA-1941-28,09,SRC030,statute_to_curated_topic,candidate
commonlii-LKCA-1941-28,17,SRC030,statute_to_curated_topic,candidate
commonlii-LKCA-1941-3,05,SRC029,statute_to_curated_topic,candidate
commonlii-LKCA-1941-3,05,SRC030,statute_to_curated_topic,candidate
commonlii-LKCA-1941-3,09,SRC030,statute_to_curated_topic,candidate
commonlii-LKCA-1941-3,17,SRC030,statute_to_curated_topic,candidate
commonlii-LKCA-1941-33,01,SRC004,statute_to_curated_topic,candidate
commonlii-LKCA-1941-33,05,SRC004,statute_to_curated_topic,candidate
commonlii-LKCA-1941-33,05,SRC030,statute_to_curated_topic,candidate
commonlii-LKCA-1941-33,09,SRC004,statute_to_curated_topic,candidate
commonlii-LKCA-1941-33,09,SRC030,statute_to_curated_topic,candidate
commonlii-LKCA-1941-33,15,SRC059,statute_to_curated_topic,candidate
commonlii-LKCA-1941-33,17,SRC030,statute_to_curated_topic,candidate
commonlii-LKCA-1941-34,09,SRC071,statute_to_curated_topic,candidate
commonlii-LKCA-1941-34,15,SRC059,statute_to_curated_topic,candidate
commonlii-LKCA-1941-34,18,SRC071,statute_to_curated_topic,candidate
commonlii-LKCA-1941-39,12,SRC053,statute_to_curated_topic,candidate
commonlii-LKCA-1941-39,12,SRC054,statute_to_curated_topic,candidate
commonlii-LKCA-1941-4,05,SRC030,statute_to_curated_topic,candidate
commonlii-LKCA-1941-4,09,SRC030,statute_to_curated_topic,candidate
commonlii-LKCA-1941-4,17,SRC030,statute_to_curated_topic,candidate
commonlii-LKCA-1941-45,05,SRC030,statute_to_curated_topic,candidate
commonlii-LKCA-1941-45,09,SRC030,statute_to_curated_topic,candidate
commonlii-LKCA-1941-45,17,SRC030,statute_to_curated_topic,candidate
commonlii-LKCA-1941-47,02,SRC005,statute_to_curated_topic,candidate
commonlii-LKCA-1941-47,05,SRC005,statute_to_curated_topic,candidate
commonlii-LKCA-1941-47,06,SRC005,statute_to_curated_topic,candidate
commonlii-LKCA-1941-47,17,SRC005,statute_to_curated_topic,candidate
commonlii-LKCA-1941-48,02,SRC005,statute_to_curated_topic,candidate
commonlii-LKCA-1941-48,05,SRC005,statute_to_curated_topic,candidate
commonlii-LKCA-1941-48,06,SRC005,statute_to_curated_topic,candidate
commonlii-LKCA-1941-48,17,SRC005,statute_to_curated_topic,candidate
commonlii-LKCA-1941-49,05,SRC030,statute_to_curated_topic,candidate
commonlii-LKCA-1941-49,09,SRC030,statute_to_curated_topic,candidate
commonlii-LKCA-1941-49,17,SRC030,statute_to_curated_topic,candidate
commonlii-LKCA-1941-5,09,SRC071,statute_to_curated_topic,candidate
commonlii-LKCA-1941-5,18,SRC071,statute_to_curated_topic,candidate
commonlii-LKCA-1941-53,15,SRC059,statute_to_curated_topic,candidate
commonlii-LKCA-1941-8,02,SRC005,statute_to_curated_topic,candidate
commonlii-LKCA-1941-8,05,SRC005,statute_to_curated_topic,candidate
commonlii-LKCA-1941-8,06,SRC005,statute_to_curated_topic,candidate
commonlii-LKCA-1941-8,17,SRC005,statute_to_curated_topic,candidate
commonlii-LKCA-1942-1,05,SRC030,statute_to_curated_topic,candidate
commonlii-LKCA-1942-1,09,SRC030,statute_to_curated_topic,candidate
commonlii-LKCA-1942-1,17,SRC030,statute_to_curated_topic,candidate
commonlii-LKCA-1942-14,05,SRC030,statute_to_curated_topic,candidate
commonlii-LKCA-1942-14,09,SRC030,statute_to_curated_topic,candidate
commonlii-LKCA-1942-14,17,SRC030,statute_to_curated_topic,candidate
commonlii-LKCA-1942-22,05,SRC030,statute_to_curated_topic,candidate
commonlii-LKCA-1942-22,09,SRC030,statute_to_curated_topic,candidate
commonlii-LKCA-1942-22,17,SRC030,statute_to_curated_topic,candidate
commonlii-LKCA-1942-24,05,SRC030,statute_to_curated_topic,candidate
commonlii-LKCA-1942-24,09,SRC030,statute_to_curated_topic,candidate
commonlii-LKCA-1942-24,17,SRC030,statute_to_curated_topic,candidate
commonlii-LKCA-1942-31,05,SRC030,statute_to_curated_topic,candidate
commonlii-LKCA-1942-31,09,SRC030,statute_to_curated_topic,candidate
commonlii-LKCA-1942-31,17,SRC030,statute_to_curated_topic,candidate
commonlii-LKCA-1942-39,05,SRC029,statute_to_curated_topic,candidate
commonlii-LKCA-1942-4,05,SRC030,statute_to_curated_topic,candidate
commonlii-LKCA-1942-4,09,SRC030,statute_to_curated_topic,candidate
commonlii-LKCA-1942-4,17,SRC030,statute_to_curated_topic,candidate
commonlii-LKCA-1942-47,01,SRC004,statute_to_curated_topic,candidate
commonlii-LKCA-1942-47,05,SRC004,statute_to_curated_topic,candidate
commonlii-LKCA-1942-47,09,SRC004,statute_to_curated_topic,candidate
commonlii-LKCA-1942-52,02,SRC005,statute_to_curated_topic,candidate
commonlii-LKCA-1942-52,05,SRC005,statute_to_curated_topic,candidate
commonlii-LKCA-1942-52,06,SRC005,statute_to_curated_topic,candidate
commonlii-LKCA-1942-52,17,SRC005,statute_to_curated_topic,candidate
commonlii-LKCA-1942-58,05,SRC030,statute_to_curated_topic,candidate
commonlii-LKCA-1942-58,09,SRC030,statute_to_curated_topic,candidate
commonlii-LKCA-1942-58,17,SRC030,statute_to_curated_topic,candidate
commonlii-LKCA-1942-6,05,SRC030,statute_to_curated_topic,candidate
commonlii-LKCA-1942-6,09,SRC030,statute_to_curated_topic,candidate
commonlii-LKCA-1942-6,17,SRC030,statute_to_curated_topic,candidate
commonlii-LKCA-1942-61,05,SRC030,statute_to_curated_topic,candidate
commonlii-LKCA-1942-61,09,SRC030,statute_to_curated_topic,candidate
commonlii-LKCA-1942-61,17,SRC030,statute_to_curated_topic,candidate
commonlii-LKCA-1942-62,01,SRC001,statute_to_curated_topic,candidate
commonlii-LKCA-1942-62,05,SRC001,statute_to_curated_topic,candidate
commonlii-LKCA-1942-62,06,SRC001,statute_to_curated_topic,candidate
commonlii-LKCA-1942-62,17,SRC001,statute_to_curated_topic,candidate
commonlii-LKCA-1942-63,09,SRC071,statute_to_curated_topic,candidate
commonlii-LKCA-1942-63,18,SRC071,statute_to_curated_topic,candidate
commonlii-LKCA-1942-64,05,SRC030,statute_to_curated_topic,candidate
commonlii-LKCA-1942-64,09,SRC030,statute_to_curated_topic,candidate
commonlii-LKCA-1942-64,17,SRC030,statute_to_curated_topic,candidate
commonlii-LKCA-1942-7,05,SRC030,statute_to_curated_topic,candidate
commonlii-LKCA-1942-7,09,SRC030,statute_to_curated_topic,candidate
commonlii-LKCA-1942-7,17,SRC030,statute_to_curated_topic,candidate
commonlii-LKCA-1942-73,05,SRC030,statute_to_curated_topic,candidate
commonlii-LKCA-1942-73,09,SRC030,statute_to_curated_topic,candidate
commonlii-LKCA-1942-73,16,SRC061,statute_to_curated_topic,candidate
commonlii-LKCA-1942-73,17,SRC030,statute_to_curated_topic,candidate
commonlii-LKCA-1942-75,09,SRC071,statute_to_curated_topic,candidate
commonlii-LKCA-1942-75,18,SRC071,statute_to_curated_topic,candidate
commonlii-LKCA-1942-76,05,SRC030,statute_to_curated_topic,candidate
commonlii-LKCA-1942-76,09,SRC030,statute_to_curated_topic,candidate
commonlii-LKCA-1942-76,17,SRC030,statute_to_curated_topic,candidate
commonlii-LKCA-1943-13,11,SRC049,statute_to_curated_topic,candidate
commonlii-LKCA-1943-13,20,SRC049,statute_to_curated_topic,candidate
commonlii-LKCA-1943-14,05,SRC030,statute_to_curated_topic,candidate
commonlii-LKCA-1943-14,09,SRC030,statute_to_curated_topic,candidate
commonlii-LKCA-1943-14,17,SRC030,statute_to_curated_topic,candidate
commonlii-LKCA-1943-17,05,SRC030,statute_to_curated_topic,candidate
commonlii-LKCA-1943-17,09,SRC030,statute_to_curated_topic,candidate
commonlii-LKCA-1943-17,17,SRC030,statute_to_curated_topic,candidate
commonlii-LKCA-1943-19,05,SRC030,statute_to_curated_topic,candidate
commonlii-LKCA-1943-19,09,SRC030,statute_to_curated_topic,candidate
commonlii-LKCA-1943-19,09,SRC071,statute_to_curated_topic,candidate
commonlii-LKCA-1943-19,15,SRC059,statute_to_curated_topic,candidate
commonlii-LKCA-1943-19,17,SRC030,statute_to_curated_topic,candidate
commonlii-LKCA-1943-19,18,SRC071,statute_to_curated_topic,candidate
commonlii-LKCA-1943-21,05,SRC030,statute_to_curated_topic,candidate
commonlii-LKCA-1943-21,09,SRC030,statute_to_curated_topic,candidate
commonlii-LKCA-1943-21,17,SRC030,statute_to_curated_topic,candidate
commonlii-LKCA-1943-22,02,SRC005,statute_to_curated_topic,candidate
commonlii-LKCA-1943-22,05,SRC005,statute_to_curated_topic,candidate
commonlii-LKCA-1943-22,05,SRC030,statute_to_curated_topic,candidate
commonlii-LKCA-1943-22,06,SRC005,statute_to_curated_topic,candidate
commonlii-LKCA-1943-22,09,SRC030,statute_to_curated_topic,candidate
commonlii-LKCA-1943-22,15,SRC059,statute_to_curated_topic,candidate
commonlii-LKCA-1943-22,17,SRC005,statute_to_curated_topic,candidate
commonlii-LKCA-1943-22,17,SRC030,statute_to_curated_topic,candidate
commonlii-LKCA-1943-27,05,SRC030,statute_to_curated_topic,candidate
commonlii-LKCA-1943-27,09,SRC030,statute_to_curated_topic,candidate
commonlii-LKCA-1943-27,09,SRC071,statute_to_curated_topic,candidate
commonlii-LKCA-1943-27,17,SRC030,statute_to_curated_topic,candidate
commonlii-LKCA-1943-27,18,SRC071,statute_to_curated_topic,candidate
commonlii-LKCA-1943-3,05,SRC030,statute_to_curated_topic,candidate
commonlii-LKCA-1943-3,09,SRC030,statute_to_curated_topic,candidate
commonlii-LKCA-1943-3,17,SRC030,statute_to_curated_topic,candidate
commonlii-LKCA-1943-36,05,SRC030,statute_to_curated_topic,candidate
commonlii-LKCA-1943-36,09,SRC030,statute_to_curated_topic,candidate
commonlii-LKCA-1943-36,17,SRC030,statute_to_curated_topic,candidate
commonlii-LKCA-1943-41,05,SRC029,statute_to_curated_topic,candidate
commonlii-LKCA-1943-42,05,SRC029,statute_to_curated_topic,candidate
commonlii-LKCA-1943-44,02,SRC005,statute_to_curated_topic,candidate
commonlii-LKCA-1943-44,05,SRC005,statute_to_curated_topic,candidate
commonlii-LKCA-1943-44,06,SRC005,statute_to_curated_topic,candidate
commonlii-LKCA-1943-44,17,SRC005,statute_to_curated_topic,candidate
commonlii-LKCA-1943-5,05,SRC030,statute_to_curated_topic,candidate
commonlii-LKCA-1943-5,09,SRC030,statute_to_curated_topic,candidate
commonlii-LKCA-1943-5,17,SRC030,statute_to_curated_topic,candidate
commonlii-LKCA-1943-55,05,SRC030,statute_to_curated_topic,candidate
commonlii-LKCA-1943-55,09,SRC030,statute_to_curated_topic,candidate
commonlii-LKCA-1943-55,17,SRC030,statute_to_curated_topic,candidate
commonlii-LKCA-1943-56,09,SRC071,statute_to_curated_topic,candidate
commonlii-LKCA-1943-56,18,SRC071,statute_to_curated_topic,candidate
commonlii-LKCA-1943-58,05,SRC030,statute_to_curated_topic,candidate
commonlii-LKCA-1943-58,09,SRC030,statute_to_curated_topic,candidate
commonlii-LKCA-1943-58,17,SRC030,statute_to_curated_topic,candidate
commonlii-LKCA-1943-61,01,SRC001,statute_to_curated_topic,candidate
commonlii-LKCA-1943-61,05,SRC001,statute_to_curated_topic,candidate
commonlii-LKCA-1943-61,06,SRC001,statute_to_curated_topic,candidate
commonlii-LKCA-1943-61,17,SRC001,statute_to_curated_topic,candidate
commonlii-LKCA-1943-69,02,SRC005,statute_to_curated_topic,candidate
commonlii-LKCA-1943-69,05,SRC005,statute_to_curated_topic,candidate
commonlii-LKCA-1943-69,06,SRC005,statute_to_curated_topic,candidate
commonlii-LKCA-1943-69,17,SRC005,statute_to_curated_topic,candidate
commonlii-LKCA-1943-71,05,SRC030,statute_to_curated_topic,candidate
commonlii-LKCA-1943-71,09,SRC030,statute_to_curated_topic,candidate
commonlii-LKCA-1943-71,17,SRC030,statute_to_curated_topic,candidate
commonlii-LKCA-1943-72,15,SRC059,statute_to_curated_topic,candidate
commonlii-LKCA-1944-11,05,SRC030,statute_to_curated_topic,candidate
commonlii-LKCA-1944-11,09,SRC030,statute_to_curated_topic,candidate
commonlii-LKCA-1944-11,17,SRC030,statute_to_curated_topic,candidate
commonlii-LKCA-1944-12,05,SRC030,statute_to_curated_topic,candidate
commonlii-LKCA-1944-12,09,SRC030,statute_to_curated_topic,candidate
commonlii-LKCA-1944-12,17,SRC030,statute_to_curated_topic,candidate
commonlii-LKCA-1944-15,05,SRC014,statute_to_curated_topic,candidate
commonlii-LKCA-1944-15,05,SRC029,statute_to_curated_topic,candidate
commonlii-LKCA-1944-15,05,SRC030,statute_to_curated_topic,candidate
commonlii-LKCA-1944-15,06,SRC014,statute_to_curated_topic,candidate
commonlii-LKCA-1944-15,08,SRC014,statute_to_curated_topic,candidate
commonlii-LKCA-1944-15,09,SRC030,statute_to_curated_topic,candidate
commonlii-LKCA-1944-15,17,SRC014,statute_to_curated_topic,candidate
commonlii-LKCA-1944-15,17,SRC030,statute_to_curated_topic,candidate
commonlii-LKCA-1944-15,20,SRC014,statute_to_curated_topic,candidate
commonlii-LKCA-1944-17,05,SRC030,statute_to_curated_topic,candidate
commonlii-LKCA-1944-17,09,SRC030,statute_to_curated_topic,candidate
commonlii-LKCA-1944-17,17,SRC030,statute_to_curated_topic,candidate
commonlii-LKCA-1944-2,15,SRC059,statute_to_curated_topic,candidate
commonlii-LKCA-1944-27,01,SRC001,statute_to_curated_topic,candidate
commonlii-LKCA-1944-27,05,SRC001,statute_to_curated_topic,candidate
commonlii-LKCA-1944-27,05,SRC029,statute_to_curated_topic,candidate
commonlii-LKCA-1944-27,06,SRC001,statute_to_curated_topic,candidate
commonlii-LKCA-1944-27,15,SRC059,statute_to_curated_topic,candidate
commonlii-LKCA-1944-27,17,SRC001,statute_to_curated_topic,candidate
commonlii-LKCA-1944-3,01,SRC001,statute_to_curated_topic,candidate
commonlii-LKCA-1944-3,05,SRC001,statute_to_curated_topic,candidate
commonlii-LKCA-1944-3,06,SRC001,statute_to_curated_topic,candidate
commonlii-LKCA-1944-3,17,SRC001,statute_to_curated_topic,candidate
commonlii-LKCA-1944-31,15,SRC059,statute_to_curated_topic,candidate
commonlii-LKCA-1944-34,05,SRC030,statute_to_curated_topic,candidate
commonlii-LKCA-1944-34,09,SRC030,statute_to_curated_topic,candidate
commonlii-LKCA-1944-34,17,SRC030,statute_to_curated_topic,candidate
commonlii-LKCA-1944-38,01,SRC001,statute_to_curated_topic,candidate
commonlii-LKCA-1944-38,05,SRC001,statute_to_curated_topic,candidate
commonlii-LKCA-1944-38,06,SRC001,statute_to_curated_topic,candidate
commonlii-LKCA-1944-38,17,SRC001,statute_to_curated_topic,candidate
commonlii-LKCA-1944-43,09,SRC071,statute_to_curated_topic,candidate
commonlii-LKCA-1944-43,18,SRC071,statute_to_curated_topic,candidate
commonlii-LKCA-1944-44,05,SRC030,statute_to_curated_topic,candidate
commonlii-LKCA-1944-44,09,SRC030,statute_to_curated_topic,candidate
commonlii-LKCA-1944-44,17,SRC030,statute_to_curated_topic,candidate
commonlii-LKCA-1944-46,05,SRC030,statute_to_curated_topic,candidate
commonlii-LKCA-1944-46,09,SRC030,statute_to_curated_topic,candidate
commonlii-LKCA-1944-46,17,SRC030,statute_to_curated_topic,candidate
commonlii-LKCA-1944-47,05,SRC029,statute_to_curated_topic,candidate
commonlii-LKCA-1944-47,05,SRC030,statute_to_curated_topic,candidate
commonlii-LKCA-1944-47,09,SRC030,statute_to_curated_topic,candidate
commonlii-LKCA-1944-47,17,SRC030,statute_to_curated_topic,candidate
commonlii-LKCA-1944-5,05,SRC030,statute_to_curated_topic,candidate
commonlii-LKCA-1944-5,09,SRC030,statute_to_curated_topic,candidate
commonlii-LKCA-1944-5,17,SRC030,statute_to_curated_topic,candidate
commonlii-LKCA-1944-52,05,SRC029,statute_to_curated_topic,candidate
commonlii-LKCA-1944-52,05,SRC030,statute_to_curated_topic,candidate
commonlii-LKCA-1944-52,09,SRC030,statute_to_curated_topic,candidate
commonlii-LKCA-1944-52,17,SRC030,statute_to_curated_topic,candidate
commonlii-LKCA-1944-58,05,SRC029,statute_to_curated_topic,candidate
commonlii-LKCA-1944-58,05,SRC030,statute_to_curated_topic,candidate
commonlii-LKCA-1944-58,09,SRC030,statute_to_curated_topic,candidate
commonlii-LKCA-1944-58,17,SRC030,statute_to_curated_topic,candidate
commonlii-LKCA-1944-68,05,SRC029,statute_to_curated_topic,candidate
commonlii-LKCA-1944-79,02,SRC005,statute_to_curated_topic,candidate
commonlii-LKCA-1944-79,05,SRC005,statute_to_curated_topic,candidate
commonlii-LKCA-1944-79,06,SRC005,statute_to_curated_topic,candidate
commonlii-LKCA-1944-79,09,SRC071,statute_to_curated_topic,candidate
commonlii-LKCA-1944-79,15,SRC059,statute_to_curated_topic,candidate
commonlii-LKCA-1944-79,17,SRC005,statute_to_curated_topic,candidate
commonlii-LKCA-1944-79,18,SRC071,statute_to_curated_topic,candidate
commonlii-LKCA-1944-80,01,SRC001,statute_to_curated_topic,candidate
commonlii-LKCA-1944-80,05,SRC001,statute_to_curated_topic,candidate
commonlii-LKCA-1944-80,06,SRC001,statute_to_curated_topic,candidate
commonlii-LKCA-1944-80,15,SRC059,statute_to_curated_topic,candidate
commonlii-LKCA-1944-80,17,SRC001,statute_to_curated_topic,candidate
commonlii-LKCA-1944-82,05,SRC030,statute_to_curated_topic,candidate
commonlii-LKCA-1944-82,09,SRC030,statute_to_curated_topic,candidate
commonlii-LKCA-1944-82,17,SRC030,statute_to_curated_topic,candidate
commonlii-LKCA-1944-9,05,SRC030,statute_to_curated_topic,candidate
commonlii-LKCA-1944-9,09,SRC030,statute_to_curated_topic,candidate
commonlii-LKCA-1944-9,17,SRC030,statute_to_curated_topic,candidate
commonlii-LKCA-1945-14,05,SRC029,statute_to_curated_topic,candidate
commonlii-LKCA-1945-14,05,SRC030,statute_to_curated_topic,candidate
commonlii-LKCA-1945-14,09,SRC030,statute_to_curated_topic,candidate
commonlii-LKCA-1945-14,09,SRC071,statute_to_curated_topic,candidate
commonlii-LKCA-1945-14,17,SRC030,statute_to_curated_topic,candidate
commonlii-LKCA-1945-14,18,SRC071,statute_to_curated_topic,candidate
commonlii-LKCA-1945-19,05,SRC030,statute_to_curated_topic,candidate
commonlii-LKCA-1945-19,09,SRC030,statute_to_curated_topic,candidate
commonlii-LKCA-1945-19,17,SRC030,statute_to_curated_topic,candidate
commonlii-LKCA-1945-2,05,SRC030,statute_to_curated_topic,candidate
commonlii-LKCA-1945-2,09,SRC030,statute_to_curated_topic,candidate
commonlii-LKCA-1945-2,17,SRC030,statute_to_curated_topic,candidate
commonlii-LKCA-1945-20,05,SRC030,statute_to_curated_topic,candidate
commonlii-LKCA-1945-20,09,SRC030,statute_to_curated_topic,candidate
commonlii-LKCA-1945-20,17,SRC030,statute_to_curated_topic,candidate
commonlii-LKCA-1945-21,05,SRC030,statute_to_curated_topic,candidate
commonlii-LKCA-1945-21,09,SRC030,statute_to_curated_topic,candidate
commonlii-LKCA-1945-21,17,SRC030,statute_to_curated_topic,candidate
commonlii-LKCA-1945-22,05,SRC024,statute_to_curated_topic,candidate
commonlii-LKCA-1945-22,05,SRC030,statute_to_curated_topic,candidate
commonlii-LKCA-1945-22,09,SRC030,statute_to_curated_topic,candidate
commonlii-LKCA-1945-22,14,SRC024,statute_to_curated_topic,candidate
commonlii-LKCA-1945-22,17,SRC024,statute_to_curated_topic,candidate
commonlii-LKCA-1945-22,17,SRC030,statute_to_curated_topic,candidate
commonlii-LKCA-1945-25,05,SRC030,statute_to_curated_topic,candidate
commonlii-LKCA-1945-25,09,SRC030,statute_to_curated_topic,candidate
commonlii-LKCA-1945-25,17,SRC030,statute_to_curated_topic,candidate
commonlii-LKCA-1945-27,05,SRC030,statute_to_curated_topic,candidate
commonlii-LKCA-1945-27,09,SRC030,statute_to_curated_topic,candidate
commonlii-LKCA-1945-27,15,SRC059,statute_to_curated_topic,candidate
commonlii-LKCA-1945-27,17,SRC030,statute_to_curated_topic,candidate
commonlii-LKCA-1945-31,05,SRC014,statute_to_curated_topic,candidate
commonlii-LKCA-1945-31,06,SRC014,statute_to_curated_topic,candidate
commonlii-LKCA-1945-31,08,SRC014,statute_to_curated_topic,candidate
commonlii-LKCA-1945-31,17,SRC014,statute_to_curated_topic,candidate
commonlii-LKCA-1945-31,20,SRC014,statute_to_curated_topic,candidate
commonlii-LKCA-1945-33,02,SRC005,statute_to_curated_topic,candidate
commonlii-LKCA-1945-33,05,SRC005,statute_to_curated_topic,candidate
commonlii-LKCA-1945-33,06,SRC005,statute_to_curated_topic,candidate
commonlii-LKCA-1945-33,17,SRC005,statute_to_curated_topic,candidate
commonlii-LKCA-1945-39,05,SRC030,statute_to_curated_topic,candidate
commonlii-LKCA-1945-39,09,SRC030,statute_to_curated_topic,candidate
commonlii-LKCA-1945-39,17,SRC030,statute_to_curated_topic,candidate
commonlii-LKCA-1945-4,05,SRC030,statute_to_curated_topic,candidate
commonlii-LKCA-1945-4,09,SRC030,statute_to_curated_topic,candidate
commonlii-LKCA-1945-4,17,SRC030,statute_to_curated_topic,candidate
commonlii-LKCA-1945-48,05,SRC030,statute_to_curated_topic,candidate
commonlii-LKCA-1945-48,09,SRC030,statute_to_curated_topic,candidate
commonlii-LKCA-1945-48,17,SRC030,statute_to_curated_topic,candidate
commonlii-LKCA-1945-49,12,SRC054,statute_to_curated_topic,candidate
commonlii-LKCA-1945-49,15,SRC059,statute_to_curated_topic,candidate
commonlii-LKCA-1945-49,16,SRC061,statute_to_curated_topic,candidate
commonlii-LKCA-1945-50,05,SRC030,statute_to_curated_topic,candidate
commonlii-LKCA-1945-50,09,SRC030,statute_to_curated_topic,candidate
commonlii-LKCA-1945-50,09,SRC071,statute_to_curated_topic,candidate
commonlii-LKCA-1945-50,15,SRC059,statute_to_curated_topic,candidate
commonlii-LKCA-1945-50,17,SRC030,statute_to_curated_topic,candidate
commonlii-LKCA-1945-50,18,SRC071,statute_to_curated_topic,candidate
commonlii-LKCA-1945-52,09,SRC071,statute_to_curated_topic,candidate
commonlii-LKCA-1945-52,18,SRC071,statute_to_curated_topic,candidate
commonlii-LKCA-1945-57,05,SRC030,statute_to_curated_topic,candidate
commonlii-LKCA-1945-57,09,SRC030,statute_to_curated_topic,candidate
commonlii-LKCA-1945-57,17,SRC030,statute_to_curated_topic,candidate
commonlii-LKCA-1945-6,05,SRC030,statute_to_curated_topic,candidate
commonlii-LKCA-1945-6,09,SRC030,statute_to_curated_topic,candidate
commonlii-LKCA-1945-6,09,SRC071,statute_to_curated_topic,candidate
commonlii-LKCA-1945-6,17,SRC030,statute_to_curated_topic,candidate
commonlii-LKCA-1945-6,18,SRC071,statute_to_curated_topic,candidate
commonlii-LKCA-1945-74,15,SRC059,statute_to_curated_topic,candidate
commonlii-LKCA-1946-15,09,SRC071,statute_to_curated_topic,candidate
commonlii-LKCA-1946-15,11,SRC049,statute_to_curated_topic,candidate
commonlii-LKCA-1946-15,18,SRC071,statute_to_curated_topic,candidate
commonlii-LKCA-1946-15,20,SRC049,statute_to_curated_topic,candidate
commonlii-LKCA-1946-2,05,SRC030,statute_to_curated_topic,candidate
commonlii-LKCA-1946-2,09,SRC030,statute_to_curated_topic,candidate
commonlii-LKCA-1946-2,17,SRC030,statute_to_curated_topic,candidate
commonlii-LKCA-1946-20,02,SRC005,statute_to_curated_topic,candidate
commonlii-LKCA-1946-20,05,SRC005,statute_to_curated_topic,candidate
commonlii-LKCA-1946-20,05,SRC030,statute_to_curated_topic,candidate
commonlii-LKCA-1946-20,06,SRC005,statute_to_curated_topic,candidate
commonlii-LKCA-1946-20,09,SRC030,statute_to_curated_topic,candidate
commonlii-LKCA-1946-20,17,SRC005,statute_to_curated_topic,candidate
commonlii-LKCA-1946-20,17,SRC030,statute_to_curated_topic,candidate
commonlii-LKCA-1946-21,05,SRC030,statute_to_curated_topic,candidate
commonlii-LKCA-1946-21,09,SRC030,statute_to_curated_topic,candidate
commonlii-LKCA-1946-21,17,SRC030,statute_to_curated_topic,candidate
commonlii-LKCA-1946-24,05,SRC030,statute_to_curated_topic,candidate
commonlii-LKCA-1946-24,09,SRC030,statute_to_curated_topic,candidate
commonlii-LKCA-1946-24,17,SRC030,statute_to_curated_topic,candidate
commonlii-LKCA-1946-36,12,SRC054,statute_to_curated_topic,candidate
commonlii-LKCA-1946-36,15,SRC059,statute_to_curated_topic,candidate
commonlii-LKCA-1946-38,05,SRC029,statute_to_curated_topic,candidate
commonlii-LKCA-1946-38,05,SRC030,statute_to_curated_topic,candidate
commonlii-LKCA-1946-38,09,SRC030,statute_to_curated_topic,candidate
commonlii-LKCA-1946-38,17,SRC030,statute_to_curated_topic,candidate
commonlii-LKCA-1946-50,05,SRC030,statute_to_curated_topic,candidate
commonlii-LKCA-1946-50,09,SRC030,statute_to_curated_topic,candidate
commonlii-LKCA-1946-50,12,SRC050,statute_to_curated_topic,candidate
commonlii-LKCA-1946-50,17,SRC030,statute_to_curated_topic,candidate
commonlii-LKCA-1946-50,20,SRC050,statute_to_curated_topic,candidate
commonlii-LKCA-1946-57,02,SRC005,statute_to_curated_topic,candidate
commonlii-LKCA-1946-57,05,SRC005,statute_to_curated_topic,candidate
commonlii-LKCA-1946-57,06,SRC005,statute_to_curated_topic,candidate
commonlii-LKCA-1946-57,12,SRC054,statute_to_curated_topic,candidate
commonlii-LKCA-1946-57,17,SRC005,statute_to_curated_topic,candidate
commonlii-LKCA-1946-59,01,SRC004,statute_to_curated_topic,candidate
commonlii-LKCA-1946-59,05,SRC004,statute_to_curated_topic,candidate
commonlii-LKCA-1946-59,09,SRC004,statute_to_curated_topic,candidate
commonlii-LKCA-1946-60,01,SRC001,statute_to_curated_topic,candidate
commonlii-LKCA-1946-60,05,SRC001,statute_to_curated_topic,candidate
commonlii-LKCA-1946-60,06,SRC001,statute_to_curated_topic,candidate
commonlii-LKCA-1946-60,17,SRC001,statute_to_curated_topic,candidate
commonlii-LKCA-1946-64,05,SRC029,statute_to_curated_topic,candidate
commonlii-LKCA-1946-64,15,SRC059,statute_to_curated_topic,candidate
commonlii-LKCA-1946-79,15,SRC059,statute_to_curated_topic,candidate
commonlii-LKCA-1946-92,15,SRC059,statute_to_curated_topic,candidate
commonlii-LKCA-1947-18,05,SRC030,statute_to_curated_topic,candidate
commonlii-LKCA-1947-18,09,SRC030,statute_to_curated_topic,candidate
commonlii-LKCA-1947-18,17,SRC030,statute_to_curated_topic,candidate
commonlii-LKCA-1947-19,05,SRC030,statute_to_curated_topic,candidate
commonlii-LKCA-1947-19,09,SRC030,statute_to_curated_topic,candidate
commonlii-LKCA-1947-19,17,SRC030,statute_to_curated_topic,candidate
commonlii-LKCA-1947-21,05,SRC030,statute_to_curated_topic,candidate
commonlii-LKCA-1947-21,09,SRC030,statute_to_curated_topic,candidate
commonlii-LKCA-1947-21,17,SRC030,statute_to_curated_topic,candidate
commonlii-LKCA-1947-23,05,SRC030,statute_to_curated_topic,candidate
commonlii-LKCA-1947-23,09,SRC030,statute_to_curated_topic,candidate
commonlii-LKCA-1947-23,17,SRC030,statute_to_curated_topic,candidate
commonlii-LKCA-1947-25,05,SRC030,statute_to_curated_topic,candidate
commonlii-LKCA-1947-25,09,SRC030,statute_to_curated_topic,candidate
commonlii-LKCA-1947-25,17,SRC030,statute_to_curated_topic,candidate
commonlii-LKCA-1947-33,15,SRC059,statute_to_curated_topic,candidate
commonlii-LKCA-1947-34,02,SRC005,statute_to_curated_topic,candidate
commonlii-LKCA-1947-34,05,SRC005,statute_to_curated_topic,candidate
commonlii-LKCA-1947-34,06,SRC005,statute_to_curated_topic,candidate
commonlii-LKCA-1947-34,17,SRC005,statute_to_curated_topic,candidate
commonlii-LKCA-1947-39,05,SRC029,statute_to_curated_topic,candidate
commonlii-LKCA-1947-40,15,SRC059,statute_to_curated_topic,candidate
commonlii-LKCA-1947-43,05,SRC029,statute_to_curated_topic,candidate
commonlii-LKCA-1947-43,12,SRC055,statute_to_curated_topic,candidate
commonlii-LKCA-1947-44,15,SRC059,statute_to_curated_topic,candidate
commonlii-LKCA-1947-48,05,SRC030,statute_to_curated_topic,candidate
commonlii-LKCA-1947-48,09,SRC030,statute_to_curated_topic,candidate
commonlii-LKCA-1947-48,17,SRC030,statute_to_curated_topic,candidate
commonlii-LKCA-1947-52,05,SRC030,statute_to_curated_topic,candidate
commonlii-LKCA-1947-52,09,SRC030,statute_to_curated_topic,candidate
commonlii-LKCA-1947-52,17,SRC030,statute_to_curated_topic,candidate
commonlii-LKCA-1947-55,01,SRC001,statute_to_curated_topic,candidate
commonlii-LKCA-1947-55,05,SRC001,statute_to_curated_topic,candidate
commonlii-LKCA-1947-55,05,SRC029,statute_to_curated_topic,candidate
commonlii-LKCA-1947-55,06,SRC001,statute_to_curated_topic,candidate
commonlii-LKCA-1947-55,15,SRC059,statute_to_curated_topic,candidate
commonlii-LKCA-1947-55,17,SRC001,statute_to_curated_topic,candidate
commonlii-LKCA-1947-57,05,SRC030,statute_to_curated_topic,candidate
commonlii-LKCA-1947-57,09,SRC030,statute_to_curated_topic,candidate
commonlii-LKCA-1947-57,17,SRC030,statute_to_curated_topic,candidate
commonlii-LKCA-1947-73,09,SRC071,statute_to_curated_topic,candidate
commonlii-LKCA-1947-73,18,SRC071,statute_to_curated_topic,candidate
commonlii-LKCA-1947-74,09,SRC071,statute_to_curated_topic,candidate
commonlii-LKCA-1947-74,18,SRC071,statute_to_curated_topic,candidate
commonlii-LKCA-1947-77,05,SRC028,statute_to_curated_topic,candidate
commonlii-LKCA-1947-77,17,SRC028,statute_to_curated_topic,candidate
commonlii-LKCA-1947-79,01,SRC004,statute_to_curated_topic,candidate
commonlii-LKCA-1947-79,05,SRC004,statute_to_curated_topic,candidate
commonlii-LKCA-1947-79,05,SRC030,statute_to_curated_topic,candidate
commonlii-LKCA-1947-79,09,SRC004,statute_to_curated_topic,candidate
commonlii-LKCA-1947-79,09,SRC030,statute_to_curated_topic,candidate
commonlii-LKCA-1947-79,17,SRC030,statute_to_curated_topic,candidate
commonlii-LKCA-1948-101,01,SRC004,statute_to_curated_topic,candidate
commonlii-LKCA-1948-101,05,SRC004,statute_to_curated_topic,candidate
commonlii-LKCA-1948-101,09,SRC004,statute_to_curated_topic,candidate
commonlii-LKCA-1948-102,05,SRC030,statute_to_curated_topic,candidate
commonlii-LKCA-1948-102,09,SRC030,statute_to_curated_topic,candidate
commonlii-LKCA-1948-102,09,SRC071,statute_to_curated_topic,candidate
commonlii-LKCA-1948-102,17,SRC030,statute_to_curated_topic,candidate
commonlii-LKCA-1948-102,18,SRC071,statute_to_curated_topic,candidate
commonlii-LKCA-1948-103,01,SRC004,statute_to_curated_topic,candidate
commonlii-LKCA-1948-103,05,SRC004,statute_to_curated_topic,candidate
commonlii-LKCA-1948-103,09,SRC004,statute_to_curated_topic,candidate
commonlii-LKCA-1948-15,05,SRC030,statute_to_curated_topic,candidate
commonlii-LKCA-1948-15,09,SRC030,statute_to_curated_topic,candidate
commonlii-LKCA-1948-15,17,SRC030,statute_to_curated_topic,candidate
commonlii-LKCA-1948-16,05,SRC030,statute_to_curated_topic,candidate
commonlii-LKCA-1948-16,09,SRC030,statute_to_curated_topic,candidate
commonlii-LKCA-1948-16,17,SRC030,statute_to_curated_topic,candidate
commonlii-LKCA-1948-2,05,SRC030,statute_to_curated_topic,candidate
commonlii-LKCA-1948-2,09,SRC030,statute_to_curated_topic,candidate
commonlii-LKCA-1948-2,17,SRC030,statute_to_curated_topic,candidate
commonlii-LKCA-1948-20,05,SRC030,statute_to_curated_topic,candidate
commonlii-LKCA-1948-20,09,SRC030,statute_to_curated_topic,candidate
commonlii-LKCA-1948-20,17,SRC030,statute_to_curated_topic,candidate
commonlii-LKCA-1948-21,05,SRC030,statute_to_curated_topic,candidate
commonlii-LKCA-1948-21,09,SRC030,statute_to_curated_topic,candidate
commonlii-LKCA-1948-21,17,SRC030,statute_to_curated_topic,candidate
commonlii-LKCA-1948-22,05,SRC030,statute_to_curated_topic,candidate
commonlii-LKCA-1948-22,09,SRC030,statute_to_curated_topic,candidate
commonlii-LKCA-1948-22,17,SRC030,statute_to_curated_topic,candidate
commonlii-LKCA-1948-25,05,SRC030,statute_to_curated_topic,candidate
commonlii-LKCA-1948-25,09,SRC030,statute_to_curated_topic,candidate
commonlii-LKCA-1948-25,17,SRC030,statute_to_curated_topic,candidate
commonlii-LKCA-1948-26,05,SRC030,statute_to_curated_topic,candidate
commonlii-LKCA-1948-26,09,SRC030,statute_to_curated_topic,candidate
commonlii-LKCA-1948-26,17,SRC030,statute_to_curated_topic,candidate
commonlii-LKCA-1948-27,05,SRC029,statute_to_curated_topic,candidate
commonlii-LKCA-1948-27,05,SRC030,statute_to_curated_topic,candidate
commonlii-LKCA-1948-27,09,SRC030,statute_to_curated_topic,candidate
commonlii-LKCA-1948-27,17,SRC030,statute_to_curated_topic,candidate
commonlii-LKCA-1948-36,09,SRC071,statute_to_curated_topic,candidate
commonlii-LKCA-1948-36,18,SRC071,statute_to_curated_topic,candidate
commonlii-LKCA-1948-37,05,SRC029,statute_to_curated_topic,candidate
commonlii-LKCA-1948-39,02,SRC005,statute_to_curated_topic,candidate
commonlii-LKCA-1948-39,05,SRC005,statute_to_curated_topic,candidate
commonlii-LKCA-1948-39,06,SRC005,statute_to_curated_topic,candidate
commonlii-LKCA-1948-39,15,SRC059,statute_to_curated_topic,candidate
commonlii-LKCA-1948-39,17,SRC005,statute_to_curated_topic,candidate
commonlii-LKCA-1948-50,05,SRC030,statute_to_curated_topic,candidate
commonlii-LKCA-1948-50,09,SRC030,statute_to_curated_topic,candidate
commonlii-LKCA-1948-50,17,SRC030,statute_to_curated_topic,candidate
commonlii-LKCA-1948-52,05,SRC029,statute_to_curated_topic,candidate
commonlii-LKCA-1948-59,09,SRC071,statute_to_curated_topic,candidate
commonlii-LKCA-1948-59,15,SRC059,statute_to_curated_topic,candidate
commonlii-LKCA-1948-59,18,SRC071,statute_to_curated_topic,candidate
commonlii-LKCA-1948-63,05,SRC030,statute_to_curated_topic,candidate
commonlii-LKCA-1948-63,09,SRC030,statute_to_curated_topic,candidate
commonlii-LKCA-1948-63,17,SRC030,statute_to_curated_topic,candidate
commonlii-LKCA-1948-7,05,SRC030,statute_to_curated_topic,candidate
commonlii-LKCA-1948-7,09,SRC030,statute_to_curated_topic,candidate
commonlii-LKCA-1948-7,17,SRC030,statute_to_curated_topic,candidate
commonlii-LKCA-1948-77,05,SRC030,statute_to_curated_topic,candidate
commonlii-LKCA-1948-77,09,SRC030,statute_to_curated_topic,candidate
commonlii-LKCA-1948-77,17,SRC030,statute_to_curated_topic,candidate
commonlii-LKCA-1948-78,05,SRC030,statute_to_curated_topic,candidate
commonlii-LKCA-1948-78,09,SRC030,statute_to_curated_topic,candidate
commonlii-LKCA-1948-78,17,SRC030,statute_to_curated_topic,candidate
commonlii-LKCA-1948-80,01,SRC001,statute_to_curated_topic,candidate
commonlii-LKCA-1948-80,05,SRC001,statute_to_curated_topic,candidate
commonlii-LKCA-1948-80,05,SRC030,statute_to_curated_topic,candidate
commonlii-LKCA-1948-80,06,SRC001,statute_to_curated_topic,candidate
commonlii-LKCA-1948-80,09,SRC030,statute_to_curated_topic,candidate
commonlii-LKCA-1948-80,17,SRC001,statute_to_curated_topic,candidate
commonlii-LKCA-1948-80,17,SRC030,statute_to_curated_topic,candidate
commonlii-LKCA-1948-81,01,SRC001,statute_to_curated_topic,candidate
commonlii-LKCA-1948-81,05,SRC001,statute_to_curated_topic,candidate
commonlii-LKCA-1948-81,05,SRC029,statute_to_curated_topic,candidate
commonlii-LKCA-1948-81,06,SRC001,statute_to_curated_topic,candidate
commonlii-LKCA-1948-81,15,SRC059,statute_to_curated_topic,candidate
commonlii-LKCA-1948-81,17,SRC001,statute_to_curated_topic,candidate
commonlii-LKCA-1948-82,05,SRC030,statute_to_curated_topic,candidate
commonlii-LKCA-1948-82,09,SRC030,statute_to_curated_topic,candidate
commonlii-LKCA-1948-82,17,SRC030,statute_to_curated_topic,candidate
commonlii-LKCA-1949-14,05,SRC030,statute_to_curated_topic,candidate
commonlii-LKCA-1949-14,09,SRC030,statute_to_curated_topic,candidate
commonlii-LKCA-1949-14,17,SRC030,statute_to_curated_topic,candidate
commonlii-LKCA-1949-17,05,SRC030,statute_to_curated_topic,candidate
commonlii-LKCA-1949-17,09,SRC030,statute_to_curated_topic,candidate
commonlii-LKCA-1949-17,17,SRC030,statute_to_curated_topic,candidate
commonlii-LKCA-1949-18,05,SRC030,statute_to_curated_topic,candidate
commonlii-LKCA-1949-18,09,SRC030,statute_to_curated_topic,candidate
commonlii-LKCA-1949-18,17,SRC030,statute_to_curated_topic,candidate
commonlii-LKCA-1949-23,05,SRC029,statute_to_curated_topic,candidate
commonlii-LKCA-1949-23,05,SRC030,statute_to_curated_topic,candidate
commonlii-LKCA-1949-23,09,SRC030,statute_to_curated_topic,candidate
commonlii-LKCA-1949-23,12,SRC051,statute_to_curated_topic,candidate
commonlii-LKCA-1949-23,17,SRC030,statute_to_curated_topic,candidate
commonlii-LKCA-1949-31,05,SRC029,statute_to_curated_topic,candidate
commonlii-LKCA-1949-34,05,SRC029,statute_to_curated_topic,candidate
commonlii-LKCA-1949-37,05,SRC024,statute_to_curated_topic,candidate
commonlii-LKCA-1949-37,14,SRC024,statute_to_curated_topic,candidate
commonlii-LKCA-1949-37,17,SRC024,statute_to_curated_topic,candidate
commonlii-LKCA-1949-38,15,SRC059,statute_to_curated_topic,candidate
commonlii-LKCA-1949-39,05,SRC031,statute_to_curated_topic,candidate
commonlii-LKCA-1949-39,09,SRC031,statute_to_curated_topic,candidate
commonlii-LKCA-1949-4,02,SRC005,statute_to_curated_topic,candidate
commonlii-LKCA-1949-4,05,SRC005,statute_to_curated_topic,candidate
commonlii-LKCA-1949-4,06,SRC005,statute_to_curated_topic,candidate
commonlii-LKCA-1949-4,17,SRC005,statute_to_curated_topic,candidate
commonlii-LKCA-1949-45,01,SRC001,statute_to_curated_topic,candidate
commonlii-LKCA-1949-45,05,SRC001,statute_to_curated_topic,candidate
commonlii-LKCA-1949-45,06,SRC001,statute_to_curated_topic,candidate
commonlii-LKCA-1949-45,17,SRC001,statute_to_curated_topic,candidate
commonlii-LKCA-1949-51,02,SRC005,statute_to_curated_topic,candidate
commonlii-LKCA-1949-51,05,SRC005,statute_to_curated_topic,candidate
commonlii-LKCA-1949-51,06,SRC005,statute_to_curated_topic,candidate
commonlii-LKCA-1949-51,17,SRC005,statute_to_curated_topic,candidate
commonlii-LKCA-1949-56,09,SRC071,statute_to_curated_topic,candidate
commonlii-LKCA-1949-56,18,SRC071,statute_to_curated_topic,candidate
commonlii-LKCA-1949-6,02,SRC005,statute_to_curated_topic,candidate
commonlii-LKCA-1949-6,05,SRC005,statute_to_curated_topic,candidate
commonlii-LKCA-1949-6,05,SRC030,statute_to_curated_topic,candidate
commonlii-LKCA-1949-6,06,SRC005,statute_to_curated_topic,candidate
commonlii-LKCA-1949-6,09,SRC030,statute_to_curated_topic,candidate
commonlii-LKCA-1949-6,17,SRC005,statute_to_curated_topic,candidate
commonlii-LKCA-1949-6,17,SRC030,statute_to_curated_topic,candidate
commonlii-LKCA-1949-8,05,SRC030,statute_to_curated_topic,candidate
commonlii-LKCA-1949-8,09,SRC030,statute_to_curated_topic,candidate
commonlii-LKCA-1949-8,17,SRC030,statute_to_curated_topic,candidate
commonlii-LKCA-1950-1,05,SRC030,statute_to_curated_topic,candidate
commonlii-LKCA-1950-1,09,SRC030,statute_to_curated_topic,candidate
commonlii-LKCA-1950-1,17,SRC030,statute_to_curated_topic,candidate
commonlii-LKCA-1950-18,05,SRC030,statute_to_curated_topic,candidate
commonlii-LKCA-1950-18,09,SRC030,statute_to_curated_topic,candidate
commonlii-LKCA-1950-18,17,SRC030,statute_to_curated_topic,candidate
commonlii-LKCA-1950-26,15,SRC059,statute_to_curated_topic,candidate
commonlii-LKCA-1950-31,01,SRC001,statute_to_curated_topic,candidate
commonlii-LKCA-1950-31,05,SRC001,statute_to_curated_topic,candidate
commonlii-LKCA-1950-31,05,SRC029,statute_to_curated_topic,candidate
commonlii-LKCA-1950-31,06,SRC001,statute_to_curated_topic,candidate
commonlii-LKCA-1950-31,17,SRC001,statute_to_curated_topic,candidate
commonlii-LKCA-1950-38,05,SRC029,statute_to_curated_topic,candidate
commonlii-LKCA-1950-38,09,SRC071,statute_to_curated_topic,candidate
commonlii-LKCA-1950-38,18,SRC071,statute_to_curated_topic,candidate
commonlii-LKCA-1950-39,05,SRC030,statute_to_curated_topic,candidate
commonlii-LKCA-1950-39,09,SRC030,statute_to_curated_topic,candidate
commonlii-LKCA-1950-39,17,SRC030,statute_to_curated_topic,candidate
commonlii-LKCA-1950-49,01,SRC001,statute_to_curated_topic,candidate
commonlii-LKCA-1950-49,05,SRC001,statute_to_curated_topic,candidate
commonlii-LKCA-1950-49,06,SRC001,statute_to_curated_topic,candidate
commonlii-LKCA-1950-49,12,SRC050,statute_to_curated_topic,candidate
commonlii-LKCA-1950-49,17,SRC001,statute_to_curated_topic,candidate
commonlii-LKCA-1950-49,20,SRC050,statute_to_curated_topic,candidate
commonlii-LKCA-1950-61,05,SRC030,statute_to_curated_topic,candidate
commonlii-LKCA-1950-61,09,SRC030,statute_to_curated_topic,candidate
commonlii-LKCA-1950-61,17,SRC030,statute_to_curated_topic,candidate
commonlii-LKCA-1950-62,09,SRC071,statute_to_curated_topic,candidate
commonlii-LKCA-1950-62,18,SRC071,statute_to_curated_topic,candidate
commonlii-LKCA-1950-63,05,SRC029,statute_to_curated_topic,candidate
commonlii-LKCA-1950-63,15,SRC059,statute_to_curated_topic,candidate
commonlii-LKCA-1950-68,09,SRC071,statute_to_curated_topic,candidate
commonlii-LKCA-1950-68,18,SRC071,statute_to_curated_topic,candidate
commonlii-LKCA-1950-69,09,SRC071,statute_to_curated_topic,candidate
commonlii-LKCA-1950-69,18,SRC071,statute_to_curated_topic,candidate
commonlii-LKCA-1950-7,01,SRC001,statute_to_curated_topic,candidate
commonlii-LKCA-1950-7,01,SRC004,statute_to_curated_topic,candidate
commonlii-LKCA-1950-7,05,SRC001,statute_to_curated_topic,candidate
commonlii-LKCA-1950-7,05,SRC004,statute_to_curated_topic,candidate
commonlii-LKCA-1950-7,06,SRC001,statute_to_curated_topic,candidate
commonlii-LKCA-1950-7,09,SRC004,statute_to_curated_topic,candidate
commonlii-LKCA-1950-7,17,SRC001,statute_to_curated_topic,candidate
commonlii-LKCA-1950-76,01,SRC001,statute_to_curated_topic,candidate
commonlii-LKCA-1950-76,05,SRC001,statute_to_curated_topic,candidate
commonlii-LKCA-1950-76,05,SRC030,statute_to_curated_topic,candidate
commonlii-LKCA-1950-76,06,SRC001,statute_to_curated_topic,candidate
commonlii-LKCA-1950-76,09,SRC030,statute_to_curated_topic,candidate
commonlii-LKCA-1950-76,15,SRC059,statute_to_curated_topic,candidate
commonlii-LKCA-1950-76,17,SRC001,statute_to_curated_topic,candidate
commonlii-LKCA-1950-76,17,SRC030,statute_to_curated_topic,candidate
commonlii-LKCA-1951-1,05,SRC030,statute_to_curated_topic,candidate
commonlii-LKCA-1951-1,09,SRC030,statute_to_curated_topic,candidate
commonlii-LKCA-1951-1,17,SRC030,statute_to_curated_topic,candidate
commonlii-LKCA-1951-11,05,SRC029,statute_to_curated_topic,candidate
commonlii-LKCA-1951-12,05,SRC030,statute_to_curated_topic,candidate
commonlii-LKCA-1951-12,09,SRC030,statute_to_curated_topic,candidate
commonlii-LKCA-1951-12,17,SRC030,statute_to_curated_topic,candidate
commonlii-LKCA-1951-16,05,SRC030,statute_to_curated_topic,candidate
commonlii-LKCA-1951-16,09,SRC030,statute_to_curated_topic,candidate
commonlii-LKCA-1951-16,11,SRC049,statute_to_curated_topic,candidate
commonlii-LKCA-1951-16,17,SRC030,statute_to_curated_topic,candidate
commonlii-LKCA-1951-16,20,SRC049,statute_to_curated_topic,candidate
commonlii-LKCA-1951-19,05,SRC030,statute_to_curated_topic,candidate
commonlii-LKCA-1951-19,09,SRC030,statute_to_curated_topic,candidate
commonlii-LKCA-1951-19,17,SRC030,statute_to_curated_topic,candidate
commonlii-LKCA-1951-2,05,SRC030,statute_to_curated_topic,candidate
commonlii-LKCA-1951-2,09,SRC030,statute_to_curated_topic,candidate
commonlii-LKCA-1951-2,17,SRC030,statute_to_curated_topic,candidate
commonlii-LKCA-1951-20,05,SRC030,statute_to_curated_topic,candidate
commonlii-LKCA-1951-20,09,SRC030,statute_to_curated_topic,candidate
commonlii-LKCA-1951-20,17,SRC030,statute_to_curated_topic,candidate
commonlii-LKCA-1951-22,05,SRC030,statute_to_curated_topic,candidate
commonlii-LKCA-1951-22,09,SRC030,statute_to_curated_topic,candidate
commonlii-LKCA-1951-22,17,SRC030,statute_to_curated_topic,candidate
commonlii-LKCA-1951-23,05,SRC030,statute_to_curated_topic,candidate
commonlii-LKCA-1951-23,09,SRC030,statute_to_curated_topic,candidate
commonlii-LKCA-1951-23,17,SRC030,statute_to_curated_topic,candidate
commonlii-LKCA-1951-25,05,SRC030,statute_to_curated_topic,candidate
commonlii-LKCA-1951-25,09,SRC030,statute_to_curated_topic,candidate
commonlii-LKCA-1951-25,17,SRC030,statute_to_curated_topic,candidate
commonlii-LKCA-1951-27,05,SRC030,statute_to_curated_topic,candidate
commonlii-LKCA-1951-27,09,SRC030,statute_to_curated_topic,candidate
commonlii-LKCA-1951-27,17,SRC030,statute_to_curated_topic,candidate
commonlii-LKCA-1951-30,01,SRC004,statute_to_curated_topic,candidate
commonlii-LKCA-1951-30,05,SRC004,statute_to_curated_topic,candidate
commonlii-LKCA-1951-30,09,SRC004,statute_to_curated_topic,candidate
commonlii-LKCA-1951-30,10,SRC045,statute_to_curated_topic,candidate
commonlii-LKCA-1951-47,05,SRC024,statute_to_curated_topic,candidate
commonlii-LKCA-1951-47,05,SRC030,statute_to_curated_topic,candidate
commonlii-LKCA-1951-47,09,SRC030,statute_to_curated_topic,candidate
commonlii-LKCA-1951-47,14,SRC024,statute_to_curated_topic,candidate
commonlii-LKCA-1951-47,17,SRC024,statute_to_curated_topic,candidate
commonlii-LKCA-1951-47,17,SRC030,statute_to_curated_topic,candidate
commonlii-LKCA-1951-52,05,SRC029,statute_to_curated_topic,candidate
commonlii-LKCA-1951-53,01,SRC001,statute_to_curated_topic,candidate
commonlii-LKCA-1951-53,05,SRC001,statute_to_curated_topic,candidate
commonlii-LKCA-1951-53,06,SRC001,statute_to_curated_topic,candidate
commonlii-LKCA-1951-53,17,SRC001,statute_to_curated_topic,candidate
commonlii-LKCA-1951-59,01,SRC001,statute_to_curated_topic,candidate
commonlii-LKCA-1951-59,05,SRC001,statute_to_curated_topic,candidate
commonlii-LKCA-1951-59,06,SRC001,statute_to_curated_topic,candidate
commonlii-LKCA-1951-59,15,SRC059,statute_to_curated_topic,candidate
commonlii-LKCA-1951-59,17,SRC001,statute_to_curated_topic,candidate
commonlii-LKCA-1951-6,05,SRC030,statute_to_curated_topic,candidate
commonlii-LKCA-1951-6,09,SRC030,statute_to_curated_topic,candidate
commonlii-LKCA-1951-6,09,SRC071,statute_to_curated_topic,candidate
commonlii-LKCA-1951-6,17,SRC030,statute_to_curated_topic,candidate
commonlii-LKCA-1951-6,18,SRC071,statute_to_curated_topic,candidate
commonlii-LKCA-1951-7,05,SRC030,statute_to_curated_topic,candidate
commonlii-LKCA-1951-7,09,SRC030,statute_to_curated_topic,candidate
commonlii-LKCA-1951-7,17,SRC030,statute_to_curated_topic,candidate
commonlii-LKCA-1951-78,15,SRC059,statute_to_curated_topic,candidate
commonlii-LKCA-1951-8,05,SRC030,statute_to_curated_topic,candidate
commonlii-LKCA-1951-8,09,SRC030,statute_to_curated_topic,candidate
commonlii-LKCA-1951-8,10,SRC048,statute_to_curated_topic,candidate
commonlii-LKCA-1951-8,15,SRC059,statute_to_curated_topic,candidate
commonlii-LKCA-1951-8,17,SRC030,statute_to_curated_topic,candidate
commonlii-LKCA-1951-81,02,SRC005,statute_to_curated_topic,candidate
commonlii-LKCA-1951-81,05,SRC005,statute_to_curated_topic,candidate
commonlii-LKCA-1951-81,06,SRC005,statute_to_curated_topic,candidate
commonlii-LKCA-1951-81,17,SRC005,statute_to_curated_topic,candidate
commonlii-LKCA-1951-84,01,SRC004,statute_to_curated_topic,candidate
commonlii-LKCA-1951-84,05,SRC004,statute_to_curated_topic,candidate
commonlii-LKCA-1951-84,09,SRC004,statute_to_curated_topic,candidate
commonlii-LKCA-1951-9,05,SRC030,statute_to_curated_topic,candidate
commonlii-LKCA-1951-9,09,SRC030,statute_to_curated_topic,candidate
commonlii-LKCA-1951-9,17,SRC030,statute_to_curated_topic,candidate
commonlii-LKCA-1952-13,05,SRC030,statute_to_curated_topic,candidate
commonlii-LKCA-1952-13,09,SRC030,statute_to_curated_topic,candidate
commonlii-LKCA-1952-13,17,SRC030,statute_to_curated_topic,candidate
commonlii-LKCA-1952-15,02,SRC005,statute_to_curated_topic,candidate
commonlii-LKCA-1952-15,05,SRC005,statute_to_curated_topic,candidate
commonlii-LKCA-1952-15,05,SRC030,statute_to_curated_topic,candidate
commonlii-LKCA-1952-15,06,SRC005,statute_to_curated_topic,candidate
commonlii-LKCA-1952-15,09,SRC030,statute_to_curated_topic,candidate
commonlii-LKCA-1952-15,17,SRC005,statute_to_curated_topic,candidate
commonlii-LKCA-1952-15,17,SRC030,statute_to_curated_topic,candidate
commonlii-LKCA-1952-19,05,SRC030,statute_to_curated_topic,candidate
commonlii-LKCA-1952-19,09,SRC030,statute_to_curated_topic,candidate
commonlii-LKCA-1952-19,09,SRC071,statute_to_curated_topic,candidate
commonlii-LKCA-1952-19,15,SRC059,statute_to_curated_topic,candidate
commonlii-LKCA-1952-19,17,SRC030,statute_to_curated_topic,candidate
commonlii-LKCA-1952-19,18,SRC071,statute_to_curated_topic,candidate
commonlii-LKCA-1952-29,15,SRC059,statute_to_curated_topic,candidate
commonlii-LKCA-1952-31,15,SRC059,statute_to_curated_topic,candidate
commonlii-LKCA-1952-34,11,SRC049,statute_to_curated_topic,candidate
commonlii-LKCA-1952-34,20,SRC049,statute_to_curated_topic,candidate
commonlii-LKCA-1952-37,15,SRC059,statute_to_curated_topic,candidate
commonlii-LKCA-1952-4,01,SRC004,statute_to_curated_topic,candidate
commonlii-LKCA-1952-4,05,SRC004,statute_to_curated_topic,candidate
commonlii-LKCA-1952-4,09,SRC004,statute_to_curated_topic,candidate
commonlii-LKCA-1952-43,05,SRC029,statute_to_curated_topic,candidate
commonlii-LKCA-1952-49,05,SRC030,statute_to_curated_topic,candidate
commonlii-LKCA-1952-49,09,SRC030,statute_to_curated_topic,candidate
commonlii-LKCA-1952-49,17,SRC030,statute_to_curated_topic,candidate
commonlii-LKCA-1952-50,02,SRC005,statute_to_curated_topic,candidate
commonlii-LKCA-1952-50,05,SRC005,statute_to_curated_topic,candidate
commonlii-LKCA-1952-50,05,SRC029,statute_to_curated_topic,candidate
commonlii-LKCA-1952-50,06,SRC005,statute_to_curated_topic,candidate
commonlii-LKCA-1952-50,09,SRC071,statute_to_curated_topic,candidate
commonlii-LKCA-1952-50,17,SRC005,statute_to_curated_topic,candidate
commonlii-LKCA-1952-50,18,SRC071,statute_to_curated_topic,candidate
commonlii-LKCA-1952-53,05,SRC030,statute_to_curated_topic,candidate
commonlii-LKCA-1952-53,09,SRC030,statute_to_curated_topic,candidate
commonlii-LKCA-1952-53,17,SRC030,statute_to_curated_topic,candidate
commonlii-LKCA-1952-59,09,SRC071,statute_to_curated_topic,candidate
commonlii-LKCA-1952-59,18,SRC071,statute_to_curated_topic,candidate
commonlii-LKCA-1952-6,05,SRC030,statute_to_curated_topic,candidate
commonlii-LKCA-1952-6,09,SRC030,statute_to_curated_topic,candidate
commonlii-LKCA-1952-6,17,SRC030,statute_to_curated_topic,candidate
commonlii-LKCA-1952-70,02,SRC005,statute_to_curated_topic,candidate
commonlii-LKCA-1952-70,05,SRC005,statute_to_curated_topic,candidate
commonlii-LKCA-1952-70,06,SRC005,statute_to_curated_topic,candidate
commonlii-LKCA-1952-70,17,SRC005,statute_to_curated_topic,candidate
commonlii-LKCA-1952-74,09,SRC071,statute_to_curated_topic,candidate
commonlii-LKCA-1952-74,18,SRC071,statute_to_curated_topic,candidate
commonlii-LKCA-1952-79,01,SRC001,statute_to_curated_topic,candidate
commonlii-LKCA-1952-79,05,SRC001,statute_to_curated_topic,candidate
commonlii-LKCA-1952-79,06,SRC001,statute_to_curated_topic,candidate
commonlii-LKCA-1952-79,17,SRC001,statute_to_curated_topic,candidate
commonlii-LKCA-1953-13,05,SRC030,statute_to_curated_topic,candidate
commonlii-LKCA-1953-13,09,SRC030,statute_to_curated_topic,candidate
commonlii-LKCA-1953-13,17,SRC030,statute_to_curated_topic,candidate
commonlii-LKCA-1953-2,01,SRC004,statute_to_curated_topic,candidate
commonlii-LKCA-1953-2,05,SRC004,statute_to_curated_topic,candidate
commonlii-LKCA-1953-2,09,SRC004,statute_to_curated_topic,candidate
commonlii-LKCA-1953-29,05,SRC030,statute_to_curated_topic,candidate
commonlii-LKCA-1953-29,09,SRC030,statute_to_curated_topic,candidate
commonlii-LKCA-1953-29,17,SRC030,statute_to_curated_topic,candidate
commonlii-LKCA-1953-35,02,SRC005,statute_to_curated_topic,candidate
commonlii-LKCA-1953-35,05,SRC005,statute_to_curated_topic,candidate
commonlii-LKCA-1953-35,06,SRC005,statute_to_curated_topic,candidate
commonlii-LKCA-1953-35,17,SRC005,statute_to_curated_topic,candidate
commonlii-LKCA-1953-9,15,SRC059,statute_to_curated_topic,candidate
commonlii-LKCA-1954-1,05,SRC030,statute_to_curated_topic,candidate
commonlii-LKCA-1954-1,09,SRC030,statute_to_curated_topic,candidate
commonlii-LKCA-1954-1,17,SRC030,statute_to_curated_topic,candidate
commonlii-LKCA-1954-100,05,SRC030,statute_to_curated_topic,candidate
commonlii-LKCA-1954-100,09,SRC030,statute_to_curated_topic,candidate
commonlii-LKCA-1954-100,17,SRC030,statute_to_curated_topic,candidate
commonlii-LKCA-1954-103,09,SRC071,statute_to_curated_topic,candidate
commonlii-LKCA-1954-103,18,SRC071,statute_to_curated_topic,candidate
commonlii-LKCA-1954-106,11,SRC049,statute_to_curated_topic,candidate
commonlii-LKCA-1954-106,15,SRC059,statute_to_curated_topic,candidate
commonlii-LKCA-1954-106,20,SRC049,statute_to_curated_topic,candidate
commonlii-LKCA-1954-11,05,SRC030,statute_to_curated_topic,candidate
commonlii-LKCA-1954-11,09,SRC030,statute_to_curated_topic,candidate
commonlii-LKCA-1954-11,17,SRC030,statute_to_curated_topic,candidate
commonlii-LKCA-1954-13,09,SRC071,statute_to_curated_topic,candidate
commonlii-LKCA-1954-13,18,SRC071,statute_to_curated_topic,candidate
commonlii-LKCA-1954-2,02,SRC005,statute_to_curated_topic,candidate
commonlii-LKCA-1954-2,05,SRC005,statute_to_curated_topic,candidate
commonlii-LKCA-1954-2,05,SRC030,statute_to_curated_topic,candidate
commonlii-LKCA-1954-2,06,SRC005,statute_to_curated_topic,candidate
commonlii-LKCA-1954-2,09,SRC030,statute_to_curated_topic,candidate
commonlii-LKCA-1954-2,17,SRC005,statute_to_curated_topic,candidate
commonlii-LKCA-1954-2,17,SRC030,statute_to_curated_topic,candidate
commonlii-LKCA-1954-20,09,SRC071,statute_to_curated_topic,candidate
commonlii-LKCA-1954-20,18,SRC071,statute_to_curated_topic,candidate
commonlii-LKCA-1954-28,05,SRC030,statute_to_curated_topic,candidate
commonlii-LKCA-1954-28,09,SRC030,statute_to_curated_topic,candidate
commonlii-LKCA-1954-28,17,SRC030,statute_to_curated_topic,candidate
commonlii-LKCA-1954-3,05,SRC030,statute_to_curated_topic,candidate
commonlii-LKCA-1954-3,09,SRC030,statute_to_curated_topic,candidate
commonlii-LKCA-1954-3,17,SRC030,statute_to_curated_topic,candidate
commonlii-LKCA-1954-30,05,SRC030,statute_to_curated_topic,candidate
commonlii-LKCA-1954-30,09,SRC030,statute_to_curated_topic,candidate
commonlii-LKCA-1954-30,17,SRC030,statute_to_curated_topic,candidate
commonlii-LKCA-1954-31,05,SRC030,statute_to_curated_topic,candidate
commonlii-LKCA-1954-31,09,SRC030,statute_to_curated_topic,candidate
commonlii-LKCA-1954-31,17,SRC030,statute_to_curated_topic,candidate
commonlii-LKCA-1954-35,05,SRC030,statute_to_curated_topic,candidate
commonlii-LKCA-1954-35,09,SRC030,statute_to_curated_topic,candidate
commonlii-LKCA-1954-35,17,SRC030,statute_to_curated_topic,candidate
commonlii-LKCA-1954-36,05,SRC030,statute_to_curated_topic,candidate
commonlii-LKCA-1954-36,09,SRC030,statute_to_curated_topic,candidate
commonlii-LKCA-1954-36,17,SRC030,statute_to_curated_topic,candidate
commonlii-LKCA-1954-44,01,SRC001,statute_to_curated_topic,candidate
commonlii-LKCA-1954-44,05,SRC001,statute_to_curated_topic,candidate
commonlii-LKCA-1954-44,05,SRC030,statute_to_curated_topic,candidate
commonlii-LKCA-1954-44,06,SRC001,statute_to_curated_topic,candidate
commonlii-LKCA-1954-44,09,SRC030,statute_to_curated_topic,candidate
commonlii-LKCA-1954-44,17,SRC001,statute_to_curated_topic,candidate
commonlii-LKCA-1954-44,17,SRC030,statute_to_curated_topic,candidate
commonlii-LKCA-1954-46,01,SRC004,statute_to_curated_topic,candidate
commonlii-LKCA-1954-46,02,SRC005,statute_to_curated_topic,candidate
commonlii-LKCA-1954-46,05,SRC004,statute_to_curated_topic,candidate
commonlii-LKCA-1954-46,05,SRC005,statute_to_curated_topic,candidate
commonlii-LKCA-1954-46,06,SRC005,statute_to_curated_topic,candidate
commonlii-LKCA-1954-46,09,SRC004,statute_to_curated_topic,candidate
commonlii-LKCA-1954-46,09,SRC071,statute_to_curated_topic,candidate
commonlii-LKCA-1954-46,17,SRC005,statute_to_curated_topic,candidate
commonlii-LKCA-1954-46,18,SRC071,statute_to_curated_topic,candidate
commonlii-LKCA-1954-5,05,SRC014,statute_to_curated_topic,candidate
commonlii-LKCA-1954-5,06,SRC014,statute_to_curated_topic,candidate
commonlii-LKCA-1954-5,08,SRC014,statute_to_curated_topic,candidate
commonlii-LKCA-1954-5,17,SRC014,statute_to_curated_topic,candidate
commonlii-LKCA-1954-5,20,SRC014,statute_to_curated_topic,candidate
commonlii-LKCA-1954-54,01,SRC001,statute_to_curated_topic,candidate
commonlii-LKCA-1954-54,05,SRC001,statute_to_curated_topic,candidate
commonlii-LKCA-1954-54,06,SRC001,statute_to_curated_topic,candidate
commonlii-LKCA-1954-54,15,SRC059,statute_to_curated_topic,candidate
commonlii-LKCA-1954-54,17,SRC001,statute_to_curated_topic,candidate
commonlii-LKCA-1954-56,17,SRC064,statute_to_curated_topic,candidate
commonlii-LKCA-1954-6,05,SRC030,statute_to_curated_topic,candidate
commonlii-LKCA-1954-6,09,SRC030,statute_to_curated_topic,candidate
commonlii-LKCA-1954-6,17,SRC030,statute_to_curated_topic,candidate
commonlii-LKCA-1954-62,09,SRC071,statute_to_curated_topic,candidate
commonlii-LKCA-1954-62,18,SRC071,statute_to_curated_topic,candidate
commonlii-LKCA-1954-65,05,SRC029,statute_to_curated_topic,candidate
commonlii-LKCA-1954-65,05,SRC030,statute_to_curated_topic,candidate
commonlii-LKCA-1954-65,09,SRC030,statute_to_curated_topic,candidate
commonlii-LKCA-1954-65,17,SRC030,statute_to_curated_topic,candidate
commonlii-LKCA-1954-66,05,SRC029,statute_to_curated_topic,candidate
commonlii-LKCA-1954-67,01,SRC001,statute_to_curated_topic,candidate
commonlii-LKCA-1954-67,05,SRC001,statute_to_curated_topic,candidate
commonlii-LKCA-1954-67,05,SRC014,statute_to_curated_topic,candidate
commonlii-LKCA-1954-67,05,SRC029,statute_to_curated_topic,candidate
commonlii-LKCA-1954-67,06,SRC001,statute_to_curated_topic,candidate
commonlii-LKCA-1954-67,06,SRC014,statute_to_curated_topic,candidate
commonlii-LKCA-1954-67,08,SRC014,statute_to_curated_topic,candidate
commonlii-LKCA-1954-67,17,SRC001,statute_to_curated_topic,candidate
commonlii-LKCA-1954-67,17,SRC014,statute_to_curated_topic,candidate
commonlii-LKCA-1954-67,20,SRC014,statute_to_curated_topic,candidate
commonlii-LKCA-1954-72,09,SRC071,statute_to_curated_topic,candidate
commonlii-LKCA-1954-72,18,SRC071,statute_to_curated_topic,candidate
commonlii-LKCA-1954-73,16,SRC061,statute_to_curated_topic,candidate
commonlii-LKCA-1954-74,01,SRC001,statute_to_curated_topic,candidate
commonlii-LKCA-1954-74,05,SRC001,statute_to_curated_topic,candidate
commonlii-LKCA-1954-74,06,SRC001,statute_to_curated_topic,candidate
commonlii-LKCA-1954-74,17,SRC001,statute_to_curated_topic,candidate
commonlii-LKCA-1954-77,01,SRC004,statute_to_curated_topic,candidate
commonlii-LKCA-1954-77,05,SRC004,statute_to_curated_topic,candidate
commonlii-LKCA-1954-77,09,SRC004,statute_to_curated_topic,candidate
commonlii-LKCA-1954-80,05,SRC014,statute_to_curated_topic,candidate
commonlii-LKCA-1954-80,06,SRC014,statute_to_curated_topic,candidate
commonlii-LKCA-1954-80,08,SRC014,statute_to_curated_topic,candidate
commonlii-LKCA-1954-80,12,SRC050,statute_to_curated_topic,candidate
commonlii-LKCA-1954-80,17,SRC014,statute_to_curated_topic,candidate
commonlii-LKCA-1954-80,20,SRC014,statute_to_curated_topic,candidate
commonlii-LKCA-1954-80,20,SRC050,statute_to_curated_topic,candidate
commonlii-LKCA-1954-83,05,SRC028,statute_to_curated_topic,candidate
commonlii-LKCA-1954-83,17,SRC028,statute_to_curated_topic,candidate
commonlii-LKCA-1954-85,12,SRC051,statute_to_curated_topic,candidate
commonlii-LKCA-1954-96,09,SRC071,statute_to_curated_topic,candidate
commonlii-LKCA-1954-96,18,SRC071,statute_to_curated_topic,candidate
commonlii-LKCA-1954-99,01,SRC004,statute_to_curated_topic,candidate
commonlii-LKCA-1954-99,05,SRC004,statute_to_curated_topic,candidate
commonlii-LKCA-1954-99,09,SRC004,statute_to_curated_topic,candidate
commonlii-LKCA-1955-10,01,SRC004,statute_to_curated_topic,candidate
commonlii-LKCA-1955-10,05,SRC004,statute_to_curated_topic,candidate
commonlii-LKCA-1955-10,09,SRC004,statute_to_curated_topic,candidate
commonlii-LKCA-1955-19,09,SRC071,statute_to_curated_topic,candidate
commonlii-LKCA-1955-19,18,SRC071,statute_to_curated_topic,candidate
commonlii-LKCA-1955-20,11,SRC049,statute_to_curated_topic,candidate
commonlii-LKCA-1955-20,20,SRC049,statute_to_curated_topic,candidate
commonlii-LKCA-1955-21,05,SRC029,statute_to_curated_topic,candidate
commonlii-LKCA-1955-21,09,SRC071,statute_to_curated_topic,candidate
commonlii-LKCA-1955-21,18,SRC071,statute_to_curated_topic,candidate
commonlii-LKCA-1955-24,05,SRC029,statute_to_curated_topic,candidate
commonlii-LKCA-1955-24,09,SRC071,statute_to_curated_topic,candidate
commonlii-LKCA-1955-24,15,SRC059,statute_to_curated_topic,candidate
commonlii-LKCA-1955-24,18,SRC071,statute_to_curated_topic,candidate
commonlii-LKCA-1955-29,05,SRC030,statute_to_curated_topic,candidate
commonlii-LKCA-1955-29,09,SRC030,statute_to_curated_topic,candidate
commonlii-LKCA-1955-29,17,SRC030,statute_to_curated_topic,candidate
commonlii-LKCA-1955-3,05,SRC030,statute_to_curated_topic,candidate
commonlii-LKCA-1955-3,09,SRC030,statute_to_curated_topic,candidate
commonlii-LKCA-1955-3,17,SRC030,statute_to_curated_topic,candidate
commonlii-LKCA-1955-30,05,SRC030,statute_to_curated_topic,candidate
commonlii-LKCA-1955-30,09,SRC030,statute_to_curated_topic,candidate
commonlii-LKCA-1955-30,17,SRC030,statute_to_curated_topic,candidate
commonlii-LKCA-1955-39,01,SRC001,statute_to_curated_topic,candidate
commonlii-LKCA-1955-39,05,SRC001,statute_to_curated_topic,candidate
commonlii-LKCA-1955-39,05,SRC029,statute_to_curated_topic,candidate
commonlii-LKCA-1955-39,06,SRC001,statute_to_curated_topic,candidate
commonlii-LKCA-1955-39,17,SRC001,statute_to_curated_topic,candidate
commonlii-LKCA-1955-4,05,SRC030,statute_to_curated_topic,candidate
commonlii-LKCA-1955-4,09,SRC030,statute_to_curated_topic,candidate
commonlii-LKCA-1955-4,17,SRC030,statute_to_curated_topic,candidate
commonlii-LKCA-1955-41,09,SRC071,statute_to_curated_topic,candidate
commonlii-LKCA-1955-41,18,SRC071,statute_to_curated_topic,candidate
commonlii-LKCA-1955-54,01,SRC001,statute_to_curated_topic,candidate
commonlii-LKCA-1955-54,05,SRC001,statute_to_curated_topic,candidate
commonlii-LKCA-1955-54,05,SRC029,statute_to_curated_topic,candidate
commonlii-LKCA-1955-54,06,SRC001,statute_to_curated_topic,candidate
commonlii-LKCA-1955-54,15,SRC059,statute_to_curated_topic,candidate
commonlii-LKCA-1955-54,17,SRC001,statute_to_curated_topic,candidate
commonlii-LKCA-1955-63,05,SRC028,statute_to_curated_topic,candidate
commonlii-LKCA-1955-63,17,SRC028,statute_to_curated_topic,candidate
commonlii-LKCA-1955-65,09,SRC071,statute_to_curated_topic,candidate
commonlii-LKCA-1955-65,18,SRC071,statute_to_curated_topic,candidate
commonlii-LKCA-1955-7,05,SRC030,statute_to_curated_topic,candidate
commonlii-LKCA-1955-7,09,SRC030,statute_to_curated_topic,candidate
commonlii-LKCA-1955-7,17,SRC030,statute_to_curated_topic,candidate
commonlii-LKCA-1955-74,05,SRC030,statute_to_curated_topic,candidate
commonlii-LKCA-1955-74,09,SRC030,statute_to_curated_topic,candidate
commonlii-LKCA-1955-74,17,SRC030,statute_to_curated_topic,candidate
commonlii-LKCA-1955-77,09,SRC071,statute_to_curated_topic,candidate
commonlii-LKCA-1955-77,18,SRC071,statute_to_curated_topic,candidate
commonlii-LKCA-1955-8,05,SRC030,statute_to_curated_topic,candidate
commonlii-LKCA-1955-8,09,SRC030,statute_to_curated_topic,candidate
commonlii-LKCA-1955-8,17,SRC030,statute_to_curated_topic,candidate
commonlii-LKCA-1956-1,05,SRC030,statute_to_curated_topic,candidate
commonlii-LKCA-1956-1,09,SRC030,statute_to_curated_topic,candidate
commonlii-LKCA-1956-1,17,SRC030,statute_to_curated_topic,candidate
commonlii-LKCA-1956-11,05,SRC030,statute_to_curated_topic,candidate
commonlii-LKCA-1956-11,09,SRC030,statute_to_curated_topic,candidate
commonlii-LKCA-1956-11,17,SRC030,statute_to_curated_topic,candidate
commonlii-LKCA-1956-13,05,SRC030,statute_to_curated_topic,candidate
commonlii-LKCA-1956-13,09,SRC030,statute_to_curated_topic,candidate
commonlii-LKCA-1956-13,09,SRC071,statute_to_curated_topic,candidate
commonlii-LKCA-1956-13,17,SRC030,statute_to_curated_topic,candidate
commonlii-LKCA-1956-13,17,SRC064,statute_to_curated_topic,candidate
commonlii-LKCA-1956-13,18,SRC071,statute_to_curated_topic,candidate
commonlii-LKCA-1956-14,05,SRC030,statute_to_curated_topic,candidate
commonlii-LKCA-1956-14,09,SRC030,statute_to_curated_topic,candidate
commonlii-LKCA-1956-14,15,SRC059,statute_to_curated_topic,candidate
commonlii-LKCA-1956-14,17,SRC030,statute_to_curated_topic,candidate
commonlii-LKCA-1956-15,05,SRC030,statute_to_curated_topic,candidate
commonlii-LKCA-1956-15,09,SRC030,statute_to_curated_topic,candidate
commonlii-LKCA-1956-15,17,SRC030,statute_to_curated_topic,candidate
commonlii-LKCA-1956-16,05,SRC030,statute_to_curated_topic,candidate
commonlii-LKCA-1956-16,09,SRC030,statute_to_curated_topic,candidate
commonlii-LKCA-1956-16,17,SRC030,statute_to_curated_topic,candidate
commonlii-LKCA-1956-17,05,SRC030,statute_to_curated_topic,candidate
commonlii-LKCA-1956-17,09,SRC030,statute_to_curated_topic,candidate
commonlii-LKCA-1956-17,17,SRC030,statute_to_curated_topic,candidate
commonlii-LKCA-1956-18,02,SRC005,statute_to_curated_topic,candidate
commonlii-LKCA-1956-18,05,SRC005,statute_to_curated_topic,candidate
commonlii-LKCA-1956-18,05,SRC030,statute_to_curated_topic,candidate
commonlii-LKCA-1956-18,06,SRC005,statute_to_curated_topic,candidate
commonlii-LKCA-1956-18,09,SRC030,statute_to_curated_topic,candidate
commonlii-LKCA-1956-18,17,SRC005,statute_to_curated_topic,candidate
commonlii-LKCA-1956-18,17,SRC030,statute_to_curated_topic,candidate
commonlii-LKCA-1956-20,05,SRC030,statute_to_curated_topic,candidate
commonlii-LKCA-1956-20,09,SRC030,statute_to_curated_topic,candidate
commonlii-LKCA-1956-20,17,SRC030,statute_to_curated_topic,candidate
commonlii-LKCA-1956-22,05,SRC030,statute_to_curated_topic,candidate
commonlii-LKCA-1956-22,09,SRC030,statute_to_curated_topic,candidate
commonlii-LKCA-1956-22,17,SRC030,statute_to_curated_topic,candidate
commonlii-LKCA-1956-23,05,SRC030,statute_to_curated_topic,candidate
commonlii-LKCA-1956-23,09,SRC030,statute_to_curated_topic,candidate
commonlii-LKCA-1956-23,09,SRC042,statute_to_curated_topic,candidate
commonlii-LKCA-1956-23,16,SRC042,statute_to_curated_topic,candidate
commonlii-LKCA-1956-23,16,SRC061,statute_to_curated_topic,candidate
commonlii-LKCA-1956-23,17,SRC030,statute_to_curated_topic,candidate
commonlii-LKCA-1956-26,05,SRC030,statute_to_curated_topic,candidate
commonlii-LKCA-1956-26,09,SRC030,statute_to_curated_topic,candidate
commonlii-LKCA-1956-26,17,SRC030,statute_to_curated_topic,candidate
commonlii-LKCA-1956-28,05,SRC030,statute_to_curated_topic,candidate
commonlii-LKCA-1956-28,09,SRC030,statute_to_curated_topic,candidate
commonlii-LKCA-1956-28,17,SRC030,statute_to_curated_topic,candidate
commonlii-LKCA-1956-31,05,SRC029,statute_to_curated_topic,candidate
commonlii-LKCA-1956-37,05,SRC014,statute_to_curated_topic,candidate
commonlii-LKCA-1956-37,05,SRC029,statute_to_curated_topic,candidate
commonlii-LKCA-1956-37,06,SRC014,statute_to_curated_topic,candidate
commonlii-LKCA-1956-37,08,SRC014,statute_to_curated_topic,candidate
commonlii-LKCA-1956-37,17,SRC014,statute_to_curated_topic,candidate
commonlii-LKCA-1956-37,20,SRC014,statute_to_curated_topic,candidate
commonlii-LKCA-1956-38,05,SRC029,statute_to_curated_topic,candidate
commonlii-LKCA-1956-47,05,SRC014,statute_to_curated_topic,candidate
commonlii-LKCA-1956-47,05,SRC029,statute_to_curated_topic,candidate
commonlii-LKCA-1956-47,06,SRC014,statute_to_curated_topic,candidate
commonlii-LKCA-1956-47,08,SRC014,statute_to_curated_topic,candidate
commonlii-LKCA-1956-47,17,SRC014,statute_to_curated_topic,candidate
commonlii-LKCA-1956-47,20,SRC014,statute_to_curated_topic,candidate
commonlii-LKCA-1956-49,01,SRC001,statute_to_curated_topic,candidate
commonlii-LKCA-1956-49,05,SRC001,statute_to_curated_topic,candidate
commonlii-LKCA-1956-49,05,SRC029,statute_to_curated_topic,candidate
commonlii-LKCA-1956-49,06,SRC001,statute_to_curated_topic,candidate
commonlii-LKCA-1956-49,17,SRC001,statute_to_curated_topic,candidate
commonlii-LKCA-1956-50,05,SRC029,statute_to_curated_topic,candidate
commonlii-LKCA-1956-50,09,SRC071,statute_to_curated_topic,candidate
commonlii-LKCA-1956-50,18,SRC071,statute_to_curated_topic,candidate
commonlii-LKCA-1956-52,05,SRC029,statute_to_curated_topic,candidate
commonlii-LKCA-1956-60,02,SRC005,statute_to_curated_topic,candidate
commonlii-LKCA-1956-60,05,SRC005,statute_to_curated_topic,candidate
commonlii-LKCA-1956-60,06,SRC005,statute_to_curated_topic,candidate
commonlii-LKCA-1956-60,17,SRC005,statute_to_curated_topic,candidate
commonlii-LKCA-1956-62,09,SRC071,statute_to_curated_topic,candidate
commonlii-LKCA-1956-62,18,SRC071,statute_to_curated_topic,candidate
commonlii-LKCA-1956-69,01,SRC001,statute_to_curated_topic,candidate
commonlii-LKCA-1956-69,05,SRC001,statute_to_curated_topic,candidate
commonlii-LKCA-1956-69,06,SRC001,statute_to_curated_topic,candidate
commonlii-LKCA-1956-69,17,SRC001,statute_to_curated_topic,candidate
commonlii-LKCA-1956-7,05,SRC029,statute_to_curated_topic,candidate
commonlii-LKCA-1956-7,05,SRC030,statute_to_curated_topic,candidate
commonlii-LKCA-1956-7,09,SRC030,statute_to_curated_topic,candidate
commonlii-LKCA-1956-7,17,SRC030,statute_to_curated_topic,candidate
commonlii-LKCA-1956-79,15,SRC059,statute_to_curated_topic,candidate
commonlii-LKCA-1956-90,15,SRC059,statute_to_curated_topic,candidate
commonlii-LKCA-1956-92,10,SRC048,statute_to_curated_topic,candidate
commonlii-LKCA-1957-102,01,SRC004,statute_to_curated_topic,candidate
commonlii-LKCA-1957-102,05,SRC004,statute_to_curated_topic,candidate
commonlii-LKCA-1957-102,09,SRC004,statute_to_curated_topic,candidate
commonlii-LKCA-1957-15,05,SRC029,statute_to_curated_topic,candidate
commonlii-LKCA-1957-16,05,SRC029,statute_to_curated_topic,candidate
commonlii-LKCA-1957-16,12,SRC051,statute_to_curated_topic,candidate
commonlii-LKCA-1957-18,09,SRC071,statute_to_curated_topic,candidate
commonlii-LKCA-1957-18,11,SRC049,statute_to_curated_topic,candidate
commonlii-LKCA-1957-18,18,SRC071,statute_to_curated_topic,candidate
commonlii-LKCA-1957-18,20,SRC049,statute_to_curated_topic,candidate
commonlii-LKCA-1957-19,09,SRC071,statute_to_curated_topic,candidate
commonlii-LKCA-1957-19,11,SRC049,statute_to_curated_topic,candidate
commonlii-LKCA-1957-19,18,SRC071,statute_to_curated_topic,candidate
commonlii-LKCA-1957-19,20,SRC049,statute_to_curated_topic,candidate
commonlii-LKCA-1957-2,05,SRC029,statute_to_curated_topic,candidate
commonlii-LKCA-1957-24,05,SRC030,statute_to_curated_topic,candidate
commonlii-LKCA-1957-24,09,SRC030,statute_to_curated_topic,candidate
commonlii-LKCA-1957-24,17,SRC030,statute_to_curated_topic,candidate
commonlii-LKCA-1957-27,05,SRC029,statute_to_curated_topic,candidate
commonlii-LKCA-1957-27,05,SRC030,statute_to_curated_topic,candidate
commonlii-LKCA-1957-27,09,SRC030,statute_to_curated_topic,candidate
commonlii-LKCA-1957-27,17,SRC030,statute_to_curated_topic,candidate
commonlii-LKCA-1957-28,05,SRC030,statute_to_curated_topic,candidate
commonlii-LKCA-1957-28,09,SRC030,statute_to_curated_topic,candidate
commonlii-LKCA-1957-28,17,SRC030,statute_to_curated_topic,candidate
commonlii-LKCA-1957-29,05,SRC030,statute_to_curated_topic,candidate
commonlii-LKCA-1957-29,09,SRC030,statute_to_curated_topic,candidate
commonlii-LKCA-1957-29,17,SRC030,statute_to_curated_topic,candidate
commonlii-LKCA-1957-29,17,SRC064,statute_to_curated_topic,candidate
commonlii-LKCA-1957-30,05,SRC030,statute_to_curated_topic,candidate
commonlii-LKCA-1957-30,09,SRC030,statute_to_curated_topic,candidate
commonlii-LKCA-1957-30,17,SRC030,statute_to_curated_topic,candidate
commonlii-LKCA-1957-36,05,SRC030,statute_to_curated_topic,candidate
commonlii-LKCA-1957-36,09,SRC030,statute_to_curated_topic,candidate
commonlii-LKCA-1957-36,09,SRC071,statute_to_curated_topic,candidate
commonlii-LKCA-1957-36,17,SRC030,statute_to_curated_topic,candidate
commonlii-LKCA-1957-36,18,SRC071,statute_to_curated_topic,candidate
commonlii-LKCA-1957-40,01,SRC001,statute_to_curated_topic,candidate
commonlii-LKCA-1957-40,05,SRC001,statute_to_curated_topic,candidate
commonlii-LKCA-1957-40,05,SRC014,statute_to_curated_topic,candidate
commonlii-LKCA-1957-40,05,SRC030,statute_to_curated_topic,candidate
commonlii-LKCA-1957-40,06,SRC001,statute_to_curated_topic,candidate
commonlii-LKCA-1957-40,06,SRC014,statute_to_curated_topic,candidate
commonlii-LKCA-1957-40,08,SRC014,statute_to_curated_topic,candidate
commonlii-LKCA-1957-40,09,SRC030,statute_to_curated_topic,candidate
commonlii-LKCA-1957-40,17,SRC001,statute_to_curated_topic,candidate
commonlii-LKCA-1957-40,17,SRC014,statute_to_curated_topic,candidate
commonlii-LKCA-1957-40,17,SRC030,statute_to_curated_topic,candidate
commonlii-LKCA-1957-40,20,SRC014,statute_to_curated_topic,candidate
commonlii-LKCA-1957-43,05,SRC030,statute_to_curated_topic,candidate
commonlii-LKCA-1957-43,09,SRC030,statute_to_curated_topic,candidate
commonlii-LKCA-1957-43,17,SRC030,statute_to_curated_topic,candidate
commonlii-LKCA-1957-46,05,SRC030,statute_to_curated_topic,candidate
commonlii-LKCA-1957-46,09,SRC030,statute_to_curated_topic,candidate
commonlii-LKCA-1957-46,17,SRC030,statute_to_curated_topic,candidate
commonlii-LKCA-1957-5,05,SRC030,statute_to_curated_topic,candidate
commonlii-LKCA-1957-5,09,SRC030,statute_to_curated_topic,candidate
commonlii-LKCA-1957-5,17,SRC030,statute_to_curated_topic,candidate
commonlii-LKCA-1957-50,05,SRC029,statute_to_curated_topic,candidate
commonlii-LKCA-1957-51,01,SRC001,statute_to_curated_topic,candidate
commonlii-LKCA-1957-51,02,SRC005,statute_to_curated_topic,candidate
commonlii-LKCA-1957-51,05,SRC001,statute_to_curated_topic,candidate
commonlii-LKCA-1957-51,05,SRC005,statute_to_curated_topic,candidate
commonlii-LKCA-1957-51,06,SRC001,statute_to_curated_topic,candidate
commonlii-LKCA-1957-51,06,SRC005,statute_to_curated_topic,candidate
commonlii-LKCA-1957-51,15,SRC059,statute_to_curated_topic,candidate
commonlii-LKCA-1957-51,17,SRC001,statute_to_curated_topic,candidate
commonlii-LKCA-1957-51,17,SRC005,statute_to_curated_topic,candidate
commonlii-LKCA-1957-58,09,SRC071,statute_to_curated_topic,candidate
commonlii-LKCA-1957-58,15,SRC059,statute_to_curated_topic,candidate
commonlii-LKCA-1957-58,18,SRC071,statute_to_curated_topic,candidate
commonlii-LKCA-1957-63,05,SRC024,statute_to_curated_topic,candidate
commonlii-LKCA-1957-63,14,SRC024,statute_to_curated_topic,candidate
commonlii-LKCA-1957-63,17,SRC024,statute_to_curated_topic,candidate
commonlii-LKCA-1957-64,01,SRC001,statute_to_curated_topic,candidate
commonlii-LKCA-1957-64,05,SRC001,statute_to_curated_topic,candidate
commonlii-LKCA-1957-64,05,SRC029,statute_to_curated_topic,candidate
commonlii-LKCA-1957-64,06,SRC001,statute_to_curated_topic,candidate
commonlii-LKCA-1957-64,17,SRC001,statute_to_curated_topic,candidate
commonlii-LKCA-1957-65,05,SRC029,statute_to_curated_topic,candidate
commonlii-LKCA-1957-68,15,SRC059,statute_to_curated_topic,candidate
commonlii-LKCA-1957-69,01,SRC001,statute_to_curated_topic,candidate
commonlii-LKCA-1957-69,02,SRC005,statute_to_curated_topic,candidate
commonlii-LKCA-1957-69,02,SRC077,statute_to_curated_topic,candidate
commonlii-LKCA-1957-69,05,SRC001,statute_to_curated_topic,candidate
commonlii-LKCA-1957-69,05,SRC005,statute_to_curated_topic,candidate
commonlii-LKCA-1957-69,05,SRC024,statute_to_curated_topic,candidate
commonlii-LKCA-1957-69,06,SRC001,statute_to_curated_topic,candidate
commonlii-LKCA-1957-69,06,SRC005,statute_to_curated_topic,candidate
commonlii-LKCA-1957-69,09,SRC077,statute_to_curated_topic,candidate
commonlii-LKCA-1957-69,14,SRC024,statute_to_curated_topic,candidate
commonlii-LKCA-1957-69,17,SRC001,statute_to_curated_topic,candidate
commonlii-LKCA-1957-69,17,SRC005,statute_to_curated_topic,candidate
commonlii-LKCA-1957-69,17,SRC024,statute_to_curated_topic,candidate
commonlii-LKCA-1957-69,17,SRC077,statute_to_curated_topic,candidate
commonlii-LKCA-1957-69,18,SRC077,statute_to_curated_topic,candidate
commonlii-LKCA-1957-72,02,SRC005,statute_to_curated_topic,candidate
commonlii-LKCA-1957-72,05,SRC005,statute_to_curated_topic,candidate
commonlii-LKCA-1957-72,06,SRC005,statute_to_curated_topic,candidate
commonlii-LKCA-1957-72,17,SRC005,statute_to_curated_topic,candidate
commonlii-LKCA-1957-75,12,SRC051,statute_to_curated_topic,candidate
commonlii-LKCA-1957-76,12,SRC050,statute_to_curated_topic,candidate
commonlii-LKCA-1957-76,20,SRC050,statute_to_curated_topic,candidate
commonlii-LKCA-1957-77,01,SRC001,statute_to_curated_topic,candidate
commonlii-LKCA-1957-77,05,SRC001,statute_to_curated_topic,candidate
commonlii-LKCA-1957-77,06,SRC001,statute_to_curated_topic,candidate
commonlii-LKCA-1957-77,17,SRC001,statute_to_curated_topic,candidate
commonlii-LKCA-1957-91,05,SRC030,statute_to_curated_topic,candidate
commonlii-LKCA-1957-91,09,SRC030,statute_to_curated_topic,candidate
commonlii-LKCA-1957-91,17,SRC030,statute_to_curated_topic,candidate
commonlii-LKCA-1957-93,09,SRC071,statute_to_curated_topic,candidate
commonlii-LKCA-1957-93,18,SRC071,statute_to_curated_topic,candidate
commonlii-LKCA-1958-11,11,SRC049,statute_to_curated_topic,candidate
commonlii-LKCA-1958-11,15,SRC059,statute_to_curated_topic,candidate
commonlii-LKCA-1958-11,20,SRC049,statute_to_curated_topic,candidate
commonlii-LKCA-1958-12,11,SRC049,statute_to_curated_topic,candidate
commonlii-LKCA-1958-12,20,SRC049,statute_to_curated_topic,candidate
commonlii-LKCA-1958-13,15,SRC059,statute_to_curated_topic,candidate
commonlii-LKCA-1958-14,11,SRC049,statute_to_curated_topic,candidate
commonlii-LKCA-1958-14,15,SRC059,statute_to_curated_topic,candidate
commonlii-LKCA-1958-14,20,SRC049,statute_to_curated_topic,candidate
commonlii-LKCA-1958-15,05,SRC029,statute_to_curated_topic,candidate
commonlii-LKCA-1958-15,05,SRC030,statute_to_curated_topic,candidate
commonlii-LKCA-1958-15,09,SRC030,statute_to_curated_topic,candidate
commonlii-LKCA-1958-15,15,SRC059,statute_to_curated_topic,candidate
commonlii-LKCA-1958-15,17,SRC030,statute_to_curated_topic,candidate
commonlii-LKCA-1958-17,02,SRC005,statute_to_curated_topic,candidate
commonlii-LKCA-1958-17,05,SRC005,statute_to_curated_topic,candidate
commonlii-LKCA-1958-17,05,SRC030,statute_to_curated_topic,candidate
commonlii-LKCA-1958-17,06,SRC005,statute_to_curated_topic,candidate
commonlii-LKCA-1958-17,09,SRC030,statute_to_curated_topic,candidate
commonlii-LKCA-1958-17,17,SRC005,statute_to_curated_topic,candidate
commonlii-LKCA-1958-17,17,SRC030,statute_to_curated_topic,candidate
commonlii-LKCA-1958-18,05,SRC030,statute_to_curated_topic,candidate
commonlii-LKCA-1958-18,09,SRC030,statute_to_curated_topic,candidate
commonlii-LKCA-1958-18,12,SRC050,statute_to_curated_topic,candidate
commonlii-LKCA-1958-18,12,SRC051,statute_to_curated_topic,candidate
commonlii-LKCA-1958-18,17,SRC030,statute_to_curated_topic,candidate
commonlii-LKCA-1958-18,20,SRC050,statute_to_curated_topic,candidate
commonlii-LKCA-1958-19,02,SRC005,statute_to_curated_topic,candidate
commonlii-LKCA-1958-19,05,SRC005,statute_to_curated_topic,candidate
commonlii-LKCA-1958-19,05,SRC030,statute_to_curated_topic,candidate
commonlii-LKCA-1958-19,06,SRC005,statute_to_curated_topic,candidate
commonlii-LKCA-1958-19,09,SRC030,statute_to_curated_topic,candidate
commonlii-LKCA-1958-19,17,SRC005,statute_to_curated_topic,candidate
commonlii-LKCA-1958-19,17,SRC030,statute_to_curated_topic,candidate
commonlii-LKCA-1958-2,05,SRC029,statute_to_curated_topic,candidate
commonlii-LKCA-1958-2,05,SRC030,statute_to_curated_topic,candidate
commonlii-LKCA-1958-2,09,SRC030,statute_to_curated_topic,candidate
commonlii-LKCA-1958-2,11,SRC049,statute_to_curated_topic,candidate
commonlii-LKCA-1958-2,12,SRC051,statute_to_curated_topic,candidate
commonlii-LKCA-1958-2,17,SRC030,statute_to_curated_topic,candidate
commonlii-LKCA-1958-2,20,SRC049,statute_to_curated_topic,candidate
commonlii-LKCA-1958-20,05,SRC030,statute_to_curated_topic,candidate
commonlii-LKCA-1958-20,09,SRC030,statute_to_curated_topic,candidate
commonlii-LKCA-1958-20,17,SRC030,statute_to_curated_topic,candidate
commonlii-LKCA-1958-20,17,SRC064,statute_to_curated_topic,candidate
commonlii-LKCA-1958-21,05,SRC030,statute_to_curated_topic,candidate
commonlii-LKCA-1958-21,09,SRC030,statute_to_curated_topic,candidate
commonlii-LKCA-1958-21,17,SRC030,statute_to_curated_topic,candidate
commonlii-LKCA-1958-22,05,SRC030,statute_to_curated_topic,candidate
commonlii-LKCA-1958-22,09,SRC030,statute_to_curated_topic,candidate
commonlii-LKCA-1958-22,17,SRC030,statute_to_curated_topic,candidate
commonlii-LKCA-1958-23,05,SRC030,statute_to_curated_topic,candidate
commonlii-LKCA-1958-23,09,SRC030,statute_to_curated_topic,candidate
commonlii-LKCA-1958-23,17,SRC030,statute_to_curated_topic,candidate
commonlii-LKCA-1958-25,05,SRC030,statute_to_curated_topic,candidate
commonlii-LKCA-1958-25,09,SRC030,statute_to_curated_topic,candidate
commonlii-LKCA-1958-25,17,SRC030,statute_to_curated_topic,candidate
commonlii-LKCA-1958-28,05,SRC030,statute_to_curated_topic,candidate
commonlii-LKCA-1958-28,09,SRC030,statute_to_curated_topic,candidate
commonlii-LKCA-1958-28,09,SRC071,statute_to_curated_topic,candidate
commonlii-LKCA-1958-28,17,SRC030,statute_to_curated_topic,candidate
commonlii-LKCA-1958-28,18,SRC071,statute_to_curated_topic,candidate
commonlii-LKCA-1958-30,05,SRC030,statute_to_curated_topic,candidate
commonlii-LKCA-1958-30,09,SRC030,statute_to_curated_topic,candidate
commonlii-LKCA-1958-30,17,SRC030,statute_to_curated_topic,candidate
commonlii-LKCA-1958-30,17,SRC064,statute_to_curated_topic,candidate
commonlii-LKCA-1958-33,09,SRC071,statute_to_curated_topic,candidate
commonlii-LKCA-1958-33,18,SRC071,statute_to_curated_topic,candidate
commonlii-LKCA-1958-34,09,SRC071,statute_to_curated_topic,candidate
commonlii-LKCA-1958-34,18,SRC071,statute_to_curated_topic,candidate
commonlii-LKCA-1958-35,02,SRC005,statute_to_curated_topic,candidate
commonlii-LKCA-1958-35,05,SRC005,statute_to_curated_topic,candidate
commonlii-LKCA-1958-35,06,SRC005,statute_to_curated_topic,candidate
commonlii-LKCA-1958-35,17,SRC005,statute_to_curated_topic,candidate
commonlii-LKCA-1958-4,02,SRC005,statute_to_curated_topic,candidate
commonlii-LKCA-1958-4,05,SRC005,statute_to_curated_topic,candidate
commonlii-LKCA-1958-4,06,SRC005,statute_to_curated_topic,candidate
commonlii-LKCA-1958-4,09,SRC071,statute_to_curated_topic,candidate
commonlii-LKCA-1958-4,17,SRC005,statute_to_curated_topic,candidate
commonlii-LKCA-1958-4,18,SRC071,statute_to_curated_topic,candidate
commonlii-LKCA-1958-40,01,SRC001,statute_to_curated_topic,candidate
commonlii-LKCA-1958-40,05,SRC001,statute_to_curated_topic,candidate
commonlii-LKCA-1958-40,05,SRC014,statute_to_curated_topic,candidate
commonlii-LKCA-1958-40,06,SRC001,statute_to_curated_topic,candidate
commonlii-LKCA-1958-40,06,SRC014,statute_to_curated_topic,candidate
commonlii-LKCA-1958-40,08,SRC014,statute_to_curated_topic,candidate
commonlii-LKCA-1958-40,17,SRC001,statute_to_curated_topic,candidate
commonlii-LKCA-1958-40,17,SRC014,statute_to_curated_topic,candidate
commonlii-LKCA-1958-40,20,SRC014,statute_to_curated_topic,candidate
commonlii-LKCA-1958-44,05,SRC029,statute_to_curated_topic,candidate
commonlii-LKCA-1958-46,05,SRC029,statute_to_curated_topic,candidate
commonlii-LKCA-1958-47,12,SRC054,statute_to_curated_topic,candidate
commonlii-LKCA-1958-48,05,SRC030,statute_to_curated_topic,candidate
commonlii-LKCA-1958-48,09,SRC030,statute_to_curated_topic,candidate
commonlii-LKCA-1958-48,15,SRC059,statute_to_curated_topic,candidate
commonlii-LKCA-1958-48,17,SRC030,statute_to_curated_topic,candidate
commonlii-LKCA-1958-50,01,SRC001,statute_to_curated_topic,candidate
commonlii-LKCA-1958-50,05,SRC001,statute_to_curated_topic,candidate
commonlii-LKCA-1958-50,06,SRC001,statute_to_curated_topic,candidate
commonlii-LKCA-1958-50,15,SRC059,statute_to_curated_topic,candidate
commonlii-LKCA-1958-50,17,SRC001,statute_to_curated_topic,candidate
commonlii-LKCA-1958-52,12,SRC051,statute_to_curated_topic,candidate
commonlii-LKCA-1958-61,09,SRC071,statute_to_curated_topic,candidate
commonlii-LKCA-1958-61,18,SRC071,statute_to_curated_topic,candidate
commonlii-LKCA-1958-62,05,SRC030,statute_to_curated_topic,candidate
commonlii-LKCA-1958-62,09,SRC030,statute_to_curated_topic,candidate
commonlii-LKCA-1958-62,17,SRC030,statute_to_curated_topic,candidate
commonlii-LKCA-1958-64,05,SRC030,statute_to_curated_topic,candidate
commonlii-LKCA-1958-64,09,SRC030,statute_to_curated_topic,candidate
commonlii-LKCA-1958-64,17,SRC030,statute_to_curated_topic,candidate
commonlii-LKCA-1958-67,09,SRC071,statute_to_curated_topic,candidate
commonlii-LKCA-1958-67,18,SRC071,statute_to_curated_topic,candidate
commonlii-LKCA-1958-68,09,SRC071,statute_to_curated_topic,candidate
commonlii-LKCA-1958-68,18,SRC071,statute_to_curated_topic,candidate
commonlii-LKCA-1958-7,05,SRC030,statute_to_curated_topic,candidate
commonlii-LKCA-1958-7,09,SRC030,statute_to_curated_topic,candidate
commonlii-LKCA-1958-7,17,SRC030,statute_to_curated_topic,candidate
commonlii-LKCA-1958-71,05,SRC030,statute_to_curated_topic,candidate
commonlii-LKCA-1958-71,09,SRC030,statute_to_curated_topic,candidate
commonlii-LKCA-1958-71,17,SRC030,statute_to_curated_topic,candidate
commonlii-LKCA-1958-72,02,SRC005,statute_to_curated_topic,candidate
commonlii-LKCA-1958-72,05,SRC005,statute_to_curated_topic,candidate
commonlii-LKCA-1958-72,06,SRC005,statute_to_curated_topic,candidate
commonlii-LKCA-1958-72,17,SRC005,statute_to_curated_topic,candidate
commonlii-LKCA-1958-73,09,SRC071,statute_to_curated_topic,candidate
commonlii-LKCA-1958-73,18,SRC071,statute_to_curated_topic,candidate
commonlii-LKCA-1958-74,09,SRC071,statute_to_curated_topic,candidate
commonlii-LKCA-1958-74,18,SRC071,statute_to_curated_topic,candidate
commonlii-LKCA-1959-1,05,SRC030,statute_to_curated_topic,candidate
commonlii-LKCA-1959-1,09,SRC030,statute_to_curated_topic,candidate
commonlii-LKCA-1959-1,17,SRC030,statute_to_curated_topic,candidate
commonlii-LKCA-1959-10,09,SRC071,statute_to_curated_topic,candidate
commonlii-LKCA-1959-10,18,SRC071,statute_to_curated_topic,candidate
commonlii-LKCA-1959-16,05,SRC030,statute_to_curated_topic,candidate
commonlii-LKCA-1959-16,09,SRC030,statute_to_curated_topic,candidate
commonlii-LKCA-1959-16,17,SRC030,statute_to_curated_topic,candidate
commonlii-LKCA-1959-17,05,SRC030,statute_to_curated_topic,candidate
commonlii-LKCA-1959-17,09,SRC030,statute_to_curated_topic,candidate
commonlii-LKCA-1959-17,17,SRC030,statute_to_curated_topic,candidate
commonlii-LKCA-1959-18,01,SRC001,statute_to_curated_topic,candidate
commonlii-LKCA-1959-18,05,SRC001,statute_to_curated_topic,candidate
commonlii-LKCA-1959-18,06,SRC001,statute_to_curated_topic,candidate
commonlii-LKCA-1959-18,17,SRC001,statute_to_curated_topic,candidate
commonlii-LKCA-1959-19,05,SRC029,statute_to_curated_topic,candidate
commonlii-LKCA-1959-19,11,SRC049,statute_to_curated_topic,candidate
commonlii-LKCA-1959-19,20,SRC049,statute_to_curated_topic,candidate
commonlii-LKCA-1959-21,05,SRC030,statute_to_curated_topic,candidate
commonlii-LKCA-1959-21,09,SRC030,statute_to_curated_topic,candidate
commonlii-LKCA-1959-21,17,SRC030,statute_to_curated_topic,candidate
commonlii-LKCA-1959-27,01,SRC001,statute_to_curated_topic,candidate
commonlii-LKCA-1959-27,05,SRC001,statute_to_curated_topic,candidate
commonlii-LKCA-1959-27,05,SRC030,statute_to_curated_topic,candidate
commonlii-LKCA-1959-27,06,SRC001,statute_to_curated_topic,candidate
commonlii-LKCA-1959-27,09,SRC030,statute_to_curated_topic,candidate
commonlii-LKCA-1959-27,17,SRC001,statute_to_curated_topic,candidate
commonlii-LKCA-1959-27,17,SRC030,statute_to_curated_topic,candidate
commonlii-LKCA-1959-3,05,SRC030,statute_to_curated_topic,candidate
commonlii-LKCA-1959-3,09,SRC030,statute_to_curated_topic,candidate
commonlii-LKCA-1959-3,17,SRC030,statute_to_curated_topic,candidate
commonlii-LKCA-1959-31,05,SRC030,statute_to_curated_topic,candidate
commonlii-LKCA-1959-31,09,SRC030,statute_to_curated_topic,candidate
commonlii-LKCA-1959-31,17,SRC030,statute_to_curated_topic,candidate
commonlii-LKCA-1959-37,17,SRC064,statute_to_curated_topic,candidate
commonlii-LKCA-1959-38,05,SRC029,statute_to_curated_topic,candidate
commonlii-LKCA-1959-38,09,SRC071,statute_to_curated_topic,candidate
commonlii-LKCA-1959-38,18,SRC071,statute_to_curated_topic,candidate
commonlii-LKCA-1959-40,05,SRC030,statute_to_curated_topic,candidate
commonlii-LKCA-1959-40,09,SRC030,statute_to_curated_topic,candidate
commonlii-LKCA-1959-40,09,SRC040,statute_to_curated_topic,candidate
commonlii-LKCA-1959-40,17,SRC030,statute_to_curated_topic,candidate
commonlii-LKCA-1959-50,09,SRC071,statute_to_curated_topic,candidate
commonlii-LKCA-1959-50,18,SRC071,statute_to_curated_topic,candidate
commonlii-LKCA-1959-52,02,SRC005,statute_to_curated_topic,candidate
commonlii-LKCA-1959-52,02,SRC078,statute_to_curated_topic,candidate
commonlii-LKCA-1959-52,05,SRC005,statute_to_curated_topic,candidate
commonlii-LKCA-1959-52,05,SRC029,statute_to_curated_topic,candidate
commonlii-LKCA-1959-52,06,SRC005,statute_to_curated_topic,candidate
commonlii-LKCA-1959-52,09,SRC071,statute_to_curated_topic,candidate
commonlii-LKCA-1959-52,09,SRC078,statute_to_curated_topic,candidate
commonlii-LKCA-1959-52,17,SRC005,statute_to_curated_topic,candidate
commonlii-LKCA-1959-52,17,SRC078,statute_to_curated_topic,candidate
commonlii-LKCA-1959-52,18,SRC071,statute_to_curated_topic,candidate
commonlii-LKCA-1959-52,18,SRC078,statute_to_curated_topic,candidate
commonlii-LKCA-1959-53,05,SRC030,statute_to_curated_topic,candidate
commonlii-LKCA-1959-53,09,SRC030,statute_to_curated_topic,candidate
commonlii-LKCA-1959-53,17,SRC030,statute_to_curated_topic,candidate
commonlii-LKCA-1959-55,09,SRC071,statute_to_curated_topic,candidate
commonlii-LKCA-1959-55,18,SRC071,statute_to_curated_topic,candidate
commonlii-LKCA-1959-56,05,SRC030,statute_to_curated_topic,candidate
commonlii-LKCA-1959-56,09,SRC030,statute_to_curated_topic,candidate
commonlii-LKCA-1959-56,17,SRC030,statute_to_curated_topic,candidate
commonlii-LKCA-1959-68,09,SRC071,statute_to_curated_topic,candidate
commonlii-LKCA-1959-68,17,SRC064,statute_to_curated_topic,candidate
commonlii-LKCA-1959-68,18,SRC071,statute_to_curated_topic,candidate
commonlii-LKCA-1959-69,05,SRC030,statute_to_curated_topic,candidate
commonlii-LKCA-1959-69,09,SRC030,statute_to_curated_topic,candidate
commonlii-LKCA-1959-69,17,SRC030,statute_to_curated_topic,candidate
commonlii-LKCA-1959-7,05,SRC030,statute_to_curated_topic,candidate
commonlii-LKCA-1959-7,09,SRC030,statute_to_curated_topic,candidate
commonlii-LKCA-1959-7,17,SRC030,statute_to_curated_topic,candidate
commonlii-LKCA-1959-73,15,SRC059,statute_to_curated_topic,candidate
commonlii-LKCA-1960-1,05,SRC029,statute_to_curated_topic,candidate
commonlii-LKCA-1960-1,11,SRC049,statute_to_curated_topic,candidate
commonlii-LKCA-1960-1,12,SRC050,statute_to_curated_topic,candidate
commonlii-LKCA-1960-1,12,SRC051,statute_to_curated_topic,candidate
commonlii-LKCA-1960-1,20,SRC049,statute_to_curated_topic,candidate
commonlii-LKCA-1960-1,20,SRC050,statute_to_curated_topic,candidate
commonlii-LKCA-1960-13,05,SRC030,statute_to_curated_topic,candidate
commonlii-LKCA-1960-13,09,SRC030,statute_to_curated_topic,candidate
commonlii-LKCA-1960-13,17,SRC030,statute_to_curated_topic,candidate
commonlii-LKCA-1960-16,05,SRC030,statute_to_curated_topic,candidate
commonlii-LKCA-1960-16,09,SRC030,statute_to_curated_topic,candidate
commonlii-LKCA-1960-16,17,SRC030,statute_to_curated_topic,candidate
commonlii-LKCA-1960-19,05,SRC029,statute_to_curated_topic,candidate
commonlii-LKCA-1960-19,05,SRC030,statute_to_curated_topic,candidate
commonlii-LKCA-1960-19,09,SRC030,statute_to_curated_topic,candidate
commonlii-LKCA-1960-19,11,SRC049,statute_to_curated_topic,candidate
commonlii-LKCA-1960-19,17,SRC030,statute_to_curated_topic,candidate
commonlii-LKCA-1960-19,20,SRC049,statute_to_curated_topic,candidate
commonlii-LKCA-1960-2,05,SRC014,statute_to_curated_topic,candidate
commonlii-LKCA-1960-2,05,SRC030,statute_to_curated_topic,candidate
commonlii-LKCA-1960-2,06,SRC014,statute_to_curated_topic,candidate
commonlii-LKCA-1960-2,08,SRC014,statute_to_curated_topic,candidate
commonlii-LKCA-1960-2,09,SRC030,statute_to_curated_topic,candidate
commonlii-LKCA-1960-2,12,SRC050,statute_to_curated_topic,candidate
commonlii-LKCA-1960-2,12,SRC051,statute_to_curated_topic,candidate
commonlii-LKCA-1960-2,17,SRC014,statute_to_curated_topic,candidate
commonlii-LKCA-1960-2,17,SRC030,statute_to_curated_topic,candidate
commonlii-LKCA-1960-2,20,SRC014,statute_to_curated_topic,candidate
commonlii-LKCA-1960-2,20,SRC050,statute_to_curated_topic,candidate
commonlii-LKCA-1960-22,02,SRC005,statute_to_curated_topic,candidate
commonlii-LKCA-1960-22,05,SRC005,statute_to_curated_topic,candidate
commonlii-LKCA-1960-22,05,SRC030,statute_to_curated_topic,candidate
commonlii-LKCA-1960-22,06,SRC005,statute_to_curated_topic,candidate
commonlii-LKCA-1960-22,09,SRC030,statute_to_curated_topic,candidate
commonlii-LKCA-1960-22,17,SRC005,statute_to_curated_topic,candidate
commonlii-LKCA-1960-22,17,SRC030,statute_to_curated_topic,candidate
commonlii-LKCA-1960-26,05,SRC030,statute_to_curated_topic,candidate
commonlii-LKCA-1960-26,09,SRC030,statute_to_curated_topic,candidate
commonlii-LKCA-1960-26,17,SRC030,statute_to_curated_topic,candidate
commonlii-LKCA-1960-27,05,SRC030,statute_to_curated_topic,candidate
commonlii-LKCA-1960-27,09,SRC030,statute_to_curated_topic,candidate
commonlii-LKCA-1960-27,15,SRC059,statute_to_curated_topic,candidate
commonlii-LKCA-1960-27,17,SRC030,statute_to_curated_topic,candidate
commonlii-LKCA-1960-29,05,SRC030,statute_to_curated_topic,candidate
commonlii-LKCA-1960-29,09,SRC030,statute_to_curated_topic,candidate
commonlii-LKCA-1960-29,17,SRC030,statute_to_curated_topic,candidate
commonlii-LKCA-1960-3,05,SRC014,statute_to_curated_topic,candidate
commonlii-LKCA-1960-3,05,SRC030,statute_to_curated_topic,candidate
commonlii-LKCA-1960-3,06,SRC014,statute_to_curated_topic,candidate
commonlii-LKCA-1960-3,08,SRC014,statute_to_curated_topic,candidate
commonlii-LKCA-1960-3,09,SRC030,statute_to_curated_topic,candidate
commonlii-LKCA-1960-3,17,SRC014,statute_to_curated_topic,candidate
commonlii-LKCA-1960-3,17,SRC030,statute_to_curated_topic,candidate
commonlii-LKCA-1960-3,20,SRC014,statute_to_curated_topic,candidate
commonlii-LKCA-1960-30,05,SRC030,statute_to_curated_topic,candidate
commonlii-LKCA-1960-30,09,SRC030,statute_to_curated_topic,candidate
commonlii-LKCA-1960-30,12,SRC051,statute_to_curated_topic,candidate
commonlii-LKCA-1960-30,17,SRC030,statute_to_curated_topic,candidate
commonlii-LKCA-1960-34,05,SRC030,statute_to_curated_topic,candidate
commonlii-LKCA-1960-34,09,SRC030,statute_to_curated_topic,candidate
commonlii-LKCA-1960-34,09,SRC071,statute_to_curated_topic,candidate
commonlii-LKCA-1960-34,17,SRC030,statute_to_curated_topic,candidate
commonlii-LKCA-1960-34,18,SRC071,statute_to_curated_topic,candidate
commonlii-LKCA-1960-35,05,SRC029,statute_to_curated_topic,candidate
commonlii-LKCA-1960-35,05,SRC030,statute_to_curated_topic,candidate
commonlii-LKCA-1960-35,09,SRC030,statute_to_curated_topic,candidate
commonlii-LKCA-1960-35,17,SRC030,statute_to_curated_topic,candidate
commonlii-LKCA-1960-37,05,SRC030,statute_to_curated_topic,candidate
commonlii-LKCA-1960-37,09,SRC030,statute_to_curated_topic,candidate
commonlii-LKCA-1960-37,17,SRC030,statute_to_curated_topic,candidate
commonlii-LKCA-1960-39,15,SRC059,statute_to_curated_topic,candidate
commonlii-LKCA-1960-41,09,SRC042,statute_to_curated_topic,candidate
commonlii-LKCA-1960-41,16,SRC042,statute_to_curated_topic,candidate
commonlii-LKCA-1960-41,16,SRC061,statute_to_curated_topic,candidate
commonlii-LKCA-1960-43,05,SRC030,statute_to_curated_topic,candidate
commonlii-LKCA-1960-43,09,SRC030,statute_to_curated_topic,candidate
commonlii-LKCA-1960-43,09,SRC071,statute_to_curated_topic,candidate
commonlii-LKCA-1960-43,17,SRC030,statute_to_curated_topic,candidate
commonlii-LKCA-1960-43,18,SRC071,statute_to_curated_topic,candidate
commonlii-LKCA-1960-46,01,SRC001,statute_to_curated_topic,candidate
commonlii-LKCA-1960-46,05,SRC001,statute_to_curated_topic,candidate
commonlii-LKCA-1960-46,05,SRC029,statute_to_curated_topic,candidate
commonlii-LKCA-1960-46,06,SRC001,statute_to_curated_topic,candidate
commonlii-LKCA-1960-46,15,SRC059,statute_to_curated_topic,candidate
commonlii-LKCA-1960-46,17,SRC001,statute_to_curated_topic,candidate
commonlii-LKCA-1960-49,09,SRC071,statute_to_curated_topic,candidate
commonlii-LKCA-1960-49,18,SRC071,statute_to_curated_topic,candidate
commonlii-LKCA-1960-6,05,SRC030,statute_to_curated_topic,candidate
commonlii-LKCA-1960-6,09,SRC030,statute_to_curated_topic,candidate
commonlii-LKCA-1960-6,17,SRC030,statute_to_curated_topic,candidate
commonlii-LKCA-1960-62,09,SRC071,statute_to_curated_topic,candidate
commonlii-LKCA-1960-62,18,SRC071,statute_to_curated_topic,candidate
commonlii-LKCA-1960-64,05,SRC030,statute_to_curated_topic,candidate
commonlii-LKCA-1960-64,09,SRC030,statute_to_curated_topic,candidate
commonlii-LKCA-1960-64,15,SRC059,statute_to_curated_topic,candidate
commonlii-LKCA-1960-64,17,SRC030,statute_to_curated_topic,candidate
commonlii-LKCA-1960-70,01,SRC004,statute_to_curated_topic,candidate
commonlii-LKCA-1960-70,05,SRC004,statute_to_curated_topic,candidate
commonlii-LKCA-1960-70,09,SRC004,statute_to_curated_topic,candidate
commonlii-LKCA-1960-72,15,SRC059,statute_to_curated_topic,candidate
commonlii-LKCA-1961-11,15,SRC059,statute_to_curated_topic,candidate
commonlii-LKCA-1961-12,05,SRC030,statute_to_curated_topic,candidate
commonlii-LKCA-1961-12,09,SRC030,statute_to_curated_topic,candidate
commonlii-LKCA-1961-12,17,SRC030,statute_to_curated_topic,candidate
commonlii-LKCA-1961-14,01,SRC004,statute_to_curated_topic,candidate
commonlii-LKCA-1961-14,05,SRC004,statute_to_curated_topic,candidate
commonlii-LKCA-1961-14,05,SRC030,statute_to_curated_topic,candidate
commonlii-LKCA-1961-14,09,SRC004,statute_to_curated_topic,candidate
commonlii-LKCA-1961-14,09,SRC030,statute_to_curated_topic,candidate
commonlii-LKCA-1961-14,17,SRC030,statute_to_curated_topic,candidate
commonlii-LKCA-1961-15,05,SRC030,statute_to_curated_topic,candidate
commonlii-LKCA-1961-15,09,SRC030,statute_to_curated_topic,candidate
commonlii-LKCA-1961-15,17,SRC030,statute_to_curated_topic,candidate
commonlii-LKCA-1961-16,05,SRC030,statute_to_curated_topic,candidate
commonlii-LKCA-1961-16,09,SRC030,statute_to_curated_topic,candidate
commonlii-LKCA-1961-16,17,SRC030,statute_to_curated_topic,candidate
commonlii-LKCA-1961-23,09,SRC071,statute_to_curated_topic,candidate
commonlii-LKCA-1961-23,18,SRC071,statute_to_curated_topic,candidate
commonlii-LKCA-1961-25,09,SRC071,statute_to_curated_topic,candidate
commonlii-LKCA-1961-25,18,SRC071,statute_to_curated_topic,candidate
commonlii-LKCA-1961-3,05,SRC030,statute_to_curated_topic,candidate
commonlii-LKCA-1961-3,09,SRC030,statute_to_curated_topic,candidate
commonlii-LKCA-1961-3,17,SRC030,statute_to_curated_topic,candidate
commonlii-LKCA-1961-30,01,SRC004,statute_to_curated_topic,candidate
commonlii-LKCA-1961-30,05,SRC004,statute_to_curated_topic,candidate
commonlii-LKCA-1961-30,05,SRC030,statute_to_curated_topic,candidate
commonlii-LKCA-1961-30,09,SRC004,statute_to_curated_topic,candidate
commonlii-LKCA-1961-30,09,SRC030,statute_to_curated_topic,candidate
commonlii-LKCA-1961-30,17,SRC030,statute_to_curated_topic,candidate
commonlii-LKCA-1961-31,05,SRC029,statute_to_curated_topic,candidate
commonlii-LKCA-1961-32,05,SRC029,statute_to_curated_topic,candidate
commonlii-LKCA-1961-33,05,SRC029,statute_to_curated_topic,candidate
commonlii-LKCA-1961-38,05,SRC030,statute_to_curated_topic,candidate
commonlii-LKCA-1961-38,09,SRC030,statute_to_curated_topic,candidate
commonlii-LKCA-1961-38,09,SRC071,statute_to_curated_topic,candidate
commonlii-LKCA-1961-38,17,SRC030,statute_to_curated_topic,candidate
commonlii-LKCA-1961-38,18,SRC071,statute_to_curated_topic,candidate
commonlii-LKCA-1961-49,09,SRC071,statute_to_curated_topic,candidate
commonlii-LKCA-1961-49,17,SRC064,statute_to_curated_topic,candidate
commonlii-LKCA-1961-49,18,SRC071,statute_to_curated_topic,candidate
commonlii-LKCA-1961-52,05,SRC030,statute_to_curated_topic,candidate
commonlii-LKCA-1961-52,09,SRC030,statute_to_curated_topic,candidate
commonlii-LKCA-1961-52,17,SRC030,statute_to_curated_topic,candidate
commonlii-LKCA-1961-53,02,SRC005,statute_to_curated_topic,candidate
commonlii-LKCA-1961-53,05,SRC005,statute_to_curated_topic,candidate
commonlii-LKCA-1961-53,06,SRC005,statute_to_curated_topic,candidate
commonlii-LKCA-1961-53,17,SRC005,statute_to_curated_topic,candidate
commonlii-LKCA-1961-55,15,SRC059,statute_to_curated_topic,candidate
commonlii-LKCA-1962-16,05,SRC030,statute_to_curated_topic,candidate
commonlii-LKCA-1962-16,09,SRC030,statute_to_curated_topic,candidate
commonlii-LKCA-1962-16,17,SRC030,statute_to_curated_topic,candidate
commonlii-LKCA-1962-2,05,SRC030,statute_to_curated_topic,candidate
commonlii-LKCA-1962-2,09,SRC030,statute_to_curated_topic,candidate
commonlii-LKCA-1962-2,17,SRC030,statute_to_curated_topic,candidate
commonlii-LKCA-1962-29,05,SRC030,statute_to_curated_topic,candidate
commonlii-LKCA-1962-29,09,SRC030,statute_to_curated_topic,candidate
commonlii-LKCA-1962-29,17,SRC030,statute_to_curated_topic,candidate
commonlii-LKCA-1962-30,05,SRC030,statute_to_curated_topic,candidate
commonlii-LKCA-1962-30,09,SRC030,statute_to_curated_topic,candidate
commonlii-LKCA-1962-30,17,SRC030,statute_to_curated_topic,candidate
commonlii-LKCA-1962-31,02,SRC005,statute_to_curated_topic,candidate
commonlii-LKCA-1962-31,05,SRC005,statute_to_curated_topic,candidate
commonlii-LKCA-1962-31,05,SRC030,statute_to_curated_topic,candidate
commonlii-LKCA-1962-31,06,SRC005,statute_to_curated_topic,candidate
commonlii-LKCA-1962-31,09,SRC030,statute_to_curated_topic,candidate
commonlii-LKCA-1962-31,17,SRC005,statute_to_curated_topic,candidate
commonlii-LKCA-1962-31,17,SRC030,statute_to_curated_topic,candidate
commonlii-LKCA-1962-34,05,SRC030,statute_to_curated_topic,candidate
commonlii-LKCA-1962-34,09,SRC030,statute_to_curated_topic,candidate
commonlii-LKCA-1962-34,17,SRC030,statute_to_curated_topic,candidate
commonlii-LKCA-1962-35,05,SRC030,statute_to_curated_topic,candidate
commonlii-LKCA-1962-35,09,SRC030,statute_to_curated_topic,candidate
commonlii-LKCA-1962-35,17,SRC030,statute_to_curated_topic,candidate
commonlii-LKCA-1962-35,17,SRC064,statute_to_curated_topic,candidate
commonlii-LKCA-1962-4,05,SRC030,statute_to_curated_topic,candidate
commonlii-LKCA-1962-4,09,SRC030,statute_to_curated_topic,candidate
commonlii-LKCA-1962-4,17,SRC030,statute_to_curated_topic,candidate
commonlii-LKCA-1962-41,02,SRC005,statute_to_curated_topic,candidate
commonlii-LKCA-1962-41,05,SRC005,statute_to_curated_topic,candidate
commonlii-LKCA-1962-41,06,SRC005,statute_to_curated_topic,candidate
commonlii-LKCA-1962-41,17,SRC005,statute_to_curated_topic,candidate
commonlii-LKCA-1962-5,05,SRC030,statute_to_curated_topic,candidate
commonlii-LKCA-1962-5,09,SRC030,statute_to_curated_topic,candidate
commonlii-LKCA-1962-5,17,SRC030,statute_to_curated_topic,candidate
commonlii-LKCA-1962-51,05,SRC029,statute_to_curated_topic,candidate
commonlii-LKCA-1962-52,05,SRC029,statute_to_curated_topic,candidate
commonlii-LKCA-1962-56,05,SRC030,statute_to_curated_topic,candidate
commonlii-LKCA-1962-56,09,SRC030,statute_to_curated_topic,candidate
commonlii-LKCA-1962-56,09,SRC071,statute_to_curated_topic,candidate
commonlii-LKCA-1962-56,17,SRC030,statute_to_curated_topic,candidate
commonlii-LKCA-1962-56,18,SRC071,statute_to_curated_topic,candidate
commonlii-LKCA-1962-6,05,SRC030,statute_to_curated_topic,candidate
commonlii-LKCA-1962-6,09,SRC030,statute_to_curated_topic,candidate
commonlii-LKCA-1962-6,17,SRC030,statute_to_curated_topic,candidate
commonlii-LKCA-1962-66,02,SRC005,statute_to_curated_topic,candidate
commonlii-LKCA-1962-66,05,SRC005,statute_to_curated_topic,candidate
commonlii-LKCA-1962-66,06,SRC005,statute_to_curated_topic,candidate
commonlii-LKCA-1962-66,17,SRC005,statute_to_curated_topic,candidate
commonlii-LKCA-1962-67,01,SRC001,statute_to_curated_topic,candidate
commonlii-LKCA-1962-67,05,SRC001,statute_to_curated_topic,candidate
commonlii-LKCA-1962-67,06,SRC001,statute_to_curated_topic,candidate
commonlii-LKCA-1962-67,15,SRC059,statute_to_curated_topic,candidate
commonlii-LKCA-1962-67,17,SRC001,statute_to_curated_topic,candidate
commonlii-LKCA-1962-68,09,SRC071,statute_to_curated_topic,candidate
commonlii-LKCA-1962-68,18,SRC071,statute_to_curated_topic,candidate
commonlii-LKCA-1962-69,05,SRC030,statute_to_curated_topic,candidate
commonlii-LKCA-1962-69,09,SRC030,statute_to_curated_topic,candidate
commonlii-LKCA-1962-69,17,SRC030,statute_to_curated_topic,candidate
commonlii-LKCA-1962-69,17,SRC064,statute_to_curated_topic,candidate
commonlii-LKCA-1962-70,02,SRC005,statute_to_curated_topic,candidate
commonlii-LKCA-1962-70,05,SRC005,statute_to_curated_topic,candidate
commonlii-LKCA-1962-70,06,SRC005,statute_to_curated_topic,candidate
commonlii-LKCA-1962-70,17,SRC005,statute_to_curated_topic,candidate
commonlii-LKCA-1962-72,02,SRC005,statute_to_curated_topic,candidate
commonlii-LKCA-1962-72,05,SRC005,statute_to_curated_topic,candidate
commonlii-LKCA-1962-72,05,SRC014,statute_to_curated_topic,candidate
commonlii-LKCA-1962-72,05,SRC029,statute_to_curated_topic,candidate
commonlii-LKCA-1962-72,06,SRC005,statute_to_curated_topic,candidate
commonlii-LKCA-1962-72,06,SRC014,statute_to_curated_topic,candidate
commonlii-LKCA-1962-72,08,SRC014,statute_to_curated_topic,candidate
commonlii-LKCA-1962-72,17,SRC005,statute_to_curated_topic,candidate
commonlii-LKCA-1962-72,17,SRC014,statute_to_curated_topic,candidate
commonlii-LKCA-1962-72,20,SRC014,statute_to_curated_topic,candidate
commonlii-LKCA-1962-73,02,SRC005,statute_to_curated_topic,candidate
commonlii-LKCA-1962-73,05,SRC005,statute_to_curated_topic,candidate
commonlii-LKCA-1962-73,06,SRC005,statute_to_curated_topic,candidate
commonlii-LKCA-1962-73,17,SRC005,statute_to_curated_topic,candidate
commonlii-LKCA-1964-1,05,SRC030,statute_to_curated_topic,candidate
commonlii-LKCA-1964-1,09,SRC030,statute_to_curated_topic,candidate
commonlii-LKCA-1964-1,17,SRC030,statute_to_curated_topic,candidate
commonlii-LKCA-1964-10,11,SRC049,statute_to_curated_topic,candidate
commonlii-LKCA-1964-10,20,SRC049,statute_to_curated_topic,candidate
commonlii-LKCA-1964-11,11,SRC049,statute_to_curated_topic,candidate
commonlii-LKCA-1964-11,20,SRC049,statute_to_curated_topic,candidate
commonlii-LKCA-1964-15,02,SRC005,statute_to_curated_topic,candidate
commonlii-LKCA-1964-15,05,SRC005,statute_to_curated_topic,candidate
commonlii-LKCA-1964-15,05,SRC029,statute_to_curated_topic,candidate
commonlii-LKCA-1964-15,05,SRC030,statute_to_curated_topic,candidate
commonlii-LKCA-1964-15,06,SRC005,statute_to_curated_topic,candidate
commonlii-LKCA-1964-15,09,SRC030,statute_to_curated_topic,candidate
commonlii-LKCA-1964-15,17,SRC005,statute_to_curated_topic,candidate
commonlii-LKCA-1964-15,17,SRC030,statute_to_curated_topic,candidate
commonlii-LKCA-1964-2,05,SRC030,statute_to_curated_topic,candidate
commonlii-LKCA-1964-2,09,SRC030,statute_to_curated_topic,candidate
commonlii-LKCA-1964-2,17,SRC030,statute_to_curated_topic,candidate
commonlii-LKCA-1964-3,05,SRC030,statute_to_curated_topic,candidate
commonlii-LKCA-1964-3,09,SRC030,statute_to_curated_topic,candidate
commonlii-LKCA-1964-3,17,SRC030,statute_to_curated_topic,candidate
commonlii-LKCA-1964-43,09,SRC071,statute_to_curated_topic,candidate
commonlii-LKCA-1964-43,18,SRC071,statute_to_curated_topic,candidate
commonlii-LKCA-1964-44,09,SRC071,statute_to_curated_topic,candidate
commonlii-LKCA-1964-44,18,SRC071,statute_to_curated_topic,candidate
commonlii-LKCA-1965-14,02,SRC005,statute_to_curated_topic,candidate
commonlii-LKCA-1965-14,05,SRC005,statute_to_curated_topic,candidate
commonlii-LKCA-1965-14,05,SRC030,statute_to_curated_topic,candidate
commonlii-LKCA-1965-14,06,SRC005,statute_to_curated_topic,candidate
commonlii-LKCA-1965-14,09,SRC030,statute_to_curated_topic,candidate
commonlii-LKCA-1965-14,17,SRC005,statute_to_curated_topic,candidate
commonlii-LKCA-1965-14,17,SRC030,statute_to_curated_topic,candidate
commonlii-LKCA-1965-15,05,SRC030,statute_to_curated_topic,candidate
commonlii-LKCA-1965-15,09,SRC030,statute_to_curated_topic,candidate
commonlii-LKCA-1965-15,17,SRC030,statute_to_curated_topic,candidate
commonlii-LKCA-1965-16,05,SRC030,statute_to_curated_topic,candidate
commonlii-LKCA-1965-16,09,SRC030,statute_to_curated_topic,candidate
commonlii-LKCA-1965-16,17,SRC030,statute_to_curated_topic,candidate
commonlii-LKCA-1965-20,05,SRC030,statute_to_curated_topic,candidate
commonlii-LKCA-1965-20,09,SRC030,statute_to_curated_topic,candidate
commonlii-LKCA-1965-20,12,SRC051,statute_to_curated_topic,candidate
commonlii-LKCA-1965-20,17,SRC030,statute_to_curated_topic,candidate
commonlii-LKCA-1965-22,05,SRC030,statute_to_curated_topic,candidate
commonlii-LKCA-1965-22,09,SRC030,statute_to_curated_topic,candidate
commonlii-LKCA-1965-22,17,SRC030,statute_to_curated_topic,candidate
commonlii-LKCA-1965-28,05,SRC030,statute_to_curated_topic,candidate
commonlii-LKCA-1965-28,09,SRC030,statute_to_curated_topic,candidate
commonlii-LKCA-1965-28,17,SRC030,statute_to_curated_topic,candidate
commonlii-LKCA-1965-32,05,SRC030,statute_to_curated_topic,candidate
commonlii-LKCA-1965-32,09,SRC030,statute_to_curated_topic,candidate
commonlii-LKCA-1965-32,10,SRC048,statute_to_curated_topic,candidate
commonlii-LKCA-1965-32,17,SRC030,statute_to_curated_topic,candidate
commonlii-LKCA-1965-5,05,SRC030,statute_to_curated_topic,candidate
commonlii-LKCA-1965-5,09,SRC030,statute_to_curated_topic,candidate
commonlii-LKCA-1965-5,17,SRC030,statute_to_curated_topic,candidate
commonlii-LKCA-1965-58,02,SRC005,statute_to_curated_topic,candidate
commonlii-LKCA-1965-58,05,SRC005,statute_to_curated_topic,candidate
commonlii-LKCA-1965-58,05,SRC029,statute_to_curated_topic,candidate
commonlii-LKCA-1965-58,05,SRC030,statute_to_curated_topic,candidate
commonlii-LKCA-1965-58,06,SRC005,statute_to_curated_topic,candidate
commonlii-LKCA-1965-58,09,SRC030,statute_to_curated_topic,candidate
commonlii-LKCA-1965-58,17,SRC005,statute_to_curated_topic,candidate
commonlii-LKCA-1965-58,17,SRC030,statute_to_curated_topic,candidate
commonlii-LKCA-1965-60,05,SRC030,statute_to_curated_topic,candidate
commonlii-LKCA-1965-60,09,SRC030,statute_to_curated_topic,candidate
commonlii-LKCA-1965-60,17,SRC030,statute_to_curated_topic,candidate
commonlii-LKCA-1965-62,02,SRC005,statute_to_curated_topic,candidate
commonlii-LKCA-1965-62,05,SRC005,statute_to_curated_topic,candidate
commonlii-LKCA-1965-62,05,SRC029,statute_to_curated_topic,candidate
commonlii-LKCA-1965-62,06,SRC005,statute_to_curated_topic,candidate
commonlii-LKCA-1965-62,17,SRC005,statute_to_curated_topic,candidate
commonlii-LKCA-1965-9,09,SRC071,statute_to_curated_topic,candidate
commonlii-LKCA-1965-9,18,SRC071,statute_to_curated_topic,candidate
commonlii-LKCA-1966-1,05,SRC030,statute_to_curated_topic,candidate
commonlii-LKCA-1966-1,09,SRC030,statute_to_curated_topic,candidate
commonlii-LKCA-1966-1,17,SRC030,statute_to_curated_topic,candidate
commonlii-LKCA-1966-16,05,SRC030,statute_to_curated_topic,candidate
commonlii-LKCA-1966-16,09,SRC030,statute_to_curated_topic,candidate
commonlii-LKCA-1966-16,17,SRC030,statute_to_curated_topic,candidate
commonlii-LKCA-1966-18,01,SRC004,statute_to_curated_topic,candidate
commonlii-LKCA-1966-18,05,SRC004,statute_to_curated_topic,candidate
commonlii-LKCA-1966-18,05,SRC030,statute_to_curated_topic,candidate
commonlii-LKCA-1966-18,09,SRC004,statute_to_curated_topic,candidate
commonlii-LKCA-1966-18,09,SRC030,statute_to_curated_topic,candidate
commonlii-LKCA-1966-18,17,SRC030,statute_to_curated_topic,candidate
commonlii-LKCA-1966-28,02,SRC005,statute_to_curated_topic,candidate
commonlii-LKCA-1966-28,05,SRC005,statute_to_curated_topic,candidate
commonlii-LKCA-1966-28,06,SRC005,statute_to_curated_topic,candidate
commonlii-LKCA-1966-28,17,SRC005,statute_to_curated_topic,candidate
commonlii-LKCA-1966-39,05,SRC028,statute_to_curated_topic,candidate
commonlii-LKCA-1966-39,17,SRC028,statute_to_curated_topic,candidate
commonlii-LKCA-1966-4,05,SRC014,statute_to_curated_topic,candidate
commonlii-LKCA-1966-4,06,SRC014,statute_to_curated_topic,candidate
commonlii-LKCA-1966-4,08,SRC014,statute_to_curated_topic,candidate
commonlii-LKCA-1966-4,17,SRC014,statute_to_curated_topic,candidate
commonlii-LKCA-1966-4,20,SRC014,statute_to_curated_topic,candidate
commonlii-LKCA-1966-52,02,SRC005,statute_to_curated_topic,candidate
commonlii-LKCA-1966-52,05,SRC005,statute_to_curated_topic,candidate
commonlii-LKCA-1966-52,06,SRC005,statute_to_curated_topic,candidate
commonlii-LKCA-1966-52,17,SRC005,statute_to_curated_topic,candidate
commonlii-LKCA-1966-53,01,SRC004,statute_to_curated_topic,candidate
commonlii-LKCA-1966-53,05,SRC004,statute_to_curated_topic,candidate
commonlii-LKCA-1966-53,09,SRC004,statute_to_curated_topic,candidate
commonlii-LKCA-1966-53,10,SRC045,statute_to_curated_topic,candidate
commonlii-LKCA-1966-54,05,SRC030,statute_to_curated_topic,candidate
commonlii-LKCA-1966-54,09,SRC030,statute_to_curated_topic,candidate
commonlii-LKCA-1966-54,17,SRC030,statute_to_curated_topic,candidate
commonlii-LKCA-1966-6,05,SRC030,statute_to_curated_topic,candidate
commonlii-LKCA-1966-6,09,SRC030,statute_to_curated_topic,candidate
commonlii-LKCA-1966-6,17,SRC030,statute_to_curated_topic,candidate
commonlii-LKCA-1966-8,05,SRC030,statute_to_curated_topic,candidate
commonlii-LKCA-1966-8,09,SRC030,statute_to_curated_topic,candidate
commonlii-LKCA-1966-8,17,SRC030,statute_to_curated_topic,candidate
commonlii-LKCA-1967-1,09,SRC071,statute_to_curated_topic,candidate
commonlii-LKCA-1967-1,11,SRC049,statute_to_curated_topic,candidate
commonlii-LKCA-1967-1,15,SRC059,statute_to_curated_topic,candidate
commonlii-LKCA-1967-1,18,SRC071,statute_to_curated_topic,candidate
commonlii-LKCA-1967-1,20,SRC049,statute_to_curated_topic,candidate
commonlii-LKCA-1967-16,05,SRC030,statute_to_curated_topic,candidate
commonlii-LKCA-1967-16,09,SRC030,statute_to_curated_topic,candidate
commonlii-LKCA-1967-16,09,SRC071,statute_to_curated_topic,candidate
commonlii-LKCA-1967-16,15,SRC059,statute_to_curated_topic,candidate
commonlii-LKCA-1967-16,17,SRC030,statute_to_curated_topic,candidate
commonlii-LKCA-1967-16,18,SRC071,statute_to_curated_topic,candidate
commonlii-LKCA-1967-17,05,SRC030,statute_to_curated_topic,candidate
commonlii-LKCA-1967-17,09,SRC030,statute_to_curated_topic,candidate
commonlii-LKCA-1967-17,17,SRC030,statute_to_curated_topic,candidate
commonlii-LKCA-1967-23,05,SRC030,statute_to_curated_topic,candidate
commonlii-LKCA-1967-23,09,SRC030,statute_to_curated_topic,candidate
commonlii-LKCA-1967-23,17,SRC030,statute_to_curated_topic,candidate
commonlii-LKCA-1967-24,02,SRC005,statute_to_curated_topic,candidate
commonlii-LKCA-1967-24,05,SRC005,statute_to_curated_topic,candidate
commonlii-LKCA-1967-24,06,SRC005,statute_to_curated_topic,candidate
commonlii-LKCA-1967-24,17,SRC005,statute_to_curated_topic,candidate
commonlii-LKCA-1967-24,17,SRC064,statute_to_curated_topic,candidate
commonlii-LKCA-1967-27,01,SRC004,statute_to_curated_topic,candidate
commonlii-LKCA-1967-27,05,SRC004,statute_to_curated_topic,candidate
commonlii-LKCA-1967-27,09,SRC004,statute_to_curated_topic,candidate
commonlii-LKCA-1967-3,05,SRC030,statute_to_curated_topic,candidate
commonlii-LKCA-1967-3,09,SRC030,statute_to_curated_topic,candidate
commonlii-LKCA-1967-3,15,SRC059,statute_to_curated_topic,candidate
commonlii-LKCA-1967-3,17,SRC030,statute_to_curated_topic,candidate
commonlii-LKCA-1967-33,01,SRC001,statute_to_curated_topic,candidate
commonlii-LKCA-1967-33,05,SRC001,statute_to_curated_topic,candidate
commonlii-LKCA-1967-33,06,SRC001,statute_to_curated_topic,candidate
commonlii-LKCA-1967-33,09,SRC071,statute_to_curated_topic,candidate
commonlii-LKCA-1967-33,17,SRC001,statute_to_curated_topic,candidate
commonlii-LKCA-1967-33,18,SRC071,statute_to_curated_topic,candidate
commonlii-LKCA-1967-38,09,SRC071,statute_to_curated_topic,candidate
commonlii-LKCA-1967-38,18,SRC071,statute_to_curated_topic,candidate
commonlii-LKCA-1967-40,01,SRC001,statute_to_curated_topic,candidate
commonlii-LKCA-1967-40,05,SRC001,statute_to_curated_topic,candidate
commonlii-LKCA-1967-40,05,SRC029,statute_to_curated_topic,candidate
commonlii-LKCA-1967-40,06,SRC001,statute_to_curated_topic,candidate
commonlii-LKCA-1967-40,17,SRC001,statute_to_curated_topic,candidate
commonlii-LKCA-1967-43,05,SRC029,statute_to_curated_topic,candidate
commonlii-LKCA-1967-47,05,SRC029,statute_to_curated_topic,candidate
commonlii-LKCA-1967-47,16,SRC061,statute_to_curated_topic,candidate
commonlii-LKCA-1967-5,05,SRC030,statute_to_curated_topic,candidate
commonlii-LKCA-1967-5,09,SRC030,statute_to_curated_topic,candidate
commonlii-LKCA-1967-5,17,SRC030,statute_to_curated_topic,candidate
commonlii-LKCA-1967-50,05,SRC030,statute_to_curated_topic,candidate
commonlii-LKCA-1967-50,09,SRC030,statute_to_curated_topic,candidate
commonlii-LKCA-1967-50,09,SRC071,statute_to_curated_topic,candidate
commonlii-LKCA-1967-50,15,SRC059,statute_to_curated_topic,candidate
commonlii-LKCA-1967-50,17,SRC030,statute_to_curated_topic,candidate
commonlii-LKCA-1967-50,18,SRC071,statute_to_curated_topic,candidate
commonlii-LKCA-1967-57,05,SRC030,statute_to_curated_topic,candidate
commonlii-LKCA-1967-57,09,SRC030,statute_to_curated_topic,candidate
commonlii-LKCA-1967-57,17,SRC030,statute_to_curated_topic,candidate
commonlii-LKCA-1967-57,17,SRC064,statute_to_curated_topic,candidate
commonlii-LKCA-1967-72,15,SRC059,statute_to_curated_topic,candidate
commonlii-LKCA-1967-78,01,SRC004,statute_to_curated_topic,candidate
commonlii-LKCA-1967-78,05,SRC004,statute_to_curated_topic,candidate
commonlii-LKCA-1967-78,09,SRC004,statute_to_curated_topic,candidate
commonlii-LKCA-1968-1,05,SRC030,statute_to_curated_topic,candidate
commonlii-LKCA-1968-1,09,SRC030,statute_to_curated_topic,candidate
commonlii-LKCA-1968-1,17,SRC030,statute_to_curated_topic,candidate
commonlii-LKCA-1968-11,05,SRC030,statute_to_curated_topic,candidate
commonlii-LKCA-1968-11,09,SRC030,statute_to_curated_topic,candidate
commonlii-LKCA-1968-11,09,SRC071,statute_to_curated_topic,candidate
commonlii-LKCA-1968-11,17,SRC030,statute_to_curated_topic,candidate
commonlii-LKCA-1968-11,18,SRC071,statute_to_curated_topic,candidate
commonlii-LKCA-1968-12,05,SRC030,statute_to_curated_topic,candidate
commonlii-LKCA-1968-12,09,SRC030,statute_to_curated_topic,candidate
commonlii-LKCA-1968-12,17,SRC030,statute_to_curated_topic,candidate
commonlii-LKCA-1968-12,17,SRC064,statute_to_curated_topic,candidate
commonlii-LKCA-1968-13,05,SRC030,statute_to_curated_topic,candidate
commonlii-LKCA-1968-13,09,SRC030,statute_to_curated_topic,candidate
commonlii-LKCA-1968-13,15,SRC059,statute_to_curated_topic,candidate
commonlii-LKCA-1968-13,17,SRC030,statute_to_curated_topic,candidate
commonlii-LKCA-1968-14,05,SRC030,statute_to_curated_topic,candidate
commonlii-LKCA-1968-14,09,SRC030,statute_to_curated_topic,candidate
commonlii-LKCA-1968-14,17,SRC030,statute_to_curated_topic,candidate
commonlii-LKCA-1968-18,02,SRC005,statute_to_curated_topic,candidate
commonlii-LKCA-1968-18,05,SRC005,statute_to_curated_topic,candidate
commonlii-LKCA-1968-18,05,SRC029,statute_to_curated_topic,candidate
commonlii-LKCA-1968-18,05,SRC030,statute_to_curated_topic,candidate
commonlii-LKCA-1968-18,06,SRC005,statute_to_curated_topic,candidate
commonlii-LKCA-1968-18,09,SRC030,statute_to_curated_topic,candidate
commonlii-LKCA-1968-18,17,SRC005,statute_to_curated_topic,candidate
commonlii-LKCA-1968-18,17,SRC030,statute_to_curated_topic,candidate
commonlii-LKCA-1968-20,05,SRC030,statute_to_curated_topic,candidate
commonlii-LKCA-1968-20,09,SRC030,statute_to_curated_topic,candidate
commonlii-LKCA-1968-20,17,SRC030,statute_to_curated_topic,candidate
commonlii-LKCA-1968-22,05,SRC030,statute_to_curated_topic,candidate
commonlii-LKCA-1968-22,09,SRC030,statute_to_curated_topic,candidate
commonlii-LKCA-1968-22,17,SRC030,statute_to_curated_topic,candidate
commonlii-LKCA-1968-26,17,SRC064,statute_to_curated_topic,candidate
commonlii-LKCA-1968-27,01,SRC001,statute_to_curated_topic,candidate
commonlii-LKCA-1968-27,05,SRC001,statute_to_curated_topic,candidate
commonlii-LKCA-1968-27,05,SRC029,statute_to_curated_topic,candidate
commonlii-LKCA-1968-27,06,SRC001,statute_to_curated_topic,candidate
commonlii-LKCA-1968-27,17,SRC001,statute_to_curated_topic,candidate
commonlii-LKCA-1968-3,05,SRC030,statute_to_curated_topic,candidate
commonlii-LKCA-1968-3,09,SRC030,statute_to_curated_topic,candidate
commonlii-LKCA-1968-3,17,SRC030,statute_to_curated_topic,candidate
commonlii-LKCA-1968-31,01,SRC001,statute_to_curated_topic,candidate
commonlii-LKCA-1968-31,05,SRC001,statute_to_curated_topic,candidate
commonlii-LKCA-1968-31,06,SRC001,statute_to_curated_topic,candidate
commonlii-LKCA-1968-31,17,SRC001,statute_to_curated_topic,candidate
commonlii-LKCA-1968-34,17,SRC064,statute_to_curated_topic,candidate
commonlii-LKCA-1968-36,01,SRC001,statute_to_curated_topic,candidate
commonlii-LKCA-1968-36,05,SRC001,statute_to_curated_topic,candidate
commonlii-LKCA-1968-36,05,SRC014,statute_to_curated_topic,candidate
commonlii-LKCA-1968-36,05,SRC029,statute_to_curated_topic,candidate
commonlii-LKCA-1968-36,06,SRC001,statute_to_curated_topic,candidate
commonlii-LKCA-1968-36,06,SRC014,statute_to_curated_topic,candidate
commonlii-LKCA-1968-36,08,SRC014,statute_to_curated_topic,candidate
commonlii-LKCA-1968-36,17,SRC001,statute_to_curated_topic,candidate
commonlii-LKCA-1968-36,17,SRC014,statute_to_curated_topic,candidate
commonlii-LKCA-1968-36,20,SRC014,statute_to_curated_topic,candidate
commonlii-LKCA-1968-40,01,SRC001,statute_to_curated_topic,candidate
commonlii-LKCA-1968-40,05,SRC001,statute_to_curated_topic,candidate
commonlii-LKCA-1968-40,06,SRC001,statute_to_curated_topic,candidate
commonlii-LKCA-1968-40,17,SRC001,statute_to_curated_topic,candidate
commonlii-LKCA-1968-53,09,SRC071,statute_to_curated_topic,candidate
commonlii-LKCA-1968-53,18,SRC071,statute_to_curated_topic,candidate
commonlii-LKCA-1968-8,05,SRC029,statute_to_curated_topic,candidate
commonlii-LKCA-1968-8,09,SRC071,statute_to_curated_topic,candidate
commonlii-LKCA-1968-8,18,SRC071,statute_to_curated_topic,candidate
commonlii-LKCA-1969-1,05,SRC029,statute_to_curated_topic,candidate
commonlii-LKCA-1969-1,05,SRC030,statute_to_curated_topic,candidate
commonlii-LKCA-1969-1,09,SRC030,statute_to_curated_topic,candidate
commonlii-LKCA-1969-1,09,SRC071,statute_to_curated_topic,candidate
commonlii-LKCA-1969-1,17,SRC030,statute_to_curated_topic,candidate
commonlii-LKCA-1969-1,18,SRC071,statute_to_curated_topic,candidate
commonlii-LKCA-1969-13,05,SRC030,statute_to_curated_topic,candidate
commonlii-LKCA-1969-13,09,SRC030,statute_to_curated_topic,candidate
commonlii-LKCA-1969-13,17,SRC030,statute_to_curated_topic,candidate
commonlii-LKCA-1969-14,05,SRC030,statute_to_curated_topic,candidate
commonlii-LKCA-1969-14,09,SRC030,statute_to_curated_topic,candidate
commonlii-LKCA-1969-14,17,SRC030,statute_to_curated_topic,candidate
commonlii-LKCA-1969-16,05,SRC030,statute_to_curated_topic,candidate
commonlii-LKCA-1969-16,09,SRC030,statute_to_curated_topic,candidate
commonlii-LKCA-1969-16,17,SRC030,statute_to_curated_topic,candidate
commonlii-LKCA-1969-16,17,SRC064,statute_to_curated_topic,candidate
commonlii-LKCA-1969-27,17,SRC064,statute_to_curated_topic,candidate
commonlii-LKCA-1969-30,01,SRC004,statute_to_curated_topic,candidate
commonlii-LKCA-1969-30,05,SRC004,statute_to_curated_topic,candidate
commonlii-LKCA-1969-30,09,SRC004,statute_to_curated_topic,candidate
commonlii-LKCA-1969-33,05,SRC030,statute_to_curated_topic,candidate
commonlii-LKCA-1969-33,09,SRC030,statute_to_curated_topic,candidate
commonlii-LKCA-1969-33,17,SRC030,statute_to_curated_topic,candidate
commonlii-LKCA-1970-10,05,SRC030,statute_to_curated_topic,candidate
commonlii-LKCA-1970-10,09,SRC030,statute_to_curated_topic,candidate
commonlii-LKCA-1970-10,17,SRC030,statute_to_curated_topic,candidate
commonlii-LKCA-1970-11,05,SRC030,statute_to_curated_topic,candidate
commonlii-LKCA-1970-11,09,SRC030,statute_to_curated_topic,candidate
commonlii-LKCA-1970-11,17,SRC030,statute_to_curated_topic,candidate
commonlii-LKCA-1970-12,05,SRC030,statute_to_curated_topic,candidate
commonlii-LKCA-1970-12,09,SRC030,statute_to_curated_topic,candidate
commonlii-LKCA-1970-12,17,SRC030,statute_to_curated_topic,candidate
commonlii-LKCA-1970-19,05,SRC030,statute_to_curated_topic,candidate
commonlii-LKCA-1970-19,09,SRC030,statute_to_curated_topic,candidate
commonlii-LKCA-1970-19,17,SRC030,statute_to_curated_topic,candidate
commonlii-LKCA-1970-2,05,SRC030,statute_to_curated_topic,candidate
commonlii-LKCA-1970-2,09,SRC030,statute_to_curated_topic,candidate
commonlii-LKCA-1970-2,15,SRC059,statute_to_curated_topic,candidate
commonlii-LKCA-1970-2,17,SRC030,statute_to_curated_topic,candidate
commonlii-LKCA-1970-23,10,SRC047,statute_to_curated_topic,candidate
commonlii-LKCA-1970-31,02,SRC005,statute_to_curated_topic,candidate
commonlii-LKCA-1970-31,05,SRC005,statute_to_curated_topic,candidate
commonlii-LKCA-1970-31,05,SRC029,statute_to_curated_topic,candidate
commonlii-LKCA-1970-31,06,SRC005,statute_to_curated_topic,candidate
commonlii-LKCA-1970-31,17,SRC005,statute_to_curated_topic,candidate
commonlii-LKCA-1970-38,12,SRC051,statute_to_curated_topic,candidate
commonlii-LKCA-1970-50,09,SRC071,statute_to_curated_topic,candidate
commonlii-LKCA-1970-50,18,SRC071,statute_to_curated_topic,candidate
commonlii-LKCA-1970-55,09,SRC071,statute_to_curated_topic,candidate
commonlii-LKCA-1970-55,18,SRC071,statute_to_curated_topic,candidate
commonlii-LKCA-1971-1,05,SRC030,statute_to_curated_topic,candidate
commonlii-LKCA-1971-1,09,SRC030,statute_to_curated_topic,candidate
commonlii-LKCA-1971-1,17,SRC030,statute_to_curated_topic,candidate
commonlii-LKCA-1971-12,09,SRC071,statute_to_curated_topic,candidate
commonlii-LKCA-1971-12,11,SRC049,statute_to_curated_topic,candidate
commonlii-LKCA-1971-12,18,SRC071,statute_to_curated_topic,candidate
commonlii-LKCA-1971-12,20,SRC049,statute_to_curated_topic,candidate
commonlii-LKCA-1971-14,05,SRC030,statute_to_curated_topic,candidate
commonlii-LKCA-1971-14,09,SRC030,statute_to_curated_topic,candidate
commonlii-LKCA-1971-14,17,SRC030,statute_to_curated_topic,candidate
commonlii-LKCA-1971-17,05,SRC030,statute_to_curated_topic,candidate
commonlii-LKCA-1971-17,09,SRC030,statute_to_curated_topic,candidate
commonlii-LKCA-1971-17,17,SRC030,statute_to_curated_topic,candidate
commonlii-LKCA-1971-18,05,SRC030,statute_to_curated_topic,candidate
commonlii-LKCA-1971-18,09,SRC030,statute_to_curated_topic,candidate
commonlii-LKCA-1971-18,17,SRC030,statute_to_curated_topic,candidate
commonlii-LKCA-1971-22,05,SRC030,statute_to_curated_topic,candidate
commonlii-LKCA-1971-22,09,SRC030,statute_to_curated_topic,candidate
commonlii-LKCA-1971-22,17,SRC030,statute_to_curated_topic,candidate
commonlii-LKCA-1971-24,05,SRC030,statute_to_curated_topic,candidate
commonlii-LKCA-1971-24,09,SRC030,statute_to_curated_topic,candidate
commonlii-LKCA-1971-24,17,SRC030,statute_to_curated_topic,candidate
commonlii-LKCA-1971-24,17,SRC064,statute_to_curated_topic,candidate
commonlii-LKCA-1971-26,09,SRC071,statute_to_curated_topic,candidate
commonlii-LKCA-1971-26,18,SRC071,statute_to_curated_topic,candidate
commonlii-LKCA-1971-38,05,SRC029,statute_to_curated_topic,candidate
commonlii-LKCA-1971-38,05,SRC030,statute_to_curated_topic,candidate
commonlii-LKCA-1971-38,09,SRC030,statute_to_curated_topic,candidate
commonlii-LKCA-1971-38,17,SRC030,statute_to_curated_topic,candidate
commonlii-LKCA-1971-4,05,SRC030,statute_to_curated_topic,candidate
commonlii-LKCA-1971-4,09,SRC030,statute_to_curated_topic,candidate
commonlii-LKCA-1971-4,17,SRC030,statute_to_curated_topic,candidate
commonlii-LKCA-1971-40,01,SRC001,statute_to_curated_topic,candidate
commonlii-LKCA-1971-40,05,SRC001,statute_to_curated_topic,candidate
commonlii-LKCA-1971-40,06,SRC001,statute_to_curated_topic,candidate
commonlii-LKCA-1971-40,15,SRC059,statute_to_curated_topic,candidate
commonlii-LKCA-1971-40,17,SRC001,statute_to_curated_topic,candidate
commonlii-LKCA-1971-41,01,SRC001,statute_to_curated_topic,candidate
commonlii-LKCA-1971-41,05,SRC001,statute_to_curated_topic,candidate
commonlii-LKCA-1971-41,06,SRC001,statute_to_curated_topic,candidate
commonlii-LKCA-1971-41,17,SRC001,statute_to_curated_topic,candidate
commonlii-LKCA-1971-49,05,SRC030,statute_to_curated_topic,candidate
commonlii-LKCA-1971-49,09,SRC030,statute_to_curated_topic,candidate
commonlii-LKCA-1971-49,17,SRC030,statute_to_curated_topic,candidate
commonlii-LKCA-1971-66,17,SRC064,statute_to_curated_topic,candidate
commonlii-LKCA-1971-72,01,SRC001,statute_to_curated_topic,candidate
commonlii-LKCA-1971-72,05,SRC001,statute_to_curated_topic,candidate
commonlii-LKCA-1971-72,05,SRC014,statute_to_curated_topic,candidate
commonlii-LKCA-1971-72,05,SRC030,statute_to_curated_topic,candidate
commonlii-LKCA-1971-72,06,SRC001,statute_to_curated_topic,candidate
commonlii-LKCA-1971-72,06,SRC014,statute_to_curated_topic,candidate
commonlii-LKCA-1971-72,08,SRC014,statute_to_curated_topic,candidate
commonlii-LKCA-1971-72,09,SRC030,statute_to_curated_topic,candidate
commonlii-LKCA-1971-72,17,SRC001,statute_to_curated_topic,candidate
commonlii-LKCA-1971-72,17,SRC014,statute_to_curated_topic,candidate
commonlii-LKCA-1971-72,17,SRC030,statute_to_curated_topic,candidate
commonlii-LKCA-1971-72,20,SRC014,statute_to_curated_topic,candidate
commonlii-LKCA-1972-11,05,SRC030,statute_to_curated_topic,candidate
commonlii-LKCA-1972-11,09,SRC030,statute_to_curated_topic,candidate
commonlii-LKCA-1972-11,17,SRC030,statute_to_curated_topic,candidate
commonlii-LKCA-1972-25,15,SRC059,statute_to_curated_topic,candidate
commonlii-LKCA-1972-5,05,SRC030,statute_to_curated_topic,candidate
commonlii-LKCA-1972-5,09,SRC030,statute_to_curated_topic,candidate
commonlii-LKCA-1972-5,17,SRC030,statute_to_curated_topic,candidate
commonlii-LKCA-1972-8,05,SRC030,statute_to_curated_topic,candidate
commonlii-LKCA-1972-8,09,SRC030,statute_to_curated_topic,candidate
commonlii-LKCA-1972-8,17,SRC030,statute_to_curated_topic,candidate
commonlii-LKCA-1972-9,05,SRC030,statute_to_curated_topic,candidate
commonlii-LKCA-1972-9,09,SRC030,statute_to_curated_topic,candidate
commonlii-LKCA-1972-9,09,SRC071,statute_to_curated_topic,candidate
commonlii-LKCA-1972-9,17,SRC030,statute_to_curated_topic,candidate
commonlii-LKCA-1972-9,18,SRC071,statute_to_curated_topic,candidate
commonlii-LKCA-1973-11,05,SRC030,statute_to_curated_topic,candidate
commonlii-LKCA-1973-11,09,SRC030,statute_to_curated_topic,candidate
commonlii-LKCA-1973-11,17,SRC030,statute_to_curated_topic,candidate
commonlii-LKCA-1973-12,05,SRC030,statute_to_curated_topic,candidate
commonlii-LKCA-1973-12,09,SRC030,statute_to_curated_topic,candidate
commonlii-LKCA-1973-12,17,SRC030,statute_to_curated_topic,candidate
commonlii-LKCA-1973-2,05,SRC030,statute_to_curated_topic,candidate
commonlii-LKCA-1973-2,09,SRC030,statute_to_curated_topic,candidate
commonlii-LKCA-1973-2,17,SRC030,statute_to_curated_topic,candidate
commonlii-LKCA-1973-31,05,SRC030,statute_to_curated_topic,candidate
commonlii-LKCA-1973-31,09,SRC030,statute_to_curated_topic,candidate
commonlii-LKCA-1973-31,17,SRC030,statute_to_curated_topic,candidate
commonlii-LKCA-1973-32,05,SRC030,statute_to_curated_topic,candidate
commonlii-LKCA-1973-32,09,SRC030,statute_to_curated_topic,candidate
commonlii-LKCA-1973-32,17,SRC030,statute_to_curated_topic,candidate
commonlii-LKCA-1973-33,02,SRC005,statute_to_curated_topic,candidate
commonlii-LKCA-1973-33,05,SRC005,statute_to_curated_topic,candidate
commonlii-LKCA-1973-33,06,SRC005,statute_to_curated_topic,candidate
commonlii-LKCA-1973-33,17,SRC005,statute_to_curated_topic,candidate
commonlii-LKCA-1973-37,05,SRC030,statute_to_curated_topic,candidate
commonlii-LKCA-1973-37,09,SRC030,statute_to_curated_topic,candidate
commonlii-LKCA-1973-37,17,SRC030,statute_to_curated_topic,candidate
commonlii-LKCA-1973-7,09,SRC071,statute_to_curated_topic,candidate
commonlii-LKCA-1973-7,18,SRC071,statute_to_curated_topic,candidate
commonlii-LKCA-1974-15,17,SRC064,statute_to_curated_topic,candidate
commonlii-LKCA-1974-16,09,SRC071,statute_to_curated_topic,candidate
commonlii-LKCA-1974-16,17,SRC064,statute_to_curated_topic,candidate
commonlii-LKCA-1974-16,18,SRC071,statute_to_curated_topic,candidate
commonlii-LKCA-1974-18,05,SRC029,statute_to_curated_topic,candidate
commonlii-LKCA-1974-19,02,SRC005,statute_to_curated_topic,candidate
commonlii-LKCA-1974-19,05,SRC005,statute_to_curated_topic,candidate
commonlii-LKCA-1974-19,06,SRC005,statute_to_curated_topic,candidate
commonlii-LKCA-1974-19,17,SRC005,statute_to_curated_topic,candidate
commonlii-LKCA-1974-2,05,SRC030,statute_to_curated_topic,candidate
commonlii-LKCA-1974-2,09,SRC030,statute_to_curated_topic,candidate
commonlii-LKCA-1974-2,12,SRC051,statute_to_curated_topic,candidate
commonlii-LKCA-1974-2,17,SRC030,statute_to_curated_topic,candidate
commonlii-LKCA-1974-20,02,SRC005,statute_to_curated_topic,candidate
commonlii-LKCA-1974-20,05,SRC005,statute_to_curated_topic,candidate
commonlii-LKCA-1974-20,05,SRC030,statute_to_curated_topic,candidate
commonlii-LKCA-1974-20,06,SRC005,statute_to_curated_topic,candidate
commonlii-LKCA-1974-20,09,SRC030,statute_to_curated_topic,candidate
commonlii-LKCA-1974-20,17,SRC005,statute_to_curated_topic,candidate
commonlii-LKCA-1974-20,17,SRC030,statute_to_curated_topic,candidate
commonlii-LKCA-1974-22,05,SRC029,statute_to_curated_topic,candidate
commonlii-LKCA-1975-11,05,SRC029,statute_to_curated_topic,candidate
commonlii-LKCA-1975-13,01,SRC001,statute_to_curated_topic,candidate
commonlii-LKCA-1975-13,05,SRC001,statute_to_curated_topic,candidate
commonlii-LKCA-1975-13,05,SRC029,statute_to_curated_topic,candidate
commonlii-LKCA-1975-13,06,SRC001,statute_to_curated_topic,candidate
commonlii-LKCA-1975-13,17,SRC001,statute_to_curated_topic,candidate
commonlii-LKCA-1975-16,05,SRC030,statute_to_curated_topic,candidate
commonlii-LKCA-1975-16,09,SRC030,statute_to_curated_topic,candidate
commonlii-LKCA-1975-16,12,SRC050,statute_to_curated_topic,candidate
commonlii-LKCA-1975-16,17,SRC030,statute_to_curated_topic,candidate
commonlii-LKCA-1975-16,20,SRC050,statute_to_curated_topic,candidate
commonlii-LKCA-1975-17,02,SRC005,statute_to_curated_topic,candidate
commonlii-LKCA-1975-17,05,SRC005,statute_to_curated_topic,candidate
commonlii-LKCA-1975-17,06,SRC005,statute_to_curated_topic,candidate
commonlii-LKCA-1975-17,17,SRC005,statute_to_curated_topic,candidate
commonlii-LKCA-1975-18,05,SRC028,statute_to_curated_topic,candidate
commonlii-LKCA-1975-18,17,SRC028,statute_to_curated_topic,candidate
commonlii-LKCA-1975-19,05,SRC028,statute_to_curated_topic,candidate
commonlii-LKCA-1975-19,17,SRC028,statute_to_curated_topic,candidate
commonlii-LKCA-1975-2,05,SRC030,statute_to_curated_topic,candidate
commonlii-LKCA-1975-2,09,SRC030,statute_to_curated_topic,candidate
commonlii-LKCA-1975-2,09,SRC071,statute_to_curated_topic,candidate
commonlii-LKCA-1975-2,17,SRC030,statute_to_curated_topic,candidate
commonlii-LKCA-1975-2,18,SRC071,statute_to_curated_topic,candidate
commonlii-LKCA-1975-23,05,SRC030,statute_to_curated_topic,candidate
commonlii-LKCA-1975-23,09,SRC030,statute_to_curated_topic,candidate
commonlii-LKCA-1975-23,17,SRC030,statute_to_curated_topic,candidate
commonlii-LKCA-1975-25,09,SRC071,statute_to_curated_topic,candidate
commonlii-LKCA-1975-25,12,SRC050,statute_to_curated_topic,candidate
commonlii-LKCA-1975-25,18,SRC071,statute_to_curated_topic,candidate
commonlii-LKCA-1975-25,20,SRC050,statute_to_curated_topic,candidate
commonlii-LKCA-1975-26,02,SRC005,statute_to_curated_topic,candidate
commonlii-LKCA-1975-26,05,SRC005,statute_to_curated_topic,candidate
commonlii-LKCA-1975-26,05,SRC030,statute_to_curated_topic,candidate
commonlii-LKCA-1975-26,06,SRC005,statute_to_curated_topic,candidate
commonlii-LKCA-1975-26,09,SRC030,statute_to_curated_topic,candidate
commonlii-LKCA-1975-26,17,SRC005,statute_to_curated_topic,candidate
commonlii-LKCA-1975-26,17,SRC030,statute_to_curated_topic,candidate
commonlii-LKCA-1975-4,05,SRC030,statute_to_curated_topic,candidate
commonlii-LKCA-1975-4,09,SRC030,statute_to_curated_topic,candidate
commonlii-LKCA-1975-4,17,SRC030,statute_to_curated_topic,candidate
commonlii-LKCA-1975-6,05,SRC030,statute_to_curated_topic,candidate
commonlii-LKCA-1975-6,09,SRC030,statute_to_curated_topic,candidate
commonlii-LKCA-1975-6,17,SRC030,statute_to_curated_topic,candidate
commonlii-LKCA-1976-11,05,SRC030,statute_to_curated_topic,candidate
commonlii-LKCA-1976-11,09,SRC030,statute_to_curated_topic,candidate
commonlii-LKCA-1976-11,17,SRC030,statute_to_curated_topic,candidate
commonlii-LKCA-1976-12,05,SRC030,statute_to_curated_topic,candidate
commonlii-LKCA-1976-12,09,SRC030,statute_to_curated_topic,candidate
commonlii-LKCA-1976-12,17,SRC030,statute_to_curated_topic,candidate
commonlii-LKCA-1976-12,17,SRC064,statute_to_curated_topic,candidate
commonlii-LKCA-1976-13,05,SRC029,statute_to_curated_topic,candidate
commonlii-LKCA-1976-15,05,SRC029,statute_to_curated_topic,candidate
commonlii-LKCA-1976-15,05,SRC030,statute_to_curated_topic,candidate
commonlii-LKCA-1976-15,09,SRC030,statute_to_curated_topic,candidate
commonlii-LKCA-1976-15,09,SRC071,statute_to_curated_topic,candidate
commonlii-LKCA-1976-15,17,SRC030,statute_to_curated_topic,candidate
commonlii-LKCA-1976-15,18,SRC071,statute_to_curated_topic,candidate
commonlii-LKCA-1976-18,09,SRC071,statute_to_curated_topic,candidate
commonlii-LKCA-1976-18,18,SRC071,statute_to_curated_topic,candidate
commonlii-LKCA-1976-19,09,SRC071,statute_to_curated_topic,candidate
commonlii-LKCA-1976-19,18,SRC071,statute_to_curated_topic,candidate
commonlii-LKCA-1976-21,05,SRC030,statute_to_curated_topic,candidate
commonlii-LKCA-1976-21,09,SRC030,statute_to_curated_topic,candidate
commonlii-LKCA-1976-21,09,SRC071,statute_to_curated_topic,candidate
commonlii-LKCA-1976-21,15,SRC059,statute_to_curated_topic,candidate
commonlii-LKCA-1976-21,17,SRC030,statute_to_curated_topic,candidate
commonlii-LKCA-1976-21,18,SRC071,statute_to_curated_topic,candidate
commonlii-LKCA-1976-22,15,SRC059,statute_to_curated_topic,candidate
commonlii-LKCA-1976-23,05,SRC030,statute_to_curated_topic,candidate
commonlii-LKCA-1976-23,09,SRC030,statute_to_curated_topic,candidate
commonlii-LKCA-1976-23,17,SRC030,statute_to_curated_topic,candidate
commonlii-LKCA-1976-24,01,SRC001,statute_to_curated_topic,candidate
commonlii-LKCA-1976-24,05,SRC001,statute_to_curated_topic,candidate
commonlii-LKCA-1976-24,05,SRC014,statute_to_curated_topic,candidate
commonlii-LKCA-1976-24,05,SRC029,statute_to_curated_topic,candidate
commonlii-LKCA-1976-24,06,SRC001,statute_to_curated_topic,candidate
commonlii-LKCA-1976-24,06,SRC014,statute_to_curated_topic,candidate
commonlii-LKCA-1976-24,08,SRC014,statute_to_curated_topic,candidate
commonlii-LKCA-1976-24,17,SRC001,statute_to_curated_topic,candidate
commonlii-LKCA-1976-24,17,SRC014,statute_to_curated_topic,candidate
commonlii-LKCA-1976-24,20,SRC014,statute_to_curated_topic,candidate
commonlii-LKCA-1976-7,11,SRC049,statute_to_curated_topic,candidate
commonlii-LKCA-1976-7,20,SRC049,statute_to_curated_topic,candidate
commonlii-LKCA-1976-9,01,SRC001,statute_to_curated_topic,candidate
commonlii-LKCA-1976-9,05,SRC001,statute_to_curated_topic,candidate
commonlii-LKCA-1976-9,05,SRC030,statute_to_curated_topic,candidate
commonlii-LKCA-1976-9,06,SRC001,statute_to_curated_topic,candidate
commonlii-LKCA-1976-9,09,SRC030,statute_to_curated_topic,candidate
commonlii-LKCA-1976-9,17,SRC001,statute_to_curated_topic,candidate
commonlii-LKCA-1976-9,17,SRC030,statute_to_curated_topic,candidate
commonlii-LKCA-1976-9,17,SRC064,statute_to_curated_topic,candidate
commonlii-LKCA-1977-1,05,SRC030,statute_to_curated_topic,candidate
commonlii-LKCA-1977-1,09,SRC030,statute_to_curated_topic,candidate
commonlii-LKCA-1977-1,16,SRC061,statute_to_curated_topic,candidate
commonlii-LKCA-1977-1,17,SRC030,statute_to_curated_topic,candidate
commonlii-LKCA-1977-11,05,SRC029,statute_to_curated_topic,candidate
commonlii-LKCA-1977-2,05,SRC030,statute_to_curated_topic,candidate
commonlii-LKCA-1977-2,09,SRC030,statute_to_curated_topic,candidate
commonlii-LKCA-1977-2,09,SRC071,statute_to_curated_topic,candidate
commonlii-LKCA-1977-2,11,SRC049,statute_to_curated_topic,candidate
commonlii-LKCA-1977-2,17,SRC030,statute_to_curated_topic,candidate
commonlii-LKCA-1977-2,18,SRC071,statute_to_curated_topic,candidate
commonlii-LKCA-1977-2,20,SRC049,statute_to_curated_topic,candidate
commonlii-LKCA-1977-4,02,SRC005,statute_to_curated_topic,candidate
commonlii-LKCA-1977-4,05,SRC005,statute_to_curated_topic,candidate
commonlii-LKCA-1977-4,05,SRC029,statute_to_curated_topic,candidate
commonlii-LKCA-1977-4,06,SRC005,statute_to_curated_topic,candidate
commonlii-LKCA-1977-4,17,SRC005,statute_to_curated_topic,candidate
commonlii-LKCA-1977-9,05,SRC030,statute_to_curated_topic,candidate
commonlii-LKCA-1977-9,09,SRC030,statute_to_curated_topic,candidate
commonlii-LKCA-1977-9,17,SRC030,statute_to_curated_topic,candidate
commonlii-LKCA-1978-1,05,SRC029,statute_to_curated_topic,candidate
commonlii-LKCA-1978-1,05,SRC030,statute_to_curated_topic,candidate
commonlii-LKCA-1978-1,09,SRC030,statute_to_curated_topic,candidate
commonlii-LKCA-1978-1,17,SRC030,statute_to_curated_topic,candidate
commonlii-LKCA-1978-4,05,SRC030,statute_to_curated_topic,candidate
commonlii-LKCA-1978-4,09,SRC030,statute_to_curated_topic,candidate
commonlii-LKCA-1978-4,17,SRC030,statute_to_curated_topic,candidate
commonlii-LKCA-1978-6,11,SRC049,statute_to_curated_topic,candidate
commonlii-LKCA-1978-6,15,SRC059,statute_to_curated_topic,candidate
commonlii-LKCA-1978-6,20,SRC049,statute_to_curated_topic,candidate
commonlii-LKCA-1980-21,05,SRC014,statute_to_curated_topic,candidate
commonlii-LKCA-1980-21,05,SRC029,statute_to_curated_topic,candidate
commonlii-LKCA-1980-21,06,SRC014,statute_to_curated_topic,candidate
commonlii-LKCA-1980-21,08,SRC014,statute_to_curated_topic,candidate
commonlii-LKCA-1980-21,17,SRC014,statute_to_curated_topic,candidate
commonlii-LKCA-1980-21,20,SRC014,statute_to_curated_topic,candidate
commonlii-LKCA-1980-26,05,SRC029,statute_to_curated_topic,candidate
commonlii-LKCA-1980-34,05,SRC030,statute_to_curated_topic,candidate
commonlii-LKCA-1980-34,09,SRC030,statute_to_curated_topic,candidate
commonlii-LKCA-1980-34,17,SRC030,statute_to_curated_topic,candidate
commonlii-LKCA-1980-37,05,SRC028,statute_to_curated_topic,candidate
commonlii-LKCA-1980-37,17,SRC028,statute_to_curated_topic,candidate
commonlii-LKCA-1980-45,05,SRC029,statute_to_curated_topic,candidate
commonlii-LKCA-1980-5,05,SRC030,statute_to_curated_topic,candidate
commonlii-LKCA-1980-5,09,SRC030,statute_to_curated_topic,candidate
commonlii-LKCA-1980-5,17,SRC030,statute_to_curated_topic,candidate
commonlii-LKCA-1980-8,05,SRC030,statute_to_curated_topic,candidate
commonlii-LKCA-1980-8,09,SRC030,statute_to_curated_topic,candidate
commonlii-LKCA-1980-8,17,SRC030,statute_to_curated_topic,candidate
commonlii-LKCA-1980-9,05,SRC028,statute_to_curated_topic,candidate
commonlii-LKCA-1980-9,05,SRC029,statute_to_curated_topic,candidate
commonlii-LKCA-1980-9,05,SRC030,statute_to_curated_topic,candidate
commonlii-LKCA-1980-9,09,SRC030,statute_to_curated_topic,candidate
commonlii-LKCA-1980-9,17,SRC028,statute_to_curated_topic,candidate
commonlii-LKCA-1980-9,17,SRC030,statute_to_curated_topic,candidate
commonlii-LKCA-1981-21,15,SRC059,statute_to_curated_topic,candidate
commonlii-LKCA-1981-26,05,SRC031,statute_to_curated_topic,candidate
commonlii-LKCA-1981-26,09,SRC031,statute_to_curated_topic,candidate
commonlii-LKCA-1981-31,05,SRC030,statute_to_curated_topic,candidate
commonlii-LKCA-1981-31,09,SRC030,statute_to_curated_topic,candidate
commonlii-LKCA-1981-31,17,SRC030,statute_to_curated_topic,candidate
commonlii-LKCA-1981-33,05,SRC028,statute_to_curated_topic,candidate
commonlii-LKCA-1981-33,05,SRC030,statute_to_curated_topic,candidate
commonlii-LKCA-1981-33,09,SRC030,statute_to_curated_topic,candidate
commonlii-LKCA-1981-33,17,SRC028,statute_to_curated_topic,candidate
commonlii-LKCA-1981-33,17,SRC030,statute_to_curated_topic,candidate
commonlii-LKCA-1981-34,01,SRC001,statute_to_curated_topic,candidate
commonlii-LKCA-1981-34,05,SRC001,statute_to_curated_topic,candidate
commonlii-LKCA-1981-34,05,SRC028,statute_to_curated_topic,candidate
commonlii-LKCA-1981-34,05,SRC030,statute_to_curated_topic,candidate
commonlii-LKCA-1981-34,06,SRC001,statute_to_curated_topic,candidate
commonlii-LKCA-1981-34,09,SRC030,statute_to_curated_topic,candidate
commonlii-LKCA-1981-34,17,SRC001,statute_to_curated_topic,candidate
commonlii-LKCA-1981-34,17,SRC028,statute_to_curated_topic,candidate
commonlii-LKCA-1981-34,17,SRC030,statute_to_curated_topic,candidate
commonlii-LKCA-1981-36,05,SRC028,statute_to_curated_topic,candidate
commonlii-LKCA-1981-36,05,SRC030,statute_to_curated_topic,candidate
commonlii-LKCA-1981-36,09,SRC030,statute_to_curated_topic,candidate
commonlii-LKCA-1981-36,17,SRC028,statute_to_curated_topic,candidate
commonlii-LKCA-1981-36,17,SRC030,statute_to_curated_topic,candidate
commonlii-LKCA-1981-36,17,SRC065,statute_to_curated_topic,candidate
commonlii-LKCA-1981-40,05,SRC029,statute_to_curated_topic,candidate
commonlii-LKCA-1981-46,05,SRC033,statute_to_curated_topic,candidate
commonlii-LKCA-1981-46,12,SRC033,statute_to_curated_topic,candidate
commonlii-LKCA-1981-46,20,SRC033,statute_to_curated_topic,candidate
commonlii-LKCA-1981-5,05,SRC030,statute_to_curated_topic,candidate
commonlii-LKCA-1981-5,09,SRC030,statute_to_curated_topic,candidate
commonlii-LKCA-1981-5,17,SRC030,statute_to_curated_topic,candidate
commonlii-LKCA-1982-10,09,SRC071,statute_to_curated_topic,candidate
commonlii-LKCA-1982-10,18,SRC071,statute_to_curated_topic,candidate
commonlii-LKCA-1982-14,05,SRC030,statute_to_curated_topic,candidate
commonlii-LKCA-1982-14,09,SRC030,statute_to_curated_topic,candidate
commonlii-LKCA-1982-14,17,SRC030,statute_to_curated_topic,candidate
commonlii-LKCA-1982-17,05,SRC029,statute_to_curated_topic,candidate
commonlii-LKCA-1982-24,05,SRC027,statute_to_curated_topic,candidate
commonlii-LKCA-1982-24,17,SRC027,statute_to_curated_topic,candidate
commonlii-LKCA-1982-27,01,SRC004,statute_to_curated_topic,candidate
commonlii-LKCA-1982-27,05,SRC004,statute_to_curated_topic,candidate
commonlii-LKCA-1982-27,05,SRC029,statute_to_curated_topic,candidate
commonlii-LKCA-1982-27,09,SRC004,statute_to_curated_topic,candidate
commonlii-LKCA-1982-6,01,SRC001,statute_to_curated_topic,candidate
commonlii-LKCA-1982-6,05,SRC001,statute_to_curated_topic,candidate
commonlii-LKCA-1982-6,05,SRC029,statute_to_curated_topic,candidate
commonlii-LKCA-1982-6,06,SRC001,statute_to_curated_topic,candidate
commonlii-LKCA-1982-6,09,SRC071,statute_to_curated_topic,candidate
commonlii-LKCA-1982-6,11,SRC049,statute_to_curated_topic,candidate
commonlii-LKCA-1982-6,17,SRC001,statute_to_curated_topic,candidate
commonlii-LKCA-1982-6,18,SRC071,statute_to_curated_topic,candidate
commonlii-LKCA-1982-6,20,SRC049,statute_to_curated_topic,candidate
commonlii-LKCA-1983-13,01,SRC001,statute_to_curated_topic,candidate
commonlii-LKCA-1983-13,05,SRC001,statute_to_curated_topic,candidate
commonlii-LKCA-1983-13,05,SRC029,statute_to_curated_topic,candidate
commonlii-LKCA-1983-13,06,SRC001,statute_to_curated_topic,candidate
commonlii-LKCA-1983-13,15,SRC059,statute_to_curated_topic,candidate
commonlii-LKCA-1983-13,17,SRC001,statute_to_curated_topic,candidate
commonlii-LKCA-1983-14,05,SRC027,statute_to_curated_topic,candidate
commonlii-LKCA-1983-14,05,SRC028,statute_to_curated_topic,candidate
commonlii-LKCA-1983-14,17,SRC027,statute_to_curated_topic,candidate
commonlii-LKCA-1983-14,17,SRC028,statute_to_curated_topic,candidate
commonlii-LKCA-1983-17,01,SRC001,statute_to_curated_topic,candidate
commonlii-LKCA-1983-17,05,SRC001,statute_to_curated_topic,candidate
commonlii-LKCA-1983-17,05,SRC028,statute_to_curated_topic,candidate
commonlii-LKCA-1983-17,06,SRC001,statute_to_curated_topic,candidate
commonlii-LKCA-1983-17,17,SRC001,statute_to_curated_topic,candidate
commonlii-LKCA-1983-17,17,SRC028,statute_to_curated_topic,candidate
commonlii-LKCA-1983-18,05,SRC029,statute_to_curated_topic,candidate
commonlii-LKCA-1983-18,05,SRC030,statute_to_curated_topic,candidate
commonlii-LKCA-1983-18,09,SRC030,statute_to_curated_topic,candidate
commonlii-LKCA-1983-18,17,SRC030,statute_to_curated_topic,candidate
commonlii-LKCA-1983-19,01,SRC004,statute_to_curated_topic,candidate
commonlii-LKCA-1983-19,05,SRC004,statute_to_curated_topic,candidate
commonlii-LKCA-1983-19,09,SRC004,statute_to_curated_topic,candidate
commonlii-LKCA-1983-21,09,SRC041,statute_to_curated_topic,candidate
commonlii-LKCA-1983-21,16,SRC041,statute_to_curated_topic,candidate
commonlii-LKCA-1983-23,05,SRC027,statute_to_curated_topic,candidate
commonlii-LKCA-1983-23,17,SRC027,statute_to_curated_topic,candidate
commonlii-LKCA-1983-7,05,SRC030,statute_to_curated_topic,candidate
commonlii-LKCA-1983-7,09,SRC030,statute_to_curated_topic,candidate
commonlii-LKCA-1983-7,17,SRC030,statute_to_curated_topic,candidate
commonlii-LKCA-1983-8,05,SRC030,statute_to_curated_topic,candidate
commonlii-LKCA-1983-8,09,SRC030,statute_to_curated_topic,candidate
commonlii-LKCA-1983-8,09,SRC071,statute_to_curated_topic,candidate
commonlii-LKCA-1983-8,17,SRC030,statute_to_curated_topic,candidate
commonlii-LKCA-1983-8,18,SRC071,statute_to_curated_topic,candidate
commonlii-LKCA-1984-24,09,SRC071,statute_to_curated_topic,candidate
commonlii-LKCA-1984-24,18,SRC071,statute_to_curated_topic,candidate
commonlii-LKCA-1984-26,05,SRC028,statute_to_curated_topic,candidate
commonlii-LKCA-1984-26,16,SRC061,statute_to_curated_topic,candidate
commonlii-LKCA-1984-26,17,SRC028,statute_to_curated_topic,candidate
commonlii-LKCA-1984-27,05,SRC030,statute_to_curated_topic,candidate
commonlii-LKCA-1984-27,09,SRC030,statute_to_curated_topic,candidate
commonlii-LKCA-1984-27,17,SRC030,statute_to_curated_topic,candidate
commonlii-LKCA-1984-3,11,SRC049,statute_to_curated_topic,candidate
commonlii-LKCA-1984-3,17,SRC064,statute_to_curated_topic,candidate
commonlii-LKCA-1984-3,20,SRC049,statute_to_curated_topic,candidate
commonlii-LKCA-1984-31,05,SRC028,statute_to_curated_topic,candidate
commonlii-LKCA-1984-31,17,SRC028,statute_to_curated_topic,candidate
commonlii-LKCA-1984-33,05,SRC028,statute_to_curated_topic,candidate
commonlii-LKCA-1984-33,17,SRC028,statute_to_curated_topic,candidate
commonlii-LKCA-1985-15,09,SRC071,statute_to_curated_topic,candidate
commonlii-LKCA-1985-15,11,SRC049,statute_to_curated_topic,candidate
commonlii-LKCA-1985-15,18,SRC071,statute_to_curated_topic,candidate
commonlii-LKCA-1985-15,20,SRC049,statute_to_curated_topic,candidate
commonlii-LKCA-1985-16,11,SRC049,statute_to_curated_topic,candidate
commonlii-LKCA-1985-16,20,SRC049,statute_to_curated_topic,candidate
commonlii-LKCA-1985-17,05,SRC029,statute_to_curated_topic,candidate
commonlii-LKCA-1985-22,05,SRC028,statute_to_curated_topic,candidate
commonlii-LKCA-1985-22,05,SRC030,statute_to_curated_topic,candidate
commonlii-LKCA-1985-22,09,SRC030,statute_to_curated_topic,candidate
commonlii-LKCA-1985-22,17,SRC028,statute_to_curated_topic,candidate
commonlii-LKCA-1985-22,17,SRC030,statute_to_curated_topic,candidate
commonlii-LKCA-1985-24,01,SRC001,statute_to_curated_topic,candidate
commonlii-LKCA-1985-24,05,SRC001,statute_to_curated_topic,candidate
commonlii-LKCA-1985-24,05,SRC014,statute_to_curated_topic,candidate
commonlii-LKCA-1985-24,05,SRC024,statute_to_curated_topic,candidate
commonlii-LKCA-1985-24,05,SRC029,statute_to_curated_topic,candidate
commonlii-LKCA-1985-24,05,SRC030,statute_to_curated_topic,candidate
commonlii-LKCA-1985-24,06,SRC001,statute_to_curated_topic,candidate
commonlii-LKCA-1985-24,06,SRC014,statute_to_curated_topic,candidate
commonlii-LKCA-1985-24,08,SRC014,statute_to_curated_topic,candidate
commonlii-LKCA-1985-24,09,SRC030,statute_to_curated_topic,candidate
commonlii-LKCA-1985-24,14,SRC024,statute_to_curated_topic,candidate
commonlii-LKCA-1985-24,17,SRC001,statute_to_curated_topic,candidate
commonlii-LKCA-1985-24,17,SRC014,statute_to_curated_topic,candidate
commonlii-LKCA-1985-24,17,SRC024,statute_to_curated_topic,candidate
commonlii-LKCA-1985-24,17,SRC030,statute_to_curated_topic,candidate
commonlii-LKCA-1985-24,20,SRC014,statute_to_curated_topic,candidate
commonlii-LKCA-1985-33,09,SRC071,statute_to_curated_topic,candidate
commonlii-LKCA-1985-33,18,SRC071,statute_to_curated_topic,candidate
commonlii-LKCA-1985-34,02,SRC005,statute_to_curated_topic,candidate
commonlii-LKCA-1985-34,05,SRC005,statute_to_curated_topic,candidate
commonlii-LKCA-1985-34,05,SRC014,statute_to_curated_topic,candidate
commonlii-LKCA-1985-34,05,SRC029,statute_to_curated_topic,candidate
commonlii-LKCA-1985-34,06,SRC005,statute_to_curated_topic,candidate
commonlii-LKCA-1985-34,06,SRC014,statute_to_curated_topic,candidate
commonlii-LKCA-1985-34,08,SRC014,statute_to_curated_topic,candidate
commonlii-LKCA-1985-34,17,SRC005,statute_to_curated_topic,candidate
commonlii-LKCA-1985-34,17,SRC014,statute_to_curated_topic,candidate
commonlii-LKCA-1985-34,20,SRC014,statute_to_curated_topic,candidate
commonlii-LKCA-1985-35,02,SRC005,statute_to_curated_topic,candidate
commonlii-LKCA-1985-35,05,SRC005,statute_to_curated_topic,candidate
commonlii-LKCA-1985-35,06,SRC005,statute_to_curated_topic,candidate
commonlii-LKCA-1985-35,17,SRC005,statute_to_curated_topic,candidate
commonlii-LKCA-1985-35,17,SRC064,statute_to_curated_topic,candidate
commonlii-LKCA-1985-55,05,SRC028,statute_to_curated_topic,candidate
commonlii-LKCA-1985-55,17,SRC028,statute_to_curated_topic,candidate
commonlii-LKCA-1985-57,05,SRC029,statute_to_curated_topic,candidate
commonlii-LKCA-1985-57,05,SRC030,statute_to_curated_topic,candidate
commonlii-LKCA-1985-57,09,SRC030,statute_to_curated_topic,candidate
commonlii-LKCA-1985-57,17,SRC030,statute_to_curated_topic,candidate
commonlii-LKCA-1985-58,05,SRC027,statute_to_curated_topic,candidate
commonlii-LKCA-1985-58,17,SRC027,statute_to_curated_topic,candidate
commonlii-LKCA-1985-65,12,SRC050,statute_to_curated_topic,candidate
commonlii-LKCA-1985-65,20,SRC050,statute_to_curated_topic,candidate
commonlii-LKCA-1985-9,11,SRC049,statute_to_curated_topic,candidate
commonlii-LKCA-1985-9,20,SRC049,statute_to_curated_topic,candidate
commonlii-LKCA-1986-20,09,SRC071,statute_to_curated_topic,candidate
commonlii-LKCA-1986-20,18,SRC071,statute_to_curated_topic,candidate
commonlii-LKCA-1986-21,05,SRC028,statute_to_curated_topic,candidate
commonlii-LKCA-1986-21,17,SRC028,statute_to_curated_topic,candidate
commonlii-LKCA-1986-22,05,SRC030,statute_to_curated_topic,candidate
commonlii-LKCA-1986-22,09,SRC030,statute_to_curated_topic,candidate
commonlii-LKCA-1986-22,17,SRC030,statute_to_curated_topic,candidate
commonlii-LKCA-1986-29,05,SRC030,statute_to_curated_topic,candidate
commonlii-LKCA-1986-29,09,SRC030,statute_to_curated_topic,candidate
commonlii-LKCA-1986-29,15,SRC059,statute_to_curated_topic,candidate
commonlii-LKCA-1986-29,17,SRC030,statute_to_curated_topic,candidate
commonlii-LKCA-1986-3,02,SRC005,statute_to_curated_topic,candidate
commonlii-LKCA-1986-3,05,SRC005,statute_to_curated_topic,candidate
commonlii-LKCA-1986-3,06,SRC005,statute_to_curated_topic,candidate
commonlii-LKCA-1986-3,17,SRC005,statute_to_curated_topic,candidate
commonlii-LKCA-1986-32,05,SRC030,statute_to_curated_topic,candidate
commonlii-LKCA-1986-32,09,SRC030,statute_to_curated_topic,candidate
commonlii-LKCA-1986-32,17,SRC030,statute_to_curated_topic,candidate
commonlii-LKCA-1986-37,01,SRC004,statute_to_curated_topic,candidate
commonlii-LKCA-1986-37,05,SRC004,statute_to_curated_topic,candidate
commonlii-LKCA-1986-37,05,SRC024,statute_to_curated_topic,candidate
commonlii-LKCA-1986-37,05,SRC028,statute_to_curated_topic,candidate
commonlii-LKCA-1986-37,05,SRC030,statute_to_curated_topic,candidate
commonlii-LKCA-1986-37,09,SRC004,statute_to_curated_topic,candidate
commonlii-LKCA-1986-37,09,SRC030,statute_to_curated_topic,candidate
commonlii-LKCA-1986-37,10,SRC045,statute_to_curated_topic,candidate
commonlii-LKCA-1986-37,10,SRC048,statute_to_curated_topic,candidate
commonlii-LKCA-1986-37,14,SRC024,statute_to_curated_topic,candidate
commonlii-LKCA-1986-37,17,SRC024,statute_to_curated_topic,candidate
commonlii-LKCA-1986-37,17,SRC028,statute_to_curated_topic,candidate
commonlii-LKCA-1986-37,17,SRC030,statute_to_curated_topic,candidate
commonlii-LKCA-1986-39,09,SRC071,statute_to_curated_topic,candidate
commonlii-LKCA-1986-39,18,SRC071,statute_to_curated_topic,candidate
commonlii-LKCA-1986-8,01,SRC001,statute_to_curated_topic,candidate
commonlii-LKCA-1986-8,05,SRC001,statute_to_curated_topic,candidate
commonlii-LKCA-1986-8,06,SRC001,statute_to_curated_topic,candidate
commonlii-LKCA-1986-8,11,SRC049,statute_to_curated_topic,candidate
commonlii-LKCA-1986-8,17,SRC001,statute_to_curated_topic,candidate
commonlii-LKCA-1986-8,20,SRC049,statute_to_curated_topic,candidate
commonlii-LKCA-1987-1,05,SRC030,statute_to_curated_topic,candidate
commonlii-LKCA-1987-1,09,SRC030,statute_to_curated_topic,candidate
commonlii-LKCA-1987-1,17,SRC030,statute_to_curated_topic,candidate
commonlii-LKCA-1987-11,05,SRC033,statute_to_curated_topic,candidate
commonlii-LKCA-1987-11,11,SRC049,statute_to_curated_topic,candidate
commonlii-LKCA-1987-11,12,SRC033,statute_to_curated_topic,candidate
commonlii-LKCA-1987-11,12,SRC050,statute_to_curated_topic,candidate
commonlii-LKCA-1987-11,15,SRC059,statute_to_curated_topic,candidate
commonlii-LKCA-1987-11,20,SRC033,statute_to_curated_topic,candidate
commonlii-LKCA-1987-11,20,SRC049,statute_to_curated_topic,candidate
commonlii-LKCA-1987-11,20,SRC050,statute_to_curated_topic,candidate
commonlii-LKCA-1987-13,05,SRC030,statute_to_curated_topic,candidate
commonlii-LKCA-1987-13,09,SRC030,statute_to_curated_topic,candidate
commonlii-LKCA-1987-13,17,SRC030,statute_to_curated_topic,candidate
commonlii-LKCA-1987-15,05,SRC028,statute_to_curated_topic,candidate
commonlii-LKCA-1987-15,17,SRC028,statute_to_curated_topic,candidate
commonlii-LKCA-1987-17,05,SRC030,statute_to_curated_topic,candidate
commonlii-LKCA-1987-17,09,SRC030,statute_to_curated_topic,candidate
commonlii-LKCA-1987-17,17,SRC030,statute_to_curated_topic,candidate
commonlii-LKCA-1987-18,05,SRC030,statute_to_curated_topic,candidate
commonlii-LKCA-1987-18,09,SRC030,statute_to_curated_topic,candidate
commonlii-LKCA-1987-18,17,SRC030,statute_to_curated_topic,candidate
commonlii-LKCA-1987-22,01,SRC001,statute_to_curated_topic,candidate
commonlii-LKCA-1987-22,02,SRC005,statute_to_curated_topic,candidate
commonlii-LKCA-1987-22,05,SRC001,statute_to_curated_topic,candidate
commonlii-LKCA-1987-22,05,SRC005,statute_to_curated_topic,candidate
commonlii-LKCA-1987-22,06,SRC001,statute_to_curated_topic,candidate
commonlii-LKCA-1987-22,06,SRC005,statute_to_curated_topic,candidate
commonlii-LKCA-1987-22,15,SRC059,statute_to_curated_topic,candidate
commonlii-LKCA-1987-22,17,SRC001,statute_to_curated_topic,candidate
commonlii-LKCA-1987-22,17,SRC005,statute_to_curated_topic,candidate
commonlii-LKCA-1987-25,05,SRC033,statute_to_curated_topic,candidate
commonlii-LKCA-1987-25,12,SRC033,statute_to_curated_topic,candidate
commonlii-LKCA-1987-25,20,SRC033,statute_to_curated_topic,candidate
commonlii-LKCA-1987-27,01,SRC001,statute_to_curated_topic,candidate
commonlii-LKCA-1987-27,02,SRC005,statute_to_curated_topic,candidate
commonlii-LKCA-1987-27,05,SRC001,statute_to_curated_topic,candidate
commonlii-LKCA-1987-27,05,SRC005,statute_to_curated_topic,candidate
commonlii-LKCA-1987-27,05,SRC014,statute_to_curated_topic,candidate
commonlii-LKCA-1987-27,06,SRC001,statute_to_curated_topic,candidate
commonlii-LKCA-1987-27,06,SRC005,statute_to_curated_topic,candidate
commonlii-LKCA-1987-27,06,SRC014,statute_to_curated_topic,candidate
commonlii-LKCA-1987-27,08,SRC014,statute_to_curated_topic,candidate
commonlii-LKCA-1987-27,17,SRC001,statute_to_curated_topic,candidate
commonlii-LKCA-1987-27,17,SRC005,statute_to_curated_topic,candidate
commonlii-LKCA-1987-27,17,SRC014,statute_to_curated_topic,candidate
commonlii-LKCA-1987-27,20,SRC014,statute_to_curated_topic,candidate
commonlii-LKCA-1987-29,05,SRC029,statute_to_curated_topic,candidate
commonlii-LKCA-1987-30,05,SRC029,statute_to_curated_topic,candidate
commonlii-LKCA-1987-34,05,SRC029,statute_to_curated_topic,candidate
commonlii-LKCA-1987-34,09,SRC071,statute_to_curated_topic,candidate
commonlii-LKCA-1987-34,12,SRC050,statute_to_curated_topic,candidate
commonlii-LKCA-1987-34,18,SRC071,statute_to_curated_topic,candidate
commonlii-LKCA-1987-34,20,SRC050,statute_to_curated_topic,candidate
commonlii-LKCA-1987-36,05,SRC028,statute_to_curated_topic,candidate
commonlii-LKCA-1987-36,17,SRC028,statute_to_curated_topic,candidate
commonlii-LKCA-1987-37,05,SRC028,statute_to_curated_topic,candidate
commonlii-LKCA-1987-37,17,SRC028,statute_to_curated_topic,candidate
commonlii-LKCA-1987-40,09,SRC071,statute_to_curated_topic,candidate
commonlii-LKCA-1987-40,18,SRC071,statute_to_curated_topic,candidate
commonlii-LKCA-1987-9,05,SRC030,statute_to_curated_topic,candidate
commonlii-LKCA-1987-9,09,SRC030,statute_to_curated_topic,candidate
commonlii-LKCA-1987-9,17,SRC030,statute_to_curated_topic,candidate
commonlii-LKCA-1988-11,05,SRC028,statute_to_curated_topic,candidate
commonlii-LKCA-1988-11,11,SRC049,statute_to_curated_topic,candidate
commonlii-LKCA-1988-11,17,SRC028,statute_to_curated_topic,candidate
commonlii-LKCA-1988-11,20,SRC049,statute_to_curated_topic,candidate
commonlii-LKCA-1988-15,05,SRC029,statute_to_curated_topic,candidate
commonlii-LKCA-1988-15,05,SRC030,statute_to_curated_topic,candidate
commonlii-LKCA-1988-15,05,SRC031,statute_to_curated_topic,candidate
commonlii-LKCA-1988-15,09,SRC030,statute_to_curated_topic,candidate
commonlii-LKCA-1988-15,09,SRC031,statute_to_curated_topic,candidate
commonlii-LKCA-1988-15,17,SRC030,statute_to_curated_topic,candidate
commonlii-LKCA-1988-16,05,SRC030,statute_to_curated_topic,candidate
commonlii-LKCA-1988-16,09,SRC030,statute_to_curated_topic,candidate
commonlii-LKCA-1988-16,17,SRC030,statute_to_curated_topic,candidate
commonlii-LKCA-1988-19,05,SRC029,statute_to_curated_topic,candidate
commonlii-LKCA-1988-21,01,SRC004,statute_to_curated_topic,candidate
commonlii-LKCA-1988-21,05,SRC004,statute_to_curated_topic,candidate
commonlii-LKCA-1988-21,09,SRC004,statute_to_curated_topic,candidate
commonlii-LKCA-1988-26,15,SRC059,statute_to_curated_topic,candidate
commonlii-LKCA-1988-34,01,SRC001,statute_to_curated_topic,candidate
commonlii-LKCA-1988-34,05,SRC001,statute_to_curated_topic,candidate
commonlii-LKCA-1988-34,06,SRC001,statute_to_curated_topic,candidate
commonlii-LKCA-1988-34,17,SRC001,statute_to_curated_topic,candidate
commonlii-LKCA-1988-4,05,SRC030,statute_to_curated_topic,candidate
commonlii-LKCA-1988-4,09,SRC030,statute_to_curated_topic,candidate
commonlii-LKCA-1988-4,17,SRC030,statute_to_curated_topic,candidate
commonlii-LKCA-1988-44,02,SRC005,statute_to_curated_topic,candidate
commonlii-LKCA-1988-44,05,SRC005,statute_to_curated_topic,candidate
commonlii-LKCA-1988-44,05,SRC027,statute_to_curated_topic,candidate
commonlii-LKCA-1988-44,06,SRC005,statute_to_curated_topic,candidate
commonlii-LKCA-1988-44,17,SRC005,statute_to_curated_topic,candidate
commonlii-LKCA-1988-44,17,SRC027,statute_to_curated_topic,candidate
commonlii-LKCA-1988-45,05,SRC033,statute_to_curated_topic,candidate
commonlii-LKCA-1988-45,12,SRC033,statute_to_curated_topic,candidate
commonlii-LKCA-1988-45,12,SRC051,statute_to_curated_topic,candidate
commonlii-LKCA-1988-45,20,SRC033,statute_to_curated_topic,candidate
commonlii-LKCA-1988-47,01,SRC001,statute_to_curated_topic,candidate
commonlii-LKCA-1988-47,05,SRC001,statute_to_curated_topic,candidate
commonlii-LKCA-1988-47,05,SRC028,statute_to_curated_topic,candidate
commonlii-LKCA-1988-47,06,SRC001,statute_to_curated_topic,candidate
commonlii-LKCA-1988-47,17,SRC001,statute_to_curated_topic,candidate
commonlii-LKCA-1988-47,17,SRC028,statute_to_curated_topic,candidate
commonlii-LKCA-1988-49,05,SRC027,statute_to_curated_topic,candidate
commonlii-LKCA-1988-49,17,SRC027,statute_to_curated_topic,candidate
commonlii-LKCA-1988-51,09,SRC071,statute_to_curated_topic,candidate
commonlii-LKCA-1988-51,18,SRC071,statute_to_curated_topic,candidate
commonlii-LKCA-1989-16,05,SRC030,statute_to_curated_topic,candidate
commonlii-LKCA-1989-16,09,SRC030,statute_to_curated_topic,candidate
commonlii-LKCA-1989-16,17,SRC030,statute_to_curated_topic,candidate
commonlii-LKCA-1989-20,05,SRC027,statute_to_curated_topic,candidate
commonlii-LKCA-1989-20,05,SRC030,statute_to_curated_topic,candidate
commonlii-LKCA-1989-20,09,SRC030,statute_to_curated_topic,candidate
commonlii-LKCA-1989-20,17,SRC027,statute_to_curated_topic,candidate
commonlii-LKCA-1989-20,17,SRC030,statute_to_curated_topic,candidate
commonlii-LKCA-1989-22,01,SRC004,statute_to_curated_topic,candidate
commonlii-LKCA-1989-22,05,SRC004,statute_to_curated_topic,candidate
commonlii-LKCA-1989-22,05,SRC030,statute_to_curated_topic,candidate
commonlii-LKCA-1989-22,09,SRC004,statute_to_curated_topic,candidate
commonlii-LKCA-1989-22,09,SRC030,statute_to_curated_topic,candidate
commonlii-LKCA-1989-22,15,SRC059,statute_to_curated_topic,candidate
commonlii-LKCA-1989-22,17,SRC030,statute_to_curated_topic,candidate
commonlii-LKCA-1989-23,05,SRC030,statute_to_curated_topic,candidate
commonlii-LKCA-1989-23,09,SRC030,statute_to_curated_topic,candidate
commonlii-LKCA-1989-23,17,SRC030,statute_to_curated_topic,candidate
commonlii-LKCA-1989-45,02,SRC005,statute_to_curated_topic,candidate
commonlii-LKCA-1989-45,05,SRC005,statute_to_curated_topic,candidate
commonlii-LKCA-1989-45,05,SRC027,statute_to_curated_topic,candidate
commonlii-LKCA-1989-45,06,SRC005,statute_to_curated_topic,candidate
commonlii-LKCA-1989-45,17,SRC005,statute_to_curated_topic,candidate
commonlii-LKCA-1989-45,17,SRC027,statute_to_curated_topic,candidate
commonlii-LKCA-1989-8,05,SRC014,statute_to_curated_topic,candidate
commonlii-LKCA-1989-8,06,SRC014,statute_to_curated_topic,candidate
commonlii-LKCA-1989-8,08,SRC014,statute_to_curated_topic,candidate
commonlii-LKCA-1989-8,12,SRC050,statute_to_curated_topic,candidate
commonlii-LKCA-1989-8,17,SRC014,statute_to_curated_topic,candidate
commonlii-LKCA-1989-8,20,SRC014,statute_to_curated_topic,candidate
commonlii-LKCA-1989-8,20,SRC050,statute_to_curated_topic,candidate
commonlii-LKCA-1990-12,05,SRC030,statute_to_curated_topic,candidate
commonlii-LKCA-1990-12,09,SRC030,statute_to_curated_topic,candidate
commonlii-LKCA-1990-12,17,SRC030,statute_to_curated_topic,candidate
commonlii-LKCA-1990-17,05,SRC030,statute_to_curated_topic,candidate
commonlii-LKCA-1990-17,09,SRC030,statute_to_curated_topic,candidate
commonlii-LKCA-1990-17,17,SRC030,statute_to_curated_topic,candidate
commonlii-LKCA-1990-22,05,SRC030,statute_to_curated_topic,candidate
commonlii-LKCA-1990-22,09,SRC030,statute_to_curated_topic,candidate
commonlii-LKCA-1990-22,17,SRC030,statute_to_curated_topic,candidate
commonlii-LKCA-1990-36,05,SRC030,statute_to_curated_topic,candidate
commonlii-LKCA-1990-36,09,SRC030,statute_to_curated_topic,candidate
commonlii-LKCA-1990-36,17,SRC030,statute_to_curated_topic,candidate
commonlii-LKCA-1990-55,01,SRC001,statute_to_curated_topic,candidate
commonlii-LKCA-1990-55,05,SRC001,statute_to_curated_topic,candidate
commonlii-LKCA-1990-55,05,SRC027,statute_to_curated_topic,candidate
commonlii-LKCA-1990-55,05,SRC028,statute_to_curated_topic,candidate
commonlii-LKCA-1990-55,05,SRC030,statute_to_curated_topic,candidate
commonlii-LKCA-1990-55,06,SRC001,statute_to_curated_topic,candidate
commonlii-LKCA-1990-55,09,SRC030,statute_to_curated_topic,candidate
commonlii-LKCA-1990-55,17,SRC001,statute_to_curated_topic,candidate
commonlii-LKCA-1990-55,17,SRC027,statute_to_curated_topic,candidate
commonlii-LKCA-1990-55,17,SRC028,statute_to_curated_topic,candidate
commonlii-LKCA-1990-55,17,SRC030,statute_to_curated_topic,candidate
commonlii-LKCA-1990-61,05,SRC027,statute_to_curated_topic,candidate
commonlii-LKCA-1990-61,17,SRC027,statute_to_curated_topic,candidate
commonlii-LKCA-1990-65,05,SRC030,statute_to_curated_topic,candidate
commonlii-LKCA-1990-65,09,SRC030,statute_to_curated_topic,candidate
commonlii-LKCA-1990-65,17,SRC030,statute_to_curated_topic,candidate
commonlii-LKCA-1991-1,05,SRC030,statute_to_curated_topic,candidate
commonlii-LKCA-1991-1,09,SRC030,statute_to_curated_topic,candidate
commonlii-LKCA-1991-1,17,SRC030,statute_to_curated_topic,candidate
commonlii-LKCA-1991-13,05,SRC030,statute_to_curated_topic,candidate
commonlii-LKCA-1991-13,09,SRC030,statute_to_curated_topic,candidate
commonlii-LKCA-1991-13,17,SRC030,statute_to_curated_topic,candidate
commonlii-LKCA-1991-18,05,SRC030,statute_to_curated_topic,candidate
commonlii-LKCA-1991-18,09,SRC030,statute_to_curated_topic,candidate
commonlii-LKCA-1991-18,17,SRC030,statute_to_curated_topic,candidate
commonlii-LKCA-1991-19,05,SRC030,statute_to_curated_topic,candidate
commonlii-LKCA-1991-19,09,SRC030,statute_to_curated_topic,candidate
commonlii-LKCA-1991-19,17,SRC030,statute_to_curated_topic,candidate
commonlii-LKCA-1991-20,05,SRC030,statute_to_curated_topic,candidate
commonlii-LKCA-1991-20,09,SRC030,statute_to_curated_topic,candidate
commonlii-LKCA-1991-20,17,SRC030,statute_to_curated_topic,candidate
commonlii-LKCA-1991-22,05,SRC030,statute_to_curated_topic,candidate
commonlii-LKCA-1991-22,09,SRC030,statute_to_curated_topic,candidate
commonlii-LKCA-1991-22,17,SRC030,statute_to_curated_topic,candidate
commonlii-LKCA-1991-29,05,SRC027,statute_to_curated_topic,candidate
commonlii-LKCA-1991-29,17,SRC027,statute_to_curated_topic,candidate
commonlii-LKCA-1991-41,12,SRC051,statute_to_curated_topic,candidate
commonlii-LKCA-1991-41,16,SRC076,statute_to_curated_topic,candidate
commonlii-LKCA-1991-41,18,SRC076,statute_to_curated_topic,candidate
commonlii-LKCA-1991-48,05,SRC028,statute_to_curated_topic,candidate
commonlii-LKCA-1991-48,05,SRC030,statute_to_curated_topic,candidate
commonlii-LKCA-1991-48,09,SRC030,statute_to_curated_topic,candidate
commonlii-LKCA-1991-48,17,SRC028,statute_to_curated_topic,candidate
commonlii-LKCA-1991-48,17,SRC030,statute_to_curated_topic,candidate
commonlii-LKCA-1991-50,05,SRC028,statute_to_curated_topic,candidate
commonlii-LKCA-1991-50,17,SRC028,statute_to_curated_topic,candidate
commonlii-LKCA-1991-54,09,SRC071,statute_to_curated_topic,candidate
commonlii-LKCA-1991-54,18,SRC071,statute_to_curated_topic,candidate
commonlii-LKCA-1991-56,05,SRC030,statute_to_curated_topic,candidate
commonlii-LKCA-1991-56,05,SRC034,statute_to_curated_topic,candidate
commonlii-LKCA-1991-56,07,SRC034,statute_to_curated_topic,candidate
commonlii-LKCA-1991-56,09,SRC030,statute_to_curated_topic,candidate
commonlii-LKCA-1991-56,17,SRC030,statute_to_curated_topic,candidate
commonlii-LKCA-1991-56,17,SRC034,statute_to_curated_topic,candidate
commonlii-LKCA-1991-56,20,SRC034,statute_to_curated_topic,candidate
commonlii-LKCA-1992-1,05,SRC030,statute_to_curated_topic,candidate
commonlii-LKCA-1992-1,09,SRC030,statute_to_curated_topic,candidate
commonlii-LKCA-1992-1,17,SRC030,statute_to_curated_topic,candidate
commonlii-LKCA-1992-15,05,SRC030,statute_to_curated_topic,candidate
commonlii-LKCA-1992-15,09,SRC030,statute_to_curated_topic,candidate
commonlii-LKCA-1992-15,17,SRC030,statute_to_curated_topic,candidate
commonlii-LKCA-1992-31,05,SRC030,statute_to_curated_topic,candidate
commonlii-LKCA-1992-31,09,SRC030,statute_to_curated_topic,candidate
commonlii-LKCA-1992-31,09,SRC071,statute_to_curated_topic,candidate
commonlii-LKCA-1992-31,17,SRC030,statute_to_curated_topic,candidate
commonlii-LKCA-1992-31,18,SRC071,statute_to_curated_topic,candidate
commonlii-LKCA-1992-36,05,SRC027,statute_to_curated_topic,candidate
commonlii-LKCA-1992-36,05,SRC030,statute_to_curated_topic,candidate
commonlii-LKCA-1992-36,09,SRC030,statute_to_curated_topic,candidate
commonlii-LKCA-1992-36,17,SRC027,statute_to_curated_topic,candidate
commonlii-LKCA-1992-36,17,SRC030,statute_to_curated_topic,candidate
commonlii-LKCA-1993-26,05,SRC030,statute_to_curated_topic,candidate
commonlii-LKCA-1993-26,09,SRC030,statute_to_curated_topic,candidate
commonlii-LKCA-1993-26,17,SRC030,statute_to_curated_topic,candidate
commonlii-LKCA-1993-26,17,SRC064,statute_to_curated_topic,candidate
commonlii-LKCA-1993-27,05,SRC027,statute_to_curated_topic,candidate
commonlii-LKCA-1993-27,05,SRC030,statute_to_curated_topic,candidate
commonlii-LKCA-1993-27,09,SRC030,statute_to_curated_topic,candidate
commonlii-LKCA-1993-27,17,SRC027,statute_to_curated_topic,candidate
commonlii-LKCA-1993-27,17,SRC030,statute_to_curated_topic,candidate
commonlii-LKCA-1993-28,05,SRC027,statute_to_curated_topic,candidate
commonlii-LKCA-1993-28,17,SRC027,statute_to_curated_topic,candidate
commonlii-LKCA-1993-31,05,SRC027,statute_to_curated_topic,candidate
commonlii-LKCA-1993-31,05,SRC028,statute_to_curated_topic,candidate
commonlii-LKCA-1993-31,17,SRC027,statute_to_curated_topic,candidate
commonlii-LKCA-1993-31,17,SRC028,statute_to_curated_topic,candidate
commonlii-LKCA-1994-24,05,SRC027,statute_to_curated_topic,candidate
commonlii-LKCA-1994-24,17,SRC027,statute_to_curated_topic,candidate
commonlii-LKCA-1994-37,05,SRC027,statute_to_curated_topic,candidate
commonlii-LKCA-1994-37,05,SRC028,statute_to_curated_topic,candidate
commonlii-LKCA-1994-37,17,SRC027,statute_to_curated_topic,candidate
commonlii-LKCA-1994-37,17,SRC028,statute_to_curated_topic,candidate
commonlii-LKCA-1994-38,05,SRC028,statute_to_curated_topic,candidate
commonlii-LKCA-1994-38,17,SRC028,statute_to_curated_topic,candidate
commonlii-LKCA-1995-17,05,SRC027,statute_to_curated_topic,candidate
commonlii-LKCA-1995-17,05,SRC030,statute_to_curated_topic,candidate
commonlii-LKCA-1995-17,09,SRC030,statute_to_curated_topic,candidate
commonlii-LKCA-1995-17,17,SRC027,statute_to_curated_topic,candidate
commonlii-LKCA-1995-17,17,SRC030,statute_to_curated_topic,candidate
commonlii-LKCA-1995-2,05,SRC030,statute_to_curated_topic,candidate
commonlii-LKCA-1995-2,09,SRC030,statute_to_curated_topic,candidate
commonlii-LKCA-1995-2,17,SRC030,statute_to_curated_topic,candidate
commonlii-LKCA-1995-31,05,SRC028,statute_to_curated_topic,candidate
commonlii-LKCA-1995-31,05,SRC030,statute_to_curated_topic,candidate
commonlii-LKCA-1995-31,09,SRC030,statute_to_curated_topic,candidate
commonlii-LKCA-1995-31,17,SRC028,statute_to_curated_topic,candidate
commonlii-LKCA-1995-31,17,SRC030,statute_to_curated_topic,candidate
commonlii-LKCA-1995-34,12,SRC050,statute_to_curated_topic,candidate
commonlii-LKCA-1995-34,20,SRC050,statute_to_curated_topic,candidate
commonlii-LKCA-1995-36,05,SRC027,statute_to_curated_topic,candidate
commonlii-LKCA-1995-36,05,SRC028,statute_to_curated_topic,candidate
commonlii-LKCA-1995-36,17,SRC027,statute_to_curated_topic,candidate
commonlii-LKCA-1995-36,17,SRC028,statute_to_curated_topic,candidate
commonlii-LKCA-1996-12,05,SRC030,statute_to_curated_topic,candidate
commonlii-LKCA-1996-12,09,SRC030,statute_to_curated_topic,candidate
commonlii-LKCA-1996-12,17,SRC030,statute_to_curated_topic,candidate
commonlii-LKCA-1997-20,05,SRC030,statute_to_curated_topic,candidate
commonlii-LKCA-1997-20,09,SRC030,statute_to_curated_topic,candidate
commonlii-LKCA-1997-20,17,SRC030,statute_to_curated_topic,candidate
commonlii-LKCA-1997-21,05,SRC028,statute_to_curated_topic,candidate
commonlii-LKCA-1997-21,17,SRC028,statute_to_curated_topic,candidate
commonlii-LKCA-1997-21,17,SRC074,statute_to_curated_topic,candidate
commonlii-LKCA-1997-21,18,SRC074,statute_to_curated_topic,candidate
commonlii-LKCA-1997-24,05,SRC030,statute_to_curated_topic,candidate
commonlii-LKCA-1997-24,09,SRC030,statute_to_curated_topic,candidate
commonlii-LKCA-1997-24,17,SRC030,statute_to_curated_topic,candidate
commonlii-LKCA-1997-25,05,SRC029,statute_to_curated_topic,candidate
commonlii-LKCA-1997-25,05,SRC030,statute_to_curated_topic,candidate
commonlii-LKCA-1997-25,09,SRC030,statute_to_curated_topic,candidate
commonlii-LKCA-1997-25,17,SRC030,statute_to_curated_topic,candidate
commonlii-LKCA-1997-26,05,SRC027,statute_to_curated_topic,candidate
commonlii-LKCA-1997-26,05,SRC030,statute_to_curated_topic,candidate
commonlii-LKCA-1997-26,09,SRC030,statute_to_curated_topic,candidate
commonlii-LKCA-1997-26,17,SRC027,statute_to_curated_topic,candidate
commonlii-LKCA-1997-26,17,SRC030,statute_to_curated_topic,candidate
commonlii-LKCA-1997-28,01,SRC001,statute_to_curated_topic,candidate
commonlii-LKCA-1997-28,05,SRC001,statute_to_curated_topic,candidate
commonlii-LKCA-1997-28,05,SRC029,statute_to_curated_topic,candidate
commonlii-LKCA-1997-28,05,SRC030,statute_to_curated_topic,candidate
commonlii-LKCA-1997-28,06,SRC001,statute_to_curated_topic,candidate
commonlii-LKCA-1997-28,09,SRC030,statute_to_curated_topic,candidate
commonlii-LKCA-1997-28,17,SRC001,statute_to_curated_topic,candidate
commonlii-LKCA-1997-28,17,SRC030,statute_to_curated_topic,candidate
commonlii-LKCA-1997-31,05,SRC029,statute_to_curated_topic,candidate
commonlii-LKCA-1997-31,05,SRC030,statute_to_curated_topic,candidate
commonlii-LKCA-1997-31,09,SRC030,statute_to_curated_topic,candidate
commonlii-LKCA-1997-31,17,SRC030,statute_to_curated_topic,candidate
commonlii-LKCA-1997-33,05,SRC030,statute_to_curated_topic,candidate
commonlii-LKCA-1997-33,09,SRC030,statute_to_curated_topic,candidate
commonlii-LKCA-1997-33,17,SRC030,statute_to_curated_topic,candidate
commonlii-LKCA-1997-35,05,SRC030,statute_to_curated_topic,candidate
commonlii-LKCA-1997-35,09,SRC030,statute_to_curated_topic,candidate
commonlii-LKCA-1997-35,17,SRC030,statute_to_curated_topic,candidate
commonlii-LKCA-1997-37,05,SRC030,statute_to_curated_topic,candidate
commonlii-LKCA-1997-37,09,SRC030,statute_to_curated_topic,candidate
commonlii-LKCA-1997-37,17,SRC030,statute_to_curated_topic,candidate
commonlii-LKCA-1997-40,05,SRC030,statute_to_curated_topic,candidate
commonlii-LKCA-1997-40,09,SRC030,statute_to_curated_topic,candidate
commonlii-LKCA-1997-40,17,SRC030,statute_to_curated_topic,candidate
commonlii-LKCA-1997-41,01,SRC001,statute_to_curated_topic,candidate
commonlii-LKCA-1997-41,05,SRC001,statute_to_curated_topic,candidate
commonlii-LKCA-1997-41,05,SRC029,statute_to_curated_topic,candidate
commonlii-LKCA-1997-41,05,SRC030,statute_to_curated_topic,candidate
commonlii-LKCA-1997-41,06,SRC001,statute_to_curated_topic,candidate
commonlii-LKCA-1997-41,09,SRC030,statute_to_curated_topic,candidate
commonlii-LKCA-1997-41,17,SRC001,statute_to_curated_topic,candidate
commonlii-LKCA-1997-41,17,SRC030,statute_to_curated_topic,candidate
commonlii-LKCA-1997-48,01,SRC001,statute_to_curated_topic,candidate
commonlii-LKCA-1997-48,05,SRC001,statute_to_curated_topic,candidate
commonlii-LKCA-1997-48,06,SRC001,statute_to_curated_topic,candidate
commonlii-LKCA-1997-48,15,SRC059,statute_to_curated_topic,candidate
commonlii-LKCA-1997-48,17,SRC001,statute_to_curated_topic,candidate
commonlii-LKCA-1997-49,01,SRC001,statute_to_curated_topic,candidate
commonlii-LKCA-1997-49,05,SRC001,statute_to_curated_topic,candidate
commonlii-LKCA-1997-49,06,SRC001,statute_to_curated_topic,candidate
commonlii-LKCA-1997-49,15,SRC059,statute_to_curated_topic,candidate
commonlii-LKCA-1997-49,17,SRC001,statute_to_curated_topic,candidate
commonlii-LKCA-1997-59,12,SRC050,statute_to_curated_topic,candidate
commonlii-LKCA-1997-59,20,SRC050,statute_to_curated_topic,candidate
commonlii-LKCA-1997-61,05,SRC030,statute_to_curated_topic,candidate
commonlii-LKCA-1997-61,09,SRC030,statute_to_curated_topic,candidate
commonlii-LKCA-1997-61,17,SRC030,statute_to_curated_topic,candidate
commonlii-LKCA-1997-65,05,SRC030,statute_to_curated_topic,candidate
commonlii-LKCA-1997-65,09,SRC030,statute_to_curated_topic,candidate
commonlii-LKCA-1997-65,17,SRC030,statute_to_curated_topic,candidate
commonlii-LKCA-1997-67,05,SRC028,statute_to_curated_topic,candidate
commonlii-LKCA-1997-67,17,SRC028,statute_to_curated_topic,candidate
commonlii-LKCA-1997-71,05,SRC030,statute_to_curated_topic,candidate
commonlii-LKCA-1997-71,09,SRC030,statute_to_curated_topic,candidate
commonlii-LKCA-1997-71,17,SRC030,statute_to_curated_topic,candidate
commonlii-LKCA-1997-73,05,SRC033,statute_to_curated_topic,candidate
commonlii-LKCA-1997-73,12,SRC033,statute_to_curated_topic,candidate
commonlii-LKCA-1997-73,12,SRC051,statute_to_curated_topic,candidate
commonlii-LKCA-1997-73,20,SRC033,statute_to_curated_topic,candidate
commonlii-LKCA-1997-74,05,SRC028,statute_to_curated_topic,candidate
commonlii-LKCA-1997-74,17,SRC028,statute_to_curated_topic,candidate
commonlii-LKCA-1997-79,05,SRC028,statute_to_curated_topic,candidate
commonlii-LKCA-1997-79,17,SRC028,statute_to_curated_topic,candidate
commonlii-LKCA-1997-85,05,SRC029,statute_to_curated_topic,candidate
commonlii-LKCA-1997-85,15,SRC059,statute_to_curated_topic,candidate
commonlii-LKCA-1998-22,05,SRC029,statute_to_curated_topic,candidate
commonlii-LKCA-1998-22,12,SRC050,statute_to_curated_topic,candidate
commonlii-LKCA-1998-22,20,SRC050,statute_to_curated_topic,candidate
commonlii-LKCA-1998-30,05,SRC030,statute_to_curated_topic,candidate
commonlii-LKCA-1998-30,09,SRC030,statute_to_curated_topic,candidate
commonlii-LKCA-1998-30,17,SRC030,statute_to_curated_topic,candidate
commonlii-LKCA-1998-31,05,SRC028,statute_to_curated_topic,candidate
commonlii-LKCA-1998-31,05,SRC030,statute_to_curated_topic,candidate
commonlii-LKCA-1998-31,09,SRC030,statute_to_curated_topic,candidate
commonlii-LKCA-1998-31,09,SRC071,statute_to_curated_topic,candidate
commonlii-LKCA-1998-31,17,SRC028,statute_to_curated_topic,candidate
commonlii-LKCA-1998-31,17,SRC030,statute_to_curated_topic,candidate
commonlii-LKCA-1998-31,18,SRC071,statute_to_curated_topic,candidate
commonlii-LKCA-1998-32,05,SRC030,statute_to_curated_topic,candidate
commonlii-LKCA-1998-32,09,SRC030,statute_to_curated_topic,candidate
commonlii-LKCA-1998-32,17,SRC030,statute_to_curated_topic,candidate
commonlii-LKCA-1998-34,05,SRC030,statute_to_curated_topic,candidate
commonlii-LKCA-1998-34,09,SRC030,statute_to_curated_topic,candidate
commonlii-LKCA-1998-34,17,SRC030,statute_to_curated_topic,candidate
commonlii-LKCA-1998-35,05,SRC030,statute_to_curated_topic,candidate
commonlii-LKCA-1998-35,09,SRC030,statute_to_curated_topic,candidate
commonlii-LKCA-1998-35,09,SRC071,statute_to_curated_topic,candidate
commonlii-LKCA-1998-35,17,SRC030,statute_to_curated_topic,candidate
commonlii-LKCA-1998-35,18,SRC071,statute_to_curated_topic,candidate
commonlii-LKCA-1998-47,05,SRC028,statute_to_curated_topic,candidate
commonlii-LKCA-1998-47,17,SRC028,statute_to_curated_topic,candidate
commonlii-LKCA-1998-5,05,SRC030,statute_to_curated_topic,candidate
commonlii-LKCA-1998-5,09,SRC030,statute_to_curated_topic,candidate
commonlii-LKCA-1998-5,17,SRC030,statute_to_curated_topic,candidate
commonlii-LKCA-1998-50,05,SRC029,statute_to_curated_topic,candidate
commonlii-LKCA-1998-51,05,SRC029,statute_to_curated_topic,candidate
commonlii-LKCA-1998-55,01,SRC001,statute_to_curated_topic,candidate
commonlii-LKCA-1998-55,05,SRC001,statute_to_curated_topic,candidate
commonlii-LKCA-1998-55,06,SRC001,statute_to_curated_topic,candidate
commonlii-LKCA-1998-55,12,SRC050,statute_to_curated_topic,candidate
commonlii-LKCA-1998-55,17,SRC001,statute_to_curated_topic,candidate
commonlii-LKCA-1998-55,20,SRC050,statute_to_curated_topic,candidate
commonlii-LKCA-1998-6,05,SRC027,statute_to_curated_topic,candidate
commonlii-LKCA-1998-6,17,SRC027,statute_to_curated_topic,candidate
commonlii-LKCA-1999-1,05,SRC030,statute_to_curated_topic,candidate
commonlii-LKCA-1999-1,09,SRC030,statute_to_curated_topic,candidate
commonlii-LKCA-1999-1,17,SRC030,statute_to_curated_topic,candidate
commonlii-LKCA-1999-10,05,SRC030,statute_to_curated_topic,candidate
commonlii-LKCA-1999-10,09,SRC030,statute_to_curated_topic,candidate
commonlii-LKCA-1999-10,17,SRC030,statute_to_curated_topic,candidate
commonlii-LKCA-1999-15,05,SRC027,statute_to_curated_topic,candidate
commonlii-LKCA-1999-15,05,SRC030,statute_to_curated_topic,candidate
commonlii-LKCA-1999-15,09,SRC030,statute_to_curated_topic,candidate
commonlii-LKCA-1999-15,17,SRC027,statute_to_curated_topic,candidate
commonlii-LKCA-1999-15,17,SRC030,statute_to_curated_topic,candidate
commonlii-LKCA-1999-2,05,SRC027,statute_to_curated_topic,candidate
commonlii-LKCA-1999-2,09,SRC071,statute_to_curated_topic,candidate
commonlii-LKCA-1999-2,17,SRC027,statute_to_curated_topic,candidate
commonlii-LKCA-1999-2,18,SRC071,statute_to_curated_topic,candidate
commonlii-LKCA-1999-28,01,SRC001,statute_to_curated_topic,candidate
commonlii-LKCA-1999-28,05,SRC001,statute_to_curated_topic,candidate
commonlii-LKCA-1999-28,05,SRC014,statute_to_curated_topic,candidate
commonlii-LKCA-1999-28,06,SRC001,statute_to_curated_topic,candidate
commonlii-LKCA-1999-28,06,SRC014,statute_to_curated_topic,candidate
commonlii-LKCA-1999-28,08,SRC014,statute_to_curated_topic,candidate
commonlii-LKCA-1999-28,17,SRC001,statute_to_curated_topic,candidate
commonlii-LKCA-1999-28,17,SRC014,statute_to_curated_topic,candidate
commonlii-LKCA-1999-28,20,SRC014,statute_to_curated_topic,candidate
commonlii-LKCA-1999-3,05,SRC030,statute_to_curated_topic,candidate
commonlii-LKCA-1999-3,09,SRC030,statute_to_curated_topic,candidate
commonlii-LKCA-1999-3,17,SRC030,statute_to_curated_topic,candidate
commonlii-LKCA-1999-30,05,SRC030,statute_to_curated_topic,candidate
commonlii-LKCA-1999-30,05,SRC031,statute_to_curated_topic,candidate
commonlii-LKCA-1999-30,09,SRC030,statute_to_curated_topic,candidate
commonlii-LKCA-1999-30,09,SRC031,statute_to_curated_topic,candidate
commonlii-LKCA-1999-30,17,SRC030,statute_to_curated_topic,candidate
commonlii-LKCA-1999-30,17,SRC064,statute_to_curated_topic,candidate
commonlii-LKCA-1999-32,05,SRC030,statute_to_curated_topic,candidate
commonlii-LKCA-1999-32,09,SRC030,statute_to_curated_topic,candidate
commonlii-LKCA-1999-32,17,SRC030,statute_to_curated_topic,candidate
commonlii-LKCA-1999-38,11,SRC049,statute_to_curated_topic,candidate
commonlii-LKCA-1999-38,20,SRC049,statute_to_curated_topic,candidate
commonlii-LKCA-1999-39,05,SRC029,statute_to_curated_topic,candidate
commonlii-LKCA-1999-39,05,SRC030,statute_to_curated_topic,candidate
commonlii-LKCA-1999-39,09,SRC030,statute_to_curated_topic,candidate
commonlii-LKCA-1999-39,17,SRC030,statute_to_curated_topic,candidate
commonlii-LKCA-1999-4,05,SRC030,statute_to_curated_topic,candidate
commonlii-LKCA-1999-4,09,SRC030,statute_to_curated_topic,candidate
commonlii-LKCA-1999-4,17,SRC030,statute_to_curated_topic,candidate
commonlii-LKCA-1999-45,05,SRC027,statute_to_curated_topic,candidate
commonlii-LKCA-1999-45,05,SRC030,statute_to_curated_topic,candidate
commonlii-LKCA-1999-45,09,SRC030,statute_to_curated_topic,candidate
commonlii-LKCA-1999-45,17,SRC027,statute_to_curated_topic,candidate
commonlii-LKCA-1999-45,17,SRC030,statute_to_curated_topic,candidate
commonlii-LKCA-1999-50,05,SRC029,statute_to_curated_topic,candidate
commonlii-LKCA-1999-50,05,SRC030,statute_to_curated_topic,candidate
commonlii-LKCA-1999-50,09,SRC030,statute_to_curated_topic,candidate
commonlii-LKCA-1999-50,17,SRC030,statute_to_curated_topic,candidate
commonlii-LKCA-1999-51,05,SRC030,statute_to_curated_topic,candidate
commonlii-LKCA-1999-51,09,SRC030,statute_to_curated_topic,candidate
commonlii-LKCA-1999-51,17,SRC030,statute_to_curated_topic,candidate
commonlii-LKCA-1999-65,09,SRC071,statute_to_curated_topic,candidate
commonlii-LKCA-1999-65,18,SRC071,statute_to_curated_topic,candidate
commonlii-LKCA-1999-66,05,SRC027,statute_to_curated_topic,candidate
commonlii-LKCA-1999-66,09,SRC071,statute_to_curated_topic,candidate
commonlii-LKCA-1999-66,17,SRC027,statute_to_curated_topic,candidate
commonlii-LKCA-1999-66,18,SRC071,statute_to_curated_topic,candidate
commonlii-LKCA-1999-70,01,SRC001,statute_to_curated_topic,candidate
commonlii-LKCA-1999-70,05,SRC001,statute_to_curated_topic,candidate
commonlii-LKCA-1999-70,05,SRC030,statute_to_curated_topic,candidate
commonlii-LKCA-1999-70,06,SRC001,statute_to_curated_topic,candidate
commonlii-LKCA-1999-70,09,SRC030,statute_to_curated_topic,candidate
commonlii-LKCA-1999-70,17,SRC001,statute_to_curated_topic,candidate
commonlii-LKCA-1999-70,17,SRC030,statute_to_curated_topic,candidate
commonlii-LKCA-1999-74,01,SRC001,statute_to_curated_topic,candidate
commonlii-LKCA-1999-74,05,SRC001,statute_to_curated_topic,candidate
commonlii-LKCA-1999-74,05,SRC014,statute_to_curated_topic,candidate
commonlii-LKCA-1999-74,06,SRC001,statute_to_curated_topic,candidate
commonlii-LKCA-1999-74,06,SRC014,statute_to_curated_topic,candidate
commonlii-LKCA-1999-74,08,SRC014,statute_to_curated_topic,candidate
commonlii-LKCA-1999-74,17,SRC001,statute_to_curated_topic,candidate
commonlii-LKCA-1999-74,17,SRC014,statute_to_curated_topic,candidate
commonlii-LKCA-1999-74,20,SRC014,statute_to_curated_topic,candidate
commonlii-LKCA-1999-76,12,SRC050,statute_to_curated_topic,candidate
commonlii-LKCA-1999-76,12,SRC054,statute_to_curated_topic,candidate
commonlii-LKCA-1999-76,12,SRC056,statute_to_curated_topic,candidate
commonlii-LKCA-1999-76,20,SRC050,statute_to_curated_topic,candidate
commonlii-LKCA-1999-77,05,SRC028,statute_to_curated_topic,candidate
commonlii-LKCA-1999-77,17,SRC028,statute_to_curated_topic,candidate
commonlii-LKCA-1999-80,05,SRC027,statute_to_curated_topic,candidate
commonlii-LKCA-1999-80,17,SRC027,statute_to_curated_topic,candidate
commonlii-LKCA-1999-81,05,SRC027,statute_to_curated_topic,candidate
commonlii-LKCA-1999-81,17,SRC027,statute_to_curated_topic,candidate
commonlii-LKCA-1999-82,05,SRC030,statute_to_curated_topic,candidate
commonlii-LKCA-1999-82,09,SRC030,statute_to_curated_topic,candidate
commonlii-LKCA-1999-82,12,SRC050,statute_to_curated_topic,candidate
commonlii-LKCA-1999-82,17,SRC030,statute_to_curated_topic,candidate
commonlii-LKCA-1999-82,20,SRC050,statute_to_curated_topic,candidate
commonlii-LKCA-1999-83,09,SRC071,statute_to_curated_topic,candidate
commonlii-LKCA-1999-83,18,SRC071,statute_to_curated_topic,candidate
commonlii-LKCA-1999-9,05,SRC030,statute_to_curated_topic,candidate
commonlii-LKCA-1999-9,09,SRC030,statute_to_curated_topic,candidate
commonlii-LKCA-1999-9,17,SRC030,statute_to_curated_topic,candidate
commonlii-LKCA-2000-1,05,SRC030,statute_to_curated_topic,candidate
commonlii-LKCA-2000-1,09,SRC030,statute_to_curated_topic,candidate
commonlii-LKCA-2000-1,17,SRC030,statute_to_curated_topic,candidate
commonlii-LKCA-2000-12,01,SRC001,statute_to_curated_topic,candidate
commonlii-LKCA-2000-12,05,SRC001,statute_to_curated_topic,candidate
commonlii-LKCA-2000-12,05,SRC014,statute_to_curated_topic,candidate
commonlii-LKCA-2000-12,06,SRC001,statute_to_curated_topic,candidate
commonlii-LKCA-2000-12,06,SRC014,statute_to_curated_topic,candidate
commonlii-LKCA-2000-12,08,SRC014,statute_to_curated_topic,candidate
commonlii-LKCA-2000-12,17,SRC001,statute_to_curated_topic,candidate
commonlii-LKCA-2000-12,17,SRC014,statute_to_curated_topic,candidate
commonlii-LKCA-2000-12,17,SRC080,statute_to_curated_topic,candidate
commonlii-LKCA-2000-12,18,SRC080,statute_to_curated_topic,candidate
commonlii-LKCA-2000-12,20,SRC014,statute_to_curated_topic,candidate
commonlii-LKCA-2000-13,11,SRC049,statute_to_curated_topic,candidate
commonlii-LKCA-2000-13,20,SRC049,statute_to_curated_topic,candidate
commonlii-LKCA-2000-15,05,SRC030,statute_to_curated_topic,candidate
commonlii-LKCA-2000-15,09,SRC030,statute_to_curated_topic,candidate
commonlii-LKCA-2000-15,17,SRC030,statute_to_curated_topic,candidate
commonlii-LKCA-2000-19,05,SRC028,statute_to_curated_topic,candidate
commonlii-LKCA-2000-19,05,SRC030,statute_to_curated_topic,candidate
commonlii-LKCA-2000-19,09,SRC030,statute_to_curated_topic,candidate
commonlii-LKCA-2000-19,17,SRC028,statute_to_curated_topic,candidate
commonlii-LKCA-2000-19,17,SRC030,statute_to_curated_topic,candidate
commonlii-LKCA-2000-20,05,SRC030,statute_to_curated_topic,candidate
commonlii-LKCA-2000-20,09,SRC030,statute_to_curated_topic,candidate
commonlii-LKCA-2000-20,17,SRC030,statute_to_curated_topic,candidate
commonlii-LKCA-2000-24,01,SRC001,statute_to_curated_topic,candidate
commonlii-LKCA-2000-24,05,SRC001,statute_to_curated_topic,candidate
commonlii-LKCA-2000-24,05,SRC030,statute_to_curated_topic,candidate
commonlii-LKCA-2000-24,06,SRC001,statute_to_curated_topic,candidate
commonlii-LKCA-2000-24,09,SRC030,statute_to_curated_topic,candidate
commonlii-LKCA-2000-24,09,SRC042,statute_to_curated_topic,candidate
commonlii-LKCA-2000-24,16,SRC042,statute_to_curated_topic,candidate
commonlii-LKCA-2000-24,17,SRC001,statute_to_curated_topic,candidate
commonlii-LKCA-2000-24,17,SRC030,statute_to_curated_topic,candidate
commonlii-LKCA-2000-28,05,SRC027,statute_to_curated_topic,candidate
commonlii-LKCA-2000-28,05,SRC030,statute_to_curated_topic,candidate
commonlii-LKCA-2000-28,09,SRC030,statute_to_curated_topic,candidate
commonlii-LKCA-2000-28,17,SRC027,statute_to_curated_topic,candidate
commonlii-LKCA-2000-28,17,SRC030,statute_to_curated_topic,candidate
commonlii-LKCA-2000-33,05,SRC031,statute_to_curated_topic,candidate
commonlii-LKCA-2000-33,09,SRC031,statute_to_curated_topic,candidate
commonlii-LKCA-2000-39,05,SRC030,statute_to_curated_topic,candidate
commonlii-LKCA-2000-39,09,SRC030,statute_to_curated_topic,candidate
commonlii-LKCA-2000-39,17,SRC030,statute_to_curated_topic,candidate
commonlii-LKCA-2000-47,05,SRC030,statute_to_curated_topic,candidate
commonlii-LKCA-2000-47,09,SRC030,statute_to_curated_topic,candidate
commonlii-LKCA-2000-47,17,SRC030,statute_to_curated_topic,candidate
commonlii-LKCA-2000-49,01,SRC001,statute_to_curated_topic,candidate
commonlii-LKCA-2000-49,05,SRC001,statute_to_curated_topic,candidate
commonlii-LKCA-2000-49,06,SRC001,statute_to_curated_topic,candidate
commonlii-LKCA-2000-49,11,SRC049,statute_to_curated_topic,candidate
commonlii-LKCA-2000-49,15,SRC059,statute_to_curated_topic,candidate
commonlii-LKCA-2000-49,17,SRC001,statute_to_curated_topic,candidate
commonlii-LKCA-2000-49,20,SRC049,statute_to_curated_topic,candidate
commonlii-LKCA-2000-5,05,SRC027,statute_to_curated_topic,candidate
commonlii-LKCA-2000-5,09,SRC071,statute_to_curated_topic,candidate
commonlii-LKCA-2000-5,17,SRC027,statute_to_curated_topic,candidate
commonlii-LKCA-2000-5,18,SRC071,statute_to_curated_topic,candidate
commonlii-LKCA-2000-51,09,SRC071,statute_to_curated_topic,candidate
commonlii-LKCA-2000-51,18,SRC071,statute_to_curated_topic,candidate
commonlii-LKCA-2000-55,05,SRC027,statute_to_curated_topic,candidate
commonlii-LKCA-2000-55,17,SRC027,statute_to_curated_topic,candidate
commonlii-LKCA-2000-56,05,SRC030,statute_to_curated_topic,candidate
commonlii-LKCA-2000-56,09,SRC030,statute_to_curated_topic,candidate
commonlii-LKCA-2000-56,17,SRC030,statute_to_curated_topic,candidate
commonlii-LKCA-2000-60,05,SRC028,statute_to_curated_topic,candidate
commonlii-LKCA-2000-60,05,SRC030,statute_to_curated_topic,candidate
commonlii-LKCA-2000-60,09,SRC030,statute_to_curated_topic,candidate
commonlii-LKCA-2000-60,09,SRC071,statute_to_curated_topic,candidate
commonlii-LKCA-2000-60,17,SRC028,statute_to_curated_topic,candidate
commonlii-LKCA-2000-60,17,SRC030,statute_to_curated_topic,candidate
commonlii-LKCA-2000-60,18,SRC071,statute_to_curated_topic,candidate
commonlii-LKCA-2000-65,09,SRC071,statute_to_curated_topic,candidate
commonlii-LKCA-2000-65,18,SRC071,statute_to_curated_topic,candidate
commonlii-LKCA-2000-68,09,SRC071,statute_to_curated_topic,candidate
commonlii-LKCA-2000-68,18,SRC071,statute_to_curated_topic,candidate
commonlii-LKCA-2000-9,05,SRC030,statute_to_curated_topic,candidate
commonlii-LKCA-2000-9,09,SRC030,statute_to_curated_topic,candidate
commonlii-LKCA-2000-9,17,SRC030,statute_to_curated_topic,candidate
commonlii-LKCA-2001-1,09,SRC071,statute_to_curated_topic,candidate
commonlii-LKCA-2001-1,18,SRC071,statute_to_curated_topic,candidate
commonlii-LKCA-2001-103,05,SRC028,statute_to_curated_topic,candidate
commonlii-LKCA-2001-103,05,SRC029,statute_to_curated_topic,candidate
commonlii-LKCA-2001-103,17,SRC028,statute_to_curated_topic,candidate
commonlii-LKCA-2001-11,05,SRC014,statute_to_curated_topic,candidate
commonlii-LKCA-2001-11,06,SRC014,statute_to_curated_topic,candidate
commonlii-LKCA-2001-11,08,SRC014,statute_to_curated_topic,candidate
commonlii-LKCA-2001-11,15,SRC059,statute_to_curated_topic,candidate
commonlii-LKCA-2001-11,17,SRC014,statute_to_curated_topic,candidate
commonlii-LKCA-2001-11,20,SRC014,statute_to_curated_topic,candidate
commonlii-LKCA-2001-19,05,SRC028,statute_to_curated_topic,candidate
commonlii-LKCA-2001-19,17,SRC028,statute_to_curated_topic,candidate
commonlii-LKCA-2001-26,05,SRC030,statute_to_curated_topic,candidate
commonlii-LKCA-2001-26,09,SRC030,statute_to_curated_topic,candidate
commonlii-LKCA-2001-26,17,SRC030,statute_to_curated_topic,candidate
commonlii-LKCA-2001-26,17,SRC064,statute_to_curated_topic,candidate
commonlii-LKCA-2001-28,05,SRC027,statute_to_curated_topic,candidate
commonlii-LKCA-2001-28,05,SRC030,statute_to_curated_topic,candidate
commonlii-LKCA-2001-28,09,SRC030,statute_to_curated_topic,candidate
commonlii-LKCA-2001-28,17,SRC027,statute_to_curated_topic,candidate
commonlii-LKCA-2001-28,17,SRC030,statute_to_curated_topic,candidate
commonlii-LKCA-2001-34,05,SRC027,statute_to_curated_topic,candidate
commonlii-LKCA-2001-34,05,SRC030,statute_to_curated_topic,candidate
commonlii-LKCA-2001-34,09,SRC030,statute_to_curated_topic,candidate
commonlii-LKCA-2001-34,17,SRC027,statute_to_curated_topic,candidate
commonlii-LKCA-2001-34,17,SRC030,statute_to_curated_topic,candidate
commonlii-LKCA-2001-37,05,SRC027,statute_to_curated_topic,candidate
commonlii-LKCA-2001-37,05,SRC030,statute_to_curated_topic,candidate
commonlii-LKCA-2001-37,09,SRC030,statute_to_curated_topic,candidate
commonlii-LKCA-2001-37,17,SRC027,statute_to_curated_topic,candidate
commonlii-LKCA-2001-37,17,SRC030,statute_to_curated_topic,candidate
commonlii-LKCA-2001-40,01,SRC004,statute_to_curated_topic,candidate
commonlii-LKCA-2001-40,05,SRC004,statute_to_curated_topic,candidate
commonlii-LKCA-2001-40,05,SRC030,statute_to_curated_topic,candidate
commonlii-LKCA-2001-40,09,SRC004,statute_to_curated_topic,candidate
commonlii-LKCA-2001-40,09,SRC030,statute_to_curated_topic,candidate
commonlii-LKCA-2001-40,17,SRC030,statute_to_curated_topic,candidate
commonlii-LKCA-2001-45,05,SRC030,statute_to_curated_topic,candidate
commonlii-LKCA-2001-45,09,SRC030,statute_to_curated_topic,candidate
commonlii-LKCA-2001-45,17,SRC030,statute_to_curated_topic,candidate
commonlii-LKCA-2001-47,05,SRC030,statute_to_curated_topic,candidate
commonlii-LKCA-2001-47,09,SRC030,statute_to_curated_topic,candidate
commonlii-LKCA-2001-47,17,SRC030,statute_to_curated_topic,candidate
commonlii-LKCA-2001-5,04,SRC012,statute_to_curated_topic,candidate
commonlii-LKCA-2001-5,05,SRC030,statute_to_curated_topic,candidate
commonlii-LKCA-2001-5,07,SRC012,statute_to_curated_topic,candidate
commonlii-LKCA-2001-5,09,SRC030,statute_to_curated_topic,candidate
commonlii-LKCA-2001-5,17,SRC012,statute_to_curated_topic,candidate
commonlii-LKCA-2001-5,17,SRC030,statute_to_curated_topic,candidate
commonlii-LKCA-2001-5,20,SRC012,statute_to_curated_topic,candidate
commonlii-LKCA-2001-68,04,SRC012,statute_to_curated_topic,candidate
commonlii-LKCA-2001-68,07,SRC012,statute_to_curated_topic,candidate
commonlii-LKCA-2001-68,17,SRC012,statute_to_curated_topic,candidate
commonlii-LKCA-2001-68,20,SRC012,statute_to_curated_topic,candidate
commonlii-LKCA-2001-7,05,SRC031,statute_to_curated_topic,candidate
commonlii-LKCA-2001-7,09,SRC031,statute_to_curated_topic,candidate
commonlii-LKCA-2001-73,05,SRC030,statute_to_curated_topic,candidate
commonlii-LKCA-2001-73,09,SRC030,statute_to_curated_topic,candidate
commonlii-LKCA-2001-73,17,SRC030,statute_to_curated_topic,candidate
commonlii-LKCA-2001-79,12,SRC051,statute_to_curated_topic,candidate
commonlii-LKCA-2001-79,12,SRC056,statute_to_curated_topic,candidate
commonlii-LKCA-2001-81,05,SRC028,statute_to_curated_topic,candidate
commonlii-LKCA-2001-81,17,SRC028,statute_to_curated_topic,candidate
commonlii-LKCA-2001-89,05,SRC027,statute_to_curated_topic,candidate
commonlii-LKCA-2001-89,05,SRC029,statute_to_curated_topic,candidate
commonlii-LKCA-2001-89,17,SRC027,statute_to_curated_topic,candidate
commonlii-LKCA-2001-91,01,SRC001,statute_to_curated_topic,candidate
commonlii-LKCA-2001-91,05,SRC001,statute_to_curated_topic,candidate
commonlii-LKCA-2001-91,05,SRC014,statute_to_curated_topic,candidate
commonlii-LKCA-2001-91,06,SRC001,statute_to_curated_topic,candidate
commonlii-LKCA-2001-91,06,SRC014,statute_to_curated_topic,candidate
commonlii-LKCA-2001-91,08,SRC014,statute_to_curated_topic,candidate
commonlii-LKCA-2001-91,17,SRC001,statute_to_curated_topic,candidate
commonlii-LKCA-2001-91,17,SRC014,statute_to_curated_topic,candidate
commonlii-LKCA-2001-91,20,SRC014,statute_to_curated_topic,candidate
commonlii-LKCA-2001-94,05,SRC027,statute_to_curated_topic,candidate
commonlii-LKCA-2001-94,17,SRC027,statute_to_curated_topic,candidate
commonlii-LKCA-2001-95,05,SRC027,statute_to_curated_topic,candidate
commonlii-LKCA-2001-95,17,SRC027,statute_to_curated_topic,candidate
commonlii-LKCA-2001-96,01,SRC001,statute_to_curated_topic,candidate
commonlii-LKCA-2001-96,05,SRC001,statute_to_curated_topic,candidate
commonlii-LKCA-2001-96,05,SRC027,statute_to_curated_topic,candidate
commonlii-LKCA-2001-96,05,SRC028,statute_to_curated_topic,candidate
commonlii-LKCA-2001-96,06,SRC001,statute_to_curated_topic,candidate
commonlii-LKCA-2001-96,17,SRC001,statute_to_curated_topic,candidate
commonlii-LKCA-2001-96,17,SRC027,statute_to_curated_topic,candidate
commonlii-LKCA-2001-96,17,SRC028,statute_to_curated_topic,candidate
commonlii-LKCA-2001-97,05,SRC027,statute_to_curated_topic,candidate
commonlii-LKCA-2001-97,05,SRC030,statute_to_curated_topic,candidate
commonlii-LKCA-2001-97,09,SRC030,statute_to_curated_topic,candidate
commonlii-LKCA-2001-97,17,SRC027,statute_to_curated_topic,candidate
commonlii-LKCA-2001-97,17,SRC030,statute_to_curated_topic,candidate
commonlii-LKCA-2001-99,09,SRC071,statute_to_curated_topic,candidate
commonlii-LKCA-2001-99,18,SRC071,statute_to_curated_topic,candidate
commonlii-LKCA-2002-17,05,SRC027,statute_to_curated_topic,candidate
commonlii-LKCA-2002-17,05,SRC030,statute_to_curated_topic,candidate
commonlii-LKCA-2002-17,09,SRC030,statute_to_curated_topic,candidate
commonlii-LKCA-2002-17,17,SRC027,statute_to_curated_topic,candidate
commonlii-LKCA-2002-17,17,SRC030,statute_to_curated_topic,candidate
commonlii-LKCA-2002-18,05,SRC030,statute_to_curated_topic,candidate
commonlii-LKCA-2002-18,09,SRC030,statute_to_curated_topic,candidate
commonlii-LKCA-2002-18,17,SRC030,statute_to_curated_topic,candidate
commonlii-LKCA-2002-2,05,SRC028,statute_to_curated_topic,candidate
commonlii-LKCA-2002-2,17,SRC028,statute_to_curated_topic,candidate
commonlii-LKCA-2002-21,05,SRC030,statute_to_curated_topic,candidate
commonlii-LKCA-2002-21,09,SRC030,statute_to_curated_topic,candidate
commonlii-LKCA-2002-21,09,SRC071,statute_to_curated_topic,candidate
commonlii-LKCA-2002-21,17,SRC030,statute_to_curated_topic,candidate
commonlii-LKCA-2002-21,18,SRC071,statute_to_curated_topic,candidate
commonlii-LKCA-2002-22,05,SRC030,statute_to_curated_topic,candidate
commonlii-LKCA-2002-22,09,SRC030,statute_to_curated_topic,candidate
commonlii-LKCA-2002-22,17,SRC030,statute_to_curated_topic,candidate
commonlii-LKCA-2002-26,05,SRC030,statute_to_curated_topic,candidate
commonlii-LKCA-2002-26,09,SRC030,statute_to_curated_topic,candidate
commonlii-LKCA-2002-26,17,SRC030,statute_to_curated_topic,candidate
commonlii-LKCA-2002-27,05,SRC030,statute_to_curated_topic,candidate
commonlii-LKCA-2002-27,09,SRC030,statute_to_curated_topic,candidate
commonlii-LKCA-2002-27,17,SRC030,statute_to_curated_topic,candidate
commonlii-LKCA-2002-30,05,SRC030,statute_to_curated_topic,candidate
commonlii-LKCA-2002-30,09,SRC030,statute_to_curated_topic,candidate
commonlii-LKCA-2002-30,17,SRC030,statute_to_curated_topic,candidate
commonlii-LKCA-2002-47,01,SRC001,statute_to_curated_topic,candidate
commonlii-LKCA-2002-47,05,SRC001,statute_to_curated_topic,candidate
commonlii-LKCA-2002-47,05,SRC014,statute_to_curated_topic,candidate
commonlii-LKCA-2002-47,05,SRC029,statute_to_curated_topic,candidate
commonlii-LKCA-2002-47,06,SRC001,statute_to_curated_topic,candidate
commonlii-LKCA-2002-47,06,SRC014,statute_to_curated_topic,candidate
commonlii-LKCA-2002-47,08,SRC014,statute_to_curated_topic,candidate
commonlii-LKCA-2002-47,17,SRC001,statute_to_curated_topic,candidate
commonlii-LKCA-2002-47,17,SRC014,statute_to_curated_topic,candidate
commonlii-LKCA-2002-47,20,SRC014,statute_to_curated_topic,candidate
commonlii-LKCA-2002-50,05,SRC029,statute_to_curated_topic,candidate
commonlii-LKCA-2002-51,01,SRC001,statute_to_curated_topic,candidate
commonlii-LKCA-2002-51,05,SRC001,statute_to_curated_topic,candidate
commonlii-LKCA-2002-51,05,SRC028,statute_to_curated_topic,candidate
commonlii-LKCA-2002-51,05,SRC029,statute_to_curated_topic,candidate
commonlii-LKCA-2002-51,06,SRC001,statute_to_curated_topic,candidate
commonlii-LKCA-2002-51,17,SRC001,statute_to_curated_topic,candidate
commonlii-LKCA-2002-51,17,SRC028,statute_to_curated_topic,candidate
commonlii-LKCA-2002-58,02,SRC005,statute_to_curated_topic,candidate
commonlii-LKCA-2002-58,05,SRC005,statute_to_curated_topic,candidate
commonlii-LKCA-2002-58,06,SRC005,statute_to_curated_topic,candidate
commonlii-LKCA-2002-58,17,SRC005,statute_to_curated_topic,candidate
commonlii-LKCA-2002-60,12,SRC051,statute_to_curated_topic,candidate
commonlii-LKCA-2002-64,05,SRC027,statute_to_curated_topic,candidate
commonlii-LKCA-2002-64,17,SRC027,statute_to_curated_topic,candidate
commonlii-LKCA-2002-65,05,SRC027,statute_to_curated_topic,candidate
commonlii-LKCA-2002-65,17,SRC027,statute_to_curated_topic,candidate
commonlii-LKCA-2002-66,05,SRC027,statute_to_curated_topic,candidate
commonlii-LKCA-2002-66,05,SRC030,statute_to_curated_topic,candidate
commonlii-LKCA-2002-66,09,SRC030,statute_to_curated_topic,candidate
commonlii-LKCA-2002-66,17,SRC027,statute_to_curated_topic,candidate
commonlii-LKCA-2002-66,17,SRC030,statute_to_curated_topic,candidate
commonlii-LKCA-2002-76,01,SRC001,statute_to_curated_topic,candidate
commonlii-LKCA-2002-76,05,SRC001,statute_to_curated_topic,candidate
commonlii-LKCA-2002-76,05,SRC028,statute_to_curated_topic,candidate
commonlii-LKCA-2002-76,06,SRC001,statute_to_curated_topic,candidate
commonlii-LKCA-2002-76,17,SRC001,statute_to_curated_topic,candidate
commonlii-LKCA-2002-76,17,SRC028,statute_to_curated_topic,candidate
commonlii-LKCA-2002-79,05,SRC028,statute_to_curated_topic,candidate
commonlii-LKCA-2002-79,17,SRC028,statute_to_curated_topic,candidate
commonlii-LKCA-2002-88,05,SRC030,statute_to_curated_topic,candidate
commonlii-LKCA-2002-88,09,SRC030,statute_to_curated_topic,candidate
commonlii-LKCA-2002-88,09,SRC071,statute_to_curated_topic,candidate
commonlii-LKCA-2002-88,15,SRC059,statute_to_curated_topic,candidate
commonlii-LKCA-2002-88,17,SRC030,statute_to_curated_topic,candidate
commonlii-LKCA-2002-88,18,SRC071,statute_to_curated_topic,candidate
commonlii-LKCA-2002-89,05,SRC030,statute_to_curated_topic,candidate
commonlii-LKCA-2002-89,09,SRC030,statute_to_curated_topic,candidate
commonlii-LKCA-2002-89,15,SRC059,statute_to_curated_topic,candidate
commonlii-LKCA-2002-89,17,SRC030,statute_to_curated_topic,candidate
commonlii-LKCA-2002-90,01,SRC001,statute_to_curated_topic,candidate
commonlii-LKCA-2002-90,05,SRC001,statute_to_curated_topic,candidate
commonlii-LKCA-2002-90,06,SRC001,statute_to_curated_topic,candidate
commonlii-LKCA-2002-90,15,SRC059,statute_to_curated_topic,candidate
commonlii-LKCA-2002-90,17,SRC001,statute_to_curated_topic,candidate
commonlii-LKCA-2002-93,01,SRC001,statute_to_curated_topic,candidate
commonlii-LKCA-2002-93,05,SRC001,statute_to_curated_topic,candidate
commonlii-LKCA-2002-93,06,SRC001,statute_to_curated_topic,candidate
commonlii-LKCA-2002-93,09,SRC071,statute_to_curated_topic,candidate
commonlii-LKCA-2002-93,12,SRC050,statute_to_curated_topic,candidate
commonlii-LKCA-2002-93,17,SRC001,statute_to_curated_topic,candidate
commonlii-LKCA-2002-93,18,SRC071,statute_to_curated_topic,candidate
commonlii-LKCA-2002-93,20,SRC050,statute_to_curated_topic,candidate
commonlii-LKCA-2003-12,05,SRC030,statute_to_curated_topic,candidate
commonlii-LKCA-2003-12,09,SRC030,statute_to_curated_topic,candidate
commonlii-LKCA-2003-12,17,SRC030,statute_to_curated_topic,candidate
commonlii-LKCA-2003-24,05,SRC030,statute_to_curated_topic,candidate
commonlii-LKCA-2003-24,09,SRC030,statute_to_curated_topic,candidate
commonlii-LKCA-2003-24,17,SRC030,statute_to_curated_topic,candidate
commonlii-LKCA-2003-25,05,SRC030,statute_to_curated_topic,candidate
commonlii-LKCA-2003-25,09,SRC030,statute_to_curated_topic,candidate
commonlii-LKCA-2003-25,17,SRC030,statute_to_curated_topic,candidate
commonlii-LKCA-2003-46,11,SRC049,statute_to_curated_topic,candidate
commonlii-LKCA-2003-46,20,SRC049,statute_to_curated_topic,candidate
commonlii-LKCA-2003-47,05,SRC029,statute_to_curated_topic,candidate
commonlii-LKCA-2003-47,12,SRC051,statute_to_curated_topic,candidate
commonlii-LKCA-2003-54,10,SRC048,statute_to_curated_topic,candidate
commonlii-LKCA-2003-55,02,SRC005,statute_to_curated_topic,candidate
commonlii-LKCA-2003-55,05,SRC005,statute_to_curated_topic,candidate
commonlii-LKCA-2003-55,05,SRC027,statute_to_curated_topic,candidate
commonlii-LKCA-2003-55,06,SRC005,statute_to_curated_topic,candidate
commonlii-LKCA-2003-55,17,SRC005,statute_to_curated_topic,candidate
commonlii-LKCA-2003-55,17,SRC027,statute_to_curated_topic,candidate
commonlii-LKCA-2003-56,05,SRC027,statute_to_curated_topic,candidate
commonlii-LKCA-2003-56,05,SRC029,statute_to_curated_topic,candidate
commonlii-LKCA-2003-56,05,SRC030,statute_to_curated_topic,candidate
commonlii-LKCA-2003-56,09,SRC030,statute_to_curated_topic,candidate
commonlii-LKCA-2003-56,17,SRC027,statute_to_curated_topic,candidate
commonlii-LKCA-2003-56,17,SRC030,statute_to_curated_topic,candidate
commonlii-LKCA-2003-57,05,SRC027,statute_to_curated_topic,candidate
commonlii-LKCA-2003-57,05,SRC029,statute_to_curated_topic,candidate
commonlii-LKCA-2003-57,05,SRC030,statute_to_curated_topic,candidate
commonlii-LKCA-2003-57,09,SRC030,statute_to_curated_topic,candidate
commonlii-LKCA-2003-57,17,SRC027,statute_to_curated_topic,candidate
commonlii-LKCA-2003-57,17,SRC030,statute_to_curated_topic,candidate
commonlii-LKCA-2003-58,05,SRC027,statute_to_curated_topic,candidate
commonlii-LKCA-2003-58,17,SRC027,statute_to_curated_topic,candidate
commonlii-LKCA-2003-63,09,SRC071,statute_to_curated_topic,candidate
commonlii-LKCA-2003-63,18,SRC071,statute_to_curated_topic,candidate
commonlii-LKCA-2003-65,05,SRC028,statute_to_curated_topic,candidate
commonlii-LKCA-2003-65,17,SRC028,statute_to_curated_topic,candidate
commonlii-LKCA-2003-66,05,SRC028,statute_to_curated_topic,candidate
commonlii-LKCA-2003-66,05,SRC029,statute_to_curated_topic,candidate
commonlii-LKCA-2003-66,17,SRC028,statute_to_curated_topic,candidate
commonlii-LKCA-2003-67,05,SRC028,statute_to_curated_topic,candidate
commonlii-LKCA-2003-67,17,SRC028,statute_to_curated_topic,candidate
commonlii-LKCA-2003-68,05,SRC027,statute_to_curated_topic,candidate
commonlii-LKCA-2003-68,17,SRC027,statute_to_curated_topic,candidate
commonlii-LKCA-2003-69,09,SRC071,statute_to_curated_topic,candidate
commonlii-LKCA-2003-69,18,SRC071,statute_to_curated_topic,candidate
commonlii-LKCA-2003-71,05,SRC027,statute_to_curated_topic,candidate
commonlii-LKCA-2003-71,17,SRC027,statute_to_curated_topic,candidate
commonlii-LKCA-2003-98,05,SRC027,statute_to_curated_topic,candidate
commonlii-LKCA-2003-98,17,SRC027,statute_to_curated_topic,candidate
commonlii-LKCA-2004-15,05,SRC030,statute_to_curated_topic,candidate
commonlii-LKCA-2004-15,09,SRC030,statute_to_curated_topic,candidate
commonlii-LKCA-2004-15,09,SRC071,statute_to_curated_topic,candidate
commonlii-LKCA-2004-15,17,SRC030,statute_to_curated_topic,candidate
commonlii-LKCA-2004-15,18,SRC071,statute_to_curated_topic,candidate
commonlii-LKCA-2004-17,05,SRC030,statute_to_curated_topic,candidate
commonlii-LKCA-2004-17,09,SRC030,statute_to_curated_topic,candidate
commonlii-LKCA-2004-17,17,SRC030,statute_to_curated_topic,candidate
commonlii-LKCA-2004-21,05,SRC030,statute_to_curated_topic,candidate
commonlii-LKCA-2004-21,09,SRC030,statute_to_curated_topic,candidate
commonlii-LKCA-2004-21,17,SRC030,statute_to_curated_topic,candidate
commonlii-LKCA-2004-28,05,SRC030,statute_to_curated_topic,candidate
commonlii-LKCA-2004-28,09,SRC030,statute_to_curated_topic,candidate
commonlii-LKCA-2004-28,17,SRC030,statute_to_curated_topic,candidate
commonlii-LKCA-2004-30,05,SRC030,statute_to_curated_topic,candidate
commonlii-LKCA-2004-30,09,SRC030,statute_to_curated_topic,candidate
commonlii-LKCA-2004-30,09,SRC071,statute_to_curated_topic,candidate
commonlii-LKCA-2004-30,17,SRC030,statute_to_curated_topic,candidate
commonlii-LKCA-2004-30,18,SRC071,statute_to_curated_topic,candidate
commonlii-LKCA-2004-31,05,SRC027,statute_to_curated_topic,candidate
commonlii-LKCA-2004-31,05,SRC030,statute_to_curated_topic,candidate
commonlii-LKCA-2004-31,09,SRC030,statute_to_curated_topic,candidate
commonlii-LKCA-2004-31,17,SRC027,statute_to_curated_topic,candidate
commonlii-LKCA-2004-31,17,SRC030,statute_to_curated_topic,candidate
commonlii-LKCA-2004-32,02,SRC005,statute_to_curated_topic,candidate
commonlii-LKCA-2004-32,05,SRC005,statute_to_curated_topic,candidate
commonlii-LKCA-2004-32,05,SRC027,statute_to_curated_topic,candidate
commonlii-LKCA-2004-32,06,SRC005,statute_to_curated_topic,candidate
commonlii-LKCA-2004-32,17,SRC005,statute_to_curated_topic,candidate
commonlii-LKCA-2004-32,17,SRC027,statute_to_curated_topic,candidate
commonlii-LKCA-2004-33,09,SRC071,statute_to_curated_topic,candidate
commonlii-LKCA-2004-33,18,SRC071,statute_to_curated_topic,candidate
commonlii-LKCA-2004-37,17,SRC080,statute_to_curated_topic,candidate
commonlii-LKCA-2004-37,18,SRC080,statute_to_curated_topic,candidate
commonlii-LKCA-2004-38,01,SRC001,statute_to_curated_topic,candidate
commonlii-LKCA-2004-38,02,SRC005,statute_to_curated_topic,candidate
commonlii-LKCA-2004-38,05,SRC001,statute_to_curated_topic,candidate
commonlii-LKCA-2004-38,05,SRC005,statute_to_curated_topic,candidate
commonlii-LKCA-2004-38,05,SRC014,statute_to_curated_topic,candidate
commonlii-LKCA-2004-38,05,SRC030,statute_to_curated_topic,candidate
commonlii-LKCA-2004-38,06,SRC001,statute_to_curated_topic,candidate
commonlii-LKCA-2004-38,06,SRC005,statute_to_curated_topic,candidate
commonlii-LKCA-2004-38,06,SRC014,statute_to_curated_topic,candidate
commonlii-LKCA-2004-38,08,SRC014,statute_to_curated_topic,candidate
commonlii-LKCA-2004-38,09,SRC030,statute_to_curated_topic,candidate
commonlii-LKCA-2004-38,17,SRC001,statute_to_curated_topic,candidate
commonlii-LKCA-2004-38,17,SRC005,statute_to_curated_topic,candidate
commonlii-LKCA-2004-38,17,SRC014,statute_to_curated_topic,candidate
commonlii-LKCA-2004-38,17,SRC030,statute_to_curated_topic,candidate
commonlii-LKCA-2004-38,20,SRC014,statute_to_curated_topic,candidate
commonlii-LKCA-2004-41,01,SRC001,statute_to_curated_topic,candidate
commonlii-LKCA-2004-41,05,SRC001,statute_to_curated_topic,candidate
commonlii-LKCA-2004-41,05,SRC030,statute_to_curated_topic,candidate
commonlii-LKCA-2004-41,06,SRC001,statute_to_curated_topic,candidate
commonlii-LKCA-2004-41,09,SRC030,statute_to_curated_topic,candidate
commonlii-LKCA-2004-41,17,SRC001,statute_to_curated_topic,candidate
commonlii-LKCA-2004-41,17,SRC030,statute_to_curated_topic,candidate
commonlii-LKCA-2004-42,05,SRC028,statute_to_curated_topic,candidate
commonlii-LKCA-2004-42,17,SRC028,statute_to_curated_topic,candidate
commonlii-LKCA-2004-51,05,SRC028,statute_to_curated_topic,candidate
commonlii-LKCA-2004-51,17,SRC028,statute_to_curated_topic,candidate
commonlii-LKCA-2004-62,05,SRC027,statute_to_curated_topic,candidate
commonlii-LKCA-2004-62,17,SRC027,statute_to_curated_topic,candidate
commonlii-LKCA-2004-66,05,SRC030,statute_to_curated_topic,candidate
commonlii-LKCA-2004-66,09,SRC030,statute_to_curated_topic,candidate
commonlii-LKCA-2004-66,17,SRC030,statute_to_curated_topic,candidate
commonlii-LKCA-2004-70,05,SRC030,statute_to_curated_topic,candidate
commonlii-LKCA-2004-70,09,SRC030,statute_to_curated_topic,candidate
commonlii-LKCA-2004-70,17,SRC030,statute_to_curated_topic,candidate
commonlii-LKCA-2004-73,05,SRC034,statute_to_curated_topic,candidate
commonlii-LKCA-2004-73,07,SRC034,statute_to_curated_topic,candidate
commonlii-LKCA-2004-73,17,SRC034,statute_to_curated_topic,candidate
commonlii-LKCA-2004-73,17,SRC080,statute_to_curated_topic,candidate
commonlii-LKCA-2004-73,18,SRC080,statute_to_curated_topic,candidate
commonlii-LKCA-2004-73,20,SRC034,statute_to_curated_topic,candidate
commonlii-LKCA-2004-8,05,SRC030,statute_to_curated_topic,candidate
commonlii-LKCA-2004-8,09,SRC030,statute_to_curated_topic,candidate
commonlii-LKCA-2004-8,17,SRC030,statute_to_curated_topic,candidate
commonlii-LKCA-2005-18,05,SRC030,statute_to_curated_topic,candidate
commonlii-LKCA-2005-18,05,SRC031,statute_to_curated_topic,candidate
commonlii-LKCA-2005-18,09,SRC030,statute_to_curated_topic,candidate
commonlii-LKCA-2005-18,09,SRC031,statute_to_curated_topic,candidate
commonlii-LKCA-2005-18,09,SRC071,statute_to_curated_topic,candidate
commonlii-LKCA-2005-18,17,SRC030,statute_to_curated_topic,candidate
commonlii-LKCA-2005-18,18,SRC071,statute_to_curated_topic,candidate
commonlii-LKCA-2005-2,05,SRC030,statute_to_curated_topic,candidate
commonlii-LKCA-2005-2,09,SRC030,statute_to_curated_topic,candidate
commonlii-LKCA-2005-2,09,SRC071,statute_to_curated_topic,candidate
commonlii-LKCA-2005-2,17,SRC030,statute_to_curated_topic,candidate
commonlii-LKCA-2005-2,18,SRC071,statute_to_curated_topic,candidate
commonlii-LKCA-2005-20,02,SRC005,statute_to_curated_topic,candidate
commonlii-LKCA-2005-20,05,SRC005,statute_to_curated_topic,candidate
commonlii-LKCA-2005-20,05,SRC027,statute_to_curated_topic,candidate
commonlii-LKCA-2005-20,05,SRC029,statute_to_curated_topic,candidate
commonlii-LKCA-2005-20,05,SRC030,statute_to_curated_topic,candidate
commonlii-LKCA-2005-20,06,SRC005,statute_to_curated_topic,candidate
commonlii-LKCA-2005-20,09,SRC030,statute_to_curated_topic,candidate
commonlii-LKCA-2005-20,17,SRC005,statute_to_curated_topic,candidate
commonlii-LKCA-2005-20,17,SRC027,statute_to_curated_topic,candidate
commonlii-LKCA-2005-20,17,SRC030,statute_to_curated_topic,candidate
commonlii-LKCA-2005-27,05,SRC030,statute_to_curated_topic,candidate
commonlii-LKCA-2005-27,09,SRC030,statute_to_curated_topic,candidate
commonlii-LKCA-2005-27,17,SRC030,statute_to_curated_topic,candidate
commonlii-LKCA-2005-35,05,SRC027,statute_to_curated_topic,candidate
commonlii-LKCA-2005-35,17,SRC027,statute_to_curated_topic,candidate
commonlii-LKCA-2005-37,02,SRC005,statute_to_curated_topic,candidate
commonlii-LKCA-2005-37,05,SRC005,statute_to_curated_topic,candidate
commonlii-LKCA-2005-37,06,SRC005,statute_to_curated_topic,candidate
commonlii-LKCA-2005-37,17,SRC005,statute_to_curated_topic,candidate
commonlii-LKCA-2005-39,05,SRC034,statute_to_curated_topic,candidate
commonlii-LKCA-2005-39,07,SRC034,statute_to_curated_topic,candidate
commonlii-LKCA-2005-39,17,SRC034,statute_to_curated_topic,candidate
commonlii-LKCA-2005-39,20,SRC034,statute_to_curated_topic,candidate
commonlii-LKCA-2005-42,05,SRC030,statute_to_curated_topic,candidate
commonlii-LKCA-2005-42,09,SRC030,statute_to_curated_topic,candidate
commonlii-LKCA-2005-42,17,SRC030,statute_to_curated_topic,candidate
commonlii-LKCA-2005-45,05,SRC027,statute_to_curated_topic,candidate
commonlii-LKCA-2005-45,17,SRC027,statute_to_curated_topic,candidate
commonlii-LKCA-2005-46,05,SRC030,statute_to_curated_topic,candidate
commonlii-LKCA-2005-46,09,SRC030,statute_to_curated_topic,candidate
commonlii-LKCA-2005-46,17,SRC030,statute_to_curated_topic,candidate
commonlii-LKCA-2005-47,05,SRC027,statute_to_curated_topic,candidate
commonlii-LKCA-2005-47,17,SRC027,statute_to_curated_topic,candidate
commonlii-LKCA-2005-49,05,SRC027,statute_to_curated_topic,candidate
commonlii-LKCA-2005-49,05,SRC030,statute_to_curated_topic,candidate
commonlii-LKCA-2005-49,09,SRC030,statute_to_curated_topic,candidate
commonlii-LKCA-2005-49,17,SRC027,statute_to_curated_topic,candidate
commonlii-LKCA-2005-49,17,SRC030,statute_to_curated_topic,candidate
commonlii-LKCA-2005-52,05,SRC030,statute_to_curated_topic,candidate
commonlii-LKCA-2005-52,09,SRC030,statute_to_curated_topic,candidate
commonlii-LKCA-2005-52,17,SRC030,statute_to_curated_topic,candidate
commonlii-LKCA-2005-56,05,SRC030,statute_to_curated_topic,candidate
commonlii-LKCA-2005-56,09,SRC030,statute_to_curated_topic,candidate
commonlii-LKCA-2005-56,17,SRC030,statute_to_curated_topic,candidate
commonlii-LKCA-2005-59,05,SRC030,statute_to_curated_topic,candidate
commonlii-LKCA-2005-59,09,SRC030,statute_to_curated_topic,candidate
commonlii-LKCA-2005-59,17,SRC030,statute_to_curated_topic,candidate
commonlii-LKCA-2005-68,05,SRC030,statute_to_curated_topic,candidate
commonlii-LKCA-2005-68,09,SRC030,statute_to_curated_topic,candidate
commonlii-LKCA-2005-68,17,SRC030,statute_to_curated_topic,candidate
commonlii-LKCA-2005-72,04,SRC012,statute_to_curated_topic,candidate
commonlii-LKCA-2005-72,05,SRC027,statute_to_curated_topic,candidate
commonlii-LKCA-2005-72,07,SRC012,statute_to_curated_topic,candidate
commonlii-LKCA-2005-72,17,SRC012,statute_to_curated_topic,candidate
commonlii-LKCA-2005-72,17,SRC027,statute_to_curated_topic,candidate
commonlii-LKCA-2005-72,20,SRC012,statute_to_curated_topic,candidate
commonlii-LKCA-2005-77,05,SRC030,statute_to_curated_topic,candidate
commonlii-LKCA-2005-77,09,SRC030,statute_to_curated_topic,candidate
commonlii-LKCA-2005-77,17,SRC030,statute_to_curated_topic,candidate
commonlii-LKCA-2005-78,05,SRC030,statute_to_curated_topic,candidate
commonlii-LKCA-2005-78,09,SRC030,statute_to_curated_topic,candidate
commonlii-LKCA-2005-78,17,SRC030,statute_to_curated_topic,candidate
commonlii-LKCA-2005-8,05,SRC030,statute_to_curated_topic,candidate
commonlii-LKCA-2005-8,09,SRC030,statute_to_curated_topic,candidate
commonlii-LKCA-2005-8,17,SRC030,statute_to_curated_topic,candidate
commonlii-LKCA-2005-88,01,SRC001,statute_to_curated_topic,candidate
commonlii-LKCA-2005-88,05,SRC001,statute_to_curated_topic,candidate
commonlii-LKCA-2005-88,06,SRC001,statute_to_curated_topic,candidate
commonlii-LKCA-2005-88,17,SRC001,statute_to_curated_topic,candidate
commonlii-LKCA-2005-9,05,SRC027,statute_to_curated_topic,candidate
commonlii-LKCA-2005-9,05,SRC029,statute_to_curated_topic,candidate
commonlii-LKCA-2005-9,17,SRC027,statute_to_curated_topic,candidate
commonlii-LKCA-2006-11,01,SRC001,statute_to_curated_topic,candidate
commonlii-LKCA-2006-11,02,SRC005,statute_to_curated_topic,candidate
commonlii-LKCA-2006-11,05,SRC001,statute_to_curated_topic,candidate
commonlii-LKCA-2006-11,05,SRC005,statute_to_curated_topic,candidate
commonlii-LKCA-2006-11,05,SRC014,statute_to_curated_topic,candidate
commonlii-LKCA-2006-11,05,SRC029,statute_to_curated_topic,candidate
commonlii-LKCA-2006-11,05,SRC030,statute_to_curated_topic,candidate
commonlii-LKCA-2006-11,06,SRC001,statute_to_curated_topic,candidate
commonlii-LKCA-2006-11,06,SRC005,statute_to_curated_topic,candidate
commonlii-LKCA-2006-11,06,SRC014,statute_to_curated_topic,candidate
commonlii-LKCA-2006-11,08,SRC014,statute_to_curated_topic,candidate
commonlii-LKCA-2006-11,09,SRC030,statute_to_curated_topic,candidate
commonlii-LKCA-2006-11,09,SRC071,statute_to_curated_topic,candidate
commonlii-LKCA-2006-11,17,SRC001,statute_to_curated_topic,candidate
commonlii-LKCA-2006-11,17,SRC005,statute_to_curated_topic,candidate
commonlii-LKCA-2006-11,17,SRC014,statute_to_curated_topic,candidate
commonlii-LKCA-2006-11,17,SRC030,statute_to_curated_topic,candidate
commonlii-LKCA-2006-11,18,SRC071,statute_to_curated_topic,candidate
commonlii-LKCA-2006-11,20,SRC014,statute_to_curated_topic,candidate
commonlii-LKCA-2006-15,17,SRC080,statute_to_curated_topic,candidate
commonlii-LKCA-2006-15,18,SRC080,statute_to_curated_topic,candidate
commonlii-LKCA-2006-16,05,SRC027,statute_to_curated_topic,candidate
commonlii-LKCA-2006-16,17,SRC027,statute_to_curated_topic,candidate
commonlii-LKCA-2006-18,05,SRC029,statute_to_curated_topic,candidate
commonlii-LKCA-2006-18,05,SRC030,statute_to_curated_topic,candidate
commonlii-LKCA-2006-18,09,SRC030,statute_to_curated_topic,candidate
commonlii-LKCA-2006-18,17,SRC030,statute_to_curated_topic,candidate
commonlii-LKCA-2006-20,05,SRC030,statute_to_curated_topic,candidate
commonlii-LKCA-2006-20,09,SRC030,statute_to_curated_topic,candidate
commonlii-LKCA-2006-20,17,SRC030,statute_to_curated_topic,candidate
commonlii-LKCA-2006-22,01,SRC001,statute_to_curated_topic,candidate
commonlii-LKCA-2006-22,05,SRC001,statute_to_curated_topic,candidate
commonlii-LKCA-2006-22,05,SRC028,statute_to_curated_topic,candidate
commonlii-LKCA-2006-22,05,SRC029,statute_to_curated_topic,candidate
commonlii-LKCA-2006-22,06,SRC001,statute_to_curated_topic,candidate
commonlii-LKCA-2006-22,09,SRC071,statute_to_curated_topic,candidate
commonlii-LKCA-2006-22,17,SRC001,statute_to_curated_topic,candidate
commonlii-LKCA-2006-22,17,SRC028,statute_to_curated_topic,candidate
commonlii-LKCA-2006-22,18,SRC071,statute_to_curated_topic,candidate
commonlii-LKCA-2006-28,05,SRC027,statute_to_curated_topic,candidate
commonlii-LKCA-2006-28,05,SRC030,statute_to_curated_topic,candidate
commonlii-LKCA-2006-28,09,SRC030,statute_to_curated_topic,candidate
commonlii-LKCA-2006-28,17,SRC027,statute_to_curated_topic,candidate
commonlii-LKCA-2006-28,17,SRC030,statute_to_curated_topic,candidate
commonlii-LKCA-2006-35,05,SRC034,statute_to_curated_topic,candidate
commonlii-LKCA-2006-35,07,SRC034,statute_to_curated_topic,candidate
commonlii-LKCA-2006-35,17,SRC034,statute_to_curated_topic,candidate
commonlii-LKCA-2006-35,20,SRC034,statute_to_curated_topic,candidate
commonlii-LKCA-2006-36,05,SRC030,statute_to_curated_topic,candidate
commonlii-LKCA-2006-36,09,SRC030,statute_to_curated_topic,candidate
commonlii-LKCA-2006-36,17,SRC030,statute_to_curated_topic,candidate
commonlii-LKCA-2006-49,02,SRC005,statute_to_curated_topic,candidate
commonlii-LKCA-2006-49,05,SRC005,statute_to_curated_topic,candidate
commonlii-LKCA-2006-49,05,SRC027,statute_to_curated_topic,candidate
commonlii-LKCA-2006-49,05,SRC029,statute_to_curated_topic,candidate
commonlii-LKCA-2006-49,06,SRC005,statute_to_curated_topic,candidate
commonlii-LKCA-2006-49,17,SRC005,statute_to_curated_topic,candidate
commonlii-LKCA-2006-49,17,SRC027,statute_to_curated_topic,candidate
commonlii-LKCA-2006-5,05,SRC030,statute_to_curated_topic,candidate
commonlii-LKCA-2006-5,09,SRC030,statute_to_curated_topic,candidate
commonlii-LKCA-2006-5,17,SRC030,statute_to_curated_topic,candidate
commonlii-LKCA-2006-6,05,SRC027,statute_to_curated_topic,candidate
commonlii-LKCA-2006-6,05,SRC029,statute_to_curated_topic,candidate
commonlii-LKCA-2006-6,17,SRC027,statute_to_curated_topic,candidate
commonlii-LKCA-2006-68,05,SRC030,statute_to_curated_topic,candidate
commonlii-LKCA-2006-68,09,SRC030,statute_to_curated_topic,candidate
commonlii-LKCA-2006-68,17,SRC030,statute_to_curated_topic,candidate
commonlii-LKCA-2006-73,05,SRC027,statute_to_curated_topic,candidate
commonlii-LKCA-2006-73,17,SRC027,statute_to_curated_topic,candidate
commonlii-LKCA-2006-77,05,SRC027,statute_to_curated_topic,candidate
commonlii-LKCA-2006-77,05,SRC030,statute_to_curated_topic,candidate
commonlii-LKCA-2006-77,09,SRC030,statute_to_curated_topic,candidate
commonlii-LKCA-2006-77,17,SRC027,statute_to_curated_topic,candidate
commonlii-LKCA-2006-77,17,SRC030,statute_to_curated_topic,candidate
commonlii-LKCA-2006-82,05,SRC033,statute_to_curated_topic,candidate
commonlii-LKCA-2006-82,12,SRC033,statute_to_curated_topic,candidate
commonlii-LKCA-2006-82,20,SRC033,statute_to_curated_topic,candidate
commonlii-LKCA-2007-10,05,SRC027,statute_to_curated_topic,candidate
commonlii-LKCA-2007-10,17,SRC027,statute_to_curated_topic,candidate
commonlii-LKCA-2007-14,05,SRC030,statute_to_curated_topic,candidate
commonlii-LKCA-2007-14,09,SRC030,statute_to_curated_topic,candidate
commonlii-LKCA-2007-14,17,SRC030,statute_to_curated_topic,candidate
commonlii-LKCA-2007-22,05,SRC028,statute_to_curated_topic,candidate
commonlii-LKCA-2007-22,05,SRC030,statute_to_curated_topic,candidate
commonlii-LKCA-2007-22,09,SRC030,statute_to_curated_topic,candidate
commonlii-LKCA-2007-22,17,SRC028,statute_to_curated_topic,candidate
commonlii-LKCA-2007-22,17,SRC030,statute_to_curated_topic,candidate
commonlii-LKCA-2007-23,05,SRC028,statute_to_curated_topic,candidate
commonlii-LKCA-2007-23,17,SRC028,statute_to_curated_topic,candidate
commonlii-LKCA-2007-3,05,SRC029,statute_to_curated_topic,candidate
commonlii-LKCA-2007-36,17,SRC080,statute_to_curated_topic,candidate
commonlii-LKCA-2007-36,18,SRC080,statute_to_curated_topic,candidate
commonlii-LKCA-2007-37,05,SRC030,statute_to_curated_topic,candidate
commonlii-LKCA-2007-37,09,SRC030,statute_to_curated_topic,candidate
commonlii-LKCA-2007-37,17,SRC030,statute_to_curated_topic,candidate
commonlii-LKCA-2009-13,05,SRC027,statute_to_curated_topic,candidate
commonlii-LKCA-2009-13,05,SRC030,statute_to_curated_topic,candidate
commonlii-LKCA-2009-13,05,SRC031,statute_to_curated_topic,candidate
commonlii-LKCA-2009-13,09,SRC030,statute_to_curated_topic,candidate
commonlii-LKCA-2009-13,09,SRC031,statute_to_curated_topic,candidate
commonlii-LKCA-2009-13,17,SRC027,statute_to_curated_topic,candidate
commonlii-LKCA-2009-13,17,SRC030,statute_to_curated_topic,candidate
commonlii-LKCA-2009-15,05,SRC027,statute_to_curated_topic,candidate
commonlii-LKCA-2009-15,17,SRC027,statute_to_curated_topic,candidate
commonlii-LKCA-2009-5,09,SRC071,statute_to_curated_topic,candidate
commonlii-LKCA-2009-5,18,SRC071,statute_to_curated_topic,candidate
commonlii-LKCA-2009-6,05,SRC030,statute_to_curated_topic,candidate
commonlii-LKCA-2009-6,09,SRC030,statute_to_curated_topic,candidate
commonlii-LKCA-2009-6,17,SRC030,statute_to_curated_topic,candidate
commonlii-LKCA-2009-7,05,SRC027,statute_to_curated_topic,candidate
commonlii-LKCA-2009-7,05,SRC029,statute_to_curated_topic,candidate
commonlii-LKCA-2009-7,17,SRC027,statute_to_curated_topic,candidate
commonlii-LKSC-1895-1,05,SRC030,statute_to_curated_topic,candidate
commonlii-LKSC-1895-1,09,SRC030,statute_to_curated_topic,candidate
commonlii-LKSC-1895-1,17,SRC030,statute_to_curated_topic,candidate
commonlii-LKSC-1895-2,05,SRC030,statute_to_curated_topic,candidate
commonlii-LKSC-1895-2,09,SRC030,statute_to_curated_topic,candidate
commonlii-LKSC-1895-2,17,SRC030,statute_to_curated_topic,candidate
commonlii-LKSC-1896-2,05,SRC030,statute_to_curated_topic,candidate
commonlii-LKSC-1896-2,09,SRC030,statute_to_curated_topic,candidate
commonlii-LKSC-1896-2,09,SRC071,statute_to_curated_topic,candidate
commonlii-LKSC-1896-2,17,SRC030,statute_to_curated_topic,candidate
commonlii-LKSC-1896-2,18,SRC071,statute_to_curated_topic,candidate
commonlii-LKSC-1896-4,05,SRC030,statute_to_curated_topic,candidate
commonlii-LKSC-1896-4,09,SRC030,statute_to_curated_topic,candidate
commonlii-LKSC-1896-4,17,SRC030,statute_to_curated_topic,candidate
commonlii-LKSC-1896-5,05,SRC030,statute_to_curated_topic,candidate
commonlii-LKSC-1896-5,09,SRC030,statute_to_curated_topic,candidate
commonlii-LKSC-1896-5,17,SRC030,statute_to_curated_topic,candidate
commonlii-LKSC-1902-11,05,SRC014,statute_to_curated_topic,candidate
commonlii-LKSC-1902-11,06,SRC014,statute_to_curated_topic,candidate
commonlii-LKSC-1902-11,08,SRC014,statute_to_curated_topic,candidate
commonlii-LKSC-1902-11,17,SRC014,statute_to_curated_topic,candidate
commonlii-LKSC-1902-11,20,SRC014,statute_to_curated_topic,candidate
commonlii-LKSC-1902-12,09,SRC071,statute_to_curated_topic,candidate
commonlii-LKSC-1902-12,18,SRC071,statute_to_curated_topic,candidate
commonlii-LKSC-1903-3,05,SRC030,statute_to_curated_topic,candidate
commonlii-LKSC-1903-3,09,SRC030,statute_to_curated_topic,candidate
commonlii-LKSC-1903-3,17,SRC030,statute_to_curated_topic,candidate
commonlii-LKSC-1906-3,16,SRC061,statute_to_curated_topic,candidate
commonlii-LKSC-1912-1,05,SRC029,statute_to_curated_topic,candidate
commonlii-LKSC-1912-1,05,SRC030,statute_to_curated_topic,candidate
commonlii-LKSC-1912-1,09,SRC030,statute_to_curated_topic,candidate
commonlii-LKSC-1912-1,17,SRC030,statute_to_curated_topic,candidate
commonlii-LKSC-1916-1,05,SRC024,statute_to_curated_topic,candidate
commonlii-LKSC-1916-1,14,SRC024,statute_to_curated_topic,candidate
commonlii-LKSC-1916-1,17,SRC024,statute_to_curated_topic,candidate
commonlii-LKSC-1917-1,11,SRC049,statute_to_curated_topic,candidate
commonlii-LKSC-1917-1,20,SRC049,statute_to_curated_topic,candidate
commonlii-LKSC-1917-4,05,SRC029,statute_to_curated_topic,candidate
commonlii-LKSC-1918-1,05,SRC030,statute_to_curated_topic,candidate
commonlii-LKSC-1918-1,09,SRC030,statute_to_curated_topic,candidate
commonlii-LKSC-1918-1,17,SRC030,statute_to_curated_topic,candidate
commonlii-LKSC-1918-2,05,SRC029,statute_to_curated_topic,candidate
commonlii-LKSC-1921-1,11,SRC049,statute_to_curated_topic,candidate
commonlii-LKSC-1921-1,20,SRC049,statute_to_curated_topic,candidate
commonlii-LKSC-1922-1,05,SRC030,statute_to_curated_topic,candidate
commonlii-LKSC-1922-1,09,SRC030,statute_to_curated_topic,candidate
commonlii-LKSC-1922-1,17,SRC030,statute_to_curated_topic,candidate
commonlii-LKSC-1926-1,05,SRC030,statute_to_curated_topic,candidate
commonlii-LKSC-1926-1,09,SRC030,statute_to_curated_topic,candidate
commonlii-LKSC-1926-1,17,SRC030,statute_to_curated_topic,candidate
commonlii-LKSC-1926-2,05,SRC030,statute_to_curated_topic,candidate
commonlii-LKSC-1926-2,09,SRC030,statute_to_curated_topic,candidate
commonlii-LKSC-1926-2,11,SRC049,statute_to_curated_topic,candidate
commonlii-LKSC-1926-2,17,SRC030,statute_to_curated_topic,candidate
commonlii-LKSC-1926-2,20,SRC049,statute_to_curated_topic,candidate
commonlii-LKSC-1935-3,05,SRC030,statute_to_curated_topic,candidate
commonlii-LKSC-1935-3,09,SRC030,statute_to_curated_topic,candidate
commonlii-LKSC-1935-3,17,SRC030,statute_to_curated_topic,candidate
commonlii-LKSC-1936-1,05,SRC014,statute_to_curated_topic,candidate
commonlii-LKSC-1936-1,06,SRC014,statute_to_curated_topic,candidate
commonlii-LKSC-1936-1,08,SRC014,statute_to_curated_topic,candidate
commonlii-LKSC-1936-1,17,SRC014,statute_to_curated_topic,candidate
commonlii-LKSC-1936-1,20,SRC014,statute_to_curated_topic,candidate
commonlii-LKSC-1936-11,05,SRC030,statute_to_curated_topic,candidate
commonlii-LKSC-1936-11,09,SRC030,statute_to_curated_topic,candidate
commonlii-LKSC-1936-11,17,SRC030,statute_to_curated_topic,candidate
commonlii-LKSC-1936-15,02,SRC005,statute_to_curated_topic,candidate
commonlii-LKSC-1936-15,05,SRC005,statute_to_curated_topic,candidate
commonlii-LKSC-1936-15,06,SRC005,statute_to_curated_topic,candidate
commonlii-LKSC-1936-15,15,SRC059,statute_to_curated_topic,candidate
commonlii-LKSC-1936-15,17,SRC005,statute_to_curated_topic,candidate
commonlii-LKSC-1936-3,05,SRC030,statute_to_curated_topic,candidate
commonlii-LKSC-1936-3,09,SRC030,statute_to_curated_topic,candidate
commonlii-LKSC-1936-3,17,SRC030,statute_to_curated_topic,candidate
commonlii-LKSC-1937-1,11,SRC049,statute_to_curated_topic,candidate
commonlii-LKSC-1937-1,20,SRC049,statute_to_curated_topic,candidate
commonlii-LKSC-1938-12,05,SRC030,statute_to_curated_topic,candidate
commonlii-LKSC-1938-12,09,SRC030,statute_to_curated_topic,candidate
commonlii-LKSC-1938-12,17,SRC030,statute_to_curated_topic,candidate
commonlii-LKSC-1938-9,09,SRC071,statute_to_curated_topic,candidate
commonlii-LKSC-1938-9,18,SRC071,statute_to_curated_topic,candidate
commonlii-LKSC-1939-2,05,SRC030,statute_to_curated_topic,candidate
commonlii-LKSC-1939-2,09,SRC030,statute_to_curated_topic,candidate
commonlii-LKSC-1939-2,17,SRC030,statute_to_curated_topic,candidate
commonlii-LKSC-1941-13,01,SRC004,statute_to_curated_topic,candidate
commonlii-LKSC-1941-13,05,SRC004,statute_to_curated_topic,candidate
commonlii-LKSC-1941-13,05,SRC030,statute_to_curated_topic,candidate
commonlii-LKSC-1941-13,09,SRC004,statute_to_curated_topic,candidate
commonlii-LKSC-1941-13,09,SRC030,statute_to_curated_topic,candidate
commonlii-LKSC-1941-13,17,SRC030,statute_to_curated_topic,candidate
commonlii-LKSC-1944-1,01,SRC004,statute_to_curated_topic,candidate
commonlii-LKSC-1944-1,05,SRC004,statute_to_curated_topic,candidate
commonlii-LKSC-1944-1,09,SRC004,statute_to_curated_topic,candidate
commonlii-LKSC-1944-14,15,SRC059,statute_to_curated_topic,candidate
commonlii-LKSC-1948-2,11,SRC049,statute_to_curated_topic,candidate
commonlii-LKSC-1948-2,20,SRC049,statute_to_curated_topic,candidate
commonlii-LKSC-1948-28,05,SRC030,statute_to_curated_topic,candidate
commonlii-LKSC-1948-28,09,SRC030,statute_to_curated_topic,candidate
commonlii-LKSC-1948-28,17,SRC030,statute_to_curated_topic,candidate
commonlii-LKSC-1948-34,05,SRC030,statute_to_curated_topic,candidate
commonlii-LKSC-1948-34,09,SRC030,statute_to_curated_topic,candidate
commonlii-LKSC-1948-34,17,SRC030,statute_to_curated_topic,candidate
commonlii-LKSC-1948-7,05,SRC030,statute_to_curated_topic,candidate
commonlii-LKSC-1948-7,05,SRC031,statute_to_curated_topic,candidate
commonlii-LKSC-1948-7,09,SRC030,statute_to_curated_topic,candidate
commonlii-LKSC-1948-7,09,SRC031,statute_to_curated_topic,candidate
commonlii-LKSC-1948-7,17,SRC030,statute_to_curated_topic,candidate
commonlii-LKSC-1948-9,05,SRC030,statute_to_curated_topic,candidate
commonlii-LKSC-1948-9,09,SRC030,statute_to_curated_topic,candidate
commonlii-LKSC-1948-9,17,SRC030,statute_to_curated_topic,candidate
commonlii-LKSC-1949-9,15,SRC059,statute_to_curated_topic,candidate
commonlii-LKSC-1952-10,05,SRC029,statute_to_curated_topic,candidate
commonlii-LKSC-1954-6,15,SRC059,statute_to_curated_topic,candidate
commonlii-LKSC-1957-20,12,SRC051,statute_to_curated_topic,candidate
commonlii-LKSC-1957-22,01,SRC001,statute_to_curated_topic,candidate
commonlii-LKSC-1957-22,05,SRC001,statute_to_curated_topic,candidate
commonlii-LKSC-1957-22,06,SRC001,statute_to_curated_topic,candidate
commonlii-LKSC-1957-22,17,SRC001,statute_to_curated_topic,candidate
commonlii-LKSC-1958-13,05,SRC030,statute_to_curated_topic,candidate
commonlii-LKSC-1958-13,09,SRC030,statute_to_curated_topic,candidate
commonlii-LKSC-1958-13,17,SRC030,statute_to_curated_topic,candidate
commonlii-LKSC-1958-27,09,SRC042,statute_to_curated_topic,candidate
commonlii-LKSC-1958-27,12,SRC051,statute_to_curated_topic,candidate
commonlii-LKSC-1958-27,16,SRC042,statute_to_curated_topic,candidate
commonlii-LKSC-1958-27,16,SRC061,statute_to_curated_topic,candidate
commonlii-LKSC-1961-19,15,SRC059,statute_to_curated_topic,candidate
commonlii-LKSC-1961-25,15,SRC059,statute_to_curated_topic,candidate
commonlii-LKSC-1961-38,09,SRC071,statute_to_curated_topic,candidate
commonlii-LKSC-1961-38,18,SRC071,statute_to_curated_topic,candidate
commonlii-LKSC-1962-11,12,SRC051,statute_to_curated_topic,candidate
commonlii-LKSC-1962-37,05,SRC029,statute_to_curated_topic,candidate
commonlii-LKSC-1962-37,11,SRC049,statute_to_curated_topic,candidate
commonlii-LKSC-1962-37,20,SRC049,statute_to_curated_topic,candidate
commonlii-LKSC-1962-4,05,SRC030,statute_to_curated_topic,candidate
commonlii-LKSC-1962-4,09,SRC030,statute_to_curated_topic,candidate
commonlii-LKSC-1962-4,17,SRC030,statute_to_curated_topic,candidate
commonlii-LKSC-1963-2,11,SRC049,statute_to_curated_topic,candidate
commonlii-LKSC-1963-2,20,SRC049,statute_to_curated_topic,candidate
commonlii-LKSC-1963-21,15,SRC059,statute_to_curated_topic,candidate
commonlii-LKSC-1965-10,02,SRC005,statute_to_curated_topic,candidate
commonlii-LKSC-1965-10,05,SRC005,statute_to_curated_topic,candidate
commonlii-LKSC-1965-10,06,SRC005,statute_to_curated_topic,candidate
commonlii-LKSC-1965-10,17,SRC005,statute_to_curated_topic,candidate
commonlii-LKSC-1965-30,17,SRC064,statute_to_curated_topic,candidate
commonlii-LKSC-1966-30,05,SRC029,statute_to_curated_topic,candidate
commonlii-LKSC-1968-2,05,SRC030,statute_to_curated_topic,candidate
commonlii-LKSC-1968-2,09,SRC030,statute_to_curated_topic,candidate
commonlii-LKSC-1968-2,17,SRC030,statute_to_curated_topic,candidate
commonlii-LKSC-1968-4,05,SRC030,statute_to_curated_topic,candidate
commonlii-LKSC-1968-4,09,SRC030,statute_to_curated_topic,candidate
commonlii-LKSC-1968-4,17,SRC030,statute_to_curated_topic,candidate
commonlii-LKSC-1969-4,09,SRC071,statute_to_curated_topic,candidate
commonlii-LKSC-1969-4,18,SRC071,statute_to_curated_topic,candidate
commonlii-LKSC-1970-23,12,SRC051,statute_to_curated_topic,candidate
commonlii-LKSC-1970-3,05,SRC028,statute_to_curated_topic,candidate
commonlii-LKSC-1970-3,05,SRC030,statute_to_curated_topic,candidate
commonlii-LKSC-1970-3,09,SRC030,statute_to_curated_topic,candidate
commonlii-LKSC-1970-3,17,SRC028,statute_to_curated_topic,candidate
commonlii-LKSC-1970-3,17,SRC030,statute_to_curated_topic,candidate
commonlii-LKSC-1971-1,05,SRC029,statute_to_curated_topic,candidate
commonlii-LKSC-1971-38,05,SRC030,statute_to_curated_topic,candidate
commonlii-LKSC-1971-38,09,SRC030,statute_to_curated_topic,candidate
commonlii-LKSC-1971-38,17,SRC030,statute_to_curated_topic,candidate
commonlii-LKSC-1971-5,05,SRC030,statute_to_curated_topic,candidate
commonlii-LKSC-1971-5,09,SRC030,statute_to_curated_topic,candidate
commonlii-LKSC-1971-5,17,SRC030,statute_to_curated_topic,candidate
commonlii-LKSC-1972-11,05,SRC029,statute_to_curated_topic,candidate
commonlii-LKSC-1972-11,05,SRC030,statute_to_curated_topic,candidate
commonlii-LKSC-1972-11,09,SRC030,statute_to_curated_topic,candidate
commonlii-LKSC-1972-11,17,SRC030,statute_to_curated_topic,candidate
commonlii-LKSC-1972-22,01,SRC001,statute_to_curated_topic,candidate
commonlii-LKSC-1972-22,05,SRC001,statute_to_curated_topic,candidate
commonlii-LKSC-1972-22,05,SRC029,statute_to_curated_topic,candidate
commonlii-LKSC-1972-22,05,SRC030,statute_to_curated_topic,candidate
commonlii-LKSC-1972-22,06,SRC001,statute_to_curated_topic,candidate
commonlii-LKSC-1972-22,09,SRC030,statute_to_curated_topic,candidate
commonlii-LKSC-1972-22,17,SRC001,statute_to_curated_topic,candidate
commonlii-LKSC-1972-22,17,SRC030,statute_to_curated_topic,candidate
commonlii-LKSC-1973-16,09,SRC042,statute_to_curated_topic,candidate
commonlii-LKSC-1973-16,16,SRC042,statute_to_curated_topic,candidate
commonlii-LKSC-1973-2,12,SRC051,statute_to_curated_topic,candidate
commonlii-LKSC-1974-3,05,SRC029,statute_to_curated_topic,candidate
commonlii-LKSC-1974-7,12,SRC050,statute_to_curated_topic,candidate
commonlii-LKSC-1974-7,20,SRC050,statute_to_curated_topic,candidate
commonlii-LKSC-1976-12,01,SRC001,statute_to_curated_topic,candidate
commonlii-LKSC-1976-12,05,SRC001,statute_to_curated_topic,candidate
commonlii-LKSC-1976-12,06,SRC001,statute_to_curated_topic,candidate
commonlii-LKSC-1976-12,15,SRC059,statute_to_curated_topic,candidate
commonlii-LKSC-1976-12,17,SRC001,statute_to_curated_topic,candidate
commonlii-LKSC-1977-2,05,SRC028,statute_to_curated_topic,candidate
commonlii-LKSC-1977-2,17,SRC028,statute_to_curated_topic,candidate
commonlii-LKSC-1978-4,05,SRC029,statute_to_curated_topic,candidate
commonlii-LKSC-1978-6,05,SRC028,statute_to_curated_topic,candidate
commonlii-LKSC-1978-6,17,SRC028,statute_to_curated_topic,candidate
commonlii-LKSC-1979-5,05,SRC029,statute_to_curated_topic,candidate
commonlii-LKSC-1980-1,05,SRC028,statute_to_curated_topic,candidate
commonlii-LKSC-1980-1,17,SRC028,statute_to_curated_topic,candidate
commonlii-LKSC-1981-12,05,SRC030,statute_to_curated_topic,candidate
commonlii-LKSC-1981-12,09,SRC030,statute_to_curated_topic,candidate
commonlii-LKSC-1981-12,11,SRC049,statute_to_curated_topic,candidate
commonlii-LKSC-1981-12,17,SRC030,statute_to_curated_topic,candidate
commonlii-LKSC-1981-12,20,SRC049,statute_to_curated_topic,candidate
commonlii-LKSC-1981-13,05,SRC030,statute_to_curated_topic,candidate
commonlii-LKSC-1981-13,09,SRC030,statute_to_curated_topic,candidate
commonlii-LKSC-1981-13,09,SRC071,statute_to_curated_topic,candidate
commonlii-LKSC-1981-13,11,SRC049,statute_to_curated_topic,candidate
commonlii-LKSC-1981-13,17,SRC030,statute_to_curated_topic,candidate
commonlii-LKSC-1981-13,18,SRC071,statute_to_curated_topic,candidate
commonlii-LKSC-1981-13,20,SRC049,statute_to_curated_topic,candidate
commonlii-LKSC-1981-20,05,SRC030,statute_to_curated_topic,candidate
commonlii-LKSC-1981-20,09,SRC030,statute_to_curated_topic,candidate
commonlii-LKSC-1981-20,12,SRC050,statute_to_curated_topic,candidate
commonlii-LKSC-1981-20,17,SRC030,statute_to_curated_topic,candidate
commonlii-LKSC-1981-20,20,SRC050,statute_to_curated_topic,candidate
commonlii-LKSC-1981-21,05,SRC028,statute_to_curated_topic,candidate
commonlii-LKSC-1981-21,17,SRC028,statute_to_curated_topic,candidate
commonlii-LKSC-1981-23,05,SRC029,statute_to_curated_topic,candidate
commonlii-LKSC-1981-23,05,SRC030,statute_to_curated_topic,candidate
commonlii-LKSC-1981-23,09,SRC030,statute_to_curated_topic,candidate
commonlii-LKSC-1981-23,17,SRC030,statute_to_curated_topic,candidate
commonlii-LKSC-1981-24,05,SRC030,statute_to_curated_topic,candidate
commonlii-LKSC-1981-24,09,SRC030,statute_to_curated_topic,candidate
commonlii-LKSC-1981-24,17,SRC030,statute_to_curated_topic,candidate
commonlii-LKSC-1981-25,05,SRC030,statute_to_curated_topic,candidate
commonlii-LKSC-1981-25,09,SRC030,statute_to_curated_topic,candidate
commonlii-LKSC-1981-25,17,SRC030,statute_to_curated_topic,candidate
commonlii-LKSC-1981-41,05,SRC028,statute_to_curated_topic,candidate
commonlii-LKSC-1981-41,05,SRC030,statute_to_curated_topic,candidate
commonlii-LKSC-1981-41,09,SRC030,statute_to_curated_topic,candidate
commonlii-LKSC-1981-41,17,SRC028,statute_to_curated_topic,candidate
commonlii-LKSC-1981-41,17,SRC030,statute_to_curated_topic,candidate
commonlii-LKSC-1981-43,05,SRC028,statute_to_curated_topic,candidate
commonlii-LKSC-1981-43,17,SRC028,statute_to_curated_topic,candidate
commonlii-LKSC-1981-45,01,SRC001,statute_to_curated_topic,candidate
commonlii-LKSC-1981-45,05,SRC001,statute_to_curated_topic,candidate
commonlii-LKSC-1981-45,06,SRC001,statute_to_curated_topic,candidate
commonlii-LKSC-1981-45,17,SRC001,statute_to_curated_topic,candidate
commonlii-LKSC-1981-8,05,SRC028,statute_to_curated_topic,candidate
commonlii-LKSC-1981-8,05,SRC030,statute_to_curated_topic,candidate
commonlii-LKSC-1981-8,09,SRC030,statute_to_curated_topic,candidate
commonlii-LKSC-1981-8,17,SRC028,statute_to_curated_topic,candidate
commonlii-LKSC-1981-8,17,SRC030,statute_to_curated_topic,candidate
commonlii-LKSC-1982-1,05,SRC028,statute_to_curated_topic,candidate
commonlii-LKSC-1982-1,05,SRC030,statute_to_curated_topic,candidate
commonlii-LKSC-1982-1,09,SRC030,statute_to_curated_topic,candidate
commonlii-LKSC-1982-1,17,SRC028,statute_to_curated_topic,candidate
commonlii-LKSC-1982-1,17,SRC030,statute_to_curated_topic,candidate
commonlii-LKSC-1982-13,05,SRC030,statute_to_curated_topic,candidate
commonlii-LKSC-1982-13,09,SRC030,statute_to_curated_topic,candidate
commonlii-LKSC-1982-13,17,SRC030,statute_to_curated_topic,candidate
commonlii-LKSC-1982-14,05,SRC028,statute_to_curated_topic,candidate
commonlii-LKSC-1982-14,05,SRC030,statute_to_curated_topic,candidate
commonlii-LKSC-1982-14,09,SRC030,statute_to_curated_topic,candidate
commonlii-LKSC-1982-14,17,SRC028,statute_to_curated_topic,candidate
commonlii-LKSC-1982-14,17,SRC030,statute_to_curated_topic,candidate
commonlii-LKSC-1982-16,05,SRC030,statute_to_curated_topic,candidate
commonlii-LKSC-1982-16,09,SRC030,statute_to_curated_topic,candidate
commonlii-LKSC-1982-16,17,SRC030,statute_to_curated_topic,candidate
commonlii-LKSC-1982-26,05,SRC029,statute_to_curated_topic,candidate
commonlii-LKSC-1983-1,05,SRC030,statute_to_curated_topic,candidate
commonlii-LKSC-1983-1,09,SRC030,statute_to_curated_topic,candidate
commonlii-LKSC-1983-1,17,SRC030,statute_to_curated_topic,candidate
commonlii-LKSC-1983-20,09,SRC044,statute_to_curated_topic,candidate
commonlii-LKSC-1983-3,05,SRC030,statute_to_curated_topic,candidate
commonlii-LKSC-1983-3,09,SRC030,statute_to_curated_topic,candidate
commonlii-LKSC-1983-3,11,SRC049,statute_to_curated_topic,candidate
commonlii-LKSC-1983-3,17,SRC030,statute_to_curated_topic,candidate
commonlii-LKSC-1983-3,20,SRC049,statute_to_curated_topic,candidate
commonlii-LKSC-1983-4,05,SRC030,statute_to_curated_topic,candidate
commonlii-LKSC-1983-4,09,SRC030,statute_to_curated_topic,candidate
commonlii-LKSC-1983-4,11,SRC049,statute_to_curated_topic,candidate
commonlii-LKSC-1983-4,17,SRC030,statute_to_curated_topic,candidate
commonlii-LKSC-1983-4,20,SRC049,statute_to_curated_topic,candidate
commonlii-LKSC-1984-11,11,SRC049,statute_to_curated_topic,candidate
commonlii-LKSC-1984-11,12,SRC050,statute_to_curated_topic,candidate
commonlii-LKSC-1984-11,20,SRC049,statute_to_curated_topic,candidate
commonlii-LKSC-1984-11,20,SRC050,statute_to_curated_topic,candidate
commonlii-LKSC-1984-17,05,SRC030,statute_to_curated_topic,candidate
commonlii-LKSC-1984-17,05,SRC033,statute_to_curated_topic,candidate
commonlii-LKSC-1984-17,09,SRC030,statute_to_curated_topic,candidate
commonlii-LKSC-1984-17,12,SRC033,statute_to_curated_topic,candidate
commonlii-LKSC-1984-17,17,SRC030,statute_to_curated_topic,candidate
commonlii-LKSC-1984-17,20,SRC033,statute_to_curated_topic,candidate
commonlii-LKSC-1984-19,09,SRC044,statute_to_curated_topic,candidate
commonlii-LKSC-1984-2,05,SRC030,statute_to_curated_topic,candidate
commonlii-LKSC-1984-2,09,SRC030,statute_to_curated_topic,candidate
commonlii-LKSC-1984-2,17,SRC030,statute_to_curated_topic,candidate
commonlii-LKSC-1984-21,11,SRC049,statute_to_curated_topic,candidate
commonlii-LKSC-1984-21,20,SRC049,statute_to_curated_topic,candidate
commonlii-LKSC-1984-23,05,SRC028,statute_to_curated_topic,candidate
commonlii-LKSC-1984-23,17,SRC028,statute_to_curated_topic,candidate
commonlii-LKSC-1984-5,05,SRC029,statute_to_curated_topic,candidate
commonlii-LKSC-1985-22,05,SRC028,statute_to_curated_topic,candidate
commonlii-LKSC-1985-22,16,SRC061,statute_to_curated_topic,candidate
commonlii-LKSC-1985-22,17,SRC028,statute_to_curated_topic,candidate
commonlii-LKSC-1985-5,09,SRC071,statute_to_curated_topic,candidate
commonlii-LKSC-1985-5,11,SRC049,statute_to_curated_topic,candidate
commonlii-LKSC-1985-5,18,SRC071,statute_to_curated_topic,candidate
commonlii-LKSC-1985-5,20,SRC049,statute_to_curated_topic,candidate
commonlii-LKSC-1985-8,05,SRC030,statute_to_curated_topic,candidate
commonlii-LKSC-1985-8,09,SRC030,statute_to_curated_topic,candidate
commonlii-LKSC-1985-8,17,SRC030,statute_to_curated_topic,candidate
commonlii-LKSC-1987-11,05,SRC030,statute_to_curated_topic,candidate
commonlii-LKSC-1987-11,09,SRC030,statute_to_curated_topic,candidate
commonlii-LKSC-1987-11,17,SRC030,statute_to_curated_topic,candidate
commonlii-LKSC-1987-17,05,SRC028,statute_to_curated_topic,candidate
commonlii-LKSC-1987-17,17,SRC028,statute_to_curated_topic,candidate
commonlii-LKSC-1987-2,05,SRC030,statute_to_curated_topic,candidate
commonlii-LKSC-1987-2,05,SRC031,statute_to_curated_topic,candidate
commonlii-LKSC-1987-2,09,SRC030,statute_to_curated_topic,candidate
commonlii-LKSC-1987-2,09,SRC031,statute_to_curated_topic,candidate
commonlii-LKSC-1987-2,17,SRC030,statute_to_curated_topic,candidate
commonlii-LKSC-1987-22,01,SRC004,statute_to_curated_topic,candidate
commonlii-LKSC-1987-22,05,SRC004,statute_to_curated_topic,candidate
commonlii-LKSC-1987-22,05,SRC024,statute_to_curated_topic,candidate
commonlii-LKSC-1987-22,05,SRC029,statute_to_curated_topic,candidate
commonlii-LKSC-1987-22,05,SRC030,statute_to_curated_topic,candidate
commonlii-LKSC-1987-22,09,SRC004,statute_to_curated_topic,candidate
commonlii-LKSC-1987-22,09,SRC030,statute_to_curated_topic,candidate
commonlii-LKSC-1987-22,10,SRC048,statute_to_curated_topic,candidate
commonlii-LKSC-1987-22,14,SRC024,statute_to_curated_topic,candidate
commonlii-LKSC-1987-22,17,SRC024,statute_to_curated_topic,candidate
commonlii-LKSC-1987-22,17,SRC030,statute_to_curated_topic,candidate
commonlii-LKSC-1987-23,09,SRC071,statute_to_curated_topic,candidate
commonlii-LKSC-1987-23,18,SRC071,statute_to_curated_topic,candidate
commonlii-LKSC-1987-6,05,SRC028,statute_to_curated_topic,candidate
commonlii-LKSC-1987-6,17,SRC028,statute_to_curated_topic,candidate
commonlii-LKSC-1988-14,12,SRC050,statute_to_curated_topic,candidate
commonlii-LKSC-1988-14,20,SRC050,statute_to_curated_topic,candidate
commonlii-LKSC-1988-23,05,SRC031,statute_to_curated_topic,candidate
commonlii-LKSC-1988-23,09,SRC031,statute_to_curated_topic,candidate
commonlii-LKSC-1988-3,05,SRC029,statute_to_curated_topic,candidate
commonlii-LKSC-1988-3,11,SRC049,statute_to_curated_topic,candidate
commonlii-LKSC-1988-3,20,SRC049,statute_to_curated_topic,candidate
commonlii-LKSC-1988-6,05,SRC029,statute_to_curated_topic,candidate
commonlii-LKSC-1988-8,05,SRC030,statute_to_curated_topic,candidate
commonlii-LKSC-1988-8,09,SRC030,statute_to_curated_topic,candidate
commonlii-LKSC-1988-8,17,SRC030,statute_to_curated_topic,candidate
commonlii-LKSC-1988-9,01,SRC004,statute_to_curated_topic,candidate
commonlii-LKSC-1988-9,05,SRC004,statute_to_curated_topic,candidate
commonlii-LKSC-1988-9,05,SRC030,statute_to_curated_topic,candidate
commonlii-LKSC-1988-9,09,SRC004,statute_to_curated_topic,candidate
commonlii-LKSC-1988-9,09,SRC030,statute_to_curated_topic,candidate
commonlii-LKSC-1988-9,17,SRC030,statute_to_curated_topic,candidate
commonlii-LKSC-1989-11,05,SRC030,statute_to_curated_topic,candidate
commonlii-LKSC-1989-11,05,SRC031,statute_to_curated_topic,candidate
commonlii-LKSC-1989-11,09,SRC030,statute_to_curated_topic,candidate
commonlii-LKSC-1989-11,09,SRC031,statute_to_curated_topic,candidate
commonlii-LKSC-1989-11,17,SRC030,statute_to_curated_topic,candidate
commonlii-LKSC-1989-14,05,SRC028,statute_to_curated_topic,candidate
commonlii-LKSC-1989-14,17,SRC028,statute_to_curated_topic,candidate
commonlii-LKSC-1989-17,05,SRC030,statute_to_curated_topic,candidate
commonlii-LKSC-1989-17,09,SRC030,statute_to_curated_topic,candidate
commonlii-LKSC-1989-17,17,SRC030,statute_to_curated_topic,candidate
commonlii-LKSC-1989-18,05,SRC030,statute_to_curated_topic,candidate
commonlii-LKSC-1989-18,09,SRC030,statute_to_curated_topic,candidate
commonlii-LKSC-1989-18,17,SRC030,statute_to_curated_topic,candidate
commonlii-LKSC-1989-23,15,SRC059,statute_to_curated_topic,candidate
commonlii-LKSC-1989-34,05,SRC030,statute_to_curated_topic,candidate
commonlii-LKSC-1989-34,09,SRC030,statute_to_curated_topic,candidate
commonlii-LKSC-1989-34,12,SRC054,statute_to_curated_topic,candidate
commonlii-LKSC-1989-34,17,SRC030,statute_to_curated_topic,candidate
commonlii-LKSC-1989-37,05,SRC027,statute_to_curated_topic,candidate
commonlii-LKSC-1989-37,17,SRC027,statute_to_curated_topic,candidate
commonlii-LKSC-1989-6,05,SRC014,statute_to_curated_topic,candidate
commonlii-LKSC-1989-6,05,SRC030,statute_to_curated_topic,candidate
commonlii-LKSC-1989-6,06,SRC014,statute_to_curated_topic,candidate
commonlii-LKSC-1989-6,08,SRC014,statute_to_curated_topic,candidate
commonlii-LKSC-1989-6,09,SRC030,statute_to_curated_topic,candidate
commonlii-LKSC-1989-6,17,SRC014,statute_to_curated_topic,candidate
commonlii-LKSC-1989-6,17,SRC030,statute_to_curated_topic,candidate
commonlii-LKSC-1989-6,20,SRC014,statute_to_curated_topic,candidate
commonlii-LKSC-1990-13,01,SRC001,statute_to_curated_topic,candidate
commonlii-LKSC-1990-13,05,SRC001,statute_to_curated_topic,candidate
commonlii-LKSC-1990-13,05,SRC029,statute_to_curated_topic,candidate
commonlii-LKSC-1990-13,05,SRC030,statute_to_curated_topic,candidate
commonlii-LKSC-1990-13,06,SRC001,statute_to_curated_topic,candidate
commonlii-LKSC-1990-13,09,SRC030,statute_to_curated_topic,candidate
commonlii-LKSC-1990-13,15,SRC059,statute_to_curated_topic,candidate
commonlii-LKSC-1990-13,17,SRC001,statute_to_curated_topic,candidate
commonlii-LKSC-1990-13,17,SRC030,statute_to_curated_topic,candidate
commonlii-LKSC-1990-14,12,SRC051,statute_to_curated_topic,candidate
commonlii-LKSC-1990-16,05,SRC027,statute_to_curated_topic,candidate
commonlii-LKSC-1990-16,17,SRC027,statute_to_curated_topic,candidate
commonlii-LKSC-1990-17,05,SRC030,statute_to_curated_topic,candidate
commonlii-LKSC-1990-17,09,SRC030,statute_to_curated_topic,candidate
commonlii-LKSC-1990-17,17,SRC030,statute_to_curated_topic,candidate
commonlii-LKSC-1990-21,01,SRC001,statute_to_curated_topic,candidate
commonlii-LKSC-1990-21,05,SRC001,statute_to_curated_topic,candidate
commonlii-LKSC-1990-21,06,SRC001,statute_to_curated_topic,candidate
commonlii-LKSC-1990-21,11,SRC049,statute_to_curated_topic,candidate
commonlii-LKSC-1990-21,15,SRC059,statute_to_curated_topic,candidate
commonlii-LKSC-1990-21,17,SRC001,statute_to_curated_topic,candidate
commonlii-LKSC-1990-21,20,SRC049,statute_to_curated_topic,candidate
commonlii-LKSC-1990-4,05,SRC030,statute_to_curated_topic,candidate
commonlii-LKSC-1990-4,09,SRC030,statute_to_curated_topic,candidate
commonlii-LKSC-1990-4,17,SRC030,statute_to_curated_topic,candidate
commonlii-LKSC-1991-12,05,SRC031,statute_to_curated_topic,candidate
commonlii-LKSC-1991-12,09,SRC031,statute_to_curated_topic,candidate
commonlii-LKSC-1991-12,11,SRC049,statute_to_curated_topic,candidate
commonlii-LKSC-1991-12,20,SRC049,statute_to_curated_topic,candidate
commonlii-LKSC-1991-14,11,SRC049,statute_to_curated_topic,candidate
commonlii-LKSC-1991-14,20,SRC049,statute_to_curated_topic,candidate
commonlii-LKSC-1991-15,11,SRC049,statute_to_curated_topic,candidate
commonlii-LKSC-1991-15,20,SRC049,statute_to_curated_topic,candidate
commonlii-LKSC-1991-16,05,SRC028,statute_to_curated_topic,candidate
commonlii-LKSC-1991-16,15,SRC059,statute_to_curated_topic,candidate
commonlii-LKSC-1991-16,17,SRC028,statute_to_curated_topic,candidate
commonlii-LKSC-1991-18,05,SRC030,statute_to_curated_topic,candidate
commonlii-LKSC-1991-18,09,SRC030,statute_to_curated_topic,candidate
commonlii-LKSC-1991-18,17,SRC030,statute_to_curated_topic,candidate
commonlii-LKSC-1991-29,10,SRC048,statute_to_curated_topic,candidate
commonlii-LKSC-1991-29,15,SRC059,statute_to_curated_topic,candidate
commonlii-LKSC-1991-3,05,SRC030,statute_to_curated_topic,candidate
commonlii-LKSC-1991-3,09,SRC030,statute_to_curated_topic,candidate
commonlii-LKSC-1991-3,17,SRC030,statute_to_curated_topic,candidate
commonlii-LKSC-1991-33,01,SRC001,statute_to_curated_topic,candidate
commonlii-LKSC-1991-33,05,SRC001,statute_to_curated_topic,candidate
commonlii-LKSC-1991-33,05,SRC029,statute_to_curated_topic,candidate
commonlii-LKSC-1991-33,06,SRC001,statute_to_curated_topic,candidate
commonlii-LKSC-1991-33,15,SRC059,statute_to_curated_topic,candidate
commonlii-LKSC-1991-33,17,SRC001,statute_to_curated_topic,candidate
commonlii-LKSC-1991-35,05,SRC028,statute_to_curated_topic,candidate
commonlii-LKSC-1991-35,17,SRC028,statute_to_curated_topic,candidate
commonlii-LKSC-1991-39,05,SRC028,statute_to_curated_topic,candidate
commonlii-LKSC-1991-39,17,SRC028,statute_to_curated_topic,candidate
commonlii-LKSC-1991-5,05,SRC030,statute_to_curated_topic,candidate
commonlii-LKSC-1991-5,09,SRC030,statute_to_curated_topic,candidate
commonlii-LKSC-1991-5,17,SRC030,statute_to_curated_topic,candidate
commonlii-LKSC-1991-6,05,SRC030,statute_to_curated_topic,candidate
commonlii-LKSC-1991-6,09,SRC030,statute_to_curated_topic,candidate
commonlii-LKSC-1991-6,17,SRC030,statute_to_curated_topic,candidate
commonlii-LKSC-1992-3,01,SRC001,statute_to_curated_topic,candidate
commonlii-LKSC-1992-3,02,SRC005,statute_to_curated_topic,candidate
commonlii-LKSC-1992-3,05,SRC001,statute_to_curated_topic,candidate
commonlii-LKSC-1992-3,05,SRC005,statute_to_curated_topic,candidate
commonlii-LKSC-1992-3,05,SRC029,statute_to_curated_topic,candidate
commonlii-LKSC-1992-3,05,SRC030,statute_to_curated_topic,candidate
commonlii-LKSC-1992-3,06,SRC001,statute_to_curated_topic,candidate
commonlii-LKSC-1992-3,06,SRC005,statute_to_curated_topic,candidate
commonlii-LKSC-1992-3,09,SRC030,statute_to_curated_topic,candidate
commonlii-LKSC-1992-3,17,SRC001,statute_to_curated_topic,candidate
commonlii-LKSC-1992-3,17,SRC005,statute_to_curated_topic,candidate
commonlii-LKSC-1992-3,17,SRC030,statute_to_curated_topic,candidate
commonlii-LKSC-1992-34,16,SRC061,statute_to_curated_topic,candidate
commonlii-LKSC-1992-35,05,SRC028,statute_to_curated_topic,candidate
commonlii-LKSC-1992-35,17,SRC028,statute_to_curated_topic,candidate
commonlii-LKSC-1992-9,15,SRC059,statute_to_curated_topic,candidate
commonlii-LKSC-1993-19,05,SRC027,statute_to_curated_topic,candidate
commonlii-LKSC-1993-19,05,SRC029,statute_to_curated_topic,candidate
commonlii-LKSC-1993-19,05,SRC030,statute_to_curated_topic,candidate
commonlii-LKSC-1993-19,09,SRC030,statute_to_curated_topic,candidate
commonlii-LKSC-1993-19,17,SRC027,statute_to_curated_topic,candidate
commonlii-LKSC-1993-19,17,SRC030,statute_to_curated_topic,candidate
commonlii-LKSC-1993-24,05,SRC030,statute_to_curated_topic,candidate
commonlii-LKSC-1993-24,09,SRC030,statute_to_curated_topic,candidate
commonlii-LKSC-1993-24,17,SRC030,statute_to_curated_topic,candidate
commonlii-LKSC-1993-26,09,SRC071,statute_to_curated_topic,candidate
commonlii-LKSC-1993-26,18,SRC071,statute_to_curated_topic,candidate
commonlii-LKSC-1993-4,12,SRC051,statute_to_curated_topic,candidate
commonlii-LKSC-1993-47,05,SRC029,statute_to_curated_topic,candidate
commonlii-LKSC-1993-49,09,SRC071,statute_to_curated_topic,candidate
commonlii-LKSC-1993-49,18,SRC071,statute_to_curated_topic,candidate
commonlii-LKSC-1994-1,05,SRC033,statute_to_curated_topic,candidate
commonlii-LKSC-1994-1,11,SRC049,statute_to_curated_topic,candidate
commonlii-LKSC-1994-1,12,SRC033,statute_to_curated_topic,candidate
commonlii-LKSC-1994-1,15,SRC059,statute_to_curated_topic,candidate
commonlii-LKSC-1994-1,20,SRC033,statute_to_curated_topic,candidate
commonlii-LKSC-1994-1,20,SRC049,statute_to_curated_topic,candidate
commonlii-LKSC-1994-13,11,SRC049,statute_to_curated_topic,candidate
commonlii-LKSC-1994-13,20,SRC049,statute_to_curated_topic,candidate
commonlii-LKSC-1994-18,05,SRC030,statute_to_curated_topic,candidate
commonlii-LKSC-1994-18,09,SRC030,statute_to_curated_topic,candidate
commonlii-LKSC-1994-18,17,SRC030,statute_to_curated_topic,candidate
commonlii-LKSC-1994-20,05,SRC030,statute_to_curated_topic,candidate
commonlii-LKSC-1994-20,09,SRC030,statute_to_curated_topic,candidate
commonlii-LKSC-1994-20,17,SRC030,statute_to_curated_topic,candidate
commonlii-LKSC-1994-34,01,SRC001,statute_to_curated_topic,candidate
commonlii-LKSC-1994-34,05,SRC001,statute_to_curated_topic,candidate
commonlii-LKSC-1994-34,05,SRC030,statute_to_curated_topic,candidate
commonlii-LKSC-1994-34,05,SRC033,statute_to_curated_topic,candidate
commonlii-LKSC-1994-34,06,SRC001,statute_to_curated_topic,candidate
commonlii-LKSC-1994-34,09,SRC030,statute_to_curated_topic,candidate
commonlii-LKSC-1994-34,09,SRC071,statute_to_curated_topic,candidate
commonlii-LKSC-1994-34,12,SRC033,statute_to_curated_topic,candidate
commonlii-LKSC-1994-34,17,SRC001,statute_to_curated_topic,candidate
commonlii-LKSC-1994-34,17,SRC030,statute_to_curated_topic,candidate
commonlii-LKSC-1994-34,18,SRC071,statute_to_curated_topic,candidate
commonlii-LKSC-1994-34,20,SRC033,statute_to_curated_topic,candidate
commonlii-LKSC-1994-35,05,SRC028,statute_to_curated_topic,candidate
commonlii-LKSC-1994-35,09,SRC071,statute_to_curated_topic,candidate
commonlii-LKSC-1994-35,17,SRC028,statute_to_curated_topic,candidate
commonlii-LKSC-1994-35,18,SRC071,statute_to_curated_topic,candidate
commonlii-LKSC-1994-42,05,SRC028,statute_to_curated_topic,candidate
commonlii-LKSC-1994-42,05,SRC029,statute_to_curated_topic,candidate
commonlii-LKSC-1994-42,17,SRC028,statute_to_curated_topic,candidate
commonlii-LKSC-1994-7,05,SRC030,statute_to_curated_topic,candidate
commonlii-LKSC-1994-7,09,SRC030,statute_to_curated_topic,candidate
commonlii-LKSC-1994-7,17,SRC030,statute_to_curated_topic,candidate
commonlii-LKSC-1995-1,11,SRC049,statute_to_curated_topic,candidate
commonlii-LKSC-1995-1,20,SRC049,statute_to_curated_topic,candidate
commonlii-LKSC-1995-10,05,SRC033,statute_to_curated_topic,candidate
commonlii-LKSC-1995-10,12,SRC033,statute_to_curated_topic,candidate
commonlii-LKSC-1995-10,20,SRC033,statute_to_curated_topic,candidate
commonlii-LKSC-1995-34,15,SRC059,statute_to_curated_topic,candidate
commonlii-LKSC-1995-8,05,SRC028,statute_to_curated_topic,candidate
commonlii-LKSC-1995-8,17,SRC028,statute_to_curated_topic,candidate
commonlii-LKSC-1996-14,05,SRC030,statute_to_curated_topic,candidate
commonlii-LKSC-1996-14,09,SRC030,statute_to_curated_topic,candidate
commonlii-LKSC-1996-14,17,SRC030,statute_to_curated_topic,candidate
commonlii-LKSC-1996-15,05,SRC030,statute_to_curated_topic,candidate
commonlii-LKSC-1996-15,09,SRC030,statute_to_curated_topic,candidate
commonlii-LKSC-1996-15,17,SRC030,statute_to_curated_topic,candidate
commonlii-LKSC-1996-16,05,SRC030,statute_to_curated_topic,candidate
commonlii-LKSC-1996-16,09,SRC030,statute_to_curated_topic,candidate
commonlii-LKSC-1996-16,17,SRC030,statute_to_curated_topic,candidate
commonlii-LKSC-1996-34,05,SRC028,statute_to_curated_topic,candidate
commonlii-LKSC-1996-34,05,SRC030,statute_to_curated_topic,candidate
commonlii-LKSC-1996-34,09,SRC030,statute_to_curated_topic,candidate
commonlii-LKSC-1996-34,17,SRC028,statute_to_curated_topic,candidate
commonlii-LKSC-1996-34,17,SRC030,statute_to_curated_topic,candidate
commonlii-LKSC-1996-43,12,SRC051,statute_to_curated_topic,candidate
commonlii-LKSC-1996-7,05,SRC014,statute_to_curated_topic,candidate
commonlii-LKSC-1996-7,06,SRC014,statute_to_curated_topic,candidate
commonlii-LKSC-1996-7,08,SRC014,statute_to_curated_topic,candidate
commonlii-LKSC-1996-7,17,SRC014,statute_to_curated_topic,candidate
commonlii-LKSC-1996-7,20,SRC014,statute_to_curated_topic,candidate
commonlii-LKSC-1996-8,01,SRC004,statute_to_curated_topic,candidate
commonlii-LKSC-1996-8,05,SRC004,statute_to_curated_topic,candidate
commonlii-LKSC-1996-8,05,SRC029,statute_to_curated_topic,candidate
commonlii-LKSC-1996-8,09,SRC004,statute_to_curated_topic,candidate
commonlii-LKSC-1996-8,10,SRC047,statute_to_curated_topic,candidate
commonlii-LKSC-1996-9,05,SRC030,statute_to_curated_topic,candidate
commonlii-LKSC-1996-9,09,SRC030,statute_to_curated_topic,candidate
commonlii-LKSC-1996-9,17,SRC030,statute_to_curated_topic,candidate
commonlii-LKSC-1997-51,05,SRC014,statute_to_curated_topic,candidate
commonlii-LKSC-1997-51,06,SRC014,statute_to_curated_topic,candidate
commonlii-LKSC-1997-51,08,SRC014,statute_to_curated_topic,candidate
commonlii-LKSC-1997-51,17,SRC014,statute_to_curated_topic,candidate
commonlii-LKSC-1997-51,20,SRC014,statute_to_curated_topic,candidate
commonlii-LKSC-1998-10,11,SRC049,statute_to_curated_topic,candidate
commonlii-LKSC-1998-10,20,SRC049,statute_to_curated_topic,candidate
commonlii-LKSC-1998-17,05,SRC030,statute_to_curated_topic,candidate
commonlii-LKSC-1998-17,09,SRC030,statute_to_curated_topic,candidate
commonlii-LKSC-1998-17,17,SRC030,statute_to_curated_topic,candidate
commonlii-LKSC-1998-18,05,SRC028,statute_to_curated_topic,candidate
commonlii-LKSC-1998-18,05,SRC029,statute_to_curated_topic,candidate
commonlii-LKSC-1998-18,05,SRC030,statute_to_curated_topic,candidate
commonlii-LKSC-1998-18,09,SRC030,statute_to_curated_topic,candidate
commonlii-LKSC-1998-18,17,SRC028,statute_to_curated_topic,candidate
commonlii-LKSC-1998-18,17,SRC030,statute_to_curated_topic,candidate
commonlii-LKSC-1998-20,05,SRC030,statute_to_curated_topic,candidate
commonlii-LKSC-1998-20,09,SRC030,statute_to_curated_topic,candidate
commonlii-LKSC-1998-20,17,SRC030,statute_to_curated_topic,candidate
commonlii-LKSC-1998-21,05,SRC030,statute_to_curated_topic,candidate
commonlii-LKSC-1998-21,09,SRC030,statute_to_curated_topic,candidate
commonlii-LKSC-1998-21,17,SRC030,statute_to_curated_topic,candidate
commonlii-LKSC-1998-3,05,SRC030,statute_to_curated_topic,candidate
commonlii-LKSC-1998-3,09,SRC030,statute_to_curated_topic,candidate
commonlii-LKSC-1998-3,17,SRC030,statute_to_curated_topic,candidate
commonlii-LKSC-1998-4,05,SRC030,statute_to_curated_topic,candidate
commonlii-LKSC-1998-4,09,SRC030,statute_to_curated_topic,candidate
commonlii-LKSC-1998-4,09,SRC071,statute_to_curated_topic,candidate
commonlii-LKSC-1998-4,16,SRC061,statute_to_curated_topic,candidate
commonlii-LKSC-1998-4,17,SRC030,statute_to_curated_topic,candidate
commonlii-LKSC-1998-4,18,SRC071,statute_to_curated_topic,candidate
commonlii-LKSC-1998-50,02,SRC005,statute_to_curated_topic,candidate
commonlii-LKSC-1998-50,05,SRC005,statute_to_curated_topic,candidate
commonlii-LKSC-1998-50,05,SRC027,statute_to_curated_topic,candidate
commonlii-LKSC-1998-50,06,SRC005,statute_to_curated_topic,candidate
commonlii-LKSC-1998-50,17,SRC005,statute_to_curated_topic,candidate
commonlii-LKSC-1998-50,17,SRC027,statute_to_curated_topic,candidate
commonlii-LKSC-1998-6,05,SRC027,statute_to_curated_topic,candidate
commonlii-LKSC-1998-6,05,SRC030,statute_to_curated_topic,candidate
commonlii-LKSC-1998-6,09,SRC030,statute_to_curated_topic,candidate
commonlii-LKSC-1998-6,17,SRC027,statute_to_curated_topic,candidate
commonlii-LKSC-1998-6,17,SRC030,statute_to_curated_topic,candidate
commonlii-LKSC-1998-61,05,SRC028,statute_to_curated_topic,candidate
commonlii-LKSC-1998-61,17,SRC028,statute_to_curated_topic,candidate
commonlii-LKSC-1998-65,11,SRC049,statute_to_curated_topic,candidate
commonlii-LKSC-1998-65,20,SRC049,statute_to_curated_topic,candidate
commonlii-LKSC-1998-66,02,SRC005,statute_to_curated_topic,candidate
commonlii-LKSC-1998-66,05,SRC005,statute_to_curated_topic,candidate
commonlii-LKSC-1998-66,06,SRC005,statute_to_curated_topic,candidate
commonlii-LKSC-1998-66,17,SRC005,statute_to_curated_topic,candidate
commonlii-LKSC-1999-11,05,SRC030,statute_to_curated_topic,candidate
commonlii-LKSC-1999-11,09,SRC030,statute_to_curated_topic,candidate
commonlii-LKSC-1999-11,17,SRC030,statute_to_curated_topic,candidate
commonlii-LKSC-1999-39,05,SRC030,statute_to_curated_topic,candidate
commonlii-LKSC-1999-39,09,SRC030,statute_to_curated_topic,candidate
commonlii-LKSC-1999-39,09,SRC071,statute_to_curated_topic,candidate
commonlii-LKSC-1999-39,17,SRC030,statute_to_curated_topic,candidate
commonlii-LKSC-1999-39,18,SRC071,statute_to_curated_topic,candidate
commonlii-LKSC-1999-41,01,SRC001,statute_to_curated_topic,candidate
commonlii-LKSC-1999-41,02,SRC005,statute_to_curated_topic,candidate
commonlii-LKSC-1999-41,05,SRC001,statute_to_curated_topic,candidate
commonlii-LKSC-1999-41,05,SRC005,statute_to_curated_topic,candidate
commonlii-LKSC-1999-41,05,SRC014,statute_to_curated_topic,candidate
commonlii-LKSC-1999-41,05,SRC029,statute_to_curated_topic,candidate
commonlii-LKSC-1999-41,06,SRC001,statute_to_curated_topic,candidate
commonlii-LKSC-1999-41,06,SRC005,statute_to_curated_topic,candidate
commonlii-LKSC-1999-41,06,SRC014,statute_to_curated_topic,candidate
commonlii-LKSC-1999-41,08,SRC014,statute_to_curated_topic,candidate
commonlii-LKSC-1999-41,17,SRC001,statute_to_curated_topic,candidate
commonlii-LKSC-1999-41,17,SRC005,statute_to_curated_topic,candidate
commonlii-LKSC-1999-41,17,SRC014,statute_to_curated_topic,candidate
commonlii-LKSC-1999-41,20,SRC014,statute_to_curated_topic,candidate
commonlii-LKSC-1999-52,05,SRC028,statute_to_curated_topic,candidate
commonlii-LKSC-1999-52,17,SRC028,statute_to_curated_topic,candidate
commonlii-LKSC-1999-54,01,SRC001,statute_to_curated_topic,candidate
commonlii-LKSC-1999-54,05,SRC001,statute_to_curated_topic,candidate
commonlii-LKSC-1999-54,06,SRC001,statute_to_curated_topic,candidate
commonlii-LKSC-1999-54,17,SRC001,statute_to_curated_topic,candidate
commonlii-LKSC-1999-8,11,SRC049,statute_to_curated_topic,candidate
commonlii-LKSC-1999-8,20,SRC049,statute_to_curated_topic,candidate
commonlii-LKSC-2000-11,02,SRC005,statute_to_curated_topic,candidate
commonlii-LKSC-2000-11,05,SRC005,statute_to_curated_topic,candidate
commonlii-LKSC-2000-11,05,SRC030,statute_to_curated_topic,candidate
commonlii-LKSC-2000-11,06,SRC005,statute_to_curated_topic,candidate
commonlii-LKSC-2000-11,09,SRC030,statute_to_curated_topic,candidate
commonlii-LKSC-2000-11,09,SRC071,statute_to_curated_topic,candidate
commonlii-LKSC-2000-11,17,SRC005,statute_to_curated_topic,candidate
commonlii-LKSC-2000-11,17,SRC030,statute_to_curated_topic,candidate
commonlii-LKSC-2000-11,18,SRC071,statute_to_curated_topic,candidate
commonlii-LKSC-2000-34,05,SRC033,statute_to_curated_topic,candidate
commonlii-LKSC-2000-34,12,SRC033,statute_to_curated_topic,candidate
commonlii-LKSC-2000-34,15,SRC059,statute_to_curated_topic,candidate
commonlii-LKSC-2000-34,20,SRC033,statute_to_curated_topic,candidate
commonlii-LKSC-2000-4,05,SRC030,statute_to_curated_topic,candidate
commonlii-LKSC-2000-4,09,SRC030,statute_to_curated_topic,candidate
commonlii-LKSC-2000-4,17,SRC030,statute_to_curated_topic,candidate
commonlii-LKSC-2001-30,05,SRC030,statute_to_curated_topic,candidate
commonlii-LKSC-2001-30,09,SRC030,statute_to_curated_topic,candidate
commonlii-LKSC-2001-30,09,SRC071,statute_to_curated_topic,candidate
commonlii-LKSC-2001-30,17,SRC030,statute_to_curated_topic,candidate
commonlii-LKSC-2001-30,18,SRC071,statute_to_curated_topic,candidate
commonlii-LKSC-2001-31,01,SRC001,statute_to_curated_topic,candidate
commonlii-LKSC-2001-31,05,SRC001,statute_to_curated_topic,candidate
commonlii-LKSC-2001-31,06,SRC001,statute_to_curated_topic,candidate
commonlii-LKSC-2001-31,17,SRC001,statute_to_curated_topic,candidate
commonlii-LKSC-2001-9,05,SRC030,statute_to_curated_topic,candidate
commonlii-LKSC-2001-9,09,SRC030,statute_to_curated_topic,candidate
commonlii-LKSC-2001-9,09,SRC071,statute_to_curated_topic,candidate
commonlii-LKSC-2001-9,17,SRC030,statute_to_curated_topic,candidate
commonlii-LKSC-2001-9,18,SRC071,statute_to_curated_topic,candidate
commonlii-LKSC-2002-42,05,SRC028,statute_to_curated_topic,candidate
commonlii-LKSC-2002-42,05,SRC030,statute_to_curated_topic,candidate
commonlii-LKSC-2002-42,09,SRC030,statute_to_curated_topic,candidate
commonlii-LKSC-2002-42,17,SRC028,statute_to_curated_topic,candidate
commonlii-LKSC-2002-42,17,SRC030,statute_to_curated_topic,candidate
commonlii-LKSC-2002-43,01,SRC001,statute_to_curated_topic,candidate
commonlii-LKSC-2002-43,05,SRC001,statute_to_curated_topic,candidate
commonlii-LKSC-2002-43,05,SRC027,statute_to_curated_topic,candidate
commonlii-LKSC-2002-43,05,SRC028,statute_to_curated_topic,candidate
commonlii-LKSC-2002-43,06,SRC001,statute_to_curated_topic,candidate
commonlii-LKSC-2002-43,17,SRC001,statute_to_curated_topic,candidate
commonlii-LKSC-2002-43,17,SRC027,statute_to_curated_topic,candidate
commonlii-LKSC-2002-43,17,SRC028,statute_to_curated_topic,candidate
commonlii-LKSC-2003-2,11,SRC049,statute_to_curated_topic,candidate
commonlii-LKSC-2003-2,20,SRC049,statute_to_curated_topic,candidate
commonlii-LKSC-2003-20,05,SRC030,statute_to_curated_topic,candidate
commonlii-LKSC-2003-20,09,SRC030,statute_to_curated_topic,candidate
commonlii-LKSC-2003-20,12,SRC054,statute_to_curated_topic,candidate
commonlii-LKSC-2003-20,17,SRC030,statute_to_curated_topic,candidate
commonlii-LKSC-2003-6,05,SRC030,statute_to_curated_topic,candidate
commonlii-LKSC-2003-6,09,SRC030,statute_to_curated_topic,candidate
commonlii-LKSC-2003-6,17,SRC030,statute_to_curated_topic,candidate
commonlii-LKSC-2004-10,05,SRC030,statute_to_curated_topic,candidate
commonlii-LKSC-2004-10,09,SRC030,statute_to_curated_topic,candidate
commonlii-LKSC-2004-10,17,SRC030,statute_to_curated_topic,candidate
commonlii-LKSC-2004-20,05,SRC028,statute_to_curated_topic,candidate
commonlii-LKSC-2004-20,17,SRC028,statute_to_curated_topic,candidate
commonlii-LKSC-2004-21,09,SRC071,statute_to_curated_topic,candidate
commonlii-LKSC-2004-21,18,SRC071,statute_to_curated_topic,candidate
commonlii-LKSC-2004-22,05,SRC027,statute_to_curated_topic,candidate
commonlii-LKSC-2004-22,05,SRC030,statute_to_curated_topic,candidate
commonlii-LKSC-2004-22,09,SRC030,statute_to_curated_topic,candidate
commonlii-LKSC-2004-22,17,SRC027,statute_to_curated_topic,candidate
commonlii-LKSC-2004-22,17,SRC030,statute_to_curated_topic,candidate
commonlii-LKSC-2004-23,05,SRC030,statute_to_curated_topic,candidate
commonlii-LKSC-2004-23,09,SRC030,statute_to_curated_topic,candidate
commonlii-LKSC-2004-23,09,SRC071,statute_to_curated_topic,candidate
commonlii-LKSC-2004-23,17,SRC030,statute_to_curated_topic,candidate
commonlii-LKSC-2004-23,18,SRC071,statute_to_curated_topic,candidate
commonlii-LKSC-2004-25,12,SRC051,statute_to_curated_topic,candidate
commonlii-LKSC-2004-7,02,SRC005,statute_to_curated_topic,candidate
commonlii-LKSC-2004-7,05,SRC005,statute_to_curated_topic,candidate
commonlii-LKSC-2004-7,06,SRC005,statute_to_curated_topic,candidate
commonlii-LKSC-2004-7,17,SRC005,statute_to_curated_topic,candidate
commonlii-LKSC-2005-11,05,SRC029,statute_to_curated_topic,candidate
commonlii-LKSC-2005-11,05,SRC030,statute_to_curated_topic,candidate
commonlii-LKSC-2005-11,09,SRC030,statute_to_curated_topic,candidate
commonlii-LKSC-2005-11,17,SRC030,statute_to_curated_topic,candidate
commonlii-LKSC-2005-17,01,SRC001,statute_to_curated_topic,candidate
commonlii-LKSC-2005-17,05,SRC001,statute_to_curated_topic,candidate
commonlii-LKSC-2005-17,06,SRC001,statute_to_curated_topic,candidate
commonlii-LKSC-2005-17,17,SRC001,statute_to_curated_topic,candidate
commonlii-LKSC-2005-7,09,SRC042,statute_to_curated_topic,candidate
commonlii-LKSC-2005-7,09,SRC044,statute_to_curated_topic,candidate
commonlii-LKSC-2005-7,16,SRC042,statute_to_curated_topic,candidate
commonlii-LKSC-2006-16,05,SRC029,statute_to_curated_topic,candidate
commonlii-LKSC-2006-16,05,SRC031,statute_to_curated_topic,candidate
commonlii-LKSC-2006-16,09,SRC031,statute_to_curated_topic,candidate
commonlii-LKSC-2006-5,05,SRC034,statute_to_curated_topic,candidate
commonlii-LKSC-2006-5,07,SRC034,statute_to_curated_topic,candidate
commonlii-LKSC-2006-5,17,SRC034,statute_to_curated_topic,candidate
commonlii-LKSC-2006-5,20,SRC034,statute_to_curated_topic,candidate
commonlii-LKSC-2006-6,05,SRC027,statute_to_curated_topic,candidate
commonlii-LKSC-2006-6,17,SRC027,statute_to_curated_topic,candidate
commonlii-LKSC-2007-14,02,SRC005,statute_to_curated_topic,candidate
commonlii-LKSC-2007-14,05,SRC005,statute_to_curated_topic,candidate
commonlii-LKSC-2007-14,05,SRC029,statute_to_curated_topic,candidate
commonlii-LKSC-2007-14,06,SRC005,statute_to_curated_topic,candidate
commonlii-LKSC-2007-14,17,SRC005,statute_to_curated_topic,candidate
commonlii-LKSC-2007-3,05,SRC030,statute_to_curated_topic,candidate
commonlii-LKSC-2007-3,09,SRC030,statute_to_curated_topic,candidate
commonlii-LKSC-2007-3,17,SRC030,statute_to_curated_topic,candidate
commonlii-LKSC-2008-2,12,SRC051,statute_to_curated_topic,candidate
commonlii-LKSC-2008-5,05,SRC034,statute_to_curated_topic,candidate
commonlii-LKSC-2008-5,07,SRC034,statute_to_curated_topic,candidate
commonlii-LKSC-2008-5,09,SRC071,statute_to_curated_topic,candidate
commonlii-LKSC-2008-5,17,SRC034,statute_to_curated_topic,candidate
commonlii-LKSC-2008-5,18,SRC071,statute_to_curated_topic,candidate
commonlii-LKSC-2008-5,20,SRC034,statute_to_curated_topic,candidate
commonlii-LKSC-2008-7,12,SRC056,statute_to_curated_topic,candidate
commonlii-LKSC-2009-10,01,SRC001,statute_to_curated_topic,candidate
commonlii-LKSC-2009-10,05,SRC001,statute_to_curated_topic,candidate
commonlii-LKSC-2009-10,05,SRC014,statute_to_curated_topic,candidate
commonlii-LKSC-2009-10,05,SRC029,statute_to_curated_topic,candidate
commonlii-LKSC-2009-10,05,SRC030,statute_to_curated_topic,candidate
commonlii-LKSC-2009-10,06,SRC001,statute_to_curated_topic,candidate
commonlii-LKSC-2009-10,06,SRC014,statute_to_curated_topic,candidate
commonlii-LKSC-2009-10,08,SRC014,statute_to_curated_topic,candidate
commonlii-LKSC-2009-10,09,SRC030,statute_to_curated_topic,candidate
commonlii-LKSC-2009-10,17,SRC001,statute_to_curated_topic,candidate
commonlii-LKSC-2009-10,17,SRC014,statute_to_curated_topic,candidate
commonlii-LKSC-2009-10,17,SRC030,statute_to_curated_topic,candidate
commonlii-LKSC-2009-10,20,SRC014,statute_to_curated_topic,candidate
commonlii-LKSC-2009-3,05,SRC029,statute_to_curated_topic,candidate
commonlii-LKSC-2009-3,05,SRC030,statute_to_curated_topic,candidate
commonlii-LKSC-2009-3,09,SRC030,statute_to_curated_topic,candidate
commonlii-LKSC-2009-3,17,SRC030,statute_to_curated_topic,candidate
commonlii-LKSC-2009-5,05,SRC030,statute_to_curated_topic,candidate
commonlii-LKSC-2009-5,09,SRC030,statute_to_curated_topic,candidate
commonlii-LKSC-2009-5,17,SRC030,statute_to_curated_topic,candidate
commonlii-LKSC-2009-8,05,SRC029,statute_to_curated_topic,candidate
commonlii-LKSC-2009-8,12,SRC051,statute_to_curated_topic,candidate
commonlii-LKSC-2010-3,05,SRC030,statute_to_curated_topic,candidate
commonlii-LKSC-2010-3,09,SRC030,statute_to_curated_topic,candidate
commonlii-LKSC-2010-3,17,SRC030,statute_to_curated_topic,candidate
courts-coa-11.-wrt-0434-19.pdf,05,SRC033,statute_to_curated_topic,candidate
courts-coa-11.-wrt-0434-19.pdf,12,SRC033,statute_to_curated_topic,candidate
courts-coa-11.-wrt-0434-19.pdf,12,SRC055,statute_to_curated_topic,candidate
courts-coa-11.-wrt-0434-19.pdf,20,SRC033,statute_to_curated_topic,candidate
courts-coa-13.-ca-836-99-f.pdf,05,SRC029,statute_to_curated_topic,candidate
courts-coa-2.-ca-rev-955-2005-11.3.2019.pdf,05,SRC033,statute_to_curated_topic,candidate
courts-coa-2.-ca-rev-955-2005-11.3.2019.pdf,12,SRC033,statute_to_curated_topic,candidate
courts-coa-2.-ca-rev-955-2005-11.3.2019.pdf,20,SRC033,statute_to_curated_topic,candidate
courts-coa-20.-ca-land-acq-01-2019.pdf,05,SRC029,statute_to_curated_topic,candidate
courts-coa-20.-ca-land-acq-01-2019.pdf,05,SRC030,statute_to_curated_topic,candidate
courts-coa-20.-ca-land-acq-01-2019.pdf,09,SRC030,statute_to_curated_topic,candidate
courts-coa-20.-ca-land-acq-01-2019.pdf,12,SRC051,statute_to_curated_topic,candidate
courts-coa-20.-ca-land-acq-01-2019.pdf,17,SRC030,statute_to_curated_topic,candidate
courts-coa-25.-dcf-065-98-2.pdf,05,SRC027,statute_to_curated_topic,candidate
courts-coa-25.-dcf-065-98-2.pdf,17,SRC027,statute_to_curated_topic,candidate
courts-coa-27.-ca-tax-0008-2007-1.pdf,05,SRC031,statute_to_curated_topic,candidate
courts-coa-27.-ca-tax-0008-2007-1.pdf,09,SRC031,statute_to_curated_topic,candidate
courts-coa-27.-judgement-dcf-710-712-99.pdf,05,SRC027,statute_to_curated_topic,candidate
courts-coa-27.-judgement-dcf-710-712-99.pdf,05,SRC030,statute_to_curated_topic,candidate
courts-coa-27.-judgement-dcf-710-712-99.pdf,09,SRC030,statute_to_curated_topic,candidate
courts-coa-27.-judgement-dcf-710-712-99.pdf,17,SRC027,statute_to_curated_topic,candidate
courts-coa-27.-judgement-dcf-710-712-99.pdf,17,SRC030,statute_to_curated_topic,candidate
courts-coa-28.-ca-tax-0013-2015-2.pdf,05,SRC031,statute_to_curated_topic,candidate
courts-coa-28.-ca-tax-0013-2015-2.pdf,09,SRC031,statute_to_curated_topic,candidate
courts-coa-30.-rev-130-of-14-judgment.pdf,05,SRC027,statute_to_curated_topic,candidate
courts-coa-30.-rev-130-of-14-judgment.pdf,05,SRC030,statute_to_curated_topic,candidate
courts-coa-30.-rev-130-of-14-judgment.pdf,09,SRC030,statute_to_curated_topic,candidate
courts-coa-30.-rev-130-of-14-judgment.pdf,17,SRC027,statute_to_curated_topic,candidate
courts-coa-30.-rev-130-of-14-judgment.pdf,17,SRC030,statute_to_curated_topic,candidate
courts-coa-4.-ca-1366-2000-f-11.3.2019.pdf,05,SRC030,statute_to_curated_topic,candidate
courts-coa-4.-ca-1366-2000-f-11.3.2019.pdf,09,SRC030,statute_to_curated_topic,candidate
courts-coa-4.-ca-1366-2000-f-11.3.2019.pdf,17,SRC030,statute_to_curated_topic,candidate
courts-coa-43.-corrected-caption.pdf,05,SRC027,statute_to_curated_topic,candidate
courts-coa-43.-corrected-caption.pdf,05,SRC030,statute_to_curated_topic,candidate
courts-coa-43.-corrected-caption.pdf,09,SRC030,statute_to_curated_topic,candidate
courts-coa-43.-corrected-caption.pdf,17,SRC027,statute_to_curated_topic,candidate
courts-coa-43.-corrected-caption.pdf,17,SRC030,statute_to_curated_topic,candidate
courts-coa-541-2023.pdf,05,SRC033,statute_to_curated_topic,candidate
courts-coa-541-2023.pdf,12,SRC033,statute_to_curated_topic,candidate
courts-coa-541-2023.pdf,20,SRC033,statute_to_curated_topic,candidate
courts-coa-628-99-dc-negombo-27.2.19-autosaved.pdf,09,SRC071,statute_to_curated_topic,candidate
courts-coa-628-99-dc-negombo-27.2.19-autosaved.pdf,18,SRC071,statute_to_curated_topic,candidate
courts-coa-BOR-0001-2027.03.2026-1.pdf,05,SRC029,statute_to_curated_topic,candidate
courts-coa-BOR-0001-2027.03.2026-1.pdf,12,SRC051,statute_to_curated_topic,candidate
courts-coa-BOR-0001-2320.02.2026.pdf,05,SRC029,statute_to_curated_topic,candidate
courts-coa-BOR-0001-2320.02.2026.pdf,12,SRC051,statute_to_curated_topic,candidate
courts-coa-CA-DC-1198-96.pdf,05,SRC027,statute_to_curated_topic,candidate
courts-coa-CA-DC-1198-96.pdf,17,SRC027,statute_to_curated_topic,candidate
courts-coa-CA-DC-1308-98.pdf,15,SRC059,statute_to_curated_topic,candidate
courts-coa-CA-PHC-148-2018-Judgement-Final.pdf,05,SRC030,statute_to_curated_topic,candidate
courts-coa-CA-PHC-148-2018-Judgement-Final.pdf,09,SRC030,statute_to_curated_topic,candidate
courts-coa-CA-PHC-148-2018-Judgement-Final.pdf,17,SRC030,statute_to_curated_topic,candidate
courts-coa-CA-RII-0001-23.pdf,05,SRC030,statute_to_curated_topic,candidate
courts-coa-CA-RII-0001-23.pdf,09,SRC030,statute_to_curated_topic,candidate
courts-coa-CA-RII-0001-23.pdf,17,SRC030,statute_to_curated_topic,candidate
courts-coa-CA-RII-0065-24.pdf,05,SRC014,statute_to_curated_topic,candidate
courts-coa-CA-RII-0065-24.pdf,05,SRC030,statute_to_curated_topic,candidate
courts-coa-CA-RII-0065-24.pdf,06,SRC014,statute_to_curated_topic,candidate
courts-coa-CA-RII-0065-24.pdf,08,SRC014,statute_to_curated_topic,candidate
courts-coa-CA-RII-0065-24.pdf,09,SRC030,statute_to_curated_topic,candidate
courts-coa-CA-RII-0065-24.pdf,17,SRC014,statute_to_curated_topic,candidate
courts-coa-CA-RII-0065-24.pdf,17,SRC030,statute_to_curated_topic,candidate
courts-coa-CA-RII-0065-24.pdf,20,SRC014,statute_to_curated_topic,candidate
courts-coa-CA-TAX-0014-20.pdf,05,SRC031,statute_to_curated_topic,candidate
courts-coa-CA-TAX-0014-20.pdf,09,SRC031,statute_to_curated_topic,candidate
courts-coa-CA-WRIT-125-2018-.pdf,05,SRC033,statute_to_curated_topic,candidate
courts-coa-CA-WRIT-125-2018-.pdf,12,SRC033,statute_to_curated_topic,candidate
courts-coa-CA-WRIT-125-2018-.pdf,20,SRC033,statute_to_curated_topic,candidate
courts-coa-CA-WRIT-280-2017-1.pdf,17,SRC080,statute_to_curated_topic,candidate
courts-coa-CA-WRIT-280-2017-1.pdf,18,SRC080,statute_to_curated_topic,candidate
courts-coa-CA-WRIT-337-22-FINAL.pdf,05,SRC029,statute_to_curated_topic,candidate
courts-coa-CA-WRIT-337-22-FINAL.pdf,05,SRC030,statute_to_curated_topic,candidate
courts-coa-CA-WRIT-337-22-FINAL.pdf,09,SRC030,statute_to_curated_topic,candidate
courts-coa-CA-WRIT-337-22-FINAL.pdf,17,SRC030,statute_to_curated_topic,candidate
courts-coa-CA-WRIT-360-20-1.pdf,12,SRC050,statute_to_curated_topic,candidate
courts-coa-CA-WRIT-360-20-1.pdf,20,SRC050,statute_to_curated_topic,candidate
courts-coa-CA-WRT-0056-2024.pdf,05,SRC031,statute_to_curated_topic,candidate
courts-coa-CA-WRT-0056-2024.pdf,09,SRC031,statute_to_curated_topic,candidate
courts-coa-CA-WRT-0056-2024.pdf,12,SRC050,statute_to_curated_topic,candidate
courts-coa-CA-WRT-0056-2024.pdf,20,SRC050,statute_to_curated_topic,candidate
courts-coa-CA-WRT-0126-23-1.pdf,05,SRC029,statute_to_curated_topic,candidate
courts-coa-CA-WRT-0126-23-1.pdf,09,SRC043,statute_to_curated_topic,candidate
courts-coa-CA-WRT-0126-23-1.pdf,12,SRC054,statute_to_curated_topic,candidate
courts-coa-CA-WRT-0385-23-1.pdf,01,SRC001,statute_to_curated_topic,candidate
courts-coa-CA-WRT-0385-23-1.pdf,05,SRC001,statute_to_curated_topic,candidate
courts-coa-CA-WRT-0385-23-1.pdf,05,SRC029,statute_to_curated_topic,candidate
courts-coa-CA-WRT-0385-23-1.pdf,06,SRC001,statute_to_curated_topic,candidate
courts-coa-CA-WRT-0385-23-1.pdf,17,SRC001,statute_to_curated_topic,candidate
courts-coa-CA-WRT-0391-2020.pdf,12,SRC056,statute_to_curated_topic,candidate
courts-coa-CA-WRT-0653-23.pdf,11,SRC049,statute_to_curated_topic,candidate
courts-coa-CA-WRT-0653-23.pdf,20,SRC049,statute_to_curated_topic,candidate
courts-coa-CA-WRT-0805-23.pdf,05,SRC031,statute_to_curated_topic,candidate
courts-coa-CA-WRT-0805-23.pdf,09,SRC031,statute_to_curated_topic,candidate
courts-coa-CA-Writ-0183-26-FINAL.pdf,05,SRC029,statute_to_curated_topic,candidate
courts-coa-CA-Writ-0183-26-FINAL.pdf,09,SRC044,statute_to_curated_topic,candidate
courts-coa-CA-Writ-124-2018.pdf,05,SRC033,statute_to_curated_topic,candidate
courts-coa-CA-Writ-124-2018.pdf,12,SRC033,statute_to_curated_topic,candidate
courts-coa-CA-Writ-124-2018.pdf,20,SRC033,statute_to_curated_topic,candidate
courts-coa-CA-Writ-353-2022.pdf,05,SRC033,statute_to_curated_topic,candidate
courts-coa-CA-Writ-353-2022.pdf,12,SRC033,statute_to_curated_topic,candidate
courts-coa-CA-Writ-353-2022.pdf,12,SRC054,statute_to_curated_topic,candidate
courts-coa-CA-Writ-353-2022.pdf,20,SRC033,statute_to_curated_topic,candidate
courts-coa-CA-Writ-453-22-FINAL.pdf,17,SRC080,statute_to_curated_topic,candidate
courts-coa-CA-Writ-453-22-FINAL.pdf,18,SRC080,statute_to_curated_topic,candidate
courts-coa-CA-Writ-742-24-final.pdf,01,SRC001,statute_to_curated_topic,candidate
courts-coa-CA-Writ-742-24-final.pdf,05,SRC001,statute_to_curated_topic,candidate
courts-coa-CA-Writ-742-24-final.pdf,05,SRC029,statute_to_curated_topic,candidate
courts-coa-CA-Writ-742-24-final.pdf,06,SRC001,statute_to_curated_topic,candidate
courts-coa-CA-Writ-742-24-final.pdf,17,SRC001,statute_to_curated_topic,candidate
courts-coa-CA-Writ-768-24.pdf,12,SRC054,statute_to_curated_topic,candidate
courts-coa-CA.PHC_.-0046.2019-27.09.2024.pdf,05,SRC029,statute_to_curated_topic,candidate
courts-coa-CA.PHC_.-0046.2019-27.09.2024.pdf,05,SRC033,statute_to_curated_topic,candidate
courts-coa-CA.PHC_.-0046.2019-27.09.2024.pdf,12,SRC033,statute_to_curated_topic,candidate
courts-coa-CA.PHC_.-0046.2019-27.09.2024.pdf,20,SRC033,statute_to_curated_topic,candidate
courts-coa-CA.RII_.41.23-2024.06.28.pdf,09,SRC071,statute_to_curated_topic,candidate
courts-coa-CA.RII_.41.23-2024.06.28.pdf,18,SRC071,statute_to_curated_topic,candidate
courts-coa-CA.WRT_.-0016.2019-03.05.2024.pdf,12,SRC050,statute_to_curated_topic,candidate
courts-coa-CA.WRT_.-0016.2019-03.05.2024.pdf,20,SRC050,statute_to_curated_topic,candidate
courts-coa-Court-of-Appeal-JUDGMENT-COC-0007.22.pdf,05,SRC029,statute_to_curated_topic,candidate
courts-coa-Court-of-Appeal-JUDGMENT-COC-0007.22.pdf,05,SRC030,statute_to_curated_topic,candidate
courts-coa-Court-of-Appeal-JUDGMENT-COC-0007.22.pdf,09,SRC030,statute_to_curated_topic,candidate
courts-coa-Court-of-Appeal-JUDGMENT-COC-0007.22.pdf,17,SRC030,statute_to_curated_topic,candidate
courts-coa-DCF-0541-2000-1.pdf,05,SRC031,statute_to_curated_topic,candidate
courts-coa-DCF-0541-2000-1.pdf,09,SRC031,statute_to_curated_topic,candidate
courts-coa-HCC-21-20-JUDGMENT-4.pdf,05,SRC029,statute_to_curated_topic,candidate
courts-coa-HCC-255-23.pdf,05,SRC029,statute_to_curated_topic,candidate
courts-coa-HCC-277-16-28.02.2024.pdf,01,SRC001,statute_to_curated_topic,candidate
courts-coa-HCC-277-16-28.02.2024.pdf,05,SRC001,statute_to_curated_topic,candidate
courts-coa-HCC-277-16-28.02.2024.pdf,06,SRC001,statute_to_curated_topic,candidate
courts-coa-HCC-277-16-28.02.2024.pdf,17,SRC001,statute_to_curated_topic,candidate
courts-coa-LTA-0006-22-JUDGMENT.pdf,05,SRC030,statute_to_curated_topic,candidate
courts-coa-LTA-0006-22-JUDGMENT.pdf,09,SRC030,statute_to_curated_topic,candidate
courts-coa-LTA-0006-22-JUDGMENT.pdf,15,SRC059,statute_to_curated_topic,candidate
courts-coa-LTA-0006-22-JUDGMENT.pdf,17,SRC030,statute_to_curated_topic,candidate
courts-coa-PHC-0030-20-1.pdf,05,SRC030,statute_to_curated_topic,candidate
courts-coa-PHC-0030-20-1.pdf,09,SRC030,statute_to_curated_topic,candidate
courts-coa-PHC-0030-20-1.pdf,16,SRC062,statute_to_curated_topic,candidate
courts-coa-PHC-0030-20-1.pdf,17,SRC030,statute_to_curated_topic,candidate
courts-coa-PHC-05-2019-Judgment-Final.pdf,05,SRC029,statute_to_curated_topic,candidate
courts-coa-PHC-05-2019-Judgment-Final.pdf,05,SRC030,statute_to_curated_topic,candidate
courts-coa-PHC-05-2019-Judgment-Final.pdf,09,SRC030,statute_to_curated_topic,candidate
courts-coa-PHC-05-2019-Judgment-Final.pdf,17,SRC030,statute_to_curated_topic,candidate
courts-coa-PHC-115-18.pdf,05,SRC033,statute_to_curated_topic,candidate
courts-coa-PHC-115-18.pdf,12,SRC033,statute_to_curated_topic,candidate
courts-coa-PHC-115-18.pdf,20,SRC033,statute_to_curated_topic,candidate
courts-coa-RII-0001-2022-FINAL.pdf,03,SRC011,statute_to_curated_topic,candidate
courts-coa-RII-0001-2022-FINAL.pdf,05,SRC027,statute_to_curated_topic,candidate
courts-coa-RII-0001-2022-FINAL.pdf,05,SRC030,statute_to_curated_topic,candidate
courts-coa-RII-0001-2022-FINAL.pdf,07,SRC011,statute_to_curated_topic,candidate
courts-coa-RII-0001-2022-FINAL.pdf,09,SRC030,statute_to_curated_topic,candidate
courts-coa-RII-0001-2022-FINAL.pdf,17,SRC011,statute_to_curated_topic,candidate
courts-coa-RII-0001-2022-FINAL.pdf,17,SRC027,statute_to_curated_topic,candidate
courts-coa-RII-0001-2022-FINAL.pdf,17,SRC030,statute_to_curated_topic,candidate
courts-coa-RII-0001-2022-FINAL.pdf,20,SRC011,statute_to_curated_topic,candidate
courts-coa-RII-0001-24-EDITEDpdf.pdf,05,SRC027,statute_to_curated_topic,candidate
courts-coa-RII-0001-24-EDITEDpdf.pdf,17,SRC027,statute_to_curated_topic,candidate
courts-coa-RII-0004-23-pdf.pdf,05,SRC030,statute_to_curated_topic,candidate
courts-coa-RII-0004-23-pdf.pdf,09,SRC030,statute_to_curated_topic,candidate
courts-coa-RII-0004-23-pdf.pdf,17,SRC030,statute_to_curated_topic,candidate
courts-coa-RII-0017-20.pdf,05,SRC027,statute_to_curated_topic,candidate
courts-coa-RII-0017-20.pdf,17,SRC027,statute_to_curated_topic,candidate
courts-coa-RII-0020-24-EDITED.pdf,05,SRC030,statute_to_curated_topic,candidate
courts-coa-RII-0020-24-EDITED.pdf,09,SRC030,statute_to_curated_topic,candidate
courts-coa-RII-0020-24-EDITED.pdf,17,SRC030,statute_to_curated_topic,candidate
courts-coa-RII-0021-24-Judgment-pdf.pdf,05,SRC027,statute_to_curated_topic,candidate
courts-coa-RII-0021-24-Judgment-pdf.pdf,05,SRC030,statute_to_curated_topic,candidate
courts-coa-RII-0021-24-Judgment-pdf.pdf,09,SRC030,statute_to_curated_topic,candidate
courts-coa-RII-0021-24-Judgment-pdf.pdf,17,SRC027,statute_to_curated_topic,candidate
courts-coa-RII-0021-24-Judgment-pdf.pdf,17,SRC030,statute_to_curated_topic,candidate
courts-coa-RII-0021-24-Judgment-pdf.pdf,17,SRC064,statute_to_curated_topic,candidate
courts-coa-RII-0038-23-EDITED.pdf,05,SRC031,statute_to_curated_topic,candidate
courts-coa-RII-0038-23-EDITED.pdf,09,SRC031,statute_to_curated_topic,candidate
courts-coa-RII-0059-23-final.pdf,05,SRC027,statute_to_curated_topic,candidate
courts-coa-RII-0059-23-final.pdf,05,SRC030,statute_to_curated_topic,candidate
courts-coa-RII-0059-23-final.pdf,09,SRC030,statute_to_curated_topic,candidate
courts-coa-RII-0059-23-final.pdf,17,SRC027,statute_to_curated_topic,candidate
courts-coa-RII-0059-23-final.pdf,17,SRC030,statute_to_curated_topic,candidate
courts-coa-RII-0061-23edited.pdf,05,SRC029,statute_to_curated_topic,candidate
courts-coa-RII-0061-23edited.pdf,05,SRC030,statute_to_curated_topic,candidate
courts-coa-RII-0061-23edited.pdf,09,SRC030,statute_to_curated_topic,candidate
courts-coa-RII-0061-23edited.pdf,17,SRC030,statute_to_curated_topic,candidate
courts-coa-RII-0073-24-1EDITED.pdf,05,SRC030,statute_to_curated_topic,candidate
courts-coa-RII-0073-24-1EDITED.pdf,09,SRC030,statute_to_curated_topic,candidate
courts-coa-RII-0073-24-1EDITED.pdf,17,SRC030,statute_to_curated_topic,candidate
courts-coa-RII-25-18-Judgment-draft-rectified-1.pdf,05,SRC027,statute_to_curated_topic,candidate
courts-coa-RII-25-18-Judgment-draft-rectified-1.pdf,05,SRC029,statute_to_curated_topic,candidate
courts-coa-RII-25-18-Judgment-draft-rectified-1.pdf,17,SRC027,statute_to_curated_topic,candidate
courts-coa-RII-27-22-JUDGMENT.pdf,05,SRC033,statute_to_curated_topic,candidate
courts-coa-RII-27-22-JUDGMENT.pdf,12,SRC033,statute_to_curated_topic,candidate
courts-coa-RII-27-22-JUDGMENT.pdf,20,SRC033,statute_to_curated_topic,candidate
courts-coa-RII-35-23-2.pdf,02,SRC005,statute_to_curated_topic,candidate
courts-coa-RII-35-23-2.pdf,05,SRC005,statute_to_curated_topic,candidate
courts-coa-RII-35-23-2.pdf,05,SRC027,statute_to_curated_topic,candidate
courts-coa-RII-35-23-2.pdf,05,SRC029,statute_to_curated_topic,candidate
courts-coa-RII-35-23-2.pdf,06,SRC005,statute_to_curated_topic,candidate
courts-coa-RII-35-23-2.pdf,17,SRC005,statute_to_curated_topic,candidate
courts-coa-RII-35-23-2.pdf,17,SRC027,statute_to_curated_topic,candidate
courts-coa-RII-39-23-Final-Print.pdf,05,SRC027,statute_to_curated_topic,candidate
courts-coa-RII-39-23-Final-Print.pdf,05,SRC029,statute_to_curated_topic,candidate
courts-coa-RII-39-23-Final-Print.pdf,05,SRC030,statute_to_curated_topic,candidate
courts-coa-RII-39-23-Final-Print.pdf,09,SRC030,statute_to_curated_topic,candidate
courts-coa-RII-39-23-Final-Print.pdf,17,SRC027,statute_to_curated_topic,candidate
courts-coa-RII-39-23-Final-Print.pdf,17,SRC030,statute_to_curated_topic,candidate
courts-coa-RII-53-2024-Order-on-notice.-etc.-2.pdf,05,SRC030,statute_to_curated_topic,candidate
courts-coa-RII-53-2024-Order-on-notice.-etc.-2.pdf,05,SRC031,statute_to_curated_topic,candidate
courts-coa-RII-53-2024-Order-on-notice.-etc.-2.pdf,09,SRC030,statute_to_curated_topic,candidate
courts-coa-RII-53-2024-Order-on-notice.-etc.-2.pdf,09,SRC031,statute_to_curated_topic,candidate
courts-coa-RII-53-2024-Order-on-notice.-etc.-2.pdf,17,SRC030,statute_to_curated_topic,candidate
courts-coa-RII-54-2023-Final.pdf,05,SRC030,statute_to_curated_topic,candidate
courts-coa-RII-54-2023-Final.pdf,09,SRC030,statute_to_curated_topic,candidate
courts-coa-RII-54-2023-Final.pdf,09,SRC071,statute_to_curated_topic,candidate
courts-coa-RII-54-2023-Final.pdf,12,SRC050,statute_to_curated_topic,candidate
courts-coa-RII-54-2023-Final.pdf,17,SRC030,statute_to_curated_topic,candidate
courts-coa-RII-54-2023-Final.pdf,18,SRC071,statute_to_curated_topic,candidate
courts-coa-RII-54-2023-Final.pdf,20,SRC050,statute_to_curated_topic,candidate
courts-coa-TAX-31-2022.pdf,05,SRC031,statute_to_curated_topic,candidate
courts-coa-TAX-31-2022.pdf,09,SRC031,statute_to_curated_topic,candidate
courts-coa-TAX-96-24.pdf,05,SRC031,statute_to_curated_topic,candidate
courts-coa-TAX-96-24.pdf,09,SRC031,statute_to_curated_topic,candidate
courts-coa-WRT-0012-19-1.pdf,12,SRC051,statute_to_curated_topic,candidate
courts-coa-WRT-0054-20.pdf,05,SRC029,statute_to_curated_topic,candidate
courts-coa-WRT-0054-20.pdf,05,SRC031,statute_to_curated_topic,candidate
courts-coa-WRT-0054-20.pdf,09,SRC031,statute_to_curated_topic,candidate
courts-coa-WRT-0171-20-06.06.2025.pdf,02,SRC005,statute_to_curated_topic,candidate
courts-coa-WRT-0171-20-06.06.2025.pdf,05,SRC005,statute_to_curated_topic,candidate
courts-coa-WRT-0171-20-06.06.2025.pdf,06,SRC005,statute_to_curated_topic,candidate
courts-coa-WRT-0171-20-06.06.2025.pdf,12,SRC050,statute_to_curated_topic,candidate
courts-coa-WRT-0171-20-06.06.2025.pdf,17,SRC005,statute_to_curated_topic,candidate
courts-coa-WRT-0171-20-06.06.2025.pdf,20,SRC050,statute_to_curated_topic,candidate
courts-coa-WRT-0247-15.pdf,05,SRC031,statute_to_curated_topic,candidate
courts-coa-WRT-0247-15.pdf,09,SRC031,statute_to_curated_topic,candidate
courts-coa-WRT-0247-15.pdf,12,SRC050,statute_to_curated_topic,candidate
courts-coa-WRT-0247-15.pdf,12,SRC056,statute_to_curated_topic,candidate
courts-coa-WRT-0247-15.pdf,20,SRC050,statute_to_curated_topic,candidate
courts-coa-WRT-0365-21.pdf,05,SRC029,statute_to_curated_topic,candidate
courts-coa-WRT-0365-21.pdf,09,SRC043,statute_to_curated_topic,candidate
courts-coa-WRT-0365-21.pdf,16,SRC075,statute_to_curated_topic,candidate
courts-coa-WRT-0365-21.pdf,18,SRC075,statute_to_curated_topic,candidate
courts-coa-WRT-0380-18.pdf,05,SRC033,statute_to_curated_topic,candidate
courts-coa-WRT-0380-18.pdf,12,SRC033,statute_to_curated_topic,candidate
courts-coa-WRT-0380-18.pdf,12,SRC051,statute_to_curated_topic,candidate
courts-coa-WRT-0380-18.pdf,20,SRC033,statute_to_curated_topic,candidate
courts-coa-WRT-0400-24-05.08.2025.pdf,12,SRC051,statute_to_curated_topic,candidate
courts-coa-WRT-0542-25.pdf,05,SRC030,statute_to_curated_topic,candidate
courts-coa-WRT-0542-25.pdf,09,SRC030,statute_to_curated_topic,candidate
courts-coa-WRT-0542-25.pdf,17,SRC030,statute_to_curated_topic,candidate
courts-coa-WRT-0548-25-30.06.2025.pdf,12,SRC051,statute_to_curated_topic,candidate
courts-coa-WRT-0643-2021final-1.pdf,12,SRC051,statute_to_curated_topic,candidate
courts-coa-WRT-151-21.pdf,05,SRC029,statute_to_curated_topic,candidate
courts-coa-WRT-219-19.pdf,12,SRC056,statute_to_curated_topic,candidate
courts-coa-WRT-224-20-1.pdf,12,SRC050,statute_to_curated_topic,candidate
courts-coa-WRT-224-20-1.pdf,12,SRC056,statute_to_curated_topic,candidate
courts-coa-WRT-224-20-1.pdf,20,SRC050,statute_to_curated_topic,candidate
courts-coa-WRT-294-23-JUDGMENT-1.pdf,12,SRC050,statute_to_curated_topic,candidate
courts-coa-WRT-294-23-JUDGMENT-1.pdf,20,SRC050,statute_to_curated_topic,candidate
courts-coa-WRT-300-23-JUDGMENT.pdf,12,SRC050,statute_to_curated_topic,candidate
courts-coa-WRT-300-23-JUDGMENT.pdf,12,SRC056,statute_to_curated_topic,candidate
courts-coa-WRT-300-23-JUDGMENT.pdf,20,SRC050,statute_to_curated_topic,candidate
courts-coa-WRT-497-23-JUDGMENT.pdf,09,SRC044,statute_to_curated_topic,candidate
courts-coa-WRT-577-23.pdf,05,SRC031,statute_to_curated_topic,candidate
courts-coa-WRT-577-23.pdf,09,SRC031,statute_to_curated_topic,candidate
courts-coa-WRT-627-23.pdf,12,SRC050,statute_to_curated_topic,candidate
courts-coa-WRT-627-23.pdf,12,SRC051,statute_to_curated_topic,candidate
courts-coa-WRT-627-23.pdf,20,SRC050,statute_to_curated_topic,candidate
courts-coa-WRT-666-23-JUDGEMNT.pdf,05,SRC031,statute_to_curated_topic,candidate
courts-coa-WRT-666-23-JUDGEMNT.pdf,09,SRC031,statute_to_curated_topic,candidate
courts-coa-WRT-666-23-JUDGEMNT.pdf,09,SRC044,statute_to_curated_topic,candidate
courts-coa-WRT-666-23-JUDGEMNT.pdf,17,SRC080,statute_to_curated_topic,candidate
courts-coa-WRT-666-23-JUDGEMNT.pdf,18,SRC080,statute_to_curated_topic,candidate
courts-coa-Writ-11-20-1.pdf,12,SRC050,statute_to_curated_topic,candidate
courts-coa-Writ-11-20-1.pdf,20,SRC050,statute_to_curated_topic,candidate
courts-coa-Writ-123-20-.pdf,05,SRC033,statute_to_curated_topic,candidate
courts-coa-Writ-123-20-.pdf,12,SRC033,statute_to_curated_topic,candidate
courts-coa-Writ-123-20-.pdf,12,SRC054,statute_to_curated_topic,candidate
courts-coa-Writ-123-20-.pdf,20,SRC033,statute_to_curated_topic,candidate
courts-coa-Writ-146-2018-1.pdf,12,SRC050,statute_to_curated_topic,candidate
courts-coa-Writ-146-2018-1.pdf,12,SRC056,statute_to_curated_topic,candidate
courts-coa-Writ-146-2018-1.pdf,20,SRC050,statute_to_curated_topic,candidate
courts-coa-Writ-188-22.pdf,05,SRC029,statute_to_curated_topic,candidate
courts-coa-Writ-188-22.pdf,09,SRC043,statute_to_curated_topic,candidate
courts-coa-Writ-188-22.pdf,12,SRC054,statute_to_curated_topic,candidate
courts-coa-Writ-188-22.pdf,12,SRC055,statute_to_curated_topic,candidate
courts-coa-Writ-501-23.pdf,09,SRC042,statute_to_curated_topic,candidate
courts-coa-Writ-501-23.pdf,16,SRC042,statute_to_curated_topic,candidate
courts-coa-bor-02-19-final.pdf,05,SRC029,statute_to_curated_topic,candidate
courts-coa-bor-02-19-final.pdf,12,SRC051,statute_to_curated_topic,candidate
courts-coa-c.-a-rev-558-2001-1.pdf,05,SRC027,statute_to_curated_topic,candidate
courts-coa-c.-a-rev-558-2001-1.pdf,05,SRC030,statute_to_curated_topic,candidate
courts-coa-c.-a-rev-558-2001-1.pdf,09,SRC030,statute_to_curated_topic,candidate
courts-coa-c.-a-rev-558-2001-1.pdf,17,SRC027,statute_to_curated_topic,candidate
courts-coa-c.-a-rev-558-2001-1.pdf,17,SRC030,statute_to_curated_topic,candidate
courts-coa-c.a-dc-1045_99.pdf,05,SRC029,statute_to_curated_topic,candidate
courts-coa-c.a-dc-1045_99.pdf,09,SRC071,statute_to_curated_topic,candidate
courts-coa-c.a-dc-1045_99.pdf,18,SRC071,statute_to_curated_topic,candidate
courts-coa-c.a-dc-1289_2000.pdf,05,SRC027,statute_to_curated_topic,candidate
courts-coa-c.a-dc-1289_2000.pdf,17,SRC027,statute_to_curated_topic,candidate
courts-coa-c.a-dc-1317-1999.pdf,05,SRC027,statute_to_curated_topic,candidate
courts-coa-c.a-dc-1317-1999.pdf,17,SRC027,statute_to_curated_topic,candidate
courts-coa-c.a-dc-135-1999f-1.pdf,02,SRC005,statute_to_curated_topic,candidate
courts-coa-c.a-dc-135-1999f-1.pdf,05,SRC005,statute_to_curated_topic,candidate
courts-coa-c.a-dc-135-1999f-1.pdf,06,SRC005,statute_to_curated_topic,candidate
courts-coa-c.a-dc-135-1999f-1.pdf,09,SRC071,statute_to_curated_topic,candidate
courts-coa-c.a-dc-135-1999f-1.pdf,17,SRC005,statute_to_curated_topic,candidate
courts-coa-c.a-dc-135-1999f-1.pdf,18,SRC071,statute_to_curated_topic,candidate
courts-coa-c.a-dc-135-1999f.pdf,02,SRC005,statute_to_curated_topic,candidate
courts-coa-c.a-dc-135-1999f.pdf,05,SRC005,statute_to_curated_topic,candidate
courts-coa-c.a-dc-135-1999f.pdf,06,SRC005,statute_to_curated_topic,candidate
courts-coa-c.a-dc-135-1999f.pdf,09,SRC071,statute_to_curated_topic,candidate
courts-coa-c.a-dc-135-1999f.pdf,17,SRC005,statute_to_curated_topic,candidate
courts-coa-c.a-dc-135-1999f.pdf,18,SRC071,statute_to_curated_topic,candidate
courts-coa-c.a-dc-326_1997.pdf,01,SRC001,statute_to_curated_topic,candidate
courts-coa-c.a-dc-326_1997.pdf,05,SRC001,statute_to_curated_topic,candidate
courts-coa-c.a-dc-326_1997.pdf,05,SRC029,statute_to_curated_topic,candidate
courts-coa-c.a-dc-326_1997.pdf,06,SRC001,statute_to_curated_topic,candidate
courts-coa-c.a-dc-326_1997.pdf,17,SRC001,statute_to_curated_topic,candidate
courts-coa-c.a-dc-366_2000.pdf,05,SRC030,statute_to_curated_topic,candidate
courts-coa-c.a-dc-366_2000.pdf,09,SRC030,statute_to_curated_topic,candidate
courts-coa-c.a-dc-366_2000.pdf,09,SRC071,statute_to_curated_topic,candidate
courts-coa-c.a-dc-366_2000.pdf,11,SRC049,statute_to_curated_topic,candidate
courts-coa-c.a-dc-366_2000.pdf,17,SRC030,statute_to_curated_topic,candidate
courts-coa-c.a-dc-366_2000.pdf,18,SRC071,statute_to_curated_topic,candidate
courts-coa-c.a-dc-366_2000.pdf,20,SRC049,statute_to_curated_topic,candidate
courts-coa-c.a-dc-466-1999.pdf,05,SRC030,statute_to_curated_topic,candidate
courts-coa-c.a-dc-466-1999.pdf,09,SRC030,statute_to_curated_topic,candidate
courts-coa-c.a-dc-466-1999.pdf,09,SRC071,statute_to_curated_topic,candidate
courts-coa-c.a-dc-466-1999.pdf,17,SRC030,statute_to_curated_topic,candidate
courts-coa-c.a-dc-466-1999.pdf,18,SRC071,statute_to_curated_topic,candidate
courts-coa-c.a-dc-505_2000.pdf,05,SRC027,statute_to_curated_topic,candidate
courts-coa-c.a-dc-505_2000.pdf,17,SRC027,statute_to_curated_topic,candidate
courts-coa-c.a-dc-555-1994-1.pdf,09,SRC071,statute_to_curated_topic,candidate
courts-coa-c.a-dc-555-1994-1.pdf,18,SRC071,statute_to_curated_topic,candidate
courts-coa-c.a-dc-575-2000.pdf,05,SRC033,statute_to_curated_topic,candidate
courts-coa-c.a-dc-575-2000.pdf,12,SRC033,statute_to_curated_topic,candidate
courts-coa-c.a-dc-575-2000.pdf,20,SRC033,statute_to_curated_topic,candidate
courts-coa-c.a-dc-581_1999-07.01.19.pdf,02,SRC005,statute_to_curated_topic,candidate
courts-coa-c.a-dc-581_1999-07.01.19.pdf,05,SRC005,statute_to_curated_topic,candidate
courts-coa-c.a-dc-581_1999-07.01.19.pdf,05,SRC030,statute_to_curated_topic,candidate
courts-coa-c.a-dc-581_1999-07.01.19.pdf,06,SRC005,statute_to_curated_topic,candidate
courts-coa-c.a-dc-581_1999-07.01.19.pdf,09,SRC030,statute_to_curated_topic,candidate
courts-coa-c.a-dc-581_1999-07.01.19.pdf,17,SRC005,statute_to_curated_topic,candidate
courts-coa-c.a-dc-581_1999-07.01.19.pdf,17,SRC030,statute_to_curated_topic,candidate
courts-coa-c.a-dc-785-1998.pdf,09,SRC071,statute_to_curated_topic,candidate
courts-coa-c.a-dc-785-1998.pdf,18,SRC071,statute_to_curated_topic,candidate
courts-coa-c.a-dc-812-2000.pdf,05,SRC029,statute_to_curated_topic,candidate
courts-coa-c.a-dc-812-2000.pdf,05,SRC030,statute_to_curated_topic,candidate
courts-coa-c.a-dc-812-2000.pdf,09,SRC030,statute_to_curated_topic,candidate
courts-coa-c.a-dc-812-2000.pdf,17,SRC030,statute_to_curated_topic,candidate
courts-coa-c.a-dc-831_2000.pdf,05,SRC029,statute_to_curated_topic,candidate
courts-coa-c.a-dc_350_2000.pdf,05,SRC030,statute_to_curated_topic,candidate
courts-coa-c.a-dc_350_2000.pdf,09,SRC030,statute_to_curated_topic,candidate
courts-coa-c.a-dc_350_2000.pdf,17,SRC030,statute_to_curated_topic,candidate
courts-coa-c.a-dcf-642-99.pdf,05,SRC027,statute_to_curated_topic,candidate
courts-coa-c.a-dcf-642-99.pdf,05,SRC030,statute_to_curated_topic,candidate
courts-coa-c.a-dcf-642-99.pdf,09,SRC030,statute_to_curated_topic,candidate
courts-coa-c.a-dcf-642-99.pdf,17,SRC027,statute_to_curated_topic,candidate
courts-coa-c.a-dcf-642-99.pdf,17,SRC030,statute_to_curated_topic,candidate
courts-coa-c.a-dcf-784-1992.pdf,05,SRC027,statute_to_curated_topic,candidate
courts-coa-c.a-dcf-784-1992.pdf,05,SRC030,statute_to_curated_topic,candidate
courts-coa-c.a-dcf-784-1992.pdf,09,SRC030,statute_to_curated_topic,candidate
courts-coa-c.a-dcf-784-1992.pdf,17,SRC027,statute_to_curated_topic,candidate
courts-coa-c.a-dcf-784-1992.pdf,17,SRC030,statute_to_curated_topic,candidate
courts-coa-c.a-dcf-808-1999.pdf,05,SRC030,statute_to_curated_topic,candidate
courts-coa-c.a-dcf-808-1999.pdf,09,SRC030,statute_to_curated_topic,candidate
courts-coa-c.a-dcf-808-1999.pdf,09,SRC071,statute_to_curated_topic,candidate
courts-coa-c.a-dcf-808-1999.pdf,17,SRC030,statute_to_curated_topic,candidate
courts-coa-c.a-dcf-808-1999.pdf,18,SRC071,statute_to_curated_topic,candidate
courts-coa-c.a-dcf-858-1996.pdf,09,SRC071,statute_to_curated_topic,candidate
courts-coa-c.a-dcf-858-1996.pdf,18,SRC071,statute_to_curated_topic,candidate
courts-coa-c.a-hc-238-2016.pdf,05,SRC014,statute_to_curated_topic,candidate
courts-coa-c.a-hc-238-2016.pdf,05,SRC029,statute_to_curated_topic,candidate
courts-coa-c.a-hc-238-2016.pdf,06,SRC014,statute_to_curated_topic,candidate
courts-coa-c.a-hc-238-2016.pdf,08,SRC014,statute_to_curated_topic,candidate
courts-coa-c.a-hc-238-2016.pdf,17,SRC014,statute_to_curated_topic,candidate
courts-coa-c.a-hc-238-2016.pdf,20,SRC014,statute_to_curated_topic,candidate
courts-coa-c.a-lta-272-2003.pdf,05,SRC027,statute_to_curated_topic,candidate
courts-coa-c.a-lta-272-2003.pdf,05,SRC030,statute_to_curated_topic,candidate
courts-coa-c.a-lta-272-2003.pdf,09,SRC030,statute_to_curated_topic,candidate
courts-coa-c.a-lta-272-2003.pdf,17,SRC027,statute_to_curated_topic,candidate
courts-coa-c.a-lta-272-2003.pdf,17,SRC030,statute_to_curated_topic,candidate
courts-coa-c.a-mc-rev-28-2016.pdf,12,SRC050,statute_to_curated_topic,candidate
courts-coa-c.a-mc-rev-28-2016.pdf,12,SRC056,statute_to_curated_topic,candidate
courts-coa-c.a-mc-rev-28-2016.pdf,20,SRC050,statute_to_curated_topic,candidate
courts-coa-c.a-phc-141-2015.pdf,12,SRC051,statute_to_curated_topic,candidate
courts-coa-c.a-rev-168-2007.pdf,05,SRC027,statute_to_curated_topic,candidate
courts-coa-c.a-rev-168-2007.pdf,05,SRC029,statute_to_curated_topic,candidate
courts-coa-c.a-rev-168-2007.pdf,17,SRC027,statute_to_curated_topic,candidate
courts-coa-c.a-rev_15_2016.pdf,05,SRC030,statute_to_curated_topic,candidate
courts-coa-c.a-rev_15_2016.pdf,09,SRC030,statute_to_curated_topic,candidate
courts-coa-c.a-rev_15_2016.pdf,17,SRC030,statute_to_curated_topic,candidate
courts-coa-c.a-ri-05-2018.pdf,05,SRC029,statute_to_curated_topic,candidate
courts-coa-c.a-ri-05-2018.pdf,05,SRC030,statute_to_curated_topic,candidate
courts-coa-c.a-ri-05-2018.pdf,09,SRC030,statute_to_curated_topic,candidate
courts-coa-c.a-ri-05-2018.pdf,17,SRC030,statute_to_curated_topic,candidate
courts-coa-c.a-tax-20-2014.pdf,05,SRC030,statute_to_curated_topic,candidate
courts-coa-c.a-tax-20-2014.pdf,09,SRC030,statute_to_curated_topic,candidate
courts-coa-c.a-tax-20-2014.pdf,17,SRC030,statute_to_curated_topic,candidate
courts-coa-c.a-writ-184_2014.pdf,05,SRC029,statute_to_curated_topic,candidate
courts-coa-c.a-writ-184_2014.pdf,16,SRC061,statute_to_curated_topic,candidate
courts-coa-c.a-writ-357-2016.pdf,12,SRC051,statute_to_curated_topic,candidate
courts-coa-c.a-writ-357-2016.pdf,16,SRC062,statute_to_curated_topic,candidate
courts-coa-c.a-writ-386-2015-1.pdf,12,SRC050,statute_to_curated_topic,candidate
courts-coa-c.a-writ-386-2015-1.pdf,20,SRC050,statute_to_curated_topic,candidate
courts-coa-c.a.-dc_1043_1997.pdf,05,SRC029,statute_to_curated_topic,candidate
courts-coa-c.a.-dc_1086_1996-f-2.pdf,05,SRC027,statute_to_curated_topic,candidate
courts-coa-c.a.-dc_1086_1996-f-2.pdf,17,SRC027,statute_to_curated_topic,candidate
courts-coa-c.a.-dc_1192_1998-f.pdf,05,SRC029,statute_to_curated_topic,candidate
courts-coa-c.a.-dc_1192_1998-f.pdf,05,SRC030,statute_to_curated_topic,candidate
courts-coa-c.a.-dc_1192_1998-f.pdf,09,SRC030,statute_to_curated_topic,candidate
courts-coa-c.a.-dc_1192_1998-f.pdf,09,SRC071,statute_to_curated_topic,candidate
courts-coa-c.a.-dc_1192_1998-f.pdf,11,SRC049,statute_to_curated_topic,candidate
courts-coa-c.a.-dc_1192_1998-f.pdf,17,SRC030,statute_to_curated_topic,candidate
courts-coa-c.a.-dc_1192_1998-f.pdf,18,SRC071,statute_to_curated_topic,candidate
courts-coa-c.a.-dc_1192_1998-f.pdf,20,SRC049,statute_to_curated_topic,candidate
courts-coa-c.a.-dc_1233_2000-f.pdf,05,SRC027,statute_to_curated_topic,candidate
courts-coa-c.a.-dc_1233_2000-f.pdf,17,SRC027,statute_to_curated_topic,candidate
courts-coa-c.a.-dc_1344_2000.pdf,15,SRC059,statute_to_curated_topic,candidate
courts-coa-c.a.-dc_24_1999.pdf,05,SRC027,statute_to_curated_topic,candidate
courts-coa-c.a.-dc_24_1999.pdf,05,SRC029,statute_to_curated_topic,candidate
courts-coa-c.a.-dc_24_1999.pdf,17,SRC027,statute_to_curated_topic,candidate
courts-coa-c.a.-dc_343_95.pdf,02,SRC005,statute_to_curated_topic,candidate
courts-coa-c.a.-dc_343_95.pdf,05,SRC005,statute_to_curated_topic,candidate
courts-coa-c.a.-dc_343_95.pdf,06,SRC005,statute_to_curated_topic,candidate
courts-coa-c.a.-dc_343_95.pdf,17,SRC005,statute_to_curated_topic,candidate
courts-coa-c.a.-dc_559_1993.pdf,05,SRC030,statute_to_curated_topic,candidate
courts-coa-c.a.-dc_559_1993.pdf,09,SRC030,statute_to_curated_topic,candidate
courts-coa-c.a.-dc_559_1993.pdf,17,SRC030,statute_to_curated_topic,candidate
courts-coa-c.a.-dc_657_2000.pdf,05,SRC029,statute_to_curated_topic,candidate
courts-coa-c.a.-dc_664_1997.pdf,05,SRC027,statute_to_curated_topic,candidate
courts-coa-c.a.-dc_664_1997.pdf,17,SRC027,statute_to_curated_topic,candidate
courts-coa-c.a.-dc_664_1999-f.pdf,05,SRC027,statute_to_curated_topic,candidate
courts-coa-c.a.-dc_664_1999-f.pdf,17,SRC027,statute_to_curated_topic,candidate
courts-coa-c.a.-dc_769-a-b_1996.pdf,09,SRC071,statute_to_curated_topic,candidate
courts-coa-c.a.-dc_769-a-b_1996.pdf,18,SRC071,statute_to_curated_topic,candidate
courts-coa-c.a.-ri-08-2020.pdf,05,SRC030,statute_to_curated_topic,candidate
courts-coa-c.a.-ri-08-2020.pdf,09,SRC030,statute_to_curated_topic,candidate
courts-coa-c.a.-ri-08-2020.pdf,17,SRC030,statute_to_curated_topic,candidate
courts-coa-c.a.-tax_15_2018.pdf,05,SRC030,statute_to_curated_topic,candidate
courts-coa-c.a.-tax_15_2018.pdf,05,SRC031,statute_to_curated_topic,candidate
courts-coa-c.a.-tax_15_2018.pdf,09,SRC030,statute_to_curated_topic,candidate
courts-coa-c.a.-tax_15_2018.pdf,09,SRC031,statute_to_curated_topic,candidate
courts-coa-c.a.-tax_15_2018.pdf,17,SRC030,statute_to_curated_topic,candidate
courts-coa-c.a.-writ_293_2017.pdf,05,SRC029,statute_to_curated_topic,candidate
courts-coa-c.a.-writ_293_2017.pdf,09,SRC043,statute_to_curated_topic,candidate
courts-coa-c.a.-writ_293_2017.pdf,12,SRC051,statute_to_curated_topic,candidate
courts-coa-c.a.-writ_293_2017.pdf,12,SRC055,statute_to_curated_topic,candidate
courts-coa-c.a.writ-272-2014.final_.pdf,02,SRC005,statute_to_curated_topic,candidate
courts-coa-c.a.writ-272-2014.final_.pdf,05,SRC005,statute_to_curated_topic,candidate
courts-coa-c.a.writ-272-2014.final_.pdf,06,SRC005,statute_to_curated_topic,candidate
courts-coa-c.a.writ-272-2014.final_.pdf,17,SRC005,statute_to_curated_topic,candidate
courts-coa-ca-1130-99-10.01.19.pdf,05,SRC027,statute_to_curated_topic,candidate
courts-coa-ca-1130-99-10.01.19.pdf,05,SRC030,statute_to_curated_topic,candidate
courts-coa-ca-1130-99-10.01.19.pdf,09,SRC030,statute_to_curated_topic,candidate
courts-coa-ca-1130-99-10.01.19.pdf,17,SRC027,statute_to_curated_topic,candidate
courts-coa-ca-1130-99-10.01.19.pdf,17,SRC030,statute_to_curated_topic,candidate
courts-coa-ca-1171-1998-f-18.1.2019.pdf,09,SRC071,statute_to_curated_topic,candidate
courts-coa-ca-1171-1998-f-18.1.2019.pdf,18,SRC071,statute_to_curated_topic,candidate
courts-coa-ca-118-2001.pdf,05,SRC027,statute_to_curated_topic,candidate
courts-coa-ca-118-2001.pdf,05,SRC030,statute_to_curated_topic,candidate
courts-coa-ca-118-2001.pdf,09,SRC030,statute_to_curated_topic,candidate
courts-coa-ca-118-2001.pdf,17,SRC027,statute_to_curated_topic,candidate
courts-coa-ca-118-2001.pdf,17,SRC030,statute_to_curated_topic,candidate
courts-coa-ca-369-1999-f-16.10.2019.pdf,05,SRC027,statute_to_curated_topic,candidate
courts-coa-ca-369-1999-f-16.10.2019.pdf,05,SRC030,statute_to_curated_topic,candidate
courts-coa-ca-369-1999-f-16.10.2019.pdf,09,SRC030,statute_to_curated_topic,candidate
courts-coa-ca-369-1999-f-16.10.2019.pdf,17,SRC027,statute_to_curated_topic,candidate
courts-coa-ca-369-1999-f-16.10.2019.pdf,17,SRC030,statute_to_curated_topic,candidate
courts-coa-ca-417-1998-f-18.1.2019.pdf,05,SRC030,statute_to_curated_topic,candidate
courts-coa-ca-417-1998-f-18.1.2019.pdf,09,SRC030,statute_to_curated_topic,candidate
courts-coa-ca-417-1998-f-18.1.2019.pdf,17,SRC030,statute_to_curated_topic,candidate
courts-coa-ca-423-2000-f-22.1.2019.pdf,09,SRC071,statute_to_curated_topic,candidate
courts-coa-ca-423-2000-f-22.1.2019.pdf,18,SRC071,statute_to_curated_topic,candidate
courts-coa-ca-472-97-16.01.19.pdf,05,SRC029,statute_to_curated_topic,candidate
courts-coa-ca-472-97-16.01.19.pdf,09,SRC071,statute_to_curated_topic,candidate
courts-coa-ca-472-97-16.01.19.pdf,18,SRC071,statute_to_curated_topic,candidate
courts-coa-ca-594-1996-f-22.1.2019.pdf,09,SRC037,statute_to_curated_topic,candidate
courts-coa-ca-594-1996-f-22.1.2019.pdf,17,SRC037,statute_to_curated_topic,candidate
courts-coa-ca-623-1998-f-14.1.2019.pdf,05,SRC027,statute_to_curated_topic,candidate
courts-coa-ca-623-1998-f-14.1.2019.pdf,05,SRC030,statute_to_curated_topic,candidate
courts-coa-ca-623-1998-f-14.1.2019.pdf,09,SRC030,statute_to_curated_topic,candidate
courts-coa-ca-623-1998-f-14.1.2019.pdf,17,SRC027,statute_to_curated_topic,candidate
courts-coa-ca-623-1998-f-14.1.2019.pdf,17,SRC030,statute_to_curated_topic,candidate
courts-coa-ca-648-1999-f-16.1.2019.pdf,05,SRC027,statute_to_curated_topic,candidate
courts-coa-ca-648-1999-f-16.1.2019.pdf,05,SRC030,statute_to_curated_topic,candidate
courts-coa-ca-648-1999-f-16.1.2019.pdf,09,SRC030,statute_to_curated_topic,candidate
courts-coa-ca-648-1999-f-16.1.2019.pdf,17,SRC027,statute_to_curated_topic,candidate
courts-coa-ca-648-1999-f-16.1.2019.pdf,17,SRC030,statute_to_curated_topic,candidate
courts-coa-ca-669-670-2000-f-28.10.2019.pdf,09,SRC071,statute_to_curated_topic,candidate
courts-coa-ca-669-670-2000-f-28.10.2019.pdf,18,SRC071,statute_to_curated_topic,candidate
courts-coa-ca-891-2000-f-21.1.2019.pdf,05,SRC027,statute_to_curated_topic,candidate
courts-coa-ca-891-2000-f-21.1.2019.pdf,17,SRC027,statute_to_curated_topic,candidate
courts-coa-ca-dc-galle-993-97f-1.pdf,05,SRC027,statute_to_curated_topic,candidate
courts-coa-ca-dc-galle-993-97f-1.pdf,05,SRC030,statute_to_curated_topic,candidate
courts-coa-ca-dc-galle-993-97f-1.pdf,09,SRC030,statute_to_curated_topic,candidate
courts-coa-ca-dc-galle-993-97f-1.pdf,17,SRC027,statute_to_curated_topic,candidate
courts-coa-ca-dc-galle-993-97f-1.pdf,17,SRC030,statute_to_curated_topic,candidate
courts-coa-ca-dc-kuliyapitiya-595-94f.pdf,09,SRC071,statute_to_curated_topic,candidate
courts-coa-ca-dc-kuliyapitiya-595-94f.pdf,18,SRC071,statute_to_curated_topic,candidate
courts-coa-ca-dcf-1102-98-28-10-2021.pdf,05,SRC027,statute_to_curated_topic,candidate
courts-coa-ca-dcf-1102-98-28-10-2021.pdf,17,SRC027,statute_to_curated_topic,candidate
courts-coa-ca-dcf-1132-99-05-10-2021.pdf,05,SRC027,statute_to_curated_topic,candidate
courts-coa-ca-dcf-1132-99-05-10-2021.pdf,09,SRC071,statute_to_curated_topic,candidate
courts-coa-ca-dcf-1132-99-05-10-2021.pdf,17,SRC027,statute_to_curated_topic,candidate
courts-coa-ca-dcf-1132-99-05-10-2021.pdf,18,SRC071,statute_to_curated_topic,candidate
courts-coa-ca-dcf-1220-2000-20.7.2020.pdf,05,SRC033,statute_to_curated_topic,candidate
courts-coa-ca-dcf-1220-2000-20.7.2020.pdf,12,SRC033,statute_to_curated_topic,candidate
courts-coa-ca-dcf-1220-2000-20.7.2020.pdf,20,SRC033,statute_to_curated_topic,candidate
courts-coa-ca-dcf-447-2000-18.9.2020.pdf,01,SRC001,statute_to_curated_topic,candidate
courts-coa-ca-dcf-447-2000-18.9.2020.pdf,05,SRC001,statute_to_curated_topic,candidate
courts-coa-ca-dcf-447-2000-18.9.2020.pdf,06,SRC001,statute_to_curated_topic,candidate
courts-coa-ca-dcf-447-2000-18.9.2020.pdf,17,SRC001,statute_to_curated_topic,candidate
courts-coa-ca-dcf-524-a-1999-08.02.2021-prescription.pdf,05,SRC030,statute_to_curated_topic,candidate
courts-coa-ca-dcf-524-a-1999-08.02.2021-prescription.pdf,09,SRC030,statute_to_curated_topic,candidate
courts-coa-ca-dcf-524-a-1999-08.02.2021-prescription.pdf,09,SRC071,statute_to_curated_topic,candidate
courts-coa-ca-dcf-524-a-1999-08.02.2021-prescription.pdf,17,SRC030,statute_to_curated_topic,candidate
courts-coa-ca-dcf-524-a-1999-08.02.2021-prescription.pdf,18,SRC071,statute_to_curated_topic,candidate
courts-coa-ca-dcf-720-2000-10.9.2020.pdf,05,SRC027,statute_to_curated_topic,candidate
courts-coa-ca-dcf-720-2000-10.9.2020.pdf,17,SRC027,statute_to_curated_topic,candidate
courts-coa-ca-dcf-859-1998.pdf,09,SRC071,statute_to_curated_topic,candidate
courts-coa-ca-dcf-859-1998.pdf,18,SRC071,statute_to_curated_topic,candidate
courts-coa-ca-phc-122_18-1.pdf,05,SRC030,statute_to_curated_topic,candidate
courts-coa-ca-phc-122_18-1.pdf,09,SRC030,statute_to_curated_topic,candidate
courts-coa-ca-phc-122_18-1.pdf,17,SRC030,statute_to_curated_topic,candidate
courts-coa-ca-rev-1-2002-18.10.2019.pdf,05,SRC027,statute_to_curated_topic,candidate
courts-coa-ca-rev-1-2002-18.10.2019.pdf,17,SRC027,statute_to_curated_topic,candidate
courts-coa-ca-rev-1582-2006-25.10.2019.pdf,05,SRC027,statute_to_curated_topic,candidate
courts-coa-ca-rev-1582-2006-25.10.2019.pdf,05,SRC030,statute_to_curated_topic,candidate
courts-coa-ca-rev-1582-2006-25.10.2019.pdf,09,SRC030,statute_to_curated_topic,candidate
courts-coa-ca-rev-1582-2006-25.10.2019.pdf,17,SRC027,statute_to_curated_topic,candidate
courts-coa-ca-rev-1582-2006-25.10.2019.pdf,17,SRC030,statute_to_curated_topic,candidate
courts-coa-ca-rev-898-2001-18.10.2019.pdf,05,SRC027,statute_to_curated_topic,candidate
courts-coa-ca-rev-898-2001-18.10.2019.pdf,17,SRC027,statute_to_curated_topic,candidate
courts-coa-ca-rev.-2028-2001.pdf,02,SRC005,statute_to_curated_topic,candidate
courts-coa-ca-rev.-2028-2001.pdf,05,SRC005,statute_to_curated_topic,candidate
courts-coa-ca-rev.-2028-2001.pdf,05,SRC027,statute_to_curated_topic,candidate
courts-coa-ca-rev.-2028-2001.pdf,05,SRC028,statute_to_curated_topic,candidate
courts-coa-ca-rev.-2028-2001.pdf,05,SRC029,statute_to_curated_topic,candidate
courts-coa-ca-rev.-2028-2001.pdf,06,SRC005,statute_to_curated_topic,candidate
courts-coa-ca-rev.-2028-2001.pdf,17,SRC005,statute_to_curated_topic,candidate
courts-coa-ca-rev.-2028-2001.pdf,17,SRC027,statute_to_curated_topic,candidate
courts-coa-ca-rev.-2028-2001.pdf,17,SRC028,statute_to_curated_topic,candidate
courts-coa-ca-ri-20-2017-24.10.2019.pdf,05,SRC027,statute_to_curated_topic,candidate
courts-coa-ca-ri-20-2017-24.10.2019.pdf,05,SRC030,statute_to_curated_topic,candidate
courts-coa-ca-ri-20-2017-24.10.2019.pdf,09,SRC030,statute_to_curated_topic,candidate
courts-coa-ca-ri-20-2017-24.10.2019.pdf,17,SRC027,statute_to_curated_topic,candidate
courts-coa-ca-ri-20-2017-24.10.2019.pdf,17,SRC030,statute_to_curated_topic,candidate
courts-coa-ca-ri-21-2018-9.1.2018.pdf,05,SRC027,statute_to_curated_topic,candidate
courts-coa-ca-ri-21-2018-9.1.2018.pdf,05,SRC030,statute_to_curated_topic,candidate
courts-coa-ca-ri-21-2018-9.1.2018.pdf,09,SRC030,statute_to_curated_topic,candidate
courts-coa-ca-ri-21-2018-9.1.2018.pdf,17,SRC027,statute_to_curated_topic,candidate
courts-coa-ca-ri-21-2018-9.1.2018.pdf,17,SRC030,statute_to_curated_topic,candidate
courts-coa-ca-writ-117-2016.pdf,12,SRC056,statute_to_curated_topic,candidate
courts-coa-ca-writ-261-2017.pdf,12,SRC056,statute_to_curated_topic,candidate
courts-coa-ca-writ-328-2015-19.02.2020.pdf,05,SRC031,statute_to_curated_topic,candidate
courts-coa-ca-writ-328-2015-19.02.2020.pdf,09,SRC031,statute_to_curated_topic,candidate
courts-coa-ca-writ.387.17-pdf.pdf,05,SRC029,statute_to_curated_topic,candidate
courts-coa-ca-writ.387.17-pdf.pdf,12,SRC051,statute_to_curated_topic,candidate
courts-coa-ca-wrt_265.12-final.pdf,12,SRC051,statute_to_curated_topic,candidate
courts-coa-ca.-phc_106_2009.pdf,05,SRC027,statute_to_curated_topic,candidate
courts-coa-ca.-phc_106_2009.pdf,17,SRC027,statute_to_curated_topic,candidate
courts-coa-ca.-wrt_161.16.final_.pdf,12,SRC050,statute_to_curated_topic,candidate
courts-coa-ca.-wrt_161.16.final_.pdf,20,SRC050,statute_to_curated_topic,candidate
courts-coa-ca.-wrt_319_2013.pdf,05,SRC031,statute_to_curated_topic,candidate
courts-coa-ca.-wrt_319_2013.pdf,09,SRC031,statute_to_curated_topic,candidate
courts-coa-ca.-wrt_319_2013.pdf,12,SRC051,statute_to_curated_topic,candidate
courts-coa-ca.50.14.final_.pdf,05,SRC028,statute_to_curated_topic,candidate
courts-coa-ca.50.14.final_.pdf,17,SRC028,statute_to_curated_topic,candidate
courts-coa-ca.wrt-0045-2016.pdf,05,SRC031,statute_to_curated_topic,candidate
courts-coa-ca.wrt-0045-2016.pdf,05,SRC033,statute_to_curated_topic,candidate
courts-coa-ca.wrt-0045-2016.pdf,09,SRC031,statute_to_curated_topic,candidate
courts-coa-ca.wrt-0045-2016.pdf,11,SRC049,statute_to_curated_topic,candidate
courts-coa-ca.wrt-0045-2016.pdf,12,SRC033,statute_to_curated_topic,candidate
courts-coa-ca.wrt-0045-2016.pdf,12,SRC050,statute_to_curated_topic,candidate
courts-coa-ca.wrt-0045-2016.pdf,12,SRC056,statute_to_curated_topic,candidate
courts-coa-ca.wrt-0045-2016.pdf,20,SRC033,statute_to_curated_topic,candidate
courts-coa-ca.wrt-0045-2016.pdf,20,SRC049,statute_to_curated_topic,candidate
courts-coa-ca.wrt-0045-2016.pdf,20,SRC050,statute_to_curated_topic,candidate
courts-coa-ca_04_2012.pdf,12,SRC056,statute_to_curated_topic,candidate
courts-coa-ca_1908_2005.pdf,05,SRC030,statute_to_curated_topic,candidate
courts-coa-ca_1908_2005.pdf,09,SRC030,statute_to_curated_topic,candidate
courts-coa-ca_1908_2005.pdf,17,SRC030,statute_to_curated_topic,candidate
courts-coa-ca_dc_107_1999.pdf,05,SRC027,statute_to_curated_topic,candidate
courts-coa-ca_dc_107_1999.pdf,05,SRC029,statute_to_curated_topic,candidate
courts-coa-ca_dc_107_1999.pdf,09,SRC071,statute_to_curated_topic,candidate
courts-coa-ca_dc_107_1999.pdf,17,SRC027,statute_to_curated_topic,candidate
courts-coa-ca_dc_107_1999.pdf,18,SRC071,statute_to_curated_topic,candidate
courts-coa-ca_dc_1160_00.pdf,05,SRC029,statute_to_curated_topic,candidate
courts-coa-ca_dc_1187_98.pdf,05,SRC030,statute_to_curated_topic,candidate
courts-coa-ca_dc_1187_98.pdf,09,SRC030,statute_to_curated_topic,candidate
courts-coa-ca_dc_1187_98.pdf,17,SRC030,statute_to_curated_topic,candidate
courts-coa-ca_dc_1217_00.pdf,01,SRC001,statute_to_curated_topic,candidate
courts-coa-ca_dc_1217_00.pdf,05,SRC001,statute_to_curated_topic,candidate
courts-coa-ca_dc_1217_00.pdf,05,SRC027,statute_to_curated_topic,candidate
courts-coa-ca_dc_1217_00.pdf,05,SRC030,statute_to_curated_topic,candidate
courts-coa-ca_dc_1217_00.pdf,06,SRC001,statute_to_curated_topic,candidate
courts-coa-ca_dc_1217_00.pdf,09,SRC030,statute_to_curated_topic,candidate
courts-coa-ca_dc_1217_00.pdf,17,SRC001,statute_to_curated_topic,candidate
courts-coa-ca_dc_1217_00.pdf,17,SRC027,statute_to_curated_topic,candidate
courts-coa-ca_dc_1217_00.pdf,17,SRC030,statute_to_curated_topic,candidate
courts-coa-ca_dc_1249_99.pdf,05,SRC030,statute_to_curated_topic,candidate
courts-coa-ca_dc_1249_99.pdf,09,SRC030,statute_to_curated_topic,candidate
courts-coa-ca_dc_1249_99.pdf,17,SRC030,statute_to_curated_topic,candidate
courts-coa-ca_dc_1288_99.pdf,01,SRC004,statute_to_curated_topic,candidate
courts-coa-ca_dc_1288_99.pdf,05,SRC004,statute_to_curated_topic,candidate
courts-coa-ca_dc_1288_99.pdf,09,SRC004,statute_to_curated_topic,candidate
courts-coa-ca_dc_1295_1998.pdf,09,SRC071,statute_to_curated_topic,candidate
courts-coa-ca_dc_1295_1998.pdf,18,SRC071,statute_to_curated_topic,candidate
courts-coa-ca_dc_201_1998.pdf,01,SRC001,statute_to_curated_topic,candidate
courts-coa-ca_dc_201_1998.pdf,05,SRC001,statute_to_curated_topic,candidate
courts-coa-ca_dc_201_1998.pdf,05,SRC029,statute_to_curated_topic,candidate
courts-coa-ca_dc_201_1998.pdf,05,SRC030,statute_to_curated_topic,candidate
courts-coa-ca_dc_201_1998.pdf,06,SRC001,statute_to_curated_topic,candidate
courts-coa-ca_dc_201_1998.pdf,09,SRC030,statute_to_curated_topic,candidate
courts-coa-ca_dc_201_1998.pdf,15,SRC059,statute_to_curated_topic,candidate
courts-coa-ca_dc_201_1998.pdf,17,SRC001,statute_to_curated_topic,candidate
courts-coa-ca_dc_201_1998.pdf,17,SRC030,statute_to_curated_topic,candidate
courts-coa-ca_dc_242_99.pdf,09,SRC071,statute_to_curated_topic,candidate
courts-coa-ca_dc_242_99.pdf,18,SRC071,statute_to_curated_topic,candidate
courts-coa-ca_dc_262_2000.pdf,01,SRC001,statute_to_curated_topic,candidate
courts-coa-ca_dc_262_2000.pdf,05,SRC001,statute_to_curated_topic,candidate
courts-coa-ca_dc_262_2000.pdf,05,SRC029,statute_to_curated_topic,candidate
courts-coa-ca_dc_262_2000.pdf,06,SRC001,statute_to_curated_topic,candidate
courts-coa-ca_dc_262_2000.pdf,17,SRC001,statute_to_curated_topic,candidate
courts-coa-ca_dc_344_99.pdf,12,SRC050,statute_to_curated_topic,candidate
courts-coa-ca_dc_344_99.pdf,20,SRC050,statute_to_curated_topic,candidate
courts-coa-ca_dc_346_97.pdf,01,SRC001,statute_to_curated_topic,candidate
courts-coa-ca_dc_346_97.pdf,05,SRC001,statute_to_curated_topic,candidate
courts-coa-ca_dc_346_97.pdf,05,SRC029,statute_to_curated_topic,candidate
courts-coa-ca_dc_346_97.pdf,06,SRC001,statute_to_curated_topic,candidate
courts-coa-ca_dc_346_97.pdf,17,SRC001,statute_to_curated_topic,candidate
courts-coa-ca_dc_374_00.pdf,05,SRC027,statute_to_curated_topic,candidate
courts-coa-ca_dc_374_00.pdf,05,SRC030,statute_to_curated_topic,candidate
courts-coa-ca_dc_374_00.pdf,09,SRC030,statute_to_curated_topic,candidate
courts-coa-ca_dc_374_00.pdf,17,SRC027,statute_to_curated_topic,candidate
courts-coa-ca_dc_374_00.pdf,17,SRC030,statute_to_curated_topic,candidate
courts-coa-ca_dc_476_1999.pdf,09,SRC071,statute_to_curated_topic,candidate
courts-coa-ca_dc_476_1999.pdf,18,SRC071,statute_to_curated_topic,candidate
courts-coa-ca_dc_479_98.pdf,05,SRC027,statute_to_curated_topic,candidate
courts-coa-ca_dc_479_98.pdf,05,SRC029,statute_to_curated_topic,candidate
courts-coa-ca_dc_479_98.pdf,17,SRC027,statute_to_curated_topic,candidate
courts-coa-ca_dc_509_97.pdf,05,SRC030,statute_to_curated_topic,candidate
courts-coa-ca_dc_509_97.pdf,09,SRC030,statute_to_curated_topic,candidate
courts-coa-ca_dc_509_97.pdf,17,SRC030,statute_to_curated_topic,candidate
courts-coa-ca_dc_513_98.pdf,09,SRC071,statute_to_curated_topic,candidate
courts-coa-ca_dc_513_98.pdf,18,SRC071,statute_to_curated_topic,candidate
courts-coa-ca_dc_520_2000.pdf,05,SRC027,statute_to_curated_topic,candidate
courts-coa-ca_dc_520_2000.pdf,17,SRC027,statute_to_curated_topic,candidate
courts-coa-ca_dc_529_96.pdf,09,SRC071,statute_to_curated_topic,candidate
courts-coa-ca_dc_529_96.pdf,18,SRC071,statute_to_curated_topic,candidate
courts-coa-ca_dc_541_00.pdf,02,SRC005,statute_to_curated_topic,candidate
courts-coa-ca_dc_541_00.pdf,05,SRC005,statute_to_curated_topic,candidate
courts-coa-ca_dc_541_00.pdf,05,SRC027,statute_to_curated_topic,candidate
courts-coa-ca_dc_541_00.pdf,05,SRC030,statute_to_curated_topic,candidate
courts-coa-ca_dc_541_00.pdf,05,SRC031,statute_to_curated_topic,candidate
courts-coa-ca_dc_541_00.pdf,06,SRC005,statute_to_curated_topic,candidate
courts-coa-ca_dc_541_00.pdf,09,SRC030,statute_to_curated_topic,candidate
courts-coa-ca_dc_541_00.pdf,09,SRC031,statute_to_curated_topic,candidate
courts-coa-ca_dc_541_00.pdf,17,SRC005,statute_to_curated_topic,candidate
courts-coa-ca_dc_541_00.pdf,17,SRC027,statute_to_curated_topic,candidate
courts-coa-ca_dc_541_00.pdf,17,SRC030,statute_to_curated_topic,candidate
courts-coa-ca_dc_542_97.pdf,05,SRC028,statute_to_curated_topic,candidate
courts-coa-ca_dc_542_97.pdf,17,SRC028,statute_to_curated_topic,candidate
courts-coa-ca_dc_54_99.pdf,05,SRC030,statute_to_curated_topic,candidate
courts-coa-ca_dc_54_99.pdf,09,SRC030,statute_to_curated_topic,candidate
courts-coa-ca_dc_54_99.pdf,17,SRC030,statute_to_curated_topic,candidate
courts-coa-ca_dc_555_94.pdf,05,SRC030,statute_to_curated_topic,candidate
courts-coa-ca_dc_555_94.pdf,09,SRC030,statute_to_curated_topic,candidate
courts-coa-ca_dc_555_94.pdf,17,SRC030,statute_to_curated_topic,candidate
courts-coa-ca_dc_561_2000.pdf,05,SRC027,statute_to_curated_topic,candidate
courts-coa-ca_dc_561_2000.pdf,05,SRC030,statute_to_curated_topic,candidate
courts-coa-ca_dc_561_2000.pdf,09,SRC030,statute_to_curated_topic,candidate
courts-coa-ca_dc_561_2000.pdf,17,SRC027,statute_to_curated_topic,candidate
courts-coa-ca_dc_561_2000.pdf,17,SRC030,statute_to_curated_topic,candidate
courts-coa-ca_dc_562_2000.pdf,05,SRC027,statute_to_curated_topic,candidate
courts-coa-ca_dc_562_2000.pdf,17,SRC027,statute_to_curated_topic,candidate
courts-coa-ca_dc_580_1999.pdf,09,SRC071,statute_to_curated_topic,candidate
courts-coa-ca_dc_580_1999.pdf,18,SRC071,statute_to_curated_topic,candidate
courts-coa-ca_dc_629_97.pdf,05,SRC030,statute_to_curated_topic,candidate
courts-coa-ca_dc_629_97.pdf,09,SRC030,statute_to_curated_topic,candidate
courts-coa-ca_dc_629_97.pdf,17,SRC030,statute_to_curated_topic,candidate
courts-coa-ca_dc_702_89.pdf,17,SRC064,statute_to_curated_topic,candidate
courts-coa-ca_dc_711_96.pdf,09,SRC071,statute_to_curated_topic,candidate
courts-coa-ca_dc_711_96.pdf,18,SRC071,statute_to_curated_topic,candidate
courts-coa-ca_dc_712_97.pdf,05,SRC030,statute_to_curated_topic,candidate
courts-coa-ca_dc_712_97.pdf,09,SRC030,statute_to_curated_topic,candidate
courts-coa-ca_dc_712_97.pdf,17,SRC030,statute_to_curated_topic,candidate
courts-coa-ca_dc_730-732_93.pdf,05,SRC030,statute_to_curated_topic,candidate
courts-coa-ca_dc_730-732_93.pdf,09,SRC030,statute_to_curated_topic,candidate
courts-coa-ca_dc_730-732_93.pdf,17,SRC030,statute_to_curated_topic,candidate
courts-coa-ca_dc_764_99.pdf,05,SRC029,statute_to_curated_topic,candidate
courts-coa-ca_dc_764_99.pdf,05,SRC030,statute_to_curated_topic,candidate
courts-coa-ca_dc_764_99.pdf,09,SRC030,statute_to_curated_topic,candidate
courts-coa-ca_dc_764_99.pdf,09,SRC071,statute_to_curated_topic,candidate
courts-coa-ca_dc_764_99.pdf,17,SRC030,statute_to_curated_topic,candidate
courts-coa-ca_dc_764_99.pdf,18,SRC071,statute_to_curated_topic,candidate
courts-coa-ca_dc_778_97.pdf,05,SRC027,statute_to_curated_topic,candidate
courts-coa-ca_dc_778_97.pdf,17,SRC027,statute_to_curated_topic,candidate
courts-coa-ca_dc_788_97.pdf,05,SRC029,statute_to_curated_topic,candidate
courts-coa-ca_dc_791_97.pdf,05,SRC027,statute_to_curated_topic,candidate
courts-coa-ca_dc_791_97.pdf,17,SRC027,statute_to_curated_topic,candidate
courts-coa-ca_dc_823_98.pdf,05,SRC029,statute_to_curated_topic,candidate
courts-coa-ca_dc_847_97.pdf,05,SRC030,statute_to_curated_topic,candidate
courts-coa-ca_dc_847_97.pdf,09,SRC030,statute_to_curated_topic,candidate
courts-coa-ca_dc_847_97.pdf,09,SRC071,statute_to_curated_topic,candidate
courts-coa-ca_dc_847_97.pdf,12,SRC050,statute_to_curated_topic,candidate
courts-coa-ca_dc_847_97.pdf,17,SRC030,statute_to_curated_topic,candidate
courts-coa-ca_dc_847_97.pdf,18,SRC071,statute_to_curated_topic,candidate
courts-coa-ca_dc_847_97.pdf,20,SRC050,statute_to_curated_topic,candidate
courts-coa-ca_dc_853_99.pdf,02,SRC005,statute_to_curated_topic,candidate
courts-coa-ca_dc_853_99.pdf,05,SRC005,statute_to_curated_topic,candidate
courts-coa-ca_dc_853_99.pdf,05,SRC027,statute_to_curated_topic,candidate
courts-coa-ca_dc_853_99.pdf,05,SRC030,statute_to_curated_topic,candidate
courts-coa-ca_dc_853_99.pdf,06,SRC005,statute_to_curated_topic,candidate
courts-coa-ca_dc_853_99.pdf,09,SRC030,statute_to_curated_topic,candidate
courts-coa-ca_dc_853_99.pdf,17,SRC005,statute_to_curated_topic,candidate
courts-coa-ca_dc_853_99.pdf,17,SRC027,statute_to_curated_topic,candidate
courts-coa-ca_dc_853_99.pdf,17,SRC030,statute_to_curated_topic,candidate
courts-coa-ca_dc_880_97.pdf,05,SRC027,statute_to_curated_topic,candidate
courts-coa-ca_dc_880_97.pdf,17,SRC027,statute_to_curated_topic,candidate
courts-coa-ca_dc_932_97.pdf,05,SRC027,statute_to_curated_topic,candidate
courts-coa-ca_dc_932_97.pdf,17,SRC027,statute_to_curated_topic,candidate
courts-coa-ca_dc_955_1996.pdf,05,SRC029,statute_to_curated_topic,candidate
courts-coa-ca_dc_98_2001.pdf,05,SRC029,statute_to_curated_topic,candidate
courts-coa-ca_dc_98_2001.pdf,05,SRC030,statute_to_curated_topic,candidate
courts-coa-ca_dc_98_2001.pdf,09,SRC030,statute_to_curated_topic,candidate
courts-coa-ca_dc_98_2001.pdf,11,SRC049,statute_to_curated_topic,candidate
courts-coa-ca_dc_98_2001.pdf,17,SRC030,statute_to_curated_topic,candidate
courts-coa-ca_dc_98_2001.pdf,20,SRC049,statute_to_curated_topic,candidate
courts-coa-ca_dc_anuradhapura_254_96.pdf,05,SRC030,statute_to_curated_topic,candidate
courts-coa-ca_dc_anuradhapura_254_96.pdf,09,SRC030,statute_to_curated_topic,candidate
courts-coa-ca_dc_anuradhapura_254_96.pdf,17,SRC030,statute_to_curated_topic,candidate
courts-coa-ca_dc_awissawella_897_99.pdf,05,SRC030,statute_to_curated_topic,candidate
courts-coa-ca_dc_awissawella_897_99.pdf,09,SRC030,statute_to_curated_topic,candidate
courts-coa-ca_dc_awissawella_897_99.pdf,17,SRC030,statute_to_curated_topic,candidate
courts-coa-ca_dc_badulla_1162_99.pdf,09,SRC071,statute_to_curated_topic,candidate
courts-coa-ca_dc_badulla_1162_99.pdf,18,SRC071,statute_to_curated_topic,candidate
courts-coa-ca_dc_balapitiya_830_98.pdf,09,SRC071,statute_to_curated_topic,candidate
courts-coa-ca_dc_balapitiya_830_98.pdf,18,SRC071,statute_to_curated_topic,candidate
courts-coa-ca_dc_colombo_04_97.pdf,02,SRC005,statute_to_curated_topic,candidate
courts-coa-ca_dc_colombo_04_97.pdf,05,SRC005,statute_to_curated_topic,candidate
courts-coa-ca_dc_colombo_04_97.pdf,06,SRC005,statute_to_curated_topic,candidate
courts-coa-ca_dc_colombo_04_97.pdf,17,SRC005,statute_to_curated_topic,candidate
courts-coa-ca_dc_colombo_1223_96.pdf,01,SRC001,statute_to_curated_topic,candidate
courts-coa-ca_dc_colombo_1223_96.pdf,05,SRC001,statute_to_curated_topic,candidate
courts-coa-ca_dc_colombo_1223_96.pdf,06,SRC001,statute_to_curated_topic,candidate
courts-coa-ca_dc_colombo_1223_96.pdf,17,SRC001,statute_to_curated_topic,candidate
courts-coa-ca_dc_colombo_16_99.pdf,09,SRC071,statute_to_curated_topic,candidate
courts-coa-ca_dc_colombo_16_99.pdf,18,SRC071,statute_to_curated_topic,candidate
courts-coa-ca_dc_colombo_415_98.pdf,05,SRC028,statute_to_curated_topic,candidate
courts-coa-ca_dc_colombo_415_98.pdf,17,SRC028,statute_to_curated_topic,candidate
courts-coa-ca_dc_colombo_438_1999.pdf,05,SRC028,statute_to_curated_topic,candidate
courts-coa-ca_dc_colombo_438_1999.pdf,05,SRC029,statute_to_curated_topic,candidate
courts-coa-ca_dc_colombo_438_1999.pdf,05,SRC030,statute_to_curated_topic,candidate
courts-coa-ca_dc_colombo_438_1999.pdf,09,SRC030,statute_to_curated_topic,candidate
courts-coa-ca_dc_colombo_438_1999.pdf,17,SRC028,statute_to_curated_topic,candidate
courts-coa-ca_dc_colombo_438_1999.pdf,17,SRC030,statute_to_curated_topic,candidate
courts-coa-ca_dc_colombo_481_2000.pdf,05,SRC029,statute_to_curated_topic,candidate
courts-coa-ca_dc_colombo_713_00.pdf,05,SRC029,statute_to_curated_topic,candidate
courts-coa-ca_dc_colombo_713_00.pdf,05,SRC030,statute_to_curated_topic,candidate
courts-coa-ca_dc_colombo_713_00.pdf,09,SRC030,statute_to_curated_topic,candidate
courts-coa-ca_dc_colombo_713_00.pdf,17,SRC030,statute_to_curated_topic,candidate
courts-coa-ca_dc_colombo_780_98.pdf,09,SRC071,statute_to_curated_topic,candidate
courts-coa-ca_dc_colombo_780_98.pdf,18,SRC071,statute_to_curated_topic,candidate
courts-coa-ca_dc_colombo_907_99.pdf,05,SRC030,statute_to_curated_topic,candidate
courts-coa-ca_dc_colombo_907_99.pdf,09,SRC030,statute_to_curated_topic,candidate
courts-coa-ca_dc_colombo_907_99.pdf,09,SRC071,statute_to_curated_topic,candidate
courts-coa-ca_dc_colombo_907_99.pdf,17,SRC030,statute_to_curated_topic,candidate
courts-coa-ca_dc_colombo_907_99.pdf,18,SRC071,statute_to_curated_topic,candidate
courts-coa-ca_dc_galle_1186_98.pdf,09,SRC071,statute_to_curated_topic,candidate
courts-coa-ca_dc_galle_1186_98.pdf,18,SRC071,statute_to_curated_topic,candidate
courts-coa-ca_dc_galle_123_92.pdf,05,SRC027,statute_to_curated_topic,candidate
courts-coa-ca_dc_galle_123_92.pdf,05,SRC029,statute_to_curated_topic,candidate
courts-coa-ca_dc_galle_123_92.pdf,05,SRC030,statute_to_curated_topic,candidate
courts-coa-ca_dc_galle_123_92.pdf,09,SRC030,statute_to_curated_topic,candidate
courts-coa-ca_dc_galle_123_92.pdf,09,SRC071,statute_to_curated_topic,candidate
courts-coa-ca_dc_galle_123_92.pdf,17,SRC027,statute_to_curated_topic,candidate
courts-coa-ca_dc_galle_123_92.pdf,17,SRC030,statute_to_curated_topic,candidate
courts-coa-ca_dc_galle_123_92.pdf,18,SRC071,statute_to_curated_topic,candidate
courts-coa-ca_dc_galle_123_99.pdf,09,SRC071,statute_to_curated_topic,candidate
courts-coa-ca_dc_galle_123_99.pdf,18,SRC071,statute_to_curated_topic,candidate
courts-coa-ca_dc_galle_1252_98.pdf,05,SRC030,statute_to_curated_topic,candidate
courts-coa-ca_dc_galle_1252_98.pdf,09,SRC030,statute_to_curated_topic,candidate
courts-coa-ca_dc_galle_1252_98.pdf,17,SRC030,statute_to_curated_topic,candidate
courts-coa-ca_dc_galle_1292_98.pdf,09,SRC071,statute_to_curated_topic,candidate
courts-coa-ca_dc_galle_1292_98.pdf,18,SRC071,statute_to_curated_topic,candidate
courts-coa-ca_dc_galle_1330_96.pdf,05,SRC027,statute_to_curated_topic,candidate
courts-coa-ca_dc_galle_1330_96.pdf,17,SRC027,statute_to_curated_topic,candidate
courts-coa-ca_dc_gampaha_646_1998.pdf,05,SRC030,statute_to_curated_topic,candidate
courts-coa-ca_dc_gampaha_646_1998.pdf,09,SRC030,statute_to_curated_topic,candidate
courts-coa-ca_dc_gampaha_646_1998.pdf,17,SRC030,statute_to_curated_topic,candidate
courts-coa-ca_dc_gampaha_777_1999.pdf,05,SRC030,statute_to_curated_topic,candidate
courts-coa-ca_dc_gampaha_777_1999.pdf,09,SRC030,statute_to_curated_topic,candidate
courts-coa-ca_dc_gampaha_777_1999.pdf,17,SRC030,statute_to_curated_topic,candidate
courts-coa-ca_dc_gampaha_84_98.pdf,05,SRC027,statute_to_curated_topic,candidate
courts-coa-ca_dc_gampaha_84_98.pdf,17,SRC027,statute_to_curated_topic,candidate
courts-coa-ca_dc_homagama_1113_98.pdf,09,SRC071,statute_to_curated_topic,candidate
courts-coa-ca_dc_homagama_1113_98.pdf,18,SRC071,statute_to_curated_topic,candidate
courts-coa-ca_dc_homagama_1470_2002.pdf,05,SRC030,statute_to_curated_topic,candidate
courts-coa-ca_dc_homagama_1470_2002.pdf,09,SRC030,statute_to_curated_topic,candidate
courts-coa-ca_dc_homagama_1470_2002.pdf,17,SRC030,statute_to_curated_topic,candidate
courts-coa-ca_dc_kalutara_534_95.pdf,05,SRC030,statute_to_curated_topic,candidate
courts-coa-ca_dc_kalutara_534_95.pdf,09,SRC030,statute_to_curated_topic,candidate
courts-coa-ca_dc_kalutara_534_95.pdf,17,SRC030,statute_to_curated_topic,candidate
courts-coa-ca_dc_kandy_1102_98.pdf,05,SRC027,statute_to_curated_topic,candidate
courts-coa-ca_dc_kandy_1102_98.pdf,17,SRC027,statute_to_curated_topic,candidate
courts-coa-ca_dc_kandy_676_98.pdf,05,SRC028,statute_to_curated_topic,candidate
courts-coa-ca_dc_kandy_676_98.pdf,17,SRC028,statute_to_curated_topic,candidate
courts-coa-ca_dc_kegalle_842_99.pdf,05,SRC029,statute_to_curated_topic,candidate
courts-coa-ca_dc_kuliyapitiya_293_00.pdf,09,SRC071,statute_to_curated_topic,candidate
courts-coa-ca_dc_kuliyapitiya_293_00.pdf,11,SRC049,statute_to_curated_topic,candidate
courts-coa-ca_dc_kuliyapitiya_293_00.pdf,18,SRC071,statute_to_curated_topic,candidate
courts-coa-ca_dc_kuliyapitiya_293_00.pdf,20,SRC049,statute_to_curated_topic,candidate
courts-coa-ca_dc_kurunegala_280_1997.pdf,05,SRC030,statute_to_curated_topic,candidate
courts-coa-ca_dc_kurunegala_280_1997.pdf,09,SRC030,statute_to_curated_topic,candidate
courts-coa-ca_dc_kurunegala_280_1997.pdf,09,SRC071,statute_to_curated_topic,candidate
courts-coa-ca_dc_kurunegala_280_1997.pdf,17,SRC030,statute_to_curated_topic,candidate
courts-coa-ca_dc_kurunegala_280_1997.pdf,18,SRC071,statute_to_curated_topic,candidate
courts-coa-ca_dc_matale_635_1997.pdf,05,SRC027,statute_to_curated_topic,candidate
courts-coa-ca_dc_matale_635_1997.pdf,05,SRC030,statute_to_curated_topic,candidate
courts-coa-ca_dc_matale_635_1997.pdf,09,SRC030,statute_to_curated_topic,candidate
courts-coa-ca_dc_matale_635_1997.pdf,17,SRC027,statute_to_curated_topic,candidate
courts-coa-ca_dc_matale_635_1997.pdf,17,SRC030,statute_to_curated_topic,candidate
courts-coa-ca_dc_matale_827_2000.pdf,05,SRC014,statute_to_curated_topic,candidate
courts-coa-ca_dc_matale_827_2000.pdf,06,SRC014,statute_to_curated_topic,candidate
courts-coa-ca_dc_matale_827_2000.pdf,08,SRC014,statute_to_curated_topic,candidate
courts-coa-ca_dc_matale_827_2000.pdf,17,SRC014,statute_to_curated_topic,candidate
courts-coa-ca_dc_matale_827_2000.pdf,20,SRC014,statute_to_curated_topic,candidate
courts-coa-ca_dc_matara_1816_2006.pdf,05,SRC027,statute_to_curated_topic,candidate
courts-coa-ca_dc_matara_1816_2006.pdf,05,SRC030,statute_to_curated_topic,candidate
courts-coa-ca_dc_matara_1816_2006.pdf,09,SRC030,statute_to_curated_topic,candidate
courts-coa-ca_dc_matara_1816_2006.pdf,17,SRC027,statute_to_curated_topic,candidate
courts-coa-ca_dc_matara_1816_2006.pdf,17,SRC030,statute_to_curated_topic,candidate
courts-coa-ca_dc_matara_63_1998.pdf,05,SRC027,statute_to_curated_topic,candidate
courts-coa-ca_dc_matara_63_1998.pdf,05,SRC028,statute_to_curated_topic,candidate
courts-coa-ca_dc_matara_63_1998.pdf,17,SRC027,statute_to_curated_topic,candidate
courts-coa-ca_dc_matara_63_1998.pdf,17,SRC028,statute_to_curated_topic,candidate
courts-coa-ca_dc_mathugama_367_1998.pdf,01,SRC001,statute_to_curated_topic,candidate
courts-coa-ca_dc_mathugama_367_1998.pdf,05,SRC001,statute_to_curated_topic,candidate
courts-coa-ca_dc_mathugama_367_1998.pdf,05,SRC014,statute_to_curated_topic,candidate
courts-coa-ca_dc_mathugama_367_1998.pdf,06,SRC001,statute_to_curated_topic,candidate
courts-coa-ca_dc_mathugama_367_1998.pdf,06,SRC014,statute_to_curated_topic,candidate
courts-coa-ca_dc_mathugama_367_1998.pdf,08,SRC014,statute_to_curated_topic,candidate
courts-coa-ca_dc_mathugama_367_1998.pdf,09,SRC071,statute_to_curated_topic,candidate
courts-coa-ca_dc_mathugama_367_1998.pdf,17,SRC001,statute_to_curated_topic,candidate
courts-coa-ca_dc_mathugama_367_1998.pdf,17,SRC014,statute_to_curated_topic,candidate
courts-coa-ca_dc_mathugama_367_1998.pdf,18,SRC071,statute_to_curated_topic,candidate
courts-coa-ca_dc_mathugama_367_1998.pdf,20,SRC014,statute_to_curated_topic,candidate
courts-coa-ca_dc_mathugama_879_98-1.pdf,09,SRC071,statute_to_curated_topic,candidate
courts-coa-ca_dc_mathugama_879_98-1.pdf,18,SRC071,statute_to_curated_topic,candidate
courts-coa-ca_dc_mt.lavinia_131_96.pdf,05,SRC029,statute_to_curated_topic,candidate
courts-coa-ca_dc_mt.lavinia_239_240_95.pdf,05,SRC027,statute_to_curated_topic,candidate
courts-coa-ca_dc_mt.lavinia_239_240_95.pdf,17,SRC027,statute_to_curated_topic,candidate
courts-coa-ca_dc_mt.lavinia_619_99.pdf,05,SRC028,statute_to_curated_topic,candidate
courts-coa-ca_dc_mt.lavinia_619_99.pdf,05,SRC029,statute_to_curated_topic,candidate
courts-coa-ca_dc_mt.lavinia_619_99.pdf,17,SRC028,statute_to_curated_topic,candidate
courts-coa-ca_dc_mt.lavinia_926_99.pdf,09,SRC071,statute_to_curated_topic,candidate
courts-coa-ca_dc_mt.lavinia_926_99.pdf,18,SRC071,statute_to_curated_topic,candidate
courts-coa-ca_dc_mt.lavinia_932_932a_98.pdf,09,SRC071,statute_to_curated_topic,candidate
courts-coa-ca_dc_mt.lavinia_932_932a_98.pdf,18,SRC071,statute_to_curated_topic,candidate
courts-coa-ca_dc_negombo_41_2000.pdf,05,SRC028,statute_to_curated_topic,candidate
courts-coa-ca_dc_negombo_41_2000.pdf,17,SRC028,statute_to_curated_topic,candidate
courts-coa-ca_dc_panadura_1291_1999.pdf,05,SRC027,statute_to_curated_topic,candidate
courts-coa-ca_dc_panadura_1291_1999.pdf,17,SRC027,statute_to_curated_topic,candidate
courts-coa-ca_dc_rathnapura_729_00.pdf,09,SRC071,statute_to_curated_topic,candidate
courts-coa-ca_dc_rathnapura_729_00.pdf,18,SRC071,statute_to_curated_topic,candidate
courts-coa-ca_dc_tangalle_876_98.pdf,09,SRC071,statute_to_curated_topic,candidate
courts-coa-ca_dc_tangalle_876_98.pdf,18,SRC071,statute_to_curated_topic,candidate
courts-coa-ca_dc_walasmulla_161_1997_f.pdf,05,SRC030,statute_to_curated_topic,candidate
courts-coa-ca_dc_walasmulla_161_1997_f.pdf,09,SRC030,statute_to_curated_topic,candidate
courts-coa-ca_dc_walasmulla_161_1997_f.pdf,17,SRC030,statute_to_curated_topic,candidate
courts-coa-ca_hc_57_58_2006.pdf,05,SRC014,statute_to_curated_topic,candidate
courts-coa-ca_hc_57_58_2006.pdf,06,SRC014,statute_to_curated_topic,candidate
courts-coa-ca_hc_57_58_2006.pdf,08,SRC014,statute_to_curated_topic,candidate
courts-coa-ca_hc_57_58_2006.pdf,17,SRC014,statute_to_curated_topic,candidate
courts-coa-ca_hc_57_58_2006.pdf,20,SRC014,statute_to_curated_topic,candidate
courts-coa-ca_hc_hambantota_33_2008.pdf,05,SRC029,statute_to_curated_topic,candidate
courts-coa-ca_la_156_2004.pdf,05,SRC030,statute_to_curated_topic,candidate
courts-coa-ca_la_156_2004.pdf,09,SRC030,statute_to_curated_topic,candidate
courts-coa-ca_la_156_2004.pdf,17,SRC030,statute_to_curated_topic,candidate
courts-coa-ca_la_156_2004.pdf,17,SRC074,statute_to_curated_topic,candidate
courts-coa-ca_la_156_2004.pdf,18,SRC074,statute_to_curated_topic,candidate
courts-coa-ca_la_15_03.pdf,05,SRC030,statute_to_curated_topic,candidate
courts-coa-ca_la_15_03.pdf,09,SRC030,statute_to_curated_topic,candidate
courts-coa-ca_la_15_03.pdf,17,SRC030,statute_to_curated_topic,candidate
courts-coa-ca_la_420_2003.pdf,05,SRC030,statute_to_curated_topic,candidate
courts-coa-ca_la_420_2003.pdf,09,SRC030,statute_to_curated_topic,candidate
courts-coa-ca_la_420_2003.pdf,17,SRC030,statute_to_curated_topic,candidate
courts-coa-ca_la_498_2006.pdf,05,SRC027,statute_to_curated_topic,candidate
courts-coa-ca_la_498_2006.pdf,05,SRC030,statute_to_curated_topic,candidate
courts-coa-ca_la_498_2006.pdf,09,SRC030,statute_to_curated_topic,candidate
courts-coa-ca_la_498_2006.pdf,17,SRC027,statute_to_curated_topic,candidate
courts-coa-ca_la_498_2006.pdf,17,SRC030,statute_to_curated_topic,candidate
courts-coa-ca_phc_apn_136_2015.pdf,05,SRC030,statute_to_curated_topic,candidate
courts-coa-ca_phc_apn_136_2015.pdf,09,SRC030,statute_to_curated_topic,candidate
courts-coa-ca_phc_apn_136_2015.pdf,17,SRC030,statute_to_curated_topic,candidate
courts-coa-ca_ri_19_2014.pdf,05,SRC027,statute_to_curated_topic,candidate
courts-coa-ca_ri_19_2014.pdf,05,SRC029,statute_to_curated_topic,candidate
courts-coa-ca_ri_19_2014.pdf,05,SRC030,statute_to_curated_topic,candidate
courts-coa-ca_ri_19_2014.pdf,09,SRC030,statute_to_curated_topic,candidate
courts-coa-ca_ri_19_2014.pdf,17,SRC027,statute_to_curated_topic,candidate
courts-coa-ca_ri_19_2014.pdf,17,SRC030,statute_to_curated_topic,candidate
courts-coa-ca_ri_927_2008.pdf,05,SRC027,statute_to_curated_topic,candidate
courts-coa-ca_ri_927_2008.pdf,17,SRC027,statute_to_curated_topic,candidate
courts-coa-ca_rv_1249_2005.pdf,05,SRC030,statute_to_curated_topic,candidate
courts-coa-ca_rv_1249_2005.pdf,09,SRC030,statute_to_curated_topic,candidate
courts-coa-ca_rv_1249_2005.pdf,17,SRC030,statute_to_curated_topic,candidate
courts-coa-ca_rv_1447_06.pdf,05,SRC014,statute_to_curated_topic,candidate
courts-coa-ca_rv_1447_06.pdf,05,SRC030,statute_to_curated_topic,candidate
courts-coa-ca_rv_1447_06.pdf,06,SRC014,statute_to_curated_topic,candidate
courts-coa-ca_rv_1447_06.pdf,08,SRC014,statute_to_curated_topic,candidate
courts-coa-ca_rv_1447_06.pdf,09,SRC030,statute_to_curated_topic,candidate
courts-coa-ca_rv_1447_06.pdf,17,SRC014,statute_to_curated_topic,candidate
courts-coa-ca_rv_1447_06.pdf,17,SRC030,statute_to_curated_topic,candidate
courts-coa-ca_rv_1447_06.pdf,20,SRC014,statute_to_curated_topic,candidate
courts-coa-ca_rv_262_2006.pdf,05,SRC027,statute_to_curated_topic,candidate
courts-coa-ca_rv_262_2006.pdf,05,SRC029,statute_to_curated_topic,candidate
courts-coa-ca_rv_262_2006.pdf,17,SRC027,statute_to_curated_topic,candidate
courts-coa-ca_writ_133_2014.pdf,05,SRC029,statute_to_curated_topic,candidate
courts-coa-ca_writ_133_2014.pdf,05,SRC033,statute_to_curated_topic,candidate
courts-coa-ca_writ_133_2014.pdf,12,SRC033,statute_to_curated_topic,candidate
courts-coa-ca_writ_133_2014.pdf,20,SRC033,statute_to_curated_topic,candidate
courts-coa-ca_writ_189_2014.pdf,05,SRC031,statute_to_curated_topic,candidate
courts-coa-ca_writ_189_2014.pdf,09,SRC031,statute_to_curated_topic,candidate
courts-coa-ca_writ_2084_2004.pdf,12,SRC050,statute_to_curated_topic,candidate
courts-coa-ca_writ_2084_2004.pdf,12,SRC056,statute_to_curated_topic,candidate
courts-coa-ca_writ_2084_2004.pdf,20,SRC050,statute_to_curated_topic,candidate
courts-coa-ca_writ_2107_04.pdf,16,SRC075,statute_to_curated_topic,candidate
courts-coa-ca_writ_2107_04.pdf,18,SRC075,statute_to_curated_topic,candidate
courts-coa-ca_writ_228_2012.pdf,05,SRC031,statute_to_curated_topic,candidate
courts-coa-ca_writ_228_2012.pdf,05,SRC033,statute_to_curated_topic,candidate
courts-coa-ca_writ_228_2012.pdf,09,SRC031,statute_to_curated_topic,candidate
courts-coa-ca_writ_228_2012.pdf,12,SRC033,statute_to_curated_topic,candidate
courts-coa-ca_writ_228_2012.pdf,20,SRC033,statute_to_curated_topic,candidate
courts-coa-ca_writ_348_2012.pdf,05,SRC031,statute_to_curated_topic,candidate
courts-coa-ca_writ_348_2012.pdf,05,SRC033,statute_to_curated_topic,candidate
courts-coa-ca_writ_348_2012.pdf,09,SRC031,statute_to_curated_topic,candidate
courts-coa-ca_writ_348_2012.pdf,12,SRC033,statute_to_curated_topic,candidate
courts-coa-ca_writ_348_2012.pdf,12,SRC051,statute_to_curated_topic,candidate
courts-coa-ca_writ_348_2012.pdf,20,SRC033,statute_to_curated_topic,candidate
courts-coa-ca_writ_441_10.pdf,12,SRC050,statute_to_curated_topic,candidate
courts-coa-ca_writ_441_10.pdf,20,SRC050,statute_to_curated_topic,candidate
courts-coa-ca_writ_556_2005.pdf,17,SRC080,statute_to_curated_topic,candidate
courts-coa-ca_writ_556_2005.pdf,18,SRC080,statute_to_curated_topic,candidate
courts-coa-ca_writ_613_2007.pdf,02,SRC005,statute_to_curated_topic,candidate
courts-coa-ca_writ_613_2007.pdf,05,SRC005,statute_to_curated_topic,candidate
courts-coa-ca_writ_613_2007.pdf,06,SRC005,statute_to_curated_topic,candidate
courts-coa-ca_writ_613_2007.pdf,17,SRC005,statute_to_curated_topic,candidate
courts-coa-ca_writ_667_2009.pdf,12,SRC051,statute_to_curated_topic,candidate
courts-coa-ca_writ_70_2015.pdf,05,SRC033,statute_to_curated_topic,candidate
courts-coa-ca_writ_70_2015.pdf,12,SRC033,statute_to_curated_topic,candidate
courts-coa-ca_writ_70_2015.pdf,20,SRC033,statute_to_curated_topic,candidate
courts-coa-cala-459-2006-3.10.2019.pdf,05,SRC027,statute_to_curated_topic,candidate
courts-coa-cala-459-2006-3.10.2019.pdf,05,SRC029,statute_to_curated_topic,candidate
courts-coa-cala-459-2006-3.10.2019.pdf,05,SRC030,statute_to_curated_topic,candidate
courts-coa-cala-459-2006-3.10.2019.pdf,09,SRC030,statute_to_curated_topic,candidate
courts-coa-cala-459-2006-3.10.2019.pdf,17,SRC027,statute_to_curated_topic,candidate
courts-coa-cala-459-2006-3.10.2019.pdf,17,SRC030,statute_to_curated_topic,candidate
courts-coa-cala_dc_kalutara_171_2003.pdf,02,SRC005,statute_to_curated_topic,candidate
courts-coa-cala_dc_kalutara_171_2003.pdf,05,SRC005,statute_to_curated_topic,candidate
courts-coa-cala_dc_kalutara_171_2003.pdf,05,SRC027,statute_to_curated_topic,candidate
courts-coa-cala_dc_kalutara_171_2003.pdf,06,SRC005,statute_to_curated_topic,candidate
courts-coa-cala_dc_kalutara_171_2003.pdf,17,SRC005,statute_to_curated_topic,candidate
courts-coa-cala_dc_kalutara_171_2003.pdf,17,SRC027,statute_to_curated_topic,candidate
courts-coa-cala_dc_mt.lavinia_41_2007.pdf,02,SRC005,statute_to_curated_topic,candidate
courts-coa-cala_dc_mt.lavinia_41_2007.pdf,05,SRC005,statute_to_curated_topic,candidate
courts-coa-cala_dc_mt.lavinia_41_2007.pdf,05,SRC027,statute_to_curated_topic,candidate
courts-coa-cala_dc_mt.lavinia_41_2007.pdf,06,SRC005,statute_to_curated_topic,candidate
courts-coa-cala_dc_mt.lavinia_41_2007.pdf,17,SRC005,statute_to_curated_topic,candidate
courts-coa-cala_dc_mt.lavinia_41_2007.pdf,17,SRC027,statute_to_curated_topic,candidate
courts-coa-d.c._412_1995.pdf,02,SRC005,statute_to_curated_topic,candidate
courts-coa-d.c._412_1995.pdf,05,SRC005,statute_to_curated_topic,candidate
courts-coa-d.c._412_1995.pdf,05,SRC027,statute_to_curated_topic,candidate
courts-coa-d.c._412_1995.pdf,05,SRC029,statute_to_curated_topic,candidate
courts-coa-d.c._412_1995.pdf,06,SRC005,statute_to_curated_topic,candidate
courts-coa-d.c._412_1995.pdf,17,SRC005,statute_to_curated_topic,candidate
courts-coa-d.c._412_1995.pdf,17,SRC027,statute_to_curated_topic,candidate
courts-coa-dcf_373_1989.pdf,05,SRC030,statute_to_curated_topic,candidate
courts-coa-dcf_373_1989.pdf,09,SRC030,statute_to_curated_topic,candidate
courts-coa-dcf_373_1989.pdf,15,SRC059,statute_to_curated_topic,candidate
courts-coa-dcf_373_1989.pdf,17,SRC030,statute_to_curated_topic,candidate
courts-coa-judgement-ca-hcc-267-2009-n-1.pdf,05,SRC014,statute_to_curated_topic,candidate
courts-coa-judgement-ca-hcc-267-2009-n-1.pdf,06,SRC014,statute_to_curated_topic,candidate
courts-coa-judgement-ca-hcc-267-2009-n-1.pdf,08,SRC014,statute_to_curated_topic,candidate
courts-coa-judgement-ca-hcc-267-2009-n-1.pdf,17,SRC014,statute_to_curated_topic,candidate
courts-coa-judgement-ca-hcc-267-2009-n-1.pdf,20,SRC014,statute_to_curated_topic,candidate
courts-sc-ac_appeal_217_2014-1.pdf,05,SRC029,statute_to_curated_topic,candidate
courts-sc-sc-_-appeal-_-39-_-2022_amd2.pdf,05,SRC029,statute_to_curated_topic,candidate
courts-sc-sc-_-appeal-_-39-_-2022_amd2.pdf,05,SRC030,statute_to_curated_topic,candidate
courts-sc-sc-_-appeal-_-39-_-2022_amd2.pdf,09,SRC030,statute_to_curated_topic,candidate
courts-sc-sc-_-appeal-_-39-_-2022_amd2.pdf,17,SRC030,statute_to_curated_topic,candidate
courts-sc-sc_147_2011-1.pdf,01,SRC001,statute_to_curated_topic,candidate
courts-sc-sc_147_2011-1.pdf,05,SRC001,statute_to_curated_topic,candidate
courts-sc-sc_147_2011-1.pdf,05,SRC027,statute_to_curated_topic,candidate
courts-sc-sc_147_2011-1.pdf,05,SRC028,statute_to_curated_topic,candidate
courts-sc-sc_147_2011-1.pdf,05,SRC030,statute_to_curated_topic,candidate
courts-sc-sc_147_2011-1.pdf,06,SRC001,statute_to_curated_topic,candidate
courts-sc-sc_147_2011-1.pdf,09,SRC030,statute_to_curated_topic,candidate
courts-sc-sc_147_2011-1.pdf,17,SRC001,statute_to_curated_topic,candidate
courts-sc-sc_147_2011-1.pdf,17,SRC027,statute_to_curated_topic,candidate
courts-sc-sc_147_2011-1.pdf,17,SRC028,statute_to_curated_topic,candidate
courts-sc-sc_147_2011-1.pdf,17,SRC030,statute_to_curated_topic,candidate
courts-sc-sc_app_88_2017.pdf,09,SRC071,statute_to_curated_topic,candidate
courts-sc-sc_app_88_2017.pdf,18,SRC071,statute_to_curated_topic,candidate
courts-sc-sc_appeal-_-93-_-2020.pdf,05,SRC031,statute_to_curated_topic,candidate
courts-sc-sc_appeal-_-93-_-2020.pdf,09,SRC031,statute_to_curated_topic,candidate
courts-sc-sc_appeal_08_2014-1.pdf,05,SRC029,statute_to_curated_topic,candidate
courts-sc-sc_appeal_100_2013.pdf,05,SRC030,statute_to_curated_topic,candidate
courts-sc-sc_appeal_100_2013.pdf,09,SRC030,statute_to_curated_topic,candidate
courts-sc-sc_appeal_100_2013.pdf,17,SRC030,statute_to_curated_topic,candidate
courts-sc-sc_appeal_100_2020.pdf,05,SRC030,statute_to_curated_topic,candidate
courts-sc-sc_appeal_100_2020.pdf,09,SRC030,statute_to_curated_topic,candidate
courts-sc-sc_appeal_100_2020.pdf,09,SRC071,statute_to_curated_topic,candidate
courts-sc-sc_appeal_100_2020.pdf,17,SRC030,statute_to_curated_topic,candidate
courts-sc-sc_appeal_100_2020.pdf,18,SRC071,statute_to_curated_topic,candidate
courts-sc-sc_appeal_101_2009.pdf,05,SRC030,statute_to_curated_topic,candidate
courts-sc-sc_appeal_101_2009.pdf,09,SRC030,statute_to_curated_topic,candidate
courts-sc-sc_appeal_101_2009.pdf,09,SRC071,statute_to_curated_topic,candidate
courts-sc-sc_appeal_101_2009.pdf,17,SRC030,statute_to_curated_topic,candidate
courts-sc-sc_appeal_101_2009.pdf,18,SRC071,statute_to_curated_topic,candidate
courts-sc-sc_appeal_101_2013-1.pdf,09,SRC071,statute_to_curated_topic,candidate
courts-sc-sc_appeal_101_2013-1.pdf,18,SRC071,statute_to_curated_topic,candidate
courts-sc-sc_appeal_101_2016.pdf,01,SRC001,statute_to_curated_topic,candidate
courts-sc-sc_appeal_101_2016.pdf,05,SRC001,statute_to_curated_topic,candidate
courts-sc-sc_appeal_101_2016.pdf,05,SRC029,statute_to_curated_topic,candidate
courts-sc-sc_appeal_101_2016.pdf,06,SRC001,statute_to_curated_topic,candidate
courts-sc-sc_appeal_101_2016.pdf,15,SRC059,statute_to_curated_topic,candidate
courts-sc-sc_appeal_101_2016.pdf,17,SRC001,statute_to_curated_topic,candidate
courts-sc-sc_appeal_101_2017.pdf,05,SRC030,statute_to_curated_topic,candidate
courts-sc-sc_appeal_101_2017.pdf,09,SRC030,statute_to_curated_topic,candidate
courts-sc-sc_appeal_101_2017.pdf,09,SRC071,statute_to_curated_topic,candidate
courts-sc-sc_appeal_101_2017.pdf,17,SRC030,statute_to_curated_topic,candidate
courts-sc-sc_appeal_101_2017.pdf,18,SRC071,statute_to_curated_topic,candidate
courts-sc-sc_appeal_101_2018.pdf,05,SRC030,statute_to_curated_topic,candidate
courts-sc-sc_appeal_101_2018.pdf,09,SRC030,statute_to_curated_topic,candidate
courts-sc-sc_appeal_101_2018.pdf,09,SRC071,statute_to_curated_topic,candidate
courts-sc-sc_appeal_101_2018.pdf,17,SRC030,statute_to_curated_topic,candidate
courts-sc-sc_appeal_101_2018.pdf,18,SRC071,statute_to_curated_topic,candidate
courts-sc-sc_appeal_102_2010.pdf,05,SRC029,statute_to_curated_topic,candidate
courts-sc-sc_appeal_102_2011-1.pdf,09,SRC071,statute_to_curated_topic,candidate
courts-sc-sc_appeal_102_2011-1.pdf,18,SRC071,statute_to_curated_topic,candidate
courts-sc-sc_appeal_103_2013.pdf,05,SRC030,statute_to_curated_topic,candidate
courts-sc-sc_appeal_103_2013.pdf,09,SRC030,statute_to_curated_topic,candidate
courts-sc-sc_appeal_103_2013.pdf,17,SRC030,statute_to_curated_topic,candidate
courts-sc-sc_appeal_104_2005.pdf,01,SRC001,statute_to_curated_topic,candidate
courts-sc-sc_appeal_104_2005.pdf,05,SRC001,statute_to_curated_topic,candidate
courts-sc-sc_appeal_104_2005.pdf,05,SRC014,statute_to_curated_topic,candidate
courts-sc-sc_appeal_104_2005.pdf,05,SRC017,statute_to_curated_topic,candidate
courts-sc-sc_appeal_104_2005.pdf,05,SRC029,statute_to_curated_topic,candidate
courts-sc-sc_appeal_104_2005.pdf,05,SRC030,statute_to_curated_topic,candidate
courts-sc-sc_appeal_104_2005.pdf,06,SRC001,statute_to_curated_topic,candidate
courts-sc-sc_appeal_104_2005.pdf,06,SRC014,statute_to_curated_topic,candidate
courts-sc-sc_appeal_104_2005.pdf,08,SRC014,statute_to_curated_topic,candidate
courts-sc-sc_appeal_104_2005.pdf,09,SRC030,statute_to_curated_topic,candidate
courts-sc-sc_appeal_104_2005.pdf,13,SRC017,statute_to_curated_topic,candidate
courts-sc-sc_appeal_104_2005.pdf,17,SRC001,statute_to_curated_topic,candidate
courts-sc-sc_appeal_104_2005.pdf,17,SRC014,statute_to_curated_topic,candidate
courts-sc-sc_appeal_104_2005.pdf,17,SRC017,statute_to_curated_topic,candidate
courts-sc-sc_appeal_104_2005.pdf,17,SRC030,statute_to_curated_topic,candidate
courts-sc-sc_appeal_104_2005.pdf,20,SRC014,statute_to_curated_topic,candidate
courts-sc-sc_appeal_104_2012.pdf,05,SRC030,statute_to_curated_topic,candidate
courts-sc-sc_appeal_104_2012.pdf,09,SRC030,statute_to_curated_topic,candidate
courts-sc-sc_appeal_104_2012.pdf,17,SRC030,statute_to_curated_topic,candidate
courts-sc-sc_appeal_104_2014.pdf,01,SRC001,statute_to_curated_topic,candidate
courts-sc-sc_appeal_104_2014.pdf,05,SRC001,statute_to_curated_topic,candidate
courts-sc-sc_appeal_104_2014.pdf,05,SRC027,statute_to_curated_topic,candidate
courts-sc-sc_appeal_104_2014.pdf,05,SRC029,statute_to_curated_topic,candidate
courts-sc-sc_appeal_104_2014.pdf,05,SRC030,statute_to_curated_topic,candidate
courts-sc-sc_appeal_104_2014.pdf,06,SRC001,statute_to_curated_topic,candidate
courts-sc-sc_appeal_104_2014.pdf,09,SRC030,statute_to_curated_topic,candidate
courts-sc-sc_appeal_104_2014.pdf,17,SRC001,statute_to_curated_topic,candidate
courts-sc-sc_appeal_104_2014.pdf,17,SRC027,statute_to_curated_topic,candidate
courts-sc-sc_appeal_104_2014.pdf,17,SRC030,statute_to_curated_topic,candidate
courts-sc-sc_appeal_104_2015.pdf,01,SRC001,statute_to_curated_topic,candidate
courts-sc-sc_appeal_104_2015.pdf,05,SRC001,statute_to_curated_topic,candidate
courts-sc-sc_appeal_104_2015.pdf,06,SRC001,statute_to_curated_topic,candidate
courts-sc-sc_appeal_104_2015.pdf,17,SRC001,statute_to_curated_topic,candidate
courts-sc-sc_appeal_105_2012.pdf,05,SRC029,statute_to_curated_topic,candidate
courts-sc-sc_appeal_105_2013.pdf,05,SRC030,statute_to_curated_topic,candidate
courts-sc-sc_appeal_105_2013.pdf,09,SRC030,statute_to_curated_topic,candidate
courts-sc-sc_appeal_105_2013.pdf,17,SRC030,statute_to_curated_topic,candidate
courts-sc-sc_appeal_105_2015.pdf,09,SRC071,statute_to_curated_topic,candidate
courts-sc-sc_appeal_105_2015.pdf,18,SRC071,statute_to_curated_topic,candidate
courts-sc-sc_appeal_106_2013.pdf,05,SRC030,statute_to_curated_topic,candidate
courts-sc-sc_appeal_106_2013.pdf,09,SRC030,statute_to_curated_topic,candidate
courts-sc-sc_appeal_106_2013.pdf,17,SRC030,statute_to_curated_topic,candidate
courts-sc-sc_appeal_106_2016.pdf,05,SRC030,statute_to_curated_topic,candidate
courts-sc-sc_appeal_106_2016.pdf,09,SRC030,statute_to_curated_topic,candidate
courts-sc-sc_appeal_106_2016.pdf,17,SRC030,statute_to_curated_topic,candidate
courts-sc-sc_appeal_107_2015.pdf,05,SRC030,statute_to_curated_topic,candidate
courts-sc-sc_appeal_107_2015.pdf,05,SRC033,statute_to_curated_topic,candidate
courts-sc-sc_appeal_107_2015.pdf,09,SRC030,statute_to_curated_topic,candidate
courts-sc-sc_appeal_107_2015.pdf,12,SRC033,statute_to_curated_topic,candidate
courts-sc-sc_appeal_107_2015.pdf,17,SRC030,statute_to_curated_topic,candidate
courts-sc-sc_appeal_107_2015.pdf,17,SRC064,statute_to_curated_topic,candidate
courts-sc-sc_appeal_107_2015.pdf,20,SRC033,statute_to_curated_topic,candidate
courts-sc-sc_appeal_108_2014.pdf,05,SRC027,statute_to_curated_topic,candidate
courts-sc-sc_appeal_108_2014.pdf,17,SRC027,statute_to_curated_topic,candidate
courts-sc-sc_appeal_108_2022-1.pdf,05,SRC029,statute_to_curated_topic,candidate
courts-sc-sc_appeal_109_2022.pdf,15,SRC059,statute_to_curated_topic,candidate
courts-sc-sc_appeal_10_2013.pdf,09,SRC071,statute_to_curated_topic,candidate
courts-sc-sc_appeal_10_2013.pdf,18,SRC071,statute_to_curated_topic,candidate
courts-sc-sc_appeal_10_2016_ed1.pdf,05,SRC027,statute_to_curated_topic,candidate
courts-sc-sc_appeal_10_2016_ed1.pdf,17,SRC027,statute_to_curated_topic,candidate
courts-sc-sc_appeal_10_2020.pdf,05,SRC028,statute_to_curated_topic,candidate
courts-sc-sc_appeal_10_2020.pdf,05,SRC030,statute_to_curated_topic,candidate
courts-sc-sc_appeal_10_2020.pdf,09,SRC030,statute_to_curated_topic,candidate
courts-sc-sc_appeal_10_2020.pdf,09,SRC071,statute_to_curated_topic,candidate
courts-sc-sc_appeal_10_2020.pdf,17,SRC028,statute_to_curated_topic,candidate
courts-sc-sc_appeal_10_2020.pdf,17,SRC030,statute_to_curated_topic,candidate
courts-sc-sc_appeal_10_2020.pdf,18,SRC071,statute_to_curated_topic,candidate
courts-sc-sc_appeal_110_2010.pdf,10,SRC045,statute_to_curated_topic,candidate
courts-sc-sc_appeal_110_2014-1.pdf,05,SRC027,statute_to_curated_topic,candidate
courts-sc-sc_appeal_110_2014-1.pdf,05,SRC030,statute_to_curated_topic,candidate
courts-sc-sc_appeal_110_2014-1.pdf,09,SRC030,statute_to_curated_topic,candidate
courts-sc-sc_appeal_110_2014-1.pdf,17,SRC027,statute_to_curated_topic,candidate
courts-sc-sc_appeal_110_2014-1.pdf,17,SRC030,statute_to_curated_topic,candidate
courts-sc-sc_appeal_110_2016.pdf,05,SRC027,statute_to_curated_topic,candidate
courts-sc-sc_appeal_110_2016.pdf,05,SRC030,statute_to_curated_topic,candidate
courts-sc-sc_appeal_110_2016.pdf,09,SRC030,statute_to_curated_topic,candidate
courts-sc-sc_appeal_110_2016.pdf,17,SRC027,statute_to_curated_topic,candidate
courts-sc-sc_appeal_110_2016.pdf,17,SRC030,statute_to_curated_topic,candidate
courts-sc-sc_appeal_110_2018.pdf,01,SRC001,statute_to_curated_topic,candidate
courts-sc-sc_appeal_110_2018.pdf,05,SRC001,statute_to_curated_topic,candidate
courts-sc-sc_appeal_110_2018.pdf,05,SRC029,statute_to_curated_topic,candidate
courts-sc-sc_appeal_110_2018.pdf,06,SRC001,statute_to_curated_topic,candidate
courts-sc-sc_appeal_110_2018.pdf,15,SRC059,statute_to_curated_topic,candidate
courts-sc-sc_appeal_110_2018.pdf,17,SRC001,statute_to_curated_topic,candidate
courts-sc-sc_appeal_111_2013.pdf,02,SRC005,statute_to_curated_topic,candidate
courts-sc-sc_appeal_111_2013.pdf,05,SRC005,statute_to_curated_topic,candidate
courts-sc-sc_appeal_111_2013.pdf,05,SRC033,statute_to_curated_topic,candidate
courts-sc-sc_appeal_111_2013.pdf,06,SRC005,statute_to_curated_topic,candidate
courts-sc-sc_appeal_111_2013.pdf,12,SRC033,statute_to_curated_topic,candidate
courts-sc-sc_appeal_111_2013.pdf,12,SRC051,statute_to_curated_topic,candidate
courts-sc-sc_appeal_111_2013.pdf,17,SRC005,statute_to_curated_topic,candidate
courts-sc-sc_appeal_111_2013.pdf,20,SRC033,statute_to_curated_topic,candidate
courts-sc-sc_appeal_111_2014.pdf,05,SRC030,statute_to_curated_topic,candidate
courts-sc-sc_appeal_111_2014.pdf,09,SRC030,statute_to_curated_topic,candidate
courts-sc-sc_appeal_111_2014.pdf,16,SRC061,statute_to_curated_topic,candidate
courts-sc-sc_appeal_111_2014.pdf,17,SRC030,statute_to_curated_topic,candidate
courts-sc-sc_appeal_111_2019.pdf,09,SRC071,statute_to_curated_topic,candidate
courts-sc-sc_appeal_111_2019.pdf,18,SRC071,statute_to_curated_topic,candidate
courts-sc-sc_appeal_112_2011.pdf,05,SRC028,statute_to_curated_topic,candidate
courts-sc-sc_appeal_112_2011.pdf,05,SRC029,statute_to_curated_topic,candidate
courts-sc-sc_appeal_112_2011.pdf,17,SRC028,statute_to_curated_topic,candidate
courts-sc-sc_appeal_112_2021.pdf,12,SRC056,statute_to_curated_topic,candidate
courts-sc-sc_appeal_113_2010.pdf,05,SRC030,statute_to_curated_topic,candidate
courts-sc-sc_appeal_113_2010.pdf,09,SRC030,statute_to_curated_topic,candidate
courts-sc-sc_appeal_113_2010.pdf,17,SRC030,statute_to_curated_topic,candidate
courts-sc-sc_appeal_113_2014.pdf,05,SRC030,statute_to_curated_topic,candidate
courts-sc-sc_appeal_113_2014.pdf,09,SRC030,statute_to_curated_topic,candidate
courts-sc-sc_appeal_113_2014.pdf,17,SRC030,statute_to_curated_topic,candidate
courts-sc-sc_appeal_113_2019.pdf,05,SRC027,statute_to_curated_topic,candidate
courts-sc-sc_appeal_113_2019.pdf,05,SRC030,statute_to_curated_topic,candidate
courts-sc-sc_appeal_113_2019.pdf,09,SRC030,statute_to_curated_topic,candidate
courts-sc-sc_appeal_113_2019.pdf,09,SRC071,statute_to_curated_topic,candidate
courts-sc-sc_appeal_113_2019.pdf,17,SRC027,statute_to_curated_topic,candidate
courts-sc-sc_appeal_113_2019.pdf,17,SRC030,statute_to_curated_topic,candidate
courts-sc-sc_appeal_113_2019.pdf,18,SRC071,statute_to_curated_topic,candidate
courts-sc-sc_appeal_113_2020.pdf,12,SRC050,statute_to_curated_topic,candidate
courts-sc-sc_appeal_113_2020.pdf,20,SRC050,statute_to_curated_topic,candidate
courts-sc-sc_appeal_114_2018.pdf,01,SRC001,statute_to_curated_topic,candidate
courts-sc-sc_appeal_114_2018.pdf,05,SRC001,statute_to_curated_topic,candidate
courts-sc-sc_appeal_114_2018.pdf,05,SRC014,statute_to_curated_topic,candidate
courts-sc-sc_appeal_114_2018.pdf,06,SRC001,statute_to_curated_topic,candidate
courts-sc-sc_appeal_114_2018.pdf,06,SRC014,statute_to_curated_topic,candidate
courts-sc-sc_appeal_114_2018.pdf,08,SRC014,statute_to_curated_topic,candidate
courts-sc-sc_appeal_114_2018.pdf,17,SRC001,statute_to_curated_topic,candidate
courts-sc-sc_appeal_114_2018.pdf,17,SRC014,statute_to_curated_topic,candidate
courts-sc-sc_appeal_114_2018.pdf,20,SRC014,statute_to_curated_topic,candidate
courts-sc-sc_appeal_115_2013.pdf,05,SRC027,statute_to_curated_topic,candidate
courts-sc-sc_appeal_115_2013.pdf,05,SRC030,statute_to_curated_topic,candidate
courts-sc-sc_appeal_115_2013.pdf,09,SRC030,statute_to_curated_topic,candidate
courts-sc-sc_appeal_115_2013.pdf,17,SRC027,statute_to_curated_topic,candidate
courts-sc-sc_appeal_115_2013.pdf,17,SRC030,statute_to_curated_topic,candidate
courts-sc-sc_appeal_115_2015.pdf,05,SRC027,statute_to_curated_topic,candidate
courts-sc-sc_appeal_115_2015.pdf,17,SRC027,statute_to_curated_topic,candidate
courts-sc-sc_appeal_115_2018.pdf,05,SRC028,statute_to_curated_topic,candidate
courts-sc-sc_appeal_115_2018.pdf,05,SRC029,statute_to_curated_topic,candidate
courts-sc-sc_appeal_115_2018.pdf,05,SRC030,statute_to_curated_topic,candidate
courts-sc-sc_appeal_115_2018.pdf,09,SRC030,statute_to_curated_topic,candidate
courts-sc-sc_appeal_115_2018.pdf,17,SRC028,statute_to_curated_topic,candidate
courts-sc-sc_appeal_115_2018.pdf,17,SRC030,statute_to_curated_topic,candidate
courts-sc-sc_appeal_116_2013.pdf,05,SRC030,statute_to_curated_topic,candidate
courts-sc-sc_appeal_116_2013.pdf,09,SRC030,statute_to_curated_topic,candidate
courts-sc-sc_appeal_116_2013.pdf,17,SRC030,statute_to_curated_topic,candidate
courts-sc-sc_appeal_116_2014.pdf,05,SRC029,statute_to_curated_topic,candidate
courts-sc-sc_appeal_116_2014.pdf,05,SRC030,statute_to_curated_topic,candidate
courts-sc-sc_appeal_116_2014.pdf,05,SRC033,statute_to_curated_topic,candidate
courts-sc-sc_appeal_116_2014.pdf,09,SRC030,statute_to_curated_topic,candidate
courts-sc-sc_appeal_116_2014.pdf,12,SRC033,statute_to_curated_topic,candidate
courts-sc-sc_appeal_116_2014.pdf,17,SRC030,statute_to_curated_topic,candidate
courts-sc-sc_appeal_116_2014.pdf,20,SRC033,statute_to_curated_topic,candidate
courts-sc-sc_appeal_116_2020.pdf,05,SRC030,statute_to_curated_topic,candidate
courts-sc-sc_appeal_116_2020.pdf,09,SRC030,statute_to_curated_topic,candidate
courts-sc-sc_appeal_116_2020.pdf,09,SRC071,statute_to_curated_topic,candidate
courts-sc-sc_appeal_116_2020.pdf,17,SRC030,statute_to_curated_topic,candidate
courts-sc-sc_appeal_116_2020.pdf,18,SRC071,statute_to_curated_topic,candidate
courts-sc-sc_appeal_117_2011.pdf,05,SRC030,statute_to_curated_topic,candidate
courts-sc-sc_appeal_117_2011.pdf,09,SRC030,statute_to_curated_topic,candidate
courts-sc-sc_appeal_117_2011.pdf,17,SRC030,statute_to_curated_topic,candidate
courts-sc-sc_appeal_117_2012.pdf,01,SRC001,statute_to_curated_topic,candidate
courts-sc-sc_appeal_117_2012.pdf,05,SRC001,statute_to_curated_topic,candidate
courts-sc-sc_appeal_117_2012.pdf,05,SRC029,statute_to_curated_topic,candidate
courts-sc-sc_appeal_117_2012.pdf,06,SRC001,statute_to_curated_topic,candidate
courts-sc-sc_appeal_117_2012.pdf,15,SRC059,statute_to_curated_topic,candidate
courts-sc-sc_appeal_117_2012.pdf,17,SRC001,statute_to_curated_topic,candidate
courts-sc-sc_appeal_117_2020.pdf,05,SRC030,statute_to_curated_topic,candidate
courts-sc-sc_appeal_117_2020.pdf,09,SRC030,statute_to_curated_topic,candidate
courts-sc-sc_appeal_117_2020.pdf,09,SRC071,statute_to_curated_topic,candidate
courts-sc-sc_appeal_117_2020.pdf,17,SRC030,statute_to_curated_topic,candidate
courts-sc-sc_appeal_117_2020.pdf,18,SRC071,statute_to_curated_topic,candidate
courts-sc-sc_appeal_118_2014.pdf,05,SRC030,statute_to_curated_topic,candidate
courts-sc-sc_appeal_118_2014.pdf,09,SRC030,statute_to_curated_topic,candidate
courts-sc-sc_appeal_118_2014.pdf,17,SRC030,statute_to_curated_topic,candidate
courts-sc-sc_appeal_118_2016.pdf,01,SRC001,statute_to_curated_topic,candidate
courts-sc-sc_appeal_118_2016.pdf,05,SRC001,statute_to_curated_topic,candidate
courts-sc-sc_appeal_118_2016.pdf,05,SRC030,statute_to_curated_topic,candidate
courts-sc-sc_appeal_118_2016.pdf,06,SRC001,statute_to_curated_topic,candidate
courts-sc-sc_appeal_118_2016.pdf,09,SRC030,statute_to_curated_topic,candidate
courts-sc-sc_appeal_118_2016.pdf,17,SRC001,statute_to_curated_topic,candidate
courts-sc-sc_appeal_118_2016.pdf,17,SRC030,statute_to_curated_topic,candidate
courts-sc-sc_appeal_119_2014.pdf,11,SRC049,statute_to_curated_topic,candidate
courts-sc-sc_appeal_119_2014.pdf,20,SRC049,statute_to_curated_topic,candidate
courts-sc-sc_appeal_119_2015.pdf,05,SRC030,statute_to_curated_topic,candidate
courts-sc-sc_appeal_119_2015.pdf,09,SRC030,statute_to_curated_topic,candidate
courts-sc-sc_appeal_119_2015.pdf,17,SRC030,statute_to_curated_topic,candidate
courts-sc-sc_appeal_119_2017_120_2017.pdf,05,SRC030,statute_to_curated_topic,candidate
courts-sc-sc_appeal_119_2017_120_2017.pdf,09,SRC030,statute_to_curated_topic,candidate
courts-sc-sc_appeal_119_2017_120_2017.pdf,17,SRC030,statute_to_curated_topic,candidate
courts-sc-sc_appeal_11_2013.pdf,05,SRC027,statute_to_curated_topic,candidate
courts-sc-sc_appeal_11_2013.pdf,05,SRC030,statute_to_curated_topic,candidate
courts-sc-sc_appeal_11_2013.pdf,09,SRC030,statute_to_curated_topic,candidate
courts-sc-sc_appeal_11_2013.pdf,17,SRC027,statute_to_curated_topic,candidate
courts-sc-sc_appeal_11_2013.pdf,17,SRC030,statute_to_curated_topic,candidate
courts-sc-sc_appeal_11_2014.pdf,05,SRC030,statute_to_curated_topic,candidate
courts-sc-sc_appeal_11_2014.pdf,09,SRC030,statute_to_curated_topic,candidate
courts-sc-sc_appeal_11_2014.pdf,17,SRC030,statute_to_curated_topic,candidate
courts-sc-sc_appeal_11_2021.pdf,02,SRC006,statute_to_curated_topic,candidate
courts-sc-sc_appeal_11_2021.pdf,05,SRC030,statute_to_curated_topic,candidate
courts-sc-sc_appeal_11_2021.pdf,09,SRC030,statute_to_curated_topic,candidate
courts-sc-sc_appeal_11_2021.pdf,09,SRC044,statute_to_curated_topic,candidate
courts-sc-sc_appeal_11_2021.pdf,16,SRC076,statute_to_curated_topic,candidate
courts-sc-sc_appeal_11_2021.pdf,17,SRC030,statute_to_curated_topic,candidate
courts-sc-sc_appeal_11_2021.pdf,17,SRC064,statute_to_curated_topic,candidate
courts-sc-sc_appeal_11_2021.pdf,17,SRC074,statute_to_curated_topic,candidate
courts-sc-sc_appeal_11_2021.pdf,17,SRC080,statute_to_curated_topic,candidate
courts-sc-sc_appeal_11_2021.pdf,18,SRC074,statute_to_curated_topic,candidate
courts-sc-sc_appeal_11_2021.pdf,18,SRC076,statute_to_curated_topic,candidate
courts-sc-sc_appeal_11_2021.pdf,18,SRC080,statute_to_curated_topic,candidate
courts-sc-sc_appeal_120_2012.pdf,09,SRC071,statute_to_curated_topic,candidate
courts-sc-sc_appeal_120_2012.pdf,18,SRC071,statute_to_curated_topic,candidate
courts-sc-sc_appeal_120_2013.pdf,05,SRC029,statute_to_curated_topic,candidate
courts-sc-sc_appeal_120_2013.pdf,05,SRC030,statute_to_curated_topic,candidate
courts-sc-sc_appeal_120_2013.pdf,09,SRC030,statute_to_curated_topic,candidate
courts-sc-sc_appeal_120_2013.pdf,17,SRC030,statute_to_curated_topic,candidate
courts-sc-sc_appeal_120_2014.pdf,09,SRC071,statute_to_curated_topic,candidate
courts-sc-sc_appeal_120_2014.pdf,18,SRC071,statute_to_curated_topic,candidate
courts-sc-sc_appeal_121_2011.pdf,05,SRC029,statute_to_curated_topic,candidate
courts-sc-sc_appeal_121_2019-1.pdf,05,SRC030,statute_to_curated_topic,candidate
courts-sc-sc_appeal_121_2019-1.pdf,09,SRC030,statute_to_curated_topic,candidate
courts-sc-sc_appeal_121_2019-1.pdf,17,SRC030,statute_to_curated_topic,candidate
courts-sc-sc_appeal_121_2021.pdf,05,SRC030,statute_to_curated_topic,candidate
courts-sc-sc_appeal_121_2021.pdf,09,SRC030,statute_to_curated_topic,candidate
courts-sc-sc_appeal_121_2021.pdf,17,SRC030,statute_to_curated_topic,candidate
courts-sc-sc_appeal_122_2011.pdf,05,SRC030,statute_to_curated_topic,candidate
courts-sc-sc_appeal_122_2011.pdf,09,SRC030,statute_to_curated_topic,candidate
courts-sc-sc_appeal_122_2011.pdf,17,SRC030,statute_to_curated_topic,candidate
courts-sc-sc_appeal_122_2013.pdf,01,SRC001,statute_to_curated_topic,candidate
courts-sc-sc_appeal_122_2013.pdf,05,SRC001,statute_to_curated_topic,candidate
courts-sc-sc_appeal_122_2013.pdf,05,SRC014,statute_to_curated_topic,candidate
courts-sc-sc_appeal_122_2013.pdf,06,SRC001,statute_to_curated_topic,candidate
courts-sc-sc_appeal_122_2013.pdf,06,SRC014,statute_to_curated_topic,candidate
courts-sc-sc_appeal_122_2013.pdf,08,SRC014,statute_to_curated_topic,candidate
courts-sc-sc_appeal_122_2013.pdf,17,SRC001,statute_to_curated_topic,candidate
courts-sc-sc_appeal_122_2013.pdf,17,SRC014,statute_to_curated_topic,candidate
courts-sc-sc_appeal_122_2013.pdf,20,SRC014,statute_to_curated_topic,candidate
courts-sc-sc_appeal_122_2017.pdf,05,SRC029,statute_to_curated_topic,candidate
courts-sc-sc_appeal_122_2017.pdf,05,SRC030,statute_to_curated_topic,candidate
courts-sc-sc_appeal_122_2017.pdf,09,SRC030,statute_to_curated_topic,candidate
courts-sc-sc_appeal_122_2017.pdf,17,SRC030,statute_to_curated_topic,candidate
courts-sc-sc_appeal_122_2025.pdf,04,SRC012,statute_to_curated_topic,candidate
courts-sc-sc_appeal_122_2025.pdf,05,SRC030,statute_to_curated_topic,candidate
courts-sc-sc_appeal_122_2025.pdf,07,SRC012,statute_to_curated_topic,candidate
courts-sc-sc_appeal_122_2025.pdf,09,SRC030,statute_to_curated_topic,candidate
courts-sc-sc_appeal_122_2025.pdf,17,SRC012,statute_to_curated_topic,candidate
courts-sc-sc_appeal_122_2025.pdf,17,SRC030,statute_to_curated_topic,candidate
courts-sc-sc_appeal_122_2025.pdf,17,SRC064,statute_to_curated_topic,candidate
courts-sc-sc_appeal_122_2025.pdf,20,SRC012,statute_to_curated_topic,candidate
courts-sc-sc_appeal_123_2013.pdf,05,SRC027,statute_to_curated_topic,candidate
courts-sc-sc_appeal_123_2013.pdf,17,SRC027,statute_to_curated_topic,candidate
courts-sc-sc_appeal_123_2015.pdf,05,SRC027,statute_to_curated_topic,candidate
courts-sc-sc_appeal_123_2015.pdf,17,SRC027,statute_to_curated_topic,candidate
courts-sc-sc_appeal_124_2011.pdf,12,SRC054,statute_to_curated_topic,candidate
courts-sc-sc_appeal_124_2012.pdf,05,SRC027,statute_to_curated_topic,candidate
courts-sc-sc_appeal_124_2012.pdf,17,SRC027,statute_to_curated_topic,candidate
courts-sc-sc_appeal_124_2014.pdf,05,SRC030,statute_to_curated_topic,candidate
courts-sc-sc_appeal_124_2014.pdf,09,SRC030,statute_to_curated_topic,candidate
courts-sc-sc_appeal_124_2014.pdf,17,SRC030,statute_to_curated_topic,candidate
courts-sc-sc_appeal_124_2015.pdf,05,SRC027,statute_to_curated_topic,candidate
courts-sc-sc_appeal_124_2015.pdf,17,SRC027,statute_to_curated_topic,candidate
courts-sc-sc_appeal_124_2022.pdf,16,SRC062,statute_to_curated_topic,candidate
courts-sc-sc_appeal_125_2010.pdf,01,SRC001,statute_to_curated_topic,candidate
courts-sc-sc_appeal_125_2010.pdf,05,SRC001,statute_to_curated_topic,candidate
courts-sc-sc_appeal_125_2010.pdf,06,SRC001,statute_to_curated_topic,candidate
courts-sc-sc_appeal_125_2010.pdf,09,SRC071,statute_to_curated_topic,candidate
courts-sc-sc_appeal_125_2010.pdf,12,SRC050,statute_to_curated_topic,candidate
courts-sc-sc_appeal_125_2010.pdf,12,SRC051,statute_to_curated_topic,candidate
courts-sc-sc_appeal_125_2010.pdf,17,SRC001,statute_to_curated_topic,candidate
courts-sc-sc_appeal_125_2010.pdf,18,SRC071,statute_to_curated_topic,candidate
courts-sc-sc_appeal_125_2010.pdf,20,SRC050,statute_to_curated_topic,candidate
courts-sc-sc_appeal_125_2011.pdf,01,SRC001,statute_to_curated_topic,candidate
courts-sc-sc_appeal_125_2011.pdf,05,SRC001,statute_to_curated_topic,candidate
courts-sc-sc_appeal_125_2011.pdf,05,SRC029,statute_to_curated_topic,candidate
courts-sc-sc_appeal_125_2011.pdf,05,SRC030,statute_to_curated_topic,candidate
courts-sc-sc_appeal_125_2011.pdf,06,SRC001,statute_to_curated_topic,candidate
courts-sc-sc_appeal_125_2011.pdf,09,SRC030,statute_to_curated_topic,candidate
courts-sc-sc_appeal_125_2011.pdf,09,SRC071,statute_to_curated_topic,candidate
courts-sc-sc_appeal_125_2011.pdf,15,SRC059,statute_to_curated_topic,candidate
courts-sc-sc_appeal_125_2011.pdf,17,SRC001,statute_to_curated_topic,candidate
courts-sc-sc_appeal_125_2011.pdf,17,SRC030,statute_to_curated_topic,candidate
courts-sc-sc_appeal_125_2011.pdf,18,SRC071,statute_to_curated_topic,candidate
courts-sc-sc_appeal_125_2012.pdf,05,SRC030,statute_to_curated_topic,candidate
courts-sc-sc_appeal_125_2012.pdf,09,SRC030,statute_to_curated_topic,candidate
courts-sc-sc_appeal_125_2012.pdf,17,SRC030,statute_to_curated_topic,candidate
courts-sc-sc_appeal_125_2015.pdf,05,SRC034,statute_to_curated_topic,candidate
courts-sc-sc_appeal_125_2015.pdf,07,SRC034,statute_to_curated_topic,candidate
courts-sc-sc_appeal_125_2015.pdf,17,SRC034,statute_to_curated_topic,candidate
courts-sc-sc_appeal_125_2015.pdf,20,SRC034,statute_to_curated_topic,candidate
courts-sc-sc_appeal_125_2016.pdf,05,SRC027,statute_to_curated_topic,candidate
courts-sc-sc_appeal_125_2016.pdf,17,SRC027,statute_to_curated_topic,candidate
courts-sc-sc_appeal_125_2018.pdf,05,SRC030,statute_to_curated_topic,candidate
courts-sc-sc_appeal_125_2018.pdf,09,SRC030,statute_to_curated_topic,candidate
courts-sc-sc_appeal_125_2018.pdf,09,SRC071,statute_to_curated_topic,candidate
courts-sc-sc_appeal_125_2018.pdf,17,SRC030,statute_to_curated_topic,candidate
courts-sc-sc_appeal_125_2018.pdf,18,SRC071,statute_to_curated_topic,candidate
courts-sc-sc_appeal_126_2011.pdf,09,SRC071,statute_to_curated_topic,candidate
courts-sc-sc_appeal_126_2011.pdf,18,SRC071,statute_to_curated_topic,candidate
courts-sc-sc_appeal_126_2012.pdf,09,SRC044,statute_to_curated_topic,candidate
courts-sc-sc_appeal_126_2012.pdf,17,SRC074,statute_to_curated_topic,candidate
courts-sc-sc_appeal_126_2012.pdf,17,SRC080,statute_to_curated_topic,candidate
courts-sc-sc_appeal_126_2012.pdf,18,SRC074,statute_to_curated_topic,candidate
courts-sc-sc_appeal_126_2012.pdf,18,SRC080,statute_to_curated_topic,candidate
courts-sc-sc_appeal_126_2015.pdf,05,SRC029,statute_to_curated_topic,candidate
courts-sc-sc_appeal_126_2015.pdf,09,SRC071,statute_to_curated_topic,candidate
courts-sc-sc_appeal_126_2015.pdf,15,SRC059,statute_to_curated_topic,candidate
courts-sc-sc_appeal_126_2015.pdf,18,SRC071,statute_to_curated_topic,candidate
courts-sc-sc_appeal_127_2012.pdf,05,SRC029,statute_to_curated_topic,candidate
courts-sc-sc_appeal_127_2012.pdf,05,SRC030,statute_to_curated_topic,candidate
courts-sc-sc_appeal_127_2012.pdf,09,SRC030,statute_to_curated_topic,candidate
courts-sc-sc_appeal_127_2012.pdf,09,SRC037,statute_to_curated_topic,candidate
courts-sc-sc_appeal_127_2012.pdf,17,SRC030,statute_to_curated_topic,candidate
courts-sc-sc_appeal_127_2012.pdf,17,SRC037,statute_to_curated_topic,candidate
courts-sc-sc_appeal_127_2013.pdf,05,SRC027,statute_to_curated_topic,candidate
courts-sc-sc_appeal_127_2013.pdf,17,SRC027,statute_to_curated_topic,candidate
courts-sc-sc_appeal_127_2014.pdf,17,SRC080,statute_to_curated_topic,candidate
courts-sc-sc_appeal_127_2014.pdf,18,SRC080,statute_to_curated_topic,candidate
courts-sc-sc_appeal_128_2012-1.pdf,05,SRC027,statute_to_curated_topic,candidate
courts-sc-sc_appeal_128_2012-1.pdf,17,SRC027,statute_to_curated_topic,candidate
courts-sc-sc_appeal_128_2016.pdf,05,SRC027,statute_to_curated_topic,candidate
courts-sc-sc_appeal_128_2016.pdf,17,SRC027,statute_to_curated_topic,candidate
courts-sc-sc_appeal_128_2019.pdf,09,SRC071,statute_to_curated_topic,candidate
courts-sc-sc_appeal_128_2019.pdf,18,SRC071,statute_to_curated_topic,candidate
courts-sc-sc_appeal_129_2014.pdf,05,SRC030,statute_to_curated_topic,candidate
courts-sc-sc_appeal_129_2014.pdf,09,SRC030,statute_to_curated_topic,candidate
courts-sc-sc_appeal_129_2014.pdf,09,SRC071,statute_to_curated_topic,candidate
courts-sc-sc_appeal_129_2014.pdf,17,SRC030,statute_to_curated_topic,candidate
courts-sc-sc_appeal_129_2014.pdf,18,SRC071,statute_to_curated_topic,candidate
courts-sc-sc_appeal_12_2006.pdf,05,SRC029,statute_to_curated_topic,candidate
courts-sc-sc_appeal_12_2006.pdf,12,SRC051,statute_to_curated_topic,candidate
courts-sc-sc_appeal_12_2012.pdf,15,SRC059,statute_to_curated_topic,candidate
courts-sc-sc_appeal_12_2019.pdf,05,SRC031,statute_to_curated_topic,candidate
courts-sc-sc_appeal_12_2019.pdf,09,SRC031,statute_to_curated_topic,candidate
courts-sc-sc_appeal_12_2019.pdf,09,SRC043,statute_to_curated_topic,candidate
courts-sc-sc_appeal_131_2011.pdf,09,SRC071,statute_to_curated_topic,candidate
courts-sc-sc_appeal_131_2011.pdf,18,SRC071,statute_to_curated_topic,candidate
courts-sc-sc_appeal_132_2009.pdf,05,SRC030,statute_to_curated_topic,candidate
courts-sc-sc_appeal_132_2009.pdf,09,SRC030,statute_to_curated_topic,candidate
courts-sc-sc_appeal_132_2009.pdf,09,SRC071,statute_to_curated_topic,candidate
courts-sc-sc_appeal_132_2009.pdf,17,SRC030,statute_to_curated_topic,candidate
courts-sc-sc_appeal_132_2009.pdf,18,SRC071,statute_to_curated_topic,candidate
courts-sc-sc_appeal_132_2014.pdf,05,SRC027,statute_to_curated_topic,candidate
courts-sc-sc_appeal_132_2014.pdf,17,SRC027,statute_to_curated_topic,candidate
courts-sc-sc_appeal_132_2018.pdf,09,SRC071,statute_to_curated_topic,candidate
courts-sc-sc_appeal_132_2018.pdf,12,SRC050,statute_to_curated_topic,candidate
courts-sc-sc_appeal_132_2018.pdf,18,SRC071,statute_to_curated_topic,candidate
courts-sc-sc_appeal_132_2018.pdf,20,SRC050,statute_to_curated_topic,candidate
courts-sc-sc_appeal_133_2013.pdf,05,SRC030,statute_to_curated_topic,candidate
courts-sc-sc_appeal_133_2013.pdf,09,SRC030,statute_to_curated_topic,candidate
courts-sc-sc_appeal_133_2013.pdf,12,SRC050,statute_to_curated_topic,candidate
courts-sc-sc_appeal_133_2013.pdf,17,SRC030,statute_to_curated_topic,candidate
courts-sc-sc_appeal_133_2013.pdf,20,SRC050,statute_to_curated_topic,candidate
courts-sc-sc_appeal_133_2019.pdf,05,SRC029,statute_to_curated_topic,candidate
courts-sc-sc_appeal_133_2019.pdf,05,SRC030,statute_to_curated_topic,candidate
courts-sc-sc_appeal_133_2019.pdf,09,SRC030,statute_to_curated_topic,candidate
courts-sc-sc_appeal_133_2019.pdf,09,SRC071,statute_to_curated_topic,candidate
courts-sc-sc_appeal_133_2019.pdf,17,SRC030,statute_to_curated_topic,candidate
courts-sc-sc_appeal_133_2019.pdf,18,SRC071,statute_to_curated_topic,candidate
courts-sc-sc_appeal_134_2012.pdf,05,SRC027,statute_to_curated_topic,candidate
courts-sc-sc_appeal_134_2012.pdf,05,SRC029,statute_to_curated_topic,candidate
courts-sc-sc_appeal_134_2012.pdf,17,SRC027,statute_to_curated_topic,candidate
courts-sc-sc_appeal_134_2013.pdf,02,SRC005,statute_to_curated_topic,candidate
courts-sc-sc_appeal_134_2013.pdf,05,SRC005,statute_to_curated_topic,candidate
courts-sc-sc_appeal_134_2013.pdf,05,SRC027,statute_to_curated_topic,candidate
courts-sc-sc_appeal_134_2013.pdf,06,SRC005,statute_to_curated_topic,candidate
courts-sc-sc_appeal_134_2013.pdf,17,SRC005,statute_to_curated_topic,candidate
courts-sc-sc_appeal_134_2013.pdf,17,SRC027,statute_to_curated_topic,candidate
courts-sc-sc_appeal_134_2014.pdf,01,SRC001,statute_to_curated_topic,candidate
courts-sc-sc_appeal_134_2014.pdf,05,SRC001,statute_to_curated_topic,candidate
courts-sc-sc_appeal_134_2014.pdf,05,SRC029,statute_to_curated_topic,candidate
courts-sc-sc_appeal_134_2014.pdf,06,SRC001,statute_to_curated_topic,candidate
courts-sc-sc_appeal_134_2014.pdf,17,SRC001,statute_to_curated_topic,candidate
courts-sc-sc_appeal_134_2016.pdf,05,SRC027,statute_to_curated_topic,candidate
courts-sc-sc_appeal_134_2016.pdf,17,SRC027,statute_to_curated_topic,candidate
courts-sc-sc_appeal_135_2015.pdf,12,SRC051,statute_to_curated_topic,candidate
courts-sc-sc_appeal_135_2016.pdf,01,SRC001,statute_to_curated_topic,candidate
courts-sc-sc_appeal_135_2016.pdf,05,SRC001,statute_to_curated_topic,candidate
courts-sc-sc_appeal_135_2016.pdf,05,SRC029,statute_to_curated_topic,candidate
courts-sc-sc_appeal_135_2016.pdf,05,SRC030,statute_to_curated_topic,candidate
courts-sc-sc_appeal_135_2016.pdf,06,SRC001,statute_to_curated_topic,candidate
courts-sc-sc_appeal_135_2016.pdf,09,SRC030,statute_to_curated_topic,candidate
courts-sc-sc_appeal_135_2016.pdf,17,SRC001,statute_to_curated_topic,candidate
courts-sc-sc_appeal_135_2016.pdf,17,SRC030,statute_to_curated_topic,candidate
courts-sc-sc_appeal_135_2019_with_149_2019.pdf,05,SRC029,statute_to_curated_topic,candidate
courts-sc-sc_appeal_135_2019_with_149_2019.pdf,05,SRC030,statute_to_curated_topic,candidate
courts-sc-sc_appeal_135_2019_with_149_2019.pdf,09,SRC030,statute_to_curated_topic,candidate
courts-sc-sc_appeal_135_2019_with_149_2019.pdf,17,SRC030,statute_to_curated_topic,candidate
courts-sc-sc_appeal_135_2023.pdf,09,SRC071,statute_to_curated_topic,candidate
courts-sc-sc_appeal_135_2023.pdf,18,SRC071,statute_to_curated_topic,candidate
courts-sc-sc_appeal_137_2019.pdf,01,SRC004,statute_to_curated_topic,candidate
courts-sc-sc_appeal_137_2019.pdf,05,SRC004,statute_to_curated_topic,candidate
courts-sc-sc_appeal_137_2019.pdf,05,SRC024,statute_to_curated_topic,candidate
courts-sc-sc_appeal_137_2019.pdf,05,SRC030,statute_to_curated_topic,candidate
courts-sc-sc_appeal_137_2019.pdf,09,SRC004,statute_to_curated_topic,candidate
courts-sc-sc_appeal_137_2019.pdf,09,SRC030,statute_to_curated_topic,candidate
courts-sc-sc_appeal_137_2019.pdf,14,SRC024,statute_to_curated_topic,candidate
courts-sc-sc_appeal_137_2019.pdf,17,SRC024,statute_to_curated_topic,candidate
courts-sc-sc_appeal_137_2019.pdf,17,SRC030,statute_to_curated_topic,candidate
courts-sc-sc_appeal_138_2009.pdf,01,SRC001,statute_to_curated_topic,candidate
courts-sc-sc_appeal_138_2009.pdf,05,SRC001,statute_to_curated_topic,candidate
courts-sc-sc_appeal_138_2009.pdf,05,SRC029,statute_to_curated_topic,candidate
courts-sc-sc_appeal_138_2009.pdf,05,SRC030,statute_to_curated_topic,candidate
courts-sc-sc_appeal_138_2009.pdf,06,SRC001,statute_to_curated_topic,candidate
courts-sc-sc_appeal_138_2009.pdf,09,SRC030,statute_to_curated_topic,candidate
courts-sc-sc_appeal_138_2009.pdf,17,SRC001,statute_to_curated_topic,candidate
courts-sc-sc_appeal_138_2009.pdf,17,SRC030,statute_to_curated_topic,candidate
courts-sc-sc_appeal_138_2011.pdf,05,SRC030,statute_to_curated_topic,candidate
courts-sc-sc_appeal_138_2011.pdf,05,SRC031,statute_to_curated_topic,candidate
courts-sc-sc_appeal_138_2011.pdf,09,SRC030,statute_to_curated_topic,candidate
courts-sc-sc_appeal_138_2011.pdf,09,SRC031,statute_to_curated_topic,candidate
courts-sc-sc_appeal_138_2011.pdf,17,SRC030,statute_to_curated_topic,candidate
courts-sc-sc_appeal_138_2012.pdf,09,SRC071,statute_to_curated_topic,candidate
courts-sc-sc_appeal_138_2012.pdf,18,SRC071,statute_to_curated_topic,candidate
courts-sc-sc_appeal_138_2016.pdf,05,SRC029,statute_to_curated_topic,candidate
courts-sc-sc_appeal_138_2016.pdf,05,SRC030,statute_to_curated_topic,candidate
courts-sc-sc_appeal_138_2016.pdf,09,SRC030,statute_to_curated_topic,candidate
courts-sc-sc_appeal_138_2016.pdf,17,SRC030,statute_to_curated_topic,candidate
courts-sc-sc_appeal_139_2013.pdf,05,SRC033,statute_to_curated_topic,candidate
courts-sc-sc_appeal_139_2013.pdf,12,SRC033,statute_to_curated_topic,candidate
courts-sc-sc_appeal_139_2013.pdf,20,SRC033,statute_to_curated_topic,candidate
courts-sc-sc_appeal_13_2014.pdf,05,SRC029,statute_to_curated_topic,candidate
courts-sc-sc_appeal_13_2014.pdf,05,SRC030,statute_to_curated_topic,candidate
courts-sc-sc_appeal_13_2014.pdf,09,SRC030,statute_to_curated_topic,candidate
courts-sc-sc_appeal_13_2014.pdf,17,SRC030,statute_to_curated_topic,candidate
courts-sc-sc_appeal_13_2018.pdf,05,SRC030,statute_to_curated_topic,candidate
courts-sc-sc_appeal_13_2018.pdf,09,SRC030,statute_to_curated_topic,candidate
courts-sc-sc_appeal_13_2018.pdf,17,SRC030,statute_to_curated_topic,candidate
courts-sc-sc_appeal_13_2020.pdf,01,SRC001,statute_to_curated_topic,candidate
courts-sc-sc_appeal_13_2020.pdf,05,SRC001,statute_to_curated_topic,candidate
courts-sc-sc_appeal_13_2020.pdf,05,SRC014,statute_to_curated_topic,candidate
courts-sc-sc_appeal_13_2020.pdf,05,SRC015,statute_to_curated_topic,candidate
courts-sc-sc_appeal_13_2020.pdf,05,SRC027,statute_to_curated_topic,candidate
courts-sc-sc_appeal_13_2020.pdf,05,SRC029,statute_to_curated_topic,candidate
courts-sc-sc_appeal_13_2020.pdf,06,SRC001,statute_to_curated_topic,candidate
courts-sc-sc_appeal_13_2020.pdf,06,SRC014,statute_to_curated_topic,candidate
courts-sc-sc_appeal_13_2020.pdf,08,SRC014,statute_to_curated_topic,candidate
courts-sc-sc_appeal_13_2020.pdf,08,SRC015,statute_to_curated_topic,candidate
courts-sc-sc_appeal_13_2020.pdf,17,SRC001,statute_to_curated_topic,candidate
courts-sc-sc_appeal_13_2020.pdf,17,SRC014,statute_to_curated_topic,candidate
courts-sc-sc_appeal_13_2020.pdf,17,SRC027,statute_to_curated_topic,candidate
courts-sc-sc_appeal_13_2020.pdf,20,SRC014,statute_to_curated_topic,candidate
courts-sc-sc_appeal_13_2020.pdf,20,SRC015,statute_to_curated_topic,candidate
courts-sc-sc_appeal_13_2024_ed2.pdf,01,SRC001,statute_to_curated_topic,candidate
courts-sc-sc_appeal_13_2024_ed2.pdf,05,SRC001,statute_to_curated_topic,candidate
courts-sc-sc_appeal_13_2024_ed2.pdf,05,SRC027,statute_to_curated_topic,candidate
courts-sc-sc_appeal_13_2024_ed2.pdf,05,SRC029,statute_to_curated_topic,candidate
courts-sc-sc_appeal_13_2024_ed2.pdf,05,SRC030,statute_to_curated_topic,candidate
courts-sc-sc_appeal_13_2024_ed2.pdf,06,SRC001,statute_to_curated_topic,candidate
courts-sc-sc_appeal_13_2024_ed2.pdf,09,SRC030,statute_to_curated_topic,candidate
courts-sc-sc_appeal_13_2024_ed2.pdf,09,SRC071,statute_to_curated_topic,candidate
courts-sc-sc_appeal_13_2024_ed2.pdf,17,SRC001,statute_to_curated_topic,candidate
courts-sc-sc_appeal_13_2024_ed2.pdf,17,SRC027,statute_to_curated_topic,candidate
courts-sc-sc_appeal_13_2024_ed2.pdf,17,SRC030,statute_to_curated_topic,candidate
courts-sc-sc_appeal_13_2024_ed2.pdf,18,SRC071,statute_to_curated_topic,candidate
courts-sc-sc_appeal_140_2011.pdf,05,SRC030,statute_to_curated_topic,candidate
courts-sc-sc_appeal_140_2011.pdf,09,SRC030,statute_to_curated_topic,candidate
courts-sc-sc_appeal_140_2011.pdf,17,SRC030,statute_to_curated_topic,candidate
courts-sc-sc_appeal_140_2017.pdf,09,SRC037,statute_to_curated_topic,candidate
courts-sc-sc_appeal_140_2017.pdf,17,SRC037,statute_to_curated_topic,candidate
courts-sc-sc_appeal_140_2019.pdf,05,SRC030,statute_to_curated_topic,candidate
courts-sc-sc_appeal_140_2019.pdf,09,SRC030,statute_to_curated_topic,candidate
courts-sc-sc_appeal_140_2019.pdf,12,SRC050,statute_to_curated_topic,candidate
courts-sc-sc_appeal_140_2019.pdf,15,SRC059,statute_to_curated_topic,candidate
courts-sc-sc_appeal_140_2019.pdf,17,SRC030,statute_to_curated_topic,candidate
courts-sc-sc_appeal_140_2019.pdf,20,SRC050,statute_to_curated_topic,candidate
courts-sc-sc_appeal_141_2012.pdf,12,SRC054,statute_to_curated_topic,candidate
courts-sc-sc_appeal_142_2018.pdf,05,SRC030,statute_to_curated_topic,candidate
courts-sc-sc_appeal_142_2018.pdf,09,SRC030,statute_to_curated_topic,candidate
courts-sc-sc_appeal_142_2018.pdf,17,SRC030,statute_to_curated_topic,candidate
courts-sc-sc_appeal_143_2016.pdf,12,SRC050,statute_to_curated_topic,candidate
courts-sc-sc_appeal_143_2016.pdf,12,SRC056,statute_to_curated_topic,candidate
courts-sc-sc_appeal_143_2016.pdf,20,SRC050,statute_to_curated_topic,candidate
courts-sc-sc_appeal_144_2011.pdf,05,SRC029,statute_to_curated_topic,candidate
courts-sc-sc_appeal_144_2011.pdf,15,SRC059,statute_to_curated_topic,candidate
courts-sc-sc_appeal_144_2012.pdf,09,SRC071,statute_to_curated_topic,candidate
courts-sc-sc_appeal_144_2012.pdf,18,SRC071,statute_to_curated_topic,candidate
courts-sc-sc_appeal_144_2015.pdf,05,SRC027,statute_to_curated_topic,candidate
courts-sc-sc_appeal_144_2015.pdf,05,SRC030,statute_to_curated_topic,candidate
courts-sc-sc_appeal_144_2015.pdf,09,SRC030,statute_to_curated_topic,candidate
courts-sc-sc_appeal_144_2015.pdf,09,SRC071,statute_to_curated_topic,candidate
courts-sc-sc_appeal_144_2015.pdf,17,SRC027,statute_to_curated_topic,candidate
courts-sc-sc_appeal_144_2015.pdf,17,SRC030,statute_to_curated_topic,candidate
courts-sc-sc_appeal_144_2015.pdf,18,SRC071,statute_to_curated_topic,candidate
courts-sc-sc_appeal_144_2016.pdf,04,SRC012,statute_to_curated_topic,candidate
courts-sc-sc_appeal_144_2016.pdf,05,SRC029,statute_to_curated_topic,candidate
courts-sc-sc_appeal_144_2016.pdf,05,SRC030,statute_to_curated_topic,candidate
courts-sc-sc_appeal_144_2016.pdf,07,SRC012,statute_to_curated_topic,candidate
courts-sc-sc_appeal_144_2016.pdf,09,SRC030,statute_to_curated_topic,candidate
courts-sc-sc_appeal_144_2016.pdf,09,SRC071,statute_to_curated_topic,candidate
courts-sc-sc_appeal_144_2016.pdf,17,SRC012,statute_to_curated_topic,candidate
courts-sc-sc_appeal_144_2016.pdf,17,SRC030,statute_to_curated_topic,candidate
courts-sc-sc_appeal_144_2016.pdf,18,SRC071,statute_to_curated_topic,candidate
courts-sc-sc_appeal_144_2016.pdf,20,SRC012,statute_to_curated_topic,candidate
courts-sc-sc_appeal_145_2010.pdf,05,SRC029,statute_to_curated_topic,candidate
courts-sc-sc_appeal_145_2012.pdf,05,SRC029,statute_to_curated_topic,candidate
courts-sc-sc_appeal_146_2010.pdf,05,SRC030,statute_to_curated_topic,candidate
courts-sc-sc_appeal_146_2010.pdf,09,SRC030,statute_to_curated_topic,candidate
courts-sc-sc_appeal_146_2010.pdf,17,SRC030,statute_to_curated_topic,candidate
courts-sc-sc_appeal_147_2014.pdf,05,SRC029,statute_to_curated_topic,candidate
courts-sc-sc_appeal_147_2014.pdf,05,SRC030,statute_to_curated_topic,candidate
courts-sc-sc_appeal_147_2014.pdf,09,SRC030,statute_to_curated_topic,candidate
courts-sc-sc_appeal_147_2014.pdf,17,SRC030,statute_to_curated_topic,candidate
courts-sc-sc_appeal_147_2017.pdf,05,SRC031,statute_to_curated_topic,candidate
courts-sc-sc_appeal_147_2017.pdf,09,SRC031,statute_to_curated_topic,candidate
courts-sc-sc_appeal_148_2018.pdf,05,SRC030,statute_to_curated_topic,candidate
courts-sc-sc_appeal_148_2018.pdf,09,SRC030,statute_to_curated_topic,candidate
courts-sc-sc_appeal_148_2018.pdf,15,SRC059,statute_to_curated_topic,candidate
courts-sc-sc_appeal_148_2018.pdf,17,SRC030,statute_to_curated_topic,candidate
courts-sc-sc_appeal_148_2019.pdf,02,SRC006,statute_to_curated_topic,candidate
courts-sc-sc_appeal_148_2019.pdf,05,SRC029,statute_to_curated_topic,candidate
courts-sc-sc_appeal_148_2019.pdf,05,SRC030,statute_to_curated_topic,candidate
courts-sc-sc_appeal_148_2019.pdf,05,SRC031,statute_to_curated_topic,candidate
courts-sc-sc_appeal_148_2019.pdf,09,SRC030,statute_to_curated_topic,candidate
courts-sc-sc_appeal_148_2019.pdf,09,SRC031,statute_to_curated_topic,candidate
courts-sc-sc_appeal_148_2019.pdf,17,SRC030,statute_to_curated_topic,candidate
courts-sc-sc_appeal_148_2023.pdf,05,SRC027,statute_to_curated_topic,candidate
courts-sc-sc_appeal_148_2023.pdf,05,SRC030,statute_to_curated_topic,candidate
courts-sc-sc_appeal_148_2023.pdf,09,SRC030,statute_to_curated_topic,candidate
courts-sc-sc_appeal_148_2023.pdf,17,SRC027,statute_to_curated_topic,candidate
courts-sc-sc_appeal_148_2023.pdf,17,SRC030,statute_to_curated_topic,candidate
courts-sc-sc_appeal_149_2014.pdf,01,SRC004,statute_to_curated_topic,candidate
courts-sc-sc_appeal_149_2014.pdf,05,SRC004,statute_to_curated_topic,candidate
courts-sc-sc_appeal_149_2014.pdf,09,SRC004,statute_to_curated_topic,candidate
courts-sc-sc_appeal_149_2014.pdf,15,SRC059,statute_to_curated_topic,candidate
courts-sc-sc_appeal_14_2012.pdf,01,SRC001,statute_to_curated_topic,candidate
courts-sc-sc_appeal_14_2012.pdf,05,SRC001,statute_to_curated_topic,candidate
courts-sc-sc_appeal_14_2012.pdf,05,SRC027,statute_to_curated_topic,candidate
courts-sc-sc_appeal_14_2012.pdf,05,SRC028,statute_to_curated_topic,candidate
courts-sc-sc_appeal_14_2012.pdf,05,SRC030,statute_to_curated_topic,candidate
courts-sc-sc_appeal_14_2012.pdf,06,SRC001,statute_to_curated_topic,candidate
courts-sc-sc_appeal_14_2012.pdf,09,SRC030,statute_to_curated_topic,candidate
courts-sc-sc_appeal_14_2012.pdf,17,SRC001,statute_to_curated_topic,candidate
courts-sc-sc_appeal_14_2012.pdf,17,SRC027,statute_to_curated_topic,candidate
courts-sc-sc_appeal_14_2012.pdf,17,SRC028,statute_to_curated_topic,candidate
courts-sc-sc_appeal_14_2012.pdf,17,SRC030,statute_to_curated_topic,candidate
courts-sc-sc_appeal_14_2020.pdf,05,SRC030,statute_to_curated_topic,candidate
courts-sc-sc_appeal_14_2020.pdf,09,SRC030,statute_to_curated_topic,candidate
courts-sc-sc_appeal_14_2020.pdf,09,SRC071,statute_to_curated_topic,candidate
courts-sc-sc_appeal_14_2020.pdf,17,SRC030,statute_to_curated_topic,candidate
courts-sc-sc_appeal_14_2020.pdf,18,SRC071,statute_to_curated_topic,candidate
courts-sc-sc_appeal_150_2010.pdf,05,SRC031,statute_to_curated_topic,candidate
courts-sc-sc_appeal_150_2010.pdf,09,SRC031,statute_to_curated_topic,candidate
courts-sc-sc_appeal_150_2010.pdf,17,SRC064,statute_to_curated_topic,candidate
courts-sc-sc_appeal_150_2015.pdf,05,SRC027,statute_to_curated_topic,candidate
courts-sc-sc_appeal_150_2015.pdf,17,SRC027,statute_to_curated_topic,candidate
courts-sc-sc_appeal_150_2016.pdf,05,SRC029,statute_to_curated_topic,candidate
courts-sc-sc_appeal_150_2016.pdf,05,SRC030,statute_to_curated_topic,candidate
courts-sc-sc_appeal_150_2016.pdf,09,SRC030,statute_to_curated_topic,candidate
courts-sc-sc_appeal_150_2016.pdf,17,SRC030,statute_to_curated_topic,candidate
courts-sc-sc_appeal_151_2011.pdf,05,SRC029,statute_to_curated_topic,candidate
courts-sc-sc_appeal_151_2011.pdf,05,SRC030,statute_to_curated_topic,candidate
courts-sc-sc_appeal_151_2011.pdf,09,SRC030,statute_to_curated_topic,candidate
courts-sc-sc_appeal_151_2011.pdf,12,SRC050,statute_to_curated_topic,candidate
courts-sc-sc_appeal_151_2011.pdf,17,SRC030,statute_to_curated_topic,candidate
courts-sc-sc_appeal_151_2011.pdf,20,SRC050,statute_to_curated_topic,candidate
courts-sc-sc_appeal_151_2012.pdf,01,SRC001,statute_to_curated_topic,candidate
courts-sc-sc_appeal_151_2012.pdf,05,SRC001,statute_to_curated_topic,candidate
courts-sc-sc_appeal_151_2012.pdf,05,SRC029,statute_to_curated_topic,candidate
courts-sc-sc_appeal_151_2012.pdf,05,SRC030,statute_to_curated_topic,candidate
courts-sc-sc_appeal_151_2012.pdf,06,SRC001,statute_to_curated_topic,candidate
courts-sc-sc_appeal_151_2012.pdf,09,SRC030,statute_to_curated_topic,candidate
courts-sc-sc_appeal_151_2012.pdf,17,SRC001,statute_to_curated_topic,candidate
courts-sc-sc_appeal_151_2012.pdf,17,SRC030,statute_to_curated_topic,candidate
courts-sc-sc_appeal_151_2013.pdf,05,SRC030,statute_to_curated_topic,candidate
courts-sc-sc_appeal_151_2013.pdf,09,SRC030,statute_to_curated_topic,candidate
courts-sc-sc_appeal_151_2013.pdf,17,SRC030,statute_to_curated_topic,candidate
courts-sc-sc_appeal_151_2015.pdf,09,SRC071,statute_to_curated_topic,candidate
courts-sc-sc_appeal_151_2015.pdf,18,SRC071,statute_to_curated_topic,candidate
courts-sc-sc_appeal_151_2016.pdf,05,SRC027,statute_to_curated_topic,candidate
courts-sc-sc_appeal_151_2016.pdf,05,SRC030,statute_to_curated_topic,candidate
courts-sc-sc_appeal_151_2016.pdf,09,SRC030,statute_to_curated_topic,candidate
courts-sc-sc_appeal_151_2016.pdf,17,SRC027,statute_to_curated_topic,candidate
courts-sc-sc_appeal_151_2016.pdf,17,SRC030,statute_to_curated_topic,candidate
courts-sc-sc_appeal_151_2023.pdf,09,SRC071,statute_to_curated_topic,candidate
courts-sc-sc_appeal_151_2023.pdf,18,SRC071,statute_to_curated_topic,candidate
courts-sc-sc_appeal_152_2025.pdf,01,SRC001,statute_to_curated_topic,candidate
courts-sc-sc_appeal_152_2025.pdf,05,SRC001,statute_to_curated_topic,candidate
courts-sc-sc_appeal_152_2025.pdf,06,SRC001,statute_to_curated_topic,candidate
courts-sc-sc_appeal_152_2025.pdf,09,SRC037,statute_to_curated_topic,candidate
courts-sc-sc_appeal_152_2025.pdf,09,SRC071,statute_to_curated_topic,candidate
courts-sc-sc_appeal_152_2025.pdf,11,SRC049,statute_to_curated_topic,candidate
courts-sc-sc_appeal_152_2025.pdf,15,SRC059,statute_to_curated_topic,candidate
courts-sc-sc_appeal_152_2025.pdf,17,SRC001,statute_to_curated_topic,candidate
courts-sc-sc_appeal_152_2025.pdf,17,SRC037,statute_to_curated_topic,candidate
courts-sc-sc_appeal_152_2025.pdf,18,SRC071,statute_to_curated_topic,candidate
courts-sc-sc_appeal_152_2025.pdf,20,SRC049,statute_to_curated_topic,candidate
courts-sc-sc_appeal_153_2013.pdf,05,SRC030,statute_to_curated_topic,candidate
courts-sc-sc_appeal_153_2013.pdf,09,SRC030,statute_to_curated_topic,candidate
courts-sc-sc_appeal_153_2013.pdf,17,SRC030,statute_to_curated_topic,candidate
courts-sc-sc_appeal_153_2016.pdf,05,SRC030,statute_to_curated_topic,candidate
courts-sc-sc_appeal_153_2016.pdf,09,SRC030,statute_to_curated_topic,candidate
courts-sc-sc_appeal_153_2016.pdf,17,SRC030,statute_to_curated_topic,candidate
courts-sc-sc_appeal_153_2018.pdf,05,SRC030,statute_to_curated_topic,candidate
courts-sc-sc_appeal_153_2018.pdf,09,SRC030,statute_to_curated_topic,candidate
courts-sc-sc_appeal_153_2018.pdf,17,SRC030,statute_to_curated_topic,candidate
courts-sc-sc_appeal_154_2012.pdf,05,SRC030,statute_to_curated_topic,candidate
courts-sc-sc_appeal_154_2012.pdf,09,SRC030,statute_to_curated_topic,candidate
courts-sc-sc_appeal_154_2012.pdf,17,SRC030,statute_to_curated_topic,candidate
courts-sc-sc_appeal_154_2016.pdf,02,SRC005,statute_to_curated_topic,candidate
courts-sc-sc_appeal_154_2016.pdf,05,SRC005,statute_to_curated_topic,candidate
courts-sc-sc_appeal_154_2016.pdf,05,SRC027,statute_to_curated_topic,candidate
courts-sc-sc_appeal_154_2016.pdf,05,SRC029,statute_to_curated_topic,candidate
courts-sc-sc_appeal_154_2016.pdf,05,SRC030,statute_to_curated_topic,candidate
courts-sc-sc_appeal_154_2016.pdf,06,SRC005,statute_to_curated_topic,candidate
courts-sc-sc_appeal_154_2016.pdf,09,SRC030,statute_to_curated_topic,candidate
courts-sc-sc_appeal_154_2016.pdf,17,SRC005,statute_to_curated_topic,candidate
courts-sc-sc_appeal_154_2016.pdf,17,SRC027,statute_to_curated_topic,candidate
courts-sc-sc_appeal_154_2016.pdf,17,SRC030,statute_to_curated_topic,candidate
courts-sc-sc_appeal_154_2017.pdf,05,SRC027,statute_to_curated_topic,candidate
courts-sc-sc_appeal_154_2017.pdf,17,SRC027,statute_to_curated_topic,candidate
courts-sc-sc_appeal_154_2018-1.pdf,05,SRC027,statute_to_curated_topic,candidate
courts-sc-sc_appeal_154_2018-1.pdf,05,SRC029,statute_to_curated_topic,candidate
courts-sc-sc_appeal_154_2018-1.pdf,17,SRC027,statute_to_curated_topic,candidate
courts-sc-sc_appeal_155_2011.pdf,05,SRC029,statute_to_curated_topic,candidate
courts-sc-sc_appeal_155_2011.pdf,09,SRC071,statute_to_curated_topic,candidate
courts-sc-sc_appeal_155_2011.pdf,18,SRC071,statute_to_curated_topic,candidate
courts-sc-sc_appeal_155_2022.pdf,05,SRC030,statute_to_curated_topic,candidate
courts-sc-sc_appeal_155_2022.pdf,09,SRC030,statute_to_curated_topic,candidate
courts-sc-sc_appeal_155_2022.pdf,09,SRC071,statute_to_curated_topic,candidate
courts-sc-sc_appeal_155_2022.pdf,17,SRC030,statute_to_curated_topic,candidate
courts-sc-sc_appeal_155_2022.pdf,18,SRC071,statute_to_curated_topic,candidate
courts-sc-sc_appeal_156_2010-1.pdf,05,SRC028,statute_to_curated_topic,candidate
courts-sc-sc_appeal_156_2010-1.pdf,05,SRC030,statute_to_curated_topic,candidate
courts-sc-sc_appeal_156_2010-1.pdf,09,SRC030,statute_to_curated_topic,candidate
courts-sc-sc_appeal_156_2010-1.pdf,17,SRC028,statute_to_curated_topic,candidate
courts-sc-sc_appeal_156_2010-1.pdf,17,SRC030,statute_to_curated_topic,candidate
courts-sc-sc_appeal_156_2012.pdf,05,SRC030,statute_to_curated_topic,candidate
courts-sc-sc_appeal_156_2012.pdf,09,SRC030,statute_to_curated_topic,candidate
courts-sc-sc_appeal_156_2012.pdf,17,SRC030,statute_to_curated_topic,candidate
courts-sc-sc_appeal_157_2011.pdf,05,SRC029,statute_to_curated_topic,candidate
courts-sc-sc_appeal_157_2011.pdf,15,SRC059,statute_to_curated_topic,candidate
courts-sc-sc_appeal_158_2011-1.pdf,05,SRC033,statute_to_curated_topic,candidate
courts-sc-sc_appeal_158_2011-1.pdf,12,SRC033,statute_to_curated_topic,candidate
courts-sc-sc_appeal_158_2011-1.pdf,12,SRC051,statute_to_curated_topic,candidate
courts-sc-sc_appeal_158_2011-1.pdf,20,SRC033,statute_to_curated_topic,candidate
courts-sc-sc_appeal_158_2013.pdf,01,SRC001,statute_to_curated_topic,candidate
courts-sc-sc_appeal_158_2013.pdf,05,SRC001,statute_to_curated_topic,candidate
courts-sc-sc_appeal_158_2013.pdf,05,SRC014,statute_to_curated_topic,candidate
courts-sc-sc_appeal_158_2013.pdf,05,SRC029,statute_to_curated_topic,candidate
courts-sc-sc_appeal_158_2013.pdf,06,SRC001,statute_to_curated_topic,candidate
courts-sc-sc_appeal_158_2013.pdf,06,SRC014,statute_to_curated_topic,candidate
courts-sc-sc_appeal_158_2013.pdf,08,SRC014,statute_to_curated_topic,candidate
courts-sc-sc_appeal_158_2013.pdf,17,SRC001,statute_to_curated_topic,candidate
courts-sc-sc_appeal_158_2013.pdf,17,SRC014,statute_to_curated_topic,candidate
courts-sc-sc_appeal_158_2013.pdf,20,SRC014,statute_to_curated_topic,candidate
courts-sc-sc_appeal_158_2017.pdf,05,SRC027,statute_to_curated_topic,candidate
courts-sc-sc_appeal_158_2017.pdf,17,SRC027,statute_to_curated_topic,candidate
courts-sc-sc_appeal_159_2015.pdf,05,SRC030,statute_to_curated_topic,candidate
courts-sc-sc_appeal_159_2015.pdf,09,SRC030,statute_to_curated_topic,candidate
courts-sc-sc_appeal_159_2015.pdf,17,SRC030,statute_to_curated_topic,candidate
courts-sc-sc_appeal_159_2019.pdf,09,SRC071,statute_to_curated_topic,candidate
courts-sc-sc_appeal_159_2019.pdf,18,SRC071,statute_to_curated_topic,candidate
courts-sc-sc_appeal_15_2008.pdf,05,SRC029,statute_to_curated_topic,candidate
courts-sc-sc_appeal_15_2008.pdf,09,SRC071,statute_to_curated_topic,candidate
courts-sc-sc_appeal_15_2008.pdf,18,SRC071,statute_to_curated_topic,candidate
courts-sc-sc_appeal_15_2009.pdf,05,SRC030,statute_to_curated_topic,candidate
courts-sc-sc_appeal_15_2009.pdf,09,SRC030,statute_to_curated_topic,candidate
courts-sc-sc_appeal_15_2009.pdf,17,SRC030,statute_to_curated_topic,candidate
courts-sc-sc_appeal_15_2010.pdf,09,SRC071,statute_to_curated_topic,candidate
courts-sc-sc_appeal_15_2010.pdf,18,SRC071,statute_to_curated_topic,candidate
courts-sc-sc_appeal_15_2015.pdf,05,SRC030,statute_to_curated_topic,candidate
courts-sc-sc_appeal_15_2015.pdf,09,SRC030,statute_to_curated_topic,candidate
courts-sc-sc_appeal_15_2015.pdf,17,SRC030,statute_to_curated_topic,candidate
courts-sc-sc_appeal_160_2013.pdf,01,SRC001,statute_to_curated_topic,candidate
courts-sc-sc_appeal_160_2013.pdf,05,SRC001,statute_to_curated_topic,candidate
courts-sc-sc_appeal_160_2013.pdf,05,SRC029,statute_to_curated_topic,candidate
courts-sc-sc_appeal_160_2013.pdf,06,SRC001,statute_to_curated_topic,candidate
courts-sc-sc_appeal_160_2013.pdf,15,SRC059,statute_to_curated_topic,candidate
courts-sc-sc_appeal_160_2013.pdf,17,SRC001,statute_to_curated_topic,candidate
courts-sc-sc_appeal_160_2014.pdf,01,SRC001,statute_to_curated_topic,candidate
courts-sc-sc_appeal_160_2014.pdf,05,SRC001,statute_to_curated_topic,candidate
courts-sc-sc_appeal_160_2014.pdf,05,SRC029,statute_to_curated_topic,candidate
courts-sc-sc_appeal_160_2014.pdf,05,SRC030,statute_to_curated_topic,candidate
courts-sc-sc_appeal_160_2014.pdf,06,SRC001,statute_to_curated_topic,candidate
courts-sc-sc_appeal_160_2014.pdf,09,SRC030,statute_to_curated_topic,candidate
courts-sc-sc_appeal_160_2014.pdf,17,SRC001,statute_to_curated_topic,candidate
courts-sc-sc_appeal_160_2014.pdf,17,SRC030,statute_to_curated_topic,candidate
courts-sc-sc_appeal_160_2015.pdf,01,SRC001,statute_to_curated_topic,candidate
courts-sc-sc_appeal_160_2015.pdf,05,SRC001,statute_to_curated_topic,candidate
courts-sc-sc_appeal_160_2015.pdf,05,SRC030,statute_to_curated_topic,candidate
courts-sc-sc_appeal_160_2015.pdf,06,SRC001,statute_to_curated_topic,candidate
courts-sc-sc_appeal_160_2015.pdf,09,SRC030,statute_to_curated_topic,candidate
courts-sc-sc_appeal_160_2015.pdf,09,SRC071,statute_to_curated_topic,candidate
courts-sc-sc_appeal_160_2015.pdf,12,SRC050,statute_to_curated_topic,candidate
courts-sc-sc_appeal_160_2015.pdf,17,SRC001,statute_to_curated_topic,candidate
courts-sc-sc_appeal_160_2015.pdf,17,SRC030,statute_to_curated_topic,candidate
courts-sc-sc_appeal_160_2015.pdf,18,SRC071,statute_to_curated_topic,candidate
courts-sc-sc_appeal_160_2015.pdf,20,SRC050,statute_to_curated_topic,candidate
courts-sc-sc_appeal_161_2015.pdf,05,SRC027,statute_to_curated_topic,candidate
courts-sc-sc_appeal_161_2015.pdf,17,SRC027,statute_to_curated_topic,candidate
courts-sc-sc_appeal_161_2016-1.pdf,05,SRC027,statute_to_curated_topic,candidate
courts-sc-sc_appeal_161_2016-1.pdf,17,SRC027,statute_to_curated_topic,candidate
courts-sc-sc_appeal_161_2019.pdf,05,SRC030,statute_to_curated_topic,candidate
courts-sc-sc_appeal_161_2019.pdf,09,SRC030,statute_to_curated_topic,candidate
courts-sc-sc_appeal_161_2019.pdf,17,SRC030,statute_to_curated_topic,candidate
courts-sc-sc_appeal_162-2019_am1.pdf,09,SRC037,statute_to_curated_topic,candidate
courts-sc-sc_appeal_162-2019_am1.pdf,17,SRC037,statute_to_curated_topic,candidate
courts-sc-sc_appeal_162_2010-1.pdf,09,SRC071,statute_to_curated_topic,candidate
courts-sc-sc_appeal_162_2010-1.pdf,18,SRC071,statute_to_curated_topic,candidate
courts-sc-sc_appeal_162_2013.pdf,05,SRC033,statute_to_curated_topic,candidate
courts-sc-sc_appeal_162_2013.pdf,12,SRC033,statute_to_curated_topic,candidate
courts-sc-sc_appeal_162_2013.pdf,20,SRC033,statute_to_curated_topic,candidate
courts-sc-sc_appeal_162_2017.pdf,05,SRC029,statute_to_curated_topic,candidate
courts-sc-sc_appeal_162_2017.pdf,12,SRC056,statute_to_curated_topic,candidate
courts-sc-sc_appeal_162_2018.pdf,05,SRC027,statute_to_curated_topic,candidate
courts-sc-sc_appeal_162_2018.pdf,05,SRC030,statute_to_curated_topic,candidate
courts-sc-sc_appeal_162_2018.pdf,09,SRC030,statute_to_curated_topic,candidate
courts-sc-sc_appeal_162_2018.pdf,17,SRC027,statute_to_curated_topic,candidate
courts-sc-sc_appeal_162_2018.pdf,17,SRC030,statute_to_curated_topic,candidate
courts-sc-sc_appeal_163_2016.pdf,05,SRC030,statute_to_curated_topic,candidate
courts-sc-sc_appeal_163_2016.pdf,09,SRC030,statute_to_curated_topic,candidate
courts-sc-sc_appeal_163_2016.pdf,17,SRC030,statute_to_curated_topic,candidate
courts-sc-sc_appeal_163_2019.pdf,05,SRC029,statute_to_curated_topic,candidate
courts-sc-sc_appeal_163_2019.pdf,05,SRC030,statute_to_curated_topic,candidate
courts-sc-sc_appeal_163_2019.pdf,09,SRC030,statute_to_curated_topic,candidate
courts-sc-sc_appeal_163_2019.pdf,09,SRC071,statute_to_curated_topic,candidate
courts-sc-sc_appeal_163_2019.pdf,17,SRC030,statute_to_curated_topic,candidate
courts-sc-sc_appeal_163_2019.pdf,18,SRC071,statute_to_curated_topic,candidate
courts-sc-sc_appeal_164_2012.pdf,01,SRC001,statute_to_curated_topic,candidate
courts-sc-sc_appeal_164_2012.pdf,05,SRC001,statute_to_curated_topic,candidate
courts-sc-sc_appeal_164_2012.pdf,05,SRC014,statute_to_curated_topic,candidate
courts-sc-sc_appeal_164_2012.pdf,05,SRC029,statute_to_curated_topic,candidate
courts-sc-sc_appeal_164_2012.pdf,06,SRC001,statute_to_curated_topic,candidate
courts-sc-sc_appeal_164_2012.pdf,06,SRC014,statute_to_curated_topic,candidate
courts-sc-sc_appeal_164_2012.pdf,08,SRC014,statute_to_curated_topic,candidate
courts-sc-sc_appeal_164_2012.pdf,17,SRC001,statute_to_curated_topic,candidate
courts-sc-sc_appeal_164_2012.pdf,17,SRC014,statute_to_curated_topic,candidate
courts-sc-sc_appeal_164_2012.pdf,20,SRC014,statute_to_curated_topic,candidate
courts-sc-sc_appeal_165_2015.pdf,05,SRC030,statute_to_curated_topic,candidate
courts-sc-sc_appeal_165_2015.pdf,09,SRC030,statute_to_curated_topic,candidate
courts-sc-sc_appeal_165_2015.pdf,09,SRC071,statute_to_curated_topic,candidate
courts-sc-sc_appeal_165_2015.pdf,17,SRC030,statute_to_curated_topic,candidate
courts-sc-sc_appeal_165_2015.pdf,18,SRC071,statute_to_curated_topic,candidate
courts-sc-sc_appeal_166_2013.pdf,01,SRC001,statute_to_curated_topic,candidate
courts-sc-sc_appeal_166_2013.pdf,05,SRC001,statute_to_curated_topic,candidate
courts-sc-sc_appeal_166_2013.pdf,05,SRC029,statute_to_curated_topic,candidate
courts-sc-sc_appeal_166_2013.pdf,05,SRC030,statute_to_curated_topic,candidate
courts-sc-sc_appeal_166_2013.pdf,06,SRC001,statute_to_curated_topic,candidate
courts-sc-sc_appeal_166_2013.pdf,09,SRC030,statute_to_curated_topic,candidate
courts-sc-sc_appeal_166_2013.pdf,12,SRC050,statute_to_curated_topic,candidate
courts-sc-sc_appeal_166_2013.pdf,17,SRC001,statute_to_curated_topic,candidate
courts-sc-sc_appeal_166_2013.pdf,17,SRC030,statute_to_curated_topic,candidate
courts-sc-sc_appeal_166_2013.pdf,20,SRC050,statute_to_curated_topic,candidate
courts-sc-sc_appeal_166_2017.pdf,05,SRC029,statute_to_curated_topic,candidate
courts-sc-sc_appeal_166_2017.pdf,12,SRC050,statute_to_curated_topic,candidate
courts-sc-sc_appeal_166_2017.pdf,20,SRC050,statute_to_curated_topic,candidate
courts-sc-sc_appeal_166_2019.pdf,05,SRC030,statute_to_curated_topic,candidate
courts-sc-sc_appeal_166_2019.pdf,09,SRC030,statute_to_curated_topic,candidate
courts-sc-sc_appeal_166_2019.pdf,17,SRC030,statute_to_curated_topic,candidate
courts-sc-sc_appeal_167_2010.pdf,01,SRC001,statute_to_curated_topic,candidate
courts-sc-sc_appeal_167_2010.pdf,05,SRC001,statute_to_curated_topic,candidate
courts-sc-sc_appeal_167_2010.pdf,05,SRC029,statute_to_curated_topic,candidate
courts-sc-sc_appeal_167_2010.pdf,06,SRC001,statute_to_curated_topic,candidate
courts-sc-sc_appeal_167_2010.pdf,15,SRC059,statute_to_curated_topic,candidate
courts-sc-sc_appeal_167_2010.pdf,17,SRC001,statute_to_curated_topic,candidate
courts-sc-sc_appeal_167_2013.pdf,05,SRC028,statute_to_curated_topic,candidate
courts-sc-sc_appeal_167_2013.pdf,05,SRC029,statute_to_curated_topic,candidate
courts-sc-sc_appeal_167_2013.pdf,17,SRC028,statute_to_curated_topic,candidate
courts-sc-sc_appeal_168_2014.pdf,15,SRC059,statute_to_curated_topic,candidate
courts-sc-sc_appeal_168_2016.pdf,05,SRC030,statute_to_curated_topic,candidate
courts-sc-sc_appeal_168_2016.pdf,09,SRC030,statute_to_curated_topic,candidate
courts-sc-sc_appeal_168_2016.pdf,09,SRC071,statute_to_curated_topic,candidate
courts-sc-sc_appeal_168_2016.pdf,17,SRC030,statute_to_curated_topic,candidate
courts-sc-sc_appeal_168_2016.pdf,18,SRC071,statute_to_curated_topic,candidate
courts-sc-sc_appeal_169_2010.pdf,05,SRC027,statute_to_curated_topic,candidate
courts-sc-sc_appeal_169_2010.pdf,17,SRC027,statute_to_curated_topic,candidate
courts-sc-sc_appeal_169_2011.pdf,05,SRC028,statute_to_curated_topic,candidate
courts-sc-sc_appeal_169_2011.pdf,05,SRC033,statute_to_curated_topic,candidate
courts-sc-sc_appeal_169_2011.pdf,12,SRC033,statute_to_curated_topic,candidate
courts-sc-sc_appeal_169_2011.pdf,17,SRC028,statute_to_curated_topic,candidate
courts-sc-sc_appeal_169_2011.pdf,20,SRC033,statute_to_curated_topic,candidate
courts-sc-sc_appeal_169_2013.pdf,05,SRC027,statute_to_curated_topic,candidate
courts-sc-sc_appeal_169_2013.pdf,05,SRC030,statute_to_curated_topic,candidate
courts-sc-sc_appeal_169_2013.pdf,09,SRC030,statute_to_curated_topic,candidate
courts-sc-sc_appeal_169_2013.pdf,17,SRC027,statute_to_curated_topic,candidate
courts-sc-sc_appeal_169_2013.pdf,17,SRC030,statute_to_curated_topic,candidate
courts-sc-sc_appeal_169_2015.pdf,01,SRC001,statute_to_curated_topic,candidate
courts-sc-sc_appeal_169_2015.pdf,05,SRC001,statute_to_curated_topic,candidate
courts-sc-sc_appeal_169_2015.pdf,05,SRC029,statute_to_curated_topic,candidate
courts-sc-sc_appeal_169_2015.pdf,06,SRC001,statute_to_curated_topic,candidate
courts-sc-sc_appeal_169_2015.pdf,15,SRC059,statute_to_curated_topic,candidate
courts-sc-sc_appeal_169_2015.pdf,17,SRC001,statute_to_curated_topic,candidate
courts-sc-sc_appeal_16_2011.pdf,05,SRC029,statute_to_curated_topic,candidate
courts-sc-sc_appeal_16_2011.pdf,05,SRC030,statute_to_curated_topic,candidate
courts-sc-sc_appeal_16_2011.pdf,09,SRC030,statute_to_curated_topic,candidate
courts-sc-sc_appeal_16_2011.pdf,17,SRC030,statute_to_curated_topic,candidate
courts-sc-sc_appeal_16_2022.pdf,05,SRC030,statute_to_curated_topic,candidate
courts-sc-sc_appeal_16_2022.pdf,05,SRC033,statute_to_curated_topic,candidate
courts-sc-sc_appeal_16_2022.pdf,09,SRC030,statute_to_curated_topic,candidate
courts-sc-sc_appeal_16_2022.pdf,12,SRC033,statute_to_curated_topic,candidate
courts-sc-sc_appeal_16_2022.pdf,12,SRC051,statute_to_curated_topic,candidate
courts-sc-sc_appeal_16_2022.pdf,17,SRC030,statute_to_curated_topic,candidate
courts-sc-sc_appeal_16_2022.pdf,20,SRC033,statute_to_curated_topic,candidate
courts-sc-sc_appeal_170_2011.pdf,01,SRC001,statute_to_curated_topic,candidate
courts-sc-sc_appeal_170_2011.pdf,05,SRC001,statute_to_curated_topic,candidate
courts-sc-sc_appeal_170_2011.pdf,05,SRC014,statute_to_curated_topic,candidate
courts-sc-sc_appeal_170_2011.pdf,05,SRC024,statute_to_curated_topic,candidate
courts-sc-sc_appeal_170_2011.pdf,05,SRC029,statute_to_curated_topic,candidate
courts-sc-sc_appeal_170_2011.pdf,05,SRC030,statute_to_curated_topic,candidate
courts-sc-sc_appeal_170_2011.pdf,06,SRC001,statute_to_curated_topic,candidate
courts-sc-sc_appeal_170_2011.pdf,06,SRC014,statute_to_curated_topic,candidate
courts-sc-sc_appeal_170_2011.pdf,08,SRC014,statute_to_curated_topic,candidate
courts-sc-sc_appeal_170_2011.pdf,09,SRC030,statute_to_curated_topic,candidate
courts-sc-sc_appeal_170_2011.pdf,14,SRC024,statute_to_curated_topic,candidate
courts-sc-sc_appeal_170_2011.pdf,17,SRC001,statute_to_curated_topic,candidate
courts-sc-sc_appeal_170_2011.pdf,17,SRC014,statute_to_curated_topic,candidate
courts-sc-sc_appeal_170_2011.pdf,17,SRC024,statute_to_curated_topic,candidate
courts-sc-sc_appeal_170_2011.pdf,17,SRC030,statute_to_curated_topic,candidate
courts-sc-sc_appeal_170_2011.pdf,20,SRC014,statute_to_curated_topic,candidate
courts-sc-sc_appeal_171_2011.pdf,09,SRC071,statute_to_curated_topic,candidate
courts-sc-sc_appeal_171_2011.pdf,18,SRC071,statute_to_curated_topic,candidate
courts-sc-sc_appeal_171_2016.pdf,05,SRC027,statute_to_curated_topic,candidate
courts-sc-sc_appeal_171_2016.pdf,17,SRC027,statute_to_curated_topic,candidate
courts-sc-sc_appeal_171_2019.pdf,05,SRC027,statute_to_curated_topic,candidate
courts-sc-sc_appeal_171_2019.pdf,05,SRC029,statute_to_curated_topic,candidate
courts-sc-sc_appeal_171_2019.pdf,05,SRC030,statute_to_curated_topic,candidate
courts-sc-sc_appeal_171_2019.pdf,05,SRC033,statute_to_curated_topic,candidate
courts-sc-sc_appeal_171_2019.pdf,09,SRC030,statute_to_curated_topic,candidate
courts-sc-sc_appeal_171_2019.pdf,09,SRC071,statute_to_curated_topic,candidate
courts-sc-sc_appeal_171_2019.pdf,12,SRC033,statute_to_curated_topic,candidate
courts-sc-sc_appeal_171_2019.pdf,12,SRC050,statute_to_curated_topic,candidate
courts-sc-sc_appeal_171_2019.pdf,17,SRC027,statute_to_curated_topic,candidate
courts-sc-sc_appeal_171_2019.pdf,17,SRC030,statute_to_curated_topic,candidate
courts-sc-sc_appeal_171_2019.pdf,18,SRC071,statute_to_curated_topic,candidate
courts-sc-sc_appeal_171_2019.pdf,20,SRC033,statute_to_curated_topic,candidate
courts-sc-sc_appeal_171_2019.pdf,20,SRC050,statute_to_curated_topic,candidate
courts-sc-sc_appeal_172_2013.pdf,09,SRC071,statute_to_curated_topic,candidate
courts-sc-sc_appeal_172_2013.pdf,18,SRC071,statute_to_curated_topic,candidate
courts-sc-sc_appeal_172_2014_am1.pdf,01,SRC001,statute_to_curated_topic,candidate
courts-sc-sc_appeal_172_2014_am1.pdf,05,SRC001,statute_to_curated_topic,candidate
courts-sc-sc_appeal_172_2014_am1.pdf,05,SRC027,statute_to_curated_topic,candidate
courts-sc-sc_appeal_172_2014_am1.pdf,05,SRC029,statute_to_curated_topic,candidate
courts-sc-sc_appeal_172_2014_am1.pdf,05,SRC030,statute_to_curated_topic,candidate
courts-sc-sc_appeal_172_2014_am1.pdf,06,SRC001,statute_to_curated_topic,candidate
courts-sc-sc_appeal_172_2014_am1.pdf,09,SRC030,statute_to_curated_topic,candidate
courts-sc-sc_appeal_172_2014_am1.pdf,17,SRC001,statute_to_curated_topic,candidate
courts-sc-sc_appeal_172_2014_am1.pdf,17,SRC027,statute_to_curated_topic,candidate
courts-sc-sc_appeal_172_2014_am1.pdf,17,SRC030,statute_to_curated_topic,candidate
courts-sc-sc_appeal_172_2016.pdf,02,SRC005,statute_to_curated_topic,candidate
courts-sc-sc_appeal_172_2016.pdf,05,SRC005,statute_to_curated_topic,candidate
courts-sc-sc_appeal_172_2016.pdf,05,SRC027,statute_to_curated_topic,candidate
courts-sc-sc_appeal_172_2016.pdf,05,SRC030,statute_to_curated_topic,candidate
courts-sc-sc_appeal_172_2016.pdf,05,SRC031,statute_to_curated_topic,candidate
courts-sc-sc_appeal_172_2016.pdf,06,SRC005,statute_to_curated_topic,candidate
courts-sc-sc_appeal_172_2016.pdf,09,SRC030,statute_to_curated_topic,candidate
courts-sc-sc_appeal_172_2016.pdf,09,SRC031,statute_to_curated_topic,candidate
courts-sc-sc_appeal_172_2016.pdf,17,SRC005,statute_to_curated_topic,candidate
courts-sc-sc_appeal_172_2016.pdf,17,SRC027,statute_to_curated_topic,candidate
courts-sc-sc_appeal_172_2016.pdf,17,SRC030,statute_to_curated_topic,candidate
courts-sc-sc_appeal_172_2017.pdf,02,SRC005,statute_to_curated_topic,candidate
courts-sc-sc_appeal_172_2017.pdf,05,SRC005,statute_to_curated_topic,candidate
courts-sc-sc_appeal_172_2017.pdf,05,SRC027,statute_to_curated_topic,candidate
courts-sc-sc_appeal_172_2017.pdf,05,SRC028,statute_to_curated_topic,candidate
courts-sc-sc_appeal_172_2017.pdf,05,SRC030,statute_to_curated_topic,candidate
courts-sc-sc_appeal_172_2017.pdf,06,SRC005,statute_to_curated_topic,candidate
courts-sc-sc_appeal_172_2017.pdf,09,SRC030,statute_to_curated_topic,candidate
courts-sc-sc_appeal_172_2017.pdf,17,SRC005,statute_to_curated_topic,candidate
courts-sc-sc_appeal_172_2017.pdf,17,SRC027,statute_to_curated_topic,candidate
courts-sc-sc_appeal_172_2017.pdf,17,SRC028,statute_to_curated_topic,candidate
courts-sc-sc_appeal_172_2017.pdf,17,SRC030,statute_to_curated_topic,candidate
courts-sc-sc_appeal_173_2011.pdf,01,SRC001,statute_to_curated_topic,candidate
courts-sc-sc_appeal_173_2011.pdf,05,SRC001,statute_to_curated_topic,candidate
courts-sc-sc_appeal_173_2011.pdf,05,SRC029,statute_to_curated_topic,candidate
courts-sc-sc_appeal_173_2011.pdf,06,SRC001,statute_to_curated_topic,candidate
courts-sc-sc_appeal_173_2011.pdf,15,SRC059,statute_to_curated_topic,candidate
courts-sc-sc_appeal_173_2011.pdf,17,SRC001,statute_to_curated_topic,candidate
courts-sc-sc_appeal_174_2010.pdf,05,SRC027,statute_to_curated_topic,candidate
courts-sc-sc_appeal_174_2010.pdf,05,SRC030,statute_to_curated_topic,candidate
courts-sc-sc_appeal_174_2010.pdf,09,SRC030,statute_to_curated_topic,candidate
courts-sc-sc_appeal_174_2010.pdf,17,SRC027,statute_to_curated_topic,candidate
courts-sc-sc_appeal_174_2010.pdf,17,SRC030,statute_to_curated_topic,candidate
courts-sc-sc_appeal_174_2015.pdf,05,SRC027,statute_to_curated_topic,candidate
courts-sc-sc_appeal_174_2015.pdf,17,SRC027,statute_to_curated_topic,candidate
courts-sc-sc_appeal_175_2010.pdf,01,SRC001,statute_to_curated_topic,candidate
courts-sc-sc_appeal_175_2010.pdf,05,SRC001,statute_to_curated_topic,candidate
courts-sc-sc_appeal_175_2010.pdf,05,SRC029,statute_to_curated_topic,candidate
courts-sc-sc_appeal_175_2010.pdf,06,SRC001,statute_to_curated_topic,candidate
courts-sc-sc_appeal_175_2010.pdf,15,SRC059,statute_to_curated_topic,candidate
courts-sc-sc_appeal_175_2010.pdf,17,SRC001,statute_to_curated_topic,candidate
courts-sc-sc_appeal_175_2016.pdf,05,SRC029,statute_to_curated_topic,candidate
courts-sc-sc_appeal_175_2016.pdf,05,SRC030,statute_to_curated_topic,candidate
courts-sc-sc_appeal_175_2016.pdf,09,SRC030,statute_to_curated_topic,candidate
courts-sc-sc_appeal_175_2016.pdf,09,SRC071,statute_to_curated_topic,candidate
courts-sc-sc_appeal_175_2016.pdf,17,SRC030,statute_to_curated_topic,candidate
courts-sc-sc_appeal_175_2016.pdf,18,SRC071,statute_to_curated_topic,candidate
courts-sc-sc_appeal_175_2018.pdf,01,SRC001,statute_to_curated_topic,candidate
courts-sc-sc_appeal_175_2018.pdf,05,SRC001,statute_to_curated_topic,candidate
courts-sc-sc_appeal_175_2018.pdf,05,SRC014,statute_to_curated_topic,candidate
courts-sc-sc_appeal_175_2018.pdf,05,SRC029,statute_to_curated_topic,candidate
courts-sc-sc_appeal_175_2018.pdf,05,SRC030,statute_to_curated_topic,candidate
courts-sc-sc_appeal_175_2018.pdf,06,SRC001,statute_to_curated_topic,candidate
courts-sc-sc_appeal_175_2018.pdf,06,SRC014,statute_to_curated_topic,candidate
courts-sc-sc_appeal_175_2018.pdf,08,SRC014,statute_to_curated_topic,candidate
courts-sc-sc_appeal_175_2018.pdf,09,SRC030,statute_to_curated_topic,candidate
courts-sc-sc_appeal_175_2018.pdf,17,SRC001,statute_to_curated_topic,candidate
courts-sc-sc_appeal_175_2018.pdf,17,SRC014,statute_to_curated_topic,candidate
courts-sc-sc_appeal_175_2018.pdf,17,SRC030,statute_to_curated_topic,candidate
courts-sc-sc_appeal_175_2018.pdf,20,SRC014,statute_to_curated_topic,candidate
courts-sc-sc_appeal_175_2019.pdf,05,SRC029,statute_to_curated_topic,candidate
courts-sc-sc_appeal_175_2019.pdf,05,SRC030,statute_to_curated_topic,candidate
courts-sc-sc_appeal_175_2019.pdf,09,SRC030,statute_to_curated_topic,candidate
courts-sc-sc_appeal_175_2019.pdf,09,SRC071,statute_to_curated_topic,candidate
courts-sc-sc_appeal_175_2019.pdf,17,SRC030,statute_to_curated_topic,candidate
courts-sc-sc_appeal_175_2019.pdf,18,SRC071,statute_to_curated_topic,candidate
courts-sc-sc_appeal_175_2025.pdf,01,SRC001,statute_to_curated_topic,candidate
courts-sc-sc_appeal_175_2025.pdf,05,SRC001,statute_to_curated_topic,candidate
courts-sc-sc_appeal_175_2025.pdf,05,SRC014,statute_to_curated_topic,candidate
courts-sc-sc_appeal_175_2025.pdf,05,SRC029,statute_to_curated_topic,candidate
courts-sc-sc_appeal_175_2025.pdf,06,SRC001,statute_to_curated_topic,candidate
courts-sc-sc_appeal_175_2025.pdf,06,SRC014,statute_to_curated_topic,candidate
courts-sc-sc_appeal_175_2025.pdf,08,SRC014,statute_to_curated_topic,candidate
courts-sc-sc_appeal_175_2025.pdf,17,SRC001,statute_to_curated_topic,candidate
courts-sc-sc_appeal_175_2025.pdf,17,SRC014,statute_to_curated_topic,candidate
courts-sc-sc_appeal_175_2025.pdf,20,SRC014,statute_to_curated_topic,candidate
courts-sc-sc_appeal_176_2014.pdf,05,SRC029,statute_to_curated_topic,candidate
courts-sc-sc_appeal_176_2014.pdf,05,SRC033,statute_to_curated_topic,candidate
courts-sc-sc_appeal_176_2014.pdf,12,SRC033,statute_to_curated_topic,candidate
courts-sc-sc_appeal_176_2014.pdf,12,SRC050,statute_to_curated_topic,candidate
courts-sc-sc_appeal_176_2014.pdf,20,SRC033,statute_to_curated_topic,candidate
courts-sc-sc_appeal_176_2014.pdf,20,SRC050,statute_to_curated_topic,candidate
courts-sc-sc_appeal_176_2016.pdf,05,SRC030,statute_to_curated_topic,candidate
courts-sc-sc_appeal_176_2016.pdf,09,SRC030,statute_to_curated_topic,candidate
courts-sc-sc_appeal_176_2016.pdf,17,SRC030,statute_to_curated_topic,candidate
courts-sc-sc_appeal_177_2023.pdf,05,SRC028,statute_to_curated_topic,candidate
courts-sc-sc_appeal_177_2023.pdf,17,SRC028,statute_to_curated_topic,candidate
courts-sc-sc_appeal_178_2011.pdf,05,SRC029,statute_to_curated_topic,candidate
courts-sc-sc_appeal_178_2013.pdf,05,SRC027,statute_to_curated_topic,candidate
courts-sc-sc_appeal_178_2013.pdf,17,SRC027,statute_to_curated_topic,candidate
courts-sc-sc_appeal_179_2015.pdf,05,SRC030,statute_to_curated_topic,candidate
courts-sc-sc_appeal_179_2015.pdf,09,SRC030,statute_to_curated_topic,candidate
courts-sc-sc_appeal_179_2015.pdf,17,SRC030,statute_to_curated_topic,candidate
courts-sc-sc_appeal_179_2016.pdf,05,SRC030,statute_to_curated_topic,candidate
courts-sc-sc_appeal_179_2016.pdf,09,SRC030,statute_to_curated_topic,candidate
courts-sc-sc_appeal_179_2016.pdf,17,SRC030,statute_to_curated_topic,candidate
courts-sc-sc_appeal_179_2018.pdf,05,SRC029,statute_to_curated_topic,candidate
courts-sc-sc_appeal_179_2018.pdf,05,SRC031,statute_to_curated_topic,candidate
courts-sc-sc_appeal_179_2018.pdf,09,SRC031,statute_to_curated_topic,candidate
courts-sc-sc_appeal_17_2012-1.pdf,05,SRC027,statute_to_curated_topic,candidate
courts-sc-sc_appeal_17_2012-1.pdf,05,SRC029,statute_to_curated_topic,candidate
courts-sc-sc_appeal_17_2012-1.pdf,12,SRC050,statute_to_curated_topic,candidate
courts-sc-sc_appeal_17_2012-1.pdf,12,SRC054,statute_to_curated_topic,candidate
courts-sc-sc_appeal_17_2012-1.pdf,17,SRC027,statute_to_curated_topic,candidate
courts-sc-sc_appeal_17_2012-1.pdf,20,SRC050,statute_to_curated_topic,candidate
courts-sc-sc_appeal_17_2015.pdf,05,SRC028,statute_to_curated_topic,candidate
courts-sc-sc_appeal_17_2015.pdf,05,SRC029,statute_to_curated_topic,candidate
courts-sc-sc_appeal_17_2015.pdf,05,SRC030,statute_to_curated_topic,candidate
courts-sc-sc_appeal_17_2015.pdf,09,SRC030,statute_to_curated_topic,candidate
courts-sc-sc_appeal_17_2015.pdf,17,SRC028,statute_to_curated_topic,candidate
courts-sc-sc_appeal_17_2015.pdf,17,SRC030,statute_to_curated_topic,candidate
courts-sc-sc_appeal_17_2016.pdf,05,SRC030,statute_to_curated_topic,candidate
courts-sc-sc_appeal_17_2016.pdf,09,SRC030,statute_to_curated_topic,candidate
courts-sc-sc_appeal_17_2016.pdf,17,SRC030,statute_to_curated_topic,candidate
courts-sc-sc_appeal_17_2018.pdf,05,SRC027,statute_to_curated_topic,candidate
courts-sc-sc_appeal_17_2018.pdf,05,SRC029,statute_to_curated_topic,candidate
courts-sc-sc_appeal_17_2018.pdf,05,SRC030,statute_to_curated_topic,candidate
courts-sc-sc_appeal_17_2018.pdf,09,SRC030,statute_to_curated_topic,candidate
courts-sc-sc_appeal_17_2018.pdf,17,SRC027,statute_to_curated_topic,candidate
courts-sc-sc_appeal_17_2018.pdf,17,SRC030,statute_to_curated_topic,candidate
courts-sc-sc_appeal_180_2010.pdf,05,SRC027,statute_to_curated_topic,candidate
courts-sc-sc_appeal_180_2010.pdf,17,SRC027,statute_to_curated_topic,candidate
courts-sc-sc_appeal_180_2011.pdf,05,SRC028,statute_to_curated_topic,candidate
courts-sc-sc_appeal_180_2011.pdf,05,SRC030,statute_to_curated_topic,candidate
courts-sc-sc_appeal_180_2011.pdf,09,SRC030,statute_to_curated_topic,candidate
courts-sc-sc_appeal_180_2011.pdf,15,SRC059,statute_to_curated_topic,candidate
courts-sc-sc_appeal_180_2011.pdf,17,SRC028,statute_to_curated_topic,candidate
courts-sc-sc_appeal_180_2011.pdf,17,SRC030,statute_to_curated_topic,candidate
courts-sc-sc_appeal_181_182_2015.pdf,09,SRC071,statute_to_curated_topic,candidate
courts-sc-sc_appeal_181_182_2015.pdf,18,SRC071,statute_to_curated_topic,candidate
courts-sc-sc_appeal_181_2014.pdf,05,SRC029,statute_to_curated_topic,candidate
courts-sc-sc_appeal_181_2018.pdf,17,SRC064,statute_to_curated_topic,candidate
courts-sc-sc_appeal_182_2014.pdf,05,SRC029,statute_to_curated_topic,candidate
courts-sc-sc_appeal_182_2014.pdf,05,SRC030,statute_to_curated_topic,candidate
courts-sc-sc_appeal_182_2014.pdf,09,SRC030,statute_to_curated_topic,candidate
courts-sc-sc_appeal_182_2014.pdf,17,SRC030,statute_to_curated_topic,candidate
courts-sc-sc_appeal_183_2011.pdf,05,SRC024,statute_to_curated_topic,candidate
courts-sc-sc_appeal_183_2011.pdf,05,SRC029,statute_to_curated_topic,candidate
courts-sc-sc_appeal_183_2011.pdf,05,SRC030,statute_to_curated_topic,candidate
courts-sc-sc_appeal_183_2011.pdf,09,SRC030,statute_to_curated_topic,candidate
courts-sc-sc_appeal_183_2011.pdf,14,SRC024,statute_to_curated_topic,candidate
courts-sc-sc_appeal_183_2011.pdf,17,SRC024,statute_to_curated_topic,candidate
courts-sc-sc_appeal_183_2011.pdf,17,SRC030,statute_to_curated_topic,candidate
courts-sc-sc_appeal_183_2016.pdf,05,SRC029,statute_to_curated_topic,candidate
courts-sc-sc_appeal_183_2016.pdf,09,SRC071,statute_to_curated_topic,candidate
courts-sc-sc_appeal_183_2016.pdf,15,SRC059,statute_to_curated_topic,candidate
courts-sc-sc_appeal_183_2016.pdf,18,SRC071,statute_to_curated_topic,candidate
courts-sc-sc_appeal_184_2014.pdf,05,SRC030,statute_to_curated_topic,candidate
courts-sc-sc_appeal_184_2014.pdf,09,SRC030,statute_to_curated_topic,candidate
courts-sc-sc_appeal_184_2014.pdf,17,SRC030,statute_to_curated_topic,candidate
courts-sc-sc_appeal_185_2014-1.pdf,05,SRC030,statute_to_curated_topic,candidate
courts-sc-sc_appeal_185_2014-1.pdf,09,SRC030,statute_to_curated_topic,candidate
courts-sc-sc_appeal_185_2014-1.pdf,17,SRC030,statute_to_curated_topic,candidate
courts-sc-sc_appeal_185_2015.pdf,01,SRC001,statute_to_curated_topic,candidate
courts-sc-sc_appeal_185_2015.pdf,05,SRC001,statute_to_curated_topic,candidate
courts-sc-sc_appeal_185_2015.pdf,05,SRC029,statute_to_curated_topic,candidate
courts-sc-sc_appeal_185_2015.pdf,06,SRC001,statute_to_curated_topic,candidate
courts-sc-sc_appeal_185_2015.pdf,15,SRC059,statute_to_curated_topic,candidate
courts-sc-sc_appeal_185_2015.pdf,17,SRC001,statute_to_curated_topic,candidate
courts-sc-sc_appeal_186_2017.pdf,05,SRC030,statute_to_curated_topic,candidate
courts-sc-sc_appeal_186_2017.pdf,09,SRC030,statute_to_curated_topic,candidate
courts-sc-sc_appeal_186_2017.pdf,17,SRC030,statute_to_curated_topic,candidate
courts-sc-sc_appeal_188_2011.pdf,05,SRC029,statute_to_curated_topic,candidate
courts-sc-sc_appeal_188_2011.pdf,05,SRC030,statute_to_curated_topic,candidate
courts-sc-sc_appeal_188_2011.pdf,09,SRC030,statute_to_curated_topic,candidate
courts-sc-sc_appeal_188_2011.pdf,09,SRC071,statute_to_curated_topic,candidate
courts-sc-sc_appeal_188_2011.pdf,12,SRC050,statute_to_curated_topic,candidate
courts-sc-sc_appeal_188_2011.pdf,17,SRC030,statute_to_curated_topic,candidate
courts-sc-sc_appeal_188_2011.pdf,18,SRC071,statute_to_curated_topic,candidate
courts-sc-sc_appeal_188_2011.pdf,20,SRC050,statute_to_curated_topic,candidate
courts-sc-sc_appeal_188_2014.pdf,05,SRC029,statute_to_curated_topic,candidate
courts-sc-sc_appeal_188_2014.pdf,09,SRC071,statute_to_curated_topic,candidate
courts-sc-sc_appeal_188_2014.pdf,12,SRC050,statute_to_curated_topic,candidate
courts-sc-sc_appeal_188_2014.pdf,18,SRC071,statute_to_curated_topic,candidate
courts-sc-sc_appeal_188_2014.pdf,20,SRC050,statute_to_curated_topic,candidate
courts-sc-sc_appeal_189_2012.pdf,05,SRC030,statute_to_curated_topic,candidate
courts-sc-sc_appeal_189_2012.pdf,09,SRC030,statute_to_curated_topic,candidate
courts-sc-sc_appeal_189_2012.pdf,17,SRC030,statute_to_curated_topic,candidate
courts-sc-sc_appeal_189_2015.pdf,05,SRC030,statute_to_curated_topic,candidate
courts-sc-sc_appeal_189_2015.pdf,09,SRC030,statute_to_curated_topic,candidate
courts-sc-sc_appeal_189_2015.pdf,17,SRC030,statute_to_curated_topic,candidate
courts-sc-sc_appeal_189_2017.pdf,05,SRC030,statute_to_curated_topic,candidate
courts-sc-sc_appeal_189_2017.pdf,09,SRC030,statute_to_curated_topic,candidate
courts-sc-sc_appeal_189_2017.pdf,17,SRC030,statute_to_curated_topic,candidate
courts-sc-sc_appeal_189_2018.pdf,05,SRC027,statute_to_curated_topic,candidate
courts-sc-sc_appeal_189_2018.pdf,05,SRC030,statute_to_curated_topic,candidate
courts-sc-sc_appeal_189_2018.pdf,05,SRC033,statute_to_curated_topic,candidate
courts-sc-sc_appeal_189_2018.pdf,09,SRC030,statute_to_curated_topic,candidate
courts-sc-sc_appeal_189_2018.pdf,09,SRC071,statute_to_curated_topic,candidate
courts-sc-sc_appeal_189_2018.pdf,12,SRC033,statute_to_curated_topic,candidate
courts-sc-sc_appeal_189_2018.pdf,17,SRC027,statute_to_curated_topic,candidate
courts-sc-sc_appeal_189_2018.pdf,17,SRC030,statute_to_curated_topic,candidate
courts-sc-sc_appeal_189_2018.pdf,18,SRC071,statute_to_curated_topic,candidate
courts-sc-sc_appeal_189_2018.pdf,20,SRC033,statute_to_curated_topic,candidate
courts-sc-sc_appeal_18_2010-1.pdf,05,SRC033,statute_to_curated_topic,candidate
courts-sc-sc_appeal_18_2010-1.pdf,12,SRC033,statute_to_curated_topic,candidate
courts-sc-sc_appeal_18_2010-1.pdf,20,SRC033,statute_to_curated_topic,candidate
courts-sc-sc_appeal_18_2021.pdf,01,SRC001,statute_to_curated_topic,candidate
courts-sc-sc_appeal_18_2021.pdf,05,SRC001,statute_to_curated_topic,candidate
courts-sc-sc_appeal_18_2021.pdf,05,SRC029,statute_to_curated_topic,candidate
courts-sc-sc_appeal_18_2021.pdf,06,SRC001,statute_to_curated_topic,candidate
courts-sc-sc_appeal_18_2021.pdf,15,SRC059,statute_to_curated_topic,candidate
courts-sc-sc_appeal_18_2021.pdf,17,SRC001,statute_to_curated_topic,candidate
courts-sc-sc_appeal_190_2016.pdf,01,SRC001,statute_to_curated_topic,candidate
courts-sc-sc_appeal_190_2016.pdf,05,SRC001,statute_to_curated_topic,candidate
courts-sc-sc_appeal_190_2016.pdf,05,SRC029,statute_to_curated_topic,candidate
courts-sc-sc_appeal_190_2016.pdf,06,SRC001,statute_to_curated_topic,candidate
courts-sc-sc_appeal_190_2016.pdf,15,SRC059,statute_to_curated_topic,candidate
courts-sc-sc_appeal_190_2016.pdf,17,SRC001,statute_to_curated_topic,candidate
courts-sc-sc_appeal_191_192_2025-1.pdf,05,SRC029,statute_to_curated_topic,candidate
courts-sc-sc_appeal_191_192_2025-1.pdf,05,SRC030,statute_to_curated_topic,candidate
courts-sc-sc_appeal_191_192_2025-1.pdf,09,SRC030,statute_to_curated_topic,candidate
courts-sc-sc_appeal_191_192_2025-1.pdf,17,SRC030,statute_to_curated_topic,candidate
courts-sc-sc_appeal_191_2018.pdf,15,SRC059,statute_to_curated_topic,candidate
courts-sc-sc_appeal_194_2011.pdf,05,SRC030,statute_to_curated_topic,candidate
courts-sc-sc_appeal_194_2011.pdf,09,SRC030,statute_to_curated_topic,candidate
courts-sc-sc_appeal_194_2011.pdf,17,SRC030,statute_to_curated_topic,candidate
courts-sc-sc_appeal_194_2012.pdf,09,SRC071,statute_to_curated_topic,candidate
courts-sc-sc_appeal_194_2012.pdf,18,SRC071,statute_to_curated_topic,candidate
courts-sc-sc_appeal_194_2018.pdf,05,SRC028,statute_to_curated_topic,candidate
courts-sc-sc_appeal_194_2018.pdf,05,SRC030,statute_to_curated_topic,candidate
courts-sc-sc_appeal_194_2018.pdf,09,SRC030,statute_to_curated_topic,candidate
courts-sc-sc_appeal_194_2018.pdf,17,SRC028,statute_to_curated_topic,candidate
courts-sc-sc_appeal_194_2018.pdf,17,SRC030,statute_to_curated_topic,candidate
courts-sc-sc_appeal_195_2012-1.pdf,15,SRC059,statute_to_curated_topic,candidate
courts-sc-sc_appeal_196_2011.pdf,05,SRC030,statute_to_curated_topic,candidate
courts-sc-sc_appeal_196_2011.pdf,09,SRC030,statute_to_curated_topic,candidate
courts-sc-sc_appeal_196_2011.pdf,09,SRC071,statute_to_curated_topic,candidate
courts-sc-sc_appeal_196_2011.pdf,17,SRC030,statute_to_curated_topic,candidate
courts-sc-sc_appeal_196_2011.pdf,18,SRC071,statute_to_curated_topic,candidate
courts-sc-sc_appeal_196_2015-1.pdf,05,SRC028,statute_to_curated_topic,candidate
courts-sc-sc_appeal_196_2015-1.pdf,05,SRC030,statute_to_curated_topic,candidate
courts-sc-sc_appeal_196_2015-1.pdf,09,SRC030,statute_to_curated_topic,candidate
courts-sc-sc_appeal_196_2015-1.pdf,09,SRC071,statute_to_curated_topic,candidate
courts-sc-sc_appeal_196_2015-1.pdf,17,SRC028,statute_to_curated_topic,candidate
courts-sc-sc_appeal_196_2015-1.pdf,17,SRC030,statute_to_curated_topic,candidate
courts-sc-sc_appeal_196_2015-1.pdf,18,SRC071,statute_to_curated_topic,candidate
courts-sc-sc_appeal_197_2012.pdf,09,SRC071,statute_to_curated_topic,candidate
courts-sc-sc_appeal_197_2012.pdf,18,SRC071,statute_to_curated_topic,candidate
courts-sc-sc_appeal_197_2015.pdf,05,SRC029,statute_to_curated_topic,candidate
courts-sc-sc_appeal_197_2015.pdf,05,SRC030,statute_to_curated_topic,candidate
courts-sc-sc_appeal_197_2015.pdf,09,SRC030,statute_to_curated_topic,candidate
courts-sc-sc_appeal_197_2015.pdf,17,SRC030,statute_to_curated_topic,candidate
courts-sc-sc_appeal_198_2012.pdf,05,SRC029,statute_to_curated_topic,candidate
courts-sc-sc_appeal_198_2012.pdf,09,SRC071,statute_to_curated_topic,candidate
courts-sc-sc_appeal_198_2012.pdf,18,SRC071,statute_to_curated_topic,candidate
courts-sc-sc_appeal_198_2014.pdf,05,SRC030,statute_to_curated_topic,candidate
courts-sc-sc_appeal_198_2014.pdf,09,SRC030,statute_to_curated_topic,candidate
courts-sc-sc_appeal_198_2014.pdf,17,SRC030,statute_to_curated_topic,candidate
courts-sc-sc_appeal_199_2017.pdf,05,SRC030,statute_to_curated_topic,candidate
courts-sc-sc_appeal_199_2017.pdf,09,SRC030,statute_to_curated_topic,candidate
courts-sc-sc_appeal_199_2017.pdf,15,SRC059,statute_to_curated_topic,candidate
courts-sc-sc_appeal_199_2017.pdf,17,SRC030,statute_to_curated_topic,candidate
courts-sc-sc_appeal_19_2008.pdf,01,SRC001,statute_to_curated_topic,candidate
courts-sc-sc_appeal_19_2008.pdf,05,SRC001,statute_to_curated_topic,candidate
courts-sc-sc_appeal_19_2008.pdf,05,SRC030,statute_to_curated_topic,candidate
courts-sc-sc_appeal_19_2008.pdf,06,SRC001,statute_to_curated_topic,candidate
courts-sc-sc_appeal_19_2008.pdf,09,SRC030,statute_to_curated_topic,candidate
courts-sc-sc_appeal_19_2008.pdf,09,SRC071,statute_to_curated_topic,candidate
courts-sc-sc_appeal_19_2008.pdf,17,SRC001,statute_to_curated_topic,candidate
courts-sc-sc_appeal_19_2008.pdf,17,SRC030,statute_to_curated_topic,candidate
courts-sc-sc_appeal_19_2008.pdf,18,SRC071,statute_to_curated_topic,candidate
courts-sc-sc_appeal_19_2014_with_sc-_-appeal_72_2013-1.pdf,05,SRC023,statute_to_curated_topic,candidate
courts-sc-sc_appeal_19_2014_with_sc-_-appeal_72_2013-1.pdf,05,SRC027,statute_to_curated_topic,candidate
courts-sc-sc_appeal_19_2014_with_sc-_-appeal_72_2013-1.pdf,05,SRC029,statute_to_curated_topic,candidate
courts-sc-sc_appeal_19_2014_with_sc-_-appeal_72_2013-1.pdf,05,SRC033,statute_to_curated_topic,candidate
courts-sc-sc_appeal_19_2014_with_sc-_-appeal_72_2013-1.pdf,09,SRC023,statute_to_curated_topic,candidate
courts-sc-sc_appeal_19_2014_with_sc-_-appeal_72_2013-1.pdf,12,SRC033,statute_to_curated_topic,candidate
courts-sc-sc_appeal_19_2014_with_sc-_-appeal_72_2013-1.pdf,12,SRC054,statute_to_curated_topic,candidate
courts-sc-sc_appeal_19_2014_with_sc-_-appeal_72_2013-1.pdf,17,SRC027,statute_to_curated_topic,candidate
courts-sc-sc_appeal_19_2014_with_sc-_-appeal_72_2013-1.pdf,20,SRC023,statute_to_curated_topic,candidate
courts-sc-sc_appeal_19_2014_with_sc-_-appeal_72_2013-1.pdf,20,SRC033,statute_to_curated_topic,candidate
courts-sc-sc_appeal_1_2016.pdf,02,SRC005,statute_to_curated_topic,candidate
courts-sc-sc_appeal_1_2016.pdf,05,SRC005,statute_to_curated_topic,candidate
courts-sc-sc_appeal_1_2016.pdf,05,SRC024,statute_to_curated_topic,candidate
courts-sc-sc_appeal_1_2016.pdf,05,SRC029,statute_to_curated_topic,candidate
courts-sc-sc_appeal_1_2016.pdf,06,SRC005,statute_to_curated_topic,candidate
courts-sc-sc_appeal_1_2016.pdf,12,SRC050,statute_to_curated_topic,candidate
courts-sc-sc_appeal_1_2016.pdf,14,SRC024,statute_to_curated_topic,candidate
courts-sc-sc_appeal_1_2016.pdf,17,SRC005,statute_to_curated_topic,candidate
courts-sc-sc_appeal_1_2016.pdf,17,SRC024,statute_to_curated_topic,candidate
courts-sc-sc_appeal_1_2016.pdf,20,SRC050,statute_to_curated_topic,candidate
courts-sc-sc_appeal_1_2022.pdf,15,SRC059,statute_to_curated_topic,candidate
courts-sc-sc_appeal_1_2025-1.pdf,05,SRC029,statute_to_curated_topic,candidate
courts-sc-sc_appeal_1_2025-1.pdf,05,SRC030,statute_to_curated_topic,candidate
courts-sc-sc_appeal_1_2025-1.pdf,09,SRC030,statute_to_curated_topic,candidate
courts-sc-sc_appeal_1_2025-1.pdf,17,SRC030,statute_to_curated_topic,candidate
courts-sc-sc_appeal_200_2012.pdf,05,SRC030,statute_to_curated_topic,candidate
courts-sc-sc_appeal_200_2012.pdf,09,SRC030,statute_to_curated_topic,candidate
courts-sc-sc_appeal_200_2012.pdf,17,SRC030,statute_to_curated_topic,candidate
courts-sc-sc_appeal_202_2012.pdf,05,SRC030,statute_to_curated_topic,candidate
courts-sc-sc_appeal_202_2012.pdf,09,SRC030,statute_to_curated_topic,candidate
courts-sc-sc_appeal_202_2012.pdf,17,SRC030,statute_to_curated_topic,candidate
courts-sc-sc_appeal_202_2016.pdf,05,SRC027,statute_to_curated_topic,candidate
courts-sc-sc_appeal_202_2016.pdf,17,SRC027,statute_to_curated_topic,candidate
courts-sc-sc_appeal_205_2014.pdf,05,SRC028,statute_to_curated_topic,candidate
courts-sc-sc_appeal_205_2014.pdf,05,SRC029,statute_to_curated_topic,candidate
courts-sc-sc_appeal_205_2014.pdf,05,SRC030,statute_to_curated_topic,candidate
courts-sc-sc_appeal_205_2014.pdf,09,SRC030,statute_to_curated_topic,candidate
courts-sc-sc_appeal_205_2014.pdf,17,SRC028,statute_to_curated_topic,candidate
courts-sc-sc_appeal_205_2014.pdf,17,SRC030,statute_to_curated_topic,candidate
courts-sc-sc_appeal_208_2017.pdf,05,SRC014,statute_to_curated_topic,candidate
courts-sc-sc_appeal_208_2017.pdf,05,SRC029,statute_to_curated_topic,candidate
courts-sc-sc_appeal_208_2017.pdf,06,SRC014,statute_to_curated_topic,candidate
courts-sc-sc_appeal_208_2017.pdf,08,SRC014,statute_to_curated_topic,candidate
courts-sc-sc_appeal_208_2017.pdf,17,SRC014,statute_to_curated_topic,candidate
courts-sc-sc_appeal_208_2017.pdf,20,SRC014,statute_to_curated_topic,candidate
courts-sc-sc_appeal_209_2014.pdf,01,SRC001,statute_to_curated_topic,candidate
courts-sc-sc_appeal_209_2014.pdf,05,SRC001,statute_to_curated_topic,candidate
courts-sc-sc_appeal_209_2014.pdf,06,SRC001,statute_to_curated_topic,candidate
courts-sc-sc_appeal_209_2014.pdf,15,SRC059,statute_to_curated_topic,candidate
courts-sc-sc_appeal_209_2014.pdf,17,SRC001,statute_to_curated_topic,candidate
courts-sc-sc_appeal_20_2011.pdf,05,SRC030,statute_to_curated_topic,candidate
courts-sc-sc_appeal_20_2011.pdf,09,SRC030,statute_to_curated_topic,candidate
courts-sc-sc_appeal_20_2011.pdf,17,SRC030,statute_to_curated_topic,candidate
courts-sc-sc_appeal_210_2015.pdf,05,SRC027,statute_to_curated_topic,candidate
courts-sc-sc_appeal_210_2015.pdf,05,SRC030,statute_to_curated_topic,candidate
courts-sc-sc_appeal_210_2015.pdf,09,SRC030,statute_to_curated_topic,candidate
courts-sc-sc_appeal_210_2015.pdf,17,SRC027,statute_to_curated_topic,candidate
courts-sc-sc_appeal_210_2015.pdf,17,SRC030,statute_to_curated_topic,candidate
courts-sc-sc_appeal_211_2014.pdf,05,SRC027,statute_to_curated_topic,candidate
courts-sc-sc_appeal_211_2014.pdf,05,SRC028,statute_to_curated_topic,candidate
courts-sc-sc_appeal_211_2014.pdf,05,SRC030,statute_to_curated_topic,candidate
courts-sc-sc_appeal_211_2014.pdf,09,SRC030,statute_to_curated_topic,candidate
courts-sc-sc_appeal_211_2014.pdf,17,SRC027,statute_to_curated_topic,candidate
courts-sc-sc_appeal_211_2014.pdf,17,SRC028,statute_to_curated_topic,candidate
courts-sc-sc_appeal_211_2014.pdf,17,SRC030,statute_to_curated_topic,candidate
courts-sc-sc_appeal_211_2015.pdf,05,SRC027,statute_to_curated_topic,candidate
courts-sc-sc_appeal_211_2015.pdf,05,SRC029,statute_to_curated_topic,candidate
courts-sc-sc_appeal_211_2015.pdf,05,SRC030,statute_to_curated_topic,candidate
courts-sc-sc_appeal_211_2015.pdf,09,SRC030,statute_to_curated_topic,candidate
courts-sc-sc_appeal_211_2015.pdf,17,SRC027,statute_to_curated_topic,candidate
courts-sc-sc_appeal_211_2015.pdf,17,SRC030,statute_to_curated_topic,candidate
courts-sc-sc_appeal_212_2017.pdf,05,SRC030,statute_to_curated_topic,candidate
courts-sc-sc_appeal_212_2017.pdf,09,SRC030,statute_to_curated_topic,candidate
courts-sc-sc_appeal_212_2017.pdf,12,SRC056,statute_to_curated_topic,candidate
courts-sc-sc_appeal_212_2017.pdf,17,SRC030,statute_to_curated_topic,candidate
courts-sc-sc_appeal_213_2012.pdf,09,SRC071,statute_to_curated_topic,candidate
courts-sc-sc_appeal_213_2012.pdf,18,SRC071,statute_to_curated_topic,candidate
courts-sc-sc_appeal_218_2012.pdf,05,SRC028,statute_to_curated_topic,candidate
courts-sc-sc_appeal_218_2012.pdf,17,SRC028,statute_to_curated_topic,candidate
courts-sc-sc_appeal_218_2016.pdf,05,SRC029,statute_to_curated_topic,candidate
courts-sc-sc_appeal_219_2014.pdf,05,SRC030,statute_to_curated_topic,candidate
courts-sc-sc_appeal_219_2014.pdf,09,SRC030,statute_to_curated_topic,candidate
courts-sc-sc_appeal_219_2014.pdf,17,SRC030,statute_to_curated_topic,candidate
courts-sc-sc_appeal_21_2005.pdf,05,SRC029,statute_to_curated_topic,candidate
courts-sc-sc_appeal_21_2005.pdf,05,SRC030,statute_to_curated_topic,candidate
courts-sc-sc_appeal_21_2005.pdf,09,SRC030,statute_to_curated_topic,candidate
courts-sc-sc_appeal_21_2005.pdf,17,SRC030,statute_to_curated_topic,candidate
courts-sc-sc_appeal_21_2017.pdf,05,SRC030,statute_to_curated_topic,candidate
courts-sc-sc_appeal_21_2017.pdf,09,SRC030,statute_to_curated_topic,candidate
courts-sc-sc_appeal_21_2017.pdf,09,SRC071,statute_to_curated_topic,candidate
courts-sc-sc_appeal_21_2017.pdf,17,SRC030,statute_to_curated_topic,candidate
courts-sc-sc_appeal_21_2017.pdf,18,SRC071,statute_to_curated_topic,candidate
courts-sc-sc_appeal_220_2017.pdf,01,SRC001,statute_to_curated_topic,candidate
courts-sc-sc_appeal_220_2017.pdf,05,SRC001,statute_to_curated_topic,candidate
courts-sc-sc_appeal_220_2017.pdf,05,SRC024,statute_to_curated_topic,candidate
courts-sc-sc_appeal_220_2017.pdf,05,SRC029,statute_to_curated_topic,candidate
courts-sc-sc_appeal_220_2017.pdf,05,SRC030,statute_to_curated_topic,candidate
courts-sc-sc_appeal_220_2017.pdf,06,SRC001,statute_to_curated_topic,candidate
courts-sc-sc_appeal_220_2017.pdf,09,SRC030,statute_to_curated_topic,candidate
courts-sc-sc_appeal_220_2017.pdf,14,SRC024,statute_to_curated_topic,candidate
courts-sc-sc_appeal_220_2017.pdf,17,SRC001,statute_to_curated_topic,candidate
courts-sc-sc_appeal_220_2017.pdf,17,SRC024,statute_to_curated_topic,candidate
courts-sc-sc_appeal_220_2017.pdf,17,SRC030,statute_to_curated_topic,candidate
courts-sc-sc_appeal_221_2012.pdf,05,SRC029,statute_to_curated_topic,candidate
courts-sc-sc_appeal_221_2016.pdf,05,SRC029,statute_to_curated_topic,candidate
courts-sc-sc_appeal_222_2016.pdf,05,SRC030,statute_to_curated_topic,candidate
courts-sc-sc_appeal_222_2016.pdf,09,SRC030,statute_to_curated_topic,candidate
courts-sc-sc_appeal_222_2016.pdf,17,SRC030,statute_to_curated_topic,candidate
courts-sc-sc_appeal_225_2014.pdf,05,SRC029,statute_to_curated_topic,candidate
courts-sc-sc_appeal_225_2014.pdf,05,SRC030,statute_to_curated_topic,candidate
courts-sc-sc_appeal_225_2014.pdf,09,SRC030,statute_to_curated_topic,candidate
courts-sc-sc_appeal_225_2014.pdf,09,SRC071,statute_to_curated_topic,candidate
courts-sc-sc_appeal_225_2014.pdf,17,SRC030,statute_to_curated_topic,candidate
courts-sc-sc_appeal_225_2014.pdf,18,SRC071,statute_to_curated_topic,candidate
courts-sc-sc_appeal_227_2016.pdf,05,SRC030,statute_to_curated_topic,candidate
courts-sc-sc_appeal_227_2016.pdf,05,SRC033,statute_to_curated_topic,candidate
courts-sc-sc_appeal_227_2016.pdf,09,SRC030,statute_to_curated_topic,candidate
courts-sc-sc_appeal_227_2016.pdf,12,SRC033,statute_to_curated_topic,candidate
courts-sc-sc_appeal_227_2016.pdf,17,SRC030,statute_to_curated_topic,candidate
courts-sc-sc_appeal_227_2016.pdf,20,SRC033,statute_to_curated_topic,candidate
courts-sc-sc_appeal_22_2015.pdf,05,SRC029,statute_to_curated_topic,candidate
courts-sc-sc_appeal_22_2015.pdf,05,SRC030,statute_to_curated_topic,candidate
courts-sc-sc_appeal_22_2015.pdf,09,SRC030,statute_to_curated_topic,candidate
courts-sc-sc_appeal_22_2015.pdf,17,SRC030,statute_to_curated_topic,candidate
courts-sc-sc_appeal_22_2018.pdf,05,SRC030,statute_to_curated_topic,candidate
courts-sc-sc_appeal_22_2018.pdf,09,SRC030,statute_to_curated_topic,candidate
courts-sc-sc_appeal_22_2018.pdf,17,SRC030,statute_to_curated_topic,candidate
courts-sc-sc_appeal_231_2014.pdf,05,SRC014,statute_to_curated_topic,candidate
courts-sc-sc_appeal_231_2014.pdf,05,SRC029,statute_to_curated_topic,candidate
courts-sc-sc_appeal_231_2014.pdf,06,SRC014,statute_to_curated_topic,candidate
courts-sc-sc_appeal_231_2014.pdf,08,SRC014,statute_to_curated_topic,candidate
courts-sc-sc_appeal_231_2014.pdf,17,SRC014,statute_to_curated_topic,candidate
courts-sc-sc_appeal_231_2014.pdf,20,SRC014,statute_to_curated_topic,candidate
courts-sc-sc_appeal_231_2017.pdf,05,SRC030,statute_to_curated_topic,candidate
courts-sc-sc_appeal_231_2017.pdf,09,SRC030,statute_to_curated_topic,candidate
courts-sc-sc_appeal_231_2017.pdf,09,SRC071,statute_to_curated_topic,candidate
courts-sc-sc_appeal_231_2017.pdf,15,SRC059,statute_to_curated_topic,candidate
courts-sc-sc_appeal_231_2017.pdf,17,SRC030,statute_to_curated_topic,candidate
courts-sc-sc_appeal_231_2017.pdf,18,SRC071,statute_to_curated_topic,candidate
courts-sc-sc_appeal_232_2017.pdf,05,SRC029,statute_to_curated_topic,candidate
courts-sc-sc_appeal_232_2017.pdf,05,SRC030,statute_to_curated_topic,candidate
courts-sc-sc_appeal_232_2017.pdf,09,SRC030,statute_to_curated_topic,candidate
courts-sc-sc_appeal_232_2017.pdf,17,SRC030,statute_to_curated_topic,candidate
courts-sc-sc_appeal_235_2014.pdf,05,SRC030,statute_to_curated_topic,candidate
courts-sc-sc_appeal_235_2014.pdf,09,SRC030,statute_to_curated_topic,candidate
courts-sc-sc_appeal_235_2014.pdf,17,SRC030,statute_to_curated_topic,candidate
courts-sc-sc_appeal_235_2016.pdf,05,SRC029,statute_to_curated_topic,candidate
courts-sc-sc_appeal_235_2016.pdf,09,SRC071,statute_to_curated_topic,candidate
courts-sc-sc_appeal_235_2016.pdf,18,SRC071,statute_to_curated_topic,candidate
courts-sc-sc_appeal_237_2017.pdf,05,SRC028,statute_to_curated_topic,candidate
courts-sc-sc_appeal_237_2017.pdf,17,SRC028,statute_to_curated_topic,candidate
courts-sc-sc_appeal_239_2016.pdf,05,SRC027,statute_to_curated_topic,candidate
courts-sc-sc_appeal_239_2016.pdf,17,SRC027,statute_to_curated_topic,candidate
courts-sc-sc_appeal_23_2010.pdf,05,SRC030,statute_to_curated_topic,candidate
courts-sc-sc_appeal_23_2010.pdf,09,SRC030,statute_to_curated_topic,candidate
courts-sc-sc_appeal_23_2010.pdf,17,SRC030,statute_to_curated_topic,candidate
courts-sc-sc_appeal_23_2014.pdf,02,SRC005,statute_to_curated_topic,candidate
courts-sc-sc_appeal_23_2014.pdf,05,SRC005,statute_to_curated_topic,candidate
courts-sc-sc_appeal_23_2014.pdf,06,SRC005,statute_to_curated_topic,candidate
courts-sc-sc_appeal_23_2014.pdf,17,SRC005,statute_to_curated_topic,candidate
courts-sc-sc_appeal_23_2019.pdf,05,SRC029,statute_to_curated_topic,candidate
courts-sc-sc_appeal_23_2019.pdf,09,SRC071,statute_to_curated_topic,candidate
courts-sc-sc_appeal_23_2019.pdf,18,SRC071,statute_to_curated_topic,candidate
courts-sc-sc_appeal_23_2022ed1.pdf,05,SRC029,statute_to_curated_topic,candidate
courts-sc-sc_appeal_23_2022ed1.pdf,05,SRC030,statute_to_curated_topic,candidate
courts-sc-sc_appeal_23_2022ed1.pdf,09,SRC030,statute_to_curated_topic,candidate
courts-sc-sc_appeal_23_2022ed1.pdf,17,SRC030,statute_to_curated_topic,candidate
courts-sc-sc_appeal_240_2014.pdf,05,SRC030,statute_to_curated_topic,candidate
courts-sc-sc_appeal_240_2014.pdf,09,SRC030,statute_to_curated_topic,candidate
courts-sc-sc_appeal_240_2014.pdf,12,SRC054,statute_to_curated_topic,candidate
courts-sc-sc_appeal_240_2014.pdf,17,SRC030,statute_to_curated_topic,candidate
courts-sc-sc_appeal_241_2016.pdf,05,SRC029,statute_to_curated_topic,candidate
courts-sc-sc_appeal_241_2016.pdf,05,SRC030,statute_to_curated_topic,candidate
courts-sc-sc_appeal_241_2016.pdf,09,SRC030,statute_to_curated_topic,candidate
courts-sc-sc_appeal_241_2016.pdf,17,SRC030,statute_to_curated_topic,candidate
courts-sc-sc_appeal_242_2016_amd1-1.pdf,05,SRC029,statute_to_curated_topic,candidate
courts-sc-sc_appeal_242_2016_amd1-1.pdf,09,SRC071,statute_to_curated_topic,candidate
courts-sc-sc_appeal_242_2016_amd1-1.pdf,18,SRC071,statute_to_curated_topic,candidate
courts-sc-sc_appeal_243_2014.pdf,05,SRC030,statute_to_curated_topic,candidate
courts-sc-sc_appeal_243_2014.pdf,09,SRC030,statute_to_curated_topic,candidate
courts-sc-sc_appeal_243_2014.pdf,17,SRC030,statute_to_curated_topic,candidate
courts-sc-sc_appeal_244_2014.pdf,01,SRC001,statute_to_curated_topic,candidate
courts-sc-sc_appeal_244_2014.pdf,02,SRC005,statute_to_curated_topic,candidate
courts-sc-sc_appeal_244_2014.pdf,05,SRC001,statute_to_curated_topic,candidate
courts-sc-sc_appeal_244_2014.pdf,05,SRC005,statute_to_curated_topic,candidate
courts-sc-sc_appeal_244_2014.pdf,05,SRC028,statute_to_curated_topic,candidate
courts-sc-sc_appeal_244_2014.pdf,05,SRC030,statute_to_curated_topic,candidate
courts-sc-sc_appeal_244_2014.pdf,06,SRC001,statute_to_curated_topic,candidate
courts-sc-sc_appeal_244_2014.pdf,06,SRC005,statute_to_curated_topic,candidate
courts-sc-sc_appeal_244_2014.pdf,09,SRC030,statute_to_curated_topic,candidate
courts-sc-sc_appeal_244_2014.pdf,15,SRC059,statute_to_curated_topic,candidate
courts-sc-sc_appeal_244_2014.pdf,17,SRC001,statute_to_curated_topic,candidate
courts-sc-sc_appeal_244_2014.pdf,17,SRC005,statute_to_curated_topic,candidate
courts-sc-sc_appeal_244_2014.pdf,17,SRC028,statute_to_curated_topic,candidate
courts-sc-sc_appeal_244_2014.pdf,17,SRC030,statute_to_curated_topic,candidate
courts-sc-sc_appeal_248_2017.pdf,01,SRC001,statute_to_curated_topic,candidate
courts-sc-sc_appeal_248_2017.pdf,05,SRC001,statute_to_curated_topic,candidate
courts-sc-sc_appeal_248_2017.pdf,05,SRC027,statute_to_curated_topic,candidate
courts-sc-sc_appeal_248_2017.pdf,05,SRC029,statute_to_curated_topic,candidate
courts-sc-sc_appeal_248_2017.pdf,05,SRC030,statute_to_curated_topic,candidate
courts-sc-sc_appeal_248_2017.pdf,06,SRC001,statute_to_curated_topic,candidate
courts-sc-sc_appeal_248_2017.pdf,09,SRC030,statute_to_curated_topic,candidate
courts-sc-sc_appeal_248_2017.pdf,17,SRC001,statute_to_curated_topic,candidate
courts-sc-sc_appeal_248_2017.pdf,17,SRC027,statute_to_curated_topic,candidate
courts-sc-sc_appeal_248_2017.pdf,17,SRC030,statute_to_curated_topic,candidate
courts-sc-sc_appeal_24_2015.pdf,05,SRC030,statute_to_curated_topic,candidate
courts-sc-sc_appeal_24_2015.pdf,09,SRC030,statute_to_curated_topic,candidate
courts-sc-sc_appeal_24_2015.pdf,09,SRC071,statute_to_curated_topic,candidate
courts-sc-sc_appeal_24_2015.pdf,17,SRC030,statute_to_curated_topic,candidate
courts-sc-sc_appeal_24_2015.pdf,18,SRC071,statute_to_curated_topic,candidate
courts-sc-sc_appeal_24_2022.pdf,15,SRC059,statute_to_curated_topic,candidate
courts-sc-sc_appeal_253_2014.pdf,05,SRC029,statute_to_curated_topic,candidate
courts-sc-sc_appeal_253_2014.pdf,09,SRC071,statute_to_curated_topic,candidate
courts-sc-sc_appeal_253_2014.pdf,18,SRC071,statute_to_curated_topic,candidate
courts-sc-sc_appeal_25_2018.pdf,05,SRC029,statute_to_curated_topic,candidate
courts-sc-sc_appeal_25_2018.pdf,09,SRC071,statute_to_curated_topic,candidate
courts-sc-sc_appeal_25_2018.pdf,18,SRC071,statute_to_curated_topic,candidate
courts-sc-sc_appeal_26_2016.pdf,05,SRC027,statute_to_curated_topic,candidate
courts-sc-sc_appeal_26_2016.pdf,05,SRC030,statute_to_curated_topic,candidate
courts-sc-sc_appeal_26_2016.pdf,09,SRC030,statute_to_curated_topic,candidate
courts-sc-sc_appeal_26_2016.pdf,17,SRC027,statute_to_curated_topic,candidate
courts-sc-sc_appeal_26_2016.pdf,17,SRC030,statute_to_curated_topic,candidate
courts-sc-sc_appeal_27_2011.pdf,05,SRC027,statute_to_curated_topic,candidate
courts-sc-sc_appeal_27_2011.pdf,05,SRC030,statute_to_curated_topic,candidate
courts-sc-sc_appeal_27_2011.pdf,09,SRC030,statute_to_curated_topic,candidate
courts-sc-sc_appeal_27_2011.pdf,17,SRC027,statute_to_curated_topic,candidate
courts-sc-sc_appeal_27_2011.pdf,17,SRC030,statute_to_curated_topic,candidate
courts-sc-sc_appeal_27_2013.pdf,02,SRC005,statute_to_curated_topic,candidate
courts-sc-sc_appeal_27_2013.pdf,05,SRC005,statute_to_curated_topic,candidate
courts-sc-sc_appeal_27_2013.pdf,05,SRC027,statute_to_curated_topic,candidate
courts-sc-sc_appeal_27_2013.pdf,06,SRC005,statute_to_curated_topic,candidate
courts-sc-sc_appeal_27_2013.pdf,17,SRC005,statute_to_curated_topic,candidate
courts-sc-sc_appeal_27_2013.pdf,17,SRC027,statute_to_curated_topic,candidate
courts-sc-sc_appeal_27_2018.pdf,02,SRC005,statute_to_curated_topic,candidate
courts-sc-sc_appeal_27_2018.pdf,05,SRC005,statute_to_curated_topic,candidate
courts-sc-sc_appeal_27_2018.pdf,05,SRC027,statute_to_curated_topic,candidate
courts-sc-sc_appeal_27_2018.pdf,05,SRC030,statute_to_curated_topic,candidate
courts-sc-sc_appeal_27_2018.pdf,06,SRC005,statute_to_curated_topic,candidate
courts-sc-sc_appeal_27_2018.pdf,09,SRC030,statute_to_curated_topic,candidate
courts-sc-sc_appeal_27_2018.pdf,15,SRC059,statute_to_curated_topic,candidate
courts-sc-sc_appeal_27_2018.pdf,17,SRC005,statute_to_curated_topic,candidate
courts-sc-sc_appeal_27_2018.pdf,17,SRC027,statute_to_curated_topic,candidate
courts-sc-sc_appeal_27_2018.pdf,17,SRC030,statute_to_curated_topic,candidate
courts-sc-sc_appeal_27_2020.pdf,02,SRC005,statute_to_curated_topic,candidate
courts-sc-sc_appeal_27_2020.pdf,02,SRC009,statute_to_curated_topic,candidate
courts-sc-sc_appeal_27_2020.pdf,05,SRC005,statute_to_curated_topic,candidate
courts-sc-sc_appeal_27_2020.pdf,05,SRC009,statute_to_curated_topic,candidate
courts-sc-sc_appeal_27_2020.pdf,05,SRC029,statute_to_curated_topic,candidate
courts-sc-sc_appeal_27_2020.pdf,06,SRC005,statute_to_curated_topic,candidate
courts-sc-sc_appeal_27_2020.pdf,09,SRC071,statute_to_curated_topic,candidate
courts-sc-sc_appeal_27_2020.pdf,17,SRC005,statute_to_curated_topic,candidate
courts-sc-sc_appeal_27_2020.pdf,18,SRC071,statute_to_curated_topic,candidate
courts-sc-sc_appeal_28_2008.pdf,01,SRC001,statute_to_curated_topic,candidate
courts-sc-sc_appeal_28_2008.pdf,05,SRC001,statute_to_curated_topic,candidate
courts-sc-sc_appeal_28_2008.pdf,05,SRC029,statute_to_curated_topic,candidate
courts-sc-sc_appeal_28_2008.pdf,06,SRC001,statute_to_curated_topic,candidate
courts-sc-sc_appeal_28_2008.pdf,15,SRC059,statute_to_curated_topic,candidate
courts-sc-sc_appeal_28_2008.pdf,17,SRC001,statute_to_curated_topic,candidate
courts-sc-sc_appeal_28_2013.pdf,05,SRC030,statute_to_curated_topic,candidate
courts-sc-sc_appeal_28_2013.pdf,09,SRC030,statute_to_curated_topic,candidate
courts-sc-sc_appeal_28_2013.pdf,17,SRC030,statute_to_curated_topic,candidate
courts-sc-sc_appeal_28_2014.pdf,09,SRC071,statute_to_curated_topic,candidate
courts-sc-sc_appeal_28_2014.pdf,18,SRC071,statute_to_curated_topic,candidate
courts-sc-sc_appeal_28_2016.pdf,09,SRC071,statute_to_curated_topic,candidate
courts-sc-sc_appeal_28_2016.pdf,18,SRC071,statute_to_curated_topic,candidate
courts-sc-sc_appeal_28_2017.pdf,05,SRC029,statute_to_curated_topic,candidate
courts-sc-sc_appeal_28_2017.pdf,05,SRC030,statute_to_curated_topic,candidate
courts-sc-sc_appeal_28_2017.pdf,09,SRC030,statute_to_curated_topic,candidate
courts-sc-sc_appeal_28_2017.pdf,09,SRC071,statute_to_curated_topic,candidate
courts-sc-sc_appeal_28_2017.pdf,17,SRC030,statute_to_curated_topic,candidate
courts-sc-sc_appeal_28_2017.pdf,18,SRC071,statute_to_curated_topic,candidate
courts-sc-sc_appeal_29_2009.pdf,05,SRC030,statute_to_curated_topic,candidate
courts-sc-sc_appeal_29_2009.pdf,09,SRC030,statute_to_curated_topic,candidate
courts-sc-sc_appeal_29_2009.pdf,17,SRC030,statute_to_curated_topic,candidate
courts-sc-sc_appeal_29_2009.pdf,17,SRC064,statute_to_curated_topic,candidate
courts-sc-sc_appeal_29_2014.pdf,05,SRC030,statute_to_curated_topic,candidate
courts-sc-sc_appeal_29_2014.pdf,09,SRC030,statute_to_curated_topic,candidate
courts-sc-sc_appeal_29_2014.pdf,17,SRC030,statute_to_curated_topic,candidate
courts-sc-sc_appeal_29_2021.pdf,01,SRC001,statute_to_curated_topic,candidate
courts-sc-sc_appeal_29_2021.pdf,01,SRC003,statute_to_curated_topic,candidate
courts-sc-sc_appeal_29_2021.pdf,05,SRC001,statute_to_curated_topic,candidate
courts-sc-sc_appeal_29_2021.pdf,05,SRC003,statute_to_curated_topic,candidate
courts-sc-sc_appeal_29_2021.pdf,05,SRC014,statute_to_curated_topic,candidate
courts-sc-sc_appeal_29_2021.pdf,05,SRC029,statute_to_curated_topic,candidate
courts-sc-sc_appeal_29_2021.pdf,06,SRC001,statute_to_curated_topic,candidate
courts-sc-sc_appeal_29_2021.pdf,06,SRC014,statute_to_curated_topic,candidate
courts-sc-sc_appeal_29_2021.pdf,08,SRC014,statute_to_curated_topic,candidate
courts-sc-sc_appeal_29_2021.pdf,17,SRC001,statute_to_curated_topic,candidate
courts-sc-sc_appeal_29_2021.pdf,17,SRC003,statute_to_curated_topic,candidate
courts-sc-sc_appeal_29_2021.pdf,17,SRC014,statute_to_curated_topic,candidate
courts-sc-sc_appeal_29_2021.pdf,20,SRC014,statute_to_curated_topic,candidate
courts-sc-sc_appeal_2_2009.pdf,05,SRC027,statute_to_curated_topic,candidate
courts-sc-sc_appeal_2_2009.pdf,17,SRC027,statute_to_curated_topic,candidate
courts-sc-sc_appeal_2_2015.pdf,02,SRC005,statute_to_curated_topic,candidate
courts-sc-sc_appeal_2_2015.pdf,05,SRC005,statute_to_curated_topic,candidate
courts-sc-sc_appeal_2_2015.pdf,06,SRC005,statute_to_curated_topic,candidate
courts-sc-sc_appeal_2_2015.pdf,09,SRC071,statute_to_curated_topic,candidate
courts-sc-sc_appeal_2_2015.pdf,15,SRC059,statute_to_curated_topic,candidate
courts-sc-sc_appeal_2_2015.pdf,17,SRC005,statute_to_curated_topic,candidate
courts-sc-sc_appeal_2_2015.pdf,18,SRC071,statute_to_curated_topic,candidate
courts-sc-sc_appeal_2_2019.pdf,05,SRC027,statute_to_curated_topic,candidate
courts-sc-sc_appeal_2_2019.pdf,17,SRC027,statute_to_curated_topic,candidate
courts-sc-sc_appeal_2_2021.pdf,05,SRC029,statute_to_curated_topic,candidate
courts-sc-sc_appeal_2_2021.pdf,05,SRC030,statute_to_curated_topic,candidate
courts-sc-sc_appeal_2_2021.pdf,09,SRC030,statute_to_curated_topic,candidate
courts-sc-sc_appeal_2_2021.pdf,17,SRC030,statute_to_curated_topic,candidate
courts-sc-sc_appeal_30_2013.pdf,09,SRC071,statute_to_curated_topic,candidate
courts-sc-sc_appeal_30_2013.pdf,18,SRC071,statute_to_curated_topic,candidate
courts-sc-sc_appeal_30_2015.pdf,05,SRC029,statute_to_curated_topic,candidate
courts-sc-sc_appeal_30_2016.pdf,05,SRC027,statute_to_curated_topic,candidate
courts-sc-sc_appeal_30_2016.pdf,09,SRC071,statute_to_curated_topic,candidate
courts-sc-sc_appeal_30_2016.pdf,17,SRC027,statute_to_curated_topic,candidate
courts-sc-sc_appeal_30_2016.pdf,18,SRC071,statute_to_curated_topic,candidate
courts-sc-sc_appeal_30_2018.pdf,05,SRC027,statute_to_curated_topic,candidate
courts-sc-sc_appeal_30_2018.pdf,05,SRC030,statute_to_curated_topic,candidate
courts-sc-sc_appeal_30_2018.pdf,09,SRC030,statute_to_curated_topic,candidate
courts-sc-sc_appeal_30_2018.pdf,17,SRC027,statute_to_curated_topic,candidate
courts-sc-sc_appeal_30_2018.pdf,17,SRC030,statute_to_curated_topic,candidate
courts-sc-sc_appeal_30_2024.pdf,12,SRC050,statute_to_curated_topic,candidate
courts-sc-sc_appeal_30_2024.pdf,20,SRC050,statute_to_curated_topic,candidate
courts-sc-sc_appeal_31_2017.pdf,05,SRC029,statute_to_curated_topic,candidate
courts-sc-sc_appeal_31_2017.pdf,05,SRC030,statute_to_curated_topic,candidate
courts-sc-sc_appeal_31_2017.pdf,09,SRC030,statute_to_curated_topic,candidate
courts-sc-sc_appeal_31_2017.pdf,17,SRC030,statute_to_curated_topic,candidate
courts-sc-sc_appeal_31_2017.pdf,17,SRC064,statute_to_curated_topic,candidate
courts-sc-sc_appeal_31_2023.pdf,05,SRC030,statute_to_curated_topic,candidate
courts-sc-sc_appeal_31_2023.pdf,09,SRC030,statute_to_curated_topic,candidate
courts-sc-sc_appeal_31_2023.pdf,09,SRC071,statute_to_curated_topic,candidate
courts-sc-sc_appeal_31_2023.pdf,17,SRC030,statute_to_curated_topic,candidate
courts-sc-sc_appeal_31_2023.pdf,17,SRC080,statute_to_curated_topic,candidate
courts-sc-sc_appeal_31_2023.pdf,18,SRC071,statute_to_curated_topic,candidate
courts-sc-sc_appeal_31_2023.pdf,18,SRC080,statute_to_curated_topic,candidate
courts-sc-sc_appeal_32_2009.pdf,02,SRC005,statute_to_curated_topic,candidate
courts-sc-sc_appeal_32_2009.pdf,05,SRC005,statute_to_curated_topic,candidate
courts-sc-sc_appeal_32_2009.pdf,06,SRC005,statute_to_curated_topic,candidate
courts-sc-sc_appeal_32_2009.pdf,17,SRC005,statute_to_curated_topic,candidate
courts-sc-sc_appeal_32_2021.pdf,05,SRC029,statute_to_curated_topic,candidate
courts-sc-sc_appeal_33_2005.pdf,05,SRC027,statute_to_curated_topic,candidate
courts-sc-sc_appeal_33_2005.pdf,05,SRC028,statute_to_curated_topic,candidate
courts-sc-sc_appeal_33_2005.pdf,05,SRC029,statute_to_curated_topic,candidate
courts-sc-sc_appeal_33_2005.pdf,05,SRC030,statute_to_curated_topic,candidate
courts-sc-sc_appeal_33_2005.pdf,09,SRC030,statute_to_curated_topic,candidate
courts-sc-sc_appeal_33_2005.pdf,17,SRC027,statute_to_curated_topic,candidate
courts-sc-sc_appeal_33_2005.pdf,17,SRC028,statute_to_curated_topic,candidate
courts-sc-sc_appeal_33_2005.pdf,17,SRC030,statute_to_curated_topic,candidate
courts-sc-sc_appeal_33_2009-1.pdf,05,SRC030,statute_to_curated_topic,candidate
courts-sc-sc_appeal_33_2009-1.pdf,09,SRC030,statute_to_curated_topic,candidate
courts-sc-sc_appeal_33_2009-1.pdf,09,SRC071,statute_to_curated_topic,candidate
courts-sc-sc_appeal_33_2009-1.pdf,17,SRC030,statute_to_curated_topic,candidate
courts-sc-sc_appeal_33_2009-1.pdf,18,SRC071,statute_to_curated_topic,candidate
courts-sc-sc_appeal_33_2009-2.pdf,02,SRC005,statute_to_curated_topic,candidate
courts-sc-sc_appeal_33_2009-2.pdf,05,SRC005,statute_to_curated_topic,candidate
courts-sc-sc_appeal_33_2009-2.pdf,06,SRC005,statute_to_curated_topic,candidate
courts-sc-sc_appeal_33_2009-2.pdf,17,SRC005,statute_to_curated_topic,candidate
courts-sc-sc_appeal_33_2010.pdf,05,SRC029,statute_to_curated_topic,candidate
courts-sc-sc_appeal_33_2010.pdf,05,SRC030,statute_to_curated_topic,candidate
courts-sc-sc_appeal_33_2010.pdf,09,SRC030,statute_to_curated_topic,candidate
courts-sc-sc_appeal_33_2010.pdf,09,SRC071,statute_to_curated_topic,candidate
courts-sc-sc_appeal_33_2010.pdf,17,SRC030,statute_to_curated_topic,candidate
courts-sc-sc_appeal_33_2010.pdf,18,SRC071,statute_to_curated_topic,candidate
courts-sc-sc_appeal_33_2013-1.pdf,05,SRC029,statute_to_curated_topic,candidate
courts-sc-sc_appeal_33_2013-1.pdf,09,SRC071,statute_to_curated_topic,candidate
courts-sc-sc_appeal_33_2013-1.pdf,18,SRC071,statute_to_curated_topic,candidate
courts-sc-sc_appeal_33_2019.pdf,05,SRC030,statute_to_curated_topic,candidate
courts-sc-sc_appeal_33_2019.pdf,09,SRC030,statute_to_curated_topic,candidate
courts-sc-sc_appeal_33_2019.pdf,17,SRC030,statute_to_curated_topic,candidate
courts-sc-sc_appeal_33_2020.pdf,05,SRC014,statute_to_curated_topic,candidate
courts-sc-sc_appeal_33_2020.pdf,05,SRC030,statute_to_curated_topic,candidate
courts-sc-sc_appeal_33_2020.pdf,06,SRC014,statute_to_curated_topic,candidate
courts-sc-sc_appeal_33_2020.pdf,08,SRC014,statute_to_curated_topic,candidate
courts-sc-sc_appeal_33_2020.pdf,09,SRC030,statute_to_curated_topic,candidate
courts-sc-sc_appeal_33_2020.pdf,17,SRC014,statute_to_curated_topic,candidate
courts-sc-sc_appeal_33_2020.pdf,17,SRC030,statute_to_curated_topic,candidate
courts-sc-sc_appeal_33_2020.pdf,20,SRC014,statute_to_curated_topic,candidate
courts-sc-sc_appeal_33a_2012.pdf,05,SRC028,statute_to_curated_topic,candidate
courts-sc-sc_appeal_33a_2012.pdf,05,SRC030,statute_to_curated_topic,candidate
courts-sc-sc_appeal_33a_2012.pdf,09,SRC030,statute_to_curated_topic,candidate
courts-sc-sc_appeal_33a_2012.pdf,17,SRC028,statute_to_curated_topic,candidate
courts-sc-sc_appeal_33a_2012.pdf,17,SRC030,statute_to_curated_topic,candidate
courts-sc-sc_appeal_34_2010.pdf,05,SRC029,statute_to_curated_topic,candidate
courts-sc-sc_appeal_34_2010.pdf,05,SRC030,statute_to_curated_topic,candidate
courts-sc-sc_appeal_34_2010.pdf,09,SRC030,statute_to_curated_topic,candidate
courts-sc-sc_appeal_34_2010.pdf,17,SRC030,statute_to_curated_topic,candidate
courts-sc-sc_appeal_34_2015.pdf,05,SRC029,statute_to_curated_topic,candidate
courts-sc-sc_appeal_34_2022.pdf,12,SRC054,statute_to_curated_topic,candidate
courts-sc-sc_appeal_35_2018.pdf,09,SRC071,statute_to_curated_topic,candidate
courts-sc-sc_appeal_35_2018.pdf,18,SRC071,statute_to_curated_topic,candidate
courts-sc-sc_appeal_35_2021-1.pdf,05,SRC029,statute_to_curated_topic,candidate
courts-sc-sc_appeal_35_2021-1.pdf,05,SRC030,statute_to_curated_topic,candidate
courts-sc-sc_appeal_35_2021-1.pdf,09,SRC030,statute_to_curated_topic,candidate
courts-sc-sc_appeal_35_2021-1.pdf,12,SRC054,statute_to_curated_topic,candidate
courts-sc-sc_appeal_35_2021-1.pdf,17,SRC030,statute_to_curated_topic,candidate
courts-sc-sc_appeal_36_-2018.pdf,01,SRC004,statute_to_curated_topic,candidate
courts-sc-sc_appeal_36_-2018.pdf,05,SRC004,statute_to_curated_topic,candidate
courts-sc-sc_appeal_36_-2018.pdf,05,SRC029,statute_to_curated_topic,candidate
courts-sc-sc_appeal_36_-2018.pdf,09,SRC004,statute_to_curated_topic,candidate
courts-sc-sc_appeal_36_-2018.pdf,10,SRC048,statute_to_curated_topic,candidate
courts-sc-sc_appeal_36_2011.pdf,05,SRC014,statute_to_curated_topic,candidate
courts-sc-sc_appeal_36_2011.pdf,06,SRC014,statute_to_curated_topic,candidate
courts-sc-sc_appeal_36_2011.pdf,08,SRC014,statute_to_curated_topic,candidate
courts-sc-sc_appeal_36_2011.pdf,17,SRC014,statute_to_curated_topic,candidate
courts-sc-sc_appeal_36_2011.pdf,20,SRC014,statute_to_curated_topic,candidate
courts-sc-sc_appeal_36_2012.pdf,05,SRC027,statute_to_curated_topic,candidate
courts-sc-sc_appeal_36_2012.pdf,05,SRC029,statute_to_curated_topic,candidate
courts-sc-sc_appeal_36_2012.pdf,17,SRC027,statute_to_curated_topic,candidate
courts-sc-sc_appeal_36_2014.pdf,05,SRC027,statute_to_curated_topic,candidate
courts-sc-sc_appeal_36_2014.pdf,05,SRC029,statute_to_curated_topic,candidate
courts-sc-sc_appeal_36_2014.pdf,05,SRC030,statute_to_curated_topic,candidate
courts-sc-sc_appeal_36_2014.pdf,09,SRC030,statute_to_curated_topic,candidate
courts-sc-sc_appeal_36_2014.pdf,17,SRC027,statute_to_curated_topic,candidate
courts-sc-sc_appeal_36_2014.pdf,17,SRC030,statute_to_curated_topic,candidate
courts-sc-sc_appeal_36_2016.pdf,05,SRC030,statute_to_curated_topic,candidate
courts-sc-sc_appeal_36_2016.pdf,09,SRC030,statute_to_curated_topic,candidate
courts-sc-sc_appeal_36_2016.pdf,15,SRC059,statute_to_curated_topic,candidate
courts-sc-sc_appeal_36_2016.pdf,17,SRC030,statute_to_curated_topic,candidate
courts-sc-sc_appeal_36_2019.pdf,12,SRC051,statute_to_curated_topic,candidate
courts-sc-sc_appeal_37A_2010.pdf,09,SRC071,statute_to_curated_topic,candidate
courts-sc-sc_appeal_37A_2010.pdf,11,SRC049,statute_to_curated_topic,candidate
courts-sc-sc_appeal_37A_2010.pdf,18,SRC071,statute_to_curated_topic,candidate
courts-sc-sc_appeal_37A_2010.pdf,20,SRC049,statute_to_curated_topic,candidate
courts-sc-sc_appeal_37_2014.pdf,05,SRC027,statute_to_curated_topic,candidate
courts-sc-sc_appeal_37_2014.pdf,09,SRC071,statute_to_curated_topic,candidate
courts-sc-sc_appeal_37_2014.pdf,17,SRC027,statute_to_curated_topic,candidate
courts-sc-sc_appeal_37_2014.pdf,18,SRC071,statute_to_curated_topic,candidate
courts-sc-sc_appeal_38_2014-1.pdf,01,SRC001,statute_to_curated_topic,candidate
courts-sc-sc_appeal_38_2014-1.pdf,05,SRC001,statute_to_curated_topic,candidate
courts-sc-sc_appeal_38_2014-1.pdf,05,SRC029,statute_to_curated_topic,candidate
courts-sc-sc_appeal_38_2014-1.pdf,05,SRC030,statute_to_curated_topic,candidate
courts-sc-sc_appeal_38_2014-1.pdf,06,SRC001,statute_to_curated_topic,candidate
courts-sc-sc_appeal_38_2014-1.pdf,09,SRC030,statute_to_curated_topic,candidate
courts-sc-sc_appeal_38_2014-1.pdf,17,SRC001,statute_to_curated_topic,candidate
courts-sc-sc_appeal_38_2014-1.pdf,17,SRC030,statute_to_curated_topic,candidate
courts-sc-sc_appeal_38_2016.pdf,01,SRC001,statute_to_curated_topic,candidate
courts-sc-sc_appeal_38_2016.pdf,05,SRC001,statute_to_curated_topic,candidate
courts-sc-sc_appeal_38_2016.pdf,05,SRC014,statute_to_curated_topic,candidate
courts-sc-sc_appeal_38_2016.pdf,06,SRC001,statute_to_curated_topic,candidate
courts-sc-sc_appeal_38_2016.pdf,06,SRC014,statute_to_curated_topic,candidate
courts-sc-sc_appeal_38_2016.pdf,08,SRC014,statute_to_curated_topic,candidate
courts-sc-sc_appeal_38_2016.pdf,09,SRC071,statute_to_curated_topic,candidate
courts-sc-sc_appeal_38_2016.pdf,17,SRC001,statute_to_curated_topic,candidate
courts-sc-sc_appeal_38_2016.pdf,17,SRC014,statute_to_curated_topic,candidate
courts-sc-sc_appeal_38_2016.pdf,18,SRC071,statute_to_curated_topic,candidate
courts-sc-sc_appeal_38_2016.pdf,20,SRC014,statute_to_curated_topic,candidate
courts-sc-sc_appeal_38_2020.pdf,05,SRC030,statute_to_curated_topic,candidate
courts-sc-sc_appeal_38_2020.pdf,09,SRC030,statute_to_curated_topic,candidate
courts-sc-sc_appeal_38_2020.pdf,17,SRC030,statute_to_curated_topic,candidate
courts-sc-sc_appeal_38_39_2006.pdf,05,SRC030,statute_to_curated_topic,candidate
courts-sc-sc_appeal_38_39_2006.pdf,09,SRC030,statute_to_curated_topic,candidate
courts-sc-sc_appeal_38_39_2006.pdf,17,SRC030,statute_to_curated_topic,candidate
courts-sc-sc_appeal_39_2014.pdf,05,SRC027,statute_to_curated_topic,candidate
courts-sc-sc_appeal_39_2014.pdf,05,SRC029,statute_to_curated_topic,candidate
courts-sc-sc_appeal_39_2014.pdf,05,SRC033,statute_to_curated_topic,candidate
courts-sc-sc_appeal_39_2014.pdf,12,SRC033,statute_to_curated_topic,candidate
courts-sc-sc_appeal_39_2014.pdf,12,SRC050,statute_to_curated_topic,candidate
courts-sc-sc_appeal_39_2014.pdf,17,SRC027,statute_to_curated_topic,candidate
courts-sc-sc_appeal_39_2014.pdf,20,SRC033,statute_to_curated_topic,candidate
courts-sc-sc_appeal_39_2014.pdf,20,SRC050,statute_to_curated_topic,candidate
courts-sc-sc_appeal_39_2024.pdf,05,SRC030,statute_to_curated_topic,candidate
courts-sc-sc_appeal_39_2024.pdf,09,SRC030,statute_to_curated_topic,candidate
courts-sc-sc_appeal_39_2024.pdf,09,SRC071,statute_to_curated_topic,candidate
courts-sc-sc_appeal_39_2024.pdf,17,SRC030,statute_to_curated_topic,candidate
courts-sc-sc_appeal_39_2024.pdf,18,SRC071,statute_to_curated_topic,candidate
courts-sc-sc_appeal_3_2016.pdf,05,SRC027,statute_to_curated_topic,candidate
courts-sc-sc_appeal_3_2016.pdf,17,SRC027,statute_to_curated_topic,candidate
courts-sc-sc_appeal_3_2020.pdf,05,SRC027,statute_to_curated_topic,candidate
courts-sc-sc_appeal_3_2020.pdf,17,SRC027,statute_to_curated_topic,candidate
courts-sc-sc_appeal_40_2012.pdf,05,SRC027,statute_to_curated_topic,candidate
courts-sc-sc_appeal_40_2012.pdf,09,SRC071,statute_to_curated_topic,candidate
courts-sc-sc_appeal_40_2012.pdf,17,SRC027,statute_to_curated_topic,candidate
courts-sc-sc_appeal_40_2012.pdf,18,SRC071,statute_to_curated_topic,candidate
courts-sc-sc_appeal_40_2013.pdf,05,SRC028,statute_to_curated_topic,candidate
courts-sc-sc_appeal_40_2013.pdf,17,SRC028,statute_to_curated_topic,candidate
courts-sc-sc_appeal_40_2014.pdf,05,SRC027,statute_to_curated_topic,candidate
courts-sc-sc_appeal_40_2014.pdf,05,SRC029,statute_to_curated_topic,candidate
courts-sc-sc_appeal_40_2014.pdf,05,SRC033,statute_to_curated_topic,candidate
courts-sc-sc_appeal_40_2014.pdf,12,SRC033,statute_to_curated_topic,candidate
courts-sc-sc_appeal_40_2014.pdf,12,SRC050,statute_to_curated_topic,candidate
courts-sc-sc_appeal_40_2014.pdf,17,SRC027,statute_to_curated_topic,candidate
courts-sc-sc_appeal_40_2014.pdf,20,SRC033,statute_to_curated_topic,candidate
courts-sc-sc_appeal_40_2014.pdf,20,SRC050,statute_to_curated_topic,candidate
courts-sc-sc_appeal_40_2015.pdf,05,SRC030,statute_to_curated_topic,candidate
courts-sc-sc_appeal_40_2015.pdf,09,SRC030,statute_to_curated_topic,candidate
courts-sc-sc_appeal_40_2015.pdf,17,SRC030,statute_to_curated_topic,candidate
courts-sc-sc_appeal_40_2018.pdf,05,SRC027,statute_to_curated_topic,candidate
courts-sc-sc_appeal_40_2018.pdf,17,SRC027,statute_to_curated_topic,candidate
courts-sc-sc_appeal_41_2008.pdf,05,SRC030,statute_to_curated_topic,candidate
courts-sc-sc_appeal_41_2008.pdf,09,SRC030,statute_to_curated_topic,candidate
courts-sc-sc_appeal_41_2008.pdf,17,SRC030,statute_to_curated_topic,candidate
courts-sc-sc_appeal_41_2013.pdf,05,SRC029,statute_to_curated_topic,candidate
courts-sc-sc_appeal_41_2013.pdf,15,SRC059,statute_to_curated_topic,candidate
courts-sc-sc_appeal_41_2015_and_sc_chc_37_2008-1.pdf,05,SRC027,statute_to_curated_topic,candidate
courts-sc-sc_appeal_41_2015_and_sc_chc_37_2008-1.pdf,05,SRC030,statute_to_curated_topic,candidate
courts-sc-sc_appeal_41_2015_and_sc_chc_37_2008-1.pdf,09,SRC030,statute_to_curated_topic,candidate
courts-sc-sc_appeal_41_2015_and_sc_chc_37_2008-1.pdf,09,SRC071,statute_to_curated_topic,candidate
courts-sc-sc_appeal_41_2015_and_sc_chc_37_2008-1.pdf,17,SRC027,statute_to_curated_topic,candidate
courts-sc-sc_appeal_41_2015_and_sc_chc_37_2008-1.pdf,17,SRC030,statute_to_curated_topic,candidate
courts-sc-sc_appeal_41_2015_and_sc_chc_37_2008-1.pdf,18,SRC071,statute_to_curated_topic,candidate
courts-sc-sc_appeal_42_2015_46_2015-1.pdf,05,SRC030,statute_to_curated_topic,candidate
courts-sc-sc_appeal_42_2015_46_2015-1.pdf,09,SRC030,statute_to_curated_topic,candidate
courts-sc-sc_appeal_42_2015_46_2015-1.pdf,17,SRC030,statute_to_curated_topic,candidate
courts-sc-sc_appeal_42_2018.pdf,05,SRC027,statute_to_curated_topic,candidate
courts-sc-sc_appeal_42_2018.pdf,09,SRC071,statute_to_curated_topic,candidate
courts-sc-sc_appeal_42_2018.pdf,17,SRC027,statute_to_curated_topic,candidate
courts-sc-sc_appeal_42_2018.pdf,18,SRC071,statute_to_curated_topic,candidate
courts-sc-sc_appeal_43_2016.pdf,05,SRC029,statute_to_curated_topic,candidate
courts-sc-sc_appeal_43_2016.pdf,09,SRC071,statute_to_curated_topic,candidate
courts-sc-sc_appeal_43_2016.pdf,18,SRC071,statute_to_curated_topic,candidate
courts-sc-sc_appeal_43_2017.pdf,05,SRC029,statute_to_curated_topic,candidate
courts-sc-sc_appeal_43_2017.pdf,05,SRC030,statute_to_curated_topic,candidate
courts-sc-sc_appeal_43_2017.pdf,09,SRC030,statute_to_curated_topic,candidate
courts-sc-sc_appeal_43_2017.pdf,17,SRC030,statute_to_curated_topic,candidate
courts-sc-sc_appeal_44_2006-1.pdf,05,SRC033,statute_to_curated_topic,candidate
courts-sc-sc_appeal_44_2006-1.pdf,12,SRC033,statute_to_curated_topic,candidate
courts-sc-sc_appeal_44_2006-1.pdf,20,SRC033,statute_to_curated_topic,candidate
courts-sc-sc_appeal_44_2015.pdf,05,SRC029,statute_to_curated_topic,candidate
courts-sc-sc_appeal_44_2015.pdf,05,SRC030,statute_to_curated_topic,candidate
courts-sc-sc_appeal_44_2015.pdf,09,SRC030,statute_to_curated_topic,candidate
courts-sc-sc_appeal_44_2015.pdf,17,SRC030,statute_to_curated_topic,candidate
courts-sc-sc_appeal_44_2019.pdf,05,SRC030,statute_to_curated_topic,candidate
courts-sc-sc_appeal_44_2019.pdf,09,SRC030,statute_to_curated_topic,candidate
courts-sc-sc_appeal_44_2019.pdf,17,SRC030,statute_to_curated_topic,candidate
courts-sc-sc_appeal_44_2020-1.pdf,05,SRC027,statute_to_curated_topic,candidate
courts-sc-sc_appeal_44_2020-1.pdf,17,SRC027,statute_to_curated_topic,candidate
courts-sc-sc_appeal_45_2010.pdf,01,SRC001,statute_to_curated_topic,candidate
courts-sc-sc_appeal_45_2010.pdf,05,SRC001,statute_to_curated_topic,candidate
courts-sc-sc_appeal_45_2010.pdf,05,SRC029,statute_to_curated_topic,candidate
courts-sc-sc_appeal_45_2010.pdf,06,SRC001,statute_to_curated_topic,candidate
courts-sc-sc_appeal_45_2010.pdf,17,SRC001,statute_to_curated_topic,candidate
courts-sc-sc_appeal_45_2011.pdf,05,SRC030,statute_to_curated_topic,candidate
courts-sc-sc_appeal_45_2011.pdf,09,SRC030,statute_to_curated_topic,candidate
courts-sc-sc_appeal_45_2011.pdf,17,SRC030,statute_to_curated_topic,candidate
courts-sc-sc_appeal_45_2017.pdf,09,SRC071,statute_to_curated_topic,candidate
courts-sc-sc_appeal_45_2017.pdf,18,SRC071,statute_to_curated_topic,candidate
courts-sc-sc_appeal_46_2014.pdf,05,SRC030,statute_to_curated_topic,candidate
courts-sc-sc_appeal_46_2014.pdf,09,SRC030,statute_to_curated_topic,candidate
courts-sc-sc_appeal_46_2014.pdf,17,SRC030,statute_to_curated_topic,candidate
courts-sc-sc_appeal_46_2017.pdf,05,SRC030,statute_to_curated_topic,candidate
courts-sc-sc_appeal_46_2017.pdf,09,SRC030,statute_to_curated_topic,candidate
courts-sc-sc_appeal_46_2017.pdf,17,SRC030,statute_to_curated_topic,candidate
courts-sc-sc_appeal_46_2018.pdf,05,SRC027,statute_to_curated_topic,candidate
courts-sc-sc_appeal_46_2018.pdf,05,SRC029,statute_to_curated_topic,candidate
courts-sc-sc_appeal_46_2018.pdf,17,SRC027,statute_to_curated_topic,candidate
courts-sc-sc_appeal_46_2022.pdf,15,SRC059,statute_to_curated_topic,candidate
courts-sc-sc_appeal_47_2012.pdf,12,SRC050,statute_to_curated_topic,candidate
courts-sc-sc_appeal_47_2012.pdf,20,SRC050,statute_to_curated_topic,candidate
courts-sc-sc_appeal_47_2015.pdf,09,SRC071,statute_to_curated_topic,candidate
courts-sc-sc_appeal_47_2015.pdf,18,SRC071,statute_to_curated_topic,candidate
courts-sc-sc_appeal_47_2017.pdf,01,SRC001,statute_to_curated_topic,candidate
courts-sc-sc_appeal_47_2017.pdf,05,SRC001,statute_to_curated_topic,candidate
courts-sc-sc_appeal_47_2017.pdf,05,SRC029,statute_to_curated_topic,candidate
courts-sc-sc_appeal_47_2017.pdf,06,SRC001,statute_to_curated_topic,candidate
courts-sc-sc_appeal_47_2017.pdf,17,SRC001,statute_to_curated_topic,candidate
courts-sc-sc_appeal_47_2018.pdf,05,SRC030,statute_to_curated_topic,candidate
courts-sc-sc_appeal_47_2018.pdf,09,SRC030,statute_to_curated_topic,candidate
courts-sc-sc_appeal_47_2018.pdf,17,SRC030,statute_to_curated_topic,candidate
courts-sc-sc_appeal_47_2020.pdf,01,SRC001,statute_to_curated_topic,candidate
courts-sc-sc_appeal_47_2020.pdf,01,SRC002,statute_to_curated_topic,candidate
courts-sc-sc_appeal_47_2020.pdf,05,SRC001,statute_to_curated_topic,candidate
courts-sc-sc_appeal_47_2020.pdf,05,SRC002,statute_to_curated_topic,candidate
courts-sc-sc_appeal_47_2020.pdf,05,SRC029,statute_to_curated_topic,candidate
courts-sc-sc_appeal_47_2020.pdf,06,SRC001,statute_to_curated_topic,candidate
courts-sc-sc_appeal_47_2020.pdf,15,SRC059,statute_to_curated_topic,candidate
courts-sc-sc_appeal_47_2020.pdf,17,SRC001,statute_to_curated_topic,candidate
courts-sc-sc_appeal_47_2020.pdf,17,SRC002,statute_to_curated_topic,candidate
courts-sc-sc_appeal_48_2010.pdf,01,SRC001,statute_to_curated_topic,candidate
courts-sc-sc_appeal_48_2010.pdf,05,SRC001,statute_to_curated_topic,candidate
courts-sc-sc_appeal_48_2010.pdf,05,SRC014,statute_to_curated_topic,candidate
courts-sc-sc_appeal_48_2010.pdf,05,SRC029,statute_to_curated_topic,candidate
courts-sc-sc_appeal_48_2010.pdf,06,SRC001,statute_to_curated_topic,candidate
courts-sc-sc_appeal_48_2010.pdf,06,SRC014,statute_to_curated_topic,candidate
courts-sc-sc_appeal_48_2010.pdf,08,SRC014,statute_to_curated_topic,candidate
courts-sc-sc_appeal_48_2010.pdf,17,SRC001,statute_to_curated_topic,candidate
courts-sc-sc_appeal_48_2010.pdf,17,SRC014,statute_to_curated_topic,candidate
courts-sc-sc_appeal_48_2010.pdf,20,SRC014,statute_to_curated_topic,candidate
courts-sc-sc_appeal_48_2012.pdf,05,SRC029,statute_to_curated_topic,candidate
courts-sc-sc_appeal_48_2013.pdf,05,SRC030,statute_to_curated_topic,candidate
courts-sc-sc_appeal_48_2013.pdf,09,SRC030,statute_to_curated_topic,candidate
courts-sc-sc_appeal_48_2013.pdf,12,SRC050,statute_to_curated_topic,candidate
courts-sc-sc_appeal_48_2013.pdf,17,SRC030,statute_to_curated_topic,candidate
courts-sc-sc_appeal_48_2013.pdf,20,SRC050,statute_to_curated_topic,candidate
courts-sc-sc_appeal_48_2014.pdf,01,SRC001,statute_to_curated_topic,candidate
courts-sc-sc_appeal_48_2014.pdf,05,SRC001,statute_to_curated_topic,candidate
courts-sc-sc_appeal_48_2014.pdf,05,SRC030,statute_to_curated_topic,candidate
courts-sc-sc_appeal_48_2014.pdf,06,SRC001,statute_to_curated_topic,candidate
courts-sc-sc_appeal_48_2014.pdf,09,SRC030,statute_to_curated_topic,candidate
courts-sc-sc_appeal_48_2014.pdf,09,SRC071,statute_to_curated_topic,candidate
courts-sc-sc_appeal_48_2014.pdf,17,SRC001,statute_to_curated_topic,candidate
courts-sc-sc_appeal_48_2014.pdf,17,SRC030,statute_to_curated_topic,candidate
courts-sc-sc_appeal_48_2014.pdf,18,SRC071,statute_to_curated_topic,candidate
courts-sc-sc_appeal_48_2017.pdf,05,SRC030,statute_to_curated_topic,candidate
courts-sc-sc_appeal_48_2017.pdf,09,SRC030,statute_to_curated_topic,candidate
courts-sc-sc_appeal_48_2017.pdf,09,SRC071,statute_to_curated_topic,candidate
courts-sc-sc_appeal_48_2017.pdf,17,SRC030,statute_to_curated_topic,candidate
courts-sc-sc_appeal_48_2017.pdf,18,SRC071,statute_to_curated_topic,candidate
courts-sc-sc_appeal_48_2020.pdf,05,SRC028,statute_to_curated_topic,candidate
courts-sc-sc_appeal_48_2020.pdf,05,SRC029,statute_to_curated_topic,candidate
courts-sc-sc_appeal_48_2020.pdf,05,SRC031,statute_to_curated_topic,candidate
courts-sc-sc_appeal_48_2020.pdf,09,SRC031,statute_to_curated_topic,candidate
courts-sc-sc_appeal_48_2020.pdf,17,SRC028,statute_to_curated_topic,candidate
courts-sc-sc_appeal_48_2021.pdf,05,SRC030,statute_to_curated_topic,candidate
courts-sc-sc_appeal_48_2021.pdf,05,SRC031,statute_to_curated_topic,candidate
courts-sc-sc_appeal_48_2021.pdf,09,SRC030,statute_to_curated_topic,candidate
courts-sc-sc_appeal_48_2021.pdf,09,SRC031,statute_to_curated_topic,candidate
courts-sc-sc_appeal_48_2021.pdf,17,SRC030,statute_to_curated_topic,candidate
courts-sc-sc_appeal_48_2021.pdf,17,SRC064,statute_to_curated_topic,candidate
courts-sc-sc_appeal_49_2003-part_I.pdf,05,SRC027,statute_to_curated_topic,candidate
courts-sc-sc_appeal_49_2003-part_I.pdf,05,SRC030,statute_to_curated_topic,candidate
courts-sc-sc_appeal_49_2003-part_I.pdf,09,SRC030,statute_to_curated_topic,candidate
courts-sc-sc_appeal_49_2003-part_I.pdf,09,SRC071,statute_to_curated_topic,candidate
courts-sc-sc_appeal_49_2003-part_I.pdf,17,SRC027,statute_to_curated_topic,candidate
courts-sc-sc_appeal_49_2003-part_I.pdf,17,SRC030,statute_to_curated_topic,candidate
courts-sc-sc_appeal_49_2003-part_I.pdf,18,SRC071,statute_to_curated_topic,candidate
courts-sc-sc_appeal_49_2003-part_II.pdf,05,SRC030,statute_to_curated_topic,candidate
courts-sc-sc_appeal_49_2003-part_II.pdf,09,SRC030,statute_to_curated_topic,candidate
courts-sc-sc_appeal_49_2003-part_II.pdf,17,SRC030,statute_to_curated_topic,candidate
courts-sc-sc_appeal_49_2013.pdf,05,SRC017,statute_to_curated_topic,candidate
courts-sc-sc_appeal_49_2013.pdf,05,SRC029,statute_to_curated_topic,candidate
courts-sc-sc_appeal_49_2013.pdf,05,SRC030,statute_to_curated_topic,candidate
courts-sc-sc_appeal_49_2013.pdf,09,SRC030,statute_to_curated_topic,candidate
courts-sc-sc_appeal_49_2013.pdf,13,SRC017,statute_to_curated_topic,candidate
courts-sc-sc_appeal_49_2013.pdf,17,SRC017,statute_to_curated_topic,candidate
courts-sc-sc_appeal_49_2013.pdf,17,SRC030,statute_to_curated_topic,candidate
courts-sc-sc_appeal_49_2014.pdf,05,SRC030,statute_to_curated_topic,candidate
courts-sc-sc_appeal_49_2014.pdf,09,SRC030,statute_to_curated_topic,candidate
courts-sc-sc_appeal_49_2014.pdf,17,SRC030,statute_to_curated_topic,candidate
courts-sc-sc_appeal_49_2018.pdf,17,SRC080,statute_to_curated_topic,candidate
courts-sc-sc_appeal_49_2018.pdf,18,SRC080,statute_to_curated_topic,candidate
courts-sc-sc_appeal_49_2020.pdf,05,SRC029,statute_to_curated_topic,candidate
courts-sc-sc_appeal_49_2020.pdf,05,SRC030,statute_to_curated_topic,candidate
courts-sc-sc_appeal_49_2020.pdf,09,SRC030,statute_to_curated_topic,candidate
courts-sc-sc_appeal_49_2020.pdf,17,SRC030,statute_to_curated_topic,candidate
courts-sc-sc_appeal_49_2023.pdf,05,SRC014,statute_to_curated_topic,candidate
courts-sc-sc_appeal_49_2023.pdf,05,SRC015,statute_to_curated_topic,candidate
courts-sc-sc_appeal_49_2023.pdf,05,SRC029,statute_to_curated_topic,candidate
courts-sc-sc_appeal_49_2023.pdf,06,SRC014,statute_to_curated_topic,candidate
courts-sc-sc_appeal_49_2023.pdf,08,SRC014,statute_to_curated_topic,candidate
courts-sc-sc_appeal_49_2023.pdf,08,SRC015,statute_to_curated_topic,candidate
courts-sc-sc_appeal_49_2023.pdf,17,SRC014,statute_to_curated_topic,candidate
courts-sc-sc_appeal_49_2023.pdf,20,SRC014,statute_to_curated_topic,candidate
courts-sc-sc_appeal_49_2023.pdf,20,SRC015,statute_to_curated_topic,candidate
courts-sc-sc_appeal_4_2007.pdf,05,SRC030,statute_to_curated_topic,candidate
courts-sc-sc_appeal_4_2007.pdf,09,SRC030,statute_to_curated_topic,candidate
courts-sc-sc_appeal_4_2007.pdf,09,SRC071,statute_to_curated_topic,candidate
courts-sc-sc_appeal_4_2007.pdf,17,SRC030,statute_to_curated_topic,candidate
courts-sc-sc_appeal_4_2007.pdf,18,SRC071,statute_to_curated_topic,candidate
courts-sc-sc_appeal_4_2011.pdf,05,SRC030,statute_to_curated_topic,candidate
courts-sc-sc_appeal_4_2011.pdf,09,SRC030,statute_to_curated_topic,candidate
courts-sc-sc_appeal_4_2011.pdf,09,SRC071,statute_to_curated_topic,candidate
courts-sc-sc_appeal_4_2011.pdf,17,SRC030,statute_to_curated_topic,candidate
courts-sc-sc_appeal_4_2011.pdf,18,SRC071,statute_to_curated_topic,candidate
courts-sc-sc_appeal_4_2012.pdf,01,SRC001,statute_to_curated_topic,candidate
courts-sc-sc_appeal_4_2012.pdf,05,SRC001,statute_to_curated_topic,candidate
courts-sc-sc_appeal_4_2012.pdf,05,SRC014,statute_to_curated_topic,candidate
courts-sc-sc_appeal_4_2012.pdf,06,SRC001,statute_to_curated_topic,candidate
courts-sc-sc_appeal_4_2012.pdf,06,SRC014,statute_to_curated_topic,candidate
courts-sc-sc_appeal_4_2012.pdf,08,SRC014,statute_to_curated_topic,candidate
courts-sc-sc_appeal_4_2012.pdf,17,SRC001,statute_to_curated_topic,candidate
courts-sc-sc_appeal_4_2012.pdf,17,SRC014,statute_to_curated_topic,candidate
courts-sc-sc_appeal_4_2012.pdf,20,SRC014,statute_to_curated_topic,candidate
courts-sc-sc_appeal_4_2015_1.pdf,05,SRC029,statute_to_curated_topic,candidate
courts-sc-sc_appeal_4_2015_1.pdf,05,SRC030,statute_to_curated_topic,candidate
courts-sc-sc_appeal_4_2015_1.pdf,09,SRC030,statute_to_curated_topic,candidate
courts-sc-sc_appeal_4_2015_1.pdf,09,SRC044,statute_to_curated_topic,candidate
courts-sc-sc_appeal_4_2015_1.pdf,17,SRC030,statute_to_curated_topic,candidate
courts-sc-sc_appeal_4_2015_1.pdf,17,SRC074,statute_to_curated_topic,candidate
courts-sc-sc_appeal_4_2015_1.pdf,17,SRC080,statute_to_curated_topic,candidate
courts-sc-sc_appeal_4_2015_1.pdf,18,SRC074,statute_to_curated_topic,candidate
courts-sc-sc_appeal_4_2015_1.pdf,18,SRC080,statute_to_curated_topic,candidate
courts-sc-sc_appeal_4_2016-1.pdf,05,SRC014,statute_to_curated_topic,candidate
courts-sc-sc_appeal_4_2016-1.pdf,05,SRC029,statute_to_curated_topic,candidate
courts-sc-sc_appeal_4_2016-1.pdf,06,SRC014,statute_to_curated_topic,candidate
courts-sc-sc_appeal_4_2016-1.pdf,08,SRC014,statute_to_curated_topic,candidate
courts-sc-sc_appeal_4_2016-1.pdf,17,SRC014,statute_to_curated_topic,candidate
courts-sc-sc_appeal_4_2016-1.pdf,20,SRC014,statute_to_curated_topic,candidate
courts-sc-sc_appeal_50_2008.pdf,05,SRC030,statute_to_curated_topic,candidate
courts-sc-sc_appeal_50_2008.pdf,09,SRC030,statute_to_curated_topic,candidate
courts-sc-sc_appeal_50_2008.pdf,17,SRC030,statute_to_curated_topic,candidate
courts-sc-sc_appeal_50_2015-1.pdf,05,SRC030,statute_to_curated_topic,candidate
courts-sc-sc_appeal_50_2015-1.pdf,09,SRC030,statute_to_curated_topic,candidate
courts-sc-sc_appeal_50_2015-1.pdf,09,SRC071,statute_to_curated_topic,candidate
courts-sc-sc_appeal_50_2015-1.pdf,17,SRC030,statute_to_curated_topic,candidate
courts-sc-sc_appeal_50_2015-1.pdf,18,SRC071,statute_to_curated_topic,candidate
courts-sc-sc_appeal_50_2018.pdf,01,SRC001,statute_to_curated_topic,candidate
courts-sc-sc_appeal_50_2018.pdf,05,SRC001,statute_to_curated_topic,candidate
courts-sc-sc_appeal_50_2018.pdf,05,SRC029,statute_to_curated_topic,candidate
courts-sc-sc_appeal_50_2018.pdf,06,SRC001,statute_to_curated_topic,candidate
courts-sc-sc_appeal_50_2018.pdf,15,SRC059,statute_to_curated_topic,candidate
courts-sc-sc_appeal_50_2018.pdf,17,SRC001,statute_to_curated_topic,candidate
courts-sc-sc_appeal_50a_2013.pdf,05,SRC031,statute_to_curated_topic,candidate
courts-sc-sc_appeal_50a_2013.pdf,09,SRC031,statute_to_curated_topic,candidate
courts-sc-sc_appeal_51_2010.pdf,05,SRC029,statute_to_curated_topic,candidate
courts-sc-sc_appeal_51_2015.pdf,12,SRC050,statute_to_curated_topic,candidate
courts-sc-sc_appeal_51_2015.pdf,20,SRC050,statute_to_curated_topic,candidate
courts-sc-sc_appeal_51_2020-1.pdf,05,SRC029,statute_to_curated_topic,candidate
courts-sc-sc_appeal_51_2024.pdf,05,SRC027,statute_to_curated_topic,candidate
courts-sc-sc_appeal_51_2024.pdf,05,SRC030,statute_to_curated_topic,candidate
courts-sc-sc_appeal_51_2024.pdf,09,SRC030,statute_to_curated_topic,candidate
courts-sc-sc_appeal_51_2024.pdf,17,SRC027,statute_to_curated_topic,candidate
courts-sc-sc_appeal_51_2024.pdf,17,SRC030,statute_to_curated_topic,candidate
courts-sc-sc_appeal_52_2018.pdf,05,SRC027,statute_to_curated_topic,candidate
courts-sc-sc_appeal_52_2018.pdf,17,SRC027,statute_to_curated_topic,candidate
courts-sc-sc_appeal_52_2024.pdf,05,SRC029,statute_to_curated_topic,candidate
courts-sc-sc_appeal_52_2024.pdf,05,SRC030,statute_to_curated_topic,candidate
courts-sc-sc_appeal_52_2024.pdf,09,SRC030,statute_to_curated_topic,candidate
courts-sc-sc_appeal_52_2024.pdf,09,SRC071,statute_to_curated_topic,candidate
courts-sc-sc_appeal_52_2024.pdf,17,SRC030,statute_to_curated_topic,candidate
courts-sc-sc_appeal_52_2024.pdf,18,SRC071,statute_to_curated_topic,candidate
courts-sc-sc_appeal_53_2011.pdf,09,SRC071,statute_to_curated_topic,candidate
courts-sc-sc_appeal_53_2011.pdf,18,SRC071,statute_to_curated_topic,candidate
courts-sc-sc_appeal_53_2019.pdf,09,SRC071,statute_to_curated_topic,candidate
courts-sc-sc_appeal_53_2019.pdf,18,SRC071,statute_to_curated_topic,candidate
courts-sc-sc_appeal_53_2021.pdf,05,SRC030,statute_to_curated_topic,candidate
courts-sc-sc_appeal_53_2021.pdf,09,SRC030,statute_to_curated_topic,candidate
courts-sc-sc_appeal_53_2021.pdf,17,SRC030,statute_to_curated_topic,candidate
courts-sc-sc_appeal_54_2008.pdf,05,SRC028,statute_to_curated_topic,candidate
courts-sc-sc_appeal_54_2008.pdf,05,SRC030,statute_to_curated_topic,candidate
courts-sc-sc_appeal_54_2008.pdf,09,SRC030,statute_to_curated_topic,candidate
courts-sc-sc_appeal_54_2008.pdf,17,SRC028,statute_to_curated_topic,candidate
courts-sc-sc_appeal_54_2008.pdf,17,SRC030,statute_to_curated_topic,candidate
courts-sc-sc_appeal_54_2015.pdf,05,SRC030,statute_to_curated_topic,candidate
courts-sc-sc_appeal_54_2015.pdf,09,SRC030,statute_to_curated_topic,candidate
courts-sc-sc_appeal_54_2015.pdf,17,SRC030,statute_to_curated_topic,candidate
courts-sc-sc_appeal_54_2018.pdf,05,SRC030,statute_to_curated_topic,candidate
courts-sc-sc_appeal_54_2018.pdf,09,SRC030,statute_to_curated_topic,candidate
courts-sc-sc_appeal_54_2018.pdf,09,SRC071,statute_to_curated_topic,candidate
courts-sc-sc_appeal_54_2018.pdf,17,SRC030,statute_to_curated_topic,candidate
courts-sc-sc_appeal_54_2018.pdf,18,SRC071,statute_to_curated_topic,candidate
courts-sc-sc_appeal_54_2019.pdf,05,SRC029,statute_to_curated_topic,candidate
courts-sc-sc_appeal_54_2019.pdf,05,SRC030,statute_to_curated_topic,candidate
courts-sc-sc_appeal_54_2019.pdf,09,SRC030,statute_to_curated_topic,candidate
courts-sc-sc_appeal_54_2019.pdf,17,SRC030,statute_to_curated_topic,candidate
courts-sc-sc_appeal_54_2020.pdf,05,SRC029,statute_to_curated_topic,candidate
courts-sc-sc_appeal_54_2020.pdf,09,SRC071,statute_to_curated_topic,candidate
courts-sc-sc_appeal_54_2020.pdf,18,SRC071,statute_to_curated_topic,candidate
courts-sc-sc_appeal_54_2022.pdf,05,SRC030,statute_to_curated_topic,candidate
courts-sc-sc_appeal_54_2022.pdf,09,SRC030,statute_to_curated_topic,candidate
courts-sc-sc_appeal_54_2022.pdf,17,SRC030,statute_to_curated_topic,candidate
courts-sc-sc_appeal_54a_2008.pdf,05,SRC029,statute_to_curated_topic,candidate
courts-sc-sc_appeal_54a_2008.pdf,05,SRC030,statute_to_curated_topic,candidate
courts-sc-sc_appeal_54a_2008.pdf,09,SRC030,statute_to_curated_topic,candidate
courts-sc-sc_appeal_54a_2008.pdf,09,SRC071,statute_to_curated_topic,candidate
courts-sc-sc_appeal_54a_2008.pdf,17,SRC030,statute_to_curated_topic,candidate
courts-sc-sc_appeal_54a_2008.pdf,18,SRC071,statute_to_curated_topic,candidate
courts-sc-sc_appeal_55_2012.pdf,12,SRC050,statute_to_curated_topic,candidate
courts-sc-sc_appeal_55_2012.pdf,12,SRC053,statute_to_curated_topic,candidate
courts-sc-sc_appeal_55_2012.pdf,12,SRC056,statute_to_curated_topic,candidate
courts-sc-sc_appeal_55_2012.pdf,20,SRC050,statute_to_curated_topic,candidate
courts-sc-sc_appeal_55_2015.pdf,05,SRC029,statute_to_curated_topic,candidate
courts-sc-sc_appeal_55_2016.pdf,01,SRC001,statute_to_curated_topic,candidate
courts-sc-sc_appeal_55_2016.pdf,05,SRC001,statute_to_curated_topic,candidate
courts-sc-sc_appeal_55_2016.pdf,05,SRC030,statute_to_curated_topic,candidate
courts-sc-sc_appeal_55_2016.pdf,06,SRC001,statute_to_curated_topic,candidate
courts-sc-sc_appeal_55_2016.pdf,09,SRC030,statute_to_curated_topic,candidate
courts-sc-sc_appeal_55_2016.pdf,17,SRC001,statute_to_curated_topic,candidate
courts-sc-sc_appeal_55_2016.pdf,17,SRC030,statute_to_curated_topic,candidate
courts-sc-sc_appeal_55_2020.pdf,01,SRC001,statute_to_curated_topic,candidate
courts-sc-sc_appeal_55_2020.pdf,05,SRC001,statute_to_curated_topic,candidate
courts-sc-sc_appeal_55_2020.pdf,05,SRC024,statute_to_curated_topic,candidate
courts-sc-sc_appeal_55_2020.pdf,05,SRC029,statute_to_curated_topic,candidate
courts-sc-sc_appeal_55_2020.pdf,05,SRC030,statute_to_curated_topic,candidate
courts-sc-sc_appeal_55_2020.pdf,06,SRC001,statute_to_curated_topic,candidate
courts-sc-sc_appeal_55_2020.pdf,09,SRC030,statute_to_curated_topic,candidate
courts-sc-sc_appeal_55_2020.pdf,14,SRC024,statute_to_curated_topic,candidate
courts-sc-sc_appeal_55_2020.pdf,17,SRC001,statute_to_curated_topic,candidate
courts-sc-sc_appeal_55_2020.pdf,17,SRC024,statute_to_curated_topic,candidate
courts-sc-sc_appeal_55_2020.pdf,17,SRC030,statute_to_curated_topic,candidate
courts-sc-sc_appeal_56_2010.pdf,05,SRC030,statute_to_curated_topic,candidate
courts-sc-sc_appeal_56_2010.pdf,09,SRC030,statute_to_curated_topic,candidate
courts-sc-sc_appeal_56_2010.pdf,17,SRC030,statute_to_curated_topic,candidate
courts-sc-sc_appeal_56_2015.pdf,05,SRC028,statute_to_curated_topic,candidate
courts-sc-sc_appeal_56_2015.pdf,17,SRC028,statute_to_curated_topic,candidate
courts-sc-sc_appeal_56_2018.pdf,05,SRC030,statute_to_curated_topic,candidate
courts-sc-sc_appeal_56_2018.pdf,09,SRC030,statute_to_curated_topic,candidate
courts-sc-sc_appeal_56_2018.pdf,17,SRC030,statute_to_curated_topic,candidate
courts-sc-sc_appeal_56_2020.pdf,01,SRC001,statute_to_curated_topic,candidate
courts-sc-sc_appeal_56_2020.pdf,05,SRC001,statute_to_curated_topic,candidate
courts-sc-sc_appeal_56_2020.pdf,05,SRC014,statute_to_curated_topic,candidate
courts-sc-sc_appeal_56_2020.pdf,05,SRC029,statute_to_curated_topic,candidate
courts-sc-sc_appeal_56_2020.pdf,05,SRC030,statute_to_curated_topic,candidate
courts-sc-sc_appeal_56_2020.pdf,06,SRC001,statute_to_curated_topic,candidate
courts-sc-sc_appeal_56_2020.pdf,06,SRC014,statute_to_curated_topic,candidate
courts-sc-sc_appeal_56_2020.pdf,08,SRC014,statute_to_curated_topic,candidate
courts-sc-sc_appeal_56_2020.pdf,09,SRC030,statute_to_curated_topic,candidate
courts-sc-sc_appeal_56_2020.pdf,17,SRC001,statute_to_curated_topic,candidate
courts-sc-sc_appeal_56_2020.pdf,17,SRC014,statute_to_curated_topic,candidate
courts-sc-sc_appeal_56_2020.pdf,17,SRC030,statute_to_curated_topic,candidate
courts-sc-sc_appeal_56_2020.pdf,20,SRC014,statute_to_curated_topic,candidate
courts-sc-sc_appeal_56_2023.pdf,05,SRC029,statute_to_curated_topic,candidate
courts-sc-sc_appeal_56_2023.pdf,09,SRC071,statute_to_curated_topic,candidate
courts-sc-sc_appeal_56_2023.pdf,18,SRC071,statute_to_curated_topic,candidate
courts-sc-sc_appeal_57_2013.pdf,11,SRC049,statute_to_curated_topic,candidate
courts-sc-sc_appeal_57_2013.pdf,11,SRC072,statute_to_curated_topic,candidate
courts-sc-sc_appeal_57_2013.pdf,12,SRC050,statute_to_curated_topic,candidate
courts-sc-sc_appeal_57_2013.pdf,12,SRC072,statute_to_curated_topic,candidate
courts-sc-sc_appeal_57_2013.pdf,18,SRC072,statute_to_curated_topic,candidate
courts-sc-sc_appeal_57_2013.pdf,20,SRC049,statute_to_curated_topic,candidate
courts-sc-sc_appeal_57_2013.pdf,20,SRC050,statute_to_curated_topic,candidate
courts-sc-sc_appeal_57_2016.pdf,05,SRC027,statute_to_curated_topic,candidate
courts-sc-sc_appeal_57_2016.pdf,05,SRC029,statute_to_curated_topic,candidate
courts-sc-sc_appeal_57_2016.pdf,05,SRC030,statute_to_curated_topic,candidate
courts-sc-sc_appeal_57_2016.pdf,05,SRC033,statute_to_curated_topic,candidate
courts-sc-sc_appeal_57_2016.pdf,09,SRC030,statute_to_curated_topic,candidate
courts-sc-sc_appeal_57_2016.pdf,12,SRC033,statute_to_curated_topic,candidate
courts-sc-sc_appeal_57_2016.pdf,12,SRC050,statute_to_curated_topic,candidate
courts-sc-sc_appeal_57_2016.pdf,17,SRC027,statute_to_curated_topic,candidate
courts-sc-sc_appeal_57_2016.pdf,17,SRC030,statute_to_curated_topic,candidate
courts-sc-sc_appeal_57_2016.pdf,20,SRC033,statute_to_curated_topic,candidate
courts-sc-sc_appeal_57_2016.pdf,20,SRC050,statute_to_curated_topic,candidate
courts-sc-sc_appeal_57_2019.pdf,05,SRC027,statute_to_curated_topic,candidate
courts-sc-sc_appeal_57_2019.pdf,15,SRC059,statute_to_curated_topic,candidate
courts-sc-sc_appeal_57_2019.pdf,17,SRC027,statute_to_curated_topic,candidate
courts-sc-sc_appeal_58_2018.pdf,05,SRC014,statute_to_curated_topic,candidate
courts-sc-sc_appeal_58_2018.pdf,05,SRC029,statute_to_curated_topic,candidate
courts-sc-sc_appeal_58_2018.pdf,06,SRC014,statute_to_curated_topic,candidate
courts-sc-sc_appeal_58_2018.pdf,08,SRC014,statute_to_curated_topic,candidate
courts-sc-sc_appeal_58_2018.pdf,17,SRC014,statute_to_curated_topic,candidate
courts-sc-sc_appeal_58_2018.pdf,20,SRC014,statute_to_curated_topic,candidate
courts-sc-sc_appeal_58_2019.pdf,09,SRC071,statute_to_curated_topic,candidate
courts-sc-sc_appeal_58_2019.pdf,18,SRC071,statute_to_curated_topic,candidate
courts-sc-sc_appeal_58_2021.pdf,09,SRC071,statute_to_curated_topic,candidate
courts-sc-sc_appeal_58_2021.pdf,18,SRC071,statute_to_curated_topic,candidate
courts-sc-sc_appeal_59_2012.pdf,09,SRC071,statute_to_curated_topic,candidate
courts-sc-sc_appeal_59_2012.pdf,18,SRC071,statute_to_curated_topic,candidate
courts-sc-sc_appeal_59_2014.pdf,05,SRC027,statute_to_curated_topic,candidate
courts-sc-sc_appeal_59_2014.pdf,17,SRC027,statute_to_curated_topic,candidate
courts-sc-sc_appeal_59_2018.pdf,02,SRC005,statute_to_curated_topic,candidate
courts-sc-sc_appeal_59_2018.pdf,05,SRC005,statute_to_curated_topic,candidate
courts-sc-sc_appeal_59_2018.pdf,05,SRC027,statute_to_curated_topic,candidate
courts-sc-sc_appeal_59_2018.pdf,06,SRC005,statute_to_curated_topic,candidate
courts-sc-sc_appeal_59_2018.pdf,17,SRC005,statute_to_curated_topic,candidate
courts-sc-sc_appeal_59_2018.pdf,17,SRC027,statute_to_curated_topic,candidate
courts-sc-sc_appeal_59_2021.pdf,05,SRC029,statute_to_curated_topic,candidate
courts-sc-sc_appeal_59_2024.pdf,05,SRC030,statute_to_curated_topic,candidate
courts-sc-sc_appeal_59_2024.pdf,09,SRC030,statute_to_curated_topic,candidate
courts-sc-sc_appeal_59_2024.pdf,17,SRC030,statute_to_curated_topic,candidate
courts-sc-sc_appeal_5_2012.pdf,05,SRC030,statute_to_curated_topic,candidate
courts-sc-sc_appeal_5_2012.pdf,09,SRC030,statute_to_curated_topic,candidate
courts-sc-sc_appeal_5_2012.pdf,09,SRC071,statute_to_curated_topic,candidate
courts-sc-sc_appeal_5_2012.pdf,17,SRC030,statute_to_curated_topic,candidate
courts-sc-sc_appeal_5_2012.pdf,18,SRC071,statute_to_curated_topic,candidate
courts-sc-sc_appeal_5_2013.pdf,05,SRC029,statute_to_curated_topic,candidate
courts-sc-sc_appeal_5_2013.pdf,09,SRC071,statute_to_curated_topic,candidate
courts-sc-sc_appeal_5_2013.pdf,18,SRC071,statute_to_curated_topic,candidate
courts-sc-sc_appeal_60_2004.pdf,01,SRC001,statute_to_curated_topic,candidate
courts-sc-sc_appeal_60_2004.pdf,02,SRC005,statute_to_curated_topic,candidate
courts-sc-sc_appeal_60_2004.pdf,05,SRC001,statute_to_curated_topic,candidate
courts-sc-sc_appeal_60_2004.pdf,05,SRC005,statute_to_curated_topic,candidate
courts-sc-sc_appeal_60_2004.pdf,05,SRC029,statute_to_curated_topic,candidate
courts-sc-sc_appeal_60_2004.pdf,05,SRC030,statute_to_curated_topic,candidate
courts-sc-sc_appeal_60_2004.pdf,06,SRC001,statute_to_curated_topic,candidate
courts-sc-sc_appeal_60_2004.pdf,06,SRC005,statute_to_curated_topic,candidate
courts-sc-sc_appeal_60_2004.pdf,09,SRC030,statute_to_curated_topic,candidate
courts-sc-sc_appeal_60_2004.pdf,17,SRC001,statute_to_curated_topic,candidate
courts-sc-sc_appeal_60_2004.pdf,17,SRC005,statute_to_curated_topic,candidate
courts-sc-sc_appeal_60_2004.pdf,17,SRC030,statute_to_curated_topic,candidate
courts-sc-sc_appeal_60_2014.pdf,05,SRC029,statute_to_curated_topic,candidate
courts-sc-sc_appeal_60_2014.pdf,12,SRC050,statute_to_curated_topic,candidate
courts-sc-sc_appeal_60_2014.pdf,12,SRC054,statute_to_curated_topic,candidate
courts-sc-sc_appeal_60_2014.pdf,12,SRC056,statute_to_curated_topic,candidate
courts-sc-sc_appeal_60_2014.pdf,20,SRC050,statute_to_curated_topic,candidate
courts-sc-sc_appeal_60_2020.pdf,05,SRC027,statute_to_curated_topic,candidate
courts-sc-sc_appeal_60_2020.pdf,05,SRC030,statute_to_curated_topic,candidate
courts-sc-sc_appeal_60_2020.pdf,09,SRC030,statute_to_curated_topic,candidate
courts-sc-sc_appeal_60_2020.pdf,17,SRC027,statute_to_curated_topic,candidate
courts-sc-sc_appeal_60_2020.pdf,17,SRC030,statute_to_curated_topic,candidate
courts-sc-sc_appeal_60_2021.pdf,05,SRC029,statute_to_curated_topic,candidate
courts-sc-sc_appeal_60_2021.pdf,05,SRC030,statute_to_curated_topic,candidate
courts-sc-sc_appeal_60_2021.pdf,09,SRC030,statute_to_curated_topic,candidate
courts-sc-sc_appeal_60_2021.pdf,17,SRC030,statute_to_curated_topic,candidate
courts-sc-sc_appeal_61_2008.pdf,05,SRC033,statute_to_curated_topic,candidate
courts-sc-sc_appeal_61_2008.pdf,12,SRC033,statute_to_curated_topic,candidate
courts-sc-sc_appeal_61_2008.pdf,20,SRC033,statute_to_curated_topic,candidate
courts-sc-sc_appeal_61_2013-1.pdf,05,SRC027,statute_to_curated_topic,candidate
courts-sc-sc_appeal_61_2013-1.pdf,09,SRC071,statute_to_curated_topic,candidate
courts-sc-sc_appeal_61_2013-1.pdf,17,SRC027,statute_to_curated_topic,candidate
courts-sc-sc_appeal_61_2013-1.pdf,18,SRC071,statute_to_curated_topic,candidate
courts-sc-sc_appeal_62_2024.pdf,01,SRC001,statute_to_curated_topic,candidate
courts-sc-sc_appeal_62_2024.pdf,05,SRC001,statute_to_curated_topic,candidate
courts-sc-sc_appeal_62_2024.pdf,05,SRC030,statute_to_curated_topic,candidate
courts-sc-sc_appeal_62_2024.pdf,06,SRC001,statute_to_curated_topic,candidate
courts-sc-sc_appeal_62_2024.pdf,09,SRC030,statute_to_curated_topic,candidate
courts-sc-sc_appeal_62_2024.pdf,17,SRC001,statute_to_curated_topic,candidate
courts-sc-sc_appeal_62_2024.pdf,17,SRC030,statute_to_curated_topic,candidate
courts-sc-sc_appeal_63_2021.pdf,01,SRC001,statute_to_curated_topic,candidate
courts-sc-sc_appeal_63_2021.pdf,05,SRC001,statute_to_curated_topic,candidate
courts-sc-sc_appeal_63_2021.pdf,05,SRC024,statute_to_curated_topic,candidate
courts-sc-sc_appeal_63_2021.pdf,05,SRC029,statute_to_curated_topic,candidate
courts-sc-sc_appeal_63_2021.pdf,05,SRC030,statute_to_curated_topic,candidate
courts-sc-sc_appeal_63_2021.pdf,06,SRC001,statute_to_curated_topic,candidate
courts-sc-sc_appeal_63_2021.pdf,09,SRC030,statute_to_curated_topic,candidate
courts-sc-sc_appeal_63_2021.pdf,14,SRC024,statute_to_curated_topic,candidate
courts-sc-sc_appeal_63_2021.pdf,17,SRC001,statute_to_curated_topic,candidate
courts-sc-sc_appeal_63_2021.pdf,17,SRC024,statute_to_curated_topic,candidate
courts-sc-sc_appeal_63_2021.pdf,17,SRC030,statute_to_curated_topic,candidate
courts-sc-sc_appeal_64_2008.pdf,05,SRC030,statute_to_curated_topic,candidate
courts-sc-sc_appeal_64_2008.pdf,09,SRC030,statute_to_curated_topic,candidate
courts-sc-sc_appeal_64_2008.pdf,17,SRC030,statute_to_curated_topic,candidate
courts-sc-sc_appeal_65_2025-2.pdf,05,SRC027,statute_to_curated_topic,candidate
courts-sc-sc_appeal_65_2025-2.pdf,05,SRC030,statute_to_curated_topic,candidate
courts-sc-sc_appeal_65_2025-2.pdf,09,SRC030,statute_to_curated_topic,candidate
courts-sc-sc_appeal_65_2025-2.pdf,17,SRC027,statute_to_curated_topic,candidate
courts-sc-sc_appeal_65_2025-2.pdf,17,SRC030,statute_to_curated_topic,candidate
courts-sc-sc_appeal_66_2011.pdf,02,SRC005,statute_to_curated_topic,candidate
courts-sc-sc_appeal_66_2011.pdf,05,SRC005,statute_to_curated_topic,candidate
courts-sc-sc_appeal_66_2011.pdf,06,SRC005,statute_to_curated_topic,candidate
courts-sc-sc_appeal_66_2011.pdf,17,SRC005,statute_to_curated_topic,candidate
courts-sc-sc_appeal_66_2012.pdf,12,SRC050,statute_to_curated_topic,candidate
courts-sc-sc_appeal_66_2012.pdf,20,SRC050,statute_to_curated_topic,candidate
courts-sc-sc_appeal_66_2013.pdf,01,SRC001,statute_to_curated_topic,candidate
courts-sc-sc_appeal_66_2013.pdf,05,SRC001,statute_to_curated_topic,candidate
courts-sc-sc_appeal_66_2013.pdf,06,SRC001,statute_to_curated_topic,candidate
courts-sc-sc_appeal_66_2013.pdf,09,SRC042,statute_to_curated_topic,candidate
courts-sc-sc_appeal_66_2013.pdf,16,SRC042,statute_to_curated_topic,candidate
courts-sc-sc_appeal_66_2013.pdf,17,SRC001,statute_to_curated_topic,candidate
courts-sc-sc_appeal_66_64_2015.pdf,05,SRC030,statute_to_curated_topic,candidate
courts-sc-sc_appeal_66_64_2015.pdf,09,SRC030,statute_to_curated_topic,candidate
courts-sc-sc_appeal_66_64_2015.pdf,17,SRC030,statute_to_curated_topic,candidate
courts-sc-sc_appeal_67_2015.pdf,05,SRC029,statute_to_curated_topic,candidate
courts-sc-sc_appeal_67_2015.pdf,05,SRC030,statute_to_curated_topic,candidate
courts-sc-sc_appeal_67_2015.pdf,09,SRC030,statute_to_curated_topic,candidate
courts-sc-sc_appeal_67_2015.pdf,12,SRC050,statute_to_curated_topic,candidate
courts-sc-sc_appeal_67_2015.pdf,17,SRC030,statute_to_curated_topic,candidate
courts-sc-sc_appeal_67_2015.pdf,20,SRC050,statute_to_curated_topic,candidate
courts-sc-sc_appeal_67_2025.pdf,05,SRC029,statute_to_curated_topic,candidate
courts-sc-sc_appeal_68_2013.pdf,01,SRC004,statute_to_curated_topic,candidate
courts-sc-sc_appeal_68_2013.pdf,05,SRC004,statute_to_curated_topic,candidate
courts-sc-sc_appeal_68_2013.pdf,09,SRC004,statute_to_curated_topic,candidate
courts-sc-sc_appeal_68_2014.pdf,05,SRC024,statute_to_curated_topic,candidate
courts-sc-sc_appeal_68_2014.pdf,05,SRC029,statute_to_curated_topic,candidate
courts-sc-sc_appeal_68_2014.pdf,05,SRC030,statute_to_curated_topic,candidate
courts-sc-sc_appeal_68_2014.pdf,09,SRC030,statute_to_curated_topic,candidate
courts-sc-sc_appeal_68_2014.pdf,10,SRC045,statute_to_curated_topic,candidate
courts-sc-sc_appeal_68_2014.pdf,14,SRC024,statute_to_curated_topic,candidate
courts-sc-sc_appeal_68_2014.pdf,17,SRC024,statute_to_curated_topic,candidate
courts-sc-sc_appeal_68_2014.pdf,17,SRC030,statute_to_curated_topic,candidate
courts-sc-sc_appeal_68_2015.pdf,05,SRC030,statute_to_curated_topic,candidate
courts-sc-sc_appeal_68_2015.pdf,09,SRC030,statute_to_curated_topic,candidate
courts-sc-sc_appeal_68_2015.pdf,17,SRC030,statute_to_curated_topic,candidate
courts-sc-sc_appeal_69_2012.pdf,05,SRC029,statute_to_curated_topic,candidate
courts-sc-sc_appeal_69_2012.pdf,05,SRC030,statute_to_curated_topic,candidate
courts-sc-sc_appeal_69_2012.pdf,09,SRC030,statute_to_curated_topic,candidate
courts-sc-sc_appeal_69_2012.pdf,17,SRC030,statute_to_curated_topic,candidate
courts-sc-sc_appeal_69_2013.pdf,05,SRC024,statute_to_curated_topic,candidate
courts-sc-sc_appeal_69_2013.pdf,05,SRC029,statute_to_curated_topic,candidate
courts-sc-sc_appeal_69_2013.pdf,05,SRC030,statute_to_curated_topic,candidate
courts-sc-sc_appeal_69_2013.pdf,09,SRC030,statute_to_curated_topic,candidate
courts-sc-sc_appeal_69_2013.pdf,14,SRC024,statute_to_curated_topic,candidate
courts-sc-sc_appeal_69_2013.pdf,17,SRC024,statute_to_curated_topic,candidate
courts-sc-sc_appeal_69_2013.pdf,17,SRC030,statute_to_curated_topic,candidate
courts-sc-sc_appeal_69_2015-1.pdf,05,SRC029,statute_to_curated_topic,candidate
courts-sc-sc_appeal_69_2019-1.pdf,09,SRC071,statute_to_curated_topic,candidate
courts-sc-sc_appeal_69_2019-1.pdf,18,SRC071,statute_to_curated_topic,candidate
courts-sc-sc_appeal_69_2020.pdf,05,SRC029,statute_to_curated_topic,candidate
courts-sc-sc_appeal_69_2020.pdf,09,SRC071,statute_to_curated_topic,candidate
courts-sc-sc_appeal_69_2020.pdf,18,SRC071,statute_to_curated_topic,candidate
courts-sc-sc_appeal_6_2008.pdf,05,SRC033,statute_to_curated_topic,candidate
courts-sc-sc_appeal_6_2008.pdf,12,SRC033,statute_to_curated_topic,candidate
courts-sc-sc_appeal_6_2008.pdf,20,SRC033,statute_to_curated_topic,candidate
courts-sc-sc_appeal_6_2021.pdf,05,SRC027,statute_to_curated_topic,candidate
courts-sc-sc_appeal_6_2021.pdf,17,SRC027,statute_to_curated_topic,candidate
courts-sc-sc_appeal_6_2023_ed1.pdf,01,SRC001,statute_to_curated_topic,candidate
courts-sc-sc_appeal_6_2023_ed1.pdf,05,SRC001,statute_to_curated_topic,candidate
courts-sc-sc_appeal_6_2023_ed1.pdf,05,SRC029,statute_to_curated_topic,candidate
courts-sc-sc_appeal_6_2023_ed1.pdf,06,SRC001,statute_to_curated_topic,candidate
courts-sc-sc_appeal_6_2023_ed1.pdf,15,SRC059,statute_to_curated_topic,candidate
courts-sc-sc_appeal_6_2023_ed1.pdf,17,SRC001,statute_to_curated_topic,candidate
courts-sc-sc_appeal_70_2013.pdf,05,SRC029,statute_to_curated_topic,candidate
courts-sc-sc_appeal_70_2013.pdf,05,SRC030,statute_to_curated_topic,candidate
courts-sc-sc_appeal_70_2013.pdf,09,SRC030,statute_to_curated_topic,candidate
courts-sc-sc_appeal_70_2013.pdf,12,SRC050,statute_to_curated_topic,candidate
courts-sc-sc_appeal_70_2013.pdf,17,SRC030,statute_to_curated_topic,candidate
courts-sc-sc_appeal_70_2013.pdf,20,SRC050,statute_to_curated_topic,candidate
courts-sc-sc_appeal_70_2015.pdf,05,SRC029,statute_to_curated_topic,candidate
courts-sc-sc_appeal_70_2015.pdf,09,SRC043,statute_to_curated_topic,candidate
courts-sc-sc_appeal_70_2020.pdf,01,SRC001,statute_to_curated_topic,candidate
courts-sc-sc_appeal_70_2020.pdf,05,SRC001,statute_to_curated_topic,candidate
courts-sc-sc_appeal_70_2020.pdf,05,SRC014,statute_to_curated_topic,candidate
courts-sc-sc_appeal_70_2020.pdf,06,SRC001,statute_to_curated_topic,candidate
courts-sc-sc_appeal_70_2020.pdf,06,SRC014,statute_to_curated_topic,candidate
courts-sc-sc_appeal_70_2020.pdf,08,SRC014,statute_to_curated_topic,candidate
courts-sc-sc_appeal_70_2020.pdf,15,SRC059,statute_to_curated_topic,candidate
courts-sc-sc_appeal_70_2020.pdf,17,SRC001,statute_to_curated_topic,candidate
courts-sc-sc_appeal_70_2020.pdf,17,SRC014,statute_to_curated_topic,candidate
courts-sc-sc_appeal_70_2020.pdf,20,SRC014,statute_to_curated_topic,candidate
courts-sc-sc_appeal_71_2007.pdf,05,SRC030,statute_to_curated_topic,candidate
courts-sc-sc_appeal_71_2007.pdf,09,SRC030,statute_to_curated_topic,candidate
courts-sc-sc_appeal_71_2007.pdf,17,SRC030,statute_to_curated_topic,candidate
courts-sc-sc_appeal_71_2017.pdf,05,SRC030,statute_to_curated_topic,candidate
courts-sc-sc_appeal_71_2017.pdf,09,SRC030,statute_to_curated_topic,candidate
courts-sc-sc_appeal_71_2017.pdf,09,SRC071,statute_to_curated_topic,candidate
courts-sc-sc_appeal_71_2017.pdf,17,SRC030,statute_to_curated_topic,candidate
courts-sc-sc_appeal_71_2017.pdf,18,SRC071,statute_to_curated_topic,candidate
courts-sc-sc_appeal_71_72_2023.pdf,05,SRC027,statute_to_curated_topic,candidate
courts-sc-sc_appeal_71_72_2023.pdf,05,SRC030,statute_to_curated_topic,candidate
courts-sc-sc_appeal_71_72_2023.pdf,09,SRC030,statute_to_curated_topic,candidate
courts-sc-sc_appeal_71_72_2023.pdf,17,SRC027,statute_to_curated_topic,candidate
courts-sc-sc_appeal_71_72_2023.pdf,17,SRC030,statute_to_curated_topic,candidate
courts-sc-sc_appeal_72_2012.pdf,05,SRC027,statute_to_curated_topic,candidate
courts-sc-sc_appeal_72_2012.pdf,05,SRC030,statute_to_curated_topic,candidate
courts-sc-sc_appeal_72_2012.pdf,09,SRC030,statute_to_curated_topic,candidate
courts-sc-sc_appeal_72_2012.pdf,17,SRC027,statute_to_curated_topic,candidate
courts-sc-sc_appeal_72_2012.pdf,17,SRC030,statute_to_curated_topic,candidate
courts-sc-sc_appeal_73_2010.pdf,09,SRC071,statute_to_curated_topic,candidate
courts-sc-sc_appeal_73_2010.pdf,18,SRC071,statute_to_curated_topic,candidate
courts-sc-sc_appeal_73_2011.pdf,05,SRC030,statute_to_curated_topic,candidate
courts-sc-sc_appeal_73_2011.pdf,09,SRC030,statute_to_curated_topic,candidate
courts-sc-sc_appeal_73_2011.pdf,12,SRC050,statute_to_curated_topic,candidate
courts-sc-sc_appeal_73_2011.pdf,17,SRC030,statute_to_curated_topic,candidate
courts-sc-sc_appeal_73_2011.pdf,20,SRC050,statute_to_curated_topic,candidate
courts-sc-sc_appeal_73_2012-1.pdf,05,SRC028,statute_to_curated_topic,candidate
courts-sc-sc_appeal_73_2012-1.pdf,17,SRC028,statute_to_curated_topic,candidate
courts-sc-sc_appeal_73_2013.pdf,05,SRC029,statute_to_curated_topic,candidate
courts-sc-sc_appeal_74_2017.pdf,09,SRC071,statute_to_curated_topic,candidate
courts-sc-sc_appeal_74_2017.pdf,18,SRC071,statute_to_curated_topic,candidate
courts-sc-sc_appeal_74_2020.pdf,01,SRC001,statute_to_curated_topic,candidate
courts-sc-sc_appeal_74_2020.pdf,01,SRC002,statute_to_curated_topic,candidate
courts-sc-sc_appeal_74_2020.pdf,05,SRC001,statute_to_curated_topic,candidate
courts-sc-sc_appeal_74_2020.pdf,05,SRC002,statute_to_curated_topic,candidate
courts-sc-sc_appeal_74_2020.pdf,05,SRC029,statute_to_curated_topic,candidate
courts-sc-sc_appeal_74_2020.pdf,06,SRC001,statute_to_curated_topic,candidate
courts-sc-sc_appeal_74_2020.pdf,15,SRC059,statute_to_curated_topic,candidate
courts-sc-sc_appeal_74_2020.pdf,17,SRC001,statute_to_curated_topic,candidate
courts-sc-sc_appeal_74_2020.pdf,17,SRC002,statute_to_curated_topic,candidate
courts-sc-sc_appeal_75_2013.pdf,09,SRC071,statute_to_curated_topic,candidate
courts-sc-sc_appeal_75_2013.pdf,18,SRC071,statute_to_curated_topic,candidate
courts-sc-sc_appeal_75_2014.pdf,09,SRC071,statute_to_curated_topic,candidate
courts-sc-sc_appeal_75_2014.pdf,18,SRC071,statute_to_curated_topic,candidate
courts-sc-sc_appeal_76_2011.pdf,05,SRC029,statute_to_curated_topic,candidate
courts-sc-sc_appeal_76_2012.pdf,05,SRC029,statute_to_curated_topic,candidate
courts-sc-sc_appeal_76_2012.pdf,09,SRC071,statute_to_curated_topic,candidate
courts-sc-sc_appeal_76_2012.pdf,18,SRC071,statute_to_curated_topic,candidate
courts-sc-sc_appeal_76_2016.pdf,05,SRC030,statute_to_curated_topic,candidate
courts-sc-sc_appeal_76_2016.pdf,09,SRC030,statute_to_curated_topic,candidate
courts-sc-sc_appeal_76_2016.pdf,12,SRC051,statute_to_curated_topic,candidate
courts-sc-sc_appeal_76_2016.pdf,17,SRC030,statute_to_curated_topic,candidate
courts-sc-sc_appeal_76_2021.pdf,09,SRC071,statute_to_curated_topic,candidate
courts-sc-sc_appeal_76_2021.pdf,11,SRC049,statute_to_curated_topic,candidate
courts-sc-sc_appeal_76_2021.pdf,18,SRC071,statute_to_curated_topic,candidate
courts-sc-sc_appeal_76_2021.pdf,20,SRC049,statute_to_curated_topic,candidate
courts-sc-sc_appeal_77_2013.pdf,05,SRC027,statute_to_curated_topic,candidate
courts-sc-sc_appeal_77_2013.pdf,05,SRC029,statute_to_curated_topic,candidate
courts-sc-sc_appeal_77_2013.pdf,05,SRC030,statute_to_curated_topic,candidate
courts-sc-sc_appeal_77_2013.pdf,09,SRC030,statute_to_curated_topic,candidate
courts-sc-sc_appeal_77_2013.pdf,17,SRC027,statute_to_curated_topic,candidate
courts-sc-sc_appeal_77_2013.pdf,17,SRC030,statute_to_curated_topic,candidate
courts-sc-sc_appeal_77_2014.pdf,09,SRC071,statute_to_curated_topic,candidate
courts-sc-sc_appeal_77_2014.pdf,18,SRC071,statute_to_curated_topic,candidate
courts-sc-sc_appeal_77_2017.pdf,05,SRC030,statute_to_curated_topic,candidate
courts-sc-sc_appeal_77_2017.pdf,09,SRC030,statute_to_curated_topic,candidate
courts-sc-sc_appeal_77_2017.pdf,17,SRC030,statute_to_curated_topic,candidate
courts-sc-sc_appeal_77_2018.pdf,05,SRC030,statute_to_curated_topic,candidate
courts-sc-sc_appeal_77_2018.pdf,05,SRC033,statute_to_curated_topic,candidate
courts-sc-sc_appeal_77_2018.pdf,09,SRC030,statute_to_curated_topic,candidate
courts-sc-sc_appeal_77_2018.pdf,12,SRC033,statute_to_curated_topic,candidate
courts-sc-sc_appeal_77_2018.pdf,17,SRC030,statute_to_curated_topic,candidate
courts-sc-sc_appeal_77_2018.pdf,20,SRC033,statute_to_curated_topic,candidate
courts-sc-sc_appeal_77_2019.pdf,01,SRC001,statute_to_curated_topic,candidate
courts-sc-sc_appeal_77_2019.pdf,05,SRC001,statute_to_curated_topic,candidate
courts-sc-sc_appeal_77_2019.pdf,05,SRC027,statute_to_curated_topic,candidate
courts-sc-sc_appeal_77_2019.pdf,05,SRC029,statute_to_curated_topic,candidate
courts-sc-sc_appeal_77_2019.pdf,05,SRC030,statute_to_curated_topic,candidate
courts-sc-sc_appeal_77_2019.pdf,06,SRC001,statute_to_curated_topic,candidate
courts-sc-sc_appeal_77_2019.pdf,09,SRC030,statute_to_curated_topic,candidate
courts-sc-sc_appeal_77_2019.pdf,17,SRC001,statute_to_curated_topic,candidate
courts-sc-sc_appeal_77_2019.pdf,17,SRC027,statute_to_curated_topic,candidate
courts-sc-sc_appeal_77_2019.pdf,17,SRC030,statute_to_curated_topic,candidate
courts-sc-sc_appeal_78_2013.pdf,09,SRC071,statute_to_curated_topic,candidate
courts-sc-sc_appeal_78_2013.pdf,18,SRC071,statute_to_curated_topic,candidate
courts-sc-sc_appeal_78_2018.pdf,05,SRC030,statute_to_curated_topic,candidate
courts-sc-sc_appeal_78_2018.pdf,09,SRC030,statute_to_curated_topic,candidate
courts-sc-sc_appeal_78_2018.pdf,17,SRC030,statute_to_curated_topic,candidate
courts-sc-sc_appeal_78_2021.pdf,05,SRC030,statute_to_curated_topic,candidate
courts-sc-sc_appeal_78_2021.pdf,09,SRC030,statute_to_curated_topic,candidate
courts-sc-sc_appeal_78_2021.pdf,17,SRC030,statute_to_curated_topic,candidate
courts-sc-sc_appeal_78_2021.pdf,17,SRC064,statute_to_curated_topic,candidate
courts-sc-sc_appeal_78_2022.pdf,05,SRC029,statute_to_curated_topic,candidate
courts-sc-sc_appeal_79_2010.pdf,05,SRC028,statute_to_curated_topic,candidate
courts-sc-sc_appeal_79_2010.pdf,15,SRC059,statute_to_curated_topic,candidate
courts-sc-sc_appeal_79_2010.pdf,17,SRC028,statute_to_curated_topic,candidate
courts-sc-sc_appeal_79_2017.pdf,05,SRC027,statute_to_curated_topic,candidate
courts-sc-sc_appeal_79_2017.pdf,05,SRC030,statute_to_curated_topic,candidate
courts-sc-sc_appeal_79_2017.pdf,09,SRC030,statute_to_curated_topic,candidate
courts-sc-sc_appeal_79_2017.pdf,17,SRC027,statute_to_curated_topic,candidate
courts-sc-sc_appeal_79_2017.pdf,17,SRC030,statute_to_curated_topic,candidate
courts-sc-sc_appeal_7_2004.pdf,01,SRC001,statute_to_curated_topic,candidate
courts-sc-sc_appeal_7_2004.pdf,05,SRC001,statute_to_curated_topic,candidate
courts-sc-sc_appeal_7_2004.pdf,05,SRC014,statute_to_curated_topic,candidate
courts-sc-sc_appeal_7_2004.pdf,05,SRC029,statute_to_curated_topic,candidate
courts-sc-sc_appeal_7_2004.pdf,05,SRC030,statute_to_curated_topic,candidate
courts-sc-sc_appeal_7_2004.pdf,06,SRC001,statute_to_curated_topic,candidate
courts-sc-sc_appeal_7_2004.pdf,06,SRC014,statute_to_curated_topic,candidate
courts-sc-sc_appeal_7_2004.pdf,08,SRC014,statute_to_curated_topic,candidate
courts-sc-sc_appeal_7_2004.pdf,09,SRC030,statute_to_curated_topic,candidate
courts-sc-sc_appeal_7_2004.pdf,17,SRC001,statute_to_curated_topic,candidate
courts-sc-sc_appeal_7_2004.pdf,17,SRC014,statute_to_curated_topic,candidate
courts-sc-sc_appeal_7_2004.pdf,17,SRC030,statute_to_curated_topic,candidate
courts-sc-sc_appeal_7_2004.pdf,20,SRC014,statute_to_curated_topic,candidate
courts-sc-sc_appeal_7_2020.pdf,09,SRC071,statute_to_curated_topic,candidate
courts-sc-sc_appeal_7_2020.pdf,18,SRC071,statute_to_curated_topic,candidate
courts-sc-sc_appeal_7_2021.pdf,05,SRC030,statute_to_curated_topic,candidate
courts-sc-sc_appeal_7_2021.pdf,09,SRC030,statute_to_curated_topic,candidate
courts-sc-sc_appeal_7_2021.pdf,17,SRC030,statute_to_curated_topic,candidate
courts-sc-sc_appeal_80_2011.pdf,05,SRC030,statute_to_curated_topic,candidate
courts-sc-sc_appeal_80_2011.pdf,09,SRC030,statute_to_curated_topic,candidate
courts-sc-sc_appeal_80_2011.pdf,17,SRC030,statute_to_curated_topic,candidate
courts-sc-sc_appeal_80_2014.pdf,05,SRC027,statute_to_curated_topic,candidate
courts-sc-sc_appeal_80_2014.pdf,05,SRC030,statute_to_curated_topic,candidate
courts-sc-sc_appeal_80_2014.pdf,09,SRC030,statute_to_curated_topic,candidate
courts-sc-sc_appeal_80_2014.pdf,17,SRC027,statute_to_curated_topic,candidate
courts-sc-sc_appeal_80_2014.pdf,17,SRC030,statute_to_curated_topic,candidate
courts-sc-sc_appeal_80_2018.pdf,05,SRC030,statute_to_curated_topic,candidate
courts-sc-sc_appeal_80_2018.pdf,09,SRC030,statute_to_curated_topic,candidate
courts-sc-sc_appeal_80_2018.pdf,09,SRC071,statute_to_curated_topic,candidate
courts-sc-sc_appeal_80_2018.pdf,17,SRC030,statute_to_curated_topic,candidate
courts-sc-sc_appeal_80_2018.pdf,18,SRC071,statute_to_curated_topic,candidate
courts-sc-sc_appeal_80_2022.pdf,09,SRC071,statute_to_curated_topic,candidate
courts-sc-sc_appeal_80_2022.pdf,18,SRC071,statute_to_curated_topic,candidate
courts-sc-sc_appeal_81_2010.pdf,05,SRC030,statute_to_curated_topic,candidate
courts-sc-sc_appeal_81_2010.pdf,05,SRC031,statute_to_curated_topic,candidate
courts-sc-sc_appeal_81_2010.pdf,09,SRC030,statute_to_curated_topic,candidate
courts-sc-sc_appeal_81_2010.pdf,09,SRC031,statute_to_curated_topic,candidate
courts-sc-sc_appeal_81_2010.pdf,17,SRC030,statute_to_curated_topic,candidate
courts-sc-sc_appeal_81_2020.pdf,02,SRC005,statute_to_curated_topic,candidate
courts-sc-sc_appeal_81_2020.pdf,05,SRC005,statute_to_curated_topic,candidate
courts-sc-sc_appeal_81_2020.pdf,05,SRC027,statute_to_curated_topic,candidate
courts-sc-sc_appeal_81_2020.pdf,05,SRC030,statute_to_curated_topic,candidate
courts-sc-sc_appeal_81_2020.pdf,06,SRC005,statute_to_curated_topic,candidate
courts-sc-sc_appeal_81_2020.pdf,09,SRC030,statute_to_curated_topic,candidate
courts-sc-sc_appeal_81_2020.pdf,17,SRC005,statute_to_curated_topic,candidate
courts-sc-sc_appeal_81_2020.pdf,17,SRC027,statute_to_curated_topic,candidate
courts-sc-sc_appeal_81_2020.pdf,17,SRC030,statute_to_curated_topic,candidate
courts-sc-sc_appeal_81_2022.pdf,01,SRC001,statute_to_curated_topic,candidate
courts-sc-sc_appeal_81_2022.pdf,05,SRC001,statute_to_curated_topic,candidate
courts-sc-sc_appeal_81_2022.pdf,05,SRC029,statute_to_curated_topic,candidate
courts-sc-sc_appeal_81_2022.pdf,06,SRC001,statute_to_curated_topic,candidate
courts-sc-sc_appeal_81_2022.pdf,12,SRC050,statute_to_curated_topic,candidate
courts-sc-sc_appeal_81_2022.pdf,17,SRC001,statute_to_curated_topic,candidate
courts-sc-sc_appeal_81_2022.pdf,20,SRC050,statute_to_curated_topic,candidate
courts-sc-sc_appeal_82_2009.pdf,15,SRC059,statute_to_curated_topic,candidate
courts-sc-sc_appeal_82_2010.pdf,05,SRC027,statute_to_curated_topic,candidate
courts-sc-sc_appeal_82_2010.pdf,05,SRC033,statute_to_curated_topic,candidate
courts-sc-sc_appeal_82_2010.pdf,09,SRC071,statute_to_curated_topic,candidate
courts-sc-sc_appeal_82_2010.pdf,11,SRC049,statute_to_curated_topic,candidate
courts-sc-sc_appeal_82_2010.pdf,11,SRC072,statute_to_curated_topic,candidate
courts-sc-sc_appeal_82_2010.pdf,12,SRC033,statute_to_curated_topic,candidate
courts-sc-sc_appeal_82_2010.pdf,12,SRC072,statute_to_curated_topic,candidate
courts-sc-sc_appeal_82_2010.pdf,17,SRC027,statute_to_curated_topic,candidate
courts-sc-sc_appeal_82_2010.pdf,18,SRC071,statute_to_curated_topic,candidate
courts-sc-sc_appeal_82_2010.pdf,18,SRC072,statute_to_curated_topic,candidate
courts-sc-sc_appeal_82_2010.pdf,20,SRC033,statute_to_curated_topic,candidate
courts-sc-sc_appeal_82_2010.pdf,20,SRC049,statute_to_curated_topic,candidate
courts-sc-sc_appeal_82_2014.pdf,05,SRC028,statute_to_curated_topic,candidate
courts-sc-sc_appeal_82_2014.pdf,05,SRC029,statute_to_curated_topic,candidate
courts-sc-sc_appeal_82_2014.pdf,17,SRC028,statute_to_curated_topic,candidate
courts-sc-sc_appeal_82_2020.pdf,02,SRC005,statute_to_curated_topic,candidate
courts-sc-sc_appeal_82_2020.pdf,05,SRC005,statute_to_curated_topic,candidate
courts-sc-sc_appeal_82_2020.pdf,05,SRC027,statute_to_curated_topic,candidate
courts-sc-sc_appeal_82_2020.pdf,06,SRC005,statute_to_curated_topic,candidate
courts-sc-sc_appeal_82_2020.pdf,17,SRC005,statute_to_curated_topic,candidate
courts-sc-sc_appeal_82_2020.pdf,17,SRC027,statute_to_curated_topic,candidate
courts-sc-sc_appeal_82_2021.pdf,05,SRC024,statute_to_curated_topic,candidate
courts-sc-sc_appeal_82_2021.pdf,05,SRC029,statute_to_curated_topic,candidate
courts-sc-sc_appeal_82_2021.pdf,05,SRC030,statute_to_curated_topic,candidate
courts-sc-sc_appeal_82_2021.pdf,05,SRC031,statute_to_curated_topic,candidate
courts-sc-sc_appeal_82_2021.pdf,09,SRC030,statute_to_curated_topic,candidate
courts-sc-sc_appeal_82_2021.pdf,09,SRC031,statute_to_curated_topic,candidate
courts-sc-sc_appeal_82_2021.pdf,14,SRC024,statute_to_curated_topic,candidate
courts-sc-sc_appeal_82_2021.pdf,17,SRC024,statute_to_curated_topic,candidate
courts-sc-sc_appeal_82_2021.pdf,17,SRC030,statute_to_curated_topic,candidate
courts-sc-sc_appeal_83_2008.pdf,12,SRC051,statute_to_curated_topic,candidate
courts-sc-sc_appeal_83_2011.pdf,05,SRC027,statute_to_curated_topic,candidate
courts-sc-sc_appeal_83_2011.pdf,05,SRC029,statute_to_curated_topic,candidate
courts-sc-sc_appeal_83_2011.pdf,05,SRC030,statute_to_curated_topic,candidate
courts-sc-sc_appeal_83_2011.pdf,09,SRC030,statute_to_curated_topic,candidate
courts-sc-sc_appeal_83_2011.pdf,17,SRC027,statute_to_curated_topic,candidate
courts-sc-sc_appeal_83_2011.pdf,17,SRC030,statute_to_curated_topic,candidate
courts-sc-sc_appeal_83_2013.pdf,09,SRC071,statute_to_curated_topic,candidate
courts-sc-sc_appeal_83_2013.pdf,18,SRC071,statute_to_curated_topic,candidate
courts-sc-sc_appeal_84_2015.pdf,01,SRC001,statute_to_curated_topic,candidate
courts-sc-sc_appeal_84_2015.pdf,01,SRC002,statute_to_curated_topic,candidate
courts-sc-sc_appeal_84_2015.pdf,05,SRC001,statute_to_curated_topic,candidate
courts-sc-sc_appeal_84_2015.pdf,05,SRC002,statute_to_curated_topic,candidate
courts-sc-sc_appeal_84_2015.pdf,05,SRC029,statute_to_curated_topic,candidate
courts-sc-sc_appeal_84_2015.pdf,06,SRC001,statute_to_curated_topic,candidate
courts-sc-sc_appeal_84_2015.pdf,15,SRC059,statute_to_curated_topic,candidate
courts-sc-sc_appeal_84_2015.pdf,17,SRC001,statute_to_curated_topic,candidate
courts-sc-sc_appeal_84_2015.pdf,17,SRC002,statute_to_curated_topic,candidate
courts-sc-sc_appeal_84_2016.pdf,01,SRC001,statute_to_curated_topic,candidate
courts-sc-sc_appeal_84_2016.pdf,05,SRC001,statute_to_curated_topic,candidate
courts-sc-sc_appeal_84_2016.pdf,05,SRC029,statute_to_curated_topic,candidate
courts-sc-sc_appeal_84_2016.pdf,06,SRC001,statute_to_curated_topic,candidate
courts-sc-sc_appeal_84_2016.pdf,17,SRC001,statute_to_curated_topic,candidate
courts-sc-sc_appeal_84_2019.pdf,05,SRC033,statute_to_curated_topic,candidate
courts-sc-sc_appeal_84_2019.pdf,12,SRC033,statute_to_curated_topic,candidate
courts-sc-sc_appeal_84_2019.pdf,20,SRC033,statute_to_curated_topic,candidate
courts-sc-sc_appeal_84_2025_ed.pdf,12,SRC050,statute_to_curated_topic,candidate
courts-sc-sc_appeal_84_2025_ed.pdf,20,SRC050,statute_to_curated_topic,candidate
courts-sc-sc_appeal_85_2021.pdf,03,SRC011,statute_to_curated_topic,candidate
courts-sc-sc_appeal_85_2021.pdf,05,SRC027,statute_to_curated_topic,candidate
courts-sc-sc_appeal_85_2021.pdf,05,SRC030,statute_to_curated_topic,candidate
courts-sc-sc_appeal_85_2021.pdf,07,SRC011,statute_to_curated_topic,candidate
courts-sc-sc_appeal_85_2021.pdf,09,SRC030,statute_to_curated_topic,candidate
courts-sc-sc_appeal_85_2021.pdf,09,SRC040,statute_to_curated_topic,candidate
courts-sc-sc_appeal_85_2021.pdf,09,SRC043,statute_to_curated_topic,candidate
courts-sc-sc_appeal_85_2021.pdf,12,SRC051,statute_to_curated_topic,candidate
courts-sc-sc_appeal_85_2021.pdf,17,SRC011,statute_to_curated_topic,candidate
courts-sc-sc_appeal_85_2021.pdf,17,SRC027,statute_to_curated_topic,candidate
courts-sc-sc_appeal_85_2021.pdf,17,SRC030,statute_to_curated_topic,candidate
courts-sc-sc_appeal_85_2021.pdf,20,SRC011,statute_to_curated_topic,candidate
courts-sc-sc_appeal_85a_2009.pdf,05,SRC029,statute_to_curated_topic,candidate
courts-sc-sc_appeal_85a_2009.pdf,05,SRC031,statute_to_curated_topic,candidate
courts-sc-sc_appeal_85a_2009.pdf,09,SRC031,statute_to_curated_topic,candidate
courts-sc-sc_appeal_86_2011.pdf,05,SRC027,statute_to_curated_topic,candidate
courts-sc-sc_appeal_86_2011.pdf,17,SRC027,statute_to_curated_topic,candidate
courts-sc-sc_appeal_87_2002.pdf,05,SRC030,statute_to_curated_topic,candidate
courts-sc-sc_appeal_87_2002.pdf,09,SRC030,statute_to_curated_topic,candidate
courts-sc-sc_appeal_87_2002.pdf,17,SRC030,statute_to_curated_topic,candidate
courts-sc-sc_appeal_87_2017.pdf,05,SRC030,statute_to_curated_topic,candidate
courts-sc-sc_appeal_87_2017.pdf,09,SRC030,statute_to_curated_topic,candidate
courts-sc-sc_appeal_87_2017.pdf,17,SRC030,statute_to_curated_topic,candidate
courts-sc-sc_appeal_88_2018.pdf,05,SRC030,statute_to_curated_topic,candidate
courts-sc-sc_appeal_88_2018.pdf,09,SRC030,statute_to_curated_topic,candidate
courts-sc-sc_appeal_88_2018.pdf,17,SRC030,statute_to_curated_topic,candidate
courts-sc-sc_appeal_89_2010-1.pdf,05,SRC029,statute_to_curated_topic,candidate
courts-sc-sc_appeal_89_2010-1.pdf,05,SRC030,statute_to_curated_topic,candidate
courts-sc-sc_appeal_89_2010-1.pdf,09,SRC030,statute_to_curated_topic,candidate
courts-sc-sc_appeal_89_2010-1.pdf,17,SRC030,statute_to_curated_topic,candidate
courts-sc-sc_appeal_89_2010.pdf,05,SRC030,statute_to_curated_topic,candidate
courts-sc-sc_appeal_89_2010.pdf,09,SRC030,statute_to_curated_topic,candidate
courts-sc-sc_appeal_89_2010.pdf,17,SRC030,statute_to_curated_topic,candidate
courts-sc-sc_appeal_89_2011.pdf,05,SRC027,statute_to_curated_topic,candidate
courts-sc-sc_appeal_89_2011.pdf,17,SRC027,statute_to_curated_topic,candidate
courts-sc-sc_appeal_89_2017-1.pdf,01,SRC001,statute_to_curated_topic,candidate
courts-sc-sc_appeal_89_2017-1.pdf,05,SRC001,statute_to_curated_topic,candidate
courts-sc-sc_appeal_89_2017-1.pdf,05,SRC029,statute_to_curated_topic,candidate
courts-sc-sc_appeal_89_2017-1.pdf,06,SRC001,statute_to_curated_topic,candidate
courts-sc-sc_appeal_89_2017-1.pdf,15,SRC059,statute_to_curated_topic,candidate
courts-sc-sc_appeal_89_2017-1.pdf,17,SRC001,statute_to_curated_topic,candidate
courts-sc-sc_appeal_89_2018.pdf,05,SRC029,statute_to_curated_topic,candidate
courts-sc-sc_appeal_89_2018.pdf,05,SRC030,statute_to_curated_topic,candidate
courts-sc-sc_appeal_89_2018.pdf,09,SRC030,statute_to_curated_topic,candidate
courts-sc-sc_appeal_89_2018.pdf,17,SRC030,statute_to_curated_topic,candidate
courts-sc-sc_appeal_89_2019.pdf,05,SRC030,statute_to_curated_topic,candidate
courts-sc-sc_appeal_89_2019.pdf,09,SRC030,statute_to_curated_topic,candidate
courts-sc-sc_appeal_89_2019.pdf,17,SRC030,statute_to_curated_topic,candidate
courts-sc-sc_appeal_8_2011.pdf,05,SRC028,statute_to_curated_topic,candidate
courts-sc-sc_appeal_8_2011.pdf,17,SRC028,statute_to_curated_topic,candidate
courts-sc-sc_appeal_8_2013.pdf,05,SRC030,statute_to_curated_topic,candidate
courts-sc-sc_appeal_8_2013.pdf,09,SRC030,statute_to_curated_topic,candidate
courts-sc-sc_appeal_8_2013.pdf,15,SRC059,statute_to_curated_topic,candidate
courts-sc-sc_appeal_8_2013.pdf,17,SRC030,statute_to_curated_topic,candidate
courts-sc-sc_appeal_8_2018.pdf,05,SRC030,statute_to_curated_topic,candidate
courts-sc-sc_appeal_8_2018.pdf,09,SRC030,statute_to_curated_topic,candidate
courts-sc-sc_appeal_8_2018.pdf,09,SRC071,statute_to_curated_topic,candidate
courts-sc-sc_appeal_8_2018.pdf,17,SRC030,statute_to_curated_topic,candidate
courts-sc-sc_appeal_8_2018.pdf,18,SRC071,statute_to_curated_topic,candidate
courts-sc-sc_appeal_8_2021-1.pdf,05,SRC030,statute_to_curated_topic,candidate
courts-sc-sc_appeal_8_2021-1.pdf,09,SRC030,statute_to_curated_topic,candidate
courts-sc-sc_appeal_8_2021-1.pdf,17,SRC030,statute_to_curated_topic,candidate
courts-sc-sc_appeal_8a_2009.pdf,15,SRC059,statute_to_curated_topic,candidate
courts-sc-sc_appeal_90_2009.pdf,05,SRC033,statute_to_curated_topic,candidate
courts-sc-sc_appeal_90_2009.pdf,12,SRC033,statute_to_curated_topic,candidate
courts-sc-sc_appeal_90_2009.pdf,20,SRC033,statute_to_curated_topic,candidate
courts-sc-sc_appeal_90_2016.pdf,05,SRC027,statute_to_curated_topic,candidate
courts-sc-sc_appeal_90_2016.pdf,05,SRC030,statute_to_curated_topic,candidate
courts-sc-sc_appeal_90_2016.pdf,09,SRC030,statute_to_curated_topic,candidate
courts-sc-sc_appeal_90_2016.pdf,17,SRC027,statute_to_curated_topic,candidate
courts-sc-sc_appeal_90_2016.pdf,17,SRC030,statute_to_curated_topic,candidate
courts-sc-sc_appeal_91_2013.pdf,05,SRC014,statute_to_curated_topic,candidate
courts-sc-sc_appeal_91_2013.pdf,06,SRC014,statute_to_curated_topic,candidate
courts-sc-sc_appeal_91_2013.pdf,08,SRC014,statute_to_curated_topic,candidate
courts-sc-sc_appeal_91_2013.pdf,09,SRC071,statute_to_curated_topic,candidate
courts-sc-sc_appeal_91_2013.pdf,17,SRC014,statute_to_curated_topic,candidate
courts-sc-sc_appeal_91_2013.pdf,18,SRC071,statute_to_curated_topic,candidate
courts-sc-sc_appeal_91_2013.pdf,20,SRC014,statute_to_curated_topic,candidate
courts-sc-sc_appeal_91_2020.pdf,05,SRC030,statute_to_curated_topic,candidate
courts-sc-sc_appeal_91_2020.pdf,09,SRC030,statute_to_curated_topic,candidate
courts-sc-sc_appeal_91_2020.pdf,17,SRC030,statute_to_curated_topic,candidate
courts-sc-sc_appeal_92_2010.pdf,11,SRC049,statute_to_curated_topic,candidate
courts-sc-sc_appeal_92_2010.pdf,20,SRC049,statute_to_curated_topic,candidate
courts-sc-sc_appeal_92_2012-1.pdf,05,SRC027,statute_to_curated_topic,candidate
courts-sc-sc_appeal_92_2012-1.pdf,17,SRC027,statute_to_curated_topic,candidate
courts-sc-sc_appeal_92_2014.pdf,05,SRC029,statute_to_curated_topic,candidate
courts-sc-sc_appeal_93_2009.pdf,05,SRC027,statute_to_curated_topic,candidate
courts-sc-sc_appeal_93_2009.pdf,05,SRC030,statute_to_curated_topic,candidate
courts-sc-sc_appeal_93_2009.pdf,09,SRC030,statute_to_curated_topic,candidate
courts-sc-sc_appeal_93_2009.pdf,09,SRC071,statute_to_curated_topic,candidate
courts-sc-sc_appeal_93_2009.pdf,17,SRC027,statute_to_curated_topic,candidate
courts-sc-sc_appeal_93_2009.pdf,17,SRC030,statute_to_curated_topic,candidate
courts-sc-sc_appeal_93_2009.pdf,18,SRC071,statute_to_curated_topic,candidate
courts-sc-sc_appeal_93_2012.pdf,05,SRC027,statute_to_curated_topic,candidate
courts-sc-sc_appeal_93_2012.pdf,17,SRC027,statute_to_curated_topic,candidate
courts-sc-sc_appeal_93_2015.pdf,09,SRC071,statute_to_curated_topic,candidate
courts-sc-sc_appeal_93_2015.pdf,18,SRC071,statute_to_curated_topic,candidate
courts-sc-sc_appeal_93_2017.pdf,09,SRC071,statute_to_curated_topic,candidate
courts-sc-sc_appeal_93_2017.pdf,18,SRC071,statute_to_curated_topic,candidate
courts-sc-sc_appeal_93_2022.pdf,02,SRC005,statute_to_curated_topic,candidate
courts-sc-sc_appeal_93_2022.pdf,05,SRC005,statute_to_curated_topic,candidate
courts-sc-sc_appeal_93_2022.pdf,05,SRC014,statute_to_curated_topic,candidate
courts-sc-sc_appeal_93_2022.pdf,06,SRC005,statute_to_curated_topic,candidate
courts-sc-sc_appeal_93_2022.pdf,06,SRC014,statute_to_curated_topic,candidate
courts-sc-sc_appeal_93_2022.pdf,08,SRC014,statute_to_curated_topic,candidate
courts-sc-sc_appeal_93_2022.pdf,17,SRC005,statute_to_curated_topic,candidate
courts-sc-sc_appeal_93_2022.pdf,17,SRC014,statute_to_curated_topic,candidate
courts-sc-sc_appeal_93_2022.pdf,20,SRC014,statute_to_curated_topic,candidate
courts-sc-sc_appeal_94_2013-1.pdf,09,SRC071,statute_to_curated_topic,candidate
courts-sc-sc_appeal_94_2013-1.pdf,18,SRC071,statute_to_curated_topic,candidate
courts-sc-sc_appeal_94_2017.pdf,05,SRC027,statute_to_curated_topic,candidate
courts-sc-sc_appeal_94_2017.pdf,12,SRC054,statute_to_curated_topic,candidate
courts-sc-sc_appeal_94_2017.pdf,17,SRC027,statute_to_curated_topic,candidate
courts-sc-sc_appeal_94_2025.pdf,09,SRC071,statute_to_curated_topic,candidate
courts-sc-sc_appeal_94_2025.pdf,18,SRC071,statute_to_curated_topic,candidate
courts-sc-sc_appeal_95_2015.pdf,05,SRC030,statute_to_curated_topic,candidate
courts-sc-sc_appeal_95_2015.pdf,09,SRC030,statute_to_curated_topic,candidate
courts-sc-sc_appeal_95_2015.pdf,17,SRC030,statute_to_curated_topic,candidate
courts-sc-sc_appeal_95_2018.pdf,05,SRC029,statute_to_curated_topic,candidate
courts-sc-sc_appeal_95_2021.pdf,05,SRC029,statute_to_curated_topic,candidate
courts-sc-sc_appeal_95_2021.pdf,05,SRC030,statute_to_curated_topic,candidate
courts-sc-sc_appeal_95_2021.pdf,09,SRC030,statute_to_curated_topic,candidate
courts-sc-sc_appeal_95_2021.pdf,17,SRC030,statute_to_curated_topic,candidate
courts-sc-sc_appeal_96_2010.pdf,09,SRC071,statute_to_curated_topic,candidate
courts-sc-sc_appeal_96_2010.pdf,18,SRC071,statute_to_curated_topic,candidate
courts-sc-sc_appeal_96_2013.pdf,05,SRC030,statute_to_curated_topic,candidate
courts-sc-sc_appeal_96_2013.pdf,09,SRC030,statute_to_curated_topic,candidate
courts-sc-sc_appeal_96_2013.pdf,17,SRC030,statute_to_curated_topic,candidate
courts-sc-sc_appeal_96_2013.pdf,17,SRC074,statute_to_curated_topic,candidate
courts-sc-sc_appeal_96_2013.pdf,17,SRC080,statute_to_curated_topic,candidate
courts-sc-sc_appeal_96_2013.pdf,18,SRC074,statute_to_curated_topic,candidate
courts-sc-sc_appeal_96_2013.pdf,18,SRC080,statute_to_curated_topic,candidate
courts-sc-sc_appeal_96_2025.pdf,05,SRC028,statute_to_curated_topic,candidate
courts-sc-sc_appeal_96_2025.pdf,05,SRC030,statute_to_curated_topic,candidate
courts-sc-sc_appeal_96_2025.pdf,09,SRC030,statute_to_curated_topic,candidate
courts-sc-sc_appeal_96_2025.pdf,17,SRC028,statute_to_curated_topic,candidate
courts-sc-sc_appeal_96_2025.pdf,17,SRC030,statute_to_curated_topic,candidate
courts-sc-sc_appeal_96_97_2016.pdf,05,SRC027,statute_to_curated_topic,candidate
courts-sc-sc_appeal_96_97_2016.pdf,05,SRC030,statute_to_curated_topic,candidate
courts-sc-sc_appeal_96_97_2016.pdf,09,SRC030,statute_to_curated_topic,candidate
courts-sc-sc_appeal_96_97_2016.pdf,09,SRC071,statute_to_curated_topic,candidate
courts-sc-sc_appeal_96_97_2016.pdf,17,SRC027,statute_to_curated_topic,candidate
courts-sc-sc_appeal_96_97_2016.pdf,17,SRC030,statute_to_curated_topic,candidate
courts-sc-sc_appeal_96_97_2016.pdf,18,SRC071,statute_to_curated_topic,candidate
courts-sc-sc_appeal_97_2010.pdf,05,SRC030,statute_to_curated_topic,candidate
courts-sc-sc_appeal_97_2010.pdf,09,SRC030,statute_to_curated_topic,candidate
courts-sc-sc_appeal_97_2010.pdf,17,SRC030,statute_to_curated_topic,candidate
courts-sc-sc_appeal_97_2011.pdf,05,SRC029,statute_to_curated_topic,candidate
courts-sc-sc_appeal_97_2011.pdf,05,SRC030,statute_to_curated_topic,candidate
courts-sc-sc_appeal_97_2011.pdf,09,SRC030,statute_to_curated_topic,candidate
courts-sc-sc_appeal_97_2011.pdf,17,SRC030,statute_to_curated_topic,candidate
courts-sc-sc_appeal_97_2014.pdf,09,SRC071,statute_to_curated_topic,candidate
courts-sc-sc_appeal_97_2014.pdf,18,SRC071,statute_to_curated_topic,candidate
courts-sc-sc_appeal_97_2015-1.pdf,09,SRC071,statute_to_curated_topic,candidate
courts-sc-sc_appeal_97_2015-1.pdf,18,SRC071,statute_to_curated_topic,candidate
courts-sc-sc_appeal_98_2007.pdf,05,SRC027,statute_to_curated_topic,candidate
courts-sc-sc_appeal_98_2007.pdf,05,SRC029,statute_to_curated_topic,candidate
courts-sc-sc_appeal_98_2007.pdf,17,SRC027,statute_to_curated_topic,candidate
courts-sc-sc_appeal_98_2014.pdf,05,SRC027,statute_to_curated_topic,candidate
courts-sc-sc_appeal_98_2014.pdf,05,SRC029,statute_to_curated_topic,candidate
courts-sc-sc_appeal_98_2014.pdf,17,SRC027,statute_to_curated_topic,candidate
courts-sc-sc_appeal_98_2019.pdf,09,SRC071,statute_to_curated_topic,candidate
courts-sc-sc_appeal_98_2019.pdf,18,SRC071,statute_to_curated_topic,candidate
courts-sc-sc_appeal_99_2016.pdf,05,SRC027,statute_to_curated_topic,candidate
courts-sc-sc_appeal_99_2016.pdf,05,SRC030,statute_to_curated_topic,candidate
courts-sc-sc_appeal_99_2016.pdf,09,SRC030,statute_to_curated_topic,candidate
courts-sc-sc_appeal_99_2016.pdf,17,SRC027,statute_to_curated_topic,candidate
courts-sc-sc_appeal_99_2016.pdf,17,SRC030,statute_to_curated_topic,candidate
courts-sc-sc_appeal_99a_2009.pdf,05,SRC030,statute_to_curated_topic,candidate
courts-sc-sc_appeal_99a_2009.pdf,09,SRC030,statute_to_curated_topic,candidate
courts-sc-sc_appeal_99a_2009.pdf,17,SRC030,statute_to_curated_topic,candidate
courts-sc-sc_appeal_9_2011.pdf,15,SRC059,statute_to_curated_topic,candidate
courts-sc-sc_appeal_9_2016.pdf,01,SRC001,statute_to_curated_topic,candidate
courts-sc-sc_appeal_9_2016.pdf,05,SRC001,statute_to_curated_topic,candidate
courts-sc-sc_appeal_9_2016.pdf,05,SRC029,statute_to_curated_topic,candidate
courts-sc-sc_appeal_9_2016.pdf,06,SRC001,statute_to_curated_topic,candidate
courts-sc-sc_appeal_9_2016.pdf,17,SRC001,statute_to_curated_topic,candidate
courts-sc-sc_appeal_9_2017.pdf,09,SRC071,statute_to_curated_topic,candidate
courts-sc-sc_appeal_9_2017.pdf,18,SRC071,statute_to_curated_topic,candidate
courts-sc-sc_chc-appeal_54_2019.pdf,05,SRC030,statute_to_curated_topic,candidate
courts-sc-sc_chc-appeal_54_2019.pdf,09,SRC030,statute_to_curated_topic,candidate
courts-sc-sc_chc-appeal_54_2019.pdf,17,SRC030,statute_to_curated_topic,candidate
courts-sc-sc_chc_-44_2012.pdf,05,SRC030,statute_to_curated_topic,candidate
courts-sc-sc_chc_-44_2012.pdf,05,SRC031,statute_to_curated_topic,candidate
courts-sc-sc_chc_-44_2012.pdf,09,SRC030,statute_to_curated_topic,candidate
courts-sc-sc_chc_-44_2012.pdf,09,SRC031,statute_to_curated_topic,candidate
courts-sc-sc_chc_-44_2012.pdf,17,SRC030,statute_to_curated_topic,candidate
courts-sc-sc_chc_appeal_10_2015.pdf,05,SRC030,statute_to_curated_topic,candidate
courts-sc-sc_chc_appeal_10_2015.pdf,09,SRC030,statute_to_curated_topic,candidate
courts-sc-sc_chc_appeal_10_2015.pdf,17,SRC030,statute_to_curated_topic,candidate
courts-sc-sc_chc_appeal_10_2017.pdf,05,SRC030,statute_to_curated_topic,candidate
courts-sc-sc_chc_appeal_10_2017.pdf,09,SRC030,statute_to_curated_topic,candidate
courts-sc-sc_chc_appeal_10_2017.pdf,17,SRC030,statute_to_curated_topic,candidate
courts-sc-sc_chc_appeal_10_2017.pdf,17,SRC064,statute_to_curated_topic,candidate
courts-sc-sc_chc_appeal_11_2014.pdf,05,SRC031,statute_to_curated_topic,candidate
courts-sc-sc_chc_appeal_11_2014.pdf,09,SRC031,statute_to_curated_topic,candidate
courts-sc-sc_chc_appeal_13_2001.pdf,05,SRC030,statute_to_curated_topic,candidate
courts-sc-sc_chc_appeal_13_2001.pdf,09,SRC030,statute_to_curated_topic,candidate
courts-sc-sc_chc_appeal_13_2001.pdf,09,SRC071,statute_to_curated_topic,candidate
courts-sc-sc_chc_appeal_13_2001.pdf,17,SRC030,statute_to_curated_topic,candidate
courts-sc-sc_chc_appeal_13_2001.pdf,18,SRC071,statute_to_curated_topic,candidate
courts-sc-sc_chc_appeal_13_2012.pdf,05,SRC027,statute_to_curated_topic,candidate
courts-sc-sc_chc_appeal_13_2012.pdf,05,SRC030,statute_to_curated_topic,candidate
courts-sc-sc_chc_appeal_13_2012.pdf,09,SRC030,statute_to_curated_topic,candidate
courts-sc-sc_chc_appeal_13_2012.pdf,17,SRC027,statute_to_curated_topic,candidate
courts-sc-sc_chc_appeal_13_2012.pdf,17,SRC030,statute_to_curated_topic,candidate
courts-sc-sc_chc_appeal_14_2015.pdf,05,SRC030,statute_to_curated_topic,candidate
courts-sc-sc_chc_appeal_14_2015.pdf,05,SRC031,statute_to_curated_topic,candidate
courts-sc-sc_chc_appeal_14_2015.pdf,09,SRC030,statute_to_curated_topic,candidate
courts-sc-sc_chc_appeal_14_2015.pdf,09,SRC031,statute_to_curated_topic,candidate
courts-sc-sc_chc_appeal_14_2015.pdf,17,SRC030,statute_to_curated_topic,candidate
courts-sc-sc_chc_appeal_14_2016.pdf,05,SRC014,statute_to_curated_topic,candidate
courts-sc-sc_chc_appeal_14_2016.pdf,06,SRC014,statute_to_curated_topic,candidate
courts-sc-sc_chc_appeal_14_2016.pdf,08,SRC014,statute_to_curated_topic,candidate
courts-sc-sc_chc_appeal_14_2016.pdf,17,SRC014,statute_to_curated_topic,candidate
courts-sc-sc_chc_appeal_14_2016.pdf,20,SRC014,statute_to_curated_topic,candidate
courts-sc-sc_chc_appeal_17_2014.pdf,05,SRC029,statute_to_curated_topic,candidate
courts-sc-sc_chc_appeal_17_2014.pdf,05,SRC030,statute_to_curated_topic,candidate
courts-sc-sc_chc_appeal_17_2014.pdf,09,SRC030,statute_to_curated_topic,candidate
courts-sc-sc_chc_appeal_17_2014.pdf,17,SRC030,statute_to_curated_topic,candidate
courts-sc-sc_chc_appeal_18_2008.pdf,05,SRC030,statute_to_curated_topic,candidate
courts-sc-sc_chc_appeal_18_2008.pdf,09,SRC030,statute_to_curated_topic,candidate
courts-sc-sc_chc_appeal_18_2008.pdf,09,SRC071,statute_to_curated_topic,candidate
courts-sc-sc_chc_appeal_18_2008.pdf,17,SRC030,statute_to_curated_topic,candidate
courts-sc-sc_chc_appeal_18_2008.pdf,18,SRC071,statute_to_curated_topic,candidate
courts-sc-sc_chc_appeal_19_2013-1.pdf,05,SRC029,statute_to_curated_topic,candidate
courts-sc-sc_chc_appeal_1_2014.pdf,09,SRC071,statute_to_curated_topic,candidate
courts-sc-sc_chc_appeal_1_2014.pdf,18,SRC071,statute_to_curated_topic,candidate
courts-sc-sc_chc_appeal_20_2012.pdf,05,SRC031,statute_to_curated_topic,candidate
courts-sc-sc_chc_appeal_20_2012.pdf,09,SRC031,statute_to_curated_topic,candidate
courts-sc-sc_chc_appeal_21_2006.pdf,05,SRC031,statute_to_curated_topic,candidate
courts-sc-sc_chc_appeal_21_2006.pdf,09,SRC031,statute_to_curated_topic,candidate
courts-sc-sc_chc_appeal_21_2006.pdf,17,SRC065,statute_to_curated_topic,candidate
courts-sc-sc_chc_appeal_22_2011.pdf,09,SRC071,statute_to_curated_topic,candidate
courts-sc-sc_chc_appeal_22_2011.pdf,18,SRC071,statute_to_curated_topic,candidate
courts-sc-sc_chc_appeal_22_2013.pdf,05,SRC029,statute_to_curated_topic,candidate
courts-sc-sc_chc_appeal_22_2013.pdf,05,SRC030,statute_to_curated_topic,candidate
courts-sc-sc_chc_appeal_22_2013.pdf,09,SRC030,statute_to_curated_topic,candidate
courts-sc-sc_chc_appeal_22_2013.pdf,09,SRC071,statute_to_curated_topic,candidate
courts-sc-sc_chc_appeal_22_2013.pdf,17,SRC030,statute_to_curated_topic,candidate
courts-sc-sc_chc_appeal_22_2013.pdf,18,SRC071,statute_to_curated_topic,candidate
courts-sc-sc_chc_appeal_22_2014.pdf,05,SRC030,statute_to_curated_topic,candidate
courts-sc-sc_chc_appeal_22_2014.pdf,09,SRC030,statute_to_curated_topic,candidate
courts-sc-sc_chc_appeal_22_2014.pdf,17,SRC030,statute_to_curated_topic,candidate
courts-sc-sc_chc_appeal_23_2008.pdf,05,SRC030,statute_to_curated_topic,candidate
courts-sc-sc_chc_appeal_23_2008.pdf,09,SRC030,statute_to_curated_topic,candidate
courts-sc-sc_chc_appeal_23_2008.pdf,09,SRC071,statute_to_curated_topic,candidate
courts-sc-sc_chc_appeal_23_2008.pdf,17,SRC030,statute_to_curated_topic,candidate
courts-sc-sc_chc_appeal_23_2008.pdf,18,SRC071,statute_to_curated_topic,candidate
courts-sc-sc_chc_appeal_23_2013.pdf,05,SRC029,statute_to_curated_topic,candidate
courts-sc-sc_chc_appeal_23_2013.pdf,05,SRC031,statute_to_curated_topic,candidate
courts-sc-sc_chc_appeal_23_2013.pdf,09,SRC031,statute_to_curated_topic,candidate
courts-sc-sc_chc_appeal_23_2013.pdf,09,SRC071,statute_to_curated_topic,candidate
courts-sc-sc_chc_appeal_23_2013.pdf,18,SRC071,statute_to_curated_topic,candidate
courts-sc-sc_chc_appeal_24_2008.pdf,05,SRC029,statute_to_curated_topic,candidate
courts-sc-sc_chc_appeal_24_2008.pdf,05,SRC031,statute_to_curated_topic,candidate
courts-sc-sc_chc_appeal_24_2008.pdf,09,SRC031,statute_to_curated_topic,candidate
courts-sc-sc_chc_appeal_25_2015-1.pdf,05,SRC030,statute_to_curated_topic,candidate
courts-sc-sc_chc_appeal_25_2015-1.pdf,09,SRC030,statute_to_curated_topic,candidate
courts-sc-sc_chc_appeal_25_2015-1.pdf,17,SRC030,statute_to_curated_topic,candidate
courts-sc-sc_chc_appeal_26_2003.pdf,05,SRC031,statute_to_curated_topic,candidate
courts-sc-sc_chc_appeal_26_2003.pdf,09,SRC031,statute_to_curated_topic,candidate
courts-sc-sc_chc_appeal_26_2010-1.pdf,05,SRC030,statute_to_curated_topic,candidate
courts-sc-sc_chc_appeal_26_2010-1.pdf,09,SRC030,statute_to_curated_topic,candidate
courts-sc-sc_chc_appeal_26_2010-1.pdf,17,SRC030,statute_to_curated_topic,candidate
courts-sc-sc_chc_appeal_26_2018.pdf,05,SRC029,statute_to_curated_topic,candidate
courts-sc-sc_chc_appeal_26_2018.pdf,05,SRC030,statute_to_curated_topic,candidate
courts-sc-sc_chc_appeal_26_2018.pdf,05,SRC031,statute_to_curated_topic,candidate
courts-sc-sc_chc_appeal_26_2018.pdf,09,SRC030,statute_to_curated_topic,candidate
courts-sc-sc_chc_appeal_26_2018.pdf,09,SRC031,statute_to_curated_topic,candidate
courts-sc-sc_chc_appeal_26_2018.pdf,17,SRC030,statute_to_curated_topic,candidate
courts-sc-sc_chc_appeal_27_2007.pdf,05,SRC030,statute_to_curated_topic,candidate
courts-sc-sc_chc_appeal_27_2007.pdf,09,SRC030,statute_to_curated_topic,candidate
courts-sc-sc_chc_appeal_27_2007.pdf,17,SRC030,statute_to_curated_topic,candidate
courts-sc-sc_chc_appeal_28_2008.pdf,05,SRC029,statute_to_curated_topic,candidate
courts-sc-sc_chc_appeal_28_2008.pdf,05,SRC030,statute_to_curated_topic,candidate
courts-sc-sc_chc_appeal_28_2008.pdf,09,SRC030,statute_to_curated_topic,candidate
courts-sc-sc_chc_appeal_28_2008.pdf,09,SRC071,statute_to_curated_topic,candidate
courts-sc-sc_chc_appeal_28_2008.pdf,17,SRC030,statute_to_curated_topic,candidate
courts-sc-sc_chc_appeal_28_2008.pdf,18,SRC071,statute_to_curated_topic,candidate
courts-sc-sc_chc_appeal_29_2011.pdf,09,SRC071,statute_to_curated_topic,candidate
courts-sc-sc_chc_appeal_29_2011.pdf,18,SRC071,statute_to_curated_topic,candidate
courts-sc-sc_chc_appeal_2_2011.pdf,05,SRC030,statute_to_curated_topic,candidate
courts-sc-sc_chc_appeal_2_2011.pdf,09,SRC030,statute_to_curated_topic,candidate
courts-sc-sc_chc_appeal_2_2011.pdf,09,SRC071,statute_to_curated_topic,candidate
courts-sc-sc_chc_appeal_2_2011.pdf,17,SRC030,statute_to_curated_topic,candidate
courts-sc-sc_chc_appeal_2_2011.pdf,18,SRC071,statute_to_curated_topic,candidate
courts-sc-sc_chc_appeal_30_2013.pdf,09,SRC071,statute_to_curated_topic,candidate
courts-sc-sc_chc_appeal_30_2013.pdf,18,SRC071,statute_to_curated_topic,candidate
courts-sc-sc_chc_appeal_32_32A_2008.pdf,05,SRC030,statute_to_curated_topic,candidate
courts-sc-sc_chc_appeal_32_32A_2008.pdf,09,SRC030,statute_to_curated_topic,candidate
courts-sc-sc_chc_appeal_32_32A_2008.pdf,17,SRC030,statute_to_curated_topic,candidate
courts-sc-sc_chc_appeal_35_2009.pdf,05,SRC030,statute_to_curated_topic,candidate
courts-sc-sc_chc_appeal_35_2009.pdf,09,SRC030,statute_to_curated_topic,candidate
courts-sc-sc_chc_appeal_35_2009.pdf,09,SRC071,statute_to_curated_topic,candidate
courts-sc-sc_chc_appeal_35_2009.pdf,17,SRC030,statute_to_curated_topic,candidate
courts-sc-sc_chc_appeal_35_2009.pdf,18,SRC071,statute_to_curated_topic,candidate
courts-sc-sc_chc_appeal_37_2006.pdf,09,SRC071,statute_to_curated_topic,candidate
courts-sc-sc_chc_appeal_37_2006.pdf,18,SRC071,statute_to_curated_topic,candidate
courts-sc-sc_chc_appeal_38_2023.pdf,05,SRC029,statute_to_curated_topic,candidate
courts-sc-sc_chc_appeal_38_2023.pdf,05,SRC030,statute_to_curated_topic,candidate
courts-sc-sc_chc_appeal_38_2023.pdf,09,SRC030,statute_to_curated_topic,candidate
courts-sc-sc_chc_appeal_38_2023.pdf,17,SRC030,statute_to_curated_topic,candidate
courts-sc-sc_chc_appeal_39_2006.pdf,05,SRC028,statute_to_curated_topic,candidate
courts-sc-sc_chc_appeal_39_2006.pdf,05,SRC030,statute_to_curated_topic,candidate
courts-sc-sc_chc_appeal_39_2006.pdf,09,SRC030,statute_to_curated_topic,candidate
courts-sc-sc_chc_appeal_39_2006.pdf,17,SRC028,statute_to_curated_topic,candidate
courts-sc-sc_chc_appeal_39_2006.pdf,17,SRC030,statute_to_curated_topic,candidate
courts-sc-sc_chc_appeal_3_2000.pdf,05,SRC030,statute_to_curated_topic,candidate
courts-sc-sc_chc_appeal_3_2000.pdf,09,SRC030,statute_to_curated_topic,candidate
courts-sc-sc_chc_appeal_3_2000.pdf,17,SRC030,statute_to_curated_topic,candidate
courts-sc-sc_chc_appeal_3_2009.pdf,09,SRC071,statute_to_curated_topic,candidate
courts-sc-sc_chc_appeal_3_2009.pdf,18,SRC071,statute_to_curated_topic,candidate
courts-sc-sc_chc_appeal_3_2012.pdf,04,SRC012,statute_to_curated_topic,candidate
courts-sc-sc_chc_appeal_3_2012.pdf,05,SRC030,statute_to_curated_topic,candidate
courts-sc-sc_chc_appeal_3_2012.pdf,07,SRC012,statute_to_curated_topic,candidate
courts-sc-sc_chc_appeal_3_2012.pdf,09,SRC030,statute_to_curated_topic,candidate
courts-sc-sc_chc_appeal_3_2012.pdf,17,SRC012,statute_to_curated_topic,candidate
courts-sc-sc_chc_appeal_3_2012.pdf,17,SRC030,statute_to_curated_topic,candidate
courts-sc-sc_chc_appeal_3_2012.pdf,17,SRC064,statute_to_curated_topic,candidate
courts-sc-sc_chc_appeal_3_2012.pdf,20,SRC012,statute_to_curated_topic,candidate
courts-sc-sc_chc_appeal_43_2022.pdf,05,SRC029,statute_to_curated_topic,candidate
courts-sc-sc_chc_appeal_43_2022.pdf,05,SRC031,statute_to_curated_topic,candidate
courts-sc-sc_chc_appeal_43_2022.pdf,09,SRC031,statute_to_curated_topic,candidate
courts-sc-sc_chc_appeal_45_2014.pdf,05,SRC030,statute_to_curated_topic,candidate
courts-sc-sc_chc_appeal_45_2014.pdf,09,SRC030,statute_to_curated_topic,candidate
courts-sc-sc_chc_appeal_45_2014.pdf,17,SRC030,statute_to_curated_topic,candidate
courts-sc-sc_chc_appeal_45_2017-.pdf,05,SRC030,statute_to_curated_topic,candidate
courts-sc-sc_chc_appeal_45_2017-.pdf,09,SRC030,statute_to_curated_topic,candidate
courts-sc-sc_chc_appeal_45_2017-.pdf,09,SRC071,statute_to_curated_topic,candidate
courts-sc-sc_chc_appeal_45_2017-.pdf,17,SRC030,statute_to_curated_topic,candidate
courts-sc-sc_chc_appeal_45_2017-.pdf,18,SRC071,statute_to_curated_topic,candidate
courts-sc-sc_chc_appeal_48_2013.pdf,09,SRC071,statute_to_curated_topic,candidate
courts-sc-sc_chc_appeal_48_2013.pdf,18,SRC071,statute_to_curated_topic,candidate
courts-sc-sc_chc_appeal_48_2017.pdf,05,SRC030,statute_to_curated_topic,candidate
courts-sc-sc_chc_appeal_48_2017.pdf,09,SRC030,statute_to_curated_topic,candidate
courts-sc-sc_chc_appeal_48_2017.pdf,17,SRC030,statute_to_curated_topic,candidate
courts-sc-sc_chc_appeal_4_2006.pdf,05,SRC030,statute_to_curated_topic,candidate
courts-sc-sc_chc_appeal_4_2006.pdf,09,SRC030,statute_to_curated_topic,candidate
courts-sc-sc_chc_appeal_4_2006.pdf,09,SRC071,statute_to_curated_topic,candidate
courts-sc-sc_chc_appeal_4_2006.pdf,17,SRC030,statute_to_curated_topic,candidate
courts-sc-sc_chc_appeal_4_2006.pdf,18,SRC071,statute_to_curated_topic,candidate
courts-sc-sc_chc_appeal_54_2007.pdf,09,SRC071,statute_to_curated_topic,candidate
courts-sc-sc_chc_appeal_54_2007.pdf,18,SRC071,statute_to_curated_topic,candidate
courts-sc-sc_chc_appeal_55_2006.pdf,05,SRC030,statute_to_curated_topic,candidate
courts-sc-sc_chc_appeal_55_2006.pdf,05,SRC031,statute_to_curated_topic,candidate
courts-sc-sc_chc_appeal_55_2006.pdf,09,SRC030,statute_to_curated_topic,candidate
courts-sc-sc_chc_appeal_55_2006.pdf,09,SRC031,statute_to_curated_topic,candidate
courts-sc-sc_chc_appeal_55_2006.pdf,17,SRC030,statute_to_curated_topic,candidate
courts-sc-sc_chc_appeal_56_2013-1.pdf,01,SRC001,statute_to_curated_topic,candidate
courts-sc-sc_chc_appeal_56_2013-1.pdf,05,SRC001,statute_to_curated_topic,candidate
courts-sc-sc_chc_appeal_56_2013-1.pdf,05,SRC029,statute_to_curated_topic,candidate
courts-sc-sc_chc_appeal_56_2013-1.pdf,05,SRC030,statute_to_curated_topic,candidate
courts-sc-sc_chc_appeal_56_2013-1.pdf,06,SRC001,statute_to_curated_topic,candidate
courts-sc-sc_chc_appeal_56_2013-1.pdf,09,SRC030,statute_to_curated_topic,candidate
courts-sc-sc_chc_appeal_56_2013-1.pdf,17,SRC001,statute_to_curated_topic,candidate
courts-sc-sc_chc_appeal_56_2013-1.pdf,17,SRC030,statute_to_curated_topic,candidate
courts-sc-sc_chc_appeal_5_2007.pdf,09,SRC071,statute_to_curated_topic,candidate
courts-sc-sc_chc_appeal_5_2007.pdf,18,SRC071,statute_to_curated_topic,candidate
courts-sc-sc_chc_appeal_5_2013.pdf,05,SRC030,statute_to_curated_topic,candidate
courts-sc-sc_chc_appeal_5_2013.pdf,09,SRC030,statute_to_curated_topic,candidate
courts-sc-sc_chc_appeal_5_2013.pdf,17,SRC030,statute_to_curated_topic,candidate
courts-sc-sc_chc_appeal_64_2013.pdf,05,SRC030,statute_to_curated_topic,candidate
courts-sc-sc_chc_appeal_64_2013.pdf,09,SRC030,statute_to_curated_topic,candidate
courts-sc-sc_chc_appeal_64_2013.pdf,17,SRC030,statute_to_curated_topic,candidate
courts-sc-sc_chc_appeal_69_2013-1.pdf,05,SRC024,statute_to_curated_topic,candidate
courts-sc-sc_chc_appeal_69_2013-1.pdf,05,SRC029,statute_to_curated_topic,candidate
courts-sc-sc_chc_appeal_69_2013-1.pdf,05,SRC030,statute_to_curated_topic,candidate
courts-sc-sc_chc_appeal_69_2013-1.pdf,09,SRC030,statute_to_curated_topic,candidate
courts-sc-sc_chc_appeal_69_2013-1.pdf,14,SRC024,statute_to_curated_topic,candidate
courts-sc-sc_chc_appeal_69_2013-1.pdf,17,SRC024,statute_to_curated_topic,candidate
courts-sc-sc_chc_appeal_69_2013-1.pdf,17,SRC030,statute_to_curated_topic,candidate
courts-sc-sc_chc_appeal_6_2019.pdf,05,SRC030,statute_to_curated_topic,candidate
courts-sc-sc_chc_appeal_6_2019.pdf,09,SRC030,statute_to_curated_topic,candidate
courts-sc-sc_chc_appeal_6_2019.pdf,17,SRC030,statute_to_curated_topic,candidate
courts-sc-sc_chc_appeal_72_2013.pdf,05,SRC030,statute_to_curated_topic,candidate
courts-sc-sc_chc_appeal_72_2013.pdf,09,SRC030,statute_to_curated_topic,candidate
courts-sc-sc_chc_appeal_72_2013.pdf,17,SRC030,statute_to_curated_topic,candidate
courts-sc-sc_chc_appeal_7_2012.pdf,09,SRC071,statute_to_curated_topic,candidate
courts-sc-sc_chc_appeal_7_2012.pdf,18,SRC071,statute_to_curated_topic,candidate
courts-sc-sc_chc_appeal_8_2010.pdf,05,SRC030,statute_to_curated_topic,candidate
courts-sc-sc_chc_appeal_8_2010.pdf,05,SRC031,statute_to_curated_topic,candidate
courts-sc-sc_chc_appeal_8_2010.pdf,09,SRC030,statute_to_curated_topic,candidate
courts-sc-sc_chc_appeal_8_2010.pdf,09,SRC031,statute_to_curated_topic,candidate
courts-sc-sc_chc_appeal_8_2010.pdf,17,SRC030,statute_to_curated_topic,candidate
courts-sc-sc_chc_appeal_9_2009.pdf,05,SRC030,statute_to_curated_topic,candidate
courts-sc-sc_chc_appeal_9_2009.pdf,05,SRC031,statute_to_curated_topic,candidate
courts-sc-sc_chc_appeal_9_2009.pdf,09,SRC030,statute_to_curated_topic,candidate
courts-sc-sc_chc_appeal_9_2009.pdf,09,SRC031,statute_to_curated_topic,candidate
courts-sc-sc_chc_appeal_9_2009.pdf,17,SRC030,statute_to_curated_topic,candidate
courts-sc-sc_chc_appeal_9_2010-1.pdf,01,SRC001,statute_to_curated_topic,candidate
courts-sc-sc_chc_appeal_9_2010-1.pdf,05,SRC001,statute_to_curated_topic,candidate
courts-sc-sc_chc_appeal_9_2010-1.pdf,05,SRC029,statute_to_curated_topic,candidate
courts-sc-sc_chc_appeal_9_2010-1.pdf,05,SRC031,statute_to_curated_topic,candidate
courts-sc-sc_chc_appeal_9_2010-1.pdf,06,SRC001,statute_to_curated_topic,candidate
courts-sc-sc_chc_appeal_9_2010-1.pdf,09,SRC031,statute_to_curated_topic,candidate
courts-sc-sc_chc_appeal_9_2010-1.pdf,17,SRC001,statute_to_curated_topic,candidate
courts-sc-sc_chc_appeal_9_2010-1.pdf,17,SRC064,statute_to_curated_topic,candidate
courts-sc-sc_chc_appeal_9_2016.pdf,05,SRC030,statute_to_curated_topic,candidate
courts-sc-sc_chc_appeal_9_2016.pdf,09,SRC030,statute_to_curated_topic,candidate
courts-sc-sc_chc_appeal_9_2016.pdf,17,SRC030,statute_to_curated_topic,candidate
courts-sc-sc_fr_13_2020.pdf,01,SRC001,statute_to_curated_topic,candidate
courts-sc-sc_fr_13_2020.pdf,05,SRC001,statute_to_curated_topic,candidate
courts-sc-sc_fr_13_2020.pdf,06,SRC001,statute_to_curated_topic,candidate
courts-sc-sc_fr_13_2020.pdf,11,SRC049,statute_to_curated_topic,candidate
courts-sc-sc_fr_13_2020.pdf,17,SRC001,statute_to_curated_topic,candidate
courts-sc-sc_fr_13_2020.pdf,20,SRC049,statute_to_curated_topic,candidate
courts-sc-sc_fr_141_2015.pdf,05,SRC029,statute_to_curated_topic,candidate
courts-sc-sc_fr_141_2015.pdf,05,SRC031,statute_to_curated_topic,candidate
courts-sc-sc_fr_141_2015.pdf,09,SRC031,statute_to_curated_topic,candidate
courts-sc-sc_fr_158_2013.pdf,05,SRC033,statute_to_curated_topic,candidate
courts-sc-sc_fr_158_2013.pdf,11,SRC049,statute_to_curated_topic,candidate
courts-sc-sc_fr_158_2013.pdf,12,SRC033,statute_to_curated_topic,candidate
courts-sc-sc_fr_158_2013.pdf,12,SRC050,statute_to_curated_topic,candidate
courts-sc-sc_fr_158_2013.pdf,12,SRC056,statute_to_curated_topic,candidate
courts-sc-sc_fr_158_2013.pdf,15,SRC059,statute_to_curated_topic,candidate
courts-sc-sc_fr_158_2013.pdf,20,SRC033,statute_to_curated_topic,candidate
courts-sc-sc_fr_158_2013.pdf,20,SRC049,statute_to_curated_topic,candidate
courts-sc-sc_fr_158_2013.pdf,20,SRC050,statute_to_curated_topic,candidate
courts-sc-sc_fr_17_2019.pdf,05,SRC028,statute_to_curated_topic,candidate
courts-sc-sc_fr_17_2019.pdf,11,SRC049,statute_to_curated_topic,candidate
courts-sc-sc_fr_17_2019.pdf,17,SRC028,statute_to_curated_topic,candidate
courts-sc-sc_fr_17_2019.pdf,20,SRC049,statute_to_curated_topic,candidate
courts-sc-sc_fr_19_2009.pdf,05,SRC033,statute_to_curated_topic,candidate
courts-sc-sc_fr_19_2009.pdf,12,SRC033,statute_to_curated_topic,candidate
courts-sc-sc_fr_19_2009.pdf,20,SRC033,statute_to_curated_topic,candidate
courts-sc-sc_fr_21_2019.pdf,05,SRC028,statute_to_curated_topic,candidate
courts-sc-sc_fr_21_2019.pdf,17,SRC028,statute_to_curated_topic,candidate
courts-sc-sc_fr_236_2013.pdf,12,SRC051,statute_to_curated_topic,candidate
courts-sc-sc_fr_237_2013.pdf,12,SRC051,statute_to_curated_topic,candidate
courts-sc-sc_fr_238_2013.pdf,12,SRC051,statute_to_curated_topic,candidate
courts-sc-sc_fr_278_2021.pdf,03,SRC011,statute_to_curated_topic,candidate
courts-sc-sc_fr_278_2021.pdf,07,SRC011,statute_to_curated_topic,candidate
courts-sc-sc_fr_278_2021.pdf,17,SRC011,statute_to_curated_topic,candidate
courts-sc-sc_fr_278_2021.pdf,20,SRC011,statute_to_curated_topic,candidate
courts-sc-sc_fr_30_2018.pdf,05,SRC028,statute_to_curated_topic,candidate
courts-sc-sc_fr_30_2018.pdf,17,SRC028,statute_to_curated_topic,candidate
courts-sc-sc_fr_311_2015_and_sc_fr_318_2015-3.pdf,09,SRC042,statute_to_curated_topic,candidate
courts-sc-sc_fr_311_2015_and_sc_fr_318_2015-3.pdf,16,SRC042,statute_to_curated_topic,candidate
courts-sc-sc_fr_311_2015_and_sc_fr_318_2015-3.pdf,16,SRC061,statute_to_curated_topic,candidate
courts-sc-sc_fr_311_2016-1.pdf,05,SRC029,statute_to_curated_topic,candidate
courts-sc-sc_fr_351_2022.pdf,11,SRC049,statute_to_curated_topic,candidate
courts-sc-sc_fr_351_2022.pdf,20,SRC049,statute_to_curated_topic,candidate
courts-sc-sc_fr_35_2011.pdf,11,SRC049,statute_to_curated_topic,candidate
courts-sc-sc_fr_35_2011.pdf,20,SRC049,statute_to_curated_topic,candidate
courts-sc-sc_fr_38_2018.pdf,05,SRC029,statute_to_curated_topic,candidate
courts-sc-sc_fr_38_2018.pdf,12,SRC050,statute_to_curated_topic,candidate
courts-sc-sc_fr_38_2018.pdf,12,SRC056,statute_to_curated_topic,candidate
courts-sc-sc_fr_38_2018.pdf,20,SRC050,statute_to_curated_topic,candidate
courts-sc-sc_fr_393_2010-1.pdf,05,SRC030,statute_to_curated_topic,candidate
courts-sc-sc_fr_393_2010-1.pdf,09,SRC030,statute_to_curated_topic,candidate
courts-sc-sc_fr_393_2010-1.pdf,15,SRC059,statute_to_curated_topic,candidate
courts-sc-sc_fr_393_2010-1.pdf,17,SRC030,statute_to_curated_topic,candidate
courts-sc-sc_fr_442_2016.pdf,05,SRC033,statute_to_curated_topic,candidate
courts-sc-sc_fr_442_2016.pdf,12,SRC033,statute_to_curated_topic,candidate
courts-sc-sc_fr_442_2016.pdf,12,SRC051,statute_to_curated_topic,candidate
courts-sc-sc_fr_442_2016.pdf,20,SRC033,statute_to_curated_topic,candidate
courts-sc-sc_fr_452_2008.pdf,05,SRC014,statute_to_curated_topic,candidate
courts-sc-sc_fr_452_2008.pdf,05,SRC030,statute_to_curated_topic,candidate
courts-sc-sc_fr_452_2008.pdf,06,SRC014,statute_to_curated_topic,candidate
courts-sc-sc_fr_452_2008.pdf,08,SRC014,statute_to_curated_topic,candidate
courts-sc-sc_fr_452_2008.pdf,09,SRC030,statute_to_curated_topic,candidate
courts-sc-sc_fr_452_2008.pdf,11,SRC049,statute_to_curated_topic,candidate
courts-sc-sc_fr_452_2008.pdf,17,SRC014,statute_to_curated_topic,candidate
courts-sc-sc_fr_452_2008.pdf,17,SRC030,statute_to_curated_topic,candidate
courts-sc-sc_fr_452_2008.pdf,20,SRC014,statute_to_curated_topic,candidate
courts-sc-sc_fr_452_2008.pdf,20,SRC049,statute_to_curated_topic,candidate
courts-sc-sc_fr_46_2021.pdf,05,SRC030,statute_to_curated_topic,candidate
courts-sc-sc_fr_46_2021.pdf,09,SRC030,statute_to_curated_topic,candidate
courts-sc-sc_fr_46_2021.pdf,09,SRC071,statute_to_curated_topic,candidate
courts-sc-sc_fr_46_2021.pdf,17,SRC030,statute_to_curated_topic,candidate
courts-sc-sc_fr_46_2021.pdf,18,SRC071,statute_to_curated_topic,candidate
courts-sc-sc_fr_498_2012.pdf,05,SRC030,statute_to_curated_topic,candidate
courts-sc-sc_fr_498_2012.pdf,09,SRC030,statute_to_curated_topic,candidate
courts-sc-sc_fr_498_2012.pdf,09,SRC044,statute_to_curated_topic,candidate
courts-sc-sc_fr_498_2012.pdf,17,SRC030,statute_to_curated_topic,candidate
courts-sc-sc_fr_542_2009.pdf,12,SRC051,statute_to_curated_topic,candidate
courts-sc-sc_hc_cala_119_2015.pdf,05,SRC027,statute_to_curated_topic,candidate
courts-sc-sc_hc_cala_119_2015.pdf,05,SRC030,statute_to_curated_topic,candidate
courts-sc-sc_hc_cala_119_2015.pdf,09,SRC030,statute_to_curated_topic,candidate
courts-sc-sc_hc_cala_119_2015.pdf,17,SRC027,statute_to_curated_topic,candidate
courts-sc-sc_hc_cala_119_2015.pdf,17,SRC030,statute_to_curated_topic,candidate
courts-sc-sc_hc_cala_127_128_2014.pdf,05,SRC027,statute_to_curated_topic,candidate
courts-sc-sc_hc_cala_127_128_2014.pdf,17,SRC027,statute_to_curated_topic,candidate
courts-sc-sc_hc_cala_184_2016.pdf,05,SRC027,statute_to_curated_topic,candidate
courts-sc-sc_hc_cala_184_2016.pdf,05,SRC030,statute_to_curated_topic,candidate
courts-sc-sc_hc_cala_184_2016.pdf,09,SRC030,statute_to_curated_topic,candidate
courts-sc-sc_hc_cala_184_2016.pdf,17,SRC027,statute_to_curated_topic,candidate
courts-sc-sc_hc_cala_184_2016.pdf,17,SRC030,statute_to_curated_topic,candidate
courts-sc-sc_hc_cala_187_2016.pdf,05,SRC027,statute_to_curated_topic,candidate
courts-sc-sc_hc_cala_187_2016.pdf,05,SRC030,statute_to_curated_topic,candidate
courts-sc-sc_hc_cala_187_2016.pdf,09,SRC030,statute_to_curated_topic,candidate
courts-sc-sc_hc_cala_187_2016.pdf,17,SRC027,statute_to_curated_topic,candidate
courts-sc-sc_hc_cala_187_2016.pdf,17,SRC030,statute_to_curated_topic,candidate
courts-sc-sc_hc_cala_303_2019-1.pdf,05,SRC029,statute_to_curated_topic,candidate
courts-sc-sc_hc_cala_303_2019-1.pdf,05,SRC030,statute_to_curated_topic,candidate
courts-sc-sc_hc_cala_303_2019-1.pdf,09,SRC030,statute_to_curated_topic,candidate
courts-sc-sc_hc_cala_303_2019-1.pdf,12,SRC050,statute_to_curated_topic,candidate
courts-sc-sc_hc_cala_303_2019-1.pdf,17,SRC030,statute_to_curated_topic,candidate
courts-sc-sc_hc_cala_303_2019-1.pdf,20,SRC050,statute_to_curated_topic,candidate
courts-sc-sc_hc_cala_306_2013.pdf,05,SRC030,statute_to_curated_topic,candidate
courts-sc-sc_hc_cala_306_2013.pdf,09,SRC030,statute_to_curated_topic,candidate
courts-sc-sc_hc_cala_306_2013.pdf,17,SRC030,statute_to_curated_topic,candidate
courts-sc-sc_hc_cala_331_2010.pdf,05,SRC017,statute_to_curated_topic,candidate
courts-sc-sc_hc_cala_331_2010.pdf,05,SRC030,statute_to_curated_topic,candidate
courts-sc-sc_hc_cala_331_2010.pdf,05,SRC031,statute_to_curated_topic,candidate
courts-sc-sc_hc_cala_331_2010.pdf,09,SRC030,statute_to_curated_topic,candidate
courts-sc-sc_hc_cala_331_2010.pdf,09,SRC031,statute_to_curated_topic,candidate
courts-sc-sc_hc_cala_331_2010.pdf,13,SRC017,statute_to_curated_topic,candidate
courts-sc-sc_hc_cala_331_2010.pdf,17,SRC017,statute_to_curated_topic,candidate
courts-sc-sc_hc_cala_331_2010.pdf,17,SRC030,statute_to_curated_topic,candidate
courts-sc-sc_hc_cala_367_2016.pdf,05,SRC030,statute_to_curated_topic,candidate
courts-sc-sc_hc_cala_367_2016.pdf,09,SRC030,statute_to_curated_topic,candidate
courts-sc-sc_hc_cala_367_2016.pdf,17,SRC030,statute_to_curated_topic,candidate
courts-sc-sc_hc_cala_449_2014.pdf,05,SRC030,statute_to_curated_topic,candidate
courts-sc-sc_hc_cala_449_2014.pdf,09,SRC030,statute_to_curated_topic,candidate
courts-sc-sc_hc_cala_449_2014.pdf,17,SRC030,statute_to_curated_topic,candidate
courts-sc-sc_hcla_42_2013.pdf,05,SRC030,statute_to_curated_topic,candidate
courts-sc-sc_hcla_42_2013.pdf,09,SRC030,statute_to_curated_topic,candidate
courts-sc-sc_hcla_42_2013.pdf,17,SRC030,statute_to_curated_topic,candidate
courts-sc-sc_misc_02_2012-1.pdf,05,SRC029,statute_to_curated_topic,candidate
courts-sc-sc_misc_02_2012-1.pdf,05,SRC030,statute_to_curated_topic,candidate
courts-sc-sc_misc_02_2012-1.pdf,09,SRC030,statute_to_curated_topic,candidate
courts-sc-sc_misc_02_2012-1.pdf,17,SRC030,statute_to_curated_topic,candidate
courts-sc-sc_misc_2_2012-1.pdf,05,SRC029,statute_to_curated_topic,candidate
courts-sc-sc_misc_2_2012-1.pdf,05,SRC030,statute_to_curated_topic,candidate
courts-sc-sc_misc_2_2012-1.pdf,09,SRC030,statute_to_curated_topic,candidate
courts-sc-sc_misc_2_2012-1.pdf,17,SRC030,statute_to_curated_topic,candidate
courts-sc-sc_misc_2_2016.pdf,05,SRC029,statute_to_curated_topic,candidate
courts-sc-sc_misc_2_2016.pdf,11,SRC072,statute_to_curated_topic,candidate
courts-sc-sc_misc_2_2016.pdf,12,SRC072,statute_to_curated_topic,candidate
courts-sc-sc_misc_2_2016.pdf,18,SRC072,statute_to_curated_topic,candidate
courts-sc-sc_rule_14_2000.pdf,05,SRC030,statute_to_curated_topic,candidate
courts-sc-sc_rule_14_2000.pdf,09,SRC030,statute_to_curated_topic,candidate
courts-sc-sc_rule_14_2000.pdf,17,SRC030,statute_to_curated_topic,candidate
courts-sc-sc_rule_1_2010.pdf,05,SRC014,statute_to_curated_topic,candidate
courts-sc-sc_rule_1_2010.pdf,06,SRC014,statute_to_curated_topic,candidate
courts-sc-sc_rule_1_2010.pdf,08,SRC014,statute_to_curated_topic,candidate
courts-sc-sc_rule_1_2010.pdf,17,SRC014,statute_to_curated_topic,candidate
courts-sc-sc_rule_1_2010.pdf,20,SRC014,statute_to_curated_topic,candidate
courts-sc-sc_rule_3_2011.pdf,05,SRC014,statute_to_curated_topic,candidate
courts-sc-sc_rule_3_2011.pdf,06,SRC014,statute_to_curated_topic,candidate
courts-sc-sc_rule_3_2011.pdf,08,SRC014,statute_to_curated_topic,candidate
courts-sc-sc_rule_3_2011.pdf,17,SRC014,statute_to_curated_topic,candidate
courts-sc-sc_rule_3_2011.pdf,20,SRC014,statute_to_curated_topic,candidate
courts-sc-sc_rule_4_2022.pdf,05,SRC014,statute_to_curated_topic,candidate
courts-sc-sc_rule_4_2022.pdf,06,SRC014,statute_to_curated_topic,candidate
courts-sc-sc_rule_4_2022.pdf,08,SRC014,statute_to_curated_topic,candidate
courts-sc-sc_rule_4_2022.pdf,17,SRC014,statute_to_curated_topic,candidate
courts-sc-sc_rule_4_2022.pdf,20,SRC014,statute_to_curated_topic,candidate
courts-sc-sc_rule_4_2024-1.pdf,05,SRC014,statute_to_curated_topic,candidate
courts-sc-sc_rule_4_2024-1.pdf,06,SRC014,statute_to_curated_topic,candidate
courts-sc-sc_rule_4_2024-1.pdf,08,SRC014,statute_to_curated_topic,candidate
courts-sc-sc_rule_4_2024-1.pdf,17,SRC014,statute_to_curated_topic,candidate
courts-sc-sc_rule_4_2024-1.pdf,20,SRC014,statute_to_curated_topic,candidate
courts-sc-sc_rule_5_2023.pdf,05,SRC014,statute_to_curated_topic,candidate
courts-sc-sc_rule_5_2023.pdf,06,SRC014,statute_to_curated_topic,candidate
courts-sc-sc_rule_5_2023.pdf,08,SRC014,statute_to_curated_topic,candidate
courts-sc-sc_rule_5_2023.pdf,17,SRC014,statute_to_curated_topic,candidate
courts-sc-sc_rule_5_2023.pdf,20,SRC014,statute_to_curated_topic,candidate
courts-sc-sc_rule_8_2022.pdf,05,SRC014,statute_to_curated_topic,candidate
courts-sc-sc_rule_8_2022.pdf,06,SRC014,statute_to_curated_topic,candidate
courts-sc-sc_rule_8_2022.pdf,08,SRC014,statute_to_curated_topic,candidate
courts-sc-sc_rule_8_2022.pdf,17,SRC014,statute_to_curated_topic,candidate
courts-sc-sc_rule_8_2022.pdf,20,SRC014,statute_to_curated_topic,candidate
courts-sc-sc_tab_1a_1f_2017.pdf,05,SRC029,statute_to_curated_topic,candidate
courts-sc-sc_tab_2_2012.pdf,05,SRC029,statute_to_curated_topic,candidate
