case_id,source_id,source_title,source_type,mention_count,sections,match_method,review_status
commonlii-LKCA-1884-2,SRC030,Civil Procedure Code,statute,1,,exact_title,candidate
commonlii-LKCA-1884-2,SRC071,Prescription Ordinance,statute,1,3,exact_title,candidate
commonlii-LKCA-1886-2,SRC030,Civil Procedure Code,statute,3,547;642,exact_title,candidate
commonlii-LKCA-1889-1,SRC071,Prescription Ordinance,statute,2,,exact_title,candidate
commonlii-LKCA-1893-3,SRC030,Civil Procedure Code,statute,3,325;327,exact_title,candidate
commonlii-LKCA-1893-3,SRC059,Trusts Ordinance,statute,7,3;24;26;66;75;77;112,exact_title,candidate
commonlii-LKCA-1893-3,SRC071,Prescription Ordinance,statute,2,111,exact_title,candidate
commonlii-LKCA-1894-1,SRC030,Civil Procedure Code,statute,8,18;32,exact_title,candidate
commonlii-LKCA-1894-3,SRC030,Civil Procedure Code,statute,4,241;242;244;245;278,exact_title,candidate
commonlii-LKCA-1895-2,SRC030,Civil Procedure Code,statute,7,247,exact_title,candidate
commonlii-LKCA-1895-20,SRC030,Civil Procedure Code,statute,1,247,exact_title,candidate
commonlii-LKCA-1895-23,SRC030,Civil Procedure Code,statute,5,11;34;48,exact_title,candidate
commonlii-LKCA-1895-27,SRC030,Civil Procedure Code,statute,6,217;287;290;292;318;321;325;326;328;377,exact_title,candidate
commonlii-LKCA-1895-33,SRC030,Civil Procedure Code,statute,1,55,exact_title,candidate
commonlii-LKCA-1895-4,SRC030,Civil Procedure Code,statute,4,438,exact_title,candidate
commonlii-LKCA-1895-41,SRC030,Civil Procedure Code,statute,4,289,exact_title,candidate
commonlii-LKCA-1895-43,SRC030,Civil Procedure Code,statute,4,24;25;650,exact_title,candidate
commonlii-LKCA-1895-44,SRC030,Civil Procedure Code,statute,3,642,exact_title,candidate
commonlii-LKCA-1895-45,SRC030,Civil Procedure Code,statute,7,3;9;247;645;647;648,exact_title,candidate
commonlii-LKCA-1895-46,SRC030,Civil Procedure Code,statute,2,25;31,exact_title,candidate
commonlii-LKCA-1895-68,SRC030,Civil Procedure Code,statute,2,289;389,exact_title,candidate
commonlii-LKCA-1895-70,SRC030,Civil Procedure Code,statute,1,44,exact_title,candidate
commonlii-LKCA-1895-70,SRC071,Prescription Ordinance,statute,1,6,exact_title,candidate
commonlii-LKCA-1895-77,SRC030,Civil Procedure Code,statute,1,241,exact_title,candidate
commonlii-LKCA-1896-17,SRC071,Prescription Ordinance,statute,2,6,exact_title,candidate
commonlii-LKCA-1896-2,SRC030,Civil Procedure Code,statute,3,247,exact_title,candidate
commonlii-LKCA-1896-20,SRC030,Civil Procedure Code,statute,1,526;527,exact_title,candidate
commonlii-LKCA-1896-24,SRC030,Civil Procedure Code,statute,6,13;93;146;720,exact_title,candidate
commonlii-LKCA-1896-25,SRC030,Civil Procedure Code,statute,3,712,exact_title,candidate
commonlii-LKCA-1896-29,SRC030,Civil Procedure Code,statute,2,287;325;327,exact_title,candidate
commonlii-LKCA-1896-31,SRC030,Civil Procedure Code,statute,3,247;363,exact_title,candidate
commonlii-LKCA-1896-43,SRC030,Civil Procedure Code,statute,3,6;7;331,exact_title,candidate
commonlii-LKCA-1896-47,SRC029,Evidence Ordinance,statute,5,80;114;159;160;169,exact_title,candidate
commonlii-LKCA-1896-5,SRC030,Civil Procedure Code,statute,6,4;18;402;508,exact_title,candidate
commonlii-LKCA-1896-52,SRC071,Prescription Ordinance,statute,2,8;9,exact_title,candidate
commonlii-LKCA-1896-59,SRC030,Civil Procedure Code,statute,3,9;65,exact_title,candidate
commonlii-LKCA-1896-6,SRC030,Civil Procedure Code,statute,3,474,exact_title,candidate
commonlii-LKCA-1896-63,SRC030,Civil Procedure Code,statute,2,241;246,exact_title,candidate
commonlii-LKCA-1896-64,SRC030,Civil Procedure Code,statute,5,645;648,exact_title,candidate
commonlii-LKCA-1896-66,SRC030,Civil Procedure Code,statute,1,,exact_title,candidate
commonlii-LKCA-1896-68,SRC030,Civil Procedure Code,statute,2,289,exact_title,candidate
commonlii-LKCA-1896-68,SRC071,Prescription Ordinance,statute,2,,exact_title,candidate
commonlii-LKCA-1896-69,SRC014,Notaries Ordinance,statute,2,6;12;26,exact_title,candidate
commonlii-LKCA-1897-1,SRC030,Civil Procedure Code,statute,1,,exact_title,candidate
commonlii-LKCA-1897-12,SRC030,Civil Procedure Code,statute,1,406,exact_title,candidate
commonlii-LKCA-1897-15,SRC030,Civil Procedure Code,statute,6,547,exact_title,candidate
commonlii-LKCA-1897-2,SRC030,Civil Procedure Code,statute,3,642,exact_title,candidate
commonlii-LKCA-1897-33,SRC071,Prescription Ordinance,statute,1,,exact_title,candidate
commonlii-LKCA-1897-44,SRC071,Prescription Ordinance,statute,1,,exact_title,candidate
commonlii-LKCA-1897-5,SRC030,Civil Procedure Code,statute,1,,exact_title,candidate
commonlii-LKCA-1897-53,SRC030,Civil Procedure Code,statute,1,35;539,exact_title,candidate
commonlii-LKCA-1898-14,SRC030,Civil Procedure Code,statute,8,183;185;217;287;323;325;326,exact_title,candidate
commonlii-LKCA-1898-15,SRC030,Civil Procedure Code,statute,4,53;58;283;286,exact_title,candidate
commonlii-LKCA-1898-20,SRC030,Civil Procedure Code,statute,4,242;246;247,exact_title,candidate
commonlii-LKCA-1898-38,SRC030,Civil Procedure Code,statute,2,42;44;237;238;244,exact_title,candidate
commonlii-LKCA-1898-40,SRC071,Prescription Ordinance,statute,2,,exact_title,candidate
commonlii-LKCA-1898-5,SRC029,Evidence Ordinance,statute,1,,exact_title,candidate
commonlii-LKCA-1899-2,SRC030,Civil Procedure Code,statute,1,,exact_title,candidate
commonlii-LKCA-1899-5,SRC030,Civil Procedure Code,statute,1,344,exact_title,candidate
commonlii-LKCA-1900-13,SRC030,Civil Procedure Code,statute,1,218,exact_title,candidate
commonlii-LKCA-1900-15,SRC030,Civil Procedure Code,statute,3,80;146,exact_title,candidate
commonlii-LKCA-1900-2,SRC030,Civil Procedure Code,statute,5,726;727;740,exact_title,candidate
commonlii-LKCA-1900-4,SRC030,Civil Procedure Code,statute,7,15;25;676;691,exact_title,candidate
commonlii-LKCA-1900-7,SRC030,Civil Procedure Code,statute,3,524;527;624,exact_title,candidate
commonlii-LKCA-1900-9,SRC030,Civil Procedure Code,statute,6,547,exact_title,candidate
commonlii-LKCA-1901-11,SRC029,Evidence Ordinance,statute,2,74;76,exact_title,candidate
commonlii-LKCA-1901-12,SRC030,Civil Procedure Code,statute,1,6;163,exact_title,candidate
commonlii-LKCA-1901-12,SRC071,Prescription Ordinance,statute,1,,exact_title,candidate
commonlii-LKCA-1901-13,SRC030,Civil Procedure Code,statute,5,28;229;642,exact_title,candidate
commonlii-LKCA-1901-15,SRC030,Civil Procedure Code,statute,3,163;166,exact_title,candidate
commonlii-LKCA-1901-18,SRC030,Civil Procedure Code,statute,2,547,exact_title,candidate
commonlii-LKCA-1901-25,SRC071,Prescription Ordinance,statute,1,,exact_title,candidate
commonlii-LKCA-1901-3,SRC030,Civil Procedure Code,statute,5,229;237;640;642,exact_title,candidate
commonlii-LKCA-1901-30,SRC051,Land Acquisition Act,statute,1,19,exact_title,candidate
commonlii-LKCA-1901-32,SRC030,Civil Procedure Code,statute,1,,exact_title,candidate
commonlii-LKCA-1901-33,SRC071,Prescription Ordinance,statute,1,9,exact_title,candidate
commonlii-LKCA-1901-4,SRC030,Civil Procedure Code,statute,3,640;641,exact_title,candidate
commonlii-LKCA-1901-5,SRC030,Civil Procedure Code,statute,1,247,exact_title,candidate
commonlii-LKCA-1902-12,SRC030,Civil Procedure Code,statute,1,244,exact_title,candidate
commonlii-LKCA-1902-13,SRC030,Civil Procedure Code,statute,3,5;6,exact_title,candidate
commonlii-LKCA-1902-15,SRC030,Civil Procedure Code,statute,3,218;226;241;242;244;363,exact_title,candidate
commonlii-LKCA-1902-17,SRC030,Civil Procedure Code,statute,4,247,exact_title,candidate
commonlii-LKCA-1902-2,SRC030,Civil Procedure Code,statute,4,69;70;402;452,exact_title,candidate
commonlii-LKCA-1902-22,SRC030,Civil Procedure Code,statute,1,4;19;80,exact_title,candidate
commonlii-LKCA-1902-23,SRC030,Civil Procedure Code,statute,2,,exact_title,candidate
commonlii-LKCA-1902-29,SRC030,Civil Procedure Code,statute,3,545;547,exact_title,candidate
commonlii-LKCA-1902-29,SRC071,Prescription Ordinance,statute,2,11;15,exact_title,candidate
commonlii-LKCA-1902-30,SRC030,Civil Procedure Code,statute,1,538;551;553;724;725,exact_title,candidate
commonlii-LKCA-1902-44,SRC030,Civil Procedure Code,statute,1,235;240,exact_title,candidate
commonlii-LKCA-1902-48,SRC071,Prescription Ordinance,statute,2,6;7,exact_title,candidate
commonlii-LKCA-1902-58,SRC030,Civil Procedure Code,statute,1,247,exact_title,candidate
commonlii-LKCA-1902-6,SRC030,Civil Procedure Code,statute,2,516;526,exact_title,candidate
commonlii-LKCA-1902-7,SRC030,Civil Procedure Code,statute,10,246;283;311;339;344;345,exact_title,candidate
commonlii-LKCA-1903-10,SRC030,Civil Procedure Code,statute,4,755,exact_title,candidate
commonlii-LKCA-1903-12,SRC030,Civil Procedure Code,statute,3,758,exact_title,candidate
commonlii-LKCA-1903-14,SRC030,Civil Procedure Code,statute,3,547;647,exact_title,candidate
commonlii-LKCA-1903-14,SRC071,Prescription Ordinance,statute,2,3;547,exact_title,candidate
commonlii-LKCA-1903-22,SRC049,Buddhist Temporalities Ordinance,statute,5,30,exact_title,candidate
commonlii-LKCA-1903-23,SRC030,Civil Procedure Code,statute,3,9,exact_title,candidate
commonlii-LKCA-1903-26,SRC030,Civil Procedure Code,statute,2,282;283,exact_title,candidate
commonlii-LKCA-1903-27,SRC030,Civil Procedure Code,statute,4,547,exact_title,candidate
commonlii-LKCA-1903-3,SRC030,Civil Procedure Code,statute,4,247;347,exact_title,candidate
commonlii-LKCA-1903-32,SRC030,Civil Procedure Code,statute,3,137;141;219,exact_title,candidate
commonlii-LKCA-1903-34,SRC029,Evidence Ordinance,statute,3,92,exact_title,candidate
commonlii-LKCA-1903-35,SRC030,Civil Procedure Code,statute,5,667,exact_title,candidate
commonlii-LKCA-1903-36,SRC030,Civil Procedure Code,statute,2,2;4;12,exact_title,candidate
commonlii-LKCA-1903-4,SRC030,Civil Procedure Code,statute,2,406,exact_title,candidate
commonlii-LKCA-1903-49,SRC029,Evidence Ordinance,statute,4,21;98;342,exact_title,candidate
commonlii-LKCA-1903-49,SRC065,Partnership Ordinance,statute,1,21;98,exact_title,candidate
commonlii-LKCA-1903-5,SRC030,Civil Procedure Code,statute,6,51;54,exact_title,candidate
commonlii-LKCA-1903-51,SRC030,Civil Procedure Code,statute,1,146,exact_title,candidate
commonlii-LKCA-1903-52,SRC030,Civil Procedure Code,statute,1,247,exact_title,candidate
commonlii-LKCA-1903-56,SRC071,Prescription Ordinance,statute,4,6;8;9;12;13,exact_title,candidate
commonlii-LKCA-1903-6,SRC030,Civil Procedure Code,statute,5,247;547,exact_title,candidate
commonlii-LKCA-1903-7,SRC030,Civil Procedure Code,statute,5,146;547,exact_title,candidate
commonlii-LKCA-1903-7,SRC071,Prescription Ordinance,statute,1,3;547,exact_title,candidate
commonlii-LKCA-1903-8,SRC030,Civil Procedure Code,statute,6,523;544;547,exact_title,candidate
commonlii-LKCA-1903-83,SRC014,Notaries Ordinance,statute,3,,exact_title,candidate
commonlii-LKCA-1903-84,SRC071,Prescription Ordinance,statute,2,3,exact_title,candidate
commonlii-LKCA-1903-85,SRC030,Civil Procedure Code,statute,7,17;640;643;644,exact_title,candidate
commonlii-LKCA-1903-87,SRC061,Municipal Councils Ordinance,statute,1,151,exact_title,candidate
commonlii-LKCA-1903-88,SRC030,Civil Procedure Code,statute,1,6;36,exact_title,candidate
commonlii-LKCA-1903-89,SRC030,Civil Procedure Code,statute,3,5;6;582,exact_title,candidate
commonlii-LKCA-1903-92,SRC071,Prescription Ordinance,statute,5,6;13,exact_title,candidate
commonlii-LKCA-1903-93,SRC071,Prescription Ordinance,statute,1,,exact_title,candidate
commonlii-LKCA-1903-96,SRC030,Civil Procedure Code,statute,5,24;38;238;239;244;249;259,exact_title,candidate
commonlii-LKCA-1903-97,SRC030,Civil Procedure Code,statute,4,147;207,exact_title,candidate
commonlii-LKCA-1904-1,SRC030,Civil Procedure Code,statute,13,24;25;29;30;32;538;539;540;547,exact_title,candidate
commonlii-LKCA-1904-11,SRC030,Civil Procedure Code,statute,6,256;282,exact_title,candidate
commonlii-LKCA-1904-13,SRC030,Civil Procedure Code,statute,1,347,exact_title,candidate
commonlii-LKCA-1904-22,SRC030,Civil Procedure Code,statute,2,218;229;230;237;244;245,exact_title,candidate
commonlii-LKCA-1904-23,SRC030,Civil Procedure Code,statute,1,,exact_title,candidate
commonlii-LKCA-1904-29,SRC030,Civil Procedure Code,statute,1,201;640,exact_title,candidate
commonlii-LKCA-1904-31,SRC029,Evidence Ordinance,statute,2,40;115,exact_title,candidate
commonlii-LKCA-1904-31,SRC030,Civil Procedure Code,statute,4,247,exact_title,candidate
commonlii-LKCA-1904-33,SRC071,Prescription Ordinance,statute,1,,exact_title,candidate
commonlii-LKCA-1904-35,SRC030,Civil Procedure Code,statute,3,349,exact_title,candidate
commonlii-LKCA-1904-8,SRC030,Civil Procedure Code,statute,6,272;350;352,exact_title,candidate
commonlii-LKCA-1905-1,SRC071,Prescription Ordinance,statute,6,8;9;13;15,exact_title,candidate
commonlii-LKCA-1905-16,SRC029,Evidence Ordinance,statute,2,115,exact_title,candidate
commonlii-LKCA-1905-17,SRC030,Civil Procedure Code,statute,2,472,exact_title,candidate
commonlii-LKCA-1905-20,SRC030,Civil Procedure Code,statute,2,283;284;285,exact_title,candidate
commonlii-LKCA-1905-22,SRC071,Prescription Ordinance,statute,1,,exact_title,candidate
commonlii-LKCA-1905-26,SRC029,Evidence Ordinance,statute,2,112,exact_title,candidate
commonlii-LKCA-1905-26,SRC030,Civil Procedure Code,statute,6,772,exact_title,candidate
commonlii-LKCA-1905-28,SRC030,Civil Procedure Code,statute,2,6,exact_title,candidate
commonlii-LKCA-1905-3,SRC030,Civil Procedure Code,statute,3,33;207,exact_title,candidate
commonlii-LKCA-1905-4,SRC030,Civil Procedure Code,statute,5,74;247,exact_title,candidate
commonlii-LKCA-1905-41,SRC029,Evidence Ordinance,statute,3,90,exact_title,candidate
commonlii-LKCA-1905-42,SRC030,Civil Procedure Code,statute,2,,exact_title,candidate
commonlii-LKCA-1905-42,SRC071,Prescription Ordinance,statute,1,,exact_title,candidate
commonlii-LKCA-1905-5,SRC071,Prescription Ordinance,statute,1,6,exact_title,candidate
commonlii-LKCA-1906-1,SRC030,Civil Procedure Code,statute,2,393,exact_title,candidate
commonlii-LKCA-1906-1,SRC071,Prescription Ordinance,statute,3,7;11;14;393,exact_title,candidate
commonlii-LKCA-1906-10,SRC029,Evidence Ordinance,statute,1,2;115,exact_title,candidate
commonlii-LKCA-1906-16,SRC030,Civil Procedure Code,statute,9,5;9;18;25;65,exact_title,candidate
commonlii-LKCA-1906-16,SRC049,Buddhist Temporalities Ordinance,statute,1,,exact_title,candidate
commonlii-LKCA-1906-17,SRC029,Evidence Ordinance,statute,10,18;22;23;114,exact_title,candidate
commonlii-LKCA-1906-17,SRC061,Municipal Councils Ordinance,statute,1,154,exact_title,candidate
commonlii-LKCA-1906-18,SRC030,Civil Procedure Code,statute,1,832,exact_title,candidate
commonlii-LKCA-1906-18,SRC071,Prescription Ordinance,statute,3,,exact_title,candidate
commonlii-LKCA-1906-2,SRC030,Civil Procedure Code,statute,6,2;40;547,exact_title,candidate
commonlii-LKCA-1906-20,SRC030,Civil Procedure Code,statute,3,18,exact_title,candidate
commonlii-LKCA-1906-22,SRC030,Civil Procedure Code,statute,3,86;88;201;337,exact_title,candidate
commonlii-LKCA-1906-22,SRC064,Mortgage Act,statute,1,337,exact_title,candidate
commonlii-LKCA-1906-23,SRC030,Civil Procedure Code,statute,4,237;238;274;276,exact_title,candidate
commonlii-LKCA-1906-25,SRC030,Civil Procedure Code,statute,6,71;582;584,exact_title,candidate
commonlii-LKCA-1906-26,SRC030,Civil Procedure Code,statute,4,18;643;644;648,exact_title,candidate
commonlii-LKCA-1906-28,SRC030,Civil Procedure Code,statute,11,238;247;272;276;283;295;352,exact_title,candidate
commonlii-LKCA-1906-34,SRC030,Civil Procedure Code,statute,4,27;30;31;33;601,exact_title,candidate
commonlii-LKCA-1906-36,SRC071,Prescription Ordinance,statute,3,14,exact_title,candidate
commonlii-LKCA-1906-37,SRC030,Civil Procedure Code,statute,5,244;245;247,exact_title,candidate
commonlii-LKCA-1906-4,SRC030,Civil Procedure Code,statute,1,5,exact_title,candidate
commonlii-LKCA-1906-40,SRC014,Notaries Ordinance,statute,13,2;3;6;8;21;26;219,exact_title,candidate
commonlii-LKCA-1906-40,SRC029,Evidence Ordinance,statute,2,3,exact_title,candidate
commonlii-LKCA-1906-41,SRC049,Buddhist Temporalities Ordinance,statute,1,,exact_title,candidate
commonlii-LKCA-1906-45,SRC029,Evidence Ordinance,statute,2,115,exact_title,candidate
commonlii-LKCA-1906-45,SRC030,Civil Procedure Code,statute,8,331;333;540;547,exact_title,candidate
commonlii-LKCA-1906-5,SRC030,Civil Procedure Code,statute,12,14;18;241;243;246;247,exact_title,candidate
commonlii-LKCA-1906-52,SRC030,Civil Procedure Code,statute,1,22,exact_title,candidate
commonlii-LKCA-1906-58,SRC030,Civil Procedure Code,statute,1,18,exact_title,candidate
commonlii-LKCA-1906-59,SRC071,Prescription Ordinance,statute,1,14,exact_title,candidate
commonlii-LKCA-1906-6,SRC030,Civil Procedure Code,statute,6,241;242;244;247;289,exact_title,candidate
commonlii-LKCA-1906-62,SRC029,Evidence Ordinance,statute,1,115,exact_title,candidate
commonlii-LKCA-1906-64,SRC030,Civil Procedure Code,statute,2,282,exact_title,candidate
commonlii-LKCA-1906-8,SRC030,Civil Procedure Code,statute,6,10;108;199;352,exact_title,candidate
commonlii-LKCA-1906-9,SRC030,Civil Procedure Code,statute,12,7;8;24;26;540;547,exact_title,candidate
commonlii-LKCA-1907-10,SRC030,Civil Procedure Code,statute,1,,exact_title,candidate
commonlii-LKCA-1907-19,SRC030,Civil Procedure Code,statute,3,2;5;502,exact_title,candidate
commonlii-LKCA-1907-2,SRC030,Civil Procedure Code,statute,3,282;339,exact_title,candidate
commonlii-LKCA-1907-23,SRC030,Civil Procedure Code,statute,1,772,exact_title,candidate
commonlii-LKCA-1907-24,SRC029,Evidence Ordinance,statute,2,86;94;114,exact_title,candidate
commonlii-LKCA-1907-28,SRC071,Prescription Ordinance,statute,1,6;24,exact_title,candidate
commonlii-LKCA-1907-3,SRC030,Civil Procedure Code,statute,4,404,exact_title,candidate
commonlii-LKCA-1907-30,SRC030,Civil Procedure Code,statute,4,337;347,exact_title,candidate
commonlii-LKCA-1907-5,SRC029,Evidence Ordinance,statute,1,106,exact_title,candidate
commonlii-LKCA-1907-5,SRC030,Civil Procedure Code,statute,2,23;238;408,exact_title,candidate
commonlii-LKCA-1907-8,SRC030,Civil Procedure Code,statute,3,11;500,exact_title,candidate
commonlii-LKCA-1907-8,SRC071,Prescription Ordinance,statute,1,11,exact_title,candidate
commonlii-LKCA-1908-10,SRC071,Prescription Ordinance,statute,1,6,exact_title,candidate
commonlii-LKCA-1908-19,SRC030,Civil Procedure Code,statute,2,247,exact_title,candidate
commonlii-LKCA-1908-20,SRC030,Civil Procedure Code,statute,3,111;114,exact_title,candidate
commonlii-LKCA-1908-23,SRC071,Prescription Ordinance,statute,2,8;11,exact_title,candidate
commonlii-LKCA-1908-25,SRC029,Evidence Ordinance,statute,3,92,exact_title,candidate
commonlii-LKCA-1908-26,SRC030,Civil Procedure Code,statute,1,751,exact_title,candidate
commonlii-LKCA-1908-27,SRC030,Civil Procedure Code,statute,2,4;9,exact_title,candidate
commonlii-LKCA-1908-31,SRC049,Buddhist Temporalities Ordinance,statute,1,7,exact_title,candidate
commonlii-LKCA-1908-34,SRC029,Evidence Ordinance,statute,4,100;115,exact_title,candidate
commonlii-LKCA-1908-34,SRC071,Prescription Ordinance,statute,1,6;7,exact_title,candidate
commonlii-LKCA-1908-42,SRC071,Prescription Ordinance,statute,1,,exact_title,candidate
commonlii-LKCA-1908-45,SRC030,Civil Procedure Code,statute,10,324;325;327;377,exact_title,candidate
commonlii-LKCA-1908-46,SRC029,Evidence Ordinance,statute,3,41,exact_title,candidate
commonlii-LKCA-1908-46,SRC030,Civil Procedure Code,statute,1,41;739,exact_title,candidate
commonlii-LKCA-1908-50,SRC030,Civil Procedure Code,statute,3,44,exact_title,candidate
commonlii-LKCA-1908-53,SRC030,Civil Procedure Code,statute,3,229;286,exact_title,candidate
commonlii-LKCA-1908-57,SRC030,Civil Procedure Code,statute,6,3;4;25;248;691,exact_title,candidate
commonlii-LKCA-1908-58,SRC061,Municipal Councils Ordinance,statute,1,127;138,exact_title,candidate
commonlii-LKCA-1908-6,SRC030,Civil Procedure Code,statute,1,,exact_title,candidate
commonlii-LKCA-1908-62,SRC030,Civil Procedure Code,statute,1,352,exact_title,candidate
commonlii-LKCA-1908-64,SRC030,Civil Procedure Code,statute,2,5,exact_title,candidate
commonlii-LKCA-1908-65,SRC030,Civil Procedure Code,statute,1,247,exact_title,candidate
commonlii-LKCA-1908-66,SRC030,Civil Procedure Code,statute,2,13;207;406,exact_title,candidate
commonlii-LKCA-1908-69,SRC030,Civil Procedure Code,statute,10,2;226;229;232;236;241;247;657;659;660;661,exact_title,candidate
commonlii-LKCA-1908-8,SRC030,Civil Procedure Code,statute,5,339,exact_title,candidate
commonlii-LKCA-1909-11,SRC071,Prescription Ordinance,statute,1,6;7,exact_title,candidate
commonlii-LKCA-1909-13,SRC029,Evidence Ordinance,statute,5,32;107,exact_title,candidate
commonlii-LKCA-1909-14,SRC030,Civil Procedure Code,statute,3,35;48,exact_title,candidate
commonlii-LKCA-1909-15,SRC030,Civil Procedure Code,statute,4,639,exact_title,candidate
commonlii-LKCA-1909-17,SRC030,Civil Procedure Code,statute,4,34;207,exact_title,candidate
commonlii-LKCA-1909-18,SRC029,Evidence Ordinance,statute,5,6;58;92;99;247,exact_title,candidate
commonlii-LKCA-1909-18,SRC030,Civil Procedure Code,statute,3,6;58;92;99;247,exact_title,candidate
commonlii-LKCA-1909-21,SRC030,Civil Procedure Code,statute,6,13;207;247,exact_title,candidate
commonlii-LKCA-1909-25,SRC030,Civil Procedure Code,statute,4,11;13;34;207;406,exact_title,candidate
commonlii-LKCA-1909-26,SRC030,Civil Procedure Code,statute,4,547,exact_title,candidate
commonlii-LKCA-1909-28,SRC030,Civil Procedure Code,statute,6,5;218;225;337;339,exact_title,candidate
commonlii-LKCA-1909-28,SRC071,Prescription Ordinance,statute,1,5;218;225;337,exact_title,candidate
commonlii-LKCA-1909-29,SRC030,Civil Procedure Code,statute,2,207,exact_title,candidate
commonlii-LKCA-1909-30,SRC030,Civil Procedure Code,statute,4,238,exact_title,candidate
commonlii-LKCA-1909-31,SRC030,Civil Procedure Code,statute,5,643;644;646,exact_title,candidate
commonlii-LKCA-1909-35,SRC030,Civil Procedure Code,statute,3,189,exact_title,candidate
commonlii-LKCA-1909-50,SRC030,Civil Procedure Code,statute,3,8;20;34,exact_title,candidate
commonlii-LKCA-1909-58,SRC029,Evidence Ordinance,statute,1,1;90,exact_title,candidate
commonlii-LKCA-1909-60,SRC071,Prescription Ordinance,statute,1,4,exact_title,candidate
commonlii-LKCA-1909-65,SRC071,Prescription Ordinance,statute,1,8;9,exact_title,candidate
commonlii-LKCA-1910-2,SRC059,Trusts Ordinance,statute,4,65;66;96;98;1207,exact_title,candidate
commonlii-LKCA-1910-23,SRC071,Prescription Ordinance,statute,1,,exact_title,candidate
commonlii-LKCA-1910-25,SRC030,Civil Procedure Code,statute,8,191;244;282;320;322;339;344,exact_title,candidate
commonlii-LKCA-1910-26,SRC030,Civil Procedure Code,statute,7,18;19;406,exact_title,candidate
commonlii-LKCA-1910-26,SRC071,Prescription Ordinance,statute,2,18;19;406,exact_title,candidate
commonlii-LKCA-1910-28,SRC030,Civil Procedure Code,statute,4,532;536;537,exact_title,candidate
commonlii-LKCA-1910-30,SRC030,Civil Procedure Code,statute,5,17;201;237;238,exact_title,candidate
commonlii-LKCA-1910-34,SRC030,Civil Procedure Code,statute,5,044;237;613;643;644,exact_title,candidate
commonlii-LKCA-1910-35,SRC030,Civil Procedure Code,statute,5,17;643;644,exact_title,candidate
commonlii-LKCA-1910-36,SRC030,Civil Procedure Code,statute,10,6;14;18;20;21;255;282;362,exact_title,candidate
commonlii-LKCA-1910-37,SRC030,Civil Procedure Code,statute,8,547;642,exact_title,candidate
commonlii-LKCA-1910-38,SRC030,Civil Procedure Code,statute,4,337,exact_title,candidate
commonlii-LKCA-1910-40,SRC030,Civil Procedure Code,statute,4,4;189;207,exact_title,candidate
commonlii-LKCA-1910-41,SRC030,Civil Procedure Code,statute,4,189,exact_title,candidate
commonlii-LKCA-1910-48,SRC029,Evidence Ordinance,statute,2,115,exact_title,candidate
commonlii-LKCA-1910-50,SRC029,Evidence Ordinance,statute,8,115,exact_title,candidate
commonlii-LKCA-1910-50,SRC030,Civil Procedure Code,statute,2,408,exact_title,candidate
commonlii-LKCA-1910-56,SRC029,Evidence Ordinance,statute,1,115;154,exact_title,candidate
commonlii-LKCA-1910-57,SRC029,Evidence Ordinance,statute,4,3;6;7;110;116,exact_title,candidate
commonlii-LKCA-1910-57,SRC071,Prescription Ordinance,statute,1,6;7;116,exact_title,candidate
commonlii-LKCA-1910-58,SRC030,Civil Procedure Code,statute,11,5;11;14;35;46;805,exact_title,candidate
commonlii-LKCA-1910-59,SRC029,Evidence Ordinance,statute,1,45;51,exact_title,candidate
commonlii-LKCA-1910-6,SRC030,Civil Procedure Code,statute,1,,exact_title,candidate
commonlii-LKCA-1910-60,SRC029,Evidence Ordinance,statute,11,92,exact_title,candidate
commonlii-LKCA-1910-61,SRC029,Evidence Ordinance,statute,2,115,exact_title,candidate
commonlii-LKCA-1910-67,SRC014,Notaries Ordinance,statute,2,12;26;29,exact_title,candidate
commonlii-LKCA-1910-68,SRC029,Evidence Ordinance,statute,1,115,exact_title,candidate
commonlii-LKCA-1910-7,SRC030,Civil Procedure Code,statute,1,39,exact_title,candidate
commonlii-LKCA-1910-8,SRC030,Civil Procedure Code,statute,10,201;217;244;256;282;311;344,exact_title,candidate
commonlii-LKCA-1910-9,SRC030,Civil Procedure Code,statute,1,547,exact_title,candidate
commonlii-LKCA-1911-12,SRC030,Civil Procedure Code,statute,2,3;36;87;756,exact_title,candidate
commonlii-LKCA-1911-23,SRC030,Civil Procedure Code,statute,1,17;18,exact_title,candidate
commonlii-LKCA-1911-23,SRC049,Buddhist Temporalities Ordinance,statute,3,34,exact_title,candidate
commonlii-LKCA-1911-29,SRC030,Civil Procedure Code,statute,5,286;289,exact_title,candidate
commonlii-LKCA-1911-3,SRC030,Civil Procedure Code,statute,7,289;291,exact_title,candidate
commonlii-LKCA-1911-32,SRC030,Civil Procedure Code,statute,5,27,exact_title,candidate
commonlii-LKCA-1911-35,SRC030,Civil Procedure Code,statute,1,247,exact_title,candidate
commonlii-LKCA-1911-38,SRC030,Civil Procedure Code,statute,9,34;643;644,exact_title,candidate
commonlii-LKCA-1911-39,SRC030,Civil Procedure Code,statute,7,227;236;247;653;657,exact_title,candidate
commonlii-LKCA-1911-4,SRC030,Civil Procedure Code,statute,4,776,exact_title,candidate
commonlii-LKCA-1911-45,SRC030,Civil Procedure Code,statute,1,197,exact_title,candidate
commonlii-LKCA-1911-5,SRC030,Civil Procedure Code,statute,4,247,exact_title,candidate
commonlii-LKCA-1911-6,SRC030,Civil Procedure Code,statute,4,5;9;404,exact_title,candidate
commonlii-LKCA-1911-64,SRC029,Evidence Ordinance,statute,6,6;32;35;63;65,exact_title,candidate
commonlii-LKCA-1911-66,SRC029,Evidence Ordinance,statute,10,2;92;1043,exact_title,candidate
commonlii-LKCA-1911-7,SRC030,Civil Procedure Code,statute,8,5;241;247,exact_title,candidate
commonlii-LKCA-1911-72,SRC030,Civil Procedure Code,statute,13,17;238;289,exact_title,candidate
commonlii-LKCA-1911-73,SRC030,Civil Procedure Code,statute,1,289,exact_title,candidate
commonlii-LKCA-1911-78,SRC030,Civil Procedure Code,statute,2,226;282,exact_title,candidate
commonlii-LKCA-1911-86,SRC030,Civil Procedure Code,statute,1,664,exact_title,candidate
commonlii-LKCA-1911-91,SRC030,Civil Procedure Code,statute,2,447;778,exact_title,candidate
commonlii-LKCA-1911-94,SRC030,Civil Procedure Code,statute,2,247,exact_title,candidate
commonlii-LKCA-1911-96,SRC030,Civil Procedure Code,statute,1,17,exact_title,candidate
commonlii-LKCA-1911-99,SRC030,Civil Procedure Code,statute,1,247,exact_title,candidate
commonlii-LKCA-1912-1,SRC030,Civil Procedure Code,statute,4,80;402;403,exact_title,candidate
commonlii-LKCA-1912-107,SRC071,Prescription Ordinance,statute,2,,exact_title,candidate
commonlii-LKCA-1912-11,SRC030,Civil Procedure Code,statute,3,5;75;201,exact_title,candidate
commonlii-LKCA-1912-16,SRC029,Evidence Ordinance,statute,1,34,exact_title,candidate
commonlii-LKCA-1912-19,SRC030,Civil Procedure Code,statute,5,201;219;287,exact_title,candidate
commonlii-LKCA-1912-24,SRC049,Buddhist Temporalities Ordinance,statute,3,41,exact_title,candidate
commonlii-LKCA-1912-28,SRC030,Civil Procedure Code,statute,1,247,exact_title,candidate
commonlii-LKCA-1912-31,SRC030,Civil Procedure Code,statute,5,17;289;291,exact_title,candidate
commonlii-LKCA-1912-39,SRC030,Civil Procedure Code,statute,8,547,exact_title,candidate
commonlii-LKCA-1912-40,SRC030,Civil Procedure Code,statute,10,11;472,exact_title,candidate
commonlii-LKCA-1912-41,SRC030,Civil Procedure Code,statute,3,189,exact_title,candidate
commonlii-LKCA-1912-42,SRC028,Rent Act,statute,1,,exact_title,candidate
commonlii-LKCA-1912-42,SRC030,Civil Procedure Code,statute,6,34;201;244;344,exact_title,candidate
commonlii-LKCA-1912-43,SRC030,Civil Procedure Code,statute,3,207;817,exact_title,candidate
commonlii-LKCA-1912-45,SRC030,Civil Procedure Code,statute,4,189;207,exact_title,candidate
commonlii-LKCA-1912-46,SRC030,Civil Procedure Code,statute,5,555;560,exact_title,candidate
commonlii-LKCA-1912-5,SRC030,Civil Procedure Code,statute,2,147,exact_title,candidate
commonlii-LKCA-1912-62,SRC029,Evidence Ordinance,statute,2,22;114,exact_title,candidate
commonlii-LKCA-1912-63,SRC029,Evidence Ordinance,statute,1,91;99,exact_title,candidate
commonlii-LKCA-1912-69,SRC029,Evidence Ordinance,statute,4,115,exact_title,candidate
commonlii-LKCA-1912-70,SRC029,Evidence Ordinance,statute,3,68;131,exact_title,candidate
commonlii-LKCA-1912-70,SRC030,Civil Procedure Code,statute,3,68;131,exact_title,candidate
commonlii-LKCA-1912-71,SRC030,Civil Procedure Code,statute,5,4;516,exact_title,candidate
commonlii-LKCA-1912-72,SRC029,Evidence Ordinance,statute,1,,exact_title,candidate
commonlii-LKCA-1912-73,SRC030,Civil Procedure Code,statute,5,218,exact_title,candidate
commonlii-LKCA-1912-74,SRC030,Civil Procedure Code,statute,4,536;537;547;587,exact_title,candidate
commonlii-LKCA-1912-81,SRC029,Evidence Ordinance,statute,1,115,exact_title,candidate
commonlii-LKCA-1912-82,SRC030,Civil Procedure Code,statute,5,289;291,exact_title,candidate
commonlii-LKCA-1912-83,SRC030,Civil Procedure Code,statute,1,642,exact_title,candidate
commonlii-LKCA-1912-84,SRC029,Evidence Ordinance,statute,1,115,exact_title,candidate
commonlii-LKCA-1912-95,SRC029,Evidence Ordinance,statute,1,32,exact_title,candidate
commonlii-LKCA-1912-98,SRC071,Prescription Ordinance,statute,5,6;7,exact_title,candidate
commonlii-LKCA-1913-10,SRC030,Civil Procedure Code,statute,4,17;22;31,exact_title,candidate
commonlii-LKCA-1913-108,SRC030,Civil Procedure Code,statute,1,16;643,exact_title,candidate
commonlii-LKCA-1913-109,SRC030,Civil Procedure Code,statute,2,4;8;9;247;282,exact_title,candidate
commonlii-LKCA-1913-11,SRC030,Civil Procedure Code,statute,3,5;6,exact_title,candidate
commonlii-LKCA-1913-114,SRC030,Civil Procedure Code,statute,1,17;247,exact_title,candidate
commonlii-LKCA-1913-117,SRC071,Prescription Ordinance,statute,1,,exact_title,candidate
commonlii-LKCA-1913-17,SRC030,Civil Procedure Code,statute,1,46,exact_title,candidate
commonlii-LKCA-1913-19,SRC030,Civil Procedure Code,statute,12,2;18;34;117;344;456;458;461;462,exact_title,candidate
commonlii-LKCA-1913-19,SRC061,Municipal Councils Ordinance,statute,1,33;72,exact_title,candidate
commonlii-LKCA-1913-20,SRC030,Civil Procedure Code,statute,9,11;17;18;42;212,exact_title,candidate
commonlii-LKCA-1913-22,SRC030,Civil Procedure Code,statute,1,8;823,exact_title,candidate
commonlii-LKCA-1913-24,SRC029,Evidence Ordinance,statute,11,13;40;41;100;207;242;245,exact_title,candidate
commonlii-LKCA-1913-24,SRC030,Civil Procedure Code,statute,27,13;34;40;41;100;207;232;241;242;245;247;406,exact_title,candidate
commonlii-LKCA-1913-26,SRC071,Prescription Ordinance,statute,1,3,exact_title,candidate
commonlii-LKCA-1913-38,SRC049,Buddhist Temporalities Ordinance,statute,1,,exact_title,candidate
commonlii-LKCA-1913-40,SRC029,Evidence Ordinance,statute,1,110;247,exact_title,candidate
commonlii-LKCA-1913-40,SRC030,Civil Procedure Code,statute,4,110;247,exact_title,candidate
commonlii-LKCA-1913-42,SRC029,Evidence Ordinance,statute,1,6;106,exact_title,candidate
commonlii-LKCA-1913-48,SRC030,Civil Procedure Code,statute,8,34;247;643;644,exact_title,candidate
commonlii-LKCA-1913-50,SRC030,Civil Procedure Code,statute,8,643;644,exact_title,candidate
commonlii-LKCA-1913-54,SRC030,Civil Procedure Code,statute,8,17;642;643;644,exact_title,candidate
commonlii-LKCA-1913-63,SRC030,Civil Procedure Code,statute,2,39;189,exact_title,candidate
commonlii-LKCA-1913-7,SRC049,Buddhist Temporalities Ordinance,statute,3,20;34,exact_title,candidate
commonlii-LKCA-1913-73,SRC029,Evidence Ordinance,statute,1,92,exact_title,candidate
commonlii-LKCA-1913-77,SRC030,Civil Procedure Code,statute,1,46,exact_title,candidate
commonlii-LKCA-1913-8,SRC030,Civil Procedure Code,statute,1,207,exact_title,candidate
commonlii-LKCA-1913-80,SRC030,Civil Procedure Code,statute,1,116,exact_title,candidate
commonlii-LKCA-1913-84,SRC029,Evidence Ordinance,statute,4,2;68;69,exact_title,candidate
commonlii-LKCA-1913-86,SRC029,Evidence Ordinance,statute,3,90,exact_title,candidate
commonlii-LKCA-1913-9,SRC030,Civil Procedure Code,statute,2,12,exact_title,candidate
commonlii-LKCA-1913-9,SRC049,Buddhist Temporalities Ordinance,statute,1,,exact_title,candidate
commonlii-LKCA-1914-10,SRC029,Evidence Ordinance,statute,2,92;98,exact_title,candidate
commonlii-LKCA-1914-10,SRC030,Civil Procedure Code,statute,2,331;332;426,exact_title,candidate
commonlii-LKCA-1914-11,SRC030,Civil Procedure Code,statute,6,247;642;643,exact_title,candidate
commonlii-LKCA-1914-15,SRC030,Civil Procedure Code,statute,1,34;615,exact_title,candidate
commonlii-LKCA-1914-17,SRC029,Evidence Ordinance,statute,1,1,exact_title,candidate
commonlii-LKCA-1914-17,SRC030,Civil Procedure Code,statute,2,1;2;5;20;28;29,exact_title,candidate
commonlii-LKCA-1914-21,SRC029,Evidence Ordinance,statute,1,36;114,exact_title,candidate
commonlii-LKCA-1914-21,SRC030,Civil Procedure Code,statute,1,43;149,exact_title,candidate
commonlii-LKCA-1914-29,SRC030,Civil Procedure Code,statute,7,536;537;586;587,exact_title,candidate
commonlii-LKCA-1914-30,SRC030,Civil Procedure Code,statute,8,258;270;282;283;343;344,exact_title,candidate
commonlii-LKCA-1914-33,SRC030,Civil Procedure Code,statute,12,402;403;408,exact_title,candidate
commonlii-LKCA-1914-36,SRC030,Civil Procedure Code,statute,6,201;282;344;844,exact_title,candidate
commonlii-LKCA-1914-41,SRC030,Civil Procedure Code,statute,6,4;384;595;639;877,exact_title,candidate
commonlii-LKCA-1914-43,SRC030,Civil Procedure Code,statute,3,337;366;884,exact_title,candidate
commonlii-LKCA-1914-46,SRC030,Civil Procedure Code,statute,8,229;237;255;279;286,exact_title,candidate
commonlii-LKCA-1914-47,SRC030,Civil Procedure Code,statute,11,224;226;238;370,exact_title,candidate
commonlii-LKCA-1914-51,SRC049,Buddhist Temporalities Ordinance,statute,1,9,exact_title,candidate
commonlii-LKCA-1914-57,SRC014,Notaries Ordinance,statute,8,29,exact_title,candidate
commonlii-LKCA-1914-57,SRC030,Civil Procedure Code,statute,1,29,exact_title,candidate
commonlii-LKCA-1914-60,SRC029,Evidence Ordinance,statute,1,17;207,exact_title,candidate
commonlii-LKCA-1914-60,SRC030,Civil Procedure Code,statute,4,16;17;207,exact_title,candidate
commonlii-LKCA-1914-63,SRC029,Evidence Ordinance,statute,1,93;97,exact_title,candidate
commonlii-LKCA-1914-66,SRC029,Evidence Ordinance,statute,4,92,exact_title,candidate
commonlii-LKCA-1914-7,SRC030,Civil Procedure Code,statute,26,4;122;124;322;461,exact_title,candidate
commonlii-LKCA-1914-75,SRC071,Prescription Ordinance,statute,1,,exact_title,candidate
commonlii-LKCA-1914-76,SRC029,Evidence Ordinance,statute,1,,exact_title,candidate
commonlii-LKCA-1914-76,SRC030,Civil Procedure Code,statute,1,,exact_title,candidate
commonlii-LKCA-1914-78,SRC004,Matrimonial Rights and Inheritance Ordinance,statute,1,9,exact_title,candidate
commonlii-LKCA-1914-89,SRC030,Civil Procedure Code,statute,1,331,exact_title,candidate
commonlii-LKCA-1914-9,SRC030,Civil Procedure Code,statute,11,4;35;75;195,exact_title,candidate
commonlii-LKCA-1914-90,SRC071,Prescription Ordinance,statute,1,7;8;10,exact_title,candidate
commonlii-LKCA-1915-1,SRC030,Civil Procedure Code,statute,6,402;403;408,exact_title,candidate
commonlii-LKCA-1915-10,SRC004,Matrimonial Rights and Inheritance Ordinance,statute,1,,exact_title,candidate
commonlii-LKCA-1915-12,SRC029,Evidence Ordinance,statute,1,11;92,exact_title,candidate
commonlii-LKCA-1915-16,SRC030,Civil Procedure Code,statute,1,547,exact_title,candidate
commonlii-LKCA-1915-16,SRC071,Prescription Ordinance,statute,1,6;7;8,exact_title,candidate
commonlii-LKCA-1915-17,SRC071,Prescription Ordinance,statute,1,3;6,exact_title,candidate
commonlii-LKCA-1915-19,SRC029,Evidence Ordinance,statute,1,82,exact_title,candidate
commonlii-LKCA-1915-19,SRC030,Civil Procedure Code,statute,5,,exact_title,candidate
commonlii-LKCA-1915-23,SRC030,Civil Procedure Code,statute,4,247,exact_title,candidate
commonlii-LKCA-1915-23,SRC071,Prescription Ordinance,statute,3,3;8;247,exact_title,candidate
commonlii-LKCA-1915-25,SRC030,Civil Procedure Code,statute,6,217;287;328;387;828,exact_title,candidate
commonlii-LKCA-1915-26,SRC030,Civil Procedure Code,statute,7,17;642;643;644;648,exact_title,candidate
commonlii-LKCA-1915-38,SRC071,Prescription Ordinance,statute,7,2;3,exact_title,candidate
commonlii-LKCA-1915-39,SRC029,Evidence Ordinance,statute,1,115,exact_title,candidate
commonlii-LKCA-1915-4,SRC029,Evidence Ordinance,statute,5,7;9;91,exact_title,candidate
commonlii-LKCA-1915-40,SRC071,Prescription Ordinance,statute,1,,exact_title,candidate
commonlii-LKCA-1915-41,SRC029,Evidence Ordinance,statute,4,92,exact_title,candidate
commonlii-LKCA-1915-45,SRC030,Civil Procedure Code,statute,1,8;11;15,exact_title,candidate
commonlii-LKCA-1915-45,SRC071,Prescription Ordinance,statute,16,3;8;10;11;14;15,exact_title,candidate
commonlii-LKCA-1915-49,SRC030,Civil Procedure Code,statute,1,18,exact_title,candidate
commonlii-LKCA-1915-51,SRC071,Prescription Ordinance,statute,6,1;3;14;15;16,exact_title,candidate
commonlii-LKCA-1915-53,SRC061,Municipal Councils Ordinance,statute,1,146,exact_title,candidate
commonlii-LKCA-1915-57,SRC029,Evidence Ordinance,statute,1,115,exact_title,candidate
commonlii-LKCA-1915-6,SRC004,Matrimonial Rights and Inheritance Ordinance,statute,1,13,exact_title,candidate
commonlii-LKCA-1915-7,SRC030,Civil Procedure Code,statute,3,480;502,exact_title,candidate
commonlii-LKCA-1916-1,SRC029,Evidence Ordinance,statute,6,111;126,exact_title,candidate
commonlii-LKCA-1916-15,SRC030,Civil Procedure Code,statute,8,225;362,exact_title,candidate
commonlii-LKCA-1916-18,SRC071,Prescription Ordinance,statute,1,,exact_title,candidate
commonlii-LKCA-1916-20,SRC030,Civil Procedure Code,statute,1,642,exact_title,candidate
commonlii-LKCA-1916-26,SRC030,Civil Procedure Code,statute,1,14;18,exact_title,candidate
commonlii-LKCA-1916-28,SRC030,Civil Procedure Code,statute,9,17;18;22,exact_title,candidate
commonlii-LKCA-1916-30,SRC030,Civil Procedure Code,statute,3,12;18;22,exact_title,candidate
commonlii-LKCA-1916-33,SRC030,Civil Procedure Code,statute,10,4;5;9;65;77,exact_title,candidate
commonlii-LKCA-1916-39,SRC030,Civil Procedure Code,statute,2,,exact_title,candidate
commonlii-LKCA-1916-44,SRC029,Evidence Ordinance,statute,1,40;41,exact_title,candidate
commonlii-LKCA-1916-44,SRC030,Civil Procedure Code,statute,1,480,exact_title,candidate
commonlii-LKCA-1916-45,SRC030,Civil Procedure Code,statute,3,639;689,exact_title,candidate
commonlii-LKCA-1916-56,SRC030,Civil Procedure Code,statute,1,,exact_title,candidate
commonlii-LKCA-1916-57,SRC030,Civil Procedure Code,statute,2,1;622,exact_title,candidate
commonlii-LKCA-1916-6,SRC030,Civil Procedure Code,statute,7,54A;756;770,exact_title,candidate
commonlii-LKCA-1916-65,SRC030,Civil Procedure Code,statute,1,642,exact_title,candidate
commonlii-LKCA-1916-69,SRC071,Prescription Ordinance,statute,1,16,exact_title,candidate
commonlii-LKCA-1916-7,SRC030,Civil Procedure Code,statute,8,295;352,exact_title,candidate
commonlii-LKCA-1916-9,SRC030,Civil Procedure Code,statute,7,7;8;29;525;679;696;697,exact_title,candidate
commonlii-LKCA-1917-1,SRC029,Evidence Ordinance,statute,2,2;92,exact_title,candidate
commonlii-LKCA-1917-10,SRC049,Buddhist Temporalities Ordinance,statute,4,41,exact_title,candidate
commonlii-LKCA-1917-13,SRC030,Civil Procedure Code,statute,3,17;237;289,exact_title,candidate
commonlii-LKCA-1917-16,SRC030,Civil Procedure Code,statute,8,4;5;189;404;408,exact_title,candidate
commonlii-LKCA-1917-17,SRC030,Civil Procedure Code,statute,3,247,exact_title,candidate
commonlii-LKCA-1917-20,SRC030,Civil Procedure Code,statute,11,70;640;641;642,exact_title,candidate
commonlii-LKCA-1917-21,SRC030,Civil Procedure Code,statute,5,226;342;343,exact_title,candidate
commonlii-LKCA-1917-38,SRC030,Civil Procedure Code,statute,1,17;18,exact_title,candidate
commonlii-LKCA-1917-43,SRC030,Civil Procedure Code,statute,4,247,exact_title,candidate
commonlii-LKCA-1917-48,SRC030,Civil Procedure Code,statute,2,,exact_title,candidate
commonlii-LKCA-1917-48,SRC071,Prescription Ordinance,statute,2,3;17,exact_title,candidate
commonlii-LKCA-1917-5,SRC030,Civil Procedure Code,statute,3,201,exact_title,candidate
commonlii-LKCA-1917-57,SRC030,Civil Procedure Code,statute,1,207,exact_title,candidate
commonlii-LKCA-1917-7,SRC029,Evidence Ordinance,statute,3,9;91,exact_title,candidate
commonlii-LKCA-1917-8,SRC030,Civil Procedure Code,statute,5,24;26;31;32,exact_title,candidate
commonlii-LKCA-1918-1,SRC029,Evidence Ordinance,statute,1,114,exact_title,candidate
commonlii-LKCA-1918-1,SRC071,Prescription Ordinance,statute,3,3;127,exact_title,candidate
commonlii-LKCA-1918-10,SRC029,Evidence Ordinance,statute,3,52;146;153;154,exact_title,candidate
commonlii-LKCA-1918-10,SRC030,Civil Procedure Code,statute,1,153;154;155,exact_title,candidate
commonlii-LKCA-1918-18,SRC049,Buddhist Temporalities Ordinance,statute,2,,exact_title,candidate
commonlii-LKCA-1918-2,SRC029,Evidence Ordinance,statute,1,14;15;157,exact_title,candidate
commonlii-LKCA-1918-22,SRC071,Prescription Ordinance,statute,7,8;10;11;14;15;145;860,exact_title,candidate
commonlii-LKCA-1918-25,SRC030,Civil Procedure Code,statute,10,247;643,exact_title,candidate
commonlii-LKCA-1918-26,SRC030,Civil Procedure Code,statute,6,28;201;284;344,exact_title,candidate
commonlii-LKCA-1918-27,SRC030,Civil Procedure Code,statute,4,247;480,exact_title,candidate
commonlii-LKCA-1918-28,SRC030,Civil Procedure Code,statute,12,640;643;644,exact_title,candidate
commonlii-LKCA-1918-29,SRC030,Civil Procedure Code,statute,1,102,exact_title,candidate
commonlii-LKCA-1918-3,SRC030,Civil Procedure Code,statute,3,4;207;756,exact_title,candidate
commonlii-LKCA-1918-3,SRC071,Prescription Ordinance,statute,1,14;15,exact_title,candidate
commonlii-LKCA-1918-32,SRC029,Evidence Ordinance,statute,3,92,exact_title,candidate
commonlii-LKCA-1918-38,SRC029,Evidence Ordinance,statute,1,8,exact_title,candidate
commonlii-LKCA-1918-38,SRC030,Civil Procedure Code,statute,1,475,exact_title,candidate
commonlii-LKCA-1918-4,SRC030,Civil Procedure Code,statute,4,547,exact_title,candidate
commonlii-LKCA-1918-42,SRC031,Companies Act,statute,6,18;21,exact_title,candidate
commonlii-LKCA-1918-42,SRC059,Trusts Ordinance,statute,2,6;113,exact_title,candidate
commonlii-LKCA-1918-48,SRC030,Civil Procedure Code,statute,1,772,exact_title,candidate
commonlii-LKCA-1918-5,SRC014,Notaries Ordinance,statute,9,4;34,exact_title,candidate
commonlii-LKCA-1918-5,SRC030,Civil Procedure Code,statute,5,551;736;739,exact_title,candidate
commonlii-LKCA-1918-51,SRC031,Companies Act,statute,6,61;63;88;125;128,exact_title,candidate
commonlii-LKCA-1918-52,SRC029,Evidence Ordinance,statute,6,2;9;41;44,exact_title,candidate
commonlii-LKCA-1919-12,SRC049,Buddhist Temporalities Ordinance,statute,1,,exact_title,candidate
commonlii-LKCA-1919-17,SRC030,Civil Procedure Code,statute,2,,exact_title,candidate
commonlii-LKCA-1919-18,SRC030,Civil Procedure Code,statute,3,282;284;344,exact_title,candidate
commonlii-LKCA-1919-20,SRC030,Civil Procedure Code,statute,7,4;643;644,exact_title,candidate
commonlii-LKCA-1919-22,SRC030,Civil Procedure Code,statute,1,22,exact_title,candidate
commonlii-LKCA-1919-24,SRC030,Civil Procedure Code,statute,7,189;224;320;322;334;337;394,exact_title,candidate
commonlii-LKCA-1919-25,SRC030,Civil Procedure Code,statute,1,247,exact_title,candidate
commonlii-LKCA-1919-26,SRC029,Evidence Ordinance,statute,1,15,exact_title,candidate
commonlii-LKCA-1919-26,SRC030,Civil Procedure Code,statute,5,163;516;533,exact_title,candidate
commonlii-LKCA-1919-34,SRC014,Notaries Ordinance,statute,1,15,exact_title,candidate
commonlii-LKCA-1919-34,SRC029,Evidence Ordinance,statute,2,4;15;90,exact_title,candidate
commonlii-LKCA-1919-35,SRC030,Civil Procedure Code,statute,2,215,exact_title,candidate
commonlii-LKCA-1919-35,SRC071,Prescription Ordinance,statute,1,11,exact_title,candidate
commonlii-LKCA-1919-36,SRC071,Prescription Ordinance,statute,1,,exact_title,candidate
commonlii-LKCA-1919-42,SRC071,Prescription Ordinance,statute,1,3,exact_title,candidate
commonlii-LKCA-1919-46,SRC030,Civil Procedure Code,statute,1,,exact_title,candidate
commonlii-LKCA-1919-59,SRC029,Evidence Ordinance,statute,2,20;105,exact_title,candidate
commonlii-LKCA-1919-66,SRC029,Evidence Ordinance,statute,1,44,exact_title,candidate
commonlii-LKCA-1919-70,SRC071,Prescription Ordinance,statute,5,000;2;7;8;9;11,exact_title,candidate
commonlii-LKCA-1920-1,SRC071,Prescription Ordinance,statute,7,8;9,exact_title,candidate
commonlii-LKCA-1920-13,SRC030,Civil Procedure Code,statute,11,408;676;692;693;695;696;712,exact_title,candidate
commonlii-LKCA-1920-19,SRC024,Wills Ordinance,statute,1,,exact_title,candidate
commonlii-LKCA-1920-19,SRC071,Prescription Ordinance,statute,1,14,exact_title,candidate
commonlii-LKCA-1920-20,SRC071,Prescription Ordinance,statute,1,3,exact_title,candidate
commonlii-LKCA-1920-21,SRC071,Prescription Ordinance,statute,1,14,exact_title,candidate
commonlii-LKCA-1920-22,SRC030,Civil Procedure Code,statute,2,309;352,exact_title,candidate
commonlii-LKCA-1920-23,SRC030,Civil Procedure Code,statute,5,71;567;571,exact_title,candidate
commonlii-LKCA-1920-26,SRC030,Civil Procedure Code,statute,3,262;284,exact_title,candidate
commonlii-LKCA-1920-29,SRC030,Civil Procedure Code,statute,4,35;75,exact_title,candidate
commonlii-LKCA-1920-31,SRC030,Civil Procedure Code,statute,3,282;352,exact_title,candidate
commonlii-LKCA-1920-32,SRC029,Evidence Ordinance,statute,3,115;644;648,exact_title,candidate
commonlii-LKCA-1920-32,SRC030,Civil Procedure Code,statute,5,115;643;644;648,exact_title,candidate
commonlii-LKCA-1920-33,SRC030,Civil Procedure Code,statute,4,338;341,exact_title,candidate
commonlii-LKCA-1920-34,SRC030,Civil Procedure Code,statute,3,18,exact_title,candidate
commonlii-LKCA-1920-35,SRC030,Civil Procedure Code,statute,2,643;644,exact_title,candidate
commonlii-LKCA-1920-36,SRC030,Civil Procedure Code,statute,4,31;44;49;55;59;531,exact_title,candidate
commonlii-LKCA-1920-44,SRC071,Prescription Ordinance,statute,4,7;8;9,exact_title,candidate
commonlii-LKCA-1920-49,SRC029,Evidence Ordinance,statute,1,,exact_title,candidate
commonlii-LKCA-1920-62,SRC030,Civil Procedure Code,statute,1,,exact_title,candidate
commonlii-LKCA-1920-71,SRC029,Evidence Ordinance,statute,2,92,exact_title,candidate
commonlii-LKCA-1920-74,SRC030,Civil Procedure Code,statute,3,,exact_title,candidate
commonlii-LKCA-1920-76,SRC030,Civil Procedure Code,statute,1,772,exact_title,candidate
commonlii-LKCA-1920-88,SRC014,Notaries Ordinance,statute,2,11;25,exact_title,candidate
commonlii-LKCA-1920-90,SRC059,Trusts Ordinance,statute,2,9;66,exact_title,candidate
commonlii-LKCA-1920-92,SRC030,Civil Procedure Code,statute,5,272;282,exact_title,candidate
commonlii-LKCA-1920-93,SRC030,Civil Procedure Code,statute,1,18,exact_title,candidate
commonlii-LKCA-1920-95,SRC030,Civil Procedure Code,statute,2,24;755,exact_title,candidate
commonlii-LKCA-1921-100,SRC029,Evidence Ordinance,statute,1,115,exact_title,candidate
commonlii-LKCA-1921-12,SRC030,Civil Procedure Code,statute,2,756,exact_title,candidate
commonlii-LKCA-1921-19,SRC049,Buddhist Temporalities Ordinance,statute,2,,exact_title,candidate
commonlii-LKCA-1921-22,SRC049,Buddhist Temporalities Ordinance,statute,3,19;20;77,exact_title,candidate
commonlii-LKCA-1921-22,SRC059,Trusts Ordinance,statute,8,2;31;42;77;112;113;115,exact_title,candidate
commonlii-LKCA-1921-3,SRC030,Civil Procedure Code,statute,3,472;547;647,exact_title,candidate
commonlii-LKCA-1921-30,SRC030,Civil Procedure Code,statute,5,241;243;244;245;247,exact_title,candidate
commonlii-LKCA-1921-34,SRC030,Civil Procedure Code,statute,4,2;236;237;238;289,exact_title,candidate
commonlii-LKCA-1921-35,SRC029,Evidence Ordinance,statute,1,92,exact_title,candidate
commonlii-LKCA-1921-37,SRC071,Prescription Ordinance,statute,1,7,exact_title,candidate
commonlii-LKCA-1921-47,SRC030,Civil Procedure Code,statute,1,,exact_title,candidate
commonlii-LKCA-1921-49,SRC030,Civil Procedure Code,statute,1,201,exact_title,candidate
commonlii-LKCA-1921-50,SRC030,Civil Procedure Code,statute,1,207,exact_title,candidate
commonlii-LKCA-1921-52,SRC059,Trusts Ordinance,statute,1,92,exact_title,candidate
commonlii-LKCA-1921-52,SRC061,Municipal Councils Ordinance,statute,6,137;140;143,exact_title,candidate
commonlii-LKCA-1921-53,SRC029,Evidence Ordinance,statute,2,92,exact_title,candidate
commonlii-LKCA-1921-55,SRC029,Evidence Ordinance,statute,2,92,exact_title,candidate
commonlii-LKCA-1921-55,SRC071,Prescription Ordinance,statute,1,,exact_title,candidate
commonlii-LKCA-1921-56,SRC029,Evidence Ordinance,statute,1,,exact_title,candidate
commonlii-LKCA-1921-57,SRC029,Evidence Ordinance,statute,3,92,exact_title,candidate
commonlii-LKCA-1921-59,SRC029,Evidence Ordinance,statute,5,41;739;740,exact_title,candidate
commonlii-LKCA-1921-59,SRC030,Civil Procedure Code,statute,2,41;739;740,exact_title,candidate
commonlii-LKCA-1921-6,SRC030,Civil Procedure Code,statute,1,20;751,exact_title,candidate
commonlii-LKCA-1921-60,SRC029,Evidence Ordinance,statute,1,92,exact_title,candidate
commonlii-LKCA-1921-61,SRC029,Evidence Ordinance,statute,2,5;99;118,exact_title,candidate
commonlii-LKCA-1921-61,SRC059,Trusts Ordinance,statute,5,5;118,exact_title,candidate
commonlii-LKCA-1921-64,SRC059,Trusts Ordinance,statute,2,,exact_title,candidate
commonlii-LKCA-1921-72,SRC030,Civil Procedure Code,statute,3,640,exact_title,candidate
commonlii-LKCA-1921-73,SRC030,Civil Procedure Code,statute,1,757,exact_title,candidate
commonlii-LKCA-1921-74,SRC029,Evidence Ordinance,statute,1,116,exact_title,candidate
commonlii-LKCA-1921-74,SRC059,Trusts Ordinance,statute,1,5;8;118,exact_title,candidate
commonlii-LKCA-1921-77,SRC030,Civil Procedure Code,statute,1,,exact_title,candidate
commonlii-LKCA-1921-86,SRC029,Evidence Ordinance,statute,1,92,exact_title,candidate
commonlii-LKCA-1921-86,SRC030,Civil Procedure Code,statute,4,643,exact_title,candidate
commonlii-LKCA-1921-87,SRC030,Civil Procedure Code,statute,2,350,exact_title,candidate
commonlii-LKCA-1921-9,SRC030,Civil Procedure Code,statute,2,4,exact_title,candidate
commonlii-LKCA-1921-95,SRC030,Civil Procedure Code,statute,6,338;339,exact_title,candidate
commonlii-LKCA-1921-97,SRC030,Civil Procedure Code,statute,9,42;233;236;237;238;287;289;291,exact_title,candidate
commonlii-LKCA-1921-98,SRC030,Civil Procedure Code,statute,1,247,exact_title,candidate
commonlii-LKCA-1921-99,SRC030,Civil Procedure Code,statute,1,189,exact_title,candidate
commonlii-LKCA-1922-114,SRC030,Civil Procedure Code,statute,2,,exact_title,candidate
commonlii-LKCA-1922-116,SRC030,Civil Procedure Code,statute,3,612;642,exact_title,candidate
commonlii-LKCA-1922-122,SRC029,Evidence Ordinance,statute,1,92,exact_title,candidate
commonlii-LKCA-1922-132,SRC030,Civil Procedure Code,statute,2,272;282,exact_title,candidate
commonlii-LKCA-1922-17,SRC030,Civil Procedure Code,statute,1,756;757,exact_title,candidate
commonlii-LKCA-1922-25,SRC030,Civil Procedure Code,statute,1,201;289,exact_title,candidate
commonlii-LKCA-1922-3,SRC049,Buddhist Temporalities Ordinance,statute,1,,exact_title,candidate
commonlii-LKCA-1922-30,SRC049,Buddhist Temporalities Ordinance,statute,4,41,exact_title,candidate
commonlii-LKCA-1922-35,SRC030,Civil Procedure Code,statute,1,,exact_title,candidate
commonlii-LKCA-1922-37,SRC029,Evidence Ordinance,statute,1,44;218;283;289;318,exact_title,candidate
commonlii-LKCA-1922-37,SRC030,Civil Procedure Code,statute,4,282;283;312,exact_title,candidate
commonlii-LKCA-1922-4,SRC030,Civil Procedure Code,statute,3,14;36;805,exact_title,candidate
commonlii-LKCA-1922-40,SRC030,Civil Procedure Code,statute,6,218;247,exact_title,candidate
commonlii-LKCA-1922-41,SRC030,Civil Procedure Code,statute,3,325;326;328,exact_title,candidate
commonlii-LKCA-1922-5,SRC030,Civil Procedure Code,statute,10,8;18;187;188,exact_title,candidate
commonlii-LKCA-1922-50,SRC030,Civil Procedure Code,statute,1,404,exact_title,candidate
commonlii-LKCA-1922-51,SRC030,Civil Procedure Code,statute,4,237;283;287;325,exact_title,candidate
commonlii-LKCA-1922-58,SRC030,Civil Procedure Code,statute,2,500;600,exact_title,candidate
commonlii-LKCA-1922-80,SRC029,Evidence Ordinance,statute,2,115,exact_title,candidate
commonlii-LKCA-1922-81,SRC029,Evidence Ordinance,statute,2,9;44,exact_title,candidate
commonlii-LKCA-1922-84,SRC030,Civil Procedure Code,statute,3,247,exact_title,candidate
commonlii-LKCA-1922-85,SRC030,Civil Procedure Code,statute,1,247,exact_title,candidate
commonlii-LKCA-1922-86,SRC030,Civil Procedure Code,statute,1,,exact_title,candidate
commonlii-LKCA-1924-1,SRC014,Notaries Ordinance,statute,7,29;33,exact_title,candidate
commonlii-LKCA-1924-11,SRC030,Civil Procedure Code,statute,5,111;254;339,exact_title,candidate
commonlii-LKCA-1924-12,SRC030,Civil Procedure Code,statute,5,33;34;35;642,exact_title,candidate
commonlii-LKCA-1924-13,SRC030,Civil Procedure Code,statute,3,284,exact_title,candidate
commonlii-LKCA-1924-14,SRC030,Civil Procedure Code,statute,3,718;739,exact_title,candidate
commonlii-LKCA-1924-15,SRC030,Civil Procedure Code,statute,5,343,exact_title,candidate
commonlii-LKCA-1924-16,SRC030,Civil Procedure Code,statute,3,18,exact_title,candidate
commonlii-LKCA-1924-17,SRC030,Civil Procedure Code,statute,2,18,exact_title,candidate
commonlii-LKCA-1924-18,SRC030,Civil Procedure Code,statute,3,243;247,exact_title,candidate
commonlii-LKCA-1924-20,SRC030,Civil Procedure Code,statute,2,640;642;643,exact_title,candidate
commonlii-LKCA-1924-20,SRC071,Prescription Ordinance,statute,1,6;7,exact_title,candidate
commonlii-LKCA-1924-22,SRC030,Civil Procedure Code,statute,12,3;8;201;217;286;287;323;325;326;418,exact_title,candidate
commonlii-LKCA-1924-22,SRC061,Municipal Councils Ordinance,statute,1,144,exact_title,candidate
commonlii-LKCA-1924-23,SRC030,Civil Procedure Code,statute,4,287;325;326;328,exact_title,candidate
commonlii-LKCA-1924-24,SRC030,Civil Procedure Code,statute,3,31;201,exact_title,candidate
commonlii-LKCA-1924-25,SRC030,Civil Procedure Code,statute,6,4;39;80;305;348,exact_title,candidate
commonlii-LKCA-1924-26,SRC030,Civil Procedure Code,statute,17,2;197;201;224;272;336;344;384;722,exact_title,candidate
commonlii-LKCA-1924-27,SRC049,Buddhist Temporalities Ordinance,statute,3,27,exact_title,candidate
commonlii-LKCA-1924-35,SRC029,Evidence Ordinance,statute,3,44;58;77,exact_title,candidate
commonlii-LKCA-1924-39,SRC029,Evidence Ordinance,statute,4,91;94;96,exact_title,candidate
commonlii-LKCA-1924-39,SRC030,Civil Procedure Code,statute,2,91;94;186;188;207,exact_title,candidate
commonlii-LKCA-1924-51,SRC059,Trusts Ordinance,statute,5,101;102;106;112;215,exact_title,candidate
commonlii-LKCA-1924-52,SRC059,Trusts Ordinance,statute,11,102;112,exact_title,candidate
commonlii-LKCA-1924-56,SRC071,Prescription Ordinance,statute,1,3,exact_title,candidate
commonlii-LKCA-1924-57,SRC030,Civil Procedure Code,statute,6,16;64S;201;207;643;644,exact_title,candidate
commonlii-LKCA-1924-63,SRC030,Civil Procedure Code,statute,3,200,exact_title,candidate
commonlii-LKCA-1924-64,SRC029,Evidence Ordinance,statute,1,8;91,exact_title,candidate
commonlii-LKCA-1924-64,SRC071,Prescription Ordinance,statute,4,6;7;8;91,exact_title,candidate
commonlii-LKCA-1924-67,SRC030,Civil Procedure Code,statute,2,34;207;406,exact_title,candidate
commonlii-LKCA-1925-13,SRC030,Civil Procedure Code,statute,3,5;6;207,exact_title,candidate
commonlii-LKCA-1925-14,SRC004,Matrimonial Rights and Inheritance Ordinance,statute,1,2;5;8;9;10;13;17,exact_title,candidate
commonlii-LKCA-1925-14,SRC030,Civil Procedure Code,statute,11,5;8;34;35;45;612;617;618;772,exact_title,candidate
commonlii-LKCA-1925-15,SRC030,Civil Procedure Code,statute,3,24;27,exact_title,candidate
commonlii-LKCA-1925-16,SRC030,Civil Procedure Code,statute,15,34;47;244;258;282;311;342;343;344,exact_title,candidate
commonlii-LKCA-1925-17,SRC071,Prescription Ordinance,statute,1,,exact_title,candidate
commonlii-LKCA-1925-18,SRC030,Civil Procedure Code,statute,1,40;375,exact_title,candidate
commonlii-LKCA-1925-35,SRC061,Municipal Councils Ordinance,statute,3,143;146;1415,exact_title,candidate
commonlii-LKCA-1925-44,SRC029,Evidence Ordinance,statute,3,4;146,exact_title,candidate
commonlii-LKCA-1925-44,SRC061,Municipal Councils Ordinance,statute,3,146,exact_title,candidate
commonlii-LKCA-1925-45,SRC029,Evidence Ordinance,statute,1,32,exact_title,candidate
commonlii-LKCA-1925-45,SRC071,Prescription Ordinance,statute,1,,exact_title,candidate
commonlii-LKCA-1925-46,SRC030,Civil Procedure Code,statute,1,237,exact_title,candidate
commonlii-LKCA-1925-47,SRC029,Evidence Ordinance,statute,3,21;91;92,exact_title,candidate
commonlii-LKCA-1925-9,SRC030,Civil Procedure Code,statute,8,3;40;41;91;344;650;658;659;660;661;778,exact_title,candidate
commonlii-LKCA-1926-1,SRC059,Trusts Ordinance,statute,1,,exact_title,candidate
commonlii-LKCA-1926-10,SRC071,Prescription Ordinance,statute,3,9,exact_title,candidate
commonlii-LKCA-1926-11,SRC049,Buddhist Temporalities Ordinance,statute,3,,exact_title,candidate
commonlii-LKCA-1926-13,SRC049,Buddhist Temporalities Ordinance,statute,2,27;42,exact_title,candidate
commonlii-LKCA-1926-19,SRC030,Civil Procedure Code,statute,15,224;225;226;237;238;239;337,exact_title,candidate
commonlii-LKCA-1926-2,SRC030,Civil Procedure Code,statute,7,17;402,exact_title,candidate
commonlii-LKCA-1926-25,SRC030,Civil Procedure Code,statute,2,207,exact_title,candidate
commonlii-LKCA-1926-25,SRC059,Trusts Ordinance,statute,2,1;4;80;96;111,exact_title,candidate
commonlii-LKCA-1926-25,SRC071,Prescription Ordinance,statute,4,1;4;9;12;14;17;22;826;1052,exact_title,candidate
commonlii-LKCA-1926-27,SRC071,Prescription Ordinance,statute,1,11,exact_title,candidate
commonlii-LKCA-1926-29,SRC030,Civil Procedure Code,statute,1,247,exact_title,candidate
commonlii-LKCA-1926-32,SRC029,Evidence Ordinance,statute,1,116,exact_title,candidate
commonlii-LKCA-1926-32,SRC061,Municipal Councils Ordinance,statute,1,146,exact_title,candidate
commonlii-LKCA-1926-33,SRC071,Prescription Ordinance,statute,1,14,exact_title,candidate
commonlii-LKCA-1926-37,SRC071,Prescription Ordinance,statute,4,9;14;15,exact_title,candidate
commonlii-LKCA-1926-38,SRC030,Civil Procedure Code,statute,2,462;500,exact_title,candidate
commonlii-LKCA-1926-38,SRC059,Trusts Ordinance,statute,4,88;111;118,exact_title,candidate
commonlii-LKCA-1926-38,SRC071,Prescription Ordinance,statute,11,3;8;10;11;14;111;373,exact_title,candidate
commonlii-LKCA-1926-5,SRC030,Civil Procedure Code,statute,1,247,exact_title,candidate
commonlii-LKCA-1926-53,SRC030,Civil Procedure Code,statute,6,247,exact_title,candidate
commonlii-LKCA-1926-53,SRC059,Trusts Ordinance,statute,1,98,exact_title,candidate
commonlii-LKCA-1926-55,SRC029,Evidence Ordinance,statute,1,,exact_title,candidate
commonlii-LKCA-1926-58,SRC071,Prescription Ordinance,statute,1,10,exact_title,candidate
commonlii-LKCA-1926-59,SRC071,Prescription Ordinance,statute,2,3,exact_title,candidate
commonlii-LKCA-1926-6,SRC030,Civil Procedure Code,statute,3,523;533,exact_title,candidate
commonlii-LKCA-1926-64,SRC059,Trusts Ordinance,statute,10,100;102,exact_title,candidate
commonlii-LKCA-1926-7,SRC030,Civil Procedure Code,statute,2,222;742,exact_title,candidate
commonlii-LKCA-1926-7,SRC059,Trusts Ordinance,statute,3,94;96,exact_title,candidate
commonlii-LKCA-1927-11,SRC049,Buddhist Temporalities Ordinance,statute,3,16;27;34,exact_title,candidate
commonlii-LKCA-1927-14,SRC030,Civil Procedure Code,statute,9,247;642,exact_title,candidate
commonlii-LKCA-1927-15,SRC030,Civil Procedure Code,statute,4,205;282;283;286;295,exact_title,candidate
commonlii-LKCA-1927-16,SRC030,Civil Procedure Code,statute,3,80;347,exact_title,candidate
commonlii-LKCA-1927-18,SRC030,Civil Procedure Code,statute,7,201;218,exact_title,candidate
commonlii-LKCA-1927-19,SRC030,Civil Procedure Code,statute,5,34;325;326;327;825;827,exact_title,candidate
commonlii-LKCA-1927-2,SRC030,Civil Procedure Code,statute,5,241;244;245;247,exact_title,candidate
commonlii-LKCA-1927-20,SRC059,Trusts Ordinance,statute,5,93;98,exact_title,candidate
commonlii-LKCA-1927-26,SRC029,Evidence Ordinance,statute,1,92,exact_title,candidate
commonlii-LKCA-1927-29,SRC030,Civil Procedure Code,statute,15,4;8;53;217;287;839,exact_title,candidate
commonlii-LKCA-1927-30,SRC030,Civil Procedure Code,statute,2,2;247,exact_title,candidate
commonlii-LKCA-1927-30,SRC059,Trusts Ordinance,statute,3,2;58;82,exact_title,candidate
commonlii-LKCA-1927-30,SRC071,Prescription Ordinance,statute,1,7;8;118,exact_title,candidate
commonlii-LKCA-1927-35,SRC030,Civil Procedure Code,statute,1,500,exact_title,candidate
commonlii-LKCA-1927-35,SRC059,Trusts Ordinance,statute,1,111,exact_title,candidate
commonlii-LKCA-1927-41,SRC071,Prescription Ordinance,statute,3,6,exact_title,candidate
commonlii-LKCA-1927-42,SRC061,Municipal Councils Ordinance,statute,5,30;33;230,exact_title,candidate
commonlii-LKCA-1927-46,SRC030,Civil Procedure Code,statute,1,247,exact_title,candidate
commonlii-LKCA-1927-47,SRC030,Civil Procedure Code,statute,1,79;461,exact_title,candidate
commonlii-LKCA-1927-48,SRC030,Civil Procedure Code,statute,1,10,exact_title,candidate
commonlii-LKCA-1927-50,SRC014,Notaries Ordinance,statute,3,15;17;18;23;24;29,exact_title,candidate
commonlii-LKCA-1927-8,SRC029,Evidence Ordinance,statute,1,24;114,exact_title,candidate
commonlii-LKCA-1928-15,SRC049,Buddhist Temporalities Ordinance,statute,1,20,exact_title,candidate
commonlii-LKCA-1928-19,SRC030,Civil Procedure Code,statute,4,408,exact_title,candidate
commonlii-LKCA-1928-21,SRC030,Civil Procedure Code,statute,4,13;18;32,exact_title,candidate
commonlii-LKCA-1928-23,SRC030,Civil Procedure Code,statute,3,582,exact_title,candidate
commonlii-LKCA-1928-24,SRC030,Civil Procedure Code,statute,3,325;377,exact_title,candidate
commonlii-LKCA-1928-29,SRC030,Civil Procedure Code,statute,1,217,exact_title,candidate
commonlii-LKCA-1928-34,SRC071,Prescription Ordinance,statute,1,14,exact_title,candidate
commonlii-LKCA-1928-39,SRC030,Civil Procedure Code,statute,1,644,exact_title,candidate
commonlii-LKCA-1928-40,SRC059,Trusts Ordinance,statute,1,2;17A;118,exact_title,candidate
commonlii-LKCA-1928-41,SRC029,Evidence Ordinance,statute,4,5;6;24;123,exact_title,candidate
commonlii-LKCA-1928-41,SRC030,Civil Procedure Code,statute,1,13,exact_title,candidate
commonlii-LKCA-1928-42,SRC029,Evidence Ordinance,statute,2,97,exact_title,candidate
commonlii-LKCA-1928-56,SRC030,Civil Procedure Code,statute,1,282,exact_title,candidate
commonlii-LKCA-1928-62,SRC030,Civil Procedure Code,statute,1,,exact_title,candidate
commonlii-LKCA-1928-63,SRC030,Civil Procedure Code,statute,2,247,exact_title,candidate
commonlii-LKCA-1928-65,SRC030,Civil Procedure Code,statute,2,572;575,exact_title,candidate
commonlii-LKCA-1928-71,SRC030,Civil Procedure Code,statute,5,84;247,exact_title,candidate
commonlii-LKCA-1928-71,SRC059,Trusts Ordinance,statute,2,84;247,exact_title,candidate
commonlii-LKCA-1928-74,SRC030,Civil Procedure Code,statute,3,502,exact_title,candidate
commonlii-LKCA-1928-79,SRC030,Civil Procedure Code,statute,1,247,exact_title,candidate
commonlii-LKCA-1928-82,SRC059,Trusts Ordinance,statute,1,84,exact_title,candidate
commonlii-LKCA-1928-9,SRC030,Civil Procedure Code,statute,1,325,exact_title,candidate
commonlii-LKCA-1928-93,SRC030,Civil Procedure Code,statute,2,11;36,exact_title,candidate
commonlii-LKCA-1929-10,SRC030,Civil Procedure Code,statute,8,199;232;233;352,exact_title,candidate
commonlii-LKCA-1929-103,SRC004,Matrimonial Rights and Inheritance Ordinance,statute,1,21,exact_title,candidate
commonlii-LKCA-1929-103,SRC030,Civil Procedure Code,statute,1,247,exact_title,candidate
commonlii-LKCA-1929-104,SRC059,Trusts Ordinance,statute,3,17;93,exact_title,candidate
commonlii-LKCA-1929-11,SRC059,Trusts Ordinance,statute,4,7;9;90,exact_title,candidate
commonlii-LKCA-1929-13,SRC030,Civil Procedure Code,statute,5,18;772,exact_title,candidate
commonlii-LKCA-1929-21,SRC071,Prescription Ordinance,statute,4,6;7,exact_title,candidate
commonlii-LKCA-1929-22,SRC030,Civil Procedure Code,statute,2,5;227;279,exact_title,candidate
commonlii-LKCA-1929-24,SRC030,Civil Procedure Code,statute,1,,exact_title,candidate
commonlii-LKCA-1929-25,SRC049,Buddhist Temporalities Ordinance,statute,3,12;20,exact_title,candidate
commonlii-LKCA-1929-25,SRC059,Trusts Ordinance,statute,1,10;20;111,exact_title,candidate
commonlii-LKCA-1929-25,SRC071,Prescription Ordinance,statute,1,10;30;111,exact_title,candidate
commonlii-LKCA-1929-32,SRC030,Civil Procedure Code,statute,3,408,exact_title,candidate
commonlii-LKCA-1929-34,SRC030,Civil Procedure Code,statute,3,262;295;306;308;352,exact_title,candidate
commonlii-LKCA-1929-35,SRC030,Civil Procedure Code,statute,11,156;256;282,exact_title,candidate
commonlii-LKCA-1929-39,SRC030,Civil Procedure Code,statute,4,227;234;254;339,exact_title,candidate
commonlii-LKCA-1929-47,SRC029,Evidence Ordinance,statute,3,116,exact_title,candidate
commonlii-LKCA-1929-48,SRC029,Evidence Ordinance,statute,5,2;92;573;574;577,exact_title,candidate
commonlii-LKCA-1929-48,SRC059,Trusts Ordinance,statute,6,5;82;92;94;96,exact_title,candidate
commonlii-LKCA-1929-50,SRC030,Civil Procedure Code,statute,5,125;199;238;352;724,exact_title,candidate
commonlii-LKCA-1929-55,SRC030,Civil Procedure Code,statute,3,25,exact_title,candidate
commonlii-LKCA-1929-55,SRC059,Trusts Ordinance,statute,3,49,exact_title,candidate
commonlii-LKCA-1929-56,SRC029,Evidence Ordinance,statute,1,18,exact_title,candidate
commonlii-LKCA-1929-56,SRC030,Civil Procedure Code,statute,3,,exact_title,candidate
commonlii-LKCA-1929-6,SRC030,Civil Procedure Code,statute,5,4;538,exact_title,candidate
commonlii-LKCA-1929-64,SRC071,Prescription Ordinance,statute,1,110,exact_title,candidate
commonlii-LKCA-1929-69,SRC030,Civil Procedure Code,statute,1,56;404,exact_title,candidate
commonlii-LKCA-1929-69,SRC059,Trusts Ordinance,statute,3,53;58,exact_title,candidate
commonlii-LKCA-1929-7,SRC030,Civil Procedure Code,statute,4,547;647,exact_title,candidate
commonlii-LKCA-1929-75,SRC014,Notaries Ordinance,statute,1,29,exact_title,candidate
commonlii-LKCA-1929-75,SRC024,Wills Ordinance,statute,2,1;2,exact_title,candidate
commonlii-LKCA-1929-78,SRC030,Civil Procedure Code,statute,1,350,exact_title,candidate
commonlii-LKCA-1929-84,SRC030,Civil Procedure Code,statute,2,289,exact_title,candidate
commonlii-LKCA-1929-87,SRC029,Evidence Ordinance,statute,1,18,exact_title,candidate
commonlii-LKCA-1929-9,SRC030,Civil Procedure Code,statute,1,720,exact_title,candidate
commonlii-LKCA-1929-91,SRC029,Evidence Ordinance,statute,3,84;92;111,exact_title,candidate
commonlii-LKCA-1929-91,SRC059,Trusts Ordinance,statute,4,2;5;84;90;94,exact_title,candidate
commonlii-LKCA-1930-13,SRC030,Civil Procedure Code,statute,1,36;37;50,exact_title,candidate
commonlii-LKCA-1930-13,SRC031,Companies Act,statute,1,25;77;97,exact_title,candidate
commonlii-LKCA-1930-14,SRC071,Prescription Ordinance,statute,2,8;9;11,exact_title,candidate
commonlii-LKCA-1930-16,SRC049,Buddhist Temporalities Ordinance,statute,5,20,exact_title,candidate
commonlii-LKCA-1930-19,SRC030,Civil Procedure Code,statute,8,201;225;287,exact_title,candidate
commonlii-LKCA-1930-20,SRC030,Civil Procedure Code,statute,6,77;287;325;327;328,exact_title,candidate
commonlii-LKCA-1930-25,SRC030,Civil Procedure Code,statute,4,282;284;311,exact_title,candidate
commonlii-LKCA-1930-34,SRC029,Evidence Ordinance,statute,2,92,exact_title,candidate
commonlii-LKCA-1930-40,SRC029,Evidence Ordinance,statute,1,111,exact_title,candidate
commonlii-LKCA-1930-43,SRC029,Evidence Ordinance,statute,2,2;5;83;92,exact_title,candidate
commonlii-LKCA-1930-43,SRC059,Trusts Ordinance,statute,1,2;5;83;92,exact_title,candidate
commonlii-LKCA-1930-5,SRC030,Civil Procedure Code,statute,4,538,exact_title,candidate
commonlii-LKCA-1930-55,SRC030,Civil Procedure Code,statute,1,642,exact_title,candidate
commonlii-LKCA-1930-55,SRC071,Prescription Ordinance,statute,2,6,exact_title,candidate
commonlii-LKCA-1930-60,SRC061,Municipal Councils Ordinance,statute,4,10;31,exact_title,candidate
commonlii-LKCA-1930-61,SRC014,Notaries Ordinance,statute,3,29,exact_title,candidate
commonlii-LKCA-1930-63,SRC029,Evidence Ordinance,statute,1,106,exact_title,candidate
commonlii-LKCA-1930-65,SRC071,Prescription Ordinance,statute,1,,exact_title,candidate
commonlii-LKCA-1930-7,SRC030,Civil Procedure Code,statute,1,547,exact_title,candidate
commonlii-LKCA-1930-71,SRC005,Registration of Documents Ordinance,statute,1,9;237,exact_title,candidate
commonlii-LKCA-1930-71,SRC030,Civil Procedure Code,statute,4,7;9;16;237;238;247,exact_title,candidate
commonlii-LKCA-1930-75,SRC030,Civil Procedure Code,statute,1,18,exact_title,candidate
commonlii-LKCA-1932-1,SRC071,Prescription Ordinance,statute,3,8,exact_title,candidate
commonlii-LKCA-1932-11,SRC071,Prescription Ordinance,statute,3,8;9,exact_title,candidate
commonlii-LKCA-1932-12,SRC049,Buddhist Temporalities Ordinance,statute,2,20;27,exact_title,candidate
commonlii-LKCA-1932-13,SRC030,Civil Procedure Code,statute,1,11,exact_title,candidate
commonlii-LKCA-1932-14,SRC030,Civil Procedure Code,statute,4,194;201;343;344,exact_title,candidate
commonlii-LKCA-1932-15,SRC030,Civil Procedure Code,statute,16,3;5;9;14;18;31;46;65;77,exact_title,candidate
commonlii-LKCA-1932-3,SRC030,Civil Procedure Code,statute,5,11;16;241;246;247,exact_title,candidate
commonlii-LKCA-1932-32,SRC030,Civil Procedure Code,statute,3,740;744,exact_title,candidate
commonlii-LKCA-1932-37,SRC059,Trusts Ordinance,statute,2,3;93;1020,exact_title,candidate
commonlii-LKCA-1932-4,SRC030,Civil Procedure Code,statute,9,7;10;720;721,exact_title,candidate
commonlii-LKCA-1932-4,SRC071,Prescription Ordinance,statute,2,7;10;720;721,exact_title,candidate
commonlii-LKCA-1932-48,SRC029,Evidence Ordinance,statute,1,92,exact_title,candidate
commonlii-LKCA-1932-50,SRC030,Civil Procedure Code,statute,5,472;500;540,exact_title,candidate
commonlii-LKCA-1932-53,SRC030,Civil Procedure Code,statute,2,282,exact_title,candidate
commonlii-LKCA-1932-54,SRC030,Civil Procedure Code,statute,1,33;839,exact_title,candidate
commonlii-LKCA-1932-55,SRC030,Civil Procedure Code,statute,2,85;207,exact_title,candidate
commonlii-LKCA-1932-55,SRC061,Municipal Councils Ordinance,statute,9,3;9;48;83;85;143;146,exact_title,candidate
commonlii-LKCA-1932-6,SRC030,Civil Procedure Code,statute,4,147;190;835,exact_title,candidate
commonlii-LKCA-1932-60,SRC071,Prescription Ordinance,statute,1,7;8,exact_title,candidate
commonlii-LKCA-1932-66,SRC030,Civil Procedure Code,statute,1,34;207;406,exact_title,candidate
commonlii-LKCA-1932-67,SRC030,Civil Procedure Code,statute,9,5;14;18;33,exact_title,candidate
commonlii-LKCA-1932-71,SRC030,Civil Procedure Code,statute,1,247,exact_title,candidate
commonlii-LKCA-1932-71,SRC059,Trusts Ordinance,statute,1,83,exact_title,candidate
commonlii-LKCA-1932-8,SRC030,Civil Procedure Code,statute,2,44,exact_title,candidate
commonlii-LKCA-1932-9,SRC030,Civil Procedure Code,statute,2,12;189;201,exact_title,candidate
commonlii-LKCA-1933-10,SRC029,Evidence Ordinance,statute,1,114,exact_title,candidate
commonlii-LKCA-1933-10,SRC049,Buddhist Temporalities Ordinance,statute,6,17;20;30;164,exact_title,candidate
commonlii-LKCA-1933-12,SRC030,Civil Procedure Code,statute,7,22;24;25,exact_title,candidate
commonlii-LKCA-1933-12,SRC031,Companies Act,statute,1,5;111,exact_title,candidate
commonlii-LKCA-1933-12,SRC071,Prescription Ordinance,statute,1,14;25;111;128,exact_title,candidate
commonlii-LKCA-1933-13,SRC005,Registration of Documents Ordinance,statute,5,30;32;33,exact_title,candidate
commonlii-LKCA-1933-13,SRC030,Civil Procedure Code,statute,3,25;31;32;57;653,exact_title,candidate
commonlii-LKCA-1933-14,SRC030,Civil Procedure Code,statute,4,272;282,exact_title,candidate
commonlii-LKCA-1933-15,SRC030,Civil Procedure Code,statute,2,282;342,exact_title,candidate
commonlii-LKCA-1933-17,SRC030,Civil Procedure Code,statute,5,260;261;262;272;297,exact_title,candidate
commonlii-LKCA-1933-20,SRC030,Civil Procedure Code,statute,1,272,exact_title,candidate
commonlii-LKCA-1933-20,SRC059,Trusts Ordinance,statute,2,83,exact_title,candidate
commonlii-LKCA-1933-24,SRC030,Civil Procedure Code,statute,2,40;753,exact_title,candidate
commonlii-LKCA-1933-25,SRC030,Civil Procedure Code,statute,1,441,exact_title,candidate
commonlii-LKCA-1933-29,SRC024,Wills Ordinance,statute,3,7;8;18;24;77;79,exact_title,candidate
commonlii-LKCA-1933-3,SRC029,Evidence Ordinance,statute,1,41,exact_title,candidate
commonlii-LKCA-1933-3,SRC030,Civil Procedure Code,statute,5,218;472,exact_title,candidate
commonlii-LKCA-1933-33,SRC030,Civil Procedure Code,statute,5,12;255;282;286;288,exact_title,candidate
commonlii-LKCA-1933-4,SRC029,Evidence Ordinance,statute,5,91;111;114;118;405;409;410,exact_title,candidate
commonlii-LKCA-1933-4,SRC030,Civil Procedure Code,statute,6,495;739;740,exact_title,candidate
commonlii-LKCA-1933-4,SRC059,Trusts Ordinance,statute,5,5;90;91;111;118;406;470;471;476,exact_title,candidate
commonlii-LKCA-1933-41,SRC005,Registration of Documents Ordinance,statute,1,7,exact_title,candidate
commonlii-LKCA-1933-41,SRC029,Evidence Ordinance,statute,1,92,exact_title,candidate
commonlii-LKCA-1933-47,SRC005,Registration of Documents Ordinance,statute,3,7;26,exact_title,candidate
commonlii-LKCA-1933-47,SRC030,Civil Procedure Code,statute,1,247,exact_title,candidate
commonlii-LKCA-1933-47,SRC054,Land Settlement Ordinance,statute,1,,exact_title,candidate
commonlii-LKCA-1933-47,SRC059,Trusts Ordinance,statute,4,90;118,exact_title,candidate
commonlii-LKCA-1933-47,SRC071,Prescription Ordinance,statute,1,,exact_title,candidate
commonlii-LKCA-1933-5,SRC030,Civil Procedure Code,statute,3,199;352,exact_title,candidate
commonlii-LKCA-1933-51,SRC030,Civil Procedure Code,statute,1,502,exact_title,candidate
commonlii-LKCA-1933-54,SRC030,Civil Procedure Code,statute,1,3;4;5,exact_title,candidate
commonlii-LKCA-1933-57,SRC030,Civil Procedure Code,statute,3,9;312,exact_title,candidate
commonlii-LKCA-1933-58,SRC059,Trusts Ordinance,statute,4,93;116,exact_title,candidate
commonlii-LKCA-1933-58,SRC071,Prescription Ordinance,statute,1,,exact_title,candidate
commonlii-LKCA-1933-63,SRC005,Registration of Documents Ordinance,statute,2,7;237;247,exact_title,candidate
commonlii-LKCA-1933-63,SRC030,Civil Procedure Code,statute,4,7;241;242;243;244;247,exact_title,candidate
commonlii-LKCA-1933-66,SRC004,Matrimonial Rights and Inheritance Ordinance,statute,3,21;247,exact_title,candidate
commonlii-LKCA-1933-66,SRC030,Civil Procedure Code,statute,1,21;247,exact_title,candidate
commonlii-LKCA-1933-8,SRC005,Registration of Documents Ordinance,statute,2,17;18,exact_title,candidate
commonlii-LKCA-1933-9,SRC071,Prescription Ordinance,statute,1,8;9,exact_title,candidate
commonlii-LKCA-1934-10,SRC061,Municipal Councils Ordinance,statute,3,117;124,exact_title,candidate
commonlii-LKCA-1934-11,SRC049,Buddhist Temporalities Ordinance,statute,2,,exact_title,candidate
commonlii-LKCA-1934-11,SRC071,Prescription Ordinance,statute,1,3,exact_title,candidate
commonlii-LKCA-1934-14,SRC030,Civil Procedure Code,statute,13,234;254;339,exact_title,candidate
commonlii-LKCA-1934-2,SRC071,Prescription Ordinance,statute,5,6;7;10;13;14,exact_title,candidate
commonlii-LKCA-1934-22,SRC030,Civil Procedure Code,statute,5,2;33;217;516;519;524;530,exact_title,candidate
commonlii-LKCA-1934-26,SRC030,Civil Procedure Code,statute,14,13;349;604;605;606;617;691,exact_title,candidate
commonlii-LKCA-1934-27,SRC004,Matrimonial Rights and Inheritance Ordinance,statute,2,9,exact_title,candidate
commonlii-LKCA-1934-29,SRC030,Civil Procedure Code,statute,1,247,exact_title,candidate
commonlii-LKCA-1934-37,SRC030,Civil Procedure Code,statute,1,18,exact_title,candidate
commonlii-LKCA-1934-4,SRC030,Civil Procedure Code,statute,13,27;69;523,exact_title,candidate
commonlii-LKCA-1934-40,SRC030,Civil Procedure Code,statute,3,226;341;642,exact_title,candidate
commonlii-LKCA-1934-41,SRC030,Civil Procedure Code,statute,1,6;643,exact_title,candidate
commonlii-LKCA-1934-43,SRC030,Civil Procedure Code,statute,1,344,exact_title,candidate
commonlii-LKCA-1934-49,SRC030,Civil Procedure Code,statute,1,18,exact_title,candidate
commonlii-LKCA-1934-49,SRC061,Municipal Councils Ordinance,statute,3,9;146,exact_title,candidate
commonlii-LKCA-1934-49,SRC071,Prescription Ordinance,statute,1,3;9,exact_title,candidate
commonlii-LKCA-1934-5,SRC030,Civil Procedure Code,statute,6,356;756,exact_title,candidate
commonlii-LKCA-1934-50,SRC030,Civil Procedure Code,statute,1,219,exact_title,candidate
commonlii-LKCA-1934-51,SRC030,Civil Procedure Code,statute,2,6;7;8;24;25;26,exact_title,candidate
commonlii-LKCA-1934-52,SRC030,Civil Procedure Code,statute,1,8;9,exact_title,candidate
commonlii-LKCA-1934-52,SRC071,Prescription Ordinance,statute,6,7;8;9,exact_title,candidate
commonlii-LKCA-1934-58,SRC005,Registration of Documents Ordinance,statute,3,6,exact_title,candidate
commonlii-LKCA-1934-58,SRC030,Civil Procedure Code,statute,3,6;7;8;237;657,exact_title,candidate
commonlii-LKCA-1934-66,SRC059,Trusts Ordinance,statute,1,50,exact_title,candidate
commonlii-LKCA-1934-68,SRC030,Civil Procedure Code,statute,1,,exact_title,candidate
commonlii-LKCA-1934-68,SRC071,Prescription Ordinance,statute,5,3,exact_title,candidate
commonlii-LKCA-1935-1,SRC030,Civil Procedure Code,statute,3,403;547,exact_title,candidate
commonlii-LKCA-1935-12,SRC030,Civil Procedure Code,statute,1,13,exact_title,candidate
commonlii-LKCA-1935-12,SRC071,Prescription Ordinance,statute,1,9,exact_title,candidate
commonlii-LKCA-1935-13,SRC030,Civil Procedure Code,statute,1,72,exact_title,candidate
commonlii-LKCA-1935-16,SRC030,Civil Procedure Code,statute,9,226;272;282;344;347,exact_title,candidate
commonlii-LKCA-1935-18,SRC030,Civil Procedure Code,statute,3,34,exact_title,candidate
commonlii-LKCA-1935-19,SRC030,Civil Procedure Code,statute,6,257;257A;258;349,exact_title,candidate
commonlii-LKCA-1935-2,SRC030,Civil Procedure Code,statute,5,8;192,exact_title,candidate
commonlii-LKCA-1935-2,SRC071,Prescription Ordinance,statute,4,8;192,exact_title,candidate
commonlii-LKCA-1935-20,SRC030,Civil Procedure Code,statute,4,325,exact_title,candidate
commonlii-LKCA-1935-23,SRC030,Civil Procedure Code,statute,2,34;207,exact_title,candidate
commonlii-LKCA-1935-28,SRC004,Matrimonial Rights and Inheritance Ordinance,statute,2,,exact_title,candidate
commonlii-LKCA-1935-3,SRC030,Civil Procedure Code,statute,2,7;543;642,exact_title,candidate
commonlii-LKCA-1935-30,SRC029,Evidence Ordinance,statute,1,115,exact_title,candidate
commonlii-LKCA-1935-34,SRC071,Prescription Ordinance,statute,6,1;2;7;13;14;58;97,exact_title,candidate
commonlii-LKCA-1935-38,SRC030,Civil Procedure Code,statute,1,12;201,exact_title,candidate
commonlii-LKCA-1935-39,SRC030,Civil Procedure Code,statute,8,2;16;34;640;649,exact_title,candidate
commonlii-LKCA-1935-39,SRC059,Trusts Ordinance,statute,1,,exact_title,candidate
commonlii-LKCA-1935-40,SRC030,Civil Procedure Code,statute,1,772,exact_title,candidate
commonlii-LKCA-1935-5,SRC071,Prescription Ordinance,statute,6,12,exact_title,candidate
commonlii-LKCA-1935-51,SRC030,Civil Procedure Code,statute,4,24;27,exact_title,candidate
commonlii-LKCA-1935-58,SRC059,Trusts Ordinance,statute,2,82;83,exact_title,candidate
commonlii-LKCA-1935-61,SRC030,Civil Procedure Code,statute,2,244;247,exact_title,candidate
commonlii-LKCA-1935-61,SRC071,Prescription Ordinance,statute,3,9;10;13;14,exact_title,candidate
commonlii-LKCA-1935-9,SRC049,Buddhist Temporalities Ordinance,statute,2,26;27,exact_title,candidate
commonlii-LKCA-1936-11,SRC030,Civil Procedure Code,statute,1,2;756,exact_title,candidate
commonlii-LKCA-1936-14,SRC030,Civil Procedure Code,statute,3,25,exact_title,candidate
commonlii-LKCA-1936-16,SRC030,Civil Procedure Code,statute,2,34;207,exact_title,candidate
commonlii-LKCA-1936-19,SRC030,Civil Procedure Code,statute,3,18,exact_title,candidate
commonlii-LKCA-1936-22,SRC030,Civil Procedure Code,statute,2,31,exact_title,candidate
commonlii-LKCA-1936-28,SRC030,Civil Procedure Code,statute,6,,exact_title,candidate
commonlii-LKCA-1936-32,SRC029,Evidence Ordinance,statute,6,13;32;38;45;115,exact_title,candidate
commonlii-LKCA-1936-33,SRC029,Evidence Ordinance,statute,3,32,exact_title,candidate
commonlii-LKCA-1936-34,SRC029,Evidence Ordinance,statute,4,74,exact_title,candidate
commonlii-LKCA-1936-45,SRC030,Civil Procedure Code,statute,4,5;207;217;349,exact_title,candidate
commonlii-LKCA-1936-47,SRC059,Trusts Ordinance,statute,1,84;94,exact_title,candidate
commonlii-LKCA-1936-48,SRC024,Wills Ordinance,statute,4,1;2,exact_title,candidate
commonlii-LKCA-1936-48,SRC030,Civil Procedure Code,statute,5,524,exact_title,candidate
commonlii-LKCA-1936-5,SRC001,Prevention of Frauds Ordinance,statute,6,2;17;375;408,exact_title,candidate
commonlii-LKCA-1936-5,SRC030,Civil Procedure Code,statute,10,1;2;334;344;375;408;741,exact_title,candidate
commonlii-LKCA-1936-51,SRC030,Civil Procedure Code,statute,2,90;111;547;554;720,exact_title,candidate
commonlii-LKCA-1936-51,SRC059,Trusts Ordinance,statute,2,5;90;111;547;554,exact_title,candidate
commonlii-LKCA-1936-51,SRC071,Prescription Ordinance,statute,5,5;9;10;90;111,exact_title,candidate
commonlii-LKCA-1936-52,SRC005,Registration of Documents Ordinance,statute,1,,exact_title,candidate
commonlii-LKCA-1936-55,SRC004,Matrimonial Rights and Inheritance Ordinance,statute,2,6;21,exact_title,candidate
commonlii-LKCA-1936-56,SRC030,Civil Procedure Code,statute,7,6;10;16;34;640;643;644,exact_title,candidate
commonlii-LKCA-1936-57,SRC030,Civil Procedure Code,statute,5,201;344;643;644,exact_title,candidate
commonlii-LKCA-1936-58,SRC030,Civil Procedure Code,statute,3,201;343,exact_title,candidate
commonlii-LKCA-1936-60,SRC030,Civil Procedure Code,statute,1,247,exact_title,candidate
commonlii-LKCA-1936-74,SRC059,Trusts Ordinance,statute,6,93,exact_title,candidate
commonlii-LKCA-1936-8,SRC029,Evidence Ordinance,statute,3,61;62;63;539,exact_title,candidate
commonlii-LKCA-1936-8,SRC030,Civil Procedure Code,statute,3,63;539,exact_title,candidate
commonlii-LKCA-1937-1,SRC059,Trusts Ordinance,statute,4,8;11;111,exact_title,candidate
commonlii-LKCA-1937-1,SRC071,Prescription Ordinance,statute,3,8;11;111,exact_title,candidate
commonlii-LKCA-1937-11,SRC071,Prescription Ordinance,statute,5,6;7;17,exact_title,candidate
commonlii-LKCA-1937-14,SRC071,Prescription Ordinance,statute,1,,exact_title,candidate
commonlii-LKCA-1937-15,SRC049,Buddhist Temporalities Ordinance,statute,1,3,exact_title,candidate
commonlii-LKCA-1937-17,SRC049,Buddhist Temporalities Ordinance,statute,1,,exact_title,candidate
commonlii-LKCA-1937-17,SRC059,Trusts Ordinance,statute,2,111,exact_title,candidate
commonlii-LKCA-1937-2,SRC030,Civil Procedure Code,statute,5,243;247,exact_title,candidate
commonlii-LKCA-1937-20,SRC030,Civil Procedure Code,statute,7,218;284,exact_title,candidate
commonlii-LKCA-1937-21,SRC030,Civil Procedure Code,statute,3,274;275;281;341,exact_title,candidate
commonlii-LKCA-1937-22,SRC030,Civil Procedure Code,statute,1,14;36,exact_title,candidate
commonlii-LKCA-1937-23,SRC030,Civil Procedure Code,statute,2,247,exact_title,candidate
commonlii-LKCA-1937-27,SRC030,Civil Procedure Code,statute,2,6;18,exact_title,candidate
commonlii-LKCA-1937-28,SRC030,Civil Procedure Code,statute,5,34;207,exact_title,candidate
commonlii-LKCA-1937-3,SRC030,Civil Procedure Code,statute,1,547,exact_title,candidate
commonlii-LKCA-1937-33,SRC030,Civil Procedure Code,statute,2,34;207,exact_title,candidate
commonlii-LKCA-1937-34,SRC030,Civil Procedure Code,statute,7,232;289,exact_title,candidate
commonlii-LKCA-1937-4,SRC030,Civil Procedure Code,statute,3,770,exact_title,candidate
commonlii-LKCA-1937-42,SRC004,Matrimonial Rights and Inheritance Ordinance,statute,3,6;10;11;19;614,exact_title,candidate
commonlii-LKCA-1937-42,SRC030,Civil Procedure Code,statute,6,19;614;615;617,exact_title,candidate
commonlii-LKCA-1937-43,SRC030,Civil Procedure Code,statute,1,247,exact_title,candidate
commonlii-LKCA-1937-47,SRC030,Civil Procedure Code,statute,1,,exact_title,candidate
commonlii-LKCA-1937-50,SRC030,Civil Procedure Code,statute,1,84;85,exact_title,candidate
commonlii-LKCA-1937-53,SRC029,Evidence Ordinance,statute,2,33;41;51;62;126,exact_title,candidate
commonlii-LKCA-1937-53,SRC030,Civil Procedure Code,statute,1,41;51;58;62;126,exact_title,candidate
commonlii-LKCA-1937-53,SRC071,Prescription Ordinance,statute,6,2;10;51;58;62,exact_title,candidate
commonlii-LKCA-1937-55,SRC030,Civil Procedure Code,statute,1,1;207,exact_title,candidate
commonlii-LKCA-1937-6,SRC030,Civil Procedure Code,statute,4,760;772,exact_title,candidate
commonlii-LKCA-1937-61,SRC005,Registration of Documents Ordinance,statute,4,12;15,exact_title,candidate
commonlii-LKCA-1937-66,SRC071,Prescription Ordinance,statute,2,6;15,exact_title,candidate
commonlii-LKCA-1937-68,SRC030,Civil Procedure Code,statute,5,6;12;67;217;255;287;289;290;297;325;326,exact_title,candidate
commonlii-LKCA-1937-73,SRC030,Civil Procedure Code,statute,1,674,exact_title,candidate
commonlii-LKCA-1937-75,SRC071,Prescription Ordinance,statute,2,4,exact_title,candidate
commonlii-LKCA-1937-76,SRC030,Civil Procedure Code,statute,1,6;16;34,exact_title,candidate
commonlii-LKCA-1937-76,SRC071,Prescription Ordinance,statute,4,6;16,exact_title,candidate
commonlii-LKCA-1937-77,SRC005,Registration of Documents Ordinance,statute,1,2;8,exact_title,candidate
commonlii-LKCA-1937-77,SRC071,Prescription Ordinance,statute,1,2;8,exact_title,candidate
commonlii-LKCA-1937-8,SRC030,Civil Procedure Code,statute,6,36;756,exact_title,candidate
commonlii-LKCA-1937-82,SRC005,Registration of Documents Ordinance,statute,6,7;15;151,exact_title,candidate
commonlii-LKCA-1937-84,SRC029,Evidence Ordinance,statute,1,83;92,exact_title,candidate
commonlii-LKCA-1937-84,SRC059,Trusts Ordinance,statute,2,83;92,exact_title,candidate
commonlii-LKCA-1937-88,SRC004,Matrimonial Rights and Inheritance Ordinance,statute,1,,exact_title,candidate
commonlii-LKCA-1937-88,SRC030,Civil Procedure Code,statute,3,11;35,exact_title,candidate
commonlii-LKCA-1937-9,SRC030,Civil Procedure Code,statute,4,770,exact_title,candidate
commonlii-LKCA-1937-92,SRC029,Evidence Ordinance,statute,3,14;32,exact_title,candidate
commonlii-LKCA-1938-10,SRC030,Civil Procedure Code,statute,3,33;34;756,exact_title,candidate
commonlii-LKCA-1938-16,SRC030,Civil Procedure Code,statute,5,5;188;189;770,exact_title,candidate
commonlii-LKCA-1938-19,SRC030,Civil Procedure Code,statute,6,417;418;441;447,exact_title,candidate
commonlii-LKCA-1938-2,SRC071,Prescription Ordinance,statute,2,13;21,exact_title,candidate
commonlii-LKCA-1938-20,SRC059,Trusts Ordinance,statute,1,111,exact_title,candidate
commonlii-LKCA-1938-20,SRC071,Prescription Ordinance,statute,3,111,exact_title,candidate
commonlii-LKCA-1938-21,SRC049,Buddhist Temporalities Ordinance,statute,1,,exact_title,candidate
commonlii-LKCA-1938-25,SRC030,Civil Procedure Code,statute,5,40;226;344,exact_title,candidate
commonlii-LKCA-1938-26,SRC030,Civil Procedure Code,statute,5,219;241;247;424,exact_title,candidate
commonlii-LKCA-1938-30,SRC030,Civil Procedure Code,statute,3,839,exact_title,candidate
commonlii-LKCA-1938-36,SRC030,Civil Procedure Code,statute,1,,exact_title,candidate
commonlii-LKCA-1938-37,SRC059,Trusts Ordinance,statute,2,3,exact_title,candidate
commonlii-LKCA-1938-37,SRC071,Prescription Ordinance,statute,4,3;6;7;11,exact_title,candidate
commonlii-LKCA-1938-39,SRC029,Evidence Ordinance,statute,6,8;22;32;109,exact_title,candidate
commonlii-LKCA-1938-39,SRC065,Partnership Ordinance,statute,1,27,exact_title,candidate
commonlii-LKCA-1938-41,SRC029,Evidence Ordinance,statute,11,63;65;66,exact_title,candidate
commonlii-LKCA-1938-41,SRC030,Civil Procedure Code,statute,8,13;63;207;547;760,exact_title,candidate
commonlii-LKCA-1938-48,SRC030,Civil Procedure Code,statute,3,554;720;721,exact_title,candidate
commonlii-LKCA-1938-5,SRC030,Civil Procedure Code,statute,1,,exact_title,candidate
commonlii-LKCA-1938-52,SRC061,Municipal Councils Ordinance,statute,4,9;149;153,exact_title,candidate
commonlii-LKCA-1938-53,SRC030,Civil Procedure Code,statute,6,276;282;344,exact_title,candidate
commonlii-LKCA-1938-56,SRC030,Civil Procedure Code,statute,1,538,exact_title,candidate
commonlii-LKCA-1938-58,SRC071,Prescription Ordinance,statute,3,5;6;7;8;9;10;11,exact_title,candidate
commonlii-LKCA-1938-59,SRC059,Trusts Ordinance,statute,2,5;96;111,exact_title,candidate
commonlii-LKCA-1938-60,SRC071,Prescription Ordinance,statute,1,11,exact_title,candidate
commonlii-LKCA-1938-64,SRC030,Civil Procedure Code,statute,4,2;24;25;26;445;776,exact_title,candidate
commonlii-LKCA-1938-72,SRC001,Prevention of Frauds Ordinance,statute,1,2,exact_title,candidate
commonlii-LKCA-1938-72,SRC059,Trusts Ordinance,statute,5,106;107;112;113,exact_title,candidate
commonlii-LKCA-1938-72,SRC071,Prescription Ordinance,statute,1,106;107;112;113,exact_title,candidate
commonlii-LKCA-1939-12,SRC030,Civil Procedure Code,statute,17,2;5;8;12;14;48;85;86;217;218;255;288;290;297;337;343;344;347,exact_title,candidate
commonlii-LKCA-1939-21,SRC030,Civil Procedure Code,statute,3,19;36;753,exact_title,candidate
commonlii-LKCA-1939-23,SRC030,Civil Procedure Code,statute,6,31;32,exact_title,candidate
commonlii-LKCA-1939-26,SRC030,Civil Procedure Code,statute,6,503;671,exact_title,candidate
commonlii-LKCA-1939-29,SRC030,Civil Procedure Code,statute,3,31,exact_title,candidate
commonlii-LKCA-1939-30,SRC030,Civil Procedure Code,statute,14,218;223;226;256;289;344;347,exact_title,candidate
commonlii-LKCA-1939-36,SRC030,Civil Procedure Code,statute,2,207;402;403,exact_title,candidate
commonlii-LKCA-1939-38,SRC059,Trusts Ordinance,statute,1,110,exact_title,candidate
commonlii-LKCA-1939-39,SRC001,Prevention of Frauds Ordinance,statute,1,,exact_title,candidate
commonlii-LKCA-1939-41,SRC029,Evidence Ordinance,statute,5,74;78;83;159,exact_title,candidate
commonlii-LKCA-1939-42,SRC004,Matrimonial Rights and Inheritance Ordinance,statute,1,19;92,exact_title,candidate
commonlii-LKCA-1939-42,SRC029,Evidence Ordinance,statute,3,19;92,exact_title,candidate
commonlii-LKCA-1939-57,SRC029,Evidence Ordinance,statute,3,8;12;34;115,exact_title,candidate
commonlii-LKCA-1939-57,SRC030,Civil Procedure Code,statute,2,12;34;115,exact_title,candidate
commonlii-LKCA-1939-61,SRC030,Civil Procedure Code,statute,12,2;4;52;753;757;760;779;783;789,exact_title,candidate
commonlii-LKCA-1939-71,SRC059,Trusts Ordinance,statute,2,96,exact_title,candidate
commonlii-LKCA-1939-9,SRC049,Buddhist Temporalities Ordinance,statute,4,23,exact_title,candidate
commonlii-LKCA-1940-12,SRC030,Civil Procedure Code,statute,23,5;6;12;35;201;223;224;226;255;288;290;297;336;337;347;349;354,exact_title,candidate
commonlii-LKCA-1940-15,SRC030,Civil Procedure Code,statute,3,615,exact_title,candidate
commonlii-LKCA-1940-16,SRC030,Civil Procedure Code,statute,1,192,exact_title,candidate
commonlii-LKCA-1940-39,SRC071,Prescription Ordinance,statute,1,,exact_title,candidate
commonlii-LKCA-1940-41,SRC059,Trusts Ordinance,statute,4,75,exact_title,candidate
commonlii-LKCA-1940-5,SRC054,Land Settlement Ordinance,statute,3,3;5;6;18;20;21;24;32,exact_title,candidate
commonlii-LKCA-1940-6,SRC017,Powers of Attorney Ordinance,statute,2,1;2;4;8;82;85,exact_title,candidate
commonlii-LKCA-1940-6,SRC029,Evidence Ordinance,statute,12,1;2;3;4;70;74;78;82;85;1591;1592;1593;1600,exact_title,candidate
commonlii-LKCA-1940-6,SRC030,Civil Procedure Code,statute,4,2;4;154;200;339;404,exact_title,candidate
commonlii-LKCA-1940-8,SRC030,Civil Procedure Code,statute,6,84;85;87;753,exact_title,candidate
commonlii-LKCA-1941-11,SRC049,Buddhist Temporalities Ordinance,statute,2,99;109;111,exact_title,candidate
commonlii-LKCA-1941-11,SRC059,Trusts Ordinance,statute,10,99;109;111,exact_title,candidate
commonlii-LKCA-1941-11,SRC071,Prescription Ordinance,statute,4,3;99;111,exact_title,candidate
commonlii-LKCA-1941-14,SRC030,Civil Procedure Code,statute,3,3;4;51;62;839,exact_title,candidate
commonlii-LKCA-1941-15,SRC030,Civil Procedure Code,statute,4,238,exact_title,candidate
commonlii-LKCA-1941-19,SRC029,Evidence Ordinance,statute,1,68,exact_title,candidate
commonlii-LKCA-1941-19,SRC030,Civil Procedure Code,statute,3,154,exact_title,candidate
commonlii-LKCA-1941-2,SRC030,Civil Procedure Code,statute,7,17;92;247;839,exact_title,candidate
commonlii-LKCA-1941-21,SRC029,Evidence Ordinance,statute,1,6;64;83,exact_title,candidate
commonlii-LKCA-1941-21,SRC055,Land Surveys Ordinance,statute,1,6;64;83,exact_title,candidate
commonlii-LKCA-1941-22,SRC004,Matrimonial Rights and Inheritance Ordinance,statute,2,33;35,exact_title,candidate
commonlii-LKCA-1941-22,SRC030,Civil Procedure Code,statute,3,725;753,exact_title,candidate
commonlii-LKCA-1941-23,SRC004,Matrimonial Rights and Inheritance Ordinance,statute,5,35,exact_title,candidate
commonlii-LKCA-1941-28,SRC030,Civil Procedure Code,statute,1,91;408,exact_title,candidate
commonlii-LKCA-1941-3,SRC029,Evidence Ordinance,statute,3,41;42;44;472,exact_title,candidate
commonlii-LKCA-1941-3,SRC030,Civil Procedure Code,statute,4,42;44;472;532;534;547;549;671,exact_title,candidate
commonlii-LKCA-1941-33,SRC004,Matrimonial Rights and Inheritance Ordinance,statute,3,37;40,exact_title,candidate
commonlii-LKCA-1941-33,SRC030,Civil Procedure Code,statute,7,2;5;10;62;273;449;581;582;583,exact_title,candidate
commonlii-LKCA-1941-33,SRC059,Trusts Ordinance,statute,2,62;273;449;581;583,exact_title,candidate
commonlii-LKCA-1941-34,SRC059,Trusts Ordinance,statute,10,102;111;112,exact_title,candidate
commonlii-LKCA-1941-34,SRC071,Prescription Ordinance,statute,2,102;111;112,exact_title,candidate
commonlii-LKCA-1941-39,SRC053,Definition of Boundaries Ordinance,statute,2,9,exact_title,candidate
commonlii-LKCA-1941-39,SRC054,Land Settlement Ordinance,statute,9,2;3;5;8;24;26;32,exact_title,candidate
commonlii-LKCA-1941-4,SRC030,Civil Procedure Code,statute,1,219,exact_title,candidate
commonlii-LKCA-1941-45,SRC030,Civil Procedure Code,statute,2,17;247;402,exact_title,candidate
commonlii-LKCA-1941-47,SRC005,Registration of Documents Ordinance,statute,3,6;8,exact_title,candidate
commonlii-LKCA-1941-48,SRC005,Registration of Documents Ordinance,statute,4,14;15,exact_title,candidate
commonlii-LKCA-1941-49,SRC030,Civil Procedure Code,statute,1,,exact_title,candidate
commonlii-LKCA-1941-5,SRC071,Prescription Ordinance,statute,1,13,exact_title,candidate
commonlii-LKCA-1941-53,SRC059,Trusts Ordinance,statute,6,15;31;45;76,exact_title,candidate
commonlii-LKCA-1941-8,SRC005,Registration of Documents Ordinance,statute,12,2;3;4;6;17;18;24;50,exact_title,candidate
commonlii-LKCA-1942-1,SRC030,Civil Procedure Code,statute,2,5;286,exact_title,candidate
commonlii-LKCA-1942-14,SRC030,Civil Procedure Code,statute,3,18;472,exact_title,candidate
commonlii-LKCA-1942-22,SRC030,Civil Procedure Code,statute,5,241;247;337,exact_title,candidate
commonlii-LKCA-1942-24,SRC030,Civil Procedure Code,statute,3,272,exact_title,candidate
commonlii-LKCA-1942-31,SRC030,Civil Procedure Code,statute,2,12;247;289,exact_title,candidate
commonlii-LKCA-1942-39,SRC029,Evidence Ordinance,statute,3,92,exact_title,candidate
commonlii-LKCA-1942-4,SRC030,Civil Procedure Code,statute,3,472,exact_title,candidate
commonlii-LKCA-1942-47,SRC004,Matrimonial Rights and Inheritance Ordinance,statute,2,3,exact_title,candidate
commonlii-LKCA-1942-52,SRC005,Registration of Documents Ordinance,statute,4,8;11;12;114,exact_title,candidate
commonlii-LKCA-1942-58,SRC030,Civil Procedure Code,statute,2,4;408,exact_title,candidate
commonlii-LKCA-1942-6,SRC030,Civil Procedure Code,statute,5,772,exact_title,candidate
commonlii-LKCA-1942-61,SRC030,Civil Procedure Code,statute,1,720,exact_title,candidate
commonlii-LKCA-1942-62,SRC001,Prevention of Frauds Ordinance,statute,3,2,exact_title,candidate
commonlii-LKCA-1942-63,SRC071,Prescription Ordinance,statute,1,3,exact_title,candidate
commonlii-LKCA-1942-64,SRC030,Civil Procedure Code,statute,1,247,exact_title,candidate
commonlii-LKCA-1942-7,SRC030,Civil Procedure Code,statute,4,337;349;756,exact_title,candidate
commonlii-LKCA-1942-73,SRC030,Civil Procedure Code,statute,2,34,exact_title,candidate
commonlii-LKCA-1942-73,SRC061,Municipal Councils Ordinance,statute,1,147,exact_title,candidate
commonlii-LKCA-1942-75,SRC071,Prescription Ordinance,statute,1,3;13,exact_title,candidate
commonlii-LKCA-1942-76,SRC030,Civil Procedure Code,statute,6,34;54;207;406,exact_title,candidate
commonlii-LKCA-1943-13,SRC049,Buddhist Temporalities Ordinance,statute,5,23,exact_title,candidate
commonlii-LKCA-1943-14,SRC030,Civil Procedure Code,statute,1,18,exact_title,candidate
commonlii-LKCA-1943-17,SRC030,Civil Procedure Code,statute,6,347;349;772,exact_title,candidate
commonlii-LKCA-1943-19,SRC030,Civil Procedure Code,statute,4,207;628;631,exact_title,candidate
commonlii-LKCA-1943-19,SRC059,Trusts Ordinance,statute,1,10;111,exact_title,candidate
commonlii-LKCA-1943-19,SRC071,Prescription Ordinance,statute,3,6;10;111,exact_title,candidate
commonlii-LKCA-1943-21,SRC030,Civil Procedure Code,statute,7,47;344;349,exact_title,candidate
commonlii-LKCA-1943-22,SRC005,Registration of Documents Ordinance,statute,2,8;406,exact_title,candidate
commonlii-LKCA-1943-22,SRC030,Civil Procedure Code,statute,8,8;33;34;207;237;406;408,exact_title,candidate
commonlii-LKCA-1943-22,SRC059,Trusts Ordinance,statute,3,17;93,exact_title,candidate
commonlii-LKCA-1943-27,SRC030,Civil Procedure Code,statute,1,,exact_title,candidate
commonlii-LKCA-1943-27,SRC071,Prescription Ordinance,statute,4,6,exact_title,candidate
commonlii-LKCA-1943-3,SRC030,Civil Procedure Code,statute,1,18,exact_title,candidate
commonlii-LKCA-1943-36,SRC030,Civil Procedure Code,statute,2,47;247,exact_title,candidate
commonlii-LKCA-1943-41,SRC029,Evidence Ordinance,statute,3,115,exact_title,candidate
commonlii-LKCA-1943-42,SRC029,Evidence Ordinance,statute,2,110,exact_title,candidate
commonlii-LKCA-1943-44,SRC005,Registration of Documents Ordinance,statute,2,7,exact_title,candidate
commonlii-LKCA-1943-5,SRC030,Civil Procedure Code,statute,5,2;244;712;718;720;736,exact_title,candidate
commonlii-LKCA-1943-55,SRC030,Civil Procedure Code,statute,4,,exact_title,candidate
commonlii-LKCA-1943-56,SRC071,Prescription Ordinance,statute,2,3;24,exact_title,candidate
commonlii-LKCA-1943-58,SRC030,Civil Procedure Code,statute,1,9;18,exact_title,candidate
commonlii-LKCA-1943-61,SRC001,Prevention of Frauds Ordinance,statute,1,2;3,exact_title,candidate
commonlii-LKCA-1943-69,SRC005,Registration of Documents Ordinance,statute,2,7,exact_title,candidate
commonlii-LKCA-1943-71,SRC030,Civil Procedure Code,statute,3,6;406,exact_title,candidate
commonlii-LKCA-1943-72,SRC059,Trusts Ordinance,statute,3,2;86;404;406,exact_title,candidate
commonlii-LKCA-1944-11,SRC030,Civil Procedure Code,statute,3,34,exact_title,candidate
commonlii-LKCA-1944-12,SRC030,Civil Procedure Code,statute,3,12;337,exact_title,candidate
commonlii-LKCA-1944-15,SRC014,Notaries Ordinance,statute,1,36;111,exact_title,candidate
commonlii-LKCA-1944-15,SRC029,Evidence Ordinance,statute,1,36;111,exact_title,candidate
commonlii-LKCA-1944-15,SRC030,Civil Procedure Code,statute,10,9;14;45;56;63;71;76;214;215,exact_title,candidate
commonlii-LKCA-1944-17,SRC030,Civil Procedure Code,statute,1,50,exact_title,candidate
commonlii-LKCA-1944-2,SRC059,Trusts Ordinance,statute,2,65;66;96;98,exact_title,candidate
commonlii-LKCA-1944-27,SRC001,Prevention of Frauds Ordinance,statute,5,2;92;404;406,exact_title,candidate
commonlii-LKCA-1944-27,SRC029,Evidence Ordinance,statute,18,2;5;83;92;96;118;404;406,exact_title,candidate
commonlii-LKCA-1944-27,SRC059,Trusts Ordinance,statute,17,2;3;5;83;92;96;107;111;118,exact_title,candidate
commonlii-LKCA-1944-3,SRC001,Prevention of Frauds Ordinance,statute,2,4;4t,exact_title,candidate
commonlii-LKCA-1944-31,SRC059,Trusts Ordinance,statute,1,3,exact_title,candidate
commonlii-LKCA-1944-34,SRC030,Civil Procedure Code,statute,2,247,exact_title,candidate
commonlii-LKCA-1944-38,SRC001,Prevention of Frauds Ordinance,statute,3,4;11,exact_title,candidate
commonlii-LKCA-1944-43,SRC071,Prescription Ordinance,statute,2,3;16,exact_title,candidate
commonlii-LKCA-1944-44,SRC030,Civil Procedure Code,statute,6,12;282,exact_title,candidate
commonlii-LKCA-1944-46,SRC030,Civil Procedure Code,statute,1,238,exact_title,candidate
commonlii-LKCA-1944-47,SRC029,Evidence Ordinance,statute,1,18;19,exact_title,candidate
commonlii-LKCA-1944-47,SRC030,Civil Procedure Code,statute,1,338;341,exact_title,candidate
commonlii-LKCA-1944-5,SRC030,Civil Procedure Code,statute,1,105,exact_title,candidate
commonlii-LKCA-1944-52,SRC029,Evidence Ordinance,statute,1,,exact_title,candidate
commonlii-LKCA-1944-52,SRC030,Civil Procedure Code,statute,2,9;18;325,exact_title,candidate
commonlii-LKCA-1944-58,SRC029,Evidence Ordinance,statute,2,47;157,exact_title,candidate
commonlii-LKCA-1944-58,SRC030,Civil Procedure Code,statute,2,47;157,exact_title,candidate
commonlii-LKCA-1944-68,SRC029,Evidence Ordinance,statute,4,92,exact_title,candidate
commonlii-LKCA-1944-79,SRC005,Registration of Documents Ordinance,statute,1,7,exact_title,candidate
commonlii-LKCA-1944-79,SRC059,Trusts Ordinance,statute,5,3;65;66;111,exact_title,candidate
commonlii-LKCA-1944-79,SRC071,Prescription Ordinance,statute,1,111,exact_title,candidate
commonlii-LKCA-1944-80,SRC001,Prevention of Frauds Ordinance,statute,2,2,exact_title,candidate
commonlii-LKCA-1944-80,SRC059,Trusts Ordinance,statute,2,90,exact_title,candidate
commonlii-LKCA-1944-82,SRC030,Civil Procedure Code,statute,4,325;326;377;825;826;835,exact_title,candidate
commonlii-LKCA-1944-9,SRC030,Civil Procedure Code,statute,7,238;288;289,exact_title,candidate
commonlii-LKCA-1945-14,SRC029,Evidence Ordinance,statute,10,7b;57;74;76;77;78;79;80;114,exact_title,candidate
commonlii-LKCA-1945-14,SRC030,Civil Procedure Code,statute,4,32;33;46,exact_title,candidate
commonlii-LKCA-1945-14,SRC071,Prescription Ordinance,statute,12,2;10;57;78;79;114,exact_title,candidate
commonlii-LKCA-1945-19,SRC030,Civil Procedure Code,statute,3,247,exact_title,candidate
commonlii-LKCA-1945-2,SRC030,Civil Procedure Code,statute,1,207,exact_title,candidate
commonlii-LKCA-1945-20,SRC030,Civil Procedure Code,statute,4,243;247;289,exact_title,candidate
commonlii-LKCA-1945-21,SRC030,Civil Procedure Code,statute,4,372;404,exact_title,candidate
commonlii-LKCA-1945-22,SRC024,Wills Ordinance,statute,2,,exact_title,candidate
commonlii-LKCA-1945-22,SRC030,Civil Procedure Code,statute,3,518,exact_title,candidate
commonlii-LKCA-1945-25,SRC030,Civil Procedure Code,statute,3,533,exact_title,candidate
commonlii-LKCA-1945-27,SRC030,Civil Procedure Code,statute,6,18;33;247,exact_title,candidate
commonlii-LKCA-1945-27,SRC059,Trusts Ordinance,statute,1,93,exact_title,candidate
commonlii-LKCA-1945-31,SRC014,Notaries Ordinance,statute,2,30,exact_title,candidate
commonlii-LKCA-1945-33,SRC005,Registration of Documents Ordinance,statute,1,,exact_title,candidate
commonlii-LKCA-1945-39,SRC030,Civil Procedure Code,statute,1,260;261;262,exact_title,candidate
commonlii-LKCA-1945-4,SRC030,Civil Procedure Code,statute,1,,exact_title,candidate
commonlii-LKCA-1945-48,SRC030,Civil Procedure Code,statute,2,289,exact_title,candidate
commonlii-LKCA-1945-49,SRC054,Land Settlement Ordinance,statute,6,4;8;9;14;16;90;146,exact_title,candidate
commonlii-LKCA-1945-49,SRC059,Trusts Ordinance,statute,1,8;90;146,exact_title,candidate
commonlii-LKCA-1945-49,SRC061,Municipal Councils Ordinance,statute,2,8;9;16;90;146,exact_title,candidate
commonlii-LKCA-1945-50,SRC030,Civil Procedure Code,statute,2,219;247,exact_title,candidate
commonlii-LKCA-1945-50,SRC059,Trusts Ordinance,statute,4,2;111,exact_title,candidate
commonlii-LKCA-1945-50,SRC071,Prescription Ordinance,statute,4,111,exact_title,candidate
commonlii-LKCA-1945-52,SRC071,Prescription Ordinance,statute,1,4,exact_title,candidate
commonlii-LKCA-1945-57,SRC030,Civil Procedure Code,statute,2,7;8;10;775,exact_title,candidate
commonlii-LKCA-1945-6,SRC030,Civil Procedure Code,statute,13,6;10;15;596;597;602;604;607;756,exact_title,candidate
commonlii-LKCA-1945-6,SRC071,Prescription Ordinance,statute,9,6;10;15;16;596;597;602;604;607;756,exact_title,candidate
commonlii-LKCA-1945-74,SRC059,Trusts Ordinance,statute,2,99,exact_title,candidate
commonlii-LKCA-1946-15,SRC049,Buddhist Temporalities Ordinance,statute,2,4;14;18;20,exact_title,candidate
commonlii-LKCA-1946-15,SRC071,Prescription Ordinance,statute,1,3,exact_title,candidate
commonlii-LKCA-1946-2,SRC030,Civil Procedure Code,statute,3,472,exact_title,candidate
commonlii-LKCA-1946-20,SRC005,Registration of Documents Ordinance,statute,4,7;8;247,exact_title,candidate
commonlii-LKCA-1946-20,SRC030,Civil Procedure Code,statute,2,8;237;247,exact_title,candidate
commonlii-LKCA-1946-21,SRC030,Civil Procedure Code,statute,2,247,exact_title,candidate
commonlii-LKCA-1946-24,SRC030,Civil Procedure Code,statute,4,207;247,exact_title,candidate
commonlii-LKCA-1946-36,SRC054,Land Settlement Ordinance,statute,6,5;8,exact_title,candidate
commonlii-LKCA-1946-36,SRC059,Trusts Ordinance,statute,2,90;92;94;96;98,exact_title,candidate
commonlii-LKCA-1946-38,SRC029,Evidence Ordinance,statute,2,92;502,exact_title,candidate
commonlii-LKCA-1946-38,SRC030,Civil Procedure Code,statute,1,92;502,exact_title,candidate
commonlii-LKCA-1946-50,SRC030,Civil Procedure Code,statute,1,456,exact_title,candidate
commonlii-LKCA-1946-50,SRC050,Land Development Ordinance,statute,1,,exact_title,candidate
commonlii-LKCA-1946-57,SRC005,Registration of Documents Ordinance,statute,2,7,exact_title,candidate
commonlii-LKCA-1946-57,SRC054,Land Settlement Ordinance,statute,3,7,exact_title,candidate
commonlii-LKCA-1946-59,SRC004,Matrimonial Rights and Inheritance Ordinance,statute,1,9,exact_title,candidate
commonlii-LKCA-1946-60,SRC001,Prevention of Frauds Ordinance,statute,1,,exact_title,candidate
commonlii-LKCA-1946-64,SRC029,Evidence Ordinance,statute,5,5;92,exact_title,candidate
commonlii-LKCA-1946-64,SRC059,Trusts Ordinance,statute,9,5;83;92;96;118,exact_title,candidate
commonlii-LKCA-1946-79,SRC059,Trusts Ordinance,statute,1,36;93,exact_title,candidate
commonlii-LKCA-1946-92,SRC059,Trusts Ordinance,statute,3,113,exact_title,candidate
commonlii-LKCA-1947-18,SRC030,Civil Procedure Code,statute,4,325;326,exact_title,candidate
commonlii-LKCA-1947-19,SRC030,Civil Procedure Code,statute,4,344,exact_title,candidate
commonlii-LKCA-1947-21,SRC030,Civil Procedure Code,statute,2,229,exact_title,candidate
commonlii-LKCA-1947-23,SRC030,Civil Procedure Code,statute,3,17;632,exact_title,candidate
commonlii-LKCA-1947-25,SRC030,Civil Procedure Code,statute,6,615,exact_title,candidate
commonlii-LKCA-1947-33,SRC059,Trusts Ordinance,statute,1,,exact_title,candidate
commonlii-LKCA-1947-34,SRC005,Registration of Documents Ordinance,statute,2,18;26,exact_title,candidate
commonlii-LKCA-1947-39,SRC029,Evidence Ordinance,statute,1,110,exact_title,candidate
commonlii-LKCA-1947-40,SRC059,Trusts Ordinance,statute,1,96;97,exact_title,candidate
commonlii-LKCA-1947-43,SRC029,Evidence Ordinance,statute,1,114,exact_title,candidate
commonlii-LKCA-1947-43,SRC055,Land Surveys Ordinance,statute,1,6,exact_title,candidate
commonlii-LKCA-1947-44,SRC059,Trusts Ordinance,statute,5,5;83;360,exact_title,candidate
commonlii-LKCA-1947-48,SRC030,Civil Procedure Code,statute,1,286,exact_title,candidate
commonlii-LKCA-1947-52,SRC030,Civil Procedure Code,statute,1,,exact_title,candidate
commonlii-LKCA-1947-55,SRC001,Prevention of Frauds Ordinance,statute,7,1;2;3;5;91;92;292,exact_title,candidate
commonlii-LKCA-1947-55,SRC029,Evidence Ordinance,statute,5,2;5;91;92,exact_title,candidate
commonlii-LKCA-1947-55,SRC059,Trusts Ordinance,statute,10,1;2;3;5;91;92;107;292,exact_title,candidate
commonlii-LKCA-1947-57,SRC030,Civil Procedure Code,statute,3,219;247,exact_title,candidate
commonlii-LKCA-1947-73,SRC071,Prescription Ordinance,statute,6,6;7;8,exact_title,candidate
commonlii-LKCA-1947-74,SRC071,Prescription Ordinance,statute,1,,exact_title,candidate
commonlii-LKCA-1947-77,SRC028,Rent Act,statute,1,2;10;12,exact_title,candidate
commonlii-LKCA-1947-79,SRC004,Matrimonial Rights and Inheritance Ordinance,statute,2,19,exact_title,candidate
commonlii-LKCA-1947-79,SRC030,Civil Procedure Code,statute,1,547,exact_title,candidate
commonlii-LKCA-1948-101,SRC004,Matrimonial Rights and Inheritance Ordinance,statute,1,,exact_title,candidate
commonlii-LKCA-1948-102,SRC030,Civil Procedure Code,statute,2,247,exact_title,candidate
commonlii-LKCA-1948-102,SRC071,Prescription Ordinance,statute,1,15;16,exact_title,candidate
commonlii-LKCA-1948-103,SRC004,Matrimonial Rights and Inheritance Ordinance,statute,1,9,exact_title,candidate
commonlii-LKCA-1948-15,SRC030,Civil Procedure Code,statute,12,31;703;704;705,exact_title,candidate
commonlii-LKCA-1948-16,SRC030,Civil Procedure Code,statute,3,189,exact_title,candidate
commonlii-LKCA-1948-2,SRC030,Civil Procedure Code,statute,2,35;36;541;775,exact_title,candidate
commonlii-LKCA-1948-20,SRC030,Civil Procedure Code,statute,6,5;73;175,exact_title,candidate
commonlii-LKCA-1948-21,SRC030,Civil Procedure Code,statute,4,152;189,exact_title,candidate
commonlii-LKCA-1948-22,SRC030,Civil Procedure Code,statute,8,2;286;288,exact_title,candidate
commonlii-LKCA-1948-25,SRC030,Civil Procedure Code,statute,7,2;151;323;324;325;327;328;839,exact_title,candidate
commonlii-LKCA-1948-26,SRC030,Civil Procedure Code,statute,4,229;237;238;255;256,exact_title,candidate
commonlii-LKCA-1948-27,SRC029,Evidence Ordinance,statute,1,102,exact_title,candidate
commonlii-LKCA-1948-27,SRC030,Civil Procedure Code,statute,1,247,exact_title,candidate
commonlii-LKCA-1948-36,SRC071,Prescription Ordinance,statute,1,,exact_title,candidate
commonlii-LKCA-1948-37,SRC029,Evidence Ordinance,statute,4,92,exact_title,candidate
commonlii-LKCA-1948-39,SRC005,Registration of Documents Ordinance,statute,1,93,exact_title,candidate
commonlii-LKCA-1948-39,SRC059,Trusts Ordinance,statute,9,17;91;93;840,exact_title,candidate
commonlii-LKCA-1948-50,SRC030,Civil Procedure Code,statute,4,4;218;225,exact_title,candidate
commonlii-LKCA-1948-52,SRC029,Evidence Ordinance,statute,2,116,exact_title,candidate
commonlii-LKCA-1948-59,SRC059,Trusts Ordinance,statute,3,111,exact_title,candidate
commonlii-LKCA-1948-59,SRC071,Prescription Ordinance,statute,4,6;8;111,exact_title,candidate
commonlii-LKCA-1948-63,SRC030,Civil Procedure Code,statute,2,16;34,exact_title,candidate
commonlii-LKCA-1948-7,SRC030,Civil Procedure Code,statute,2,6;289,exact_title,candidate
commonlii-LKCA-1948-77,SRC030,Civil Procedure Code,statute,4,21;214,exact_title,candidate
commonlii-LKCA-1948-78,SRC030,Civil Procedure Code,statute,3,4;5;6;18,exact_title,candidate
commonlii-LKCA-1948-80,SRC001,Prevention of Frauds Ordinance,statute,4,6,exact_title,candidate
commonlii-LKCA-1948-80,SRC030,Civil Procedure Code,statute,1,775,exact_title,candidate
commonlii-LKCA-1948-81,SRC001,Prevention of Frauds Ordinance,statute,1,2;5;91;92,exact_title,candidate
commonlii-LKCA-1948-81,SRC029,Evidence Ordinance,statute,1,2;5;91;92,exact_title,candidate
commonlii-LKCA-1948-81,SRC059,Trusts Ordinance,statute,3,2;5;91;92,exact_title,candidate
commonlii-LKCA-1948-82,SRC030,Civil Procedure Code,statute,2,402,exact_title,candidate
commonlii-LKCA-1949-14,SRC030,Civil Procedure Code,statute,3,12;17;18,exact_title,candidate
commonlii-LKCA-1949-17,SRC030,Civil Procedure Code,statute,4,5;11,exact_title,candidate
commonlii-LKCA-1949-18,SRC030,Civil Procedure Code,statute,4,348,exact_title,candidate
commonlii-LKCA-1949-23,SRC029,Evidence Ordinance,statute,2,88;167,exact_title,candidate
commonlii-LKCA-1949-23,SRC030,Civil Procedure Code,statute,1,114;154,exact_title,candidate
commonlii-LKCA-1949-23,SRC051,Land Acquisition Act,statute,1,23;38,exact_title,candidate
commonlii-LKCA-1949-31,SRC029,Evidence Ordinance,statute,2,3;8,exact_title,candidate
commonlii-LKCA-1949-34,SRC029,Evidence Ordinance,statute,8,10;11;34;35;38;84,exact_title,candidate
commonlii-LKCA-1949-37,SRC024,Wills Ordinance,statute,1,7,exact_title,candidate
commonlii-LKCA-1949-38,SRC059,Trusts Ordinance,statute,8,99;102;105;107,exact_title,candidate
commonlii-LKCA-1949-39,SRC031,Companies Act,statute,1,84,exact_title,candidate
commonlii-LKCA-1949-4,SRC005,Registration of Documents Ordinance,statute,7,3;4;17;18,exact_title,candidate
commonlii-LKCA-1949-45,SRC001,Prevention of Frauds Ordinance,statute,1,2,exact_title,candidate
commonlii-LKCA-1949-51,SRC005,Registration of Documents Ordinance,statute,2,11,exact_title,candidate
commonlii-LKCA-1949-56,SRC071,Prescription Ordinance,statute,4,3;272,exact_title,candidate
commonlii-LKCA-1949-6,SRC005,Registration of Documents Ordinance,statute,1,14;41,exact_title,candidate
commonlii-LKCA-1949-6,SRC030,Civil Procedure Code,statute,1,14;41,exact_title,candidate
commonlii-LKCA-1949-8,SRC030,Civil Procedure Code,statute,5,794;839,exact_title,candidate
commonlii-LKCA-1950-1,SRC030,Civil Procedure Code,statute,11,2;18;396;839;4396,exact_title,candidate
commonlii-LKCA-1950-18,SRC030,Civil Procedure Code,statute,8,5;14;34,exact_title,candidate
commonlii-LKCA-1950-26,SRC059,Trusts Ordinance,statute,2,93,exact_title,candidate
commonlii-LKCA-1950-31,SRC001,Prevention of Frauds Ordinance,statute,4,2;92,exact_title,candidate
commonlii-LKCA-1950-31,SRC029,Evidence Ordinance,statute,3,2;92,exact_title,candidate
commonlii-LKCA-1950-38,SRC029,Evidence Ordinance,statute,2,3;9;101;103,exact_title,candidate
commonlii-LKCA-1950-38,SRC071,Prescription Ordinance,statute,4,3;9;101;103,exact_title,candidate
commonlii-LKCA-1950-39,SRC030,Civil Procedure Code,statute,1,523,exact_title,candidate
commonlii-LKCA-1950-49,SRC001,Prevention of Frauds Ordinance,statute,5,2;17,exact_title,candidate
commonlii-LKCA-1950-49,SRC050,Land Development Ordinance,statute,1,,exact_title,candidate
commonlii-LKCA-1950-61,SRC030,Civil Procedure Code,statute,1,7,exact_title,candidate
commonlii-LKCA-1950-62,SRC071,Prescription Ordinance,statute,2,5;11,exact_title,candidate
commonlii-LKCA-1950-63,SRC029,Evidence Ordinance,statute,4,2;49;57;83;84;92,exact_title,candidate
commonlii-LKCA-1950-63,SRC059,Trusts Ordinance,statute,17,2;3;57;84,exact_title,candidate
commonlii-LKCA-1950-68,SRC071,Prescription Ordinance,statute,3,6;7,exact_title,candidate
commonlii-LKCA-1950-69,SRC071,Prescription Ordinance,statute,4,6,exact_title,candidate
commonlii-LKCA-1950-7,SRC001,Prevention of Frauds Ordinance,statute,1,,exact_title,candidate
commonlii-LKCA-1950-7,SRC004,Matrimonial Rights and Inheritance Ordinance,statute,1,2;5;7;19;20,exact_title,candidate
commonlii-LKCA-1950-76,SRC001,Prevention of Frauds Ordinance,statute,1,18,exact_title,candidate
commonlii-LKCA-1950-76,SRC030,Civil Procedure Code,statute,1,35,exact_title,candidate
commonlii-LKCA-1950-76,SRC059,Trusts Ordinance,statute,5,5;84,exact_title,candidate
commonlii-LKCA-1951-1,SRC030,Civil Procedure Code,statute,1,207,exact_title,candidate
commonlii-LKCA-1951-11,SRC029,Evidence Ordinance,statute,3,32,exact_title,candidate
commonlii-LKCA-1951-12,SRC030,Civil Procedure Code,statute,3,756,exact_title,candidate
commonlii-LKCA-1951-16,SRC030,Civil Procedure Code,statute,21,4;20;361;362;363;365;372;392;393;395;403;404,exact_title,candidate
commonlii-LKCA-1951-16,SRC049,Buddhist Temporalities Ordinance,statute,4,4;20;392;404,exact_title,candidate
commonlii-LKCA-1951-19,SRC030,Civil Procedure Code,statute,3,291,exact_title,candidate
commonlii-LKCA-1951-2,SRC030,Civil Procedure Code,statute,17,5;17;398;402;403;405,exact_title,candidate
commonlii-LKCA-1951-20,SRC030,Civil Procedure Code,statute,10,69;344;476;480;501;571;572;574;576;578;582;697,exact_title,candidate
commonlii-LKCA-1951-22,SRC030,Civil Procedure Code,statute,5,8;324;325,exact_title,candidate
commonlii-LKCA-1951-23,SRC030,Civil Procedure Code,statute,3,154,exact_title,candidate
commonlii-LKCA-1951-25,SRC030,Civil Procedure Code,statute,5,6;25;37;592,exact_title,candidate
commonlii-LKCA-1951-27,SRC030,Civil Procedure Code,statute,3,207;408,exact_title,candidate
commonlii-LKCA-1951-30,SRC004,Matrimonial Rights and Inheritance Ordinance,statute,5,6;8;9;19;20;38;48;51,exact_title,candidate
commonlii-LKCA-1951-30,SRC045,Matrimonial Rights and Inheritance (Jaffna) Ordinance,statute,1,,exact_title,candidate
commonlii-LKCA-1951-47,SRC024,Wills Ordinance,statute,2,7,exact_title,candidate
commonlii-LKCA-1951-47,SRC030,Civil Procedure Code,statute,1,247,exact_title,candidate
commonlii-LKCA-1951-52,SRC029,Evidence Ordinance,statute,3,33,exact_title,candidate
commonlii-LKCA-1951-53,SRC001,Prevention of Frauds Ordinance,statute,3,4,exact_title,candidate
commonlii-LKCA-1951-59,SRC001,Prevention of Frauds Ordinance,statute,3,2;5,exact_title,candidate
commonlii-LKCA-1951-59,SRC059,Trusts Ordinance,statute,1,2;5,exact_title,candidate
commonlii-LKCA-1951-6,SRC030,Civil Procedure Code,statute,6,3;13;472;519;539;540;740,exact_title,candidate
commonlii-LKCA-1951-6,SRC071,Prescription Ordinance,statute,8,3;13;472;519;539;540;740,exact_title,candidate
commonlii-LKCA-1951-7,SRC030,Civil Procedure Code,statute,4,519;523,exact_title,candidate
commonlii-LKCA-1951-78,SRC059,Trusts Ordinance,statute,3,82;84;98,exact_title,candidate
commonlii-LKCA-1951-8,SRC030,Civil Procedure Code,statute,6,14;49;756,exact_title,candidate
commonlii-LKCA-1951-8,SRC048,Muslim Intestate Succession Ordinance,statute,1,3;90,exact_title,candidate
commonlii-LKCA-1951-8,SRC059,Trusts Ordinance,statute,1,3;90,exact_title,candidate
commonlii-LKCA-1951-81,SRC005,Registration of Documents Ordinance,statute,6,7,exact_title,candidate
commonlii-LKCA-1951-84,SRC004,Matrimonial Rights and Inheritance Ordinance,statute,2,,exact_title,candidate
commonlii-LKCA-1951-9,SRC030,Civil Procedure Code,statute,4,217,exact_title,candidate
commonlii-LKCA-1952-13,SRC030,Civil Procedure Code,statute,4,24;25,exact_title,candidate
commonlii-LKCA-1952-15,SRC005,Registration of Documents Ordinance,statute,11,17;18;38,exact_title,candidate
commonlii-LKCA-1952-15,SRC030,Civil Procedure Code,statute,1,247,exact_title,candidate
commonlii-LKCA-1952-19,SRC030,Civil Procedure Code,statute,4,3;540;741,exact_title,candidate
commonlii-LKCA-1952-19,SRC059,Trusts Ordinance,statute,3,3;111;540;741,exact_title,candidate
commonlii-LKCA-1952-19,SRC071,Prescription Ordinance,statute,4,3;111;540;741,exact_title,candidate
commonlii-LKCA-1952-29,SRC059,Trusts Ordinance,statute,1,111,exact_title,candidate
commonlii-LKCA-1952-31,SRC059,Trusts Ordinance,statute,3,92,exact_title,candidate
commonlii-LKCA-1952-34,SRC049,Buddhist Temporalities Ordinance,statute,2,,exact_title,candidate
commonlii-LKCA-1952-37,SRC059,Trusts Ordinance,statute,2,93,exact_title,candidate
commonlii-LKCA-1952-4,SRC004,Matrimonial Rights and Inheritance Ordinance,statute,3,35,exact_title,candidate
commonlii-LKCA-1952-43,SRC029,Evidence Ordinance,statute,5,92;96,exact_title,candidate
commonlii-LKCA-1952-49,SRC030,Civil Procedure Code,statute,2,40,exact_title,candidate
commonlii-LKCA-1952-50,SRC005,Registration of Documents Ordinance,statute,5,3;7;116,exact_title,candidate
commonlii-LKCA-1952-50,SRC029,Evidence Ordinance,statute,2,3;7;116,exact_title,candidate
commonlii-LKCA-1952-50,SRC071,Prescription Ordinance,statute,4,3;7;116,exact_title,candidate
commonlii-LKCA-1952-53,SRC030,Civil Procedure Code,statute,1,,exact_title,candidate
commonlii-LKCA-1952-59,SRC071,Prescription Ordinance,statute,1,3,exact_title,candidate
commonlii-LKCA-1952-6,SRC030,Civil Procedure Code,statute,4,517,exact_title,candidate
commonlii-LKCA-1952-70,SRC005,Registration of Documents Ordinance,statute,15,3;9;12;17;48A,exact_title,candidate
commonlii-LKCA-1952-74,SRC071,Prescription Ordinance,statute,6,6;10,exact_title,candidate
commonlii-LKCA-1952-79,SRC001,Prevention of Frauds Ordinance,statute,4,4,exact_title,candidate
commonlii-LKCA-1953-13,SRC030,Civil Procedure Code,statute,6,480,exact_title,candidate
commonlii-LKCA-1953-2,SRC004,Matrimonial Rights and Inheritance Ordinance,statute,3,6;19;20,exact_title,candidate
commonlii-LKCA-1953-29,SRC030,Civil Procedure Code,statute,1,,exact_title,candidate
commonlii-LKCA-1953-35,SRC005,Registration of Documents Ordinance,statute,1,16,exact_title,candidate
commonlii-LKCA-1953-9,SRC059,Trusts Ordinance,statute,5,102;107,exact_title,candidate
commonlii-LKCA-1954-1,SRC030,Civil Procedure Code,statute,4,395;396;402;403,exact_title,candidate
commonlii-LKCA-1954-100,SRC030,Civil Procedure Code,statute,1,146,exact_title,candidate
commonlii-LKCA-1954-103,SRC071,Prescription Ordinance,statute,2,4,exact_title,candidate
commonlii-LKCA-1954-106,SRC049,Buddhist Temporalities Ordinance,statute,1,4;14;20;22;26;28;29;30;32,exact_title,candidate
commonlii-LKCA-1954-106,SRC059,Trusts Ordinance,statute,9,5;6;11;78;84;98;107,exact_title,candidate
commonlii-LKCA-1954-11,SRC030,Civil Procedure Code,statute,4,188;761;763,exact_title,candidate
commonlii-LKCA-1954-13,SRC071,Prescription Ordinance,statute,3,8;12,exact_title,candidate
commonlii-LKCA-1954-2,SRC005,Registration of Documents Ordinance,statute,2,11;396;403,exact_title,candidate
commonlii-LKCA-1954-2,SRC030,Civil Procedure Code,statute,6,11;396;403,exact_title,candidate
commonlii-LKCA-1954-20,SRC071,Prescription Ordinance,statute,3,10,exact_title,candidate
commonlii-LKCA-1954-28,SRC030,Civil Procedure Code,statute,7,325;327;394,exact_title,candidate
commonlii-LKCA-1954-3,SRC030,Civil Procedure Code,statute,1,287;288,exact_title,candidate
commonlii-LKCA-1954-30,SRC030,Civil Procedure Code,statute,3,219;247,exact_title,candidate
commonlii-LKCA-1954-31,SRC030,Civil Procedure Code,statute,4,50;51;102;103;104;105;106;109,exact_title,candidate
commonlii-LKCA-1954-35,SRC030,Civil Procedure Code,statute,9,12;71;339;347,exact_title,candidate
commonlii-LKCA-1954-36,SRC030,Civil Procedure Code,statute,4,232;350;352,exact_title,candidate
commonlii-LKCA-1954-44,SRC001,Prevention of Frauds Ordinance,statute,1,,exact_title,candidate
commonlii-LKCA-1954-44,SRC030,Civil Procedure Code,statute,1,18,exact_title,candidate
commonlii-LKCA-1954-46,SRC004,Matrimonial Rights and Inheritance Ordinance,statute,3,8;35;39,exact_title,candidate
commonlii-LKCA-1954-46,SRC005,Registration of Documents Ordinance,statute,7,3;7;8;15;35,exact_title,candidate
commonlii-LKCA-1954-46,SRC071,Prescription Ordinance,statute,2,3;7,exact_title,candidate
commonlii-LKCA-1954-5,SRC014,Notaries Ordinance,statute,3,,exact_title,candidate
commonlii-LKCA-1954-54,SRC001,Prevention of Frauds Ordinance,statute,7,2;5,exact_title,candidate
commonlii-LKCA-1954-54,SRC059,Trusts Ordinance,statute,3,2;5;107,exact_title,candidate
commonlii-LKCA-1954-56,SRC064,Mortgage Act,statute,1,46,exact_title,candidate
commonlii-LKCA-1954-6,SRC030,Civil Procedure Code,statute,4,5,exact_title,candidate
commonlii-LKCA-1954-62,SRC071,Prescription Ordinance,statute,4,9,exact_title,candidate
commonlii-LKCA-1954-65,SRC029,Evidence Ordinance,statute,2,92,exact_title,candidate
commonlii-LKCA-1954-65,SRC030,Civil Procedure Code,statute,1,,exact_title,candidate
commonlii-LKCA-1954-66,SRC029,Evidence Ordinance,statute,1,115,exact_title,candidate
commonlii-LKCA-1954-67,SRC001,Prevention of Frauds Ordinance,statute,2,6;114,exact_title,candidate
commonlii-LKCA-1954-67,SRC014,Notaries Ordinance,statute,2,6;114,exact_title,candidate
commonlii-LKCA-1954-67,SRC029,Evidence Ordinance,statute,2,6;114,exact_title,candidate
commonlii-LKCA-1954-72,SRC071,Prescription Ordinance,statute,9,10,exact_title,candidate
commonlii-LKCA-1954-73,SRC061,Municipal Councils Ordinance,statute,1,145,exact_title,candidate
commonlii-LKCA-1954-74,SRC001,Prevention of Frauds Ordinance,statute,2,2,exact_title,candidate
commonlii-LKCA-1954-77,SRC004,Matrimonial Rights and Inheritance Ordinance,statute,3,20,exact_title,candidate
commonlii-LKCA-1954-80,SRC014,Notaries Ordinance,statute,3,30;162;163,exact_title,candidate
commonlii-LKCA-1954-80,SRC050,Land Development Ordinance,statute,6,30;162;163,exact_title,candidate
commonlii-LKCA-1954-83,SRC028,Rent Act,statute,1,13,exact_title,candidate
commonlii-LKCA-1954-85,SRC051,Land Acquisition Act,statute,1,,exact_title,candidate
commonlii-LKCA-1954-96,SRC071,Prescription Ordinance,statute,1,,exact_title,candidate
commonlii-LKCA-1954-99,SRC004,Matrimonial Rights and Inheritance Ordinance,statute,2,5;6;19;20;21,exact_title,candidate
commonlii-LKCA-1955-10,SRC004,Matrimonial Rights and Inheritance Ordinance,statute,1,,exact_title,candidate
commonlii-LKCA-1955-19,SRC071,Prescription Ordinance,statute,1,,exact_title,candidate
commonlii-LKCA-1955-20,SRC049,Buddhist Temporalities Ordinance,statute,5,2;4,exact_title,candidate
commonlii-LKCA-1955-21,SRC029,Evidence Ordinance,statute,3,10;17;18,exact_title,candidate
commonlii-LKCA-1955-21,SRC071,Prescription Ordinance,statute,2,10;17,exact_title,candidate
commonlii-LKCA-1955-24,SRC029,Evidence Ordinance,statute,1,111,exact_title,candidate
commonlii-LKCA-1955-24,SRC059,Trusts Ordinance,statute,11,82;90;92;111,exact_title,candidate
commonlii-LKCA-1955-24,SRC071,Prescription Ordinance,statute,3,111,exact_title,candidate
commonlii-LKCA-1955-29,SRC030,Civil Procedure Code,statute,2,9;75,exact_title,candidate
commonlii-LKCA-1955-3,SRC030,Civil Procedure Code,statute,5,207;406,exact_title,candidate
commonlii-LKCA-1955-30,SRC030,Civil Procedure Code,statute,4,247;284,exact_title,candidate
commonlii-LKCA-1955-39,SRC001,Prevention of Frauds Ordinance,statute,1,2;92,exact_title,candidate
commonlii-LKCA-1955-39,SRC029,Evidence Ordinance,statute,4,2;48;92,exact_title,candidate
commonlii-LKCA-1955-4,SRC030,Civil Procedure Code,statute,3,189,exact_title,candidate
commonlii-LKCA-1955-41,SRC071,Prescription Ordinance,statute,4,7;10;14;79,exact_title,candidate
commonlii-LKCA-1955-54,SRC001,Prevention of Frauds Ordinance,statute,3,92,exact_title,candidate
commonlii-LKCA-1955-54,SRC029,Evidence Ordinance,statute,12,5;92,exact_title,candidate
commonlii-LKCA-1955-54,SRC059,Trusts Ordinance,statute,3,5;92,exact_title,candidate
commonlii-LKCA-1955-63,SRC028,Rent Act,statute,2,9,exact_title,candidate
commonlii-LKCA-1955-65,SRC071,Prescription Ordinance,statute,2,9;10;13;15,exact_title,candidate
commonlii-LKCA-1955-7,SRC030,Civil Procedure Code,statute,7,53;57;335;338;796;797;798,exact_title,candidate
commonlii-LKCA-1955-74,SRC030,Civil Procedure Code,statute,1,775,exact_title,candidate
commonlii-LKCA-1955-77,SRC071,Prescription Ordinance,statute,8,6;7;8,exact_title,candidate
commonlii-LKCA-1955-8,SRC030,Civil Procedure Code,statute,2,757,exact_title,candidate
commonlii-LKCA-1956-1,SRC030,Civil Procedure Code,statute,1,247,exact_title,candidate
commonlii-LKCA-1956-11,SRC030,Civil Procedure Code,statute,3,69;582,exact_title,candidate
commonlii-LKCA-1956-13,SRC030,Civil Procedure Code,statute,10,7;16;26;34;406;408,exact_title,candidate
commonlii-LKCA-1956-13,SRC064,Mortgage Act,statute,10,7;16;26;34;406;408,exact_title,candidate
commonlii-LKCA-1956-13,SRC071,Prescription Ordinance,statute,1,7;16;34,exact_title,candidate
commonlii-LKCA-1956-14,SRC030,Civil Procedure Code,statute,5,238;289;291,exact_title,candidate
commonlii-LKCA-1956-14,SRC059,Trusts Ordinance,statute,1,289,exact_title,candidate
commonlii-LKCA-1956-15,SRC030,Civil Procedure Code,statute,2,16;48;753,exact_title,candidate
commonlii-LKCA-1956-16,SRC030,Civil Procedure Code,statute,4,403;547,exact_title,candidate
commonlii-LKCA-1956-17,SRC030,Civil Procedure Code,statute,5,1;2;614;615,exact_title,candidate
commonlii-LKCA-1956-18,SRC005,Registration of Documents Ordinance,statute,1,9;237,exact_title,candidate
commonlii-LKCA-1956-18,SRC030,Civil Procedure Code,statute,4,9;237;238,exact_title,candidate
commonlii-LKCA-1956-20,SRC030,Civil Procedure Code,statute,3,25;753,exact_title,candidate
commonlii-LKCA-1956-22,SRC030,Civil Procedure Code,statute,2,82,exact_title,candidate
commonlii-LKCA-1956-23,SRC030,Civil Procedure Code,statute,2,24;29;143;145;146;756,exact_title,candidate
commonlii-LKCA-1956-23,SRC042,Urban Councils Ordinance,statute,6,46;47;48;143;145;146;182;183;240,exact_title,candidate
commonlii-LKCA-1956-23,SRC061,Municipal Councils Ordinance,statute,8,46;47;48;135;143;145;146;147;182;183;756,exact_title,candidate
commonlii-LKCA-1956-26,SRC030,Civil Procedure Code,statute,1,17;18;22,exact_title,candidate
commonlii-LKCA-1956-28,SRC030,Civil Procedure Code,statute,1,402,exact_title,candidate
commonlii-LKCA-1956-31,SRC029,Evidence Ordinance,statute,3,92,exact_title,candidate
commonlii-LKCA-1956-37,SRC014,Notaries Ordinance,statute,2,2;30;90,exact_title,candidate
commonlii-LKCA-1956-37,SRC029,Evidence Ordinance,statute,13,2;30;63;65;90,exact_title,candidate
commonlii-LKCA-1956-38,SRC029,Evidence Ordinance,statute,5,68;69,exact_title,candidate
commonlii-LKCA-1956-47,SRC014,Notaries Ordinance,statute,3,4;6;8,exact_title,candidate
commonlii-LKCA-1956-47,SRC029,Evidence Ordinance,statute,9,15;74;90,exact_title,candidate
commonlii-LKCA-1956-49,SRC001,Prevention of Frauds Ordinance,statute,1,2;68,exact_title,candidate
commonlii-LKCA-1956-49,SRC029,Evidence Ordinance,statute,4,2;58;67;68,exact_title,candidate
commonlii-LKCA-1956-50,SRC029,Evidence Ordinance,statute,1,2;3;4;5;8;9;13,exact_title,candidate
commonlii-LKCA-1956-50,SRC071,Prescription Ordinance,statute,7,2;3;4;5;8;9;13,exact_title,candidate
commonlii-LKCA-1956-52,SRC029,Evidence Ordinance,statute,5,12;115,exact_title,candidate
commonlii-LKCA-1956-60,SRC005,Registration of Documents Ordinance,statute,2,17;18;38;39,exact_title,candidate
commonlii-LKCA-1956-62,SRC071,Prescription Ordinance,statute,2,15,exact_title,candidate
commonlii-LKCA-1956-69,SRC001,Prevention of Frauds Ordinance,statute,2,2,exact_title,candidate
commonlii-LKCA-1956-7,SRC029,Evidence Ordinance,statute,4,32;91;92;154,exact_title,candidate
commonlii-LKCA-1956-7,SRC030,Civil Procedure Code,statute,5,32;91;92;154,exact_title,candidate
commonlii-LKCA-1956-79,SRC059,Trusts Ordinance,statute,3,82;83,exact_title,candidate
commonlii-LKCA-1956-90,SRC059,Trusts Ordinance,statute,4,57;63,exact_title,candidate
commonlii-LKCA-1956-92,SRC048,Muslim Intestate Succession Ordinance,statute,2,2,exact_title,candidate
commonlii-LKCA-1957-102,SRC004,Matrimonial Rights and Inheritance Ordinance,statute,3,6;20,exact_title,candidate
commonlii-LKCA-1957-15,SRC029,Evidence Ordinance,statute,4,36;63;91;92,exact_title,candidate
commonlii-LKCA-1957-16,SRC029,Evidence Ordinance,statute,6,5;32;112,exact_title,candidate
commonlii-LKCA-1957-16,SRC051,Land Acquisition Act,statute,1,5;10,exact_title,candidate
commonlii-LKCA-1957-18,SRC049,Buddhist Temporalities Ordinance,statute,2,20,exact_title,candidate
commonlii-LKCA-1957-18,SRC071,Prescription Ordinance,statute,7,2;3;10,exact_title,candidate
commonlii-LKCA-1957-19,SRC049,Buddhist Temporalities Ordinance,statute,8,2;3;34,exact_title,candidate
commonlii-LKCA-1957-19,SRC071,Prescription Ordinance,statute,6,2;3;34;39,exact_title,candidate
commonlii-LKCA-1957-2,SRC029,Evidence Ordinance,statute,5,14;17;18;21;32,exact_title,candidate
commonlii-LKCA-1957-24,SRC030,Civil Procedure Code,statute,2,200;333,exact_title,candidate
commonlii-LKCA-1957-27,SRC029,Evidence Ordinance,statute,4,72;92;114,exact_title,candidate
commonlii-LKCA-1957-27,SRC030,Civil Procedure Code,statute,3,72;211,exact_title,candidate
commonlii-LKCA-1957-28,SRC030,Civil Procedure Code,statute,3,428;429;432,exact_title,candidate
commonlii-LKCA-1957-29,SRC030,Civil Procedure Code,statute,4,49;61;282,exact_title,candidate
commonlii-LKCA-1957-29,SRC064,Mortgage Act,statute,5,49;50;61;282,exact_title,candidate
commonlii-LKCA-1957-30,SRC030,Civil Procedure Code,statute,3,187,exact_title,candidate
commonlii-LKCA-1957-36,SRC030,Civil Procedure Code,statute,6,10;218;219;247,exact_title,candidate
commonlii-LKCA-1957-36,SRC071,Prescription Ordinance,statute,1,10;218,exact_title,candidate
commonlii-LKCA-1957-40,SRC001,Prevention of Frauds Ordinance,statute,3,7;21;30;524;526,exact_title,candidate
commonlii-LKCA-1957-40,SRC014,Notaries Ordinance,statute,5,7;30;524;526,exact_title,candidate
commonlii-LKCA-1957-40,SRC030,Civil Procedure Code,statute,2,7;30;524;526,exact_title,candidate
commonlii-LKCA-1957-43,SRC030,Civil Procedure Code,statute,3,48;480;501,exact_title,candidate
commonlii-LKCA-1957-46,SRC030,Civil Procedure Code,statute,1,35,exact_title,candidate
commonlii-LKCA-1957-5,SRC030,Civil Procedure Code,statute,4,750;756;757,exact_title,candidate
commonlii-LKCA-1957-50,SRC029,Evidence Ordinance,statute,1,90,exact_title,candidate
commonlii-LKCA-1957-51,SRC001,Prevention of Frauds Ordinance,statute,9,2;4;5;51,exact_title,candidate
commonlii-LKCA-1957-51,SRC005,Registration of Documents Ordinance,statute,1,,exact_title,candidate
commonlii-LKCA-1957-51,SRC059,Trusts Ordinance,statute,2,2;5,exact_title,candidate
commonlii-LKCA-1957-58,SRC059,Trusts Ordinance,statute,2,111,exact_title,candidate
commonlii-LKCA-1957-58,SRC071,Prescription Ordinance,statute,5,111,exact_title,candidate
commonlii-LKCA-1957-63,SRC024,Wills Ordinance,statute,1,7;18,exact_title,candidate
commonlii-LKCA-1957-64,SRC001,Prevention of Frauds Ordinance,statute,1,2;92,exact_title,candidate
commonlii-LKCA-1957-64,SRC029,Evidence Ordinance,statute,12,7;21;51;92,exact_title,candidate
commonlii-LKCA-1957-65,SRC029,Evidence Ordinance,statute,5,68;69;71,exact_title,candidate
commonlii-LKCA-1957-68,SRC059,Trusts Ordinance,statute,2,3,exact_title,candidate
commonlii-LKCA-1957-69,SRC001,Prevention of Frauds Ordinance,statute,2,2;7;8;9;11;12;16;17,exact_title,candidate
commonlii-LKCA-1957-69,SRC005,Registration of Documents Ordinance,statute,4,2;7;8;9;10;11;12;16;17,exact_title,candidate
commonlii-LKCA-1957-69,SRC024,Wills Ordinance,statute,2,2;7;8;9;11;12;16;17,exact_title,candidate
commonlii-LKCA-1957-69,SRC077,Registration of Old Deeds and Instruments Ordinance,statute,4,2;7;8;9;10;11;12;16;17,exact_title,candidate
commonlii-LKCA-1957-72,SRC005,Registration of Documents Ordinance,statute,5,2;7;15;66,exact_title,candidate
commonlii-LKCA-1957-75,SRC051,Land Acquisition Act,statute,7,3;5;6;9;10,exact_title,candidate
commonlii-LKCA-1957-76,SRC050,Land Development Ordinance,statute,6,42;71,exact_title,candidate
commonlii-LKCA-1957-77,SRC001,Prevention of Frauds Ordinance,statute,2,2;9,exact_title,candidate
commonlii-LKCA-1957-91,SRC030,Civil Procedure Code,statute,2,79,exact_title,candidate
commonlii-LKCA-1957-93,SRC071,Prescription Ordinance,statute,12,3;4,exact_title,candidate
commonlii-LKCA-1958-11,SRC049,Buddhist Temporalities Ordinance,statute,10,2;3;113,exact_title,candidate
commonlii-LKCA-1958-11,SRC059,Trusts Ordinance,statute,5,2;113,exact_title,candidate
commonlii-LKCA-1958-12,SRC049,Buddhist Temporalities Ordinance,statute,3,41,exact_title,candidate
commonlii-LKCA-1958-13,SRC059,Trusts Ordinance,statute,2,6,exact_title,candidate
commonlii-LKCA-1958-14,SRC049,Buddhist Temporalities Ordinance,statute,1,41,exact_title,candidate
commonlii-LKCA-1958-14,SRC059,Trusts Ordinance,statute,1,,exact_title,candidate
commonlii-LKCA-1958-15,SRC029,Evidence Ordinance,statute,11,5;6;7;8;32;84;154,exact_title,candidate
commonlii-LKCA-1958-15,SRC030,Civil Procedure Code,statute,1,154,exact_title,candidate
commonlii-LKCA-1958-15,SRC059,Trusts Ordinance,statute,4,5;6;7;8;32;84,exact_title,candidate
commonlii-LKCA-1958-17,SRC005,Registration of Documents Ordinance,statute,1,237;238;239,exact_title,candidate
commonlii-LKCA-1958-17,SRC030,Civil Procedure Code,statute,5,218;223;226;235;237;238;239;255;256;258;259;326;342;343;349,exact_title,candidate
commonlii-LKCA-1958-18,SRC030,Civil Procedure Code,statute,9,2;3;5;6;8;42;86;90;217;394;398,exact_title,candidate
commonlii-LKCA-1958-18,SRC050,Land Development Ordinance,statute,3,2;3;5;6;8;42;86;90;217,exact_title,candidate
commonlii-LKCA-1958-18,SRC051,Land Acquisition Act,statute,4,3;5;217,exact_title,candidate
commonlii-LKCA-1958-19,SRC005,Registration of Documents Ordinance,statute,3,12;51;67;93,exact_title,candidate
commonlii-LKCA-1958-19,SRC030,Civil Procedure Code,statute,3,12;16;23;26;93,exact_title,candidate
commonlii-LKCA-1958-2,SRC029,Evidence Ordinance,statute,3,3;4;5;6;34;54;84;184;206;207;406,exact_title,candidate
commonlii-LKCA-1958-2,SRC030,Civil Procedure Code,statute,15,3;4;34;54;84;184;185;186;187;188;206;207;406,exact_title,candidate
commonlii-LKCA-1958-2,SRC049,Buddhist Temporalities Ordinance,statute,3,12;21;27;54,exact_title,candidate
commonlii-LKCA-1958-2,SRC051,Land Acquisition Act,statute,31,3;4;5;6;7;10;16;36;37;62,exact_title,candidate
commonlii-LKCA-1958-20,SRC030,Civil Procedure Code,statute,4,217;325;327;405,exact_title,candidate
commonlii-LKCA-1958-20,SRC064,Mortgage Act,statute,1,16,exact_title,candidate
commonlii-LKCA-1958-21,SRC030,Civil Procedure Code,statute,3,9,exact_title,candidate
commonlii-LKCA-1958-22,SRC030,Civil Procedure Code,statute,7,10;18;77;79;208;209,exact_title,candidate
commonlii-LKCA-1958-23,SRC030,Civil Procedure Code,statute,2,331;332,exact_title,candidate
commonlii-LKCA-1958-25,SRC030,Civil Procedure Code,statute,13,2;3;8;13;244;247;658;659,exact_title,candidate
commonlii-LKCA-1958-28,SRC030,Civil Procedure Code,statute,5,5;7;146,exact_title,candidate
commonlii-LKCA-1958-28,SRC071,Prescription Ordinance,statute,5,5;7,exact_title,candidate
commonlii-LKCA-1958-30,SRC030,Civil Procedure Code,statute,9,11;14;16;18;219,exact_title,candidate
commonlii-LKCA-1958-30,SRC064,Mortgage Act,statute,7,11;14;16;18,exact_title,candidate
commonlii-LKCA-1958-33,SRC071,Prescription Ordinance,statute,2,3,exact_title,candidate
commonlii-LKCA-1958-34,SRC071,Prescription Ordinance,statute,1,3,exact_title,candidate
commonlii-LKCA-1958-35,SRC005,Registration of Documents Ordinance,statute,2,11,exact_title,candidate
commonlii-LKCA-1958-4,SRC005,Registration of Documents Ordinance,statute,4,6;7;10,exact_title,candidate
commonlii-LKCA-1958-4,SRC071,Prescription Ordinance,statute,1,3,exact_title,candidate
commonlii-LKCA-1958-40,SRC001,Prevention of Frauds Ordinance,statute,5,2;30,exact_title,candidate
commonlii-LKCA-1958-40,SRC014,Notaries Ordinance,statute,4,2;30,exact_title,candidate
commonlii-LKCA-1958-44,SRC029,Evidence Ordinance,statute,7,8;9;25;26;32;48;50,exact_title,candidate
commonlii-LKCA-1958-46,SRC029,Evidence Ordinance,statute,9,17;18;21;32;50,exact_title,candidate
commonlii-LKCA-1958-47,SRC054,Land Settlement Ordinance,statute,3,8,exact_title,candidate
commonlii-LKCA-1958-48,SRC030,Civil Procedure Code,statute,1,,exact_title,candidate
commonlii-LKCA-1958-48,SRC059,Trusts Ordinance,statute,5,90,exact_title,candidate
commonlii-LKCA-1958-50,SRC001,Prevention of Frauds Ordinance,statute,10,18;21,exact_title,candidate
commonlii-LKCA-1958-50,SRC059,Trusts Ordinance,statute,2,90;96,exact_title,candidate
commonlii-LKCA-1958-52,SRC051,Land Acquisition Act,statute,1,3,exact_title,candidate
commonlii-LKCA-1958-61,SRC071,Prescription Ordinance,statute,5,9;10;14,exact_title,candidate
commonlii-LKCA-1958-62,SRC030,Civil Procedure Code,statute,1,4,exact_title,candidate
commonlii-LKCA-1958-64,SRC030,Civil Procedure Code,statute,1,14,exact_title,candidate
commonlii-LKCA-1958-67,SRC071,Prescription Ordinance,statute,2,8,exact_title,candidate
commonlii-LKCA-1958-68,SRC071,Prescription Ordinance,statute,3,6;7;8;10,exact_title,candidate
commonlii-LKCA-1958-7,SRC030,Civil Procedure Code,statute,3,756,exact_title,candidate
commonlii-LKCA-1958-71,SRC030,Civil Procedure Code,statute,1,595,exact_title,candidate
commonlii-LKCA-1958-72,SRC005,Registration of Documents Ordinance,statute,5,7;26,exact_title,candidate
commonlii-LKCA-1958-73,SRC071,Prescription Ordinance,statute,1,10,exact_title,candidate
commonlii-LKCA-1958-74,SRC071,Prescription Ordinance,statute,5,3,exact_title,candidate
commonlii-LKCA-1959-1,SRC030,Civil Procedure Code,statute,2,17;18;79,exact_title,candidate
commonlii-LKCA-1959-10,SRC071,Prescription Ordinance,statute,4,3,exact_title,candidate
commonlii-LKCA-1959-16,SRC030,Civil Procedure Code,statute,15,3;7;92;537;754;756,exact_title,candidate
commonlii-LKCA-1959-17,SRC030,Civil Procedure Code,statute,3,3;20f;756;757,exact_title,candidate
commonlii-LKCA-1959-18,SRC001,Prevention of Frauds Ordinance,statute,3,,exact_title,candidate
commonlii-LKCA-1959-19,SRC029,Evidence Ordinance,statute,1,116,exact_title,candidate
commonlii-LKCA-1959-19,SRC049,Buddhist Temporalities Ordinance,statute,5,41,exact_title,candidate
commonlii-LKCA-1959-21,SRC030,Civil Procedure Code,statute,1,772,exact_title,candidate
commonlii-LKCA-1959-27,SRC001,Prevention of Frauds Ordinance,statute,2,2;18,exact_title,candidate
commonlii-LKCA-1959-27,SRC030,Civil Procedure Code,statute,6,2;18,exact_title,candidate
commonlii-LKCA-1959-3,SRC030,Civil Procedure Code,statute,4,536;549,exact_title,candidate
commonlii-LKCA-1959-31,SRC030,Civil Procedure Code,statute,4,17;247,exact_title,candidate
commonlii-LKCA-1959-37,SRC064,Mortgage Act,statute,4,4;45,exact_title,candidate
commonlii-LKCA-1959-38,SRC029,Evidence Ordinance,statute,3,3;13;114,exact_title,candidate
commonlii-LKCA-1959-38,SRC071,Prescription Ordinance,statute,12,3;13;114,exact_title,candidate
commonlii-LKCA-1959-40,SRC030,Civil Procedure Code,statute,4,47;57;74;137;294;295;358;428;429;650;656;663;682;713;717,exact_title,candidate
commonlii-LKCA-1959-40,SRC040,Surveyors Ordinance,statute,1,47,exact_title,candidate
commonlii-LKCA-1959-50,SRC071,Prescription Ordinance,statute,4,3,exact_title,candidate
commonlii-LKCA-1959-52,SRC005,Registration of Documents Ordinance,statute,1,,exact_title,candidate
commonlii-LKCA-1959-52,SRC029,Evidence Ordinance,statute,14,2;13;64;65;91;101;107;108;114,exact_title,candidate
commonlii-LKCA-1959-52,SRC071,Prescription Ordinance,statute,4,2;3;13;64;65;91;101;107;108;114,exact_title,candidate
commonlii-LKCA-1959-52,SRC078,Sannases and Old Deeds Ordinance,statute,1,,exact_title,candidate
commonlii-LKCA-1959-53,SRC030,Civil Procedure Code,statute,5,79;325;327;377;384,exact_title,candidate
commonlii-LKCA-1959-55,SRC071,Prescription Ordinance,statute,1,,exact_title,candidate
commonlii-LKCA-1959-56,SRC030,Civil Procedure Code,statute,1,582;585,exact_title,candidate
commonlii-LKCA-1959-68,SRC064,Mortgage Act,statute,5,5;26;31,exact_title,candidate
commonlii-LKCA-1959-68,SRC071,Prescription Ordinance,statute,1,,exact_title,candidate
commonlii-LKCA-1959-69,SRC030,Civil Procedure Code,statute,2,25;26;70;188,exact_title,candidate
commonlii-LKCA-1959-7,SRC030,Civil Procedure Code,statute,3,71;86;671,exact_title,candidate
commonlii-LKCA-1959-73,SRC059,Trusts Ordinance,statute,11,2;13;99,exact_title,candidate
commonlii-LKCA-1960-1,SRC029,Evidence Ordinance,statute,3,5;114,exact_title,candidate
commonlii-LKCA-1960-1,SRC049,Buddhist Temporalities Ordinance,statute,2,27,exact_title,candidate
commonlii-LKCA-1960-1,SRC050,Land Development Ordinance,statute,1,1;3,exact_title,candidate
commonlii-LKCA-1960-1,SRC051,Land Acquisition Act,statute,3,3;4;5;114,exact_title,candidate
commonlii-LKCA-1960-13,SRC030,Civil Procedure Code,statute,3,756,exact_title,candidate
commonlii-LKCA-1960-16,SRC030,Civil Procedure Code,statute,9,146,exact_title,candidate
commonlii-LKCA-1960-19,SRC029,Evidence Ordinance,statute,3,34;41;42;100;207;330;406,exact_title,candidate
commonlii-LKCA-1960-19,SRC030,Civil Procedure Code,statute,6,34;41;42;100;207;330;406,exact_title,candidate
commonlii-LKCA-1960-19,SRC049,Buddhist Temporalities Ordinance,statute,2,,exact_title,candidate
commonlii-LKCA-1960-2,SRC014,Notaries Ordinance,statute,1,30,exact_title,candidate
commonlii-LKCA-1960-2,SRC030,Civil Procedure Code,statute,2,1;3;4;463;464,exact_title,candidate
commonlii-LKCA-1960-2,SRC050,Land Development Ordinance,statute,3,1;2;3;4,exact_title,candidate
commonlii-LKCA-1960-2,SRC051,Land Acquisition Act,statute,5,1;3;4;5,exact_title,candidate
commonlii-LKCA-1960-22,SRC005,Registration of Documents Ordinance,statute,2,237;238,exact_title,candidate
commonlii-LKCA-1960-22,SRC030,Civil Procedure Code,statute,6,237;238,exact_title,candidate
commonlii-LKCA-1960-26,SRC030,Civil Procedure Code,statute,6,48A;253;348,exact_title,candidate
commonlii-LKCA-1960-27,SRC030,Civil Procedure Code,statute,6,8;16,exact_title,candidate
commonlii-LKCA-1960-27,SRC059,Trusts Ordinance,statute,1,,exact_title,candidate
commonlii-LKCA-1960-29,SRC030,Civil Procedure Code,statute,5,287;323;325;326,exact_title,candidate
commonlii-LKCA-1960-3,SRC014,Notaries Ordinance,statute,1,30,exact_title,candidate
commonlii-LKCA-1960-3,SRC030,Civil Procedure Code,statute,6,163;166,exact_title,candidate
commonlii-LKCA-1960-30,SRC030,Civil Procedure Code,statute,4,7;9;10;11;12;18,exact_title,candidate
commonlii-LKCA-1960-30,SRC051,Land Acquisition Act,statute,4,7;9;10;11;12;18,exact_title,candidate
commonlii-LKCA-1960-34,SRC030,Civil Procedure Code,statute,3,3;337,exact_title,candidate
commonlii-LKCA-1960-34,SRC071,Prescription Ordinance,statute,6,3;337,exact_title,candidate
commonlii-LKCA-1960-35,SRC029,Evidence Ordinance,statute,3,100;207,exact_title,candidate
commonlii-LKCA-1960-35,SRC030,Civil Procedure Code,statute,4,100;207;324,exact_title,candidate
commonlii-LKCA-1960-37,SRC030,Civil Procedure Code,statute,2,5;344,exact_title,candidate
commonlii-LKCA-1960-39,SRC059,Trusts Ordinance,statute,1,9,exact_title,candidate
commonlii-LKCA-1960-41,SRC042,Urban Councils Ordinance,statute,5,30;46;48;156;158;170;272;372,exact_title,candidate
commonlii-LKCA-1960-41,SRC061,Municipal Councils Ordinance,statute,2,46;48;156;158;170;272;372,exact_title,candidate
commonlii-LKCA-1960-43,SRC030,Civil Procedure Code,statute,1,,exact_title,candidate
commonlii-LKCA-1960-43,SRC071,Prescription Ordinance,statute,2,3;15,exact_title,candidate
commonlii-LKCA-1960-46,SRC001,Prevention of Frauds Ordinance,statute,3,2;83;92,exact_title,candidate
commonlii-LKCA-1960-46,SRC029,Evidence Ordinance,statute,3,2;83;92,exact_title,candidate
commonlii-LKCA-1960-46,SRC059,Trusts Ordinance,statute,10,2;3;5;83;92,exact_title,candidate
commonlii-LKCA-1960-49,SRC071,Prescription Ordinance,statute,7,6;8;12,exact_title,candidate
commonlii-LKCA-1960-6,SRC030,Civil Procedure Code,statute,13,17;29;756;757,exact_title,candidate
commonlii-LKCA-1960-62,SRC071,Prescription Ordinance,statute,4,3,exact_title,candidate
commonlii-LKCA-1960-64,SRC030,Civil Procedure Code,statute,4,13;113;392;395;404,exact_title,candidate
commonlii-LKCA-1960-64,SRC059,Trusts Ordinance,statute,3,13;113;392;395;404,exact_title,candidate
commonlii-LKCA-1960-70,SRC004,Matrimonial Rights and Inheritance Ordinance,statute,1,40,exact_title,candidate
commonlii-LKCA-1960-72,SRC059,Trusts Ordinance,statute,4,112;113,exact_title,candidate
commonlii-LKCA-1961-11,SRC059,Trusts Ordinance,statute,3,2;7;99,exact_title,candidate
commonlii-LKCA-1961-12,SRC030,Civil Procedure Code,statute,5,84;85;86;188;192;206;207,exact_title,candidate
commonlii-LKCA-1961-14,SRC004,Matrimonial Rights and Inheritance Ordinance,statute,1,8,exact_title,candidate
commonlii-LKCA-1961-14,SRC030,Civil Procedure Code,statute,10,6;8;617;618,exact_title,candidate
commonlii-LKCA-1961-15,SRC030,Civil Procedure Code,statute,2,2;23;25;26;839,exact_title,candidate
commonlii-LKCA-1961-16,SRC030,Civil Procedure Code,statute,5,72;408;500,exact_title,candidate
commonlii-LKCA-1961-23,SRC071,Prescription Ordinance,statute,8,3;13,exact_title,candidate
commonlii-LKCA-1961-25,SRC071,Prescription Ordinance,statute,2,7,exact_title,candidate
commonlii-LKCA-1961-3,SRC030,Civil Procedure Code,statute,6,247;520;521;536;538;541;549,exact_title,candidate
commonlii-LKCA-1961-30,SRC004,Matrimonial Rights and Inheritance Ordinance,statute,2,6;8;19,exact_title,candidate
commonlii-LKCA-1961-30,SRC030,Civil Procedure Code,statute,1,84,exact_title,candidate
commonlii-LKCA-1961-31,SRC029,Evidence Ordinance,statute,5,5;45;47;59,exact_title,candidate
commonlii-LKCA-1961-32,SRC029,Evidence Ordinance,statute,3,2;92,exact_title,candidate
commonlii-LKCA-1961-33,SRC029,Evidence Ordinance,statute,2,2;3;26;36;44;48;49,exact_title,candidate
commonlii-LKCA-1961-38,SRC030,Civil Procedure Code,statute,3,5;218;696,exact_title,candidate
commonlii-LKCA-1961-38,SRC071,Prescription Ordinance,statute,6,3;5;6;10;16;40;41,exact_title,candidate
commonlii-LKCA-1961-49,SRC064,Mortgage Act,statute,2,26,exact_title,candidate
commonlii-LKCA-1961-49,SRC071,Prescription Ordinance,statute,1,,exact_title,candidate
commonlii-LKCA-1961-52,SRC030,Civil Procedure Code,statute,2,508,exact_title,candidate
commonlii-LKCA-1961-53,SRC005,Registration of Documents Ordinance,statute,9,7;13;15;16;49,exact_title,candidate
commonlii-LKCA-1961-55,SRC059,Trusts Ordinance,statute,2,57;58,exact_title,candidate
commonlii-LKCA-1962-16,SRC030,Civil Procedure Code,statute,3,42;137;138;141;219;839,exact_title,candidate
commonlii-LKCA-1962-2,SRC030,Civil Procedure Code,statute,25,4;80;82;83;402;403,exact_title,candidate
commonlii-LKCA-1962-29,SRC030,Civil Procedure Code,statute,3,3;5;6;8,exact_title,candidate
commonlii-LKCA-1962-30,SRC030,Civil Procedure Code,statute,6,6;8;476;479;480,exact_title,candidate
commonlii-LKCA-1962-31,SRC005,Registration of Documents Ordinance,statute,1,32;653,exact_title,candidate
commonlii-LKCA-1962-31,SRC030,Civil Procedure Code,statute,9,4;244;245;247;653,exact_title,candidate
commonlii-LKCA-1962-34,SRC030,Civil Procedure Code,statute,14,61;216;218;247,exact_title,candidate
commonlii-LKCA-1962-35,SRC030,Civil Procedure Code,statute,3,7;93;146,exact_title,candidate
commonlii-LKCA-1962-35,SRC064,Mortgage Act,statute,2,7;93;146,exact_title,candidate
commonlii-LKCA-1962-4,SRC030,Civil Procedure Code,statute,3,13,exact_title,candidate
commonlii-LKCA-1962-41,SRC005,Registration of Documents Ordinance,statute,1,48,exact_title,candidate
commonlii-LKCA-1962-5,SRC030,Civil Procedure Code,statute,5,547,exact_title,candidate
commonlii-LKCA-1962-51,SRC029,Evidence Ordinance,statute,3,32,exact_title,candidate
commonlii-LKCA-1962-52,SRC029,Evidence Ordinance,statute,1,115,exact_title,candidate
commonlii-LKCA-1962-56,SRC030,Civil Procedure Code,statute,1,772,exact_title,candidate
commonlii-LKCA-1962-56,SRC071,Prescription Ordinance,statute,3,10,exact_title,candidate
commonlii-LKCA-1962-6,SRC030,Civil Procedure Code,statute,2,513;518;534,exact_title,candidate
commonlii-LKCA-1962-66,SRC005,Registration of Documents Ordinance,statute,1,17;67,exact_title,candidate
commonlii-LKCA-1962-67,SRC001,Prevention of Frauds Ordinance,statute,5,18;90;96,exact_title,candidate
commonlii-LKCA-1962-67,SRC059,Trusts Ordinance,statute,3,18;90;96,exact_title,candidate
commonlii-LKCA-1962-68,SRC071,Prescription Ordinance,statute,10,8;10;59,exact_title,candidate
commonlii-LKCA-1962-69,SRC030,Civil Procedure Code,statute,4,3;16;18;109;219,exact_title,candidate
commonlii-LKCA-1962-69,SRC064,Mortgage Act,statute,2,3;16;18,exact_title,candidate
commonlii-LKCA-1962-70,SRC005,Registration of Documents Ordinance,statute,5,7;10,exact_title,candidate
commonlii-LKCA-1962-72,SRC005,Registration of Documents Ordinance,statute,4,7;14;31,exact_title,candidate
commonlii-LKCA-1962-72,SRC014,Notaries Ordinance,statute,2,7;14;31,exact_title,candidate
commonlii-LKCA-1962-72,SRC029,Evidence Ordinance,statute,1,58,exact_title,candidate
commonlii-LKCA-1962-73,SRC005,Registration of Documents Ordinance,statute,5,1;12;13;14,exact_title,candidate
commonlii-LKCA-1964-1,SRC030,Civil Procedure Code,statute,6,741,exact_title,candidate
commonlii-LKCA-1964-10,SRC049,Buddhist Temporalities Ordinance,statute,1,34,exact_title,candidate
commonlii-LKCA-1964-11,SRC049,Buddhist Temporalities Ordinance,statute,1,41,exact_title,candidate
commonlii-LKCA-1964-15,SRC005,Registration of Documents Ordinance,statute,3,8;11;12;13;26;48;70,exact_title,candidate
commonlii-LKCA-1964-15,SRC029,Evidence Ordinance,statute,2,44,exact_title,candidate
commonlii-LKCA-1964-15,SRC030,Civil Procedure Code,statute,2,48;84;86;87;189;207;707;839,exact_title,candidate
commonlii-LKCA-1964-2,SRC030,Civil Procedure Code,statute,8,121;353;553;554;720;721,exact_title,candidate
commonlii-LKCA-1964-3,SRC030,Civil Procedure Code,statute,5,518;538;540;551;554;712;716;718;719;724;726;729;732;739,exact_title,candidate
commonlii-LKCA-1964-43,SRC071,Prescription Ordinance,statute,4,6;10,exact_title,candidate
commonlii-LKCA-1964-44,SRC071,Prescription Ordinance,statute,6,2;3,exact_title,candidate
commonlii-LKCA-1965-14,SRC005,Registration of Documents Ordinance,statute,2,9;44,exact_title,candidate
commonlii-LKCA-1965-14,SRC030,Civil Procedure Code,statute,4,9;44,exact_title,candidate
commonlii-LKCA-1965-15,SRC030,Civil Procedure Code,statute,6,547,exact_title,candidate
commonlii-LKCA-1965-16,SRC030,Civil Procedure Code,statute,2,35;46,exact_title,candidate
commonlii-LKCA-1965-20,SRC030,Civil Procedure Code,statute,4,10;12;13;21;93,exact_title,candidate
commonlii-LKCA-1965-20,SRC051,Land Acquisition Act,statute,5,10;12;13;21;93,exact_title,candidate
commonlii-LKCA-1965-22,SRC030,Civil Procedure Code,statute,3,58;226;346,exact_title,candidate
commonlii-LKCA-1965-28,SRC030,Civil Procedure Code,statute,14,24;25;27;333;334;392;393;394,exact_title,candidate
commonlii-LKCA-1965-32,SRC030,Civil Procedure Code,statute,1,325,exact_title,candidate
commonlii-LKCA-1965-32,SRC048,Muslim Intestate Succession Ordinance,statute,2,3;4,exact_title,candidate
commonlii-LKCA-1965-5,SRC030,Civil Procedure Code,statute,12,374;377A;379;524;525;529;532;533;536;537;538;839,exact_title,candidate
commonlii-LKCA-1965-58,SRC005,Registration of Documents Ordinance,statute,1,19;23,exact_title,candidate
commonlii-LKCA-1965-58,SRC029,Evidence Ordinance,statute,1,44,exact_title,candidate
commonlii-LKCA-1965-58,SRC030,Civil Procedure Code,statute,6,9;26;43;46;50;225;226,exact_title,candidate
commonlii-LKCA-1965-60,SRC030,Civil Procedure Code,statute,2,48,exact_title,candidate
commonlii-LKCA-1965-62,SRC005,Registration of Documents Ordinance,statute,8,12;13;26;36;48;51;67;70,exact_title,candidate
commonlii-LKCA-1965-62,SRC029,Evidence Ordinance,statute,1,44;48;70,exact_title,candidate
commonlii-LKCA-1965-9,SRC071,Prescription Ordinance,statute,2,7;24,exact_title,candidate
commonlii-LKCA-1966-1,SRC030,Civil Procedure Code,statute,4,5;40;62;217,exact_title,candidate
commonlii-LKCA-1966-16,SRC030,Civil Procedure Code,statute,5,5;325;326;327;327A;328;329;330,exact_title,candidate
commonlii-LKCA-1966-18,SRC004,Matrimonial Rights and Inheritance Ordinance,statute,2,2,exact_title,candidate
commonlii-LKCA-1966-18,SRC030,Civil Procedure Code,statute,1,11,exact_title,candidate
commonlii-LKCA-1966-28,SRC005,Registration of Documents Ordinance,statute,2,7,exact_title,candidate
commonlii-LKCA-1966-39,SRC028,Rent Act,statute,2,,exact_title,candidate
commonlii-LKCA-1966-4,SRC014,Notaries Ordinance,statute,2,31;38,exact_title,candidate
commonlii-LKCA-1966-52,SRC005,Registration of Documents Ordinance,statute,1,2;8;10,exact_title,candidate
commonlii-LKCA-1966-53,SRC004,Matrimonial Rights and Inheritance Ordinance,statute,5,6;8;19;20;37,exact_title,candidate
commonlii-LKCA-1966-53,SRC045,Matrimonial Rights and Inheritance (Jaffna) Ordinance,statute,2,19,exact_title,candidate
commonlii-LKCA-1966-54,SRC030,Civil Procedure Code,statute,3,33;34;49,exact_title,candidate
commonlii-LKCA-1966-6,SRC030,Civil Procedure Code,statute,5,189;480,exact_title,candidate
commonlii-LKCA-1966-8,SRC030,Civil Procedure Code,statute,3,5;89,exact_title,candidate
commonlii-LKCA-1967-1,SRC049,Buddhist Temporalities Ordinance,statute,6,4;20;21,exact_title,candidate
commonlii-LKCA-1967-1,SRC059,Trusts Ordinance,statute,1,,exact_title,candidate
commonlii-LKCA-1967-1,SRC071,Prescription Ordinance,statute,1,,exact_title,candidate
commonlii-LKCA-1967-16,SRC030,Civil Procedure Code,statute,5,6;34;90;111,exact_title,candidate
commonlii-LKCA-1967-16,SRC059,Trusts Ordinance,statute,5,6;34;90;111,exact_title,candidate
commonlii-LKCA-1967-16,SRC071,Prescription Ordinance,statute,5,6;34;90;111,exact_title,candidate
commonlii-LKCA-1967-17,SRC030,Civil Procedure Code,statute,8,35;36;75;408,exact_title,candidate
commonlii-LKCA-1967-23,SRC030,Civil Procedure Code,statute,2,18,exact_title,candidate
commonlii-LKCA-1967-24,SRC005,Registration of Documents Ordinance,statute,3,5;6;8;9;12;13,exact_title,candidate
commonlii-LKCA-1967-24,SRC064,Mortgage Act,statute,16,5;6;8;9;10;12;13;14;15;16;18;25;29;31;37,exact_title,candidate
commonlii-LKCA-1967-27,SRC004,Matrimonial Rights and Inheritance Ordinance,statute,4,37,exact_title,candidate
commonlii-LKCA-1967-3,SRC030,Civil Procedure Code,statute,3,6;729,exact_title,candidate
commonlii-LKCA-1967-3,SRC059,Trusts Ordinance,statute,2,6,exact_title,candidate
commonlii-LKCA-1967-33,SRC001,Prevention of Frauds Ordinance,statute,1,18,exact_title,candidate
commonlii-LKCA-1967-33,SRC071,Prescription Ordinance,statute,8,3;7;38;51;458,exact_title,candidate
commonlii-LKCA-1967-38,SRC071,Prescription Ordinance,statute,1,4,exact_title,candidate
commonlii-LKCA-1967-40,SRC001,Prevention of Frauds Ordinance,statute,3,2;30;40;43;56;64;92,exact_title,candidate
commonlii-LKCA-1967-40,SRC029,Evidence Ordinance,statute,2,2;30;40;43;56;64;92,exact_title,candidate
commonlii-LKCA-1967-43,SRC029,Evidence Ordinance,statute,3,116,exact_title,candidate
commonlii-LKCA-1967-47,SRC029,Evidence Ordinance,statute,4,116,exact_title,candidate
commonlii-LKCA-1967-47,SRC061,Municipal Councils Ordinance,statute,1,233,exact_title,candidate
commonlii-LKCA-1967-5,SRC030,Civil Procedure Code,statute,3,37;189,exact_title,candidate
commonlii-LKCA-1967-50,SRC030,Civil Procedure Code,statute,1,5;10,exact_title,candidate
commonlii-LKCA-1967-50,SRC059,Trusts Ordinance,statute,4,2;10;14;28;91,exact_title,candidate
commonlii-LKCA-1967-50,SRC071,Prescription Ordinance,statute,10,2;5;7;10;13;14;26;28;91,exact_title,candidate
commonlii-LKCA-1967-57,SRC030,Civil Procedure Code,statute,1,111;218,exact_title,candidate
commonlii-LKCA-1967-57,SRC064,Mortgage Act,statute,12,105;110;111;113;218,exact_title,candidate
commonlii-LKCA-1967-72,SRC059,Trusts Ordinance,statute,10,40;91;93,exact_title,candidate
commonlii-LKCA-1967-78,SRC004,Matrimonial Rights and Inheritance Ordinance,statute,3,23;26,exact_title,candidate
commonlii-LKCA-1968-1,SRC030,Civil Procedure Code,statute,6,34;36;207,exact_title,candidate
commonlii-LKCA-1968-11,SRC030,Civil Procedure Code,statute,3,10;398,exact_title,candidate
commonlii-LKCA-1968-11,SRC071,Prescription Ordinance,statute,9,10;398,exact_title,candidate
commonlii-LKCA-1968-12,SRC030,Civil Procedure Code,statute,9,48;59;81;85;86;87,exact_title,candidate
commonlii-LKCA-1968-12,SRC064,Mortgage Act,statute,8,48;59;81;85;86;87,exact_title,candidate
commonlii-LKCA-1968-13,SRC030,Civil Procedure Code,statute,1,10;76;473,exact_title,candidate
commonlii-LKCA-1968-13,SRC059,Trusts Ordinance,statute,10,10;70;76;111;112;473,exact_title,candidate
commonlii-LKCA-1968-14,SRC030,Civil Procedure Code,statute,5,36;793;796,exact_title,candidate
commonlii-LKCA-1968-18,SRC005,Registration of Documents Ordinance,statute,2,13;26;36;48,exact_title,candidate
commonlii-LKCA-1968-18,SRC029,Evidence Ordinance,statute,1,26;44;48,exact_title,candidate
commonlii-LKCA-1968-18,SRC030,Civil Procedure Code,statute,13,2;5;6;9;26;36;48;79;187;188;189,exact_title,candidate
commonlii-LKCA-1968-20,SRC030,Civil Procedure Code,statute,2,188;605,exact_title,candidate
commonlii-LKCA-1968-22,SRC030,Civil Procedure Code,statute,2,2;4;9;93,exact_title,candidate
commonlii-LKCA-1968-26,SRC064,Mortgage Act,statute,3,65,exact_title,candidate
commonlii-LKCA-1968-27,SRC001,Prevention of Frauds Ordinance,statute,3,2;91;92,exact_title,candidate
commonlii-LKCA-1968-27,SRC029,Evidence Ordinance,statute,2,2;91;92,exact_title,candidate
commonlii-LKCA-1968-3,SRC030,Civil Procedure Code,statute,8,146;181;386;533,exact_title,candidate
commonlii-LKCA-1968-31,SRC001,Prevention of Frauds Ordinance,statute,8,2,exact_title,candidate
commonlii-LKCA-1968-34,SRC064,Mortgage Act,statute,9,30;31;40;43,exact_title,candidate
commonlii-LKCA-1968-36,SRC001,Prevention of Frauds Ordinance,statute,3,2;31;68;69;71,exact_title,candidate
commonlii-LKCA-1968-36,SRC014,Notaries Ordinance,statute,3,2;31;68;69;71,exact_title,candidate
commonlii-LKCA-1968-36,SRC029,Evidence Ordinance,statute,14,2;31;68;69;71,exact_title,candidate
commonlii-LKCA-1968-40,SRC001,Prevention of Frauds Ordinance,statute,2,4,exact_title,candidate
commonlii-LKCA-1968-53,SRC071,Prescription Ordinance,statute,3,3,exact_title,candidate
commonlii-LKCA-1968-8,SRC029,Evidence Ordinance,statute,5,100;116,exact_title,candidate
commonlii-LKCA-1968-8,SRC071,Prescription Ordinance,statute,1,,exact_title,candidate
commonlii-LKCA-1969-1,SRC029,Evidence Ordinance,statute,2,2;3;7;22;27;63;65;82;98,exact_title,candidate
commonlii-LKCA-1969-1,SRC030,Civil Procedure Code,statute,4,22;27;98;502,exact_title,candidate
commonlii-LKCA-1969-1,SRC071,Prescription Ordinance,statute,3,2;3;7;22;27;65;82;98,exact_title,candidate
commonlii-LKCA-1969-13,SRC030,Civil Procedure Code,statute,13,5;10;12;25;29;63;66;71;76;79;84;85;207;403;406;547,exact_title,candidate
commonlii-LKCA-1969-14,SRC030,Civil Procedure Code,statute,3,71;93,exact_title,candidate
commonlii-LKCA-1969-16,SRC030,Civil Procedure Code,statute,3,50;61;260;261;262,exact_title,candidate
commonlii-LKCA-1969-16,SRC064,Mortgage Act,statute,4,50;61;260;262,exact_title,candidate
commonlii-LKCA-1969-27,SRC064,Mortgage Act,statute,3,40;43,exact_title,candidate
commonlii-LKCA-1969-30,SRC004,Matrimonial Rights and Inheritance Ordinance,statute,2,24,exact_title,candidate
commonlii-LKCA-1969-33,SRC030,Civil Procedure Code,statute,1,741,exact_title,candidate
commonlii-LKCA-1970-10,SRC030,Civil Procedure Code,statute,9,9;287;325;327,exact_title,candidate
commonlii-LKCA-1970-11,SRC030,Civil Procedure Code,statute,3,8;24;25;79;85,exact_title,candidate
commonlii-LKCA-1970-12,SRC030,Civil Procedure Code,statute,2,406,exact_title,candidate
commonlii-LKCA-1970-19,SRC030,Civil Procedure Code,statute,7,325;326;327;327A;377,exact_title,candidate
commonlii-LKCA-1970-2,SRC030,Civil Procedure Code,statute,7,540;720;721;726;728;729,exact_title,candidate
commonlii-LKCA-1970-2,SRC059,Trusts Ordinance,statute,2,,exact_title,candidate
commonlii-LKCA-1970-23,SRC047,Kandyan Succession Ordinance,statute,2,1;2;3,exact_title,candidate
commonlii-LKCA-1970-31,SRC005,Registration of Documents Ordinance,statute,4,3;7;14;114,exact_title,candidate
commonlii-LKCA-1970-31,SRC029,Evidence Ordinance,statute,5,3;7;14;114,exact_title,candidate
commonlii-LKCA-1970-38,SRC051,Land Acquisition Act,statute,4,10,exact_title,candidate
commonlii-LKCA-1970-50,SRC071,Prescription Ordinance,statute,5,3;13,exact_title,candidate
commonlii-LKCA-1970-55,SRC071,Prescription Ordinance,statute,3,,exact_title,candidate
commonlii-LKCA-1971-1,SRC030,Civil Procedure Code,statute,6,29;30;394;402;403;547,exact_title,candidate
commonlii-LKCA-1971-12,SRC049,Buddhist Temporalities Ordinance,statute,1,,exact_title,candidate
commonlii-LKCA-1971-12,SRC071,Prescription Ordinance,statute,1,,exact_title,candidate
commonlii-LKCA-1971-14,SRC030,Civil Procedure Code,statute,7,17;36,exact_title,candidate
commonlii-LKCA-1971-17,SRC030,Civil Procedure Code,statute,4,46;93,exact_title,candidate
commonlii-LKCA-1971-18,SRC030,Civil Procedure Code,statute,2,547,exact_title,candidate
commonlii-LKCA-1971-22,SRC030,Civil Procedure Code,statute,2,272,exact_title,candidate
commonlii-LKCA-1971-24,SRC030,Civil Procedure Code,statute,5,16;18,exact_title,candidate
commonlii-LKCA-1971-24,SRC064,Mortgage Act,statute,3,16;18,exact_title,candidate
commonlii-LKCA-1971-26,SRC071,Prescription Ordinance,statute,1,,exact_title,candidate
commonlii-LKCA-1971-38,SRC029,Evidence Ordinance,statute,1,65,exact_title,candidate
commonlii-LKCA-1971-38,SRC030,Civil Procedure Code,statute,4,461,exact_title,candidate
commonlii-LKCA-1971-4,SRC030,Civil Procedure Code,statute,3,525;532,exact_title,candidate
commonlii-LKCA-1971-40,SRC001,Prevention of Frauds Ordinance,statute,7,2;5;83;96,exact_title,candidate
commonlii-LKCA-1971-40,SRC059,Trusts Ordinance,statute,11,2;5;83;91;92;93;94;95;96,exact_title,candidate
commonlii-LKCA-1971-41,SRC001,Prevention of Frauds Ordinance,statute,2,,exact_title,candidate
commonlii-LKCA-1971-49,SRC030,Civil Procedure Code,statute,1,175,exact_title,candidate
commonlii-LKCA-1971-66,SRC064,Mortgage Act,statute,5,2;8;9,exact_title,candidate
commonlii-LKCA-1971-72,SRC001,Prevention of Frauds Ordinance,statute,2,4;31;529;536;537,exact_title,candidate
commonlii-LKCA-1971-72,SRC014,Notaries Ordinance,statute,2,4;31;529;536;537,exact_title,candidate
commonlii-LKCA-1971-72,SRC030,Civil Procedure Code,statute,3,4;31;529;536;537,exact_title,candidate
commonlii-LKCA-1972-11,SRC030,Civil Procedure Code,statute,1,2,exact_title,candidate
commonlii-LKCA-1972-25,SRC059,Trusts Ordinance,statute,3,92,exact_title,candidate
commonlii-LKCA-1972-5,SRC030,Civil Procedure Code,statute,7,5;34,exact_title,candidate
commonlii-LKCA-1972-8,SRC030,Civil Procedure Code,statute,6,325,exact_title,candidate
commonlii-LKCA-1972-9,SRC030,Civil Procedure Code,statute,2,93,exact_title,candidate
commonlii-LKCA-1972-9,SRC071,Prescription Ordinance,statute,1,,exact_title,candidate
commonlii-LKCA-1973-11,SRC030,Civil Procedure Code,statute,5,46;93;146,exact_title,candidate
commonlii-LKCA-1973-12,SRC030,Civil Procedure Code,statute,3,14;247;653;742,exact_title,candidate
commonlii-LKCA-1973-2,SRC030,Civil Procedure Code,statute,3,547,exact_title,candidate
commonlii-LKCA-1973-31,SRC030,Civil Procedure Code,statute,17,26;49;70;79;188,exact_title,candidate
commonlii-LKCA-1973-32,SRC030,Civil Procedure Code,statute,1,189,exact_title,candidate
commonlii-LKCA-1973-33,SRC005,Registration of Documents Ordinance,statute,2,7;14,exact_title,candidate
commonlii-LKCA-1973-37,SRC030,Civil Procedure Code,statute,15,324;327;328,exact_title,candidate
commonlii-LKCA-1973-7,SRC071,Prescription Ordinance,statute,2,7,exact_title,candidate
commonlii-LKCA-1974-15,SRC064,Mortgage Act,statute,1,,exact_title,candidate
commonlii-LKCA-1974-16,SRC064,Mortgage Act,statute,3,26,exact_title,candidate
commonlii-LKCA-1974-16,SRC071,Prescription Ordinance,statute,1,,exact_title,candidate
commonlii-LKCA-1974-18,SRC029,Evidence Ordinance,statute,3,40;41;42;44;48,exact_title,candidate
commonlii-LKCA-1974-19,SRC005,Registration of Documents Ordinance,statute,1,17;67,exact_title,candidate
commonlii-LKCA-1974-2,SRC030,Civil Procedure Code,statute,43,4;14;20;21;24;40;42;79;83;86;87;88;217;353;354;461;662;663;664;666;667;753;839,exact_title,candidate
commonlii-LKCA-1974-2,SRC051,Land Acquisition Act,statute,23,2;3;4;5;6;22;24;38;51A;310,exact_title,candidate
commonlii-LKCA-1974-20,SRC005,Registration of Documents Ordinance,statute,1,5;12,exact_title,candidate
commonlii-LKCA-1974-20,SRC030,Civil Procedure Code,statute,3,12;22;77;79;356,exact_title,candidate
commonlii-LKCA-1974-22,SRC029,Evidence Ordinance,statute,1,116,exact_title,candidate
commonlii-LKCA-1975-11,SRC029,Evidence Ordinance,statute,10,3;18;105;106;152;186;392B;449;468,exact_title,candidate
commonlii-LKCA-1975-13,SRC001,Prevention of Frauds Ordinance,statute,6,2;30;32;91;92,exact_title,candidate
commonlii-LKCA-1975-13,SRC029,Evidence Ordinance,statute,3,2;30;32;91;92,exact_title,candidate
commonlii-LKCA-1975-16,SRC030,Civil Procedure Code,statute,2,71;217,exact_title,candidate
commonlii-LKCA-1975-16,SRC050,Land Development Ordinance,statute,1,3,exact_title,candidate
commonlii-LKCA-1975-17,SRC005,Registration of Documents Ordinance,statute,11,7;8;9;11;12,exact_title,candidate
commonlii-LKCA-1975-18,SRC028,Rent Act,statute,1,18;47,exact_title,candidate
commonlii-LKCA-1975-19,SRC028,Rent Act,statute,6,14;18;27,exact_title,candidate
commonlii-LKCA-1975-2,SRC030,Civil Procedure Code,statute,2,10;85,exact_title,candidate
commonlii-LKCA-1975-2,SRC071,Prescription Ordinance,statute,1,6,exact_title,candidate
commonlii-LKCA-1975-23,SRC030,Civil Procedure Code,statute,14,19;25;63;79;84;85;505,exact_title,candidate
commonlii-LKCA-1975-25,SRC050,Land Development Ordinance,statute,2,56,exact_title,candidate
commonlii-LKCA-1975-25,SRC071,Prescription Ordinance,statute,2,4,exact_title,candidate
commonlii-LKCA-1975-26,SRC005,Registration of Documents Ordinance,statute,14,2;4;7;8;12;38;46;62;63,exact_title,candidate
commonlii-LKCA-1975-26,SRC030,Civil Procedure Code,statute,4,38,exact_title,candidate
commonlii-LKCA-1975-4,SRC030,Civil Procedure Code,statute,5,5;34;207,exact_title,candidate
commonlii-LKCA-1975-6,SRC030,Civil Procedure Code,statute,23,2;50;211;338;341;394;397,exact_title,candidate
commonlii-LKCA-1976-11,SRC030,Civil Procedure Code,statute,4,63;143;657;821,exact_title,candidate
commonlii-LKCA-1976-12,SRC030,Civil Procedure Code,statute,1,,exact_title,candidate
commonlii-LKCA-1976-12,SRC064,Mortgage Act,statute,13,8;14;30;40;43;44,exact_title,candidate
commonlii-LKCA-1976-13,SRC029,Evidence Ordinance,statute,4,97,exact_title,candidate
commonlii-LKCA-1976-15,SRC029,Evidence Ordinance,statute,7,92;99,exact_title,candidate
commonlii-LKCA-1976-15,SRC030,Civil Procedure Code,statute,1,92;247,exact_title,candidate
commonlii-LKCA-1976-15,SRC071,Prescription Ordinance,statute,1,9,exact_title,candidate
commonlii-LKCA-1976-18,SRC071,Prescription Ordinance,statute,2,,exact_title,candidate
commonlii-LKCA-1976-19,SRC071,Prescription Ordinance,statute,6,10,exact_title,candidate
commonlii-LKCA-1976-21,SRC030,Civil Procedure Code,statute,2,112;384,exact_title,candidate
commonlii-LKCA-1976-21,SRC059,Trusts Ordinance,statute,19,3;106;107;112,exact_title,candidate
commonlii-LKCA-1976-21,SRC071,Prescription Ordinance,statute,2,,exact_title,candidate
commonlii-LKCA-1976-22,SRC059,Trusts Ordinance,statute,2,6;411,exact_title,candidate
commonlii-LKCA-1976-23,SRC030,Civil Procedure Code,statute,15,219;222;549,exact_title,candidate
commonlii-LKCA-1976-24,SRC001,Prevention of Frauds Ordinance,statute,1,2;68,exact_title,candidate
commonlii-LKCA-1976-24,SRC014,Notaries Ordinance,statute,1,,exact_title,candidate
commonlii-LKCA-1976-24,SRC029,Evidence Ordinance,statute,3,2;68;69,exact_title,candidate
commonlii-LKCA-1976-7,SRC049,Buddhist Temporalities Ordinance,statute,1,,exact_title,candidate
commonlii-LKCA-1976-9,SRC001,Prevention of Frauds Ordinance,statute,1,,exact_title,candidate
commonlii-LKCA-1976-9,SRC030,Civil Procedure Code,statute,6,2;7;16;34;46;48;73;104,exact_title,candidate
commonlii-LKCA-1976-9,SRC064,Mortgage Act,statute,13,2;4;7;16;34;46;48;73;104;105,exact_title,candidate
commonlii-LKCA-1977-1,SRC030,Civil Procedure Code,statute,4,33;34;207;243,exact_title,candidate
commonlii-LKCA-1977-1,SRC061,Municipal Councils Ordinance,statute,1,146;593,exact_title,candidate
commonlii-LKCA-1977-11,SRC029,Evidence Ordinance,statute,8,4;20;85,exact_title,candidate
commonlii-LKCA-1977-2,SRC030,Civil Procedure Code,statute,3,3;4;10;18;20;34;207,exact_title,candidate
commonlii-LKCA-1977-2,SRC049,Buddhist Temporalities Ordinance,statute,68,2;3;4;10;11;18;20;28;34;207,exact_title,candidate
commonlii-LKCA-1977-2,SRC071,Prescription Ordinance,statute,49,2;3;4;10;11;13;14;15;18;20;34;207,exact_title,candidate
commonlii-LKCA-1977-4,SRC005,Registration of Documents Ordinance,statute,1,,exact_title,candidate
commonlii-LKCA-1977-4,SRC029,Evidence Ordinance,statute,3,95,exact_title,candidate
commonlii-LKCA-1977-9,SRC030,Civil Procedure Code,statute,13,14;15;16;39;40;71;76;147;219;247,exact_title,candidate
commonlii-LKCA-1978-1,SRC029,Evidence Ordinance,statute,32,3;5;6;8;9;11;13;23;23A;40;54;55;100;114;120;136;157;354,exact_title,candidate
commonlii-LKCA-1978-1,SRC030,Civil Procedure Code,statute,1,219,exact_title,candidate
commonlii-LKCA-1978-4,SRC030,Civil Procedure Code,statute,13,126;184;328;754;756;765;774,exact_title,candidate
commonlii-LKCA-1978-6,SRC049,Buddhist Temporalities Ordinance,statute,1,4,exact_title,candidate
commonlii-LKCA-1978-6,SRC059,Trusts Ordinance,statute,4,3;75;84;107,exact_title,candidate
commonlii-LKCA-1980-21,SRC014,Notaries Ordinance,statute,8,31;33;68,exact_title,candidate
commonlii-LKCA-1980-21,SRC029,Evidence Ordinance,statute,5,31;68,exact_title,candidate
commonlii-LKCA-1980-26,SRC029,Evidence Ordinance,statute,4,126;162,exact_title,candidate
commonlii-LKCA-1980-34,SRC030,Civil Procedure Code,statute,1,217,exact_title,candidate
commonlii-LKCA-1980-37,SRC028,Rent Act,statute,1,,exact_title,candidate
commonlii-LKCA-1980-45,SRC029,Evidence Ordinance,statute,11,32;50,exact_title,candidate
commonlii-LKCA-1980-5,SRC030,Civil Procedure Code,statute,18,5;6;7;8;18;42;54;86;86a;87;181;662;664;666,exact_title,candidate
commonlii-LKCA-1980-8,SRC030,Civil Procedure Code,statute,6,54;666,exact_title,candidate
commonlii-LKCA-1980-9,SRC028,Rent Act,statute,1,,exact_title,candidate
commonlii-LKCA-1980-9,SRC029,Evidence Ordinance,statute,2,93;115;146,exact_title,candidate
commonlii-LKCA-1980-9,SRC030,Civil Procedure Code,statute,6,93;115;146,exact_title,candidate
commonlii-LKCA-1981-21,SRC059,Trusts Ordinance,statute,7,99;106;107;109;113,exact_title,candidate
commonlii-LKCA-1981-26,SRC031,Companies Act,statute,1,,exact_title,candidate
commonlii-LKCA-1981-31,SRC030,Civil Procedure Code,statute,15,211;408;428;676,exact_title,candidate
commonlii-LKCA-1981-33,SRC028,Rent Act,statute,1,325,exact_title,candidate
commonlii-LKCA-1981-33,SRC030,Civil Procedure Code,statute,8,18;325;326;327;329,exact_title,candidate
commonlii-LKCA-1981-34,SRC001,Prevention of Frauds Ordinance,statute,4,2;29;754;756,exact_title,candidate
commonlii-LKCA-1981-34,SRC028,Rent Act,statute,7,2;29;754;756,exact_title,candidate
commonlii-LKCA-1981-34,SRC030,Civil Procedure Code,statute,2,29;53;754;756;763,exact_title,candidate
commonlii-LKCA-1981-36,SRC028,Rent Act,statute,1,2;36,exact_title,candidate
commonlii-LKCA-1981-36,SRC030,Civil Procedure Code,statute,10,15;393;398,exact_title,candidate
commonlii-LKCA-1981-36,SRC065,Partnership Ordinance,statute,1,3,exact_title,candidate
commonlii-LKCA-1981-40,SRC029,Evidence Ordinance,statute,3,32;91;92,exact_title,candidate
commonlii-LKCA-1981-46,SRC033,Land Reform Law,statute,10,3;18;22;24;43,exact_title,candidate
commonlii-LKCA-1981-5,SRC030,Civil Procedure Code,statute,10,217;408,exact_title,candidate
commonlii-LKCA-1982-10,SRC071,Prescription Ordinance,statute,1,3,exact_title,candidate
commonlii-LKCA-1982-14,SRC030,Civil Procedure Code,statute,1,395,exact_title,candidate
commonlii-LKCA-1982-17,SRC029,Evidence Ordinance,statute,12,91;92,exact_title,candidate
commonlii-LKCA-1982-24,SRC027,Partition Law,statute,1,2;632,exact_title,candidate
commonlii-LKCA-1982-27,SRC004,Matrimonial Rights and Inheritance Ordinance,statute,6,5;6;7,exact_title,candidate
commonlii-LKCA-1982-27,SRC029,Evidence Ordinance,statute,2,3;106,exact_title,candidate
commonlii-LKCA-1982-6,SRC001,Prevention of Frauds Ordinance,statute,1,2;3;10,exact_title,candidate
commonlii-LKCA-1982-6,SRC029,Evidence Ordinance,statute,1,90,exact_title,candidate
commonlii-LKCA-1982-6,SRC049,Buddhist Temporalities Ordinance,statute,3,4,exact_title,candidate
commonlii-LKCA-1982-6,SRC071,Prescription Ordinance,statute,1,2;3;10,exact_title,candidate
commonlii-LKCA-1983-13,SRC001,Prevention of Frauds Ordinance,statute,5,2;92,exact_title,candidate
commonlii-LKCA-1983-13,SRC029,Evidence Ordinance,statute,3,2;83;92,exact_title,candidate
commonlii-LKCA-1983-13,SRC059,Trusts Ordinance,statute,2,2;83;92,exact_title,candidate
commonlii-LKCA-1983-14,SRC027,Partition Law,statute,1,48;651,exact_title,candidate
commonlii-LKCA-1983-14,SRC028,Rent Act,statute,6,2,exact_title,candidate
commonlii-LKCA-1983-17,SRC001,Prevention of Frauds Ordinance,statute,8,2;29;42;44,exact_title,candidate
commonlii-LKCA-1983-17,SRC028,Rent Act,statute,9,2;29;42;44,exact_title,candidate
commonlii-LKCA-1983-18,SRC029,Evidence Ordinance,statute,2,112,exact_title,candidate
commonlii-LKCA-1983-18,SRC030,Civil Procedure Code,statute,4,5;35;54;147;417,exact_title,candidate
commonlii-LKCA-1983-19,SRC004,Matrimonial Rights and Inheritance Ordinance,statute,3,8,exact_title,candidate
commonlii-LKCA-1983-21,SRC041,Town and Country Planning Ordinance,statute,2,,exact_title,candidate
commonlii-LKCA-1983-23,SRC027,Partition Law,statute,5,4;5;36;48,exact_title,candidate
commonlii-LKCA-1983-7,SRC030,Civil Procedure Code,statute,24,142;179;181;377;664;666;763;839,exact_title,candidate
commonlii-LKCA-1983-8,SRC030,Civil Procedure Code,statute,1,150,exact_title,candidate
commonlii-LKCA-1983-8,SRC071,Prescription Ordinance,statute,5,2;12,exact_title,candidate
commonlii-LKCA-1984-24,SRC071,Prescription Ordinance,statute,4,3,exact_title,candidate
commonlii-LKCA-1984-26,SRC028,Rent Act,statute,3,,exact_title,candidate
commonlii-LKCA-1984-26,SRC061,Municipal Councils Ordinance,statute,1,233,exact_title,candidate
commonlii-LKCA-1984-27,SRC030,Civil Procedure Code,statute,1,325;326;326A,exact_title,candidate
commonlii-LKCA-1984-3,SRC049,Buddhist Temporalities Ordinance,statute,6,4;15;23;26,exact_title,candidate
commonlii-LKCA-1984-3,SRC064,Mortgage Act,statute,4,9;10;12;13;15;26,exact_title,candidate
commonlii-LKCA-1984-31,SRC028,Rent Act,statute,12,3;4;7;8;22;43,exact_title,candidate
commonlii-LKCA-1984-33,SRC028,Rent Act,statute,1,,exact_title,candidate
commonlii-LKCA-1985-15,SRC049,Buddhist Temporalities Ordinance,statute,8,2;4;18,exact_title,candidate
commonlii-LKCA-1985-15,SRC071,Prescription Ordinance,statute,1,4,exact_title,candidate
commonlii-LKCA-1985-16,SRC049,Buddhist Temporalities Ordinance,statute,1,,exact_title,candidate
commonlii-LKCA-1985-17,SRC029,Evidence Ordinance,statute,2,101,exact_title,candidate
commonlii-LKCA-1985-22,SRC028,Rent Act,statute,1,,exact_title,candidate
commonlii-LKCA-1985-22,SRC030,Civil Procedure Code,statute,8,328,exact_title,candidate
commonlii-LKCA-1985-24,SRC001,Prevention of Frauds Ordinance,statute,2,2;4,exact_title,candidate
commonlii-LKCA-1985-24,SRC014,Notaries Ordinance,statute,4,2;4;10;11;12;13;31;33;41;68;524;526;533;534;539,exact_title,candidate
commonlii-LKCA-1985-24,SRC024,Wills Ordinance,statute,2,2;4;10;11;12;13;31;33;41;68;524;526;533;534;539,exact_title,candidate
commonlii-LKCA-1985-24,SRC029,Evidence Ordinance,statute,8,2;4;10;11;12;13;31;33;41;68;69;524;526;533;534;539,exact_title,candidate
commonlii-LKCA-1985-24,SRC030,Civil Procedure Code,statute,4,2;4;10;11;12;13;31;33;41;68;524;526;533;534;539,exact_title,candidate
commonlii-LKCA-1985-33,SRC071,Prescription Ordinance,statute,1,1;5,exact_title,candidate
commonlii-LKCA-1985-34,SRC005,Registration of Documents Ordinance,statute,2,65,exact_title,candidate
commonlii-LKCA-1985-34,SRC014,Notaries Ordinance,statute,1,62;65,exact_title,candidate
commonlii-LKCA-1985-34,SRC029,Evidence Ordinance,statute,7,62;65;68,exact_title,candidate
commonlii-LKCA-1985-35,SRC005,Registration of Documents Ordinance,statute,5,1;3;10;15;17,exact_title,candidate
commonlii-LKCA-1985-35,SRC064,Mortgage Act,statute,1,17,exact_title,candidate
commonlii-LKCA-1985-55,SRC028,Rent Act,statute,2,10;36,exact_title,candidate
commonlii-LKCA-1985-57,SRC029,Evidence Ordinance,statute,1,114,exact_title,candidate
commonlii-LKCA-1985-57,SRC030,Civil Procedure Code,statute,2,154,exact_title,candidate
commonlii-LKCA-1985-58,SRC027,Partition Law,statute,5,19;247,exact_title,candidate
commonlii-LKCA-1985-65,SRC050,Land Development Ordinance,statute,2,3,exact_title,candidate
commonlii-LKCA-1985-9,SRC049,Buddhist Temporalities Ordinance,statute,10,4;15;20;23,exact_title,candidate
commonlii-LKCA-1986-20,SRC071,Prescription Ordinance,statute,7,6;7;8;9,exact_title,candidate
commonlii-LKCA-1986-21,SRC028,Rent Act,statute,2,13,exact_title,candidate
commonlii-LKCA-1986-22,SRC030,Civil Procedure Code,statute,1,218,exact_title,candidate
commonlii-LKCA-1986-29,SRC030,Civil Procedure Code,statute,1,,exact_title,candidate
commonlii-LKCA-1986-29,SRC059,Trusts Ordinance,statute,17,48;72;73;77;107,exact_title,candidate
commonlii-LKCA-1986-3,SRC005,Registration of Documents Ordinance,statute,1,15,exact_title,candidate
commonlii-LKCA-1986-32,SRC030,Civil Procedure Code,statute,6,207,exact_title,candidate
commonlii-LKCA-1986-37,SRC004,Matrimonial Rights and Inheritance Ordinance,statute,1,2;3;16;627,exact_title,candidate
commonlii-LKCA-1986-37,SRC024,Wills Ordinance,statute,3,2,exact_title,candidate
commonlii-LKCA-1986-37,SRC028,Rent Act,statute,1,,exact_title,candidate
commonlii-LKCA-1986-37,SRC030,Civil Procedure Code,statute,1,2;627,exact_title,candidate
commonlii-LKCA-1986-37,SRC045,Matrimonial Rights and Inheritance (Jaffna) Ordinance,statute,1,2;3;627,exact_title,candidate
commonlii-LKCA-1986-37,SRC048,Muslim Intestate Succession Ordinance,statute,13,2;3;6;16,exact_title,candidate
commonlii-LKCA-1986-39,SRC071,Prescription Ordinance,statute,1,3,exact_title,candidate
commonlii-LKCA-1986-8,SRC001,Prevention of Frauds Ordinance,statute,5,9;26,exact_title,candidate
commonlii-LKCA-1986-8,SRC049,Buddhist Temporalities Ordinance,statute,4,9;26,exact_title,candidate
commonlii-LKCA-1987-1,SRC030,Civil Procedure Code,statute,1,18,exact_title,candidate
commonlii-LKCA-1987-11,SRC033,Land Reform Law,statute,10,2;3;42;42A;42M;66,exact_title,candidate
commonlii-LKCA-1987-11,SRC049,Buddhist Temporalities Ordinance,statute,8,2;3;42;42A;42M;66;88,exact_title,candidate
commonlii-LKCA-1987-11,SRC050,Land Development Ordinance,statute,11,2;3;32;38;42A;66;88,exact_title,candidate
commonlii-LKCA-1987-11,SRC059,Trusts Ordinance,statute,2,42;42A;66;88,exact_title,candidate
commonlii-LKCA-1987-13,SRC030,Civil Procedure Code,statute,1,495,exact_title,candidate
commonlii-LKCA-1987-15,SRC028,Rent Act,statute,3,2;13;17;22,exact_title,candidate
commonlii-LKCA-1987-17,SRC030,Civil Procedure Code,statute,6,320;408;839,exact_title,candidate
commonlii-LKCA-1987-18,SRC030,Civil Procedure Code,statute,2,46;93,exact_title,candidate
commonlii-LKCA-1987-22,SRC001,Prevention of Frauds Ordinance,statute,2,2;7;93,exact_title,candidate
commonlii-LKCA-1987-22,SRC005,Registration of Documents Ordinance,statute,2,2;7;93,exact_title,candidate
commonlii-LKCA-1987-22,SRC059,Trusts Ordinance,statute,5,93;98,exact_title,candidate
commonlii-LKCA-1987-25,SRC033,Land Reform Law,statute,7,26;66,exact_title,candidate
commonlii-LKCA-1987-27,SRC001,Prevention of Frauds Ordinance,statute,8,2;31;67,exact_title,candidate
commonlii-LKCA-1987-27,SRC005,Registration of Documents Ordinance,statute,3,67,exact_title,candidate
commonlii-LKCA-1987-27,SRC014,Notaries Ordinance,statute,8,2;31;67,exact_title,candidate
commonlii-LKCA-1987-29,SRC029,Evidence Ordinance,statute,4,45;73,exact_title,candidate
commonlii-LKCA-1987-30,SRC029,Evidence Ordinance,statute,2,91;92,exact_title,candidate
commonlii-LKCA-1987-34,SRC029,Evidence Ordinance,statute,1,92,exact_title,candidate
commonlii-LKCA-1987-34,SRC050,Land Development Ordinance,statute,1,,exact_title,candidate
commonlii-LKCA-1987-34,SRC071,Prescription Ordinance,statute,5,6,exact_title,candidate
commonlii-LKCA-1987-36,SRC028,Rent Act,statute,11,1;21,exact_title,candidate
commonlii-LKCA-1987-37,SRC028,Rent Act,statute,10,7;22,exact_title,candidate
commonlii-LKCA-1987-40,SRC071,Prescription Ordinance,statute,8,3,exact_title,candidate
commonlii-LKCA-1987-9,SRC030,Civil Procedure Code,statute,5,666;667,exact_title,candidate
commonlii-LKCA-1988-11,SRC028,Rent Act,statute,9,18;22;30;36,exact_title,candidate
commonlii-LKCA-1988-11,SRC049,Buddhist Temporalities Ordinance,statute,5,29;30;36,exact_title,candidate
commonlii-LKCA-1988-15,SRC029,Evidence Ordinance,statute,3,25;60;181;183;210;211;212;214;216;373;376;437,exact_title,candidate
commonlii-LKCA-1988-15,SRC030,Civil Procedure Code,statute,24,25;60;153;181;183;210;211;212;214;216;277;373;376;397;398;437,exact_title,candidate
commonlii-LKCA-1988-15,SRC031,Companies Act,statute,19,25;60;153;181;183;210;211;212;214;216;277;373;376;397;398;437,exact_title,candidate
commonlii-LKCA-1988-16,SRC030,Civil Procedure Code,statute,3,1;404,exact_title,candidate
commonlii-LKCA-1988-19,SRC029,Evidence Ordinance,statute,6,5;10;11;14;24;25;59;67,exact_title,candidate
commonlii-LKCA-1988-21,SRC004,Matrimonial Rights and Inheritance Ordinance,statute,3,4;7,exact_title,candidate
commonlii-LKCA-1988-26,SRC059,Trusts Ordinance,statute,8,3;31K;93,exact_title,candidate
commonlii-LKCA-1988-34,SRC001,Prevention of Frauds Ordinance,statute,6,4;283;284;285,exact_title,candidate
commonlii-LKCA-1988-4,SRC030,Civil Procedure Code,statute,8,5;24;27;91;101;151;224;754;755;759,exact_title,candidate
commonlii-LKCA-1988-44,SRC005,Registration of Documents Ordinance,statute,1,12;22,exact_title,candidate
commonlii-LKCA-1988-44,SRC027,Partition Law,statute,8,12;15;26;48,exact_title,candidate
commonlii-LKCA-1988-45,SRC033,Land Reform Law,statute,11,2;3;14;18;19;21,exact_title,candidate
commonlii-LKCA-1988-45,SRC051,Land Acquisition Act,statute,9,2;14;21,exact_title,candidate
commonlii-LKCA-1988-47,SRC001,Prevention of Frauds Ordinance,statute,1,2,exact_title,candidate
commonlii-LKCA-1988-47,SRC028,Rent Act,statute,1,2,exact_title,candidate
commonlii-LKCA-1988-49,SRC027,Partition Law,statute,3,33;36,exact_title,candidate
commonlii-LKCA-1988-51,SRC071,Prescription Ordinance,statute,1,3,exact_title,candidate
commonlii-LKCA-1989-16,SRC030,Civil Procedure Code,statute,4,428,exact_title,candidate
commonlii-LKCA-1989-20,SRC027,Partition Law,statute,16,52;224;320;323;328;334;347;763,exact_title,candidate
commonlii-LKCA-1989-20,SRC030,Civil Procedure Code,statute,18,52;151;224;320;323;328;334;347;763;839,exact_title,candidate
commonlii-LKCA-1989-22,SRC004,Matrimonial Rights and Inheritance Ordinance,statute,3,1;7;17;34;35;207;615,exact_title,candidate
commonlii-LKCA-1989-22,SRC030,Civil Procedure Code,statute,13,17;23;34;36;207;597;598;607;608;615;617;618,exact_title,candidate
commonlii-LKCA-1989-22,SRC059,Trusts Ordinance,statute,1,83,exact_title,candidate
commonlii-LKCA-1989-23,SRC030,Civil Procedure Code,statute,6,1;189;839,exact_title,candidate
commonlii-LKCA-1989-45,SRC005,Registration of Documents Ordinance,statute,1,6;16,exact_title,candidate
commonlii-LKCA-1989-45,SRC027,Partition Law,statute,7,6;18;19;48,exact_title,candidate
commonlii-LKCA-1989-8,SRC014,Notaries Ordinance,statute,1,162,exact_title,candidate
commonlii-LKCA-1989-8,SRC050,Land Development Ordinance,statute,8,1;2;162,exact_title,candidate
commonlii-LKCA-1990-12,SRC030,Civil Procedure Code,statute,6,5;93;461,exact_title,candidate
commonlii-LKCA-1990-17,SRC030,Civil Procedure Code,statute,9,21;499;669;712;714,exact_title,candidate
commonlii-LKCA-1990-22,SRC030,Civil Procedure Code,statute,3,755;757;759,exact_title,candidate
commonlii-LKCA-1990-36,SRC030,Civil Procedure Code,statute,2,5;217,exact_title,candidate
commonlii-LKCA-1990-55,SRC001,Prevention of Frauds Ordinance,statute,1,2;48,exact_title,candidate
commonlii-LKCA-1990-55,SRC027,Partition Law,statute,19,1;10;14;48;52;759,exact_title,candidate
commonlii-LKCA-1990-55,SRC028,Rent Act,statute,30,10;14;48;52,exact_title,candidate
commonlii-LKCA-1990-55,SRC030,Civil Procedure Code,statute,5,52;754;759;765,exact_title,candidate
commonlii-LKCA-1990-61,SRC027,Partition Law,statute,5,8;9;29;32;57;74,exact_title,candidate
commonlii-LKCA-1990-65,SRC030,Civil Procedure Code,statute,1,204,exact_title,candidate
commonlii-LKCA-1991-1,SRC030,Civil Procedure Code,statute,3,11;12,exact_title,candidate
commonlii-LKCA-1991-13,SRC030,Civil Procedure Code,statute,15,9;13;18;19A;50;64,exact_title,candidate
commonlii-LKCA-1991-18,SRC030,Civil Procedure Code,statute,5,392;404,exact_title,candidate
commonlii-LKCA-1991-19,SRC030,Civil Procedure Code,statute,11,8;754;755;757,exact_title,candidate
commonlii-LKCA-1991-20,SRC030,Civil Procedure Code,statute,3,9,exact_title,candidate
commonlii-LKCA-1991-22,SRC030,Civil Procedure Code,statute,6,538;712;713;714;716,exact_title,candidate
commonlii-LKCA-1991-29,SRC027,Partition Law,statute,9,27;30;31;32;48,exact_title,candidate
commonlii-LKCA-1991-41,SRC051,Land Acquisition Act,statute,6,2;5;6;38;39;50,exact_title,candidate
commonlii-LKCA-1991-41,SRC076,National Housing Act,statute,1,6,exact_title,candidate
commonlii-LKCA-1991-48,SRC028,Rent Act,statute,10,34;36;147,exact_title,candidate
commonlii-LKCA-1991-48,SRC030,Civil Procedure Code,statute,4,36;147,exact_title,candidate
commonlii-LKCA-1991-50,SRC028,Rent Act,statute,10,22,exact_title,candidate
commonlii-LKCA-1991-54,SRC071,Prescription Ordinance,statute,8,5;7;18,exact_title,candidate
commonlii-LKCA-1991-56,SRC030,Civil Procedure Code,statute,3,5;756,exact_title,candidate
commonlii-LKCA-1991-56,SRC034,Stamp Duty Act,statute,10,2;5;69;756,exact_title,candidate
commonlii-LKCA-1992-1,SRC030,Civil Procedure Code,statute,12,4;6;7;13;15;16;18;21;22;85;86;384;385;386;387;388;389;390;391;553;704;705;706,exact_title,candidate
commonlii-LKCA-1992-15,SRC030,Civil Procedure Code,statute,3,40,exact_title,candidate
commonlii-LKCA-1992-31,SRC030,Civil Procedure Code,statute,1,218,exact_title,candidate
commonlii-LKCA-1992-31,SRC071,Prescription Ordinance,statute,1,5;6;7;8;9;10;31,exact_title,candidate
commonlii-LKCA-1992-36,SRC027,Partition Law,statute,17,52;77;79;337,exact_title,candidate
commonlii-LKCA-1992-36,SRC030,Civil Procedure Code,statute,14,52;77;79;337,exact_title,candidate
commonlii-LKCA-1993-26,SRC030,Civil Procedure Code,statute,20,16;59;84;85;86;87;88;839,exact_title,candidate
commonlii-LKCA-1993-26,SRC064,Mortgage Act,statute,18,16;59;84;85;86;87;88;754,exact_title,candidate
commonlii-LKCA-1993-27,SRC027,Partition Law,statute,10,13;14;20;48;79,exact_title,candidate
commonlii-LKCA-1993-27,SRC030,Civil Procedure Code,statute,4,13;14;20;48;79,exact_title,candidate
commonlii-LKCA-1993-28,SRC027,Partition Law,statute,4,25;26;48,exact_title,candidate
commonlii-LKCA-1993-31,SRC027,Partition Law,statute,4,3;17;52;67,exact_title,candidate
commonlii-LKCA-1993-31,SRC028,Rent Act,statute,1,3;5;13;14,exact_title,candidate
commonlii-LKCA-1994-24,SRC027,Partition Law,statute,1,27;31,exact_title,candidate
commonlii-LKCA-1994-37,SRC027,Partition Law,statute,3,14;48;52,exact_title,candidate
commonlii-LKCA-1994-37,SRC028,Rent Act,statute,5,14;48;52,exact_title,candidate
commonlii-LKCA-1994-38,SRC028,Rent Act,statute,16,22,exact_title,candidate
commonlii-LKCA-1995-17,SRC027,Partition Law,statute,8,38;39;43;47;409;415,exact_title,candidate
commonlii-LKCA-1995-17,SRC030,Civil Procedure Code,statute,4,38;47;409;411;415,exact_title,candidate
commonlii-LKCA-1995-2,SRC030,Civil Procedure Code,statute,5,11;14;18;36,exact_title,candidate
commonlii-LKCA-1995-31,SRC028,Rent Act,statute,1,13,exact_title,candidate
commonlii-LKCA-1995-31,SRC030,Civil Procedure Code,statute,4,328;662;839,exact_title,candidate
commonlii-LKCA-1995-34,SRC050,Land Development Ordinance,statute,7,170,exact_title,candidate
commonlii-LKCA-1995-36,SRC027,Partition Law,statute,3,48,exact_title,candidate
commonlii-LKCA-1995-36,SRC028,Rent Act,statute,1,22;48,exact_title,candidate
commonlii-LKCA-1996-12,SRC030,Civil Procedure Code,statute,4,121;175,exact_title,candidate
commonlii-LKCA-1997-20,SRC030,Civil Procedure Code,statute,5,146,exact_title,candidate
commonlii-LKCA-1997-21,SRC028,Rent Act,statute,2,60,exact_title,candidate
commonlii-LKCA-1997-21,SRC074,State Mortgage and Investment Bank Law,statute,1,59;60,exact_title,candidate
commonlii-LKCA-1997-24,SRC030,Civil Procedure Code,statute,5,773,exact_title,candidate
commonlii-LKCA-1997-25,SRC029,Evidence Ordinance,statute,7,78;154;404,exact_title,candidate
commonlii-LKCA-1997-25,SRC030,Civil Procedure Code,statute,4,154;404,exact_title,candidate
commonlii-LKCA-1997-26,SRC027,Partition Law,statute,4,48;67;754,exact_title,candidate
commonlii-LKCA-1997-26,SRC030,Civil Procedure Code,statute,10,48;67;184;754,exact_title,candidate
commonlii-LKCA-1997-28,SRC001,Prevention of Frauds Ordinance,statute,2,2;40;92;187,exact_title,candidate
commonlii-LKCA-1997-28,SRC029,Evidence Ordinance,statute,4,2;40;92;187,exact_title,candidate
commonlii-LKCA-1997-28,SRC030,Civil Procedure Code,statute,4,2;40;92;187,exact_title,candidate
commonlii-LKCA-1997-31,SRC029,Evidence Ordinance,statute,2,50;90;93;95,exact_title,candidate
commonlii-LKCA-1997-31,SRC030,Civil Procedure Code,statute,6,50;90;93,exact_title,candidate
commonlii-LKCA-1997-33,SRC030,Civil Procedure Code,statute,3,247,exact_title,candidate
commonlii-LKCA-1997-35,SRC030,Civil Procedure Code,statute,4,5;147,exact_title,candidate
commonlii-LKCA-1997-37,SRC030,Civil Procedure Code,statute,2,282,exact_title,candidate
commonlii-LKCA-1997-40,SRC030,Civil Procedure Code,statute,4,9;187,exact_title,candidate
commonlii-LKCA-1997-41,SRC001,Prevention of Frauds Ordinance,statute,2,2;3;154,exact_title,candidate
commonlii-LKCA-1997-41,SRC029,Evidence Ordinance,statute,3,2;3;91;154,exact_title,candidate
commonlii-LKCA-1997-41,SRC030,Civil Procedure Code,statute,2,2;3;154,exact_title,candidate
commonlii-LKCA-1997-48,SRC001,Prevention of Frauds Ordinance,statute,10,2;5,exact_title,candidate
commonlii-LKCA-1997-48,SRC059,Trusts Ordinance,statute,1,2;5,exact_title,candidate
commonlii-LKCA-1997-49,SRC001,Prevention of Frauds Ordinance,statute,3,2;5;63,exact_title,candidate
commonlii-LKCA-1997-49,SRC059,Trusts Ordinance,statute,7,2;5;63;83,exact_title,candidate
commonlii-LKCA-1997-59,SRC050,Land Development Ordinance,statute,8,4,exact_title,candidate
commonlii-LKCA-1997-61,SRC030,Civil Procedure Code,statute,1,772,exact_title,candidate
commonlii-LKCA-1997-65,SRC030,Civil Procedure Code,statute,10,5;398;404,exact_title,candidate
commonlii-LKCA-1997-67,SRC028,Rent Act,statute,4,22;37,exact_title,candidate
commonlii-LKCA-1997-71,SRC030,Civil Procedure Code,statute,3,25;82;91A;142,exact_title,candidate
commonlii-LKCA-1997-73,SRC033,Land Reform Law,statute,43,2;3;6;13;14;17;18;19;21;38,exact_title,candidate
commonlii-LKCA-1997-73,SRC051,Land Acquisition Act,statute,16,2;13;14;17;18;19;21;38,exact_title,candidate
commonlii-LKCA-1997-74,SRC028,Rent Act,statute,10,22;27,exact_title,candidate
commonlii-LKCA-1997-79,SRC028,Rent Act,statute,10,,exact_title,candidate
commonlii-LKCA-1997-85,SRC029,Evidence Ordinance,statute,4,11;43;83;84;97,exact_title,candidate
commonlii-LKCA-1997-85,SRC059,Trusts Ordinance,statute,2,43;83;84;97,exact_title,candidate
commonlii-LKCA-1998-22,SRC029,Evidence Ordinance,statute,2,2;115;161;162,exact_title,candidate
commonlii-LKCA-1998-22,SRC050,Land Development Ordinance,statute,12,2;115;161;162;163,exact_title,candidate
commonlii-LKCA-1998-30,SRC030,Civil Procedure Code,statute,10,188;408,exact_title,candidate
commonlii-LKCA-1998-31,SRC028,Rent Act,statute,6,10;22;44,exact_title,candidate
commonlii-LKCA-1998-31,SRC030,Civil Procedure Code,statute,3,10;22;44;150,exact_title,candidate
commonlii-LKCA-1998-31,SRC071,Prescription Ordinance,statute,5,10;22;44;150,exact_title,candidate
commonlii-LKCA-1998-32,SRC030,Civil Procedure Code,statute,7,30;31;32;524;530;531;532,exact_title,candidate
commonlii-LKCA-1998-34,SRC030,Civil Procedure Code,statute,9,46;47;75;91;839,exact_title,candidate
commonlii-LKCA-1998-35,SRC030,Civil Procedure Code,statute,6,75;146,exact_title,candidate
commonlii-LKCA-1998-35,SRC071,Prescription Ordinance,statute,2,,exact_title,candidate
commonlii-LKCA-1998-47,SRC028,Rent Act,statute,16,2;4;22,exact_title,candidate
commonlii-LKCA-1998-5,SRC030,Civil Procedure Code,statute,2,18,exact_title,candidate
commonlii-LKCA-1998-50,SRC029,Evidence Ordinance,statute,5,4;5;68,exact_title,candidate
commonlii-LKCA-1998-51,SRC029,Evidence Ordinance,statute,2,145,exact_title,candidate
commonlii-LKCA-1998-55,SRC001,Prevention of Frauds Ordinance,statute,5,2;17,exact_title,candidate
commonlii-LKCA-1998-55,SRC050,Land Development Ordinance,statute,1,2,exact_title,candidate
commonlii-LKCA-1998-6,SRC027,Partition Law,statute,7,17;65;66;67;69,exact_title,candidate
commonlii-LKCA-1999-1,SRC030,Civil Procedure Code,statute,6,408;508;753,exact_title,candidate
commonlii-LKCA-1999-10,SRC030,Civil Procedure Code,statute,4,23;763,exact_title,candidate
commonlii-LKCA-1999-15,SRC027,Partition Law,statute,9,4;5;6;12;19;754;759;765,exact_title,candidate
commonlii-LKCA-1999-15,SRC030,Civil Procedure Code,statute,5,4;753;754;759;765,exact_title,candidate
commonlii-LKCA-1999-2,SRC027,Partition Law,statute,5,29;70;481,exact_title,candidate
commonlii-LKCA-1999-2,SRC071,Prescription Ordinance,statute,1,,exact_title,candidate
commonlii-LKCA-1999-28,SRC001,Prevention of Frauds Ordinance,statute,4,2;3;15;16;31;33,exact_title,candidate
commonlii-LKCA-1999-28,SRC014,Notaries Ordinance,statute,5,2;3;15;16;31;33,exact_title,candidate
commonlii-LKCA-1999-3,SRC030,Civil Procedure Code,statute,1,,exact_title,candidate
commonlii-LKCA-1999-30,SRC030,Civil Procedure Code,statute,3,2;5;207,exact_title,candidate
commonlii-LKCA-1999-30,SRC031,Companies Act,statute,4,2;31;51;131;210;211,exact_title,candidate
commonlii-LKCA-1999-30,SRC064,Mortgage Act,statute,5,2;5;207,exact_title,candidate
commonlii-LKCA-1999-32,SRC030,Civil Procedure Code,statute,2,56;85,exact_title,candidate
commonlii-LKCA-1999-38,SRC049,Buddhist Temporalities Ordinance,statute,4,4;20;41,exact_title,candidate
commonlii-LKCA-1999-39,SRC029,Evidence Ordinance,statute,4,101;102;103;150,exact_title,candidate
commonlii-LKCA-1999-39,SRC030,Civil Procedure Code,statute,2,101;102;103;150,exact_title,candidate
commonlii-LKCA-1999-4,SRC030,Civil Procedure Code,statute,5,18,exact_title,candidate
commonlii-LKCA-1999-45,SRC027,Partition Law,statute,1,11;114,exact_title,candidate
commonlii-LKCA-1999-45,SRC030,Civil Procedure Code,statute,2,114,exact_title,candidate
commonlii-LKCA-1999-50,SRC029,Evidence Ordinance,statute,11,107;108;530;531;539;539A;712,exact_title,candidate
commonlii-LKCA-1999-50,SRC030,Civil Procedure Code,statute,4,108;530;531;539;551;589;712;724A,exact_title,candidate
commonlii-LKCA-1999-51,SRC030,Civil Procedure Code,statute,5,14;18,exact_title,candidate
commonlii-LKCA-1999-65,SRC071,Prescription Ordinance,statute,1,,exact_title,candidate
commonlii-LKCA-1999-66,SRC027,Partition Law,statute,3,3;12;15,exact_title,candidate
commonlii-LKCA-1999-66,SRC071,Prescription Ordinance,statute,2,3,exact_title,candidate
commonlii-LKCA-1999-70,SRC001,Prevention of Frauds Ordinance,statute,11,2;3;55,exact_title,candidate
commonlii-LKCA-1999-70,SRC030,Civil Procedure Code,statute,1,56,exact_title,candidate
commonlii-LKCA-1999-74,SRC001,Prevention of Frauds Ordinance,statute,3,2;4;9;31,exact_title,candidate
commonlii-LKCA-1999-74,SRC014,Notaries Ordinance,statute,3,4;9;31,exact_title,candidate
commonlii-LKCA-1999-76,SRC050,Land Development Ordinance,statute,9,17;106;110;113;128,exact_title,candidate
commonlii-LKCA-1999-76,SRC054,Land Settlement Ordinance,statute,1,2;6;17;106;110;128,exact_title,candidate
commonlii-LKCA-1999-76,SRC056,State Lands Ordinance,statute,17,2;6;17;106;110;128,exact_title,candidate
commonlii-LKCA-1999-77,SRC028,Rent Act,statute,4,8,exact_title,candidate
commonlii-LKCA-1999-80,SRC027,Partition Law,statute,9,25;26;35;36;36A,exact_title,candidate
commonlii-LKCA-1999-81,SRC027,Partition Law,statute,3,17;66;67,exact_title,candidate
commonlii-LKCA-1999-82,SRC030,Civil Procedure Code,statute,8,41,exact_title,candidate
commonlii-LKCA-1999-82,SRC050,Land Development Ordinance,statute,4,24;25,exact_title,candidate
commonlii-LKCA-1999-83,SRC071,Prescription Ordinance,statute,5,5,exact_title,candidate
commonlii-LKCA-1999-9,SRC030,Civil Procedure Code,statute,1,653,exact_title,candidate
commonlii-LKCA-2000-1,SRC030,Civil Procedure Code,statute,1,147,exact_title,candidate
commonlii-LKCA-2000-12,SRC001,Prevention of Frauds Ordinance,statute,3,2;29;31;32;33;2913,exact_title,candidate
commonlii-LKCA-2000-12,SRC014,Notaries Ordinance,statute,4,2;29;31;32;33;2913,exact_title,candidate
commonlii-LKCA-2000-12,SRC080,People's Bank Act,statute,1,2;29;31;32,exact_title,candidate
commonlii-LKCA-2000-13,SRC049,Buddhist Temporalities Ordinance,statute,12,3;4;20,exact_title,candidate
commonlii-LKCA-2000-15,SRC030,Civil Procedure Code,statute,7,3;35;46,exact_title,candidate
commonlii-LKCA-2000-19,SRC028,Rent Act,statute,5,27;260A;760A,exact_title,candidate
commonlii-LKCA-2000-19,SRC030,Civil Procedure Code,statute,3,27;760A,exact_title,candidate
commonlii-LKCA-2000-20,SRC030,Civil Procedure Code,statute,10,41;46;84;86;93,exact_title,candidate
commonlii-LKCA-2000-24,SRC001,Prevention of Frauds Ordinance,statute,1,2;52,exact_title,candidate
commonlii-LKCA-2000-24,SRC030,Civil Procedure Code,statute,6,18;52,exact_title,candidate
commonlii-LKCA-2000-24,SRC042,Urban Councils Ordinance,statute,1,2;52,exact_title,candidate
commonlii-LKCA-2000-28,SRC027,Partition Law,statute,2,16;53;798,exact_title,candidate
commonlii-LKCA-2000-28,SRC030,Civil Procedure Code,statute,2,53;798,exact_title,candidate
commonlii-LKCA-2000-33,SRC031,Companies Act,statute,6,222;255;433,exact_title,candidate
commonlii-LKCA-2000-39,SRC030,Civil Procedure Code,statute,3,187;540,exact_title,candidate
commonlii-LKCA-2000-47,SRC030,Civil Procedure Code,statute,2,150,exact_title,candidate
commonlii-LKCA-2000-49,SRC001,Prevention of Frauds Ordinance,statute,2,4;5;6,exact_title,candidate
commonlii-LKCA-2000-49,SRC049,Buddhist Temporalities Ordinance,statute,1,4;20;99,exact_title,candidate
commonlii-LKCA-2000-49,SRC059,Trusts Ordinance,statute,1,20;99,exact_title,candidate
commonlii-LKCA-2000-5,SRC027,Partition Law,statute,1,16;48;49,exact_title,candidate
commonlii-LKCA-2000-5,SRC071,Prescription Ordinance,statute,1,9;49,exact_title,candidate
commonlii-LKCA-2000-51,SRC071,Prescription Ordinance,statute,8,4;66,exact_title,candidate
commonlii-LKCA-2000-55,SRC027,Partition Law,statute,8,16;17;18;19;48;49,exact_title,candidate
commonlii-LKCA-2000-56,SRC030,Civil Procedure Code,statute,16,51;516;524;525;529;532;535;536;537;839,exact_title,candidate
commonlii-LKCA-2000-60,SRC028,Rent Act,statute,13,2;4;22,exact_title,candidate
commonlii-LKCA-2000-60,SRC030,Civil Procedure Code,statute,1,150,exact_title,candidate
commonlii-LKCA-2000-60,SRC071,Prescription Ordinance,statute,3,,exact_title,candidate
commonlii-LKCA-2000-65,SRC071,Prescription Ordinance,statute,1,7;873,exact_title,candidate
commonlii-LKCA-2000-68,SRC071,Prescription Ordinance,statute,7,4;5,exact_title,candidate
commonlii-LKCA-2000-9,SRC030,Civil Procedure Code,statute,1,146,exact_title,candidate
commonlii-LKCA-2001-1,SRC071,Prescription Ordinance,statute,2,3,exact_title,candidate
commonlii-LKCA-2001-103,SRC028,Rent Act,statute,19,18;22;36,exact_title,candidate
commonlii-LKCA-2001-103,SRC029,Evidence Ordinance,statute,1,22,exact_title,candidate
commonlii-LKCA-2001-11,SRC014,Notaries Ordinance,statute,4,20;31;83,exact_title,candidate
commonlii-LKCA-2001-11,SRC059,Trusts Ordinance,statute,5,20;31;83,exact_title,candidate
commonlii-LKCA-2001-19,SRC028,Rent Act,statute,2,17;22;48,exact_title,candidate
commonlii-LKCA-2001-26,SRC030,Civil Procedure Code,statute,4,5;59;84;85;86;88,exact_title,candidate
commonlii-LKCA-2001-26,SRC064,Mortgage Act,statute,2,59;84;85;86;88,exact_title,candidate
commonlii-LKCA-2001-28,SRC027,Partition Law,statute,2,48;408;839,exact_title,candidate
commonlii-LKCA-2001-28,SRC030,Civil Procedure Code,statute,2,48;91;408;839,exact_title,candidate
commonlii-LKCA-2001-34,SRC027,Partition Law,statute,1,25,exact_title,candidate
commonlii-LKCA-2001-34,SRC030,Civil Procedure Code,statute,3,91;408,exact_title,candidate
commonlii-LKCA-2001-37,SRC027,Partition Law,statute,5,52;53;77;79;226;325,exact_title,candidate
commonlii-LKCA-2001-37,SRC030,Civil Procedure Code,statute,22,5;12;15;16;18;19;28;32;46;52;53;77;79;226;286;287;325;326;337,exact_title,candidate
commonlii-LKCA-2001-40,SRC004,Matrimonial Rights and Inheritance Ordinance,statute,2,14A;394,exact_title,candidate
commonlii-LKCA-2001-40,SRC030,Civil Procedure Code,statute,8,14A;394,exact_title,candidate
commonlii-LKCA-2001-45,SRC030,Civil Procedure Code,statute,4,147,exact_title,candidate
commonlii-LKCA-2001-47,SRC030,Civil Procedure Code,statute,4,18;21;39;40;404,exact_title,candidate
commonlii-LKCA-2001-5,SRC012,Apartment Ownership Law,statute,11,3;20;21;147,exact_title,candidate
commonlii-LKCA-2001-5,SRC030,Civil Procedure Code,statute,3,3;147,exact_title,candidate
commonlii-LKCA-2001-68,SRC012,Apartment Ownership Law,statute,2,,exact_title,candidate
commonlii-LKCA-2001-7,SRC031,Companies Act,statute,4,2;5;6,exact_title,candidate
commonlii-LKCA-2001-73,SRC030,Civil Procedure Code,statute,14,30;35;217;386;530;534;538;547,exact_title,candidate
commonlii-LKCA-2001-79,SRC051,Land Acquisition Act,statute,21,2;4;38;38A,exact_title,candidate
commonlii-LKCA-2001-79,SRC056,State Lands Ordinance,statute,2,105,exact_title,candidate
commonlii-LKCA-2001-81,SRC028,Rent Act,statute,10,12A;22,exact_title,candidate
commonlii-LKCA-2001-89,SRC027,Partition Law,statute,8,5;44;48,exact_title,candidate
commonlii-LKCA-2001-89,SRC029,Evidence Ordinance,statute,1,5;44;48,exact_title,candidate
commonlii-LKCA-2001-91,SRC001,Prevention of Frauds Ordinance,statute,5,2;31;33,exact_title,candidate
commonlii-LKCA-2001-91,SRC014,Notaries Ordinance,statute,5,2;31;33,exact_title,candidate
commonlii-LKCA-2001-94,SRC027,Partition Law,statute,1,,exact_title,candidate
commonlii-LKCA-2001-95,SRC027,Partition Law,statute,11,2;18;26,exact_title,candidate
commonlii-LKCA-2001-96,SRC001,Prevention of Frauds Ordinance,statute,2,2;66,exact_title,candidate
commonlii-LKCA-2001-96,SRC027,Partition Law,statute,4,2;66,exact_title,candidate
commonlii-LKCA-2001-96,SRC028,Rent Act,statute,3,,exact_title,candidate
commonlii-LKCA-2001-97,SRC027,Partition Law,statute,1,91;408,exact_title,candidate
commonlii-LKCA-2001-97,SRC030,Civil Procedure Code,statute,5,91;408,exact_title,candidate
commonlii-LKCA-2001-99,SRC071,Prescription Ordinance,statute,2,3,exact_title,candidate
commonlii-LKCA-2002-17,SRC027,Partition Law,statute,2,48;189;754,exact_title,candidate
commonlii-LKCA-2002-17,SRC030,Civil Procedure Code,statute,14,48;184;189;754;755,exact_title,candidate
commonlii-LKCA-2002-18,SRC030,Civil Procedure Code,statute,8,35,exact_title,candidate
commonlii-LKCA-2002-2,SRC028,Rent Act,statute,3,,exact_title,candidate
commonlii-LKCA-2002-21,SRC030,Civil Procedure Code,statute,2,5;13;14;53;539,exact_title,candidate
commonlii-LKCA-2002-21,SRC071,Prescription Ordinance,statute,8,5;13;14;53,exact_title,candidate
commonlii-LKCA-2002-22,SRC030,Civil Procedure Code,statute,4,25,exact_title,candidate
commonlii-LKCA-2002-26,SRC030,Civil Procedure Code,statute,4,2;7;47;147;693;698,exact_title,candidate
commonlii-LKCA-2002-27,SRC030,Civil Procedure Code,statute,4,2;19;712;736,exact_title,candidate
commonlii-LKCA-2002-30,SRC030,Civil Procedure Code,statute,5,12;18;21;22,exact_title,candidate
commonlii-LKCA-2002-47,SRC001,Prevention of Frauds Ordinance,statute,7,2;31;114,exact_title,candidate
commonlii-LKCA-2002-47,SRC014,Notaries Ordinance,statute,11,2;31;33;114,exact_title,candidate
commonlii-LKCA-2002-47,SRC029,Evidence Ordinance,statute,6,2;31;114;144,exact_title,candidate
commonlii-LKCA-2002-50,SRC029,Evidence Ordinance,statute,4,101;102,exact_title,candidate
commonlii-LKCA-2002-51,SRC001,Prevention of Frauds Ordinance,statute,4,2;101,exact_title,candidate
commonlii-LKCA-2002-51,SRC028,Rent Act,statute,2,2;22;101,exact_title,candidate
commonlii-LKCA-2002-51,SRC029,Evidence Ordinance,statute,2,2;101,exact_title,candidate
commonlii-LKCA-2002-58,SRC005,Registration of Documents Ordinance,statute,5,22;32;39,exact_title,candidate
commonlii-LKCA-2002-60,SRC051,Land Acquisition Act,statute,2,10,exact_title,candidate
commonlii-LKCA-2002-64,SRC027,Partition Law,statute,5,48,exact_title,candidate
commonlii-LKCA-2002-65,SRC027,Partition Law,statute,4,12;14;48,exact_title,candidate
commonlii-LKCA-2002-66,SRC027,Partition Law,statute,1,189,exact_title,candidate
commonlii-LKCA-2002-66,SRC030,Civil Procedure Code,statute,3,189,exact_title,candidate
commonlii-LKCA-2002-76,SRC001,Prevention of Frauds Ordinance,statute,2,2,exact_title,candidate
commonlii-LKCA-2002-76,SRC028,Rent Act,statute,8,2,exact_title,candidate
commonlii-LKCA-2002-79,SRC028,Rent Act,statute,2,,exact_title,candidate
commonlii-LKCA-2002-88,SRC030,Civil Procedure Code,statute,4,10;44;83;111;187,exact_title,candidate
commonlii-LKCA-2002-88,SRC059,Trusts Ordinance,statute,3,10;111;187,exact_title,candidate
commonlii-LKCA-2002-88,SRC071,Prescription Ordinance,statute,7,10;44;83;111;187,exact_title,candidate
commonlii-LKCA-2002-89,SRC030,Civil Procedure Code,statute,10,5;6;8;84;112;217;387;595,exact_title,candidate
commonlii-LKCA-2002-89,SRC059,Trusts Ordinance,statute,20,5;6;8;84;112;217;387;595,exact_title,candidate
commonlii-LKCA-2002-90,SRC001,Prevention of Frauds Ordinance,statute,3,2;5,exact_title,candidate
commonlii-LKCA-2002-90,SRC059,Trusts Ordinance,statute,4,2;5;107,exact_title,candidate
commonlii-LKCA-2002-93,SRC001,Prevention of Frauds Ordinance,statute,3,4;48;58;63;87,exact_title,candidate
commonlii-LKCA-2002-93,SRC050,Land Development Ordinance,statute,14,4;19;48;56;58;60;63;87,exact_title,candidate
commonlii-LKCA-2002-93,SRC071,Prescription Ordinance,statute,2,4,exact_title,candidate
commonlii-LKCA-2003-12,SRC030,Civil Procedure Code,statute,4,18,exact_title,candidate
commonlii-LKCA-2003-24,SRC030,Civil Procedure Code,statute,2,671,exact_title,candidate
commonlii-LKCA-2003-25,SRC030,Civil Procedure Code,statute,8,24;25;42;93,exact_title,candidate
commonlii-LKCA-2003-46,SRC049,Buddhist Temporalities Ordinance,statute,3,23,exact_title,candidate
commonlii-LKCA-2003-47,SRC029,Evidence Ordinance,statute,2,3;28;48,exact_title,candidate
commonlii-LKCA-2003-47,SRC051,Land Acquisition Act,statute,9,2;3;28;48,exact_title,candidate
commonlii-LKCA-2003-54,SRC048,Muslim Intestate Succession Ordinance,statute,5,3;4,exact_title,candidate
commonlii-LKCA-2003-55,SRC005,Registration of Documents Ordinance,statute,2,12;66,exact_title,candidate
commonlii-LKCA-2003-55,SRC027,Partition Law,statute,4,12;66,exact_title,candidate
commonlii-LKCA-2003-56,SRC027,Partition Law,statute,3,9;25;26;48;187,exact_title,candidate
commonlii-LKCA-2003-56,SRC029,Evidence Ordinance,statute,2,9;25;26;48;187,exact_title,candidate
commonlii-LKCA-2003-56,SRC030,Civil Procedure Code,statute,3,9;25;26;48;187,exact_title,candidate
commonlii-LKCA-2003-57,SRC027,Partition Law,statute,5,9;25;26;27;187,exact_title,candidate
commonlii-LKCA-2003-57,SRC029,Evidence Ordinance,statute,1,25;48,exact_title,candidate
commonlii-LKCA-2003-57,SRC030,Civil Procedure Code,statute,4,9;25;27;187,exact_title,candidate
commonlii-LKCA-2003-58,SRC027,Partition Law,statute,1,,exact_title,candidate
commonlii-LKCA-2003-63,SRC071,Prescription Ordinance,statute,2,2;3,exact_title,candidate
commonlii-LKCA-2003-65,SRC028,Rent Act,statute,10,22,exact_title,candidate
commonlii-LKCA-2003-66,SRC028,Rent Act,statute,7,116,exact_title,candidate
commonlii-LKCA-2003-66,SRC029,Evidence Ordinance,statute,3,116,exact_title,candidate
commonlii-LKCA-2003-67,SRC028,Rent Act,statute,5,22;29,exact_title,candidate
commonlii-LKCA-2003-68,SRC027,Partition Law,statute,1,48,exact_title,candidate
commonlii-LKCA-2003-69,SRC071,Prescription Ordinance,statute,5,3;5;6;7;8;9;10;11,exact_title,candidate
commonlii-LKCA-2003-71,SRC027,Partition Law,statute,1,,exact_title,candidate
commonlii-LKCA-2003-98,SRC027,Partition Law,statute,1,,exact_title,candidate
commonlii-LKCA-2004-15,SRC030,Civil Procedure Code,statute,7,6;705;706,exact_title,candidate
commonlii-LKCA-2004-15,SRC071,Prescription Ordinance,statute,3,6;705,exact_title,candidate
commonlii-LKCA-2004-17,SRC030,Civil Procedure Code,statute,11,25;181;182;183;183A;437,exact_title,candidate
commonlii-LKCA-2004-21,SRC030,Civil Procedure Code,statute,7,325;3250,exact_title,candidate
commonlii-LKCA-2004-28,SRC030,Civil Procedure Code,statute,3,18,exact_title,candidate
commonlii-LKCA-2004-30,SRC030,Civil Procedure Code,statute,1,6;337,exact_title,candidate
commonlii-LKCA-2004-30,SRC071,Prescription Ordinance,statute,4,3;6;10;100;337,exact_title,candidate
commonlii-LKCA-2004-31,SRC027,Partition Law,statute,4,67;662,exact_title,candidate
commonlii-LKCA-2004-31,SRC030,Civil Procedure Code,statute,2,67;662,exact_title,candidate
commonlii-LKCA-2004-32,SRC005,Registration of Documents Ordinance,statute,2,,exact_title,candidate
commonlii-LKCA-2004-32,SRC027,Partition Law,statute,10,12;48,exact_title,candidate
commonlii-LKCA-2004-33,SRC071,Prescription Ordinance,statute,8,3;10,exact_title,candidate
commonlii-LKCA-2004-37,SRC080,People's Bank Act,statute,2,22;29D;42;290,exact_title,candidate
commonlii-LKCA-2004-38,SRC001,Prevention of Frauds Ordinance,statute,7,2;4;27;31;440A,exact_title,candidate
commonlii-LKCA-2004-38,SRC005,Registration of Documents Ordinance,statute,2,2;27;31;440A,exact_title,candidate
commonlii-LKCA-2004-38,SRC014,Notaries Ordinance,statute,2,2;27;30;31;440A,exact_title,candidate
commonlii-LKCA-2004-38,SRC030,Civil Procedure Code,statute,2,2;27;31;440A,exact_title,candidate
commonlii-LKCA-2004-41,SRC001,Prevention of Frauds Ordinance,statute,5,02;2;17;187,exact_title,candidate
commonlii-LKCA-2004-41,SRC030,Civil Procedure Code,statute,4,2;17;22;187,exact_title,candidate
commonlii-LKCA-2004-42,SRC028,Rent Act,statute,10,21;22;48,exact_title,candidate
commonlii-LKCA-2004-51,SRC028,Rent Act,statute,12,2,exact_title,candidate
commonlii-LKCA-2004-62,SRC027,Partition Law,statute,1,25,exact_title,candidate
commonlii-LKCA-2004-66,SRC030,Civil Procedure Code,statute,7,666,exact_title,candidate
commonlii-LKCA-2004-70,SRC030,Civil Procedure Code,statute,2,8;29;39,exact_title,candidate
commonlii-LKCA-2004-73,SRC034,Stamp Duty Act,statute,3,16;29;290,exact_title,candidate
commonlii-LKCA-2004-73,SRC080,People's Bank Act,statute,3,16;29;29B,exact_title,candidate
commonlii-LKCA-2004-8,SRC030,Civil Procedure Code,statute,6,395;754,exact_title,candidate
commonlii-LKCA-2005-18,SRC030,Civil Procedure Code,statute,1,8,exact_title,candidate
commonlii-LKCA-2005-18,SRC031,Companies Act,statute,4,8,exact_title,candidate
commonlii-LKCA-2005-18,SRC071,Prescription Ordinance,statute,8,8;31,exact_title,candidate
commonlii-LKCA-2005-2,SRC030,Civil Procedure Code,statute,2,5,exact_title,candidate
commonlii-LKCA-2005-2,SRC071,Prescription Ordinance,statute,10,2;3;5;6;10,exact_title,candidate
commonlii-LKCA-2005-20,SRC005,Registration of Documents Ordinance,statute,1,5;12,exact_title,candidate
commonlii-LKCA-2005-20,SRC027,Partition Law,statute,17,5;12;40;41;42;44;48;403,exact_title,candidate
commonlii-LKCA-2005-20,SRC029,Evidence Ordinance,statute,5,5;12;40;41;42;44;48;403,exact_title,candidate
commonlii-LKCA-2005-20,SRC030,Civil Procedure Code,statute,2,5;12;44;48;403,exact_title,candidate
commonlii-LKCA-2005-27,SRC030,Civil Procedure Code,statute,1,18;146;753,exact_title,candidate
commonlii-LKCA-2005-35,SRC027,Partition Law,statute,5,26;31;32;36,exact_title,candidate
commonlii-LKCA-2005-37,SRC005,Registration of Documents Ordinance,statute,2,26;36,exact_title,candidate
commonlii-LKCA-2005-39,SRC034,Stamp Duty Act,statute,6,16;17,exact_title,candidate
commonlii-LKCA-2005-42,SRC030,Civil Procedure Code,statute,4,524;534;754,exact_title,candidate
commonlii-LKCA-2005-45,SRC027,Partition Law,statute,1,23,exact_title,candidate
commonlii-LKCA-2005-46,SRC030,Civil Procedure Code,statute,3,187,exact_title,candidate
commonlii-LKCA-2005-47,SRC027,Partition Law,statute,1,,exact_title,candidate
commonlii-LKCA-2005-49,SRC027,Partition Law,statute,1,25;187,exact_title,candidate
commonlii-LKCA-2005-49,SRC030,Civil Procedure Code,statute,4,25;187,exact_title,candidate
commonlii-LKCA-2005-52,SRC030,Civil Procedure Code,statute,5,408;839,exact_title,candidate
commonlii-LKCA-2005-56,SRC030,Civil Procedure Code,statute,5,839,exact_title,candidate
commonlii-LKCA-2005-59,SRC030,Civil Procedure Code,statute,4,121;175,exact_title,candidate
commonlii-LKCA-2005-68,SRC030,Civil Procedure Code,statute,4,51;754;755;756;765,exact_title,candidate
commonlii-LKCA-2005-72,SRC012,Apartment Ownership Law,statute,16,23;26,exact_title,candidate
commonlii-LKCA-2005-72,SRC027,Partition Law,statute,3,23;26,exact_title,candidate
commonlii-LKCA-2005-77,SRC030,Civil Procedure Code,statute,4,754,exact_title,candidate
commonlii-LKCA-2005-78,SRC030,Civil Procedure Code,statute,11,178;420;422,exact_title,candidate
commonlii-LKCA-2005-8,SRC030,Civil Procedure Code,statute,1,,exact_title,candidate
commonlii-LKCA-2005-88,SRC001,Prevention of Frauds Ordinance,statute,1,2,exact_title,candidate
commonlii-LKCA-2005-9,SRC027,Partition Law,statute,4,25;26;44,exact_title,candidate
commonlii-LKCA-2005-9,SRC029,Evidence Ordinance,statute,2,3;25;44;48,exact_title,candidate
commonlii-LKCA-2006-11,SRC001,Prevention of Frauds Ordinance,statute,1,2;31;33o,exact_title,candidate
commonlii-LKCA-2006-11,SRC005,Registration of Documents Ordinance,statute,7,3;7;31;33;103,exact_title,candidate
commonlii-LKCA-2006-11,SRC014,Notaries Ordinance,statute,1,3;7;31;33;103,exact_title,candidate
commonlii-LKCA-2006-11,SRC029,Evidence Ordinance,statute,3,3;7;31;33;103,exact_title,candidate
commonlii-LKCA-2006-11,SRC030,Civil Procedure Code,statute,1,289;291,exact_title,candidate
commonlii-LKCA-2006-11,SRC071,Prescription Ordinance,statute,2,3;7;31;33;103,exact_title,candidate
commonlii-LKCA-2006-15,SRC080,People's Bank Act,statute,5,22;29;29D;29E;298,exact_title,candidate
commonlii-LKCA-2006-16,SRC027,Partition Law,statute,2,25,exact_title,candidate
commonlii-LKCA-2006-18,SRC029,Evidence Ordinance,statute,2,101;102;163,exact_title,candidate
commonlii-LKCA-2006-18,SRC030,Civil Procedure Code,statute,2,101;102;163,exact_title,candidate
commonlii-LKCA-2006-20,SRC030,Civil Procedure Code,statute,1,,exact_title,candidate
commonlii-LKCA-2006-22,SRC001,Prevention of Frauds Ordinance,statute,1,,exact_title,candidate
commonlii-LKCA-2006-22,SRC028,Rent Act,statute,5,3;22;84;111;114;116,exact_title,candidate
commonlii-LKCA-2006-22,SRC029,Evidence Ordinance,statute,4,3;84;111;114;116,exact_title,candidate
commonlii-LKCA-2006-22,SRC071,Prescription Ordinance,statute,3,3;84;111;114;116,exact_title,candidate
commonlii-LKCA-2006-28,SRC027,Partition Law,statute,7,48;69;754,exact_title,candidate
commonlii-LKCA-2006-28,SRC030,Civil Procedure Code,statute,3,48;754,exact_title,candidate
commonlii-LKCA-2006-35,SRC034,Stamp Duty Act,statute,8,5;33,exact_title,candidate
commonlii-LKCA-2006-36,SRC030,Civil Procedure Code,statute,7,18;839,exact_title,candidate
commonlii-LKCA-2006-49,SRC005,Registration of Documents Ordinance,statute,1,44;48,exact_title,candidate
commonlii-LKCA-2006-49,SRC027,Partition Law,statute,7,44;48;49;69,exact_title,candidate
commonlii-LKCA-2006-49,SRC029,Evidence Ordinance,statute,1,44;48,exact_title,candidate
commonlii-LKCA-2006-5,SRC030,Civil Procedure Code,statute,2,22;70;72;754,exact_title,candidate
commonlii-LKCA-2006-6,SRC027,Partition Law,statute,1,3;103,exact_title,candidate
commonlii-LKCA-2006-6,SRC029,Evidence Ordinance,statute,3,3;58;103,exact_title,candidate
commonlii-LKCA-2006-68,SRC030,Civil Procedure Code,statute,4,48;184;185,exact_title,candidate
commonlii-LKCA-2006-73,SRC027,Partition Law,statute,7,26;36;48,exact_title,candidate
commonlii-LKCA-2006-77,SRC027,Partition Law,statute,1,,exact_title,candidate
commonlii-LKCA-2006-77,SRC030,Civil Procedure Code,statute,6,184;754,exact_title,candidate
commonlii-LKCA-2006-82,SRC033,Land Reform Law,statute,1,,exact_title,candidate
commonlii-LKCA-2007-10,SRC027,Partition Law,statute,2,35;35A,exact_title,candidate
commonlii-LKCA-2007-14,SRC030,Civil Procedure Code,statute,8,121;175,exact_title,candidate
commonlii-LKCA-2007-22,SRC028,Rent Act,statute,1,,exact_title,candidate
commonlii-LKCA-2007-22,SRC030,Civil Procedure Code,statute,8,754;755;757;765,exact_title,candidate
commonlii-LKCA-2007-23,SRC028,Rent Act,statute,9,28,exact_title,candidate
commonlii-LKCA-2007-3,SRC029,Evidence Ordinance,statute,2,101,exact_title,candidate
commonlii-LKCA-2007-36,SRC080,People's Bank Act,statute,1,5,exact_title,candidate
commonlii-LKCA-2007-37,SRC030,Civil Procedure Code,statute,6,664;665;666;753;754,exact_title,candidate
commonlii-LKCA-2009-13,SRC027,Partition Law,statute,2,6;516;517;518;520,exact_title,candidate
commonlii-LKCA-2009-13,SRC030,Civil Procedure Code,statute,22,6;56;516;517;518;520;524,exact_title,candidate
commonlii-LKCA-2009-13,SRC031,Companies Act,statute,2,6;516;517;518;520,exact_title,candidate
commonlii-LKCA-2009-15,SRC027,Partition Law,statute,1,,exact_title,candidate
commonlii-LKCA-2009-5,SRC071,Prescription Ordinance,statute,1,5;6;7;8;9;10,exact_title,candidate
commonlii-LKCA-2009-6,SRC030,Civil Procedure Code,statute,2,35,exact_title,candidate
commonlii-LKCA-2009-7,SRC027,Partition Law,statute,7,68,exact_title,candidate
commonlii-LKCA-2009-7,SRC029,Evidence Ordinance,statute,3,68,exact_title,candidate
commonlii-LKSC-1895-1,SRC030,Civil Procedure Code,statute,5,22;229;230;352,exact_title,candidate
commonlii-LKSC-1895-2,SRC030,Civil Procedure Code,statute,5,384;386;524;533;534;826,exact_title,candidate
commonlii-LKSC-1896-2,SRC030,Civil Procedure Code,statute,6,243;247,exact_title,candidate
commonlii-LKSC-1896-2,SRC071,Prescription Ordinance,statute,1,241,exact_title,candidate
commonlii-LKSC-1896-4,SRC030,Civil Procedure Code,statute,3,87,exact_title,candidate
commonlii-LKSC-1896-5,SRC030,Civil Procedure Code,statute,2,64,exact_title,candidate
commonlii-LKSC-1902-11,SRC014,Notaries Ordinance,statute,2,3;21;22,exact_title,candidate
commonlii-LKSC-1902-12,SRC071,Prescription Ordinance,statute,4,10;14,exact_title,candidate
commonlii-LKSC-1903-3,SRC030,Civil Procedure Code,statute,1,4;232,exact_title,candidate
commonlii-LKSC-1906-3,SRC061,Municipal Councils Ordinance,statute,4,20;22;23;31;33;39;41;43;46;63;68,exact_title,candidate
commonlii-LKSC-1912-1,SRC029,Evidence Ordinance,statute,1,532,exact_title,candidate
commonlii-LKSC-1912-1,SRC030,Civil Procedure Code,statute,6,532,exact_title,candidate
commonlii-LKSC-1916-1,SRC024,Wills Ordinance,statute,1,,exact_title,candidate
commonlii-LKSC-1917-1,SRC049,Buddhist Temporalities Ordinance,statute,16,19;20;27;38;63;88,exact_title,candidate
commonlii-LKSC-1917-4,SRC029,Evidence Ordinance,statute,3,92,exact_title,candidate
commonlii-LKSC-1918-1,SRC030,Civil Procedure Code,statute,1,757,exact_title,candidate
commonlii-LKSC-1918-2,SRC029,Evidence Ordinance,statute,1,92,exact_title,candidate
commonlii-LKSC-1921-1,SRC049,Buddhist Temporalities Ordinance,statute,3,38,exact_title,candidate
commonlii-LKSC-1922-1,SRC030,Civil Procedure Code,statute,2,12;17,exact_title,candidate
commonlii-LKSC-1926-1,SRC030,Civil Procedure Code,statute,2,274;275;277;404,exact_title,candidate
commonlii-LKSC-1926-2,SRC030,Civil Procedure Code,statute,3,5;120;182;438,exact_title,candidate
commonlii-LKSC-1926-2,SRC049,Buddhist Temporalities Ordinance,statute,4,19,exact_title,candidate
commonlii-LKSC-1935-3,SRC030,Civil Procedure Code,statute,3,23;59;69;137;294;295;358;650;656;682;713;717,exact_title,candidate
commonlii-LKSC-1936-1,SRC014,Notaries Ordinance,statute,3,25;26;27,exact_title,candidate
commonlii-LKSC-1936-11,SRC030,Civil Procedure Code,statute,2,25;30,exact_title,candidate
commonlii-LKSC-1936-15,SRC005,Registration of Documents Ordinance,statute,2,7;118,exact_title,candidate
commonlii-LKSC-1936-15,SRC059,Trusts Ordinance,statute,1,7;118,exact_title,candidate
commonlii-LKSC-1936-3,SRC030,Civil Procedure Code,statute,12,4;5;13;258;349;604;605;617,exact_title,candidate
commonlii-LKSC-1937-1,SRC049,Buddhist Temporalities Ordinance,statute,1,,exact_title,candidate
commonlii-LKSC-1938-12,SRC030,Civil Procedure Code,statute,7,7;289,exact_title,candidate
commonlii-LKSC-1938-9,SRC071,Prescription Ordinance,statute,1,3,exact_title,candidate
commonlii-LKSC-1939-2,SRC030,Civil Procedure Code,statute,1,344,exact_title,candidate
commonlii-LKSC-1941-13,SRC004,Matrimonial Rights and Inheritance Ordinance,statute,2,35,exact_title,candidate
commonlii-LKSC-1941-13,SRC030,Civil Procedure Code,statute,2,736,exact_title,candidate
commonlii-LKSC-1944-1,SRC004,Matrimonial Rights and Inheritance Ordinance,statute,1,35,exact_title,candidate
commonlii-LKSC-1944-14,SRC059,Trusts Ordinance,statute,1,3,exact_title,candidate
commonlii-LKSC-1948-2,SRC049,Buddhist Temporalities Ordinance,statute,2,3;4;9;10;11;14,exact_title,candidate
commonlii-LKSC-1948-28,SRC030,Civil Procedure Code,statute,1,,exact_title,candidate
commonlii-LKSC-1948-34,SRC030,Civil Procedure Code,statute,1,68;518,exact_title,candidate
commonlii-LKSC-1948-7,SRC030,Civil Procedure Code,statute,1,,exact_title,candidate
commonlii-LKSC-1948-7,SRC031,Companies Act,statute,1,145;151,exact_title,candidate
commonlii-LKSC-1948-9,SRC030,Civil Procedure Code,statute,2,518,exact_title,candidate
commonlii-LKSC-1949-9,SRC059,Trusts Ordinance,statute,3,73;93,exact_title,candidate
commonlii-LKSC-1952-10,SRC029,Evidence Ordinance,statute,1,71;73,exact_title,candidate
commonlii-LKSC-1954-6,SRC059,Trusts Ordinance,statute,3,84,exact_title,candidate
commonlii-LKSC-1957-20,SRC051,Land Acquisition Act,statute,7,16;17;36;37;42,exact_title,candidate
commonlii-LKSC-1957-22,SRC001,Prevention of Frauds Ordinance,statute,2,2,exact_title,candidate
commonlii-LKSC-1958-13,SRC030,Civil Procedure Code,statute,5,4;5;6;7;8;46;70,exact_title,candidate
commonlii-LKSC-1958-27,SRC042,Urban Councils Ordinance,statute,1,34,exact_title,candidate
commonlii-LKSC-1958-27,SRC051,Land Acquisition Act,statute,4,35;36;38,exact_title,candidate
commonlii-LKSC-1958-27,SRC061,Municipal Councils Ordinance,statute,2,80;85,exact_title,candidate
commonlii-LKSC-1961-19,SRC059,Trusts Ordinance,statute,1,84,exact_title,candidate
commonlii-LKSC-1961-25,SRC059,Trusts Ordinance,statute,7,2;7;20;99,exact_title,candidate
commonlii-LKSC-1961-38,SRC071,Prescription Ordinance,statute,2,,exact_title,candidate
commonlii-LKSC-1962-11,SRC051,Land Acquisition Act,statute,5,,exact_title,candidate
commonlii-LKSC-1962-37,SRC029,Evidence Ordinance,statute,10,3;7;9;13;32;41;126,exact_title,candidate
commonlii-LKSC-1962-37,SRC049,Buddhist Temporalities Ordinance,statute,10,4;13;32;41,exact_title,candidate
commonlii-LKSC-1962-4,SRC030,Civil Procedure Code,statute,4,772,exact_title,candidate
commonlii-LKSC-1963-2,SRC049,Buddhist Temporalities Ordinance,statute,5,4;23,exact_title,candidate
commonlii-LKSC-1963-21,SRC059,Trusts Ordinance,statute,2,6,exact_title,candidate
commonlii-LKSC-1965-10,SRC005,Registration of Documents Ordinance,statute,4,6;12;13;48,exact_title,candidate
commonlii-LKSC-1965-30,SRC064,Mortgage Act,statute,3,5;16;34;35;36;54;55,exact_title,candidate
commonlii-LKSC-1966-30,SRC029,Evidence Ordinance,statute,1,,exact_title,candidate
commonlii-LKSC-1968-2,SRC030,Civil Procedure Code,statute,1,49,exact_title,candidate
commonlii-LKSC-1968-4,SRC030,Civil Procedure Code,statute,1,131,exact_title,candidate
commonlii-LKSC-1969-4,SRC071,Prescription Ordinance,statute,2,3,exact_title,candidate
commonlii-LKSC-1970-23,SRC051,Land Acquisition Act,statute,8,28;45,exact_title,candidate
commonlii-LKSC-1970-3,SRC028,Rent Act,statute,1,18;344,exact_title,candidate
commonlii-LKSC-1970-3,SRC030,Civil Procedure Code,statute,1,18;344,exact_title,candidate
commonlii-LKSC-1971-1,SRC029,Evidence Ordinance,statute,4,92,exact_title,candidate
commonlii-LKSC-1971-38,SRC030,Civil Procedure Code,statute,3,46;75;146;148;150,exact_title,candidate
commonlii-LKSC-1971-5,SRC030,Civil Procedure Code,statute,1,9,exact_title,candidate
commonlii-LKSC-1972-11,SRC029,Evidence Ordinance,statute,4,3;67;165;181;182,exact_title,candidate
commonlii-LKSC-1972-11,SRC030,Civil Procedure Code,statute,1,80B,exact_title,candidate
commonlii-LKSC-1972-22,SRC001,Prevention of Frauds Ordinance,statute,1,8;167;168;184,exact_title,candidate
commonlii-LKSC-1972-22,SRC029,Evidence Ordinance,statute,1,58;167;168;184,exact_title,candidate
commonlii-LKSC-1972-22,SRC030,Civil Procedure Code,statute,1,8;58;167;168;184,exact_title,candidate
commonlii-LKSC-1973-16,SRC042,Urban Councils Ordinance,statute,3,3;136,exact_title,candidate
commonlii-LKSC-1973-2,SRC051,Land Acquisition Act,statute,3,4;48;70;70B;70C,exact_title,candidate
commonlii-LKSC-1974-3,SRC029,Evidence Ordinance,statute,2,6;11,exact_title,candidate
commonlii-LKSC-1974-7,SRC050,Land Development Ordinance,statute,16,26;32;77;80;84;85,exact_title,candidate
commonlii-LKSC-1976-12,SRC001,Prevention of Frauds Ordinance,statute,3,2;83,exact_title,candidate
commonlii-LKSC-1976-12,SRC059,Trusts Ordinance,statute,8,2;83,exact_title,candidate
commonlii-LKSC-1977-2,SRC028,Rent Act,statute,11,36,exact_title,candidate
commonlii-LKSC-1978-4,SRC029,Evidence Ordinance,statute,2,91;92;101,exact_title,candidate
commonlii-LKSC-1978-6,SRC028,Rent Act,statute,17,29;39,exact_title,candidate
commonlii-LKSC-1979-5,SRC029,Evidence Ordinance,statute,2,114,exact_title,candidate
commonlii-LKSC-1980-1,SRC028,Rent Act,statute,18,9;13;17;22;375,exact_title,candidate
commonlii-LKSC-1981-12,SRC030,Civil Procedure Code,statute,4,20;406,exact_title,candidate
commonlii-LKSC-1981-12,SRC049,Buddhist Temporalities Ordinance,statute,12,3;4;9;10;11;20;406,exact_title,candidate
commonlii-LKSC-1981-13,SRC030,Civil Procedure Code,statute,8,3;5;10;11;17;34;404,exact_title,candidate
commonlii-LKSC-1981-13,SRC049,Buddhist Temporalities Ordinance,statute,9,2;3;10;17;20;34,exact_title,candidate
commonlii-LKSC-1981-13,SRC071,Prescription Ordinance,statute,11,3;10;17;20;34,exact_title,candidate
commonlii-LKSC-1981-20,SRC030,Civil Procedure Code,statute,10,5;10;23;24;62;70;217;839,exact_title,candidate
commonlii-LKSC-1981-20,SRC050,Land Development Ordinance,statute,2,3,exact_title,candidate
commonlii-LKSC-1981-21,SRC028,Rent Act,statute,3,,exact_title,candidate
commonlii-LKSC-1981-23,SRC029,Evidence Ordinance,statute,1,44,exact_title,candidate
commonlii-LKSC-1981-23,SRC030,Civil Procedure Code,statute,4,44;189;839,exact_title,candidate
commonlii-LKSC-1981-24,SRC030,Civil Procedure Code,statute,11,3;327;328,exact_title,candidate
commonlii-LKSC-1981-25,SRC030,Civil Procedure Code,statute,5,754;755;756;759;765,exact_title,candidate
commonlii-LKSC-1981-41,SRC028,Rent Act,statute,2,,exact_title,candidate
commonlii-LKSC-1981-41,SRC030,Civil Procedure Code,statute,1,54;86;662;667,exact_title,candidate
commonlii-LKSC-1981-43,SRC028,Rent Act,statute,12,10;28,exact_title,candidate
commonlii-LKSC-1981-45,SRC001,Prevention of Frauds Ordinance,statute,7,2,exact_title,candidate
commonlii-LKSC-1981-8,SRC028,Rent Act,statute,6,36;325,exact_title,candidate
commonlii-LKSC-1981-8,SRC030,Civil Procedure Code,statute,6,325;326;327;329,exact_title,candidate
commonlii-LKSC-1982-1,SRC028,Rent Act,statute,4,35;40,exact_title,candidate
commonlii-LKSC-1982-1,SRC030,Civil Procedure Code,statute,8,3;4;318;330;769,exact_title,candidate
commonlii-LKSC-1982-13,SRC030,Civil Procedure Code,statute,11,21;40;287;325;326;327;327A;328;753,exact_title,candidate
commonlii-LKSC-1982-14,SRC028,Rent Act,statute,2,22,exact_title,candidate
commonlii-LKSC-1982-14,SRC030,Civil Procedure Code,statute,8,393;398,exact_title,candidate
commonlii-LKSC-1982-16,SRC030,Civil Procedure Code,statute,5,325,exact_title,candidate
commonlii-LKSC-1982-26,SRC029,Evidence Ordinance,statute,3,92,exact_title,candidate
commonlii-LKSC-1983-1,SRC030,Civil Procedure Code,statute,3,5;7;36o;37;776;839,exact_title,candidate
commonlii-LKSC-1983-20,SRC044,Bank of Ceylon Ordinance,statute,2,107,exact_title,candidate
commonlii-LKSC-1983-3,SRC030,Civil Procedure Code,statute,11,33;34;75;207;406,exact_title,candidate
commonlii-LKSC-1983-3,SRC049,Buddhist Temporalities Ordinance,statute,1,4,exact_title,candidate
commonlii-LKSC-1983-4,SRC030,Civil Procedure Code,statute,11,4;24;33;34;75;207;406,exact_title,candidate
commonlii-LKSC-1983-4,SRC049,Buddhist Temporalities Ordinance,statute,2,4;24;33;34;207;406,exact_title,candidate
commonlii-LKSC-1984-11,SRC049,Buddhist Temporalities Ordinance,statute,9,20;23;33;56;170,exact_title,candidate
commonlii-LKSC-1984-11,SRC050,Land Development Ordinance,statute,19,20;23;33;56;170,exact_title,candidate
commonlii-LKSC-1984-17,SRC030,Civil Procedure Code,statute,1,,exact_title,candidate
commonlii-LKSC-1984-17,SRC033,Land Reform Law,statute,11,22;23;24;26;47,exact_title,candidate
commonlii-LKSC-1984-19,SRC044,Bank of Ceylon Ordinance,statute,1,71,exact_title,candidate
commonlii-LKSC-1984-2,SRC030,Civil Procedure Code,statute,3,328,exact_title,candidate
commonlii-LKSC-1984-21,SRC049,Buddhist Temporalities Ordinance,statute,1,23,exact_title,candidate
commonlii-LKSC-1984-23,SRC028,Rent Act,statute,10,22,exact_title,candidate
commonlii-LKSC-1984-5,SRC029,Evidence Ordinance,statute,6,114;254,exact_title,candidate
commonlii-LKSC-1985-22,SRC028,Rent Act,statute,1,,exact_title,candidate
commonlii-LKSC-1985-22,SRC061,Municipal Councils Ordinance,statute,3,233,exact_title,candidate
commonlii-LKSC-1985-5,SRC049,Buddhist Temporalities Ordinance,statute,4,34,exact_title,candidate
commonlii-LKSC-1985-5,SRC071,Prescription Ordinance,statute,1,34,exact_title,candidate
commonlii-LKSC-1985-8,SRC030,Civil Procedure Code,statute,5,18,exact_title,candidate
commonlii-LKSC-1987-11,SRC030,Civil Procedure Code,statute,6,5;24;25,exact_title,candidate
commonlii-LKSC-1987-17,SRC028,Rent Act,statute,70,2;22;27;48,exact_title,candidate
commonlii-LKSC-1987-2,SRC030,Civil Procedure Code,statute,6,772,exact_title,candidate
commonlii-LKSC-1987-2,SRC031,Companies Act,statute,2,16;63;182,exact_title,candidate
commonlii-LKSC-1987-22,SRC004,Matrimonial Rights and Inheritance Ordinance,statute,1,2;3;6,exact_title,candidate
commonlii-LKSC-1987-22,SRC024,Wills Ordinance,statute,7,2;6,exact_title,candidate
commonlii-LKSC-1987-22,SRC029,Evidence Ordinance,statute,3,2;27;122,exact_title,candidate
commonlii-LKSC-1987-22,SRC030,Civil Procedure Code,statute,1,2;3;6,exact_title,candidate
commonlii-LKSC-1987-22,SRC048,Muslim Intestate Succession Ordinance,statute,13,2;6,exact_title,candidate
commonlii-LKSC-1987-23,SRC071,Prescription Ordinance,statute,1,3,exact_title,candidate
commonlii-LKSC-1987-6,SRC028,Rent Act,statute,1,22,exact_title,candidate
commonlii-LKSC-1988-14,SRC050,Land Development Ordinance,statute,6,60;72,exact_title,candidate
commonlii-LKSC-1988-23,SRC031,Companies Act,statute,3,169,exact_title,candidate
commonlii-LKSC-1988-3,SRC029,Evidence Ordinance,statute,1,73,exact_title,candidate
commonlii-LKSC-1988-3,SRC049,Buddhist Temporalities Ordinance,statute,25,4;5;9;10;20,exact_title,candidate
commonlii-LKSC-1988-6,SRC029,Evidence Ordinance,statute,4,10;11;15;116,exact_title,candidate
commonlii-LKSC-1988-8,SRC030,Civil Procedure Code,statute,11,653;654,exact_title,candidate
commonlii-LKSC-1988-9,SRC004,Matrimonial Rights and Inheritance Ordinance,statute,7,2;3;20;523,exact_title,candidate
commonlii-LKSC-1988-9,SRC030,Civil Procedure Code,statute,3,20;71;523,exact_title,candidate
commonlii-LKSC-1989-11,SRC030,Civil Procedure Code,statute,28,2;7O;11;24;25;34;68;94;650;653;655;703;704;705;706;829A,exact_title,candidate
commonlii-LKSC-1989-11,SRC031,Companies Act,statute,1,11;34;68;210;211;213;441,exact_title,candidate
commonlii-LKSC-1989-14,SRC028,Rent Act,statute,6,37,exact_title,candidate
commonlii-LKSC-1989-17,SRC030,Civil Procedure Code,statute,6,40;46;524;532;536;537,exact_title,candidate
commonlii-LKSC-1989-18,SRC030,Civil Procedure Code,statute,12,664;666;754;839,exact_title,candidate
commonlii-LKSC-1989-23,SRC059,Trusts Ordinance,statute,7,3;93,exact_title,candidate
commonlii-LKSC-1989-34,SRC030,Civil Procedure Code,statute,3,189,exact_title,candidate
commonlii-LKSC-1989-34,SRC054,Land Settlement Ordinance,statute,3,189,exact_title,candidate
commonlii-LKSC-1989-37,SRC027,Partition Law,statute,2,32;42;48,exact_title,candidate
commonlii-LKSC-1989-6,SRC014,Notaries Ordinance,statute,2,21;26;27;28;32,exact_title,candidate
commonlii-LKSC-1989-6,SRC030,Civil Procedure Code,statute,1,14;15;16;88;389;754,exact_title,candidate
commonlii-LKSC-1990-13,SRC001,Prevention of Frauds Ordinance,statute,8,2;5;83;84;91;92,exact_title,candidate
commonlii-LKSC-1990-13,SRC029,Evidence Ordinance,statute,11,2;5;83;84;91;92,exact_title,candidate
commonlii-LKSC-1990-13,SRC030,Civil Procedure Code,statute,1,,exact_title,candidate
commonlii-LKSC-1990-13,SRC059,Trusts Ordinance,statute,32,2;5;7;8;9;10;83;84;91;92;96,exact_title,candidate
commonlii-LKSC-1990-14,SRC051,Land Acquisition Act,statute,1,,exact_title,candidate
commonlii-LKSC-1990-16,SRC027,Partition Law,statute,2,25,exact_title,candidate
commonlii-LKSC-1990-17,SRC030,Civil Procedure Code,statute,1,777,exact_title,candidate
commonlii-LKSC-1990-21,SRC001,Prevention of Frauds Ordinance,statute,1,,exact_title,candidate
commonlii-LKSC-1990-21,SRC049,Buddhist Temporalities Ordinance,statute,1,4;5;20;99,exact_title,candidate
commonlii-LKSC-1990-21,SRC059,Trusts Ordinance,statute,1,99,exact_title,candidate
commonlii-LKSC-1990-4,SRC030,Civil Procedure Code,statute,1,653;704;757,exact_title,candidate
commonlii-LKSC-1991-12,SRC031,Companies Act,statute,1,,exact_title,candidate
commonlii-LKSC-1991-12,SRC049,Buddhist Temporalities Ordinance,statute,1,,exact_title,candidate
commonlii-LKSC-1991-14,SRC049,Buddhist Temporalities Ordinance,statute,4,4,exact_title,candidate
commonlii-LKSC-1991-15,SRC049,Buddhist Temporalities Ordinance,statute,1,,exact_title,candidate
commonlii-LKSC-1991-16,SRC028,Rent Act,statute,13,12;22,exact_title,candidate
commonlii-LKSC-1991-16,SRC059,Trusts Ordinance,statute,2,6;22;101,exact_title,candidate
commonlii-LKSC-1991-18,SRC030,Civil Procedure Code,statute,2,282,exact_title,candidate
commonlii-LKSC-1991-29,SRC048,Muslim Intestate Succession Ordinance,statute,1,,exact_title,candidate
commonlii-LKSC-1991-29,SRC059,Trusts Ordinance,statute,1,,exact_title,candidate
commonlii-LKSC-1991-3,SRC030,Civil Procedure Code,statute,2,398;404;763,exact_title,candidate
commonlii-LKSC-1991-33,SRC001,Prevention of Frauds Ordinance,statute,5,2;5;83;92,exact_title,candidate
commonlii-LKSC-1991-33,SRC029,Evidence Ordinance,statute,7,2;5;83;92,exact_title,candidate
commonlii-LKSC-1991-33,SRC059,Trusts Ordinance,statute,8,2;5;83;92,exact_title,candidate
commonlii-LKSC-1991-35,SRC028,Rent Act,statute,7,12;13;15;56,exact_title,candidate
commonlii-LKSC-1991-39,SRC028,Rent Act,statute,2,,exact_title,candidate
commonlii-LKSC-1991-5,SRC030,Civil Procedure Code,statute,9,4;15;353;755;756;757;759,exact_title,candidate
commonlii-LKSC-1991-6,SRC030,Civil Procedure Code,statute,2,771,exact_title,candidate
commonlii-LKSC-1992-3,SRC001,Prevention of Frauds Ordinance,statute,2,,exact_title,candidate
commonlii-LKSC-1992-3,SRC005,Registration of Documents Ordinance,statute,2,,exact_title,candidate
commonlii-LKSC-1992-3,SRC029,Evidence Ordinance,statute,1,,exact_title,candidate
commonlii-LKSC-1992-3,SRC030,Civil Procedure Code,statute,3,75,exact_title,candidate
commonlii-LKSC-1992-34,SRC061,Municipal Councils Ordinance,statute,5,40;307,exact_title,candidate
commonlii-LKSC-1992-35,SRC028,Rent Act,statute,1,,exact_title,candidate
commonlii-LKSC-1992-9,SRC059,Trusts Ordinance,statute,9,5;6;75;84;107,exact_title,candidate
commonlii-LKSC-1993-19,SRC027,Partition Law,statute,3,25;70,exact_title,candidate
commonlii-LKSC-1993-19,SRC029,Evidence Ordinance,statute,7,120;121;175,exact_title,candidate
commonlii-LKSC-1993-19,SRC030,Civil Procedure Code,statute,7,120;121;175,exact_title,candidate
commonlii-LKSC-1993-24,SRC030,Civil Procedure Code,statute,4,86;754;755;757;759,exact_title,candidate
commonlii-LKSC-1993-26,SRC071,Prescription Ordinance,statute,1,3,exact_title,candidate
commonlii-LKSC-1993-4,SRC051,Land Acquisition Act,statute,8,2;16;38;39;39A;40,exact_title,candidate
commonlii-LKSC-1993-47,SRC029,Evidence Ordinance,statute,1,45,exact_title,candidate
commonlii-LKSC-1993-49,SRC071,Prescription Ordinance,statute,1,3,exact_title,candidate
commonlii-LKSC-1994-1,SRC033,Land Reform Law,statute,20,4;5;6;9;14;19;66;99,exact_title,candidate
commonlii-LKSC-1994-1,SRC049,Buddhist Temporalities Ordinance,statute,1,,exact_title,candidate
commonlii-LKSC-1994-1,SRC059,Trusts Ordinance,statute,7,4;5;6;9;66;99,exact_title,candidate
commonlii-LKSC-1994-13,SRC049,Buddhist Temporalities Ordinance,statute,3,41,exact_title,candidate
commonlii-LKSC-1994-18,SRC030,Civil Procedure Code,statute,3,416,exact_title,candidate
commonlii-LKSC-1994-20,SRC030,Civil Procedure Code,statute,3,6;217;337;354,exact_title,candidate
commonlii-LKSC-1994-34,SRC001,Prevention of Frauds Ordinance,statute,1,2,exact_title,candidate
commonlii-LKSC-1994-34,SRC030,Civil Procedure Code,statute,5,33;42;55;539;539B;547,exact_title,candidate
commonlii-LKSC-1994-34,SRC033,Land Reform Law,statute,3,,exact_title,candidate
commonlii-LKSC-1994-34,SRC071,Prescription Ordinance,statute,4,7,exact_title,candidate
commonlii-LKSC-1994-35,SRC028,Rent Act,statute,1,,exact_title,candidate
commonlii-LKSC-1994-35,SRC071,Prescription Ordinance,statute,7,3,exact_title,candidate
commonlii-LKSC-1994-42,SRC028,Rent Act,statute,7,2;68;69,exact_title,candidate
commonlii-LKSC-1994-42,SRC029,Evidence Ordinance,statute,1,68;69,exact_title,candidate
commonlii-LKSC-1994-7,SRC030,Civil Procedure Code,statute,2,,exact_title,candidate
commonlii-LKSC-1995-1,SRC049,Buddhist Temporalities Ordinance,statute,1,,exact_title,candidate
commonlii-LKSC-1995-10,SRC033,Land Reform Law,statute,3,19,exact_title,candidate
commonlii-LKSC-1995-34,SRC059,Trusts Ordinance,statute,2,2;114,exact_title,candidate
commonlii-LKSC-1995-8,SRC028,Rent Act,statute,5,21,exact_title,candidate
commonlii-LKSC-1996-14,SRC030,Civil Procedure Code,statute,3,36;37;525;532;776,exact_title,candidate
commonlii-LKSC-1996-15,SRC030,Civil Procedure Code,statute,7,121;175,exact_title,candidate
commonlii-LKSC-1996-16,SRC030,Civil Procedure Code,statute,5,523,exact_title,candidate
commonlii-LKSC-1996-34,SRC028,Rent Act,statute,1,36,exact_title,candidate
commonlii-LKSC-1996-34,SRC030,Civil Procedure Code,statute,1,,exact_title,candidate
commonlii-LKSC-1996-43,SRC051,Land Acquisition Act,statute,2,10,exact_title,candidate
commonlii-LKSC-1996-7,SRC014,Notaries Ordinance,statute,2,31;42,exact_title,candidate
commonlii-LKSC-1996-8,SRC004,Matrimonial Rights and Inheritance Ordinance,statute,1,,exact_title,candidate
commonlii-LKSC-1996-8,SRC029,Evidence Ordinance,statute,1,114,exact_title,candidate
commonlii-LKSC-1996-8,SRC047,Kandyan Succession Ordinance,statute,1,2;6,exact_title,candidate
commonlii-LKSC-1996-9,SRC030,Civil Procedure Code,statute,1,,exact_title,candidate
commonlii-LKSC-1997-51,SRC014,Notaries Ordinance,statute,1,,exact_title,candidate
commonlii-LKSC-1998-10,SRC049,Buddhist Temporalities Ordinance,statute,8,4;20,exact_title,candidate
commonlii-LKSC-1998-17,SRC030,Civil Procedure Code,statute,11,338;339;341;397,exact_title,candidate
commonlii-LKSC-1998-18,SRC028,Rent Act,statute,5,134;165,exact_title,candidate
commonlii-LKSC-1998-18,SRC029,Evidence Ordinance,statute,5,134;165,exact_title,candidate
commonlii-LKSC-1998-18,SRC030,Civil Procedure Code,statute,7,134;150;151;163;165,exact_title,candidate
commonlii-LKSC-1998-20,SRC030,Civil Procedure Code,statute,4,25,exact_title,candidate
commonlii-LKSC-1998-21,SRC030,Civil Procedure Code,statute,8,121;175,exact_title,candidate
commonlii-LKSC-1998-3,SRC030,Civil Procedure Code,statute,2,654,exact_title,candidate
commonlii-LKSC-1998-4,SRC030,Civil Procedure Code,statute,3,5;6;8;10;182,exact_title,candidate
commonlii-LKSC-1998-4,SRC061,Municipal Councils Ordinance,statute,1,5;10,exact_title,candidate
commonlii-LKSC-1998-4,SRC071,Prescription Ordinance,statute,5,5;6;8;10;182,exact_title,candidate
commonlii-LKSC-1998-50,SRC005,Registration of Documents Ordinance,statute,1,12;17,exact_title,candidate
commonlii-LKSC-1998-50,SRC027,Partition Law,statute,6,12;17;68;69,exact_title,candidate
commonlii-LKSC-1998-6,SRC027,Partition Law,statute,5,48;67;754,exact_title,candidate
commonlii-LKSC-1998-6,SRC030,Civil Procedure Code,statute,3,48;67;754,exact_title,candidate
commonlii-LKSC-1998-61,SRC028,Rent Act,statute,12,22;27,exact_title,candidate
commonlii-LKSC-1998-65,SRC049,Buddhist Temporalities Ordinance,statute,1,,exact_title,candidate
commonlii-LKSC-1998-66,SRC005,Registration of Documents Ordinance,statute,5,7,exact_title,candidate
commonlii-LKSC-1999-11,SRC030,Civil Procedure Code,statute,9,525;532;536;537,exact_title,candidate
commonlii-LKSC-1999-39,SRC030,Civil Procedure Code,statute,1,85,exact_title,candidate
commonlii-LKSC-1999-39,SRC071,Prescription Ordinance,statute,6,5;85;844;866,exact_title,candidate
commonlii-LKSC-1999-41,SRC001,Prevention of Frauds Ordinance,statute,1,2,exact_title,candidate
commonlii-LKSC-1999-41,SRC005,Registration of Documents Ordinance,statute,1,,exact_title,candidate
commonlii-LKSC-1999-41,SRC014,Notaries Ordinance,statute,3,31;33;68,exact_title,candidate
commonlii-LKSC-1999-41,SRC029,Evidence Ordinance,statute,3,31;33;68,exact_title,candidate
commonlii-LKSC-1999-52,SRC028,Rent Act,statute,2,,exact_title,candidate
commonlii-LKSC-1999-54,SRC001,Prevention of Frauds Ordinance,statute,5,2,exact_title,candidate
commonlii-LKSC-1999-8,SRC049,Buddhist Temporalities Ordinance,statute,1,18;20,exact_title,candidate
commonlii-LKSC-2000-11,SRC005,Registration of Documents Ordinance,statute,1,,exact_title,candidate
commonlii-LKSC-2000-11,SRC030,Civil Procedure Code,statute,3,5;6;7,exact_title,candidate
commonlii-LKSC-2000-11,SRC071,Prescription Ordinance,statute,13,5;6;7,exact_title,candidate
commonlii-LKSC-2000-34,SRC033,Land Reform Law,statute,2,14;93,exact_title,candidate
commonlii-LKSC-2000-34,SRC059,Trusts Ordinance,statute,3,14;93,exact_title,candidate
commonlii-LKSC-2000-4,SRC030,Civil Procedure Code,statute,5,18;34,exact_title,candidate
commonlii-LKSC-2001-30,SRC030,Civil Procedure Code,statute,1,420,exact_title,candidate
commonlii-LKSC-2001-30,SRC071,Prescription Ordinance,statute,2,3,exact_title,candidate
commonlii-LKSC-2001-31,SRC001,Prevention of Frauds Ordinance,statute,1,,exact_title,candidate
commonlii-LKSC-2001-9,SRC030,Civil Procedure Code,statute,6,5;9;40,exact_title,candidate
commonlii-LKSC-2001-9,SRC071,Prescription Ordinance,statute,3,5;9;40,exact_title,candidate
commonlii-LKSC-2002-42,SRC028,Rent Act,statute,1,,exact_title,candidate
commonlii-LKSC-2002-42,SRC030,Civil Procedure Code,statute,1,217;323,exact_title,candidate
commonlii-LKSC-2002-43,SRC001,Prevention of Frauds Ordinance,statute,2,2;5;14;48,exact_title,candidate
commonlii-LKSC-2002-43,SRC027,Partition Law,statute,10,2;5;14;26;36;48;52;66,exact_title,candidate
commonlii-LKSC-2002-43,SRC028,Rent Act,statute,7,5;14;48,exact_title,candidate
commonlii-LKSC-2003-2,SRC049,Buddhist Temporalities Ordinance,statute,13,20;23,exact_title,candidate
commonlii-LKSC-2003-20,SRC030,Civil Procedure Code,statute,1,,exact_title,candidate
commonlii-LKSC-2003-20,SRC054,Land Settlement Ordinance,statute,3,13800,exact_title,candidate
commonlii-LKSC-2003-6,SRC030,Civil Procedure Code,statute,1,187,exact_title,candidate
commonlii-LKSC-2004-10,SRC030,Civil Procedure Code,statute,4,5;6;40;46,exact_title,candidate
commonlii-LKSC-2004-20,SRC028,Rent Act,statute,12,4;22;48,exact_title,candidate
commonlii-LKSC-2004-21,SRC071,Prescription Ordinance,statute,2,3,exact_title,candidate
commonlii-LKSC-2004-22,SRC027,Partition Law,statute,10,48;839,exact_title,candidate
commonlii-LKSC-2004-22,SRC030,Civil Procedure Code,statute,5,48;839,exact_title,candidate
commonlii-LKSC-2004-23,SRC030,Civil Procedure Code,statute,3,5;6;7,exact_title,candidate
commonlii-LKSC-2004-23,SRC071,Prescription Ordinance,statute,8,5;6;7,exact_title,candidate
commonlii-LKSC-2004-25,SRC051,Land Acquisition Act,statute,4,2;7;38;39A,exact_title,candidate
commonlii-LKSC-2004-7,SRC005,Registration of Documents Ordinance,statute,1,,exact_title,candidate
commonlii-LKSC-2005-11,SRC029,Evidence Ordinance,statute,39,3;101;107;108;109;110;111;115;531,exact_title,candidate
commonlii-LKSC-2005-11,SRC030,Civil Procedure Code,statute,5,108;530;531;539A;553,exact_title,candidate
commonlii-LKSC-2005-17,SRC001,Prevention of Frauds Ordinance,statute,17,6;18;270,exact_title,candidate
commonlii-LKSC-2005-7,SRC042,Urban Councils Ordinance,statute,11,164;165;165A;165B;165C,exact_title,candidate
commonlii-LKSC-2005-7,SRC044,Bank of Ceylon Ordinance,statute,6,5;69;71;164;165;165B;165C,exact_title,candidate
commonlii-LKSC-2006-16,SRC029,Evidence Ordinance,statute,3,18;114,exact_title,candidate
commonlii-LKSC-2006-16,SRC031,Companies Act,statute,3,18;114,exact_title,candidate
commonlii-LKSC-2006-5,SRC034,Stamp Duty Act,statute,21,17;17o;24;31;33;69,exact_title,candidate
commonlii-LKSC-2006-6,SRC027,Partition Law,statute,5,2;25,exact_title,candidate
commonlii-LKSC-2007-14,SRC005,Registration of Documents Ordinance,statute,8,7;144,exact_title,candidate
commonlii-LKSC-2007-14,SRC029,Evidence Ordinance,statute,2,7;114;144,exact_title,candidate
commonlii-LKSC-2007-3,SRC030,Civil Procedure Code,statute,2,15;207,exact_title,candidate
commonlii-LKSC-2008-2,SRC051,Land Acquisition Act,statute,1,11;17;18,exact_title,candidate
commonlii-LKSC-2008-5,SRC034,Stamp Duty Act,statute,9,2;5;7;51;69;71,exact_title,candidate
commonlii-LKSC-2008-5,SRC071,Prescription Ordinance,statute,1,6,exact_title,candidate
commonlii-LKSC-2008-7,SRC056,State Lands Ordinance,statute,2,2;6,exact_title,candidate
commonlii-LKSC-2009-10,SRC001,Prevention of Frauds Ordinance,statute,4,2;3;33;68;101;102;103,exact_title,candidate
commonlii-LKSC-2009-10,SRC014,Notaries Ordinance,statute,3,31;33,exact_title,candidate
commonlii-LKSC-2009-10,SRC029,Evidence Ordinance,statute,19,2;3;33;41;41A;68;101;102;103,exact_title,candidate
commonlii-LKSC-2009-10,SRC030,Civil Procedure Code,statute,1,325,exact_title,candidate
commonlii-LKSC-2009-3,SRC029,Evidence Ordinance,statute,14,63;65;66;90;90D;104;130,exact_title,candidate
commonlii-LKSC-2009-3,SRC030,Civil Procedure Code,statute,4,65;66;90;104;130,exact_title,candidate
commonlii-LKSC-2009-5,SRC030,Civil Procedure Code,statute,1,22;71;754,exact_title,candidate
commonlii-LKSC-2009-8,SRC029,Evidence Ordinance,statute,7,4;7;57;101;102,exact_title,candidate
commonlii-LKSC-2009-8,SRC051,Land Acquisition Act,statute,20,4;7;38;57;102,exact_title,candidate
commonlii-LKSC-2010-3,SRC030,Civil Procedure Code,statute,24,67;86;755;757;758;759;770,exact_title,candidate
courts-coa-11.-wrt-0434-19.pdf,SRC033,Land Reform Law,statute,4,18;19,exact_title,candidate
courts-coa-11.-wrt-0434-19.pdf,SRC055,Land Surveys Ordinance,statute,1,6,exact_title,candidate
courts-coa-13.-ca-836-99-f.pdf,SRC029,Evidence Ordinance,statute,5,68;90,exact_title,candidate
courts-coa-25.-dcf-065-98-2.pdf,SRC027,Partition Law,statute,2,25;26,exact_title,candidate
courts-coa-27.-judgement-dcf-710-712-99.pdf,SRC027,Partition Law,statute,6,16;18;19;23,exact_title,candidate
courts-coa-27.-judgement-dcf-710-712-99.pdf,SRC030,Civil Procedure Code,statute,1,754,exact_title,candidate
courts-coa-30.-rev-130-of-14-judgment.pdf,SRC027,Partition Law,statute,3,48;839,exact_title,candidate
courts-coa-30.-rev-130-of-14-judgment.pdf,SRC030,Civil Procedure Code,statute,3,753;839,exact_title,candidate
courts-coa-43.-corrected-caption.pdf,SRC027,Partition Law,statute,1,,exact_title,candidate
courts-coa-43.-corrected-caption.pdf,SRC030,Civil Procedure Code,statute,1,754,exact_title,candidate
courts-coa-628-99-dc-negombo-27.2.19-autosaved.pdf,SRC071,Prescription Ordinance,statute,2,3,exact_title,candidate
courts-coa-CA-DC-1198-96.pdf,SRC027,Partition Law,statute,4,18,exact_title,candidate
courts-coa-CA-DC-1308-98.pdf,SRC059,Trusts Ordinance,statute,2,83,exact_title,candidate
courts-coa-CA-RII-0001-23.pdf,SRC030,Civil Procedure Code,statute,2,394,exact_title,candidate
courts-coa-CA-RII-0065-24.pdf,SRC014,Notaries Ordinance,statute,1,,exact_title,candidate
courts-coa-CA-RII-0065-24.pdf,SRC030,Civil Procedure Code,statute,2,753,exact_title,candidate
courts-coa-CA-TAX-0014-20.pdf,SRC031,Companies Act,statute,1,10,exact_title,candidate
courts-coa-CA-WRIT-337-22-FINAL.pdf,SRC029,Evidence Ordinance,statute,2,114,exact_title,candidate
courts-coa-CA-WRIT-337-22-FINAL.pdf,SRC030,Civil Procedure Code,statute,1,23;92,exact_title,candidate
courts-coa-CA-WRIT-360-20-1.pdf,SRC050,Land Development Ordinance,statute,6,48;48B;58,exact_title,candidate
courts-coa-CA-WRT-0126-23-1.pdf,SRC029,Evidence Ordinance,statute,2,22;83,exact_title,candidate
courts-coa-CA-WRT-0126-23-1.pdf,SRC043,Survey Act,statute,1,22;83,exact_title,candidate
courts-coa-CA-WRT-0126-23-1.pdf,SRC054,Land Settlement Ordinance,statute,1,3,exact_title,candidate
courts-coa-CA-WRT-0385-23-1.pdf,SRC001,Prevention of Frauds Ordinance,statute,1,2;21A;91;92,exact_title,candidate
courts-coa-CA-WRT-0385-23-1.pdf,SRC029,Evidence Ordinance,statute,1,2;21A;91;92,exact_title,candidate
courts-coa-CA-WRT-0653-23.pdf,SRC049,Buddhist Temporalities Ordinance,statute,3,,exact_title,candidate
courts-coa-CA-WRT-0805-23.pdf,SRC031,Companies Act,statute,1,,exact_title,candidate
courts-coa-CA-Writ-0183-26-FINAL.pdf,SRC029,Evidence Ordinance,statute,1,76;77,exact_title,candidate
courts-coa-CA-Writ-0183-26-FINAL.pdf,SRC044,Bank of Ceylon Ordinance,statute,3,15;17;19;20,exact_title,candidate
courts-coa-CA-Writ-453-22-FINAL.pdf,SRC080,People's Bank Act,statute,11,22;29;29D;29E;29F;29G;298,exact_title,candidate
courts-coa-CA-Writ-742-24-final.pdf,SRC001,Prevention of Frauds Ordinance,statute,1,2;21A;91;92,exact_title,candidate
courts-coa-CA-Writ-742-24-final.pdf,SRC029,Evidence Ordinance,statute,2,2;21A;49;91;92,exact_title,candidate
courts-coa-CA-Writ-768-24.pdf,SRC054,Land Settlement Ordinance,statute,1,,exact_title,candidate
courts-coa-Court-of-Appeal-JUDGMENT-COC-0007.22.pdf,SRC029,Evidence Ordinance,statute,2,101;103,exact_title,candidate
courts-coa-Court-of-Appeal-JUDGMENT-COC-0007.22.pdf,SRC030,Civil Procedure Code,statute,1,,exact_title,candidate
courts-coa-HCC-21-20-JUDGMENT-4.pdf,SRC029,Evidence Ordinance,statute,2,165,exact_title,candidate
courts-coa-HCC-255-23.pdf,SRC029,Evidence Ordinance,statute,1,3,exact_title,candidate
courts-coa-LTA-0006-22-JUDGMENT.pdf,SRC030,Civil Procedure Code,statute,1,55A;754;757,exact_title,candidate
courts-coa-LTA-0006-22-JUDGMENT.pdf,SRC059,Trusts Ordinance,statute,10,5;6;55;100;107;109,exact_title,candidate
courts-coa-PHC-0030-20-1.pdf,SRC030,Civil Procedure Code,statute,1,755;758,exact_title,candidate
courts-coa-PHC-0030-20-1.pdf,SRC062,Pradeshiya Sabha Act,statute,1,,exact_title,candidate
courts-coa-PHC-115-18.pdf,SRC033,Land Reform Law,statute,4,9;27A,exact_title,candidate
courts-coa-RII-0001-24-EDITEDpdf.pdf,SRC027,Partition Law,statute,3,70;70A,exact_title,candidate
courts-coa-RII-0004-23-pdf.pdf,SRC030,Civil Procedure Code,statute,7,326;327;328;329,exact_title,candidate
courts-coa-RII-0017-20.pdf,SRC027,Partition Law,statute,1,,exact_title,candidate
courts-coa-RII-0020-24-EDITED.pdf,SRC030,Civil Procedure Code,statute,2,187;323,exact_title,candidate
courts-coa-RII-0021-24-Judgment-pdf.pdf,SRC027,Partition Law,statute,7,5;18;56;111,exact_title,candidate
courts-coa-RII-0021-24-Judgment-pdf.pdf,SRC030,Civil Procedure Code,statute,2,5;18,exact_title,candidate
courts-coa-RII-0021-24-Judgment-pdf.pdf,SRC064,Mortgage Act,statute,2,6;28,exact_title,candidate
courts-coa-RII-0038-23-EDITED.pdf,SRC031,Companies Act,statute,6,5;487,exact_title,candidate
courts-coa-RII-0059-23-final.pdf,SRC027,Partition Law,statute,4,18;25;48;839,exact_title,candidate
courts-coa-RII-0059-23-final.pdf,SRC030,Civil Procedure Code,statute,1,18;839,exact_title,candidate
courts-coa-RII-0061-23edited.pdf,SRC029,Evidence Ordinance,statute,2,58;61;62,exact_title,candidate
courts-coa-RII-0061-23edited.pdf,SRC030,Civil Procedure Code,statute,1,189,exact_title,candidate
courts-coa-RII-0073-24-1EDITED.pdf,SRC030,Civil Procedure Code,statute,3,16;17;754;839,exact_title,candidate
courts-coa-RII-25-18-Judgment-draft-rectified-1.pdf,SRC027,Partition Law,statute,5,16;17;18;25,exact_title,candidate
courts-coa-RII-25-18-Judgment-draft-rectified-1.pdf,SRC029,Evidence Ordinance,statute,3,114,exact_title,candidate
courts-coa-RII-27-22-JUDGMENT.pdf,SRC033,Land Reform Law,statute,1,27;42A,exact_title,candidate
courts-coa-RII-35-23-2.pdf,SRC005,Registration of Documents Ordinance,statute,11,8;11;12;13;26;36;48;51;66;67;70,exact_title,candidate
courts-coa-RII-35-23-2.pdf,SRC027,Partition Law,statute,12,48;66;69;651,exact_title,candidate
courts-coa-RII-35-23-2.pdf,SRC029,Evidence Ordinance,statute,2,44;48;70,exact_title,candidate
courts-coa-RII-39-23-Final-Print.pdf,SRC027,Partition Law,statute,6,25;26;36;48,exact_title,candidate
courts-coa-RII-39-23-Final-Print.pdf,SRC029,Evidence Ordinance,statute,3,44;114,exact_title,candidate
courts-coa-RII-39-23-Final-Print.pdf,SRC030,Civil Procedure Code,statute,3,189;753;839,exact_title,candidate
courts-coa-TAX-96-24.pdf,SRC031,Companies Act,statute,1,11A,exact_title,candidate
courts-coa-WRT-0012-19-1.pdf,SRC051,Land Acquisition Act,statute,8,2;12;18;30;38,exact_title,candidate
courts-coa-WRT-0054-20.pdf,SRC029,Evidence Ordinance,statute,1,83,exact_title,candidate
courts-coa-WRT-0054-20.pdf,SRC031,Companies Act,statute,1,,exact_title,candidate
courts-coa-WRT-0247-15.pdf,SRC031,Companies Act,statute,1,,exact_title,candidate
courts-coa-WRT-0247-15.pdf,SRC050,Land Development Ordinance,statute,1,,exact_title,candidate
courts-coa-WRT-0247-15.pdf,SRC056,State Lands Ordinance,statute,2,,exact_title,candidate
courts-coa-WRT-0365-21.pdf,SRC029,Evidence Ordinance,statute,1,4;83,exact_title,candidate
courts-coa-WRT-0365-21.pdf,SRC043,Survey Act,statute,1,2A;4;83,exact_title,candidate
courts-coa-WRT-0365-21.pdf,SRC075,National Housing Development Authority Act,statute,1,,exact_title,candidate
courts-coa-WRT-0380-18.pdf,SRC033,Land Reform Law,statute,8,2;5;7;27A;38,exact_title,candidate
courts-coa-WRT-0380-18.pdf,SRC051,Land Acquisition Act,statute,12,2;5;7;27A;38,exact_title,candidate
courts-coa-WRT-0542-25.pdf,SRC030,Civil Procedure Code,statute,1,,exact_title,candidate
courts-coa-WRT-151-21.pdf,SRC029,Evidence Ordinance,statute,1,83,exact_title,candidate
courts-coa-WRT-219-19.pdf,SRC056,State Lands Ordinance,statute,1,,exact_title,candidate
courts-coa-WRT-224-20-1.pdf,SRC050,Land Development Ordinance,statute,4,,exact_title,candidate
courts-coa-WRT-224-20-1.pdf,SRC056,State Lands Ordinance,statute,7,,exact_title,candidate
courts-coa-WRT-294-23-JUDGMENT-1.pdf,SRC050,Land Development Ordinance,statute,22,51;58;60;72;104A;104B;104C;104D,exact_title,candidate
courts-coa-WRT-300-23-JUDGMENT.pdf,SRC050,Land Development Ordinance,statute,3,11,exact_title,candidate
courts-coa-WRT-300-23-JUDGMENT.pdf,SRC056,State Lands Ordinance,statute,1,11,exact_title,candidate
courts-coa-WRT-497-23-JUDGMENT.pdf,SRC044,Bank of Ceylon Ordinance,statute,1,5A;22,exact_title,candidate
courts-coa-WRT-577-23.pdf,SRC031,Companies Act,statute,1,,exact_title,candidate
courts-coa-WRT-627-23.pdf,SRC050,Land Development Ordinance,statute,1,19,exact_title,candidate
courts-coa-WRT-627-23.pdf,SRC051,Land Acquisition Act,statute,4,2;17,exact_title,candidate
courts-coa-WRT-666-23-JUDGEMNT.pdf,SRC031,Companies Act,statute,1,,exact_title,candidate
courts-coa-WRT-666-23-JUDGEMNT.pdf,SRC044,Bank of Ceylon Ordinance,statute,1,,exact_title,candidate
courts-coa-WRT-666-23-JUDGEMNT.pdf,SRC080,People's Bank Act,statute,1,,exact_title,candidate
courts-coa-Writ-11-20-1.pdf,SRC050,Land Development Ordinance,statute,2,19,exact_title,candidate
courts-coa-Writ-123-20-.pdf,SRC033,Land Reform Law,statute,9,3;5;18;19;26;29;64,exact_title,candidate
courts-coa-Writ-123-20-.pdf,SRC054,Land Settlement Ordinance,statute,1,,exact_title,candidate
courts-coa-Writ-188-22.pdf,SRC029,Evidence Ordinance,statute,3,21;83,exact_title,candidate
courts-coa-Writ-188-22.pdf,SRC043,Survey Act,statute,2,6;21;83,exact_title,candidate
courts-coa-Writ-188-22.pdf,SRC054,Land Settlement Ordinance,statute,1,,exact_title,candidate
courts-coa-Writ-188-22.pdf,SRC055,Land Surveys Ordinance,statute,1,6,exact_title,candidate
courts-coa-Writ-501-23.pdf,SRC042,Urban Councils Ordinance,statute,2,145,exact_title,candidate
courts-coa-bor-02-19-final.pdf,SRC029,Evidence Ordinance,statute,2,50;114,exact_title,candidate
courts-coa-bor-02-19-final.pdf,SRC051,Land Acquisition Act,statute,2,17;28,exact_title,candidate
courts-coa-c.a-dc-1045_99.pdf,SRC029,Evidence Ordinance,statute,5,3;17;32;39;116,exact_title,candidate
courts-coa-c.a-dc-1045_99.pdf,SRC071,Prescription Ordinance,statute,1,3,exact_title,candidate
courts-coa-c.a-dcf-642-99.pdf,SRC027,Partition Law,statute,4,4H;4S;48,exact_title,candidate
courts-coa-c.a-dcf-642-99.pdf,SRC030,Civil Procedure Code,statute,1,3230,exact_title,candidate
courts-coa-c.a.-dc_343_95.pdf,SRC005,Registration of Documents Ordinance,statute,1,14,exact_title,candidate
courts-coa-ca-1130-99-10.01.19.pdf,SRC027,Partition Law,statute,1,67;754,exact_title,candidate
courts-coa-ca-1130-99-10.01.19.pdf,SRC030,Civil Procedure Code,statute,11,67;754,exact_title,candidate
courts-coa-ca-472-97-16.01.19.pdf,SRC029,Evidence Ordinance,statute,1,65;66,exact_title,candidate
courts-coa-ca-472-97-16.01.19.pdf,SRC071,Prescription Ordinance,statute,4,3,exact_title,candidate
courts-coa-ca-dc-galle-993-97f-1.pdf,SRC027,Partition Law,statute,7,79,exact_title,candidate
courts-coa-ca-dc-galle-993-97f-1.pdf,SRC030,Civil Procedure Code,statute,3,79,exact_title,candidate
courts-coa-ca-dc-kuliyapitiya-595-94f.pdf,SRC071,Prescription Ordinance,statute,1,3,exact_title,candidate
courts-coa-ca-phc-122_18-1.pdf,SRC030,Civil Procedure Code,statute,9,2;24;36;37;53;66;76;78;773,exact_title,candidate
courts-coa-ca-writ.387.17-pdf.pdf,SRC029,Evidence Ordinance,statute,2,101;103,exact_title,candidate
courts-coa-ca-writ.387.17-pdf.pdf,SRC051,Land Acquisition Act,statute,4,2;4;5;38,exact_title,candidate
courts-coa-ca-wrt_265.12-final.pdf,SRC051,Land Acquisition Act,statute,3,38;39,exact_title,candidate
courts-coa-ca.-wrt_161.16.final_.pdf,SRC050,Land Development Ordinance,statute,3,19;60,exact_title,candidate
courts-coa-ca.50.14.final_.pdf,SRC028,Rent Act,statute,11,9;10;36,exact_title,candidate
courts-coa-ca_dc_1160_00.pdf,SRC029,Evidence Ordinance,statute,2,102;114,exact_title,candidate
courts-coa-ca_dc_1187_98.pdf,SRC030,Civil Procedure Code,statute,5,25;773,exact_title,candidate
courts-coa-ca_dc_1217_00.pdf,SRC001,Prevention of Frauds Ordinance,statute,1,,exact_title,candidate
courts-coa-ca_dc_1217_00.pdf,SRC027,Partition Law,statute,4,12;25,exact_title,candidate
courts-coa-ca_dc_1217_00.pdf,SRC030,Civil Procedure Code,statute,1,754,exact_title,candidate
courts-coa-ca_dc_1249_99.pdf,SRC030,Civil Procedure Code,statute,1,2;839,exact_title,candidate
courts-coa-ca_dc_1288_99.pdf,SRC004,Matrimonial Rights and Inheritance Ordinance,statute,1,,exact_title,candidate
courts-coa-ca_dc_242_99.pdf,SRC071,Prescription Ordinance,statute,5,3,exact_title,candidate
courts-coa-ca_dc_344_99.pdf,SRC050,Land Development Ordinance,statute,2,,exact_title,candidate
courts-coa-ca_dc_346_97.pdf,SRC001,Prevention of Frauds Ordinance,statute,1,2;91;92,exact_title,candidate
courts-coa-ca_dc_346_97.pdf,SRC029,Evidence Ordinance,statute,1,2;91;92,exact_title,candidate
courts-coa-ca_dc_374_00.pdf,SRC027,Partition Law,statute,21,2S;70;75;79;84;91A;144,exact_title,candidate
courts-coa-ca_dc_374_00.pdf,SRC030,Civil Procedure Code,statute,12,75;79;84;87;91A;144,exact_title,candidate
courts-coa-ca_dc_479_98.pdf,SRC027,Partition Law,statute,6,4;19;20;25,exact_title,candidate
courts-coa-ca_dc_479_98.pdf,SRC029,Evidence Ordinance,statute,1,102,exact_title,candidate
courts-coa-ca_dc_509_97.pdf,SRC030,Civil Procedure Code,statute,2,560;578,exact_title,candidate
courts-coa-ca_dc_513_98.pdf,SRC071,Prescription Ordinance,statute,1,3,exact_title,candidate
courts-coa-ca_dc_529_96.pdf,SRC071,Prescription Ordinance,statute,1,3,exact_title,candidate
courts-coa-ca_dc_541_00.pdf,SRC005,Registration of Documents Ordinance,statute,1,36;66,exact_title,candidate
courts-coa-ca_dc_541_00.pdf,SRC027,Partition Law,statute,1,79;404,exact_title,candidate
courts-coa-ca_dc_541_00.pdf,SRC030,Civil Procedure Code,statute,4,66;79;404,exact_title,candidate
courts-coa-ca_dc_541_00.pdf,SRC031,Companies Act,statute,2,66;404,exact_title,candidate
courts-coa-ca_dc_542_97.pdf,SRC028,Rent Act,statute,1,,exact_title,candidate
courts-coa-ca_dc_54_99.pdf,SRC030,Civil Procedure Code,statute,4,187,exact_title,candidate
courts-coa-ca_dc_555_94.pdf,SRC030,Civil Procedure Code,statute,3,8;755;759;770,exact_title,candidate
courts-coa-ca_dc_629_97.pdf,SRC030,Civil Procedure Code,statute,2,114,exact_title,candidate
courts-coa-ca_dc_702_89.pdf,SRC064,Mortgage Act,statute,1,,exact_title,candidate
courts-coa-ca_dc_711_96.pdf,SRC071,Prescription Ordinance,statute,2,3,exact_title,candidate
courts-coa-ca_dc_712_97.pdf,SRC030,Civil Procedure Code,statute,1,754,exact_title,candidate
courts-coa-ca_dc_730-732_93.pdf,SRC030,Civil Procedure Code,statute,1,,exact_title,candidate
courts-coa-ca_dc_764_99.pdf,SRC029,Evidence Ordinance,statute,1,116,exact_title,candidate
courts-coa-ca_dc_764_99.pdf,SRC030,Civil Procedure Code,statute,1,3;472,exact_title,candidate
courts-coa-ca_dc_764_99.pdf,SRC071,Prescription Ordinance,statute,4,3;472,exact_title,candidate
courts-coa-ca_dc_778_97.pdf,SRC027,Partition Law,statute,2,25;26,exact_title,candidate
courts-coa-ca_dc_788_97.pdf,SRC029,Evidence Ordinance,statute,1,68,exact_title,candidate
courts-coa-ca_dc_791_97.pdf,SRC027,Partition Law,statute,2,26;36;48,exact_title,candidate
courts-coa-ca_dc_823_98.pdf,SRC029,Evidence Ordinance,statute,2,58;116,exact_title,candidate
courts-coa-ca_dc_847_97.pdf,SRC030,Civil Procedure Code,statute,5,3;36;37;68;772,exact_title,candidate
courts-coa-ca_dc_847_97.pdf,SRC050,Land Development Ordinance,statute,4,3;36;37;49;68;161,exact_title,candidate
courts-coa-ca_dc_847_97.pdf,SRC071,Prescription Ordinance,statute,1,3;49,exact_title,candidate
courts-coa-ca_dc_853_99.pdf,SRC005,Registration of Documents Ordinance,statute,2,19,exact_title,candidate
courts-coa-ca_dc_853_99.pdf,SRC027,Partition Law,statute,16,19;25;260;287,exact_title,candidate
courts-coa-ca_dc_853_99.pdf,SRC030,Civil Procedure Code,statute,2,260;754,exact_title,candidate
courts-coa-ca_dc_880_97.pdf,SRC027,Partition Law,statute,6,6;13;19;48,exact_title,candidate
courts-coa-ca_dc_932_97.pdf,SRC027,Partition Law,statute,2,25,exact_title,candidate
courts-coa-ca_dc_anuradhapura_254_96.pdf,SRC030,Civil Procedure Code,statute,5,21;35;217,exact_title,candidate
courts-coa-ca_dc_awissawella_897_99.pdf,SRC030,Civil Procedure Code,statute,1,754,exact_title,candidate
courts-coa-ca_dc_badulla_1162_99.pdf,SRC071,Prescription Ordinance,statute,1,3,exact_title,candidate
courts-coa-ca_dc_balapitiya_830_98.pdf,SRC071,Prescription Ordinance,statute,8,3;66,exact_title,candidate
courts-coa-ca_dc_colombo_04_97.pdf,SRC005,Registration of Documents Ordinance,statute,1,69,exact_title,candidate
courts-coa-ca_dc_colombo_1223_96.pdf,SRC001,Prevention of Frauds Ordinance,statute,1,4,exact_title,candidate
courts-coa-ca_dc_colombo_16_99.pdf,SRC071,Prescription Ordinance,statute,2,3,exact_title,candidate
courts-coa-ca_dc_colombo_415_98.pdf,SRC028,Rent Act,statute,6,2,exact_title,candidate
courts-coa-ca_dc_colombo_713_00.pdf,SRC029,Evidence Ordinance,statute,2,4l,exact_title,candidate
courts-coa-ca_dc_colombo_713_00.pdf,SRC030,Civil Procedure Code,statute,7,4l;41A;773;839,exact_title,candidate
courts-coa-ca_dc_colombo_780_98.pdf,SRC071,Prescription Ordinance,statute,1,3,exact_title,candidate
courts-coa-ca_dc_colombo_907_99.pdf,SRC030,Civil Procedure Code,statute,2,41,exact_title,candidate
courts-coa-ca_dc_colombo_907_99.pdf,SRC071,Prescription Ordinance,statute,5,3,exact_title,candidate
courts-coa-ca_dc_galle_1186_98.pdf,SRC071,Prescription Ordinance,statute,4,3,exact_title,candidate
courts-coa-ca_dc_galle_123_92.pdf,SRC027,Partition Law,statute,1,25,exact_title,candidate
courts-coa-ca_dc_galle_123_92.pdf,SRC029,Evidence Ordinance,statute,2,91;92e;99,exact_title,candidate
courts-coa-ca_dc_galle_123_92.pdf,SRC030,Civil Procedure Code,statute,2,187,exact_title,candidate
courts-coa-ca_dc_galle_123_92.pdf,SRC071,Prescription Ordinance,statute,2,3,exact_title,candidate
courts-coa-ca_dc_galle_123_99.pdf,SRC071,Prescription Ordinance,statute,2,3,exact_title,candidate
courts-coa-ca_dc_galle_1252_98.pdf,SRC030,Civil Procedure Code,statute,1,755;758,exact_title,candidate
courts-coa-ca_dc_galle_1292_98.pdf,SRC071,Prescription Ordinance,statute,1,3,exact_title,candidate
courts-coa-ca_dc_galle_1330_96.pdf,SRC027,Partition Law,statute,5,26;48,exact_title,candidate
courts-coa-ca_dc_gampaha_84_98.pdf,SRC027,Partition Law,statute,4,16;18,exact_title,candidate
courts-coa-ca_dc_homagama_1113_98.pdf,SRC071,Prescription Ordinance,statute,1,3,exact_title,candidate
courts-coa-ca_dc_kalutara_534_95.pdf,SRC030,Civil Procedure Code,statute,7,238;289;328,exact_title,candidate
courts-coa-ca_dc_kandy_1102_98.pdf,SRC027,Partition Law,statute,1,26,exact_title,candidate
courts-coa-ca_dc_kandy_676_98.pdf,SRC028,Rent Act,statute,10,36,exact_title,candidate
courts-coa-ca_dc_kegalle_842_99.pdf,SRC029,Evidence Ordinance,statute,1,116,exact_title,candidate
courts-coa-ca_dc_kuliyapitiya_293_00.pdf,SRC049,Buddhist Temporalities Ordinance,statute,1,34,exact_title,candidate
courts-coa-ca_dc_kuliyapitiya_293_00.pdf,SRC071,Prescription Ordinance,statute,1,34,exact_title,candidate
courts-coa-ca_dc_mathugama_879_98-1.pdf,SRC071,Prescription Ordinance,statute,1,3,exact_title,candidate
courts-coa-ca_dc_mt.lavinia_131_96.pdf,SRC029,Evidence Ordinance,statute,3,91;92,exact_title,candidate
courts-coa-ca_dc_mt.lavinia_239_240_95.pdf,SRC027,Partition Law,statute,4,25;26,exact_title,candidate
courts-coa-ca_dc_mt.lavinia_619_99.pdf,SRC028,Rent Act,statute,3,,exact_title,candidate
courts-coa-ca_dc_mt.lavinia_619_99.pdf,SRC029,Evidence Ordinance,statute,2,21,exact_title,candidate
courts-coa-ca_dc_mt.lavinia_926_99.pdf,SRC071,Prescription Ordinance,statute,1,3,exact_title,candidate
courts-coa-ca_dc_mt.lavinia_932_932a_98.pdf,SRC071,Prescription Ordinance,statute,1,3,exact_title,candidate
courts-coa-ca_dc_rathnapura_729_00.pdf,SRC071,Prescription Ordinance,statute,4,3,exact_title,candidate
courts-coa-ca_dc_tangalle_876_98.pdf,SRC071,Prescription Ordinance,statute,1,3,exact_title,candidate
courts-coa-ca_la_15_03.pdf,SRC030,Civil Procedure Code,statute,1,754,exact_title,candidate
courts-coa-ca_rv_1447_06.pdf,SRC014,Notaries Ordinance,statute,1,31,exact_title,candidate
courts-coa-ca_rv_1447_06.pdf,SRC030,Civil Procedure Code,statute,2,144;145,exact_title,candidate
courts-coa-ca_writ_2107_04.pdf,SRC075,National Housing Development Authority Act,statute,1,5,exact_title,candidate
courts-coa-ca_writ_441_10.pdf,SRC050,Land Development Ordinance,statute,5,19;48;55,exact_title,candidate
courts-coa-dcf_373_1989.pdf,SRC030,Civil Procedure Code,statute,2,106;107;112;217,exact_title,candidate
courts-coa-dcf_373_1989.pdf,SRC059,Trusts Ordinance,statute,4,106;107;112;217,exact_title,candidate
courts-coa-c.a-dcf-784-1992.pdf,SRC027,Partition Law,statute,1,2S;25,exact_title,candidate
courts-coa-c.a-dcf-784-1992.pdf,SRC030,Civil Procedure Code,statute,1,,exact_title,candidate
courts-coa-c.a.-dc_559_1993.pdf,SRC030,Civil Procedure Code,statute,9,325;328;329;839,exact_title,candidate
courts-coa-c.a-dc-555-1994-1.pdf,SRC071,Prescription Ordinance,statute,2,3,exact_title,candidate
courts-coa-d.c._412_1995.pdf,SRC005,Registration of Documents Ordinance,statute,2,5;11;12,exact_title,candidate
courts-coa-d.c._412_1995.pdf,SRC027,Partition Law,statute,19,2a;5;9;11;12;20;25;48;69;114,exact_title,candidate
courts-coa-d.c._412_1995.pdf,SRC029,Evidence Ordinance,statute,1,12;114,exact_title,candidate
courts-coa-c.a-dcf-858-1996.pdf,SRC071,Prescription Ordinance,statute,2,3,exact_title,candidate
courts-coa-c.a.-dc_1086_1996-f-2.pdf,SRC027,Partition Law,statute,2,19;25,exact_title,candidate
courts-coa-c.a.-dc_769-a-b_1996.pdf,SRC071,Prescription Ordinance,statute,1,3,exact_title,candidate
courts-coa-ca_dc_955_1996.pdf,SRC029,Evidence Ordinance,statute,1,101,exact_title,candidate
courts-coa-c.a-dc-326_1997.pdf,SRC001,Prevention of Frauds Ordinance,statute,5,2;68,exact_title,candidate
courts-coa-c.a-dc-326_1997.pdf,SRC029,Evidence Ordinance,statute,7,2;68;70;101;106,exact_title,candidate
courts-coa-c.a.-dc_1043_1997.pdf,SRC029,Evidence Ordinance,statute,1,110,exact_title,candidate
courts-coa-c.a.-dc_664_1997.pdf,SRC027,Partition Law,statute,3,25,exact_title,candidate
courts-coa-ca_dc_kurunegala_280_1997.pdf,SRC030,Civil Procedure Code,statute,1,114,exact_title,candidate
courts-coa-ca_dc_kurunegala_280_1997.pdf,SRC071,Prescription Ordinance,statute,3,3,exact_title,candidate
courts-coa-ca_dc_matale_635_1997.pdf,SRC027,Partition Law,statute,1,25,exact_title,candidate
courts-coa-ca_dc_matale_635_1997.pdf,SRC030,Civil Procedure Code,statute,1,114,exact_title,candidate
courts-coa-ca_dc_walasmulla_161_1997_f.pdf,SRC030,Civil Procedure Code,statute,1,4;150,exact_title,candidate
courts-coa-c.a-dc-785-1998.pdf,SRC071,Prescription Ordinance,statute,3,3,exact_title,candidate
courts-coa-c.a.-dc_1192_1998-f.pdf,SRC029,Evidence Ordinance,statute,5,34;116,exact_title,candidate
courts-coa-c.a.-dc_1192_1998-f.pdf,SRC030,Civil Procedure Code,statute,1,773,exact_title,candidate
courts-coa-c.a.-dc_1192_1998-f.pdf,SRC049,Buddhist Temporalities Ordinance,statute,3,3;4;34;116,exact_title,candidate
courts-coa-c.a.-dc_1192_1998-f.pdf,SRC071,Prescription Ordinance,statute,2,3;34,exact_title,candidate
courts-coa-ca-dcf-859-1998.pdf,SRC071,Prescription Ordinance,statute,1,3,exact_title,candidate
courts-coa-ca_dc_1295_1998.pdf,SRC071,Prescription Ordinance,statute,1,3,exact_title,candidate
courts-coa-ca_dc_201_1998.pdf,SRC001,Prevention of Frauds Ordinance,statute,9,2;5;9;83;91;92;408,exact_title,candidate
courts-coa-ca_dc_201_1998.pdf,SRC029,Evidence Ordinance,statute,5,2;5;65;91;92,exact_title,candidate
courts-coa-ca_dc_201_1998.pdf,SRC030,Civil Procedure Code,statute,1,2;408,exact_title,candidate
courts-coa-ca_dc_201_1998.pdf,SRC059,Trusts Ordinance,statute,1,83,exact_title,candidate
courts-coa-ca_dc_gampaha_646_1998.pdf,SRC030,Civil Procedure Code,statute,4,41;410f,exact_title,candidate
courts-coa-ca_dc_matara_63_1998.pdf,SRC027,Partition Law,statute,1,5,exact_title,candidate
courts-coa-ca_dc_matara_63_1998.pdf,SRC028,Rent Act,statute,3,5,exact_title,candidate
courts-coa-ca_dc_mathugama_367_1998.pdf,SRC001,Prevention of Frauds Ordinance,statute,2,2,exact_title,candidate
courts-coa-ca_dc_mathugama_367_1998.pdf,SRC014,Notaries Ordinance,statute,1,2,exact_title,candidate
courts-coa-ca_dc_mathugama_367_1998.pdf,SRC071,Prescription Ordinance,statute,6,3,exact_title,candidate
courts-coa-c.a-dc-1317-1999.pdf,SRC027,Partition Law,statute,1,23;25,exact_title,candidate
courts-coa-c.a-dc-135-1999f-1.pdf,SRC005,Registration of Documents Ordinance,statute,1,24,exact_title,candidate
courts-coa-c.a-dc-135-1999f-1.pdf,SRC071,Prescription Ordinance,statute,11,3;13,exact_title,candidate
courts-coa-c.a-dc-135-1999f.pdf,SRC005,Registration of Documents Ordinance,statute,1,24,exact_title,candidate
courts-coa-c.a-dc-135-1999f.pdf,SRC071,Prescription Ordinance,statute,11,3;13,exact_title,candidate
courts-coa-c.a-dc-466-1999.pdf,SRC030,Civil Procedure Code,statute,6,149,exact_title,candidate
courts-coa-c.a-dc-466-1999.pdf,SRC071,Prescription Ordinance,statute,2,3;66,exact_title,candidate
courts-coa-c.a-dc-581_1999-07.01.19.pdf,SRC005,Registration of Documents Ordinance,statute,1,,exact_title,candidate
courts-coa-c.a-dc-581_1999-07.01.19.pdf,SRC030,Civil Procedure Code,statute,1,72;763,exact_title,candidate
courts-coa-c.a-dcf-808-1999.pdf,SRC030,Civil Procedure Code,statute,3,25;187,exact_title,candidate
courts-coa-c.a-dcf-808-1999.pdf,SRC071,Prescription Ordinance,statute,4,3;25;187,exact_title,candidate
courts-coa-c.a.-dc_24_1999.pdf,SRC027,Partition Law,statute,1,25,exact_title,candidate
courts-coa-c.a.-dc_24_1999.pdf,SRC029,Evidence Ordinance,statute,2,167,exact_title,candidate
courts-coa-c.a.-dc_664_1999-f.pdf,SRC027,Partition Law,statute,10,4;5;6;19,exact_title,candidate
courts-coa-ca_dc_107_1999.pdf,SRC027,Partition Law,statute,1,18,exact_title,candidate
courts-coa-ca_dc_107_1999.pdf,SRC029,Evidence Ordinance,statute,3,3;101;103;105,exact_title,candidate
courts-coa-ca_dc_107_1999.pdf,SRC071,Prescription Ordinance,statute,1,3,exact_title,candidate
courts-coa-ca_dc_476_1999.pdf,SRC071,Prescription Ordinance,statute,2,4,exact_title,candidate
courts-coa-ca_dc_580_1999.pdf,SRC071,Prescription Ordinance,statute,6,3,exact_title,candidate
courts-coa-ca_dc_colombo_438_1999.pdf,SRC028,Rent Act,statute,1,37,exact_title,candidate
courts-coa-ca_dc_colombo_438_1999.pdf,SRC029,Evidence Ordinance,statute,2,58;116,exact_title,candidate
courts-coa-ca_dc_colombo_438_1999.pdf,SRC030,Civil Procedure Code,statute,4,150;184,exact_title,candidate
courts-coa-ca_dc_gampaha_777_1999.pdf,SRC030,Civil Procedure Code,statute,3,41;217,exact_title,candidate
courts-coa-ca_dc_panadura_1291_1999.pdf,SRC027,Partition Law,statute,2,18;25,exact_title,candidate
courts-coa-DCF-0541-2000-1.pdf,SRC031,Companies Act,statute,2,,exact_title,candidate
courts-coa-c.a-dc-1289_2000.pdf,SRC027,Partition Law,statute,4,33;68,exact_title,candidate
courts-coa-c.a-dc-366_2000.pdf,SRC030,Civil Procedure Code,statute,2,5;62;217,exact_title,candidate
courts-coa-c.a-dc-366_2000.pdf,SRC049,Buddhist Temporalities Ordinance,statute,5,4;34,exact_title,candidate
courts-coa-c.a-dc-366_2000.pdf,SRC071,Prescription Ordinance,statute,1,34,exact_title,candidate
courts-coa-c.a-dc-505_2000.pdf,SRC027,Partition Law,statute,1,25,exact_title,candidate
courts-coa-c.a-dc-575-2000.pdf,SRC033,Land Reform Law,statute,2,,exact_title,candidate
courts-coa-c.a-dc-812-2000.pdf,SRC029,Evidence Ordinance,statute,1,83;91;92;96,exact_title,candidate
courts-coa-c.a-dc-812-2000.pdf,SRC030,Civil Procedure Code,statute,2,187;755,exact_title,candidate
courts-coa-c.a-dc-831_2000.pdf,SRC029,Evidence Ordinance,statute,1,101,exact_title,candidate
courts-coa-c.a-dc_350_2000.pdf,SRC030,Civil Procedure Code,statute,2,146;149,exact_title,candidate
courts-coa-c.a.-dc_1233_2000-f.pdf,SRC027,Partition Law,statute,5,18;19;25;48,exact_title,candidate
courts-coa-c.a.-dc_1344_2000.pdf,SRC059,Trusts Ordinance,statute,1,84,exact_title,candidate
courts-coa-c.a.-dc_657_2000.pdf,SRC029,Evidence Ordinance,statute,8,90,exact_title,candidate
courts-coa-ca_dc_262_2000.pdf,SRC001,Prevention of Frauds Ordinance,statute,7,2,exact_title,candidate
courts-coa-ca_dc_262_2000.pdf,SRC029,Evidence Ordinance,statute,7,3;92,exact_title,candidate
courts-coa-ca_dc_520_2000.pdf,SRC027,Partition Law,statute,7,35;36;36A,exact_title,candidate
courts-coa-ca_dc_561_2000.pdf,SRC027,Partition Law,statute,1,18,exact_title,candidate
courts-coa-ca_dc_561_2000.pdf,SRC030,Civil Procedure Code,statute,2,25;41;44,exact_title,candidate
courts-coa-ca_dc_562_2000.pdf,SRC027,Partition Law,statute,2,18;20,exact_title,candidate
courts-coa-ca_dc_colombo_481_2000.pdf,SRC029,Evidence Ordinance,statute,8,3;68;69;101;114,exact_title,candidate
courts-coa-ca_dc_matale_827_2000.pdf,SRC014,Notaries Ordinance,statute,3,3;4;4A;31,exact_title,candidate
courts-coa-ca_dc_negombo_41_2000.pdf,SRC028,Rent Act,statute,1,,exact_title,candidate
courts-coa-c.-a-rev-558-2001-1.pdf,SRC027,Partition Law,statute,1,25;839,exact_title,candidate
courts-coa-c.-a-rev-558-2001-1.pdf,SRC030,Civil Procedure Code,statute,2,25;839,exact_title,candidate
courts-coa-ca-118-2001.pdf,SRC027,Partition Law,statute,5,36;36A;754,exact_title,candidate
courts-coa-ca-118-2001.pdf,SRC030,Civil Procedure Code,statute,4,36;36A;754,exact_title,candidate
courts-coa-ca-rev.-2028-2001.pdf,SRC005,Registration of Documents Ordinance,statute,8,5;11;12;13;48,exact_title,candidate
courts-coa-ca-rev.-2028-2001.pdf,SRC027,Partition Law,statute,49,6;11;12;13;16;17;25;26;32;36;48,exact_title,candidate
courts-coa-ca-rev.-2028-2001.pdf,SRC028,Rent Act,statute,3,,exact_title,candidate
courts-coa-ca-rev.-2028-2001.pdf,SRC029,Evidence Ordinance,statute,2,1;1w;45;114,exact_title,candidate
courts-coa-ca_dc_98_2001.pdf,SRC029,Evidence Ordinance,statute,1,114,exact_title,candidate
courts-coa-ca_dc_98_2001.pdf,SRC030,Civil Procedure Code,statute,1,187,exact_title,candidate
courts-coa-ca_dc_98_2001.pdf,SRC049,Buddhist Temporalities Ordinance,statute,2,20,exact_title,candidate
courts-coa-ca_dc_homagama_1470_2002.pdf,SRC030,Civil Procedure Code,statute,4,8;136;760A,exact_title,candidate
courts-coa-c.a-lta-272-2003.pdf,SRC027,Partition Law,statute,1,35,exact_title,candidate
courts-coa-c.a-lta-272-2003.pdf,SRC030,Civil Procedure Code,statute,10,758;759,exact_title,candidate
courts-coa-ca_la_420_2003.pdf,SRC030,Civil Procedure Code,statute,1,529,exact_title,candidate
courts-coa-cala_dc_kalutara_171_2003.pdf,SRC005,Registration of Documents Ordinance,statute,1,1;36;66,exact_title,candidate
courts-coa-cala_dc_kalutara_171_2003.pdf,SRC027,Partition Law,statute,5,36;66,exact_title,candidate
courts-coa-ca_la_156_2004.pdf,SRC030,Civil Procedure Code,statute,1,217,exact_title,candidate
courts-coa-ca_la_156_2004.pdf,SRC074,State Mortgage and Investment Bank Law,statute,1,50,exact_title,candidate
courts-coa-ca_writ_2084_2004.pdf,SRC050,Land Development Ordinance,statute,2,,exact_title,candidate
courts-coa-ca_writ_2084_2004.pdf,SRC056,State Lands Ordinance,statute,1,,exact_title,candidate
courts-coa-ca_1908_2005.pdf,SRC030,Civil Procedure Code,statute,6,389;839,exact_title,candidate
courts-coa-ca_rv_1249_2005.pdf,SRC030,Civil Procedure Code,statute,3,771,exact_title,candidate
courts-coa-ca_writ_556_2005.pdf,SRC080,People's Bank Act,statute,2,29;29E;290,exact_title,candidate
courts-coa-ca_dc_matara_1816_2006.pdf,SRC027,Partition Law,statute,6,5;48;52;53,exact_title,candidate
courts-coa-ca_dc_matara_1816_2006.pdf,SRC030,Civil Procedure Code,statute,3,48;328,exact_title,candidate
courts-coa-ca_hc_57_58_2006.pdf,SRC014,Notaries Ordinance,statute,1,454;459,exact_title,candidate
courts-coa-ca_la_498_2006.pdf,SRC027,Partition Law,statute,1,48,exact_title,candidate
courts-coa-ca_la_498_2006.pdf,SRC030,Civil Procedure Code,statute,1,754,exact_title,candidate
courts-coa-ca_rv_262_2006.pdf,SRC027,Partition Law,statute,7,7;9;44;48;49;69,exact_title,candidate
courts-coa-ca_rv_262_2006.pdf,SRC029,Evidence Ordinance,statute,2,9;44;48;49,exact_title,candidate
courts-coa-27.-ca-tax-0008-2007-1.pdf,SRC031,Companies Act,statute,1,7,exact_title,candidate
courts-coa-c.a-rev-168-2007.pdf,SRC027,Partition Law,statute,8,33;44;48,exact_title,candidate
courts-coa-c.a-rev-168-2007.pdf,SRC029,Evidence Ordinance,statute,1,44;48,exact_title,candidate
courts-coa-ca_writ_613_2007.pdf,SRC005,Registration of Documents Ordinance,statute,1,,exact_title,candidate
courts-coa-cala_dc_mt.lavinia_41_2007.pdf,SRC005,Registration of Documents Ordinance,statute,1,36;66,exact_title,candidate
courts-coa-cala_dc_mt.lavinia_41_2007.pdf,SRC027,Partition Law,statute,8,15;36;66;69,exact_title,candidate
courts-coa-ca_hc_hambantota_33_2008.pdf,SRC029,Evidence Ordinance,statute,1,105,exact_title,candidate
courts-coa-ca_ri_927_2008.pdf,SRC027,Partition Law,statute,1,49,exact_title,candidate
courts-coa-ca.-phc_106_2009.pdf,SRC027,Partition Law,statute,1,7;48,exact_title,candidate
courts-coa-ca_writ_667_2009.pdf,SRC051,Land Acquisition Act,statute,2,4;5;38,exact_title,candidate
courts-coa-judgement-ca-hcc-267-2009-n-1.pdf,SRC014,Notaries Ordinance,statute,1,,exact_title,candidate
courts-coa-ca_04_2012.pdf,SRC056,State Lands Ordinance,statute,1,3,exact_title,candidate
courts-coa-ca_writ_228_2012.pdf,SRC031,Companies Act,statute,2,2;15;27;42H,exact_title,candidate
courts-coa-ca_writ_228_2012.pdf,SRC033,Land Reform Law,statute,5,2;15;27;42H,exact_title,candidate
courts-coa-ca_writ_348_2012.pdf,SRC031,Companies Act,statute,2,2;15;27;42H,exact_title,candidate
courts-coa-ca_writ_348_2012.pdf,SRC033,Land Reform Law,statute,5,2;15;27;42H,exact_title,candidate
courts-coa-ca_writ_348_2012.pdf,SRC051,Land Acquisition Act,statute,1,7,exact_title,candidate
courts-coa-ca.-wrt_319_2013.pdf,SRC031,Companies Act,statute,1,3;5,exact_title,candidate
courts-coa-ca.-wrt_319_2013.pdf,SRC051,Land Acquisition Act,statute,11,2;4;5;7;8;9;10,exact_title,candidate
courts-coa-c.a-tax-20-2014.pdf,SRC030,Civil Procedure Code,statute,2,163;216;218,exact_title,candidate
courts-coa-c.a-writ-184_2014.pdf,SRC029,Evidence Ordinance,statute,11,74;76;235,exact_title,candidate
courts-coa-c.a-writ-184_2014.pdf,SRC061,Municipal Councils Ordinance,statute,6,235;327,exact_title,candidate
courts-coa-c.a.writ-272-2014.final_.pdf,SRC005,Registration of Documents Ordinance,statute,2,71,exact_title,candidate
courts-coa-ca_ri_19_2014.pdf,SRC027,Partition Law,statute,1,18;49,exact_title,candidate
courts-coa-ca_ri_19_2014.pdf,SRC029,Evidence Ordinance,statute,1,44,exact_title,candidate
courts-coa-ca_ri_19_2014.pdf,SRC030,Civil Procedure Code,statute,4,18;49,exact_title,candidate
courts-coa-ca_writ_133_2014.pdf,SRC029,Evidence Ordinance,statute,1,18;114,exact_title,candidate
courts-coa-ca_writ_133_2014.pdf,SRC033,Land Reform Law,statute,4,21;22,exact_title,candidate
courts-coa-ca_writ_189_2014.pdf,SRC031,Companies Act,statute,1,13,exact_title,candidate
courts-coa-28.-ca-tax-0013-2015-2.pdf,SRC031,Companies Act,statute,1,7,exact_title,candidate
courts-coa-c.a-phc-141-2015.pdf,SRC051,Land Acquisition Act,statute,1,,exact_title,candidate
courts-coa-c.a-writ-386-2015-1.pdf,SRC050,Land Development Ordinance,statute,4,19;104,exact_title,candidate
courts-coa-ca_phc_apn_136_2015.pdf,SRC030,Civil Procedure Code,statute,1,753,exact_title,candidate
courts-coa-ca_writ_70_2015.pdf,SRC033,Land Reform Law,statute,6,21A;22;23;27A;42H,exact_title,candidate
courts-coa-c.a-hc-238-2016.pdf,SRC014,Notaries Ordinance,statute,2,,exact_title,candidate
courts-coa-c.a-hc-238-2016.pdf,SRC029,Evidence Ordinance,statute,5,165;439,exact_title,candidate
courts-coa-c.a-mc-rev-28-2016.pdf,SRC050,Land Development Ordinance,statute,8,2;4;9;19;25,exact_title,candidate
courts-coa-c.a-mc-rev-28-2016.pdf,SRC056,State Lands Ordinance,statute,2,2;4;9;19;22,exact_title,candidate
courts-coa-c.a-rev_15_2016.pdf,SRC030,Civil Procedure Code,statute,2,211,exact_title,candidate
courts-coa-c.a-writ-357-2016.pdf,SRC051,Land Acquisition Act,statute,2,24,exact_title,candidate
courts-coa-c.a-writ-357-2016.pdf,SRC062,Pradeshiya Sabha Act,statute,5,24,exact_title,candidate
courts-coa-ca-writ-117-2016.pdf,SRC056,State Lands Ordinance,statute,1,,exact_title,candidate
courts-coa-ca.wrt-0045-2016.pdf,SRC031,Companies Act,statute,1,2,exact_title,candidate
courts-coa-ca.wrt-0045-2016.pdf,SRC033,Land Reform Law,statute,1,66,exact_title,candidate
courts-coa-ca.wrt-0045-2016.pdf,SRC049,Buddhist Temporalities Ordinance,statute,2,42A;66,exact_title,candidate
courts-coa-ca.wrt-0045-2016.pdf,SRC050,Land Development Ordinance,statute,1,66,exact_title,candidate
courts-coa-ca.wrt-0045-2016.pdf,SRC056,State Lands Ordinance,statute,1,66,exact_title,candidate
courts-coa-CA-WRIT-280-2017-1.pdf,SRC080,People's Bank Act,statute,3,29;29D;29K,exact_title,candidate
courts-coa-c.a.-writ_293_2017.pdf,SRC029,Evidence Ordinance,statute,1,21;83,exact_title,candidate
courts-coa-c.a.-writ_293_2017.pdf,SRC043,Survey Act,statute,2,6;21;83,exact_title,candidate
courts-coa-c.a.-writ_293_2017.pdf,SRC051,Land Acquisition Act,statute,1,,exact_title,candidate
courts-coa-c.a.-writ_293_2017.pdf,SRC055,Land Surveys Ordinance,statute,1,6,exact_title,candidate
courts-coa-ca-writ-261-2017.pdf,SRC056,State Lands Ordinance,statute,1,17;19,exact_title,candidate
courts-coa-CA-PHC-148-2018-Judgement-Final.pdf,SRC030,Civil Procedure Code,statute,1,40,exact_title,candidate
courts-coa-CA-WRIT-125-2018-.pdf,SRC033,Land Reform Law,statute,12,4;22;23;27;27A;44,exact_title,candidate
courts-coa-CA-Writ-124-2018.pdf,SRC033,Land Reform Law,statute,10,4;22;23;27;27A;44,exact_title,candidate
courts-coa-Writ-146-2018-1.pdf,SRC050,Land Development Ordinance,statute,3,17;106;128,exact_title,candidate
courts-coa-Writ-146-2018-1.pdf,SRC056,State Lands Ordinance,statute,5,02;17;106;128;212,exact_title,candidate
courts-coa-c.a-ri-05-2018.pdf,SRC029,Evidence Ordinance,statute,1,114,exact_title,candidate
courts-coa-c.a-ri-05-2018.pdf,SRC030,Civil Procedure Code,statute,1,839,exact_title,candidate
courts-coa-c.a.-tax_15_2018.pdf,SRC030,Civil Procedure Code,statute,2,163;216;218,exact_title,candidate
courts-coa-c.a.-tax_15_2018.pdf,SRC031,Companies Act,statute,1,170,exact_title,candidate
courts-coa-ca-ri-21-2018-9.1.2018.pdf,SRC027,Partition Law,statute,9,70,exact_title,candidate
courts-coa-ca-ri-21-2018-9.1.2018.pdf,SRC030,Civil Procedure Code,statute,1,70;402,exact_title,candidate
courts-coa-2.-ca-rev-955-2005-11.3.2019.pdf,SRC033,Land Reform Law,statute,5,1;3;4;6;18;19,exact_title,candidate
courts-coa-20.-ca-land-acq-01-2019.pdf,SRC029,Evidence Ordinance,statute,1,24;55;132;142,exact_title,candidate
courts-coa-20.-ca-land-acq-01-2019.pdf,SRC030,Civil Procedure Code,statute,1,24;55;132;142,exact_title,candidate
courts-coa-20.-ca-land-acq-01-2019.pdf,SRC051,Land Acquisition Act,statute,19,7;9;17;24;25;28;38;45;46;48;55;132;142,exact_title,candidate
courts-coa-4.-ca-1366-2000-f-11.3.2019.pdf,SRC030,Civil Procedure Code,statute,1,323,exact_title,candidate
courts-coa-PHC-05-2019-Judgment-Final.pdf,SRC029,Evidence Ordinance,statute,1,69;75;114,exact_title,candidate
courts-coa-PHC-05-2019-Judgment-Final.pdf,SRC030,Civil Procedure Code,statute,2,41;78,exact_title,candidate
courts-coa-ca-1171-1998-f-18.1.2019.pdf,SRC071,Prescription Ordinance,statute,2,3,exact_title,candidate
courts-coa-ca-369-1999-f-16.10.2019.pdf,SRC027,Partition Law,statute,12,26;35;36A;42;45A;48;67;754,exact_title,candidate
courts-coa-ca-369-1999-f-16.10.2019.pdf,SRC030,Civil Procedure Code,statute,4,36A;45A;67;754,exact_title,candidate
courts-coa-ca-417-1998-f-18.1.2019.pdf,SRC030,Civil Procedure Code,statute,1,772,exact_title,candidate
courts-coa-ca-423-2000-f-22.1.2019.pdf,SRC071,Prescription Ordinance,statute,2,3,exact_title,candidate
courts-coa-ca-594-1996-f-22.1.2019.pdf,SRC037,Revocation of Irrevocable Deeds of Gift on the Ground of Gross Ingratitude Act,statute,1,2,exact_title,candidate
courts-coa-ca-623-1998-f-14.1.2019.pdf,SRC027,Partition Law,statute,1,18,exact_title,candidate
courts-coa-ca-623-1998-f-14.1.2019.pdf,SRC030,Civil Procedure Code,statute,1,772,exact_title,candidate
courts-coa-ca-648-1999-f-16.1.2019.pdf,SRC027,Partition Law,statute,1,,exact_title,candidate
courts-coa-ca-648-1999-f-16.1.2019.pdf,SRC030,Civil Procedure Code,statute,9,4;84;87;403;547,exact_title,candidate
courts-coa-ca-669-670-2000-f-28.10.2019.pdf,SRC071,Prescription Ordinance,statute,1,3,exact_title,candidate
courts-coa-ca-891-2000-f-21.1.2019.pdf,SRC027,Partition Law,statute,1,26,exact_title,candidate
courts-coa-ca-rev-1-2002-18.10.2019.pdf,SRC027,Partition Law,statute,2,25,exact_title,candidate
courts-coa-ca-rev-1582-2006-25.10.2019.pdf,SRC027,Partition Law,statute,4,25;35;79;189,exact_title,candidate
courts-coa-ca-rev-1582-2006-25.10.2019.pdf,SRC030,Civil Procedure Code,statute,3,25;35;79;189,exact_title,candidate
courts-coa-ca-rev-898-2001-18.10.2019.pdf,SRC027,Partition Law,statute,3,31;48;49,exact_title,candidate
courts-coa-ca-ri-20-2017-24.10.2019.pdf,SRC027,Partition Law,statute,2,69,exact_title,candidate
courts-coa-ca-ri-20-2017-24.10.2019.pdf,SRC030,Civil Procedure Code,statute,1,839,exact_title,candidate
courts-coa-cala-459-2006-3.10.2019.pdf,SRC027,Partition Law,statute,26,12;14;20;22;25;48;49;53;69;79;86,exact_title,candidate
courts-coa-cala-459-2006-3.10.2019.pdf,SRC029,Evidence Ordinance,statute,1,44;48,exact_title,candidate
courts-coa-cala-459-2006-3.10.2019.pdf,SRC030,Civil Procedure Code,statute,8,25;48;53;79;86;839,exact_title,candidate
courts-coa-CA-WRT-0391-2020.pdf,SRC056,State Lands Ordinance,statute,2,,exact_title,candidate
courts-coa-c.a.-ri-08-2020.pdf,SRC030,Civil Procedure Code,statute,9,9;27;55;69;70,exact_title,candidate
courts-coa-ca-dcf-1220-2000-20.7.2020.pdf,SRC033,Land Reform Law,statute,3,18;29;30,exact_title,candidate
courts-coa-ca-dcf-447-2000-18.9.2020.pdf,SRC001,Prevention of Frauds Ordinance,statute,1,2,exact_title,candidate
courts-coa-ca-dcf-720-2000-10.9.2020.pdf,SRC027,Partition Law,statute,3,18;19,exact_title,candidate
courts-coa-ca-writ-328-2015-19.02.2020.pdf,SRC031,Companies Act,statute,1,,exact_title,candidate
courts-coa-WRT-0643-2021final-1.pdf,SRC051,Land Acquisition Act,statute,2,7;38,exact_title,candidate
courts-coa-ca-dcf-1102-98-28-10-2021.pdf,SRC027,Partition Law,statute,2,25,exact_title,candidate
courts-coa-ca-dcf-1132-99-05-10-2021.pdf,SRC027,Partition Law,statute,3,3;18;25,exact_title,candidate
courts-coa-ca-dcf-1132-99-05-10-2021.pdf,SRC071,Prescription Ordinance,statute,7,3,exact_title,candidate
courts-coa-ca-dcf-524-a-1999-08.02.2021-prescription.pdf,SRC030,Civil Procedure Code,statute,1,754,exact_title,candidate
courts-coa-ca-dcf-524-a-1999-08.02.2021-prescription.pdf,SRC071,Prescription Ordinance,statute,15,3,exact_title,candidate
courts-coa-CA-Writ-353-2022.pdf,SRC033,Land Reform Law,statute,1,18;22;23;27A;42H,exact_title,candidate
courts-coa-CA-Writ-353-2022.pdf,SRC054,Land Settlement Ordinance,statute,1,,exact_title,candidate
courts-coa-RII-0001-2022-FINAL.pdf,SRC011,Registration of Title Act,statute,11,22;29;32;33;63;793;839,exact_title,candidate
courts-coa-RII-0001-2022-FINAL.pdf,SRC027,Partition Law,statute,5,48;63;793;839,exact_title,candidate
courts-coa-RII-0001-2022-FINAL.pdf,SRC030,Civil Procedure Code,statute,6,793;839,exact_title,candidate
courts-coa-TAX-31-2022.pdf,SRC031,Companies Act,statute,4,11A;25A;25F;25G,exact_title,candidate
courts-coa-541-2023.pdf,SRC033,Land Reform Law,statute,6,7;29,exact_title,candidate
courts-coa-RII-54-2023-Final.pdf,SRC030,Civil Procedure Code,statute,1,187,exact_title,candidate
courts-coa-RII-54-2023-Final.pdf,SRC050,Land Development Ordinance,statute,1,4,exact_title,candidate
courts-coa-RII-54-2023-Final.pdf,SRC071,Prescription Ordinance,statute,1,4,exact_title,candidate
courts-coa-CA-WRT-0056-2024.pdf,SRC031,Companies Act,statute,1,,exact_title,candidate
courts-coa-CA-WRT-0056-2024.pdf,SRC050,Land Development Ordinance,statute,1,,exact_title,candidate
courts-coa-CA.PHC_.-0046.2019-27.09.2024.pdf,SRC029,Evidence Ordinance,statute,1,3;18;51;114,exact_title,candidate
courts-coa-CA.PHC_.-0046.2019-27.09.2024.pdf,SRC033,Land Reform Law,statute,2,18,exact_title,candidate
courts-coa-CA.RII_.41.23-2024.06.28.pdf,SRC071,Prescription Ordinance,statute,1,11,exact_title,candidate
courts-coa-CA.WRT_.-0016.2019-03.05.2024.pdf,SRC050,Land Development Ordinance,statute,1,19,exact_title,candidate
courts-coa-HCC-277-16-28.02.2024.pdf,SRC001,Prevention of Frauds Ordinance,statute,2,2,exact_title,candidate
courts-coa-RII-53-2024-Order-on-notice.-etc.-2.pdf,SRC030,Civil Procedure Code,statute,12,54;73;86;402;403;408;496;666,exact_title,candidate
courts-coa-RII-53-2024-Order-on-notice.-etc.-2.pdf,SRC031,Companies Act,statute,3,213;224;225;520;521,exact_title,candidate
courts-coa-WRT-0171-20-06.06.2025.pdf,SRC005,Registration of Documents Ordinance,statute,1,87,exact_title,candidate
courts-coa-WRT-0171-20-06.06.2025.pdf,SRC050,Land Development Ordinance,statute,2,19,exact_title,candidate
courts-coa-WRT-0400-24-05.08.2025.pdf,SRC051,Land Acquisition Act,statute,1,2;38,exact_title,candidate
courts-coa-WRT-0548-25-30.06.2025.pdf,SRC051,Land Acquisition Act,statute,2,07,exact_title,candidate
courts-coa-BOR-0001-2027.03.2026-1.pdf,SRC029,Evidence Ordinance,statute,3,3;45;101;102;103,exact_title,candidate
courts-coa-BOR-0001-2027.03.2026-1.pdf,SRC051,Land Acquisition Act,statute,3,22;28,exact_title,candidate
courts-coa-BOR-0001-2320.02.2026.pdf,SRC029,Evidence Ordinance,statute,1,3;7;45;101;102;103,exact_title,candidate
courts-coa-BOR-0001-2320.02.2026.pdf,SRC051,Land Acquisition Act,statute,4,22;28;38;45,exact_title,candidate
courts-sc-sc_chc_appeal_3_2000.pdf,SRC030,Civil Procedure Code,statute,1,756,exact_title,candidate
courts-sc-sc_rule_14_2000.pdf,SRC030,Civil Procedure Code,statute,3,328;761,exact_title,candidate
courts-sc-sc_chc_appeal_13_2001.pdf,SRC030,Civil Procedure Code,statute,2,49;50;121;147;175,exact_title,candidate
courts-sc-sc_chc_appeal_13_2001.pdf,SRC071,Prescription Ordinance,statute,1,147,exact_title,candidate
courts-sc-sc_appeal_87_2002.pdf,SRC030,Civil Procedure Code,statute,2,,exact_title,candidate
courts-sc-sc_appeal_49_2003-part_I.pdf,SRC027,Partition Law,statute,1,,exact_title,candidate
courts-sc-sc_appeal_49_2003-part_I.pdf,SRC030,Civil Procedure Code,statute,4,147;187;760A,exact_title,candidate
courts-sc-sc_appeal_49_2003-part_I.pdf,SRC071,Prescription Ordinance,statute,1,,exact_title,candidate
courts-sc-sc_appeal_49_2003-part_II.pdf,SRC030,Civil Procedure Code,statute,5,187,exact_title,candidate
courts-sc-sc_chc_appeal_26_2003.pdf,SRC031,Companies Act,statute,47,3;5;10;13;31;49;75;187;210;211;220;224;225;226;228;233;459;521;530;994,exact_title,candidate
courts-sc-sc_appeal_60_2004.pdf,SRC001,Prevention of Frauds Ordinance,statute,2,2;7;68,exact_title,candidate
courts-sc-sc_appeal_60_2004.pdf,SRC005,Registration of Documents Ordinance,statute,2,2;7;26;68,exact_title,candidate
courts-sc-sc_appeal_60_2004.pdf,SRC029,Evidence Ordinance,statute,11,2;3;7;67;68;70;72;154A,exact_title,candidate
courts-sc-sc_appeal_60_2004.pdf,SRC030,Civil Procedure Code,statute,2,2;3;68;154A,exact_title,candidate
courts-sc-sc_appeal_7_2004.pdf,SRC001,Prevention of Frauds Ordinance,statute,3,2;68,exact_title,candidate
courts-sc-sc_appeal_7_2004.pdf,SRC014,Notaries Ordinance,statute,3,31;33,exact_title,candidate
courts-sc-sc_appeal_7_2004.pdf,SRC029,Evidence Ordinance,statute,17,2;3;33;41A;41B;41C;68;101;102;103,exact_title,candidate
courts-sc-sc_appeal_7_2004.pdf,SRC030,Civil Procedure Code,statute,1,325,exact_title,candidate
courts-sc-sc_appeal_104_2005.pdf,SRC001,Prevention of Frauds Ordinance,statute,4,2;72,exact_title,candidate
courts-sc-sc_appeal_104_2005.pdf,SRC014,Notaries Ordinance,statute,4,8;31;33,exact_title,candidate
courts-sc-sc_appeal_104_2005.pdf,SRC017,Powers of Attorney Ordinance,statute,3,2;8,exact_title,candidate
courts-sc-sc_appeal_104_2005.pdf,SRC029,Evidence Ordinance,statute,7,45;60;67;68;69;71;72;73;85,exact_title,candidate
courts-sc-sc_appeal_104_2005.pdf,SRC030,Civil Procedure Code,statute,5,154;187;323,exact_title,candidate
courts-sc-sc_appeal_21_2005.pdf,SRC029,Evidence Ordinance,statute,1,68,exact_title,candidate
courts-sc-sc_appeal_21_2005.pdf,SRC030,Civil Procedure Code,statute,3,3;154,exact_title,candidate
courts-sc-sc_appeal_33_2005.pdf,SRC027,Partition Law,statute,7,14;36;52,exact_title,candidate
courts-sc-sc_appeal_33_2005.pdf,SRC028,Rent Act,statute,10,14;32;36;52,exact_title,candidate
courts-sc-sc_appeal_33_2005.pdf,SRC029,Evidence Ordinance,statute,1,32;457,exact_title,candidate
courts-sc-sc_appeal_33_2005.pdf,SRC030,Civil Procedure Code,statute,1,398,exact_title,candidate
courts-sc-sc_appeal_12_2006.pdf,SRC029,Evidence Ordinance,statute,5,57;101;102,exact_title,candidate
courts-sc-sc_appeal_12_2006.pdf,SRC051,Land Acquisition Act,statute,16,4;7;38;102,exact_title,candidate
courts-sc-sc_appeal_38_39_2006.pdf,SRC030,Civil Procedure Code,statute,1,,exact_title,candidate
courts-sc-sc_appeal_44_2006-1.pdf,SRC033,Land Reform Law,statute,11,3,exact_title,candidate
courts-sc-sc_chc_appeal_21_2006.pdf,SRC031,Companies Act,statute,40,3;4;17;35;98,exact_title,candidate
courts-sc-sc_chc_appeal_21_2006.pdf,SRC065,Partnership Ordinance,statute,4,3;35,exact_title,candidate
courts-sc-sc_chc_appeal_37_2006.pdf,SRC071,Prescription Ordinance,statute,6,5;6;7,exact_title,candidate
courts-sc-sc_chc_appeal_39_2006.pdf,SRC028,Rent Act,statute,2,22;149,exact_title,candidate
courts-sc-sc_chc_appeal_39_2006.pdf,SRC030,Civil Procedure Code,statute,6,22;146;149;165;839,exact_title,candidate
courts-sc-sc_chc_appeal_4_2006.pdf,SRC030,Civil Procedure Code,statute,3,5;39;147;753,exact_title,candidate
courts-sc-sc_chc_appeal_4_2006.pdf,SRC071,Prescription Ordinance,statute,3,5;6,exact_title,candidate
courts-sc-sc_chc_appeal_55_2006.pdf,SRC030,Civil Procedure Code,statute,1,5;754;758,exact_title,candidate
courts-sc-sc_chc_appeal_55_2006.pdf,SRC031,Companies Act,statute,2,189,exact_title,candidate
courts-sc-sc_appeal_4_2007.pdf,SRC030,Civil Procedure Code,statute,3,5;6;8;10;11;46;754,exact_title,candidate
courts-sc-sc_appeal_4_2007.pdf,SRC071,Prescription Ordinance,statute,26,3;5;6;7;8;9;10;11;12;29;46,exact_title,candidate
courts-sc-sc_appeal_71_2007.pdf,SRC030,Civil Procedure Code,statute,1,22;71;754,exact_title,candidate
courts-sc-sc_appeal_98_2007.pdf,SRC027,Partition Law,statute,3,25,exact_title,candidate
courts-sc-sc_appeal_98_2007.pdf,SRC029,Evidence Ordinance,statute,2,3;25;26;44;48,exact_title,candidate
courts-sc-sc_chc_appeal_27_2007.pdf,SRC030,Civil Procedure Code,statute,2,754,exact_title,candidate
courts-sc-sc_chc_appeal_54_2007.pdf,SRC071,Prescription Ordinance,statute,2,5;6;15,exact_title,candidate
courts-sc-sc_chc_appeal_5_2007.pdf,SRC071,Prescription Ordinance,statute,7,5;6;10,exact_title,candidate
courts-sc-sc_appeal_15_2008.pdf,SRC029,Evidence Ordinance,statute,1,114,exact_title,candidate
courts-sc-sc_appeal_15_2008.pdf,SRC071,Prescription Ordinance,statute,1,,exact_title,candidate
courts-sc-sc_appeal_19_2008.pdf,SRC001,Prevention of Frauds Ordinance,statute,1,18,exact_title,candidate
courts-sc-sc_appeal_19_2008.pdf,SRC030,Civil Procedure Code,statute,3,18,exact_title,candidate
courts-sc-sc_appeal_19_2008.pdf,SRC071,Prescription Ordinance,statute,1,6,exact_title,candidate
courts-sc-sc_appeal_28_2008.pdf,SRC001,Prevention of Frauds Ordinance,statute,2,2;83;92,exact_title,candidate
courts-sc-sc_appeal_28_2008.pdf,SRC029,Evidence Ordinance,statute,1,92,exact_title,candidate
courts-sc-sc_appeal_28_2008.pdf,SRC059,Trusts Ordinance,statute,1,83,exact_title,candidate
courts-sc-sc_appeal_41_2008.pdf,SRC030,Civil Procedure Code,statute,5,154;187,exact_title,candidate
courts-sc-sc_appeal_41_2015_and_sc_chc_37_2008-1.pdf,SRC027,Partition Law,statute,1,48,exact_title,candidate
courts-sc-sc_appeal_41_2015_and_sc_chc_37_2008-1.pdf,SRC030,Civil Procedure Code,statute,32,5;6;40;46;48;101;184;189;217;387;388;389;754;755,exact_title,candidate
courts-sc-sc_appeal_41_2015_and_sc_chc_37_2008-1.pdf,SRC071,Prescription Ordinance,statute,1,6,exact_title,candidate
courts-sc-sc_appeal_50_2008.pdf,SRC030,Civil Procedure Code,statute,1,46,exact_title,candidate
courts-sc-sc_appeal_54_2008.pdf,SRC028,Rent Act,statute,44,1;9;13;15;16;17;22,exact_title,candidate
courts-sc-sc_appeal_54_2008.pdf,SRC030,Civil Procedure Code,statute,4,40;75;79;146,exact_title,candidate
courts-sc-sc_appeal_54a_2008.pdf,SRC029,Evidence Ordinance,statute,2,101;102;103;114,exact_title,candidate
courts-sc-sc_appeal_54a_2008.pdf,SRC030,Civil Procedure Code,statute,2,3;40;70,exact_title,candidate
courts-sc-sc_appeal_54a_2008.pdf,SRC071,Prescription Ordinance,statute,7,3;13;40;70,exact_title,candidate
courts-sc-sc_appeal_61_2008.pdf,SRC033,Land Reform Law,statute,10,27A,exact_title,candidate
courts-sc-sc_appeal_64_2008.pdf,SRC030,Civil Procedure Code,statute,4,392;395;398,exact_title,candidate
courts-sc-sc_appeal_6_2008.pdf,SRC033,Land Reform Law,statute,1,27A;42H,exact_title,candidate
courts-sc-sc_appeal_83_2008.pdf,SRC051,Land Acquisition Act,statute,4,38;39A,exact_title,candidate
courts-sc-sc_chc_appeal_18_2008.pdf,SRC030,Civil Procedure Code,statute,1,6;147,exact_title,candidate
courts-sc-sc_chc_appeal_18_2008.pdf,SRC071,Prescription Ordinance,statute,2,6;147,exact_title,candidate
courts-sc-sc_chc_appeal_23_2008.pdf,SRC030,Civil Procedure Code,statute,2,9;47,exact_title,candidate
courts-sc-sc_chc_appeal_23_2008.pdf,SRC071,Prescription Ordinance,statute,10,6;7;9,exact_title,candidate
courts-sc-sc_chc_appeal_24_2008.pdf,SRC029,Evidence Ordinance,statute,1,101,exact_title,candidate
courts-sc-sc_chc_appeal_24_2008.pdf,SRC031,Companies Act,statute,1,,exact_title,candidate
courts-sc-sc_chc_appeal_28_2008.pdf,SRC029,Evidence Ordinance,statute,2,65,exact_title,candidate
courts-sc-sc_chc_appeal_28_2008.pdf,SRC030,Civil Procedure Code,statute,3,25,exact_title,candidate
courts-sc-sc_chc_appeal_28_2008.pdf,SRC071,Prescription Ordinance,statute,3,6;8;12,exact_title,candidate
courts-sc-sc_chc_appeal_32_32A_2008.pdf,SRC030,Civil Procedure Code,statute,5,22;45;91;150,exact_title,candidate
courts-sc-sc_fr_452_2008.pdf,SRC014,Notaries Ordinance,statute,1,,exact_title,candidate
courts-sc-sc_fr_452_2008.pdf,SRC030,Civil Procedure Code,statute,1,325,exact_title,candidate
courts-sc-sc_fr_452_2008.pdf,SRC049,Buddhist Temporalities Ordinance,statute,6,26;28,exact_title,candidate
courts-sc-sc_appeal_101_2009.pdf,SRC030,Civil Procedure Code,statute,4,5;9;46;146;147,exact_title,candidate
courts-sc-sc_appeal_101_2009.pdf,SRC071,Prescription Ordinance,statute,10,9;46,exact_title,candidate
courts-sc-sc_appeal_132_2009.pdf,SRC030,Civil Procedure Code,statute,1,7;10;11;12;440A,exact_title,candidate
courts-sc-sc_appeal_132_2009.pdf,SRC071,Prescription Ordinance,statute,5,4,exact_title,candidate
courts-sc-sc_appeal_138_2009.pdf,SRC001,Prevention of Frauds Ordinance,statute,1,2,exact_title,candidate
courts-sc-sc_appeal_138_2009.pdf,SRC029,Evidence Ordinance,statute,5,2;68;154A,exact_title,candidate
courts-sc-sc_appeal_138_2009.pdf,SRC030,Civil Procedure Code,statute,3,3;68;154A,exact_title,candidate
courts-sc-sc_appeal_15_2009.pdf,SRC030,Civil Procedure Code,statute,22,67;86;755;757;759;770,exact_title,candidate
courts-sc-sc_appeal_29_2009.pdf,SRC030,Civil Procedure Code,statute,1,,exact_title,candidate
courts-sc-sc_appeal_29_2009.pdf,SRC064,Mortgage Act,statute,5,2;40;43,exact_title,candidate
courts-sc-sc_appeal_2_2009.pdf,SRC027,Partition Law,statute,2,4,exact_title,candidate
courts-sc-sc_appeal_32_2009.pdf,SRC005,Registration of Documents Ordinance,statute,12,7;26,exact_title,candidate
courts-sc-sc_appeal_33_2009-1.pdf,SRC030,Civil Procedure Code,statute,3,5;6;8;758,exact_title,candidate
courts-sc-sc_appeal_33_2009-1.pdf,SRC071,Prescription Ordinance,statute,10,8;758,exact_title,candidate
courts-sc-sc_appeal_33_2009-2.pdf,SRC005,Registration of Documents Ordinance,statute,12,7;26,exact_title,candidate
courts-sc-sc_appeal_82_2009.pdf,SRC059,Trusts Ordinance,statute,17,4;58;98,exact_title,candidate
courts-sc-sc_appeal_85a_2009.pdf,SRC029,Evidence Ordinance,statute,3,106,exact_title,candidate
courts-sc-sc_appeal_85a_2009.pdf,SRC031,Companies Act,statute,31,5A;127;178;227;255;256;260;261;262;348;350;352;359,exact_title,candidate
courts-sc-sc_appeal_8a_2009.pdf,SRC059,Trusts Ordinance,statute,2,83,exact_title,candidate
courts-sc-sc_appeal_90_2009.pdf,SRC033,Land Reform Law,statute,10,14;18;22;66,exact_title,candidate
courts-sc-sc_appeal_93_2009.pdf,SRC027,Partition Law,statute,4,2;4,exact_title,candidate
courts-sc-sc_appeal_93_2009.pdf,SRC030,Civil Procedure Code,statute,1,2;4,exact_title,candidate
courts-sc-sc_appeal_93_2009.pdf,SRC071,Prescription Ordinance,statute,2,10,exact_title,candidate
courts-sc-sc_appeal_99a_2009.pdf,SRC030,Civil Procedure Code,statute,1,150,exact_title,candidate
courts-sc-sc_chc_appeal_35_2009.pdf,SRC030,Civil Procedure Code,statute,1,5;6,exact_title,candidate
courts-sc-sc_chc_appeal_35_2009.pdf,SRC071,Prescription Ordinance,statute,9,5;6;9;10,exact_title,candidate
courts-sc-sc_chc_appeal_3_2009.pdf,SRC071,Prescription Ordinance,statute,5,6;8,exact_title,candidate
courts-sc-sc_chc_appeal_9_2009.pdf,SRC030,Civil Procedure Code,statute,4,224;228;232;472;760A,exact_title,candidate
courts-sc-sc_chc_appeal_9_2009.pdf,SRC031,Companies Act,statute,8,80;214;224;225;232;521;529,exact_title,candidate
courts-sc-sc_fr_19_2009.pdf,SRC033,Land Reform Law,statute,1,,exact_title,candidate
courts-sc-sc_fr_542_2009.pdf,SRC051,Land Acquisition Act,statute,16,2;4;5,exact_title,candidate
courts-sc-sc_appeal_102_2010.pdf,SRC029,Evidence Ordinance,statute,3,23;58,exact_title,candidate
courts-sc-sc_appeal_110_2010.pdf,SRC045,Matrimonial Rights and Inheritance (Jaffna) Ordinance,statute,1,6,exact_title,candidate
courts-sc-sc_appeal_113_2010.pdf,SRC030,Civil Procedure Code,statute,1,150,exact_title,candidate
courts-sc-sc_appeal_125_2010.pdf,SRC001,Prevention of Frauds Ordinance,statute,6,2;17,exact_title,candidate
courts-sc-sc_appeal_125_2010.pdf,SRC050,Land Development Ordinance,statute,16,1;2;4;19;48;48A;51;72;170,exact_title,candidate
courts-sc-sc_appeal_125_2010.pdf,SRC051,Land Acquisition Act,statute,1,,exact_title,candidate
courts-sc-sc_appeal_125_2010.pdf,SRC071,Prescription Ordinance,statute,5,4,exact_title,candidate
courts-sc-sc_appeal_145_2010.pdf,SRC029,Evidence Ordinance,statute,1,,exact_title,candidate
courts-sc-sc_appeal_146_2010.pdf,SRC030,Civil Procedure Code,statute,1,121,exact_title,candidate
courts-sc-sc_appeal_150_2010.pdf,SRC031,Companies Act,statute,1,,exact_title,candidate
courts-sc-sc_appeal_150_2010.pdf,SRC064,Mortgage Act,statute,3,48,exact_title,candidate
courts-sc-sc_appeal_156_2010-1.pdf,SRC028,Rent Act,statute,2,72;387,exact_title,candidate
courts-sc-sc_appeal_156_2010-1.pdf,SRC030,Civil Procedure Code,statute,1,7;72;387,exact_title,candidate
courts-sc-sc_appeal_15_2010.pdf,SRC071,Prescription Ordinance,statute,2,3,exact_title,candidate
courts-sc-sc_appeal_162_2010-1.pdf,SRC071,Prescription Ordinance,statute,1,,exact_title,candidate
courts-sc-sc_appeal_167_2010.pdf,SRC001,Prevention of Frauds Ordinance,statute,2,2;83;92,exact_title,candidate
courts-sc-sc_appeal_167_2010.pdf,SRC029,Evidence Ordinance,statute,10,83;91;92,exact_title,candidate
courts-sc-sc_appeal_167_2010.pdf,SRC059,Trusts Ordinance,statute,2,83;91;92,exact_title,candidate
courts-sc-sc_appeal_169_2010.pdf,SRC027,Partition Law,statute,2,16;17;18;19,exact_title,candidate
courts-sc-sc_appeal_174_2010.pdf,SRC027,Partition Law,statute,6,18;19;48,exact_title,candidate
courts-sc-sc_appeal_174_2010.pdf,SRC030,Civil Procedure Code,statute,4,187,exact_title,candidate
courts-sc-sc_appeal_175_2010.pdf,SRC001,Prevention of Frauds Ordinance,statute,6,2;83;91;92,exact_title,candidate
courts-sc-sc_appeal_175_2010.pdf,SRC029,Evidence Ordinance,statute,3,2;91;92,exact_title,candidate
courts-sc-sc_appeal_175_2010.pdf,SRC059,Trusts Ordinance,statute,2,83,exact_title,candidate
courts-sc-sc_appeal_180_2010.pdf,SRC027,Partition Law,statute,1,25;26,exact_title,candidate
courts-sc-sc_appeal_18_2010-1.pdf,SRC033,Land Reform Law,statute,24,3;14;18;19;20,exact_title,candidate
courts-sc-sc_appeal_23_2010.pdf,SRC030,Civil Procedure Code,statute,1,147,exact_title,candidate
courts-sc-sc_appeal_33_2010.pdf,SRC029,Evidence Ordinance,statute,1,80,exact_title,candidate
courts-sc-sc_appeal_33_2010.pdf,SRC030,Civil Procedure Code,statute,2,3;21,exact_title,candidate
courts-sc-sc_appeal_33_2010.pdf,SRC071,Prescription Ordinance,statute,8,3;21,exact_title,candidate
courts-sc-sc_appeal_34_2010.pdf,SRC029,Evidence Ordinance,statute,1,114,exact_title,candidate
courts-sc-sc_appeal_34_2010.pdf,SRC030,Civil Procedure Code,statute,2,86,exact_title,candidate
courts-sc-sc_appeal_37A_2010.pdf,SRC049,Buddhist Temporalities Ordinance,statute,2,3;10;34,exact_title,candidate
courts-sc-sc_appeal_37A_2010.pdf,SRC071,Prescription Ordinance,statute,2,3;10;34,exact_title,candidate
courts-sc-sc_appeal_45_2010.pdf,SRC001,Prevention of Frauds Ordinance,statute,1,2;68,exact_title,candidate
courts-sc-sc_appeal_45_2010.pdf,SRC029,Evidence Ordinance,statute,12,2;68,exact_title,candidate
courts-sc-sc_appeal_48_2010.pdf,SRC001,Prevention of Frauds Ordinance,statute,1,,exact_title,candidate
courts-sc-sc_appeal_48_2010.pdf,SRC014,Notaries Ordinance,statute,1,,exact_title,candidate
courts-sc-sc_appeal_48_2010.pdf,SRC029,Evidence Ordinance,statute,4,91;92,exact_title,candidate
courts-sc-sc_appeal_51_2010.pdf,SRC029,Evidence Ordinance,statute,1,116,exact_title,candidate
courts-sc-sc_appeal_56_2010.pdf,SRC030,Civil Procedure Code,statute,2,,exact_title,candidate
courts-sc-sc_appeal_73_2010.pdf,SRC071,Prescription Ordinance,statute,2,3,exact_title,candidate
courts-sc-sc_appeal_79_2010.pdf,SRC028,Rent Act,statute,1,,exact_title,candidate
courts-sc-sc_appeal_79_2010.pdf,SRC059,Trusts Ordinance,statute,3,83,exact_title,candidate
courts-sc-sc_appeal_81_2010.pdf,SRC030,Civil Procedure Code,statute,34,2;4;5;6;88;326;327;328;329;692;753;754;755;760A,exact_title,candidate
courts-sc-sc_appeal_81_2010.pdf,SRC031,Companies Act,statute,1,2,exact_title,candidate
courts-sc-sc_appeal_82_2010.pdf,SRC027,Partition Law,statute,23,2;15;24;48;54,exact_title,candidate
courts-sc-sc_appeal_82_2010.pdf,SRC033,Land Reform Law,statute,1,,exact_title,candidate
courts-sc-sc_appeal_82_2010.pdf,SRC049,Buddhist Temporalities Ordinance,statute,18,2;4;15;24;26;27;28,exact_title,candidate
courts-sc-sc_appeal_82_2010.pdf,SRC071,Prescription Ordinance,statute,1,3;24,exact_title,candidate
courts-sc-sc_appeal_82_2010.pdf,SRC072,Nindagama Lands Act,statute,6,2;5;29;31;54,exact_title,candidate
courts-sc-sc_appeal_89_2010-1.pdf,SRC029,Evidence Ordinance,statute,2,40;41;41A;41B;41C;42;44,exact_title,candidate
courts-sc-sc_appeal_89_2010-1.pdf,SRC030,Civil Procedure Code,statute,1,147,exact_title,candidate
courts-sc-sc_appeal_89_2010.pdf,SRC030,Civil Procedure Code,statute,3,147,exact_title,candidate
courts-sc-sc_appeal_92_2010.pdf,SRC049,Buddhist Temporalities Ordinance,statute,3,4;41,exact_title,candidate
courts-sc-sc_appeal_96_2010.pdf,SRC071,Prescription Ordinance,statute,11,3;10;13;14,exact_title,candidate
courts-sc-sc_appeal_97_2010.pdf,SRC030,Civil Procedure Code,statute,2,187,exact_title,candidate
courts-sc-sc_chc_appeal_26_2010-1.pdf,SRC030,Civil Procedure Code,statute,24,181;653;654,exact_title,candidate
courts-sc-sc_chc_appeal_8_2010.pdf,SRC030,Civil Procedure Code,statute,6,6;86;839,exact_title,candidate
courts-sc-sc_chc_appeal_8_2010.pdf,SRC031,Companies Act,statute,1,184,exact_title,candidate
courts-sc-sc_chc_appeal_9_2010-1.pdf,SRC001,Prevention of Frauds Ordinance,statute,4,18,exact_title,candidate
courts-sc-sc_chc_appeal_9_2010-1.pdf,SRC029,Evidence Ordinance,statute,3,61;65,exact_title,candidate
courts-sc-sc_chc_appeal_9_2010-1.pdf,SRC031,Companies Act,statute,1,18,exact_title,candidate
courts-sc-sc_chc_appeal_9_2010-1.pdf,SRC064,Mortgage Act,statute,6,4;73,exact_title,candidate
courts-sc-sc_fr_393_2010-1.pdf,SRC030,Civil Procedure Code,statute,2,75;76;112;671,exact_title,candidate
courts-sc-sc_fr_393_2010-1.pdf,SRC059,Trusts Ordinance,statute,11,3;75;76;102;107;112;671,exact_title,candidate
courts-sc-sc_hc_cala_331_2010.pdf,SRC017,Powers of Attorney Ordinance,statute,1,19;20;25,exact_title,candidate
courts-sc-sc_hc_cala_331_2010.pdf,SRC030,Civil Procedure Code,statute,12,5;9;19;20;25;27;76;94;470,exact_title,candidate
courts-sc-sc_hc_cala_331_2010.pdf,SRC031,Companies Act,statute,3,19;20,exact_title,candidate
courts-sc-sc_rule_1_2010.pdf,SRC014,Notaries Ordinance,statute,4,31;42,exact_title,candidate
courts-sc-sc_147_2011-1.pdf,SRC001,Prevention of Frauds Ordinance,statute,1,2;5;48,exact_title,candidate
courts-sc-sc_147_2011-1.pdf,SRC027,Partition Law,statute,11,2;5;14;48;52;53;325,exact_title,candidate
courts-sc-sc_147_2011-1.pdf,SRC028,Rent Act,statute,5,14;48;52,exact_title,candidate
courts-sc-sc_147_2011-1.pdf,SRC030,Civil Procedure Code,statute,2,52;53;325,exact_title,candidate
courts-sc-sc_appeal_102_2011-1.pdf,SRC071,Prescription Ordinance,statute,4,3,exact_title,candidate
courts-sc-sc_appeal_112_2011.pdf,SRC028,Rent Act,statute,9,22,exact_title,candidate
courts-sc-sc_appeal_112_2011.pdf,SRC029,Evidence Ordinance,statute,2,116,exact_title,candidate
courts-sc-sc_appeal_117_2011.pdf,SRC030,Civil Procedure Code,statute,5,41;84;207,exact_title,candidate
courts-sc-sc_appeal_121_2011.pdf,SRC029,Evidence Ordinance,statute,10,32;50,exact_title,candidate
courts-sc-sc_appeal_122_2011.pdf,SRC030,Civil Procedure Code,statute,10,615;617;618,exact_title,candidate
courts-sc-sc_appeal_124_2011.pdf,SRC054,Land Settlement Ordinance,statute,1,,exact_title,candidate
courts-sc-sc_appeal_125_2011.pdf,SRC001,Prevention of Frauds Ordinance,statute,1,02;115,exact_title,candidate
courts-sc-sc_appeal_125_2011.pdf,SRC029,Evidence Ordinance,statute,1,02;115,exact_title,candidate
courts-sc-sc_appeal_125_2011.pdf,SRC030,Civil Procedure Code,statute,1,147,exact_title,candidate
courts-sc-sc_appeal_125_2011.pdf,SRC059,Trusts Ordinance,statute,1,3,exact_title,candidate
courts-sc-sc_appeal_125_2011.pdf,SRC071,Prescription Ordinance,statute,2,10,exact_title,candidate
courts-sc-sc_appeal_126_2011.pdf,SRC071,Prescription Ordinance,statute,1,3,exact_title,candidate
courts-sc-sc_appeal_131_2011.pdf,SRC071,Prescription Ordinance,statute,25,2;3,exact_title,candidate
courts-sc-sc_appeal_138_2011.pdf,SRC030,Civil Procedure Code,statute,1,27,exact_title,candidate
courts-sc-sc_appeal_138_2011.pdf,SRC031,Companies Act,statute,3,27;34,exact_title,candidate
courts-sc-sc_appeal_140_2011.pdf,SRC030,Civil Procedure Code,statute,13,151;516;517;518;524;529;532;536;839,exact_title,candidate
courts-sc-sc_appeal_144_2011.pdf,SRC029,Evidence Ordinance,statute,1,83,exact_title,candidate
courts-sc-sc_appeal_144_2011.pdf,SRC059,Trusts Ordinance,statute,11,3;65;66;83;98,exact_title,candidate
courts-sc-sc_appeal_151_2011.pdf,SRC029,Evidence Ordinance,statute,9,2;19;61;65;74;78;101;103,exact_title,candidate
courts-sc-sc_appeal_151_2011.pdf,SRC030,Civil Procedure Code,statute,1,19;61;101,exact_title,candidate
courts-sc-sc_appeal_151_2011.pdf,SRC050,Land Development Ordinance,statute,4,19;74;78,exact_title,candidate
courts-sc-sc_appeal_155_2011.pdf,SRC029,Evidence Ordinance,statute,4,33,exact_title,candidate
courts-sc-sc_appeal_155_2011.pdf,SRC071,Prescription Ordinance,statute,5,3;20,exact_title,candidate
courts-sc-sc_appeal_157_2011.pdf,SRC029,Evidence Ordinance,statute,3,83;91;92,exact_title,candidate
courts-sc-sc_appeal_157_2011.pdf,SRC059,Trusts Ordinance,statute,7,3;65;66;83;92;98,exact_title,candidate
courts-sc-sc_appeal_158_2011-1.pdf,SRC033,Land Reform Law,statute,1,10,exact_title,candidate
courts-sc-sc_appeal_158_2011-1.pdf,SRC051,Land Acquisition Act,statute,14,7;9;10;15;17;18;29;33;159,exact_title,candidate
courts-sc-sc_appeal_169_2011.pdf,SRC028,Rent Act,statute,79,2;26,exact_title,candidate
courts-sc-sc_appeal_169_2011.pdf,SRC033,Land Reform Law,statute,1,2,exact_title,candidate
courts-sc-sc_appeal_16_2011.pdf,SRC029,Evidence Ordinance,statute,1,70,exact_title,candidate
courts-sc-sc_appeal_16_2011.pdf,SRC030,Civil Procedure Code,statute,4,34;207;406,exact_title,candidate
courts-sc-sc_appeal_170_2011.pdf,SRC001,Prevention of Frauds Ordinance,statute,2,4;7;30,exact_title,candidate
courts-sc-sc_appeal_170_2011.pdf,SRC014,Notaries Ordinance,statute,2,7;30;31;33;68,exact_title,candidate
courts-sc-sc_appeal_170_2011.pdf,SRC024,Wills Ordinance,statute,1,2,exact_title,candidate
courts-sc-sc_appeal_170_2011.pdf,SRC029,Evidence Ordinance,statute,1,31;33;68,exact_title,candidate
courts-sc-sc_appeal_170_2011.pdf,SRC030,Civil Procedure Code,statute,6,524;525;839,exact_title,candidate
courts-sc-sc_appeal_171_2011.pdf,SRC071,Prescription Ordinance,statute,4,4,exact_title,candidate
courts-sc-sc_appeal_173_2011.pdf,SRC001,Prevention of Frauds Ordinance,statute,8,2;5;83;91;92,exact_title,candidate
courts-sc-sc_appeal_173_2011.pdf,SRC029,Evidence Ordinance,statute,10,2;83;91;92,exact_title,candidate
courts-sc-sc_appeal_173_2011.pdf,SRC059,Trusts Ordinance,statute,13,2;5;83;91;92,exact_title,candidate
courts-sc-sc_appeal_178_2011.pdf,SRC029,Evidence Ordinance,statute,2,92,exact_title,candidate
courts-sc-sc_appeal_180_2011.pdf,SRC028,Rent Act,statute,2,22;149,exact_title,candidate
courts-sc-sc_appeal_180_2011.pdf,SRC030,Civil Procedure Code,statute,2,22;149,exact_title,candidate
courts-sc-sc_appeal_180_2011.pdf,SRC059,Trusts Ordinance,statute,8,82;83;96;98;149,exact_title,candidate
courts-sc-sc_appeal_183_2011.pdf,SRC024,Wills Ordinance,statute,1,154A,exact_title,candidate
courts-sc-sc_appeal_183_2011.pdf,SRC029,Evidence Ordinance,statute,29,3;5;6;21;47;55;61;62;65;67;73;91;102;120;136;154;154A;175,exact_title,candidate
courts-sc-sc_appeal_183_2011.pdf,SRC030,Civil Procedure Code,statute,7,3;120;121;146;154;154A;175,exact_title,candidate
courts-sc-sc_appeal_188_2011.pdf,SRC029,Evidence Ordinance,statute,1,103,exact_title,candidate
courts-sc-sc_appeal_188_2011.pdf,SRC030,Civil Procedure Code,statute,10,41;41o,exact_title,candidate
courts-sc-sc_appeal_188_2011.pdf,SRC050,Land Development Ordinance,statute,2,19,exact_title,candidate
courts-sc-sc_appeal_188_2011.pdf,SRC071,Prescription Ordinance,statute,10,3,exact_title,candidate
courts-sc-sc_appeal_194_2011.pdf,SRC030,Civil Procedure Code,statute,4,5;181;754,exact_title,candidate
courts-sc-sc_appeal_196_2011.pdf,SRC030,Civil Procedure Code,statute,1,12,exact_title,candidate
courts-sc-sc_appeal_196_2011.pdf,SRC071,Prescription Ordinance,statute,25,5;6;7;8;10;11;12,exact_title,candidate
courts-sc-sc_appeal_20_2011.pdf,SRC030,Civil Procedure Code,statute,2,331;332,exact_title,candidate
courts-sc-sc_appeal_27_2011.pdf,SRC027,Partition Law,statute,10,35;36;36A;754,exact_title,candidate
courts-sc-sc_appeal_27_2011.pdf,SRC030,Civil Procedure Code,statute,2,36;36A;754,exact_title,candidate
courts-sc-sc_appeal_36_2011.pdf,SRC014,Notaries Ordinance,statute,1,,exact_title,candidate
courts-sc-sc_appeal_45_2011.pdf,SRC030,Civil Procedure Code,statute,5,282,exact_title,candidate
courts-sc-sc_appeal_4_2011.pdf,SRC030,Civil Procedure Code,statute,6,18;93,exact_title,candidate
courts-sc-sc_appeal_4_2011.pdf,SRC071,Prescription Ordinance,statute,2,9;18,exact_title,candidate
courts-sc-sc_appeal_53_2011.pdf,SRC071,Prescription Ordinance,statute,2,3,exact_title,candidate
courts-sc-sc_appeal_66_2011.pdf,SRC005,Registration of Documents Ordinance,statute,6,7;14,exact_title,candidate
courts-sc-sc_appeal_73_2011.pdf,SRC030,Civil Procedure Code,statute,5,04;41;46;66,exact_title,candidate
courts-sc-sc_appeal_73_2011.pdf,SRC050,Land Development Ordinance,statute,1,19,exact_title,candidate
courts-sc-sc_appeal_76_2011.pdf,SRC029,Evidence Ordinance,statute,1,45,exact_title,candidate
courts-sc-sc_appeal_80_2011.pdf,SRC030,Civil Procedure Code,statute,1,5A;754;757,exact_title,candidate
courts-sc-sc_appeal_83_2011.pdf,SRC027,Partition Law,statute,1,32;52;839,exact_title,candidate
courts-sc-sc_appeal_83_2011.pdf,SRC029,Evidence Ordinance,statute,1,44,exact_title,candidate
courts-sc-sc_appeal_83_2011.pdf,SRC030,Civil Procedure Code,statute,5,5;17;52;328;839,exact_title,candidate
courts-sc-sc_appeal_86_2011.pdf,SRC027,Partition Law,statute,3,16;18;48,exact_title,candidate
courts-sc-sc_appeal_89_2011.pdf,SRC027,Partition Law,statute,2,19;25,exact_title,candidate
courts-sc-sc_appeal_8_2011.pdf,SRC028,Rent Act,statute,4,,exact_title,candidate
courts-sc-sc_appeal_97_2011.pdf,SRC029,Evidence Ordinance,statute,5,121;138;175,exact_title,candidate
courts-sc-sc_appeal_97_2011.pdf,SRC030,Civil Procedure Code,statute,13,121;138;175,exact_title,candidate
courts-sc-sc_appeal_9_2011.pdf,SRC059,Trusts Ordinance,statute,7,83,exact_title,candidate
courts-sc-sc_chc_appeal_22_2011.pdf,SRC071,Prescription Ordinance,statute,1,7,exact_title,candidate
courts-sc-sc_chc_appeal_29_2011.pdf,SRC071,Prescription Ordinance,statute,1,7,exact_title,candidate
courts-sc-sc_chc_appeal_2_2011.pdf,SRC030,Civil Procedure Code,statute,5,6;761;763,exact_title,candidate
courts-sc-sc_chc_appeal_2_2011.pdf,SRC071,Prescription Ordinance,statute,5,5;6;8;763,exact_title,candidate
courts-sc-sc_fr_35_2011.pdf,SRC049,Buddhist Temporalities Ordinance,statute,1,,exact_title,candidate
courts-sc-sc_rule_3_2011.pdf,SRC014,Notaries Ordinance,statute,5,19;30;31;39;42,exact_title,candidate
courts-sc-sc_appeal_104_2012.pdf,SRC030,Civil Procedure Code,statute,17,178;386;526;532;533;534,exact_title,candidate
courts-sc-sc_appeal_105_2012.pdf,SRC029,Evidence Ordinance,statute,2,58,exact_title,candidate
courts-sc-sc_appeal_117_2012.pdf,SRC001,Prevention of Frauds Ordinance,statute,3,2;83;92,exact_title,candidate
courts-sc-sc_appeal_117_2012.pdf,SRC029,Evidence Ordinance,statute,3,2;83;92,exact_title,candidate
courts-sc-sc_appeal_117_2012.pdf,SRC059,Trusts Ordinance,statute,1,83,exact_title,candidate
courts-sc-sc_appeal_120_2012.pdf,SRC071,Prescription Ordinance,statute,3,7,exact_title,candidate
courts-sc-sc_appeal_124_2012.pdf,SRC027,Partition Law,statute,1,7;48,exact_title,candidate
courts-sc-sc_appeal_125_2012.pdf,SRC030,Civil Procedure Code,statute,2,41;323,exact_title,candidate
courts-sc-sc_appeal_126_2012.pdf,SRC044,Bank of Ceylon Ordinance,statute,1,,exact_title,candidate
courts-sc-sc_appeal_126_2012.pdf,SRC074,State Mortgage and Investment Bank Law,statute,1,15,exact_title,candidate
courts-sc-sc_appeal_126_2012.pdf,SRC080,People's Bank Act,statute,1,,exact_title,candidate
courts-sc-sc_appeal_127_2012.pdf,SRC029,Evidence Ordinance,statute,1,5,exact_title,candidate
courts-sc-sc_appeal_127_2012.pdf,SRC030,Civil Procedure Code,statute,3,5;154,exact_title,candidate
courts-sc-sc_appeal_127_2012.pdf,SRC037,Revocation of Irrevocable Deeds of Gift on the Ground of Gross Ingratitude Act,statute,1,,exact_title,candidate
courts-sc-sc_appeal_128_2012-1.pdf,SRC027,Partition Law,statute,3,26;36;48,exact_title,candidate
courts-sc-sc_appeal_12_2012.pdf,SRC059,Trusts Ordinance,statute,3,83,exact_title,candidate
courts-sc-sc_appeal_134_2012.pdf,SRC027,Partition Law,statute,1,25;26,exact_title,candidate
courts-sc-sc_appeal_134_2012.pdf,SRC029,Evidence Ordinance,statute,8,25;68;114,exact_title,candidate
courts-sc-sc_appeal_138_2012.pdf,SRC071,Prescription Ordinance,statute,1,,exact_title,candidate
courts-sc-sc_appeal_141_2012.pdf,SRC054,Land Settlement Ordinance,statute,1,,exact_title,candidate
courts-sc-sc_appeal_144_2012.pdf,SRC071,Prescription Ordinance,statute,1,3,exact_title,candidate
courts-sc-sc_appeal_145_2012.pdf,SRC029,Evidence Ordinance,statute,1,17;21,exact_title,candidate
courts-sc-sc_appeal_14_2012.pdf,SRC001,Prevention of Frauds Ordinance,statute,1,2,exact_title,candidate
courts-sc-sc_appeal_14_2012.pdf,SRC027,Partition Law,statute,41,2;14;23;26;48;52;52A;325,exact_title,candidate
courts-sc-sc_appeal_14_2012.pdf,SRC028,Rent Act,statute,4,14;48,exact_title,candidate
courts-sc-sc_appeal_14_2012.pdf,SRC030,Civil Procedure Code,statute,3,52;325,exact_title,candidate
courts-sc-sc_appeal_151_2012.pdf,SRC001,Prevention of Frauds Ordinance,statute,2,2;150,exact_title,candidate
courts-sc-sc_appeal_151_2012.pdf,SRC029,Evidence Ordinance,statute,1,2;3,exact_title,candidate
courts-sc-sc_appeal_151_2012.pdf,SRC030,Civil Procedure Code,statute,3,2;3;150;154,exact_title,candidate
courts-sc-sc_appeal_154_2012.pdf,SRC030,Civil Procedure Code,statute,1,187,exact_title,candidate
courts-sc-sc_appeal_156_2012.pdf,SRC030,Civil Procedure Code,statute,2,774,exact_title,candidate
courts-sc-sc_appeal_164_2012.pdf,SRC001,Prevention of Frauds Ordinance,statute,1,2;68,exact_title,candidate
courts-sc-sc_appeal_164_2012.pdf,SRC014,Notaries Ordinance,statute,1,31;68,exact_title,candidate
courts-sc-sc_appeal_164_2012.pdf,SRC029,Evidence Ordinance,statute,11,31;68;69,exact_title,candidate
courts-sc-sc_appeal_17_2012-1.pdf,SRC027,Partition Law,statute,1,25,exact_title,candidate
courts-sc-sc_appeal_17_2012-1.pdf,SRC029,Evidence Ordinance,statute,1,8;101,exact_title,candidate
courts-sc-sc_appeal_17_2012-1.pdf,SRC050,Land Development Ordinance,statute,1,8,exact_title,candidate
courts-sc-sc_appeal_17_2012-1.pdf,SRC054,Land Settlement Ordinance,statute,11,4;8;8o;9;101,exact_title,candidate
courts-sc-sc_appeal_189_2012.pdf,SRC030,Civil Procedure Code,statute,5,5;5C;16;23;72;347;753,exact_title,candidate
courts-sc-sc_appeal_194_2012.pdf,SRC071,Prescription Ordinance,statute,7,3,exact_title,candidate
courts-sc-sc_appeal_195_2012-1.pdf,SRC059,Trusts Ordinance,statute,7,83;98,exact_title,candidate
courts-sc-sc_appeal_197_2012.pdf,SRC071,Prescription Ordinance,statute,2,3,exact_title,candidate
courts-sc-sc_appeal_198_2012.pdf,SRC029,Evidence Ordinance,statute,10,21;32;50,exact_title,candidate
courts-sc-sc_appeal_198_2012.pdf,SRC071,Prescription Ordinance,statute,1,3,exact_title,candidate
courts-sc-sc_appeal_200_2012.pdf,SRC030,Civil Procedure Code,statute,2,84;87,exact_title,candidate
courts-sc-sc_appeal_202_2012.pdf,SRC030,Civil Procedure Code,statute,1,662,exact_title,candidate
courts-sc-sc_appeal_213_2012.pdf,SRC071,Prescription Ordinance,statute,8,3,exact_title,candidate
courts-sc-sc_appeal_218_2012.pdf,SRC028,Rent Act,statute,1,,exact_title,candidate
courts-sc-sc_appeal_221_2012.pdf,SRC029,Evidence Ordinance,statute,5,92;98,exact_title,candidate
courts-sc-sc_appeal_33a_2012.pdf,SRC028,Rent Act,statute,2,,exact_title,candidate
courts-sc-sc_appeal_33a_2012.pdf,SRC030,Civil Procedure Code,statute,3,6;14,exact_title,candidate
courts-sc-sc_appeal_36_2012.pdf,SRC027,Partition Law,statute,19,4;5;16;26;48,exact_title,candidate
courts-sc-sc_appeal_36_2012.pdf,SRC029,Evidence Ordinance,statute,1,44,exact_title,candidate
courts-sc-sc_appeal_40_2012.pdf,SRC027,Partition Law,statute,1,48,exact_title,candidate
courts-sc-sc_appeal_40_2012.pdf,SRC071,Prescription Ordinance,statute,1,3,exact_title,candidate
courts-sc-sc_appeal_47_2012.pdf,SRC050,Land Development Ordinance,statute,17,2;19;48;48A;55;68;84;106;110;113,exact_title,candidate
courts-sc-sc_appeal_48_2012.pdf,SRC029,Evidence Ordinance,statute,5,68;70;83;92;116,exact_title,candidate
courts-sc-sc_appeal_4_2012.pdf,SRC001,Prevention of Frauds Ordinance,statute,5,2,exact_title,candidate
courts-sc-sc_appeal_4_2012.pdf,SRC014,Notaries Ordinance,statute,1,,exact_title,candidate
courts-sc-sc_appeal_55_2012.pdf,SRC050,Land Development Ordinance,statute,2,2;110,exact_title,candidate
courts-sc-sc_appeal_55_2012.pdf,SRC053,Definition of Boundaries Ordinance,statute,1,110,exact_title,candidate
courts-sc-sc_appeal_55_2012.pdf,SRC056,State Lands Ordinance,statute,48,1;2;3;4;5;6;7;8;13;14;15;21;22;24;95;96;105;110;195;196;197;199,exact_title,candidate
courts-sc-sc_appeal_59_2012.pdf,SRC071,Prescription Ordinance,statute,14,2;3,exact_title,candidate
courts-sc-sc_appeal_5_2012.pdf,SRC030,Civil Procedure Code,statute,4,40,exact_title,candidate
courts-sc-sc_appeal_5_2012.pdf,SRC071,Prescription Ordinance,statute,3,3,exact_title,candidate
courts-sc-sc_appeal_66_2012.pdf,SRC050,Land Development Ordinance,statute,1,,exact_title,candidate
courts-sc-sc_appeal_69_2012.pdf,SRC029,Evidence Ordinance,statute,1,101,exact_title,candidate
courts-sc-sc_appeal_69_2012.pdf,SRC030,Civil Procedure Code,statute,1,555;565,exact_title,candidate
courts-sc-sc_appeal_72_2012.pdf,SRC027,Partition Law,statute,4,12;25,exact_title,candidate
courts-sc-sc_appeal_72_2012.pdf,SRC030,Civil Procedure Code,statute,13,758;772,exact_title,candidate
courts-sc-sc_appeal_73_2012-1.pdf,SRC028,Rent Act,statute,3,,exact_title,candidate
courts-sc-sc_appeal_76_2012.pdf,SRC029,Evidence Ordinance,statute,1,90,exact_title,candidate
courts-sc-sc_appeal_76_2012.pdf,SRC071,Prescription Ordinance,statute,6,3,exact_title,candidate
courts-sc-sc_appeal_92_2012-1.pdf,SRC027,Partition Law,statute,2,26;31;33;36;48,exact_title,candidate
courts-sc-sc_appeal_93_2012.pdf,SRC027,Partition Law,statute,1,32,exact_title,candidate
courts-sc-sc_chc_-44_2012.pdf,SRC030,Civil Procedure Code,statute,11,187,exact_title,candidate
courts-sc-sc_chc_-44_2012.pdf,SRC031,Companies Act,statute,5,2;15,exact_title,candidate
courts-sc-sc_chc_appeal_13_2012.pdf,SRC027,Partition Law,statute,1,81;760A,exact_title,candidate
courts-sc-sc_chc_appeal_13_2012.pdf,SRC030,Civil Procedure Code,statute,5,27;81;392;393;398;404;760A,exact_title,candidate
courts-sc-sc_chc_appeal_20_2012.pdf,SRC031,Companies Act,statute,2,203,exact_title,candidate
courts-sc-sc_chc_appeal_3_2012.pdf,SRC012,Apartment Ownership Law,statute,1,,exact_title,candidate
courts-sc-sc_chc_appeal_3_2012.pdf,SRC030,Civil Procedure Code,statute,4,2;4;7;34;47A;218,exact_title,candidate
courts-sc-sc_chc_appeal_3_2012.pdf,SRC064,Mortgage Act,statute,12,2;4;7;34;46;62,exact_title,candidate
courts-sc-sc_chc_appeal_7_2012.pdf,SRC071,Prescription Ordinance,statute,11,7;8,exact_title,candidate
courts-sc-sc_fr_498_2012.pdf,SRC030,Civil Procedure Code,statute,1,29;30;325,exact_title,candidate
courts-sc-sc_fr_498_2012.pdf,SRC044,Bank of Ceylon Ordinance,statute,21,16;17;18;19;20;27;28;29;30;31;325,exact_title,candidate
courts-sc-sc_misc_02_2012-1.pdf,SRC029,Evidence Ordinance,statute,1,15;114,exact_title,candidate
courts-sc-sc_misc_02_2012-1.pdf,SRC030,Civil Procedure Code,statute,1,773,exact_title,candidate
courts-sc-sc_misc_2_2012-1.pdf,SRC029,Evidence Ordinance,statute,1,15;114,exact_title,candidate
courts-sc-sc_misc_2_2012-1.pdf,SRC030,Civil Procedure Code,statute,1,773,exact_title,candidate
courts-sc-sc_tab_2_2012.pdf,SRC029,Evidence Ordinance,statute,5,30;114;133,exact_title,candidate
courts-sc-sc_appeal_100_2013.pdf,SRC030,Civil Procedure Code,statute,1,6;33;53;218,exact_title,candidate
courts-sc-sc_appeal_101_2013-1.pdf,SRC071,Prescription Ordinance,statute,5,3,exact_title,candidate
courts-sc-sc_appeal_103_2013.pdf,SRC030,Civil Procedure Code,statute,3,86;150,exact_title,candidate
courts-sc-sc_appeal_105_2013.pdf,SRC030,Civil Procedure Code,statute,4,14;17;18;22;36,exact_title,candidate
courts-sc-sc_appeal_106_2013.pdf,SRC030,Civil Procedure Code,statute,1,149,exact_title,candidate
courts-sc-sc_appeal_10_2013.pdf,SRC071,Prescription Ordinance,statute,1,3,exact_title,candidate
courts-sc-sc_appeal_111_2013.pdf,SRC005,Registration of Documents Ordinance,statute,1,7,exact_title,candidate
courts-sc-sc_appeal_111_2013.pdf,SRC033,Land Reform Law,statute,4,2;14;21,exact_title,candidate
courts-sc-sc_appeal_111_2013.pdf,SRC051,Land Acquisition Act,statute,1,7;14;21,exact_title,candidate
courts-sc-sc_appeal_115_2013.pdf,SRC027,Partition Law,statute,2,25;187,exact_title,candidate
courts-sc-sc_appeal_115_2013.pdf,SRC030,Civil Procedure Code,statute,1,25;187,exact_title,candidate
courts-sc-sc_appeal_116_2013.pdf,SRC030,Civil Procedure Code,statute,1,323,exact_title,candidate
courts-sc-sc_appeal_11_2013.pdf,SRC027,Partition Law,statute,1,25,exact_title,candidate
courts-sc-sc_appeal_11_2013.pdf,SRC030,Civil Procedure Code,statute,1,150,exact_title,candidate
courts-sc-sc_appeal_120_2013.pdf,SRC029,Evidence Ordinance,statute,7,58;116,exact_title,candidate
courts-sc-sc_appeal_120_2013.pdf,SRC030,Civil Procedure Code,statute,2,733;773,exact_title,candidate
courts-sc-sc_appeal_122_2013.pdf,SRC001,Prevention of Frauds Ordinance,statute,3,2,exact_title,candidate
courts-sc-sc_appeal_122_2013.pdf,SRC014,Notaries Ordinance,statute,3,31;33,exact_title,candidate
courts-sc-sc_appeal_123_2013.pdf,SRC027,Partition Law,statute,1,18,exact_title,candidate
courts-sc-sc_appeal_127_2013.pdf,SRC027,Partition Law,statute,2,16;18;48,exact_title,candidate
courts-sc-sc_appeal_133_2013.pdf,SRC030,Civil Procedure Code,statute,1,428,exact_title,candidate
courts-sc-sc_appeal_133_2013.pdf,SRC050,Land Development Ordinance,statute,11,2;19,exact_title,candidate
courts-sc-sc_appeal_134_2013.pdf,SRC005,Registration of Documents Ordinance,statute,2,17;36;66,exact_title,candidate
courts-sc-sc_appeal_134_2013.pdf,SRC027,Partition Law,statute,10,17;36;66,exact_title,candidate
courts-sc-sc_appeal_139_2013.pdf,SRC033,Land Reform Law,statute,8,5;6;18;19;20,exact_title,candidate
courts-sc-sc_appeal_151_2013.pdf,SRC030,Civil Procedure Code,statute,2,11;325,exact_title,candidate
courts-sc-sc_appeal_153_2013.pdf,SRC030,Civil Procedure Code,statute,16,41,exact_title,candidate
courts-sc-sc_appeal_158_2013.pdf,SRC001,Prevention of Frauds Ordinance,statute,2,2;68,exact_title,candidate
courts-sc-sc_appeal_158_2013.pdf,SRC014,Notaries Ordinance,statute,1,30;91;92,exact_title,candidate
courts-sc-sc_appeal_158_2013.pdf,SRC029,Evidence Ordinance,statute,18,2;7;30;68;69;90;91;92;101;102,exact_title,candidate
courts-sc-sc_appeal_160_2013.pdf,SRC001,Prevention of Frauds Ordinance,statute,2,2;92,exact_title,candidate
courts-sc-sc_appeal_160_2013.pdf,SRC029,Evidence Ordinance,statute,1,92,exact_title,candidate
courts-sc-sc_appeal_160_2013.pdf,SRC059,Trusts Ordinance,statute,1,83,exact_title,candidate
courts-sc-sc_appeal_162_2013.pdf,SRC033,Land Reform Law,statute,6,3;12;18,exact_title,candidate
courts-sc-sc_appeal_166_2013.pdf,SRC001,Prevention of Frauds Ordinance,statute,1,2,exact_title,candidate
courts-sc-sc_appeal_166_2013.pdf,SRC029,Evidence Ordinance,statute,1,3,exact_title,candidate
courts-sc-sc_appeal_166_2013.pdf,SRC030,Civil Procedure Code,statute,9,839,exact_title,candidate
courts-sc-sc_appeal_166_2013.pdf,SRC050,Land Development Ordinance,statute,3,,exact_title,candidate
courts-sc-sc_appeal_167_2013.pdf,SRC028,Rent Act,statute,4,,exact_title,candidate
courts-sc-sc_appeal_167_2013.pdf,SRC029,Evidence Ordinance,statute,1,120;175,exact_title,candidate
courts-sc-sc_appeal_169_2013.pdf,SRC027,Partition Law,statute,2,25;187,exact_title,candidate
courts-sc-sc_appeal_169_2013.pdf,SRC030,Civil Procedure Code,statute,3,25;187,exact_title,candidate
courts-sc-sc_appeal_172_2013.pdf,SRC071,Prescription Ordinance,statute,22,5;6;7;8;9;10;11;12,exact_title,candidate
courts-sc-sc_appeal_178_2013.pdf,SRC027,Partition Law,statute,4,2;25,exact_title,candidate
courts-sc-sc_appeal_19_2014_with_sc-_-appeal_72_2013-1.pdf,SRC023,Tea and Rubber Estates (Control of Fragmentation) Act,statute,1,64,exact_title,candidate
courts-sc-sc_appeal_19_2014_with_sc-_-appeal_72_2013-1.pdf,SRC027,Partition Law,statute,3,6;7;8;9;114,exact_title,candidate
courts-sc-sc_appeal_19_2014_with_sc-_-appeal_72_2013-1.pdf,SRC029,Evidence Ordinance,statute,1,6;7;8;9;114,exact_title,candidate
courts-sc-sc_appeal_19_2014_with_sc-_-appeal_72_2013-1.pdf,SRC033,Land Reform Law,statute,17,19;20;64,exact_title,candidate
courts-sc-sc_appeal_19_2014_with_sc-_-appeal_72_2013-1.pdf,SRC054,Land Settlement Ordinance,statute,2,,exact_title,candidate
courts-sc-sc_appeal_27_2013.pdf,SRC005,Registration of Documents Ordinance,statute,2,36;66;67,exact_title,candidate
courts-sc-sc_appeal_27_2013.pdf,SRC027,Partition Law,statute,2,36;66;67,exact_title,candidate
courts-sc-sc_appeal_28_2013.pdf,SRC030,Civil Procedure Code,statute,4,392;395;398,exact_title,candidate
courts-sc-sc_appeal_30_2013.pdf,SRC071,Prescription Ordinance,statute,16,2;3;13,exact_title,candidate
courts-sc-sc_appeal_33_2013-1.pdf,SRC029,Evidence Ordinance,statute,3,3;110,exact_title,candidate
courts-sc-sc_appeal_33_2013-1.pdf,SRC071,Prescription Ordinance,statute,4,3;03;110,exact_title,candidate
courts-sc-sc_appeal_40_2013.pdf,SRC028,Rent Act,statute,2,9;10;17;36,exact_title,candidate
courts-sc-sc_appeal_41_2013.pdf,SRC029,Evidence Ordinance,statute,2,83;91;92,exact_title,candidate
courts-sc-sc_appeal_41_2013.pdf,SRC059,Trusts Ordinance,statute,1,83;91;92,exact_title,candidate
courts-sc-sc_appeal_48_2013.pdf,SRC030,Civil Procedure Code,statute,10,392;395;398;404,exact_title,candidate
courts-sc-sc_appeal_48_2013.pdf,SRC050,Land Development Ordinance,statute,16,1;19A;48A;49;62;68;84;170;404,exact_title,candidate
courts-sc-sc_appeal_49_2013.pdf,SRC017,Powers of Attorney Ordinance,statute,2,2;67;72,exact_title,candidate
courts-sc-sc_appeal_49_2013.pdf,SRC029,Evidence Ordinance,statute,8,2;58;67;68;72,exact_title,candidate
courts-sc-sc_appeal_49_2013.pdf,SRC030,Civil Procedure Code,statute,5,31;154,exact_title,candidate
courts-sc-sc_appeal_50a_2013.pdf,SRC031,Companies Act,statute,23,30;35;270;305;358;365;366,exact_title,candidate
courts-sc-sc_appeal_57_2013.pdf,SRC049,Buddhist Temporalities Ordinance,statute,1,2,exact_title,candidate
courts-sc-sc_appeal_57_2013.pdf,SRC050,Land Development Ordinance,statute,1,,exact_title,candidate
courts-sc-sc_appeal_57_2013.pdf,SRC072,Nindagama Lands Act,statute,2,2;29;31,exact_title,candidate
courts-sc-sc_appeal_5_2013.pdf,SRC029,Evidence Ordinance,statute,2,116,exact_title,candidate
courts-sc-sc_appeal_5_2013.pdf,SRC071,Prescription Ordinance,statute,3,3,exact_title,candidate
courts-sc-sc_appeal_61_2013-1.pdf,SRC027,Partition Law,statute,4,13;15;16;17;18,exact_title,candidate
courts-sc-sc_appeal_61_2013-1.pdf,SRC071,Prescription Ordinance,statute,1,3,exact_title,candidate
courts-sc-sc_appeal_66_2013.pdf,SRC001,Prevention of Frauds Ordinance,statute,3,2;52,exact_title,candidate
courts-sc-sc_appeal_66_2013.pdf,SRC042,Urban Councils Ordinance,statute,10,2;50;52,exact_title,candidate
courts-sc-sc_appeal_68_2013.pdf,SRC004,Matrimonial Rights and Inheritance Ordinance,statute,1,35,exact_title,candidate
courts-sc-sc_appeal_69_2013.pdf,SRC024,Wills Ordinance,statute,2,2;3,exact_title,candidate
courts-sc-sc_appeal_69_2013.pdf,SRC029,Evidence Ordinance,statute,12,2;3;18;68;90;116;154,exact_title,candidate
courts-sc-sc_appeal_69_2013.pdf,SRC030,Civil Procedure Code,statute,11,2;3;18;68;90;154;323;398,exact_title,candidate
courts-sc-sc_appeal_70_2013.pdf,SRC029,Evidence Ordinance,statute,2,58;150,exact_title,candidate
courts-sc-sc_appeal_70_2013.pdf,SRC030,Civil Procedure Code,statute,2,58;72;150,exact_title,candidate
courts-sc-sc_appeal_70_2013.pdf,SRC050,Land Development Ordinance,statute,9,2;19;42;58;72;73,exact_title,candidate
courts-sc-sc_appeal_73_2013.pdf,SRC029,Evidence Ordinance,statute,1,115,exact_title,candidate
courts-sc-sc_appeal_75_2013.pdf,SRC071,Prescription Ordinance,statute,1,3,exact_title,candidate
courts-sc-sc_appeal_77_2013.pdf,SRC027,Partition Law,statute,7,10;19;25;149,exact_title,candidate
courts-sc-sc_appeal_77_2013.pdf,SRC029,Evidence Ordinance,statute,5,32;50,exact_title,candidate
courts-sc-sc_appeal_77_2013.pdf,SRC030,Civil Procedure Code,statute,6,5;25;149,exact_title,candidate
courts-sc-sc_appeal_78_2013.pdf,SRC071,Prescription Ordinance,statute,1,3,exact_title,candidate
courts-sc-sc_appeal_83_2013.pdf,SRC071,Prescription Ordinance,statute,11,4,exact_title,candidate
courts-sc-sc_appeal_8_2013.pdf,SRC030,Civil Procedure Code,statute,1,86,exact_title,candidate
courts-sc-sc_appeal_8_2013.pdf,SRC059,Trusts Ordinance,statute,8,102;112,exact_title,candidate
courts-sc-sc_appeal_91_2013.pdf,SRC014,Notaries Ordinance,statute,1,,exact_title,candidate
courts-sc-sc_appeal_91_2013.pdf,SRC071,Prescription Ordinance,statute,4,5;6,exact_title,candidate
courts-sc-sc_appeal_94_2013-1.pdf,SRC071,Prescription Ordinance,statute,10,4;6,exact_title,candidate
courts-sc-sc_appeal_96_2013.pdf,SRC030,Civil Procedure Code,statute,1,29N;29P,exact_title,candidate
courts-sc-sc_appeal_96_2013.pdf,SRC074,State Mortgage and Investment Bank Law,statute,2,,exact_title,candidate
courts-sc-sc_appeal_96_2013.pdf,SRC080,People's Bank Act,statute,10,29;29A;29B;29C;29D;29E;29F;29G;29H;29J;29K;29L;29M;29N;29P;29Q;29R;29S,exact_title,candidate
courts-sc-sc_chc_appeal_19_2013-1.pdf,SRC029,Evidence Ordinance,statute,5,21;92;114,exact_title,candidate
courts-sc-sc_chc_appeal_22_2013.pdf,SRC029,Evidence Ordinance,statute,1,,exact_title,candidate
courts-sc-sc_chc_appeal_22_2013.pdf,SRC030,Civil Procedure Code,statute,1,150,exact_title,candidate
courts-sc-sc_chc_appeal_22_2013.pdf,SRC071,Prescription Ordinance,statute,3,2;7;8,exact_title,candidate
courts-sc-sc_chc_appeal_23_2013.pdf,SRC029,Evidence Ordinance,statute,1,3,exact_title,candidate
courts-sc-sc_chc_appeal_23_2013.pdf,SRC031,Companies Act,statute,1,2,exact_title,candidate
courts-sc-sc_chc_appeal_23_2013.pdf,SRC071,Prescription Ordinance,statute,9,2;6;7;8,exact_title,candidate
courts-sc-sc_chc_appeal_30_2013.pdf,SRC071,Prescription Ordinance,statute,3,6;12,exact_title,candidate
courts-sc-sc_chc_appeal_48_2013.pdf,SRC071,Prescription Ordinance,statute,19,5;6;7;8;10;12,exact_title,candidate
courts-sc-sc_chc_appeal_56_2013-1.pdf,SRC001,Prevention of Frauds Ordinance,statute,1,2,exact_title,candidate
courts-sc-sc_chc_appeal_56_2013-1.pdf,SRC029,Evidence Ordinance,statute,1,2;3,exact_title,candidate
courts-sc-sc_chc_appeal_56_2013-1.pdf,SRC030,Civil Procedure Code,statute,2,2;3;9,exact_title,candidate
courts-sc-sc_chc_appeal_5_2013.pdf,SRC030,Civil Procedure Code,statute,5,17;18;22;40;46,exact_title,candidate
courts-sc-sc_chc_appeal_64_2013.pdf,SRC030,Civil Procedure Code,statute,3,5;192,exact_title,candidate
courts-sc-sc_chc_appeal_69_2013-1.pdf,SRC024,Wills Ordinance,statute,1,154A,exact_title,candidate
courts-sc-sc_chc_appeal_69_2013-1.pdf,SRC029,Evidence Ordinance,statute,6,2;68;154;154A,exact_title,candidate
courts-sc-sc_chc_appeal_69_2013-1.pdf,SRC030,Civil Procedure Code,statute,7,5;6;68;154;154A,exact_title,candidate
courts-sc-sc_chc_appeal_72_2013.pdf,SRC030,Civil Procedure Code,statute,15,3;5;192,exact_title,candidate
courts-sc-sc_fr_158_2013.pdf,SRC033,Land Reform Law,statute,23,2;3;13;18;22;24;44;66,exact_title,candidate
courts-sc-sc_fr_158_2013.pdf,SRC049,Buddhist Temporalities Ordinance,statute,1,,exact_title,candidate
courts-sc-sc_fr_158_2013.pdf,SRC050,Land Development Ordinance,statute,1,66,exact_title,candidate
courts-sc-sc_fr_158_2013.pdf,SRC056,State Lands Ordinance,statute,1,66,exact_title,candidate
courts-sc-sc_fr_158_2013.pdf,SRC059,Trusts Ordinance,statute,1,,exact_title,candidate
courts-sc-sc_fr_236_2013.pdf,SRC051,Land Acquisition Act,statute,1,2,exact_title,candidate
courts-sc-sc_fr_237_2013.pdf,SRC051,Land Acquisition Act,statute,1,2,exact_title,candidate
courts-sc-sc_fr_238_2013.pdf,SRC051,Land Acquisition Act,statute,1,2,exact_title,candidate
courts-sc-sc_hc_cala_306_2013.pdf,SRC030,Civil Procedure Code,statute,2,760A,exact_title,candidate
courts-sc-sc_hcla_42_2013.pdf,SRC030,Civil Procedure Code,statute,5,40;46;754,exact_title,candidate
courts-sc-ac_appeal_217_2014-1.pdf,SRC029,Evidence Ordinance,statute,1,6;7,exact_title,candidate
courts-sc-sc_appeal_08_2014-1.pdf,SRC029,Evidence Ordinance,statute,4,101;102,exact_title,candidate
courts-sc-sc_appeal_104_2014.pdf,SRC001,Prevention of Frauds Ordinance,statute,5,2;52A;68,exact_title,candidate
courts-sc-sc_appeal_104_2014.pdf,SRC027,Partition Law,statute,18,48;52;52A;68,exact_title,candidate
courts-sc-sc_appeal_104_2014.pdf,SRC029,Evidence Ordinance,statute,5,2;48;52A;68;71,exact_title,candidate
courts-sc-sc_appeal_104_2014.pdf,SRC030,Civil Procedure Code,statute,4,52A;325;328,exact_title,candidate
courts-sc-sc_appeal_108_2014.pdf,SRC027,Partition Law,statute,5,25;26,exact_title,candidate
courts-sc-sc_appeal_110_2014-1.pdf,SRC027,Partition Law,statute,5,46;53;289;337o,exact_title,candidate
courts-sc-sc_appeal_110_2014-1.pdf,SRC030,Civil Procedure Code,statute,6,8;9;46;53;289;337o,exact_title,candidate
courts-sc-sc_appeal_111_2014.pdf,SRC030,Civil Procedure Code,statute,3,9;18;189,exact_title,candidate
courts-sc-sc_appeal_111_2014.pdf,SRC061,Municipal Councils Ordinance,statute,1,146,exact_title,candidate
courts-sc-sc_appeal_113_2014.pdf,SRC030,Civil Procedure Code,statute,1,32;337,exact_title,candidate
courts-sc-sc_appeal_116_2014.pdf,SRC029,Evidence Ordinance,statute,1,114,exact_title,candidate
courts-sc-sc_appeal_116_2014.pdf,SRC030,Civil Procedure Code,statute,1,,exact_title,candidate
courts-sc-sc_appeal_116_2014.pdf,SRC033,Land Reform Law,statute,3,6;19,exact_title,candidate
courts-sc-sc_appeal_118_2014.pdf,SRC030,Civil Procedure Code,statute,1,114,exact_title,candidate
courts-sc-sc_appeal_119_2014.pdf,SRC049,Buddhist Temporalities Ordinance,statute,14,2;23;25,exact_title,candidate
courts-sc-sc_appeal_11_2014.pdf,SRC030,Civil Procedure Code,statute,1,432,exact_title,candidate
courts-sc-sc_appeal_120_2014.pdf,SRC071,Prescription Ordinance,statute,1,10,exact_title,candidate
courts-sc-sc_appeal_124_2014.pdf,SRC030,Civil Procedure Code,statute,3,150,exact_title,candidate
courts-sc-sc_appeal_127_2014.pdf,SRC080,People's Bank Act,statute,1,29P,exact_title,candidate
courts-sc-sc_appeal_129_2014.pdf,SRC030,Civil Procedure Code,statute,2,41,exact_title,candidate
courts-sc-sc_appeal_129_2014.pdf,SRC071,Prescription Ordinance,statute,1,,exact_title,candidate
courts-sc-sc_appeal_132_2014.pdf,SRC027,Partition Law,statute,4,16;18;48,exact_title,candidate
courts-sc-sc_appeal_134_2014.pdf,SRC001,Prevention of Frauds Ordinance,statute,1,2,exact_title,candidate
courts-sc-sc_appeal_134_2014.pdf,SRC029,Evidence Ordinance,statute,1,2,exact_title,candidate
courts-sc-sc_appeal_13_2014.pdf,SRC029,Evidence Ordinance,statute,3,68;78;154,exact_title,candidate
courts-sc-sc_appeal_13_2014.pdf,SRC030,Civil Procedure Code,statute,6,78;154;187,exact_title,candidate
courts-sc-sc_appeal_147_2014.pdf,SRC029,Evidence Ordinance,statute,1,58;75;146;150,exact_title,candidate
courts-sc-sc_appeal_147_2014.pdf,SRC030,Civil Procedure Code,statute,25,58;75;134;146;150;165;166;839,exact_title,candidate
courts-sc-sc_appeal_149_2014.pdf,SRC004,Matrimonial Rights and Inheritance Ordinance,statute,1,33,exact_title,candidate
courts-sc-sc_appeal_149_2014.pdf,SRC059,Trusts Ordinance,statute,3,83;84,exact_title,candidate
courts-sc-sc_appeal_160_2014.pdf,SRC001,Prevention of Frauds Ordinance,statute,1,92,exact_title,candidate
courts-sc-sc_appeal_160_2014.pdf,SRC029,Evidence Ordinance,statute,1,92,exact_title,candidate
courts-sc-sc_appeal_160_2014.pdf,SRC030,Civil Procedure Code,statute,1,5,exact_title,candidate
courts-sc-sc_appeal_168_2014.pdf,SRC059,Trusts Ordinance,statute,3,83,exact_title,candidate
courts-sc-sc_appeal_172_2014_am1.pdf,SRC001,Prevention of Frauds Ordinance,statute,1,4,exact_title,candidate
courts-sc-sc_appeal_172_2014_am1.pdf,SRC027,Partition Law,statute,2,68,exact_title,candidate
courts-sc-sc_appeal_172_2014_am1.pdf,SRC029,Evidence Ordinance,statute,1,101,exact_title,candidate
courts-sc-sc_appeal_172_2014_am1.pdf,SRC030,Civil Procedure Code,statute,2,149,exact_title,candidate
courts-sc-sc_appeal_176_2014.pdf,SRC029,Evidence Ordinance,statute,1,116,exact_title,candidate
courts-sc-sc_appeal_176_2014.pdf,SRC033,Land Reform Law,statute,2,19,exact_title,candidate
courts-sc-sc_appeal_176_2014.pdf,SRC050,Land Development Ordinance,statute,1,,exact_title,candidate
courts-sc-sc_appeal_181_2014.pdf,SRC029,Evidence Ordinance,statute,1,28;92,exact_title,candidate
courts-sc-sc_appeal_182_2014.pdf,SRC029,Evidence Ordinance,statute,1,114,exact_title,candidate
courts-sc-sc_appeal_182_2014.pdf,SRC030,Civil Procedure Code,statute,3,13;466,exact_title,candidate
courts-sc-sc_appeal_184_2014.pdf,SRC030,Civil Procedure Code,statute,1,,exact_title,candidate
courts-sc-sc_appeal_185_2014-1.pdf,SRC030,Civil Procedure Code,statute,11,547,exact_title,candidate
courts-sc-sc_appeal_188_2014.pdf,SRC029,Evidence Ordinance,statute,7,114,exact_title,candidate
courts-sc-sc_appeal_188_2014.pdf,SRC050,Land Development Ordinance,statute,2,114,exact_title,candidate
courts-sc-sc_appeal_188_2014.pdf,SRC071,Prescription Ordinance,statute,3,3,exact_title,candidate
courts-sc-sc_appeal_198_2014.pdf,SRC030,Civil Procedure Code,statute,37,11;14;18;19;34;473,exact_title,candidate
courts-sc-sc_appeal_205_2014.pdf,SRC028,Rent Act,statute,5,150,exact_title,candidate
courts-sc-sc_appeal_205_2014.pdf,SRC029,Evidence Ordinance,statute,1,144,exact_title,candidate
courts-sc-sc_appeal_205_2014.pdf,SRC030,Civil Procedure Code,statute,3,150,exact_title,candidate
courts-sc-sc_appeal_209_2014.pdf,SRC001,Prevention of Frauds Ordinance,statute,1,2;92,exact_title,candidate
courts-sc-sc_appeal_209_2014.pdf,SRC059,Trusts Ordinance,statute,5,83,exact_title,candidate
courts-sc-sc_appeal_211_2014.pdf,SRC027,Partition Law,statute,21,14;52,exact_title,candidate
courts-sc-sc_appeal_211_2014.pdf,SRC028,Rent Act,statute,8,14;52,exact_title,candidate
courts-sc-sc_appeal_211_2014.pdf,SRC030,Civil Procedure Code,statute,1,52,exact_title,candidate
courts-sc-sc_appeal_219_2014.pdf,SRC030,Civil Procedure Code,statute,16,217;230;325;326;328;329;330;337;354;377,exact_title,candidate
courts-sc-sc_appeal_225_2014.pdf,SRC029,Evidence Ordinance,statute,3,116,exact_title,candidate
courts-sc-sc_appeal_225_2014.pdf,SRC030,Civil Procedure Code,statute,1,44,exact_title,candidate
courts-sc-sc_appeal_225_2014.pdf,SRC071,Prescription Ordinance,statute,9,3;5;6;7;8;9;10;11,exact_title,candidate
courts-sc-sc_appeal_231_2014.pdf,SRC014,Notaries Ordinance,statute,4,31;68,exact_title,candidate
courts-sc-sc_appeal_231_2014.pdf,SRC029,Evidence Ordinance,statute,8,31;68;69;101,exact_title,candidate
courts-sc-sc_appeal_235_2014.pdf,SRC030,Civil Procedure Code,statute,1,773,exact_title,candidate
courts-sc-sc_appeal_23_2014.pdf,SRC005,Registration of Documents Ordinance,statute,3,7,exact_title,candidate
courts-sc-sc_appeal_240_2014.pdf,SRC030,Civil Procedure Code,statute,3,41;46,exact_title,candidate
courts-sc-sc_appeal_240_2014.pdf,SRC054,Land Settlement Ordinance,statute,1,,exact_title,candidate
courts-sc-sc_appeal_243_2014.pdf,SRC030,Civil Procedure Code,statute,1,4c;754,exact_title,candidate
courts-sc-sc_appeal_244_2014.pdf,SRC001,Prevention of Frauds Ordinance,statute,1,2;42,exact_title,candidate
courts-sc-sc_appeal_244_2014.pdf,SRC005,Registration of Documents Ordinance,statute,1,2;42,exact_title,candidate
courts-sc-sc_appeal_244_2014.pdf,SRC028,Rent Act,statute,1,,exact_title,candidate
courts-sc-sc_appeal_244_2014.pdf,SRC030,Civil Procedure Code,statute,1,18,exact_title,candidate
courts-sc-sc_appeal_244_2014.pdf,SRC059,Trusts Ordinance,statute,9,93;98,exact_title,candidate
courts-sc-sc_appeal_253_2014.pdf,SRC029,Evidence Ordinance,statute,4,3;101;116,exact_title,candidate
courts-sc-sc_appeal_253_2014.pdf,SRC071,Prescription Ordinance,statute,1,3,exact_title,candidate
courts-sc-sc_appeal_28_2014.pdf,SRC071,Prescription Ordinance,statute,1,3,exact_title,candidate
courts-sc-sc_appeal_29_2014.pdf,SRC030,Civil Procedure Code,statute,20,330;353;755;756;758;759;770,exact_title,candidate
courts-sc-sc_appeal_36_2014.pdf,SRC027,Partition Law,statute,3,68;70;90;154,exact_title,candidate
courts-sc-sc_appeal_36_2014.pdf,SRC029,Evidence Ordinance,statute,20,64;65;68;69;70;90;154,exact_title,candidate
courts-sc-sc_appeal_36_2014.pdf,SRC030,Civil Procedure Code,statute,13,68;90;154,exact_title,candidate
courts-sc-sc_appeal_37_2014.pdf,SRC027,Partition Law,statute,2,48,exact_title,candidate
courts-sc-sc_appeal_37_2014.pdf,SRC071,Prescription Ordinance,statute,2,3,exact_title,candidate
courts-sc-sc_appeal_38_2014-1.pdf,SRC001,Prevention of Frauds Ordinance,statute,11,4;06;6;63;540,exact_title,candidate
courts-sc-sc_appeal_38_2014-1.pdf,SRC029,Evidence Ordinance,statute,4,4;63;101;103,exact_title,candidate
courts-sc-sc_appeal_38_2014-1.pdf,SRC030,Civil Procedure Code,statute,9,72;146;150;540;773,exact_title,candidate
courts-sc-sc_appeal_39_2014.pdf,SRC027,Partition Law,statute,3,,exact_title,candidate
courts-sc-sc_appeal_39_2014.pdf,SRC029,Evidence Ordinance,statute,1,101;593,exact_title,candidate
courts-sc-sc_appeal_39_2014.pdf,SRC033,Land Reform Law,statute,2,19,exact_title,candidate
courts-sc-sc_appeal_39_2014.pdf,SRC050,Land Development Ordinance,statute,1,,exact_title,candidate
courts-sc-sc_appeal_40_2014.pdf,SRC027,Partition Law,statute,3,,exact_title,candidate
courts-sc-sc_appeal_40_2014.pdf,SRC029,Evidence Ordinance,statute,1,101;593,exact_title,candidate
courts-sc-sc_appeal_40_2014.pdf,SRC033,Land Reform Law,statute,2,19,exact_title,candidate
courts-sc-sc_appeal_40_2014.pdf,SRC050,Land Development Ordinance,statute,1,,exact_title,candidate
courts-sc-sc_appeal_46_2014.pdf,SRC030,Civil Procedure Code,statute,12,35,exact_title,candidate
courts-sc-sc_appeal_48_2014.pdf,SRC001,Prevention of Frauds Ordinance,statute,1,2,exact_title,candidate
courts-sc-sc_appeal_48_2014.pdf,SRC030,Civil Procedure Code,statute,1,146,exact_title,candidate
courts-sc-sc_appeal_48_2014.pdf,SRC071,Prescription Ordinance,statute,1,,exact_title,candidate
courts-sc-sc_appeal_49_2014.pdf,SRC030,Civil Procedure Code,statute,4,23;27;187;196;753;760;765;777,exact_title,candidate
courts-sc-sc_appeal_59_2014.pdf,SRC027,Partition Law,statute,6,18;19;48,exact_title,candidate
courts-sc-sc_appeal_60_2014.pdf,SRC029,Evidence Ordinance,statute,4,103,exact_title,candidate
courts-sc-sc_appeal_60_2014.pdf,SRC050,Land Development Ordinance,statute,3,109;161,exact_title,candidate
courts-sc-sc_appeal_60_2014.pdf,SRC054,Land Settlement Ordinance,statute,1,103;161,exact_title,candidate
courts-sc-sc_appeal_60_2014.pdf,SRC056,State Lands Ordinance,statute,4,8;103;110,exact_title,candidate
courts-sc-sc_appeal_68_2014.pdf,SRC024,Wills Ordinance,statute,1,2;5;8;40,exact_title,candidate
courts-sc-sc_appeal_68_2014.pdf,SRC029,Evidence Ordinance,statute,6,19;101;102;106;114,exact_title,candidate
courts-sc-sc_appeal_68_2014.pdf,SRC030,Civil Procedure Code,statute,4,241;244;245;247,exact_title,candidate
courts-sc-sc_appeal_68_2014.pdf,SRC045,Matrimonial Rights and Inheritance (Jaffna) Ordinance,statute,2,2;5;39;40,exact_title,candidate
courts-sc-sc_appeal_75_2014.pdf,SRC071,Prescription Ordinance,statute,1,3,exact_title,candidate
courts-sc-sc_appeal_77_2014.pdf,SRC071,Prescription Ordinance,statute,1,3,exact_title,candidate
courts-sc-sc_appeal_80_2014.pdf,SRC027,Partition Law,statute,11,4;7;14;25;46;52;77;79;150;337;356,exact_title,candidate
courts-sc-sc_appeal_80_2014.pdf,SRC030,Civil Procedure Code,statute,2,4;7;14;46;77;150,exact_title,candidate
courts-sc-sc_appeal_82_2014.pdf,SRC028,Rent Act,statute,12,2;22,exact_title,candidate
courts-sc-sc_appeal_82_2014.pdf,SRC029,Evidence Ordinance,statute,1,2,exact_title,candidate
courts-sc-sc_appeal_92_2014.pdf,SRC029,Evidence Ordinance,statute,3,116,exact_title,candidate
courts-sc-sc_appeal_97_2014.pdf,SRC071,Prescription Ordinance,statute,6,4;66,exact_title,candidate
courts-sc-sc_appeal_98_2014.pdf,SRC027,Partition Law,statute,2,25,exact_title,candidate
courts-sc-sc_appeal_98_2014.pdf,SRC029,Evidence Ordinance,statute,1,32,exact_title,candidate
courts-sc-sc_chc_appeal_11_2014.pdf,SRC031,Companies Act,statute,5,113;141;147,exact_title,candidate
courts-sc-sc_chc_appeal_17_2014.pdf,SRC029,Evidence Ordinance,statute,9,5;6;90A;90C,exact_title,candidate
courts-sc-sc_chc_appeal_17_2014.pdf,SRC030,Civil Procedure Code,statute,1,5;754;755,exact_title,candidate
courts-sc-sc_chc_appeal_1_2014.pdf,SRC071,Prescription Ordinance,statute,5,6;7;8,exact_title,candidate
courts-sc-sc_chc_appeal_22_2014.pdf,SRC030,Civil Procedure Code,statute,29,33;34;207,exact_title,candidate
courts-sc-sc_chc_appeal_45_2014.pdf,SRC030,Civil Procedure Code,statute,4,40,exact_title,candidate
courts-sc-sc_hc_cala_127_128_2014.pdf,SRC027,Partition Law,statute,1,81,exact_title,candidate
courts-sc-sc_hc_cala_449_2014.pdf,SRC030,Civil Procedure Code,statute,12,759;770,exact_title,candidate
courts-sc-sc_appeal_104_2015.pdf,SRC001,Prevention of Frauds Ordinance,statute,1,2,exact_title,candidate
courts-sc-sc_appeal_105_2015.pdf,SRC071,Prescription Ordinance,statute,1,3,exact_title,candidate
courts-sc-sc_appeal_107_2015.pdf,SRC030,Civil Procedure Code,statute,1,289,exact_title,candidate
courts-sc-sc_appeal_107_2015.pdf,SRC033,Land Reform Law,statute,10,,exact_title,candidate
courts-sc-sc_appeal_107_2015.pdf,SRC064,Mortgage Act,statute,3,2;61,exact_title,candidate
courts-sc-sc_appeal_115_2015.pdf,SRC027,Partition Law,statute,4,2;25;76,exact_title,candidate
courts-sc-sc_appeal_119_2015.pdf,SRC030,Civil Procedure Code,statute,1,41,exact_title,candidate
courts-sc-sc_appeal_123_2015.pdf,SRC027,Partition Law,statute,2,,exact_title,candidate
courts-sc-sc_appeal_124_2015.pdf,SRC027,Partition Law,statute,7,27;31;32,exact_title,candidate
courts-sc-sc_appeal_125_2015.pdf,SRC034,Stamp Duty Act,statute,1,3;4;5,exact_title,candidate
courts-sc-sc_appeal_126_2015.pdf,SRC029,Evidence Ordinance,statute,6,5;92,exact_title,candidate
courts-sc-sc_appeal_126_2015.pdf,SRC059,Trusts Ordinance,statute,2,5;83;92,exact_title,candidate
courts-sc-sc_appeal_126_2015.pdf,SRC071,Prescription Ordinance,statute,9,3;5;6;10,exact_title,candidate
courts-sc-sc_appeal_135_2015.pdf,SRC051,Land Acquisition Act,statute,2,9;10;33,exact_title,candidate
courts-sc-sc_appeal_144_2015.pdf,SRC027,Partition Law,statute,1,25,exact_title,candidate
courts-sc-sc_appeal_144_2015.pdf,SRC030,Civil Procedure Code,statute,2,772;839,exact_title,candidate
courts-sc-sc_appeal_144_2015.pdf,SRC071,Prescription Ordinance,statute,4,3,exact_title,candidate
courts-sc-sc_appeal_150_2015.pdf,SRC027,Partition Law,statute,2,15;18,exact_title,candidate
courts-sc-sc_appeal_151_2015.pdf,SRC071,Prescription Ordinance,statute,1,3,exact_title,candidate
courts-sc-sc_appeal_159_2015.pdf,SRC030,Civil Procedure Code,statute,9,189;328;839,exact_title,candidate
courts-sc-sc_appeal_15_2015.pdf,SRC030,Civil Procedure Code,statute,1,754,exact_title,candidate
courts-sc-sc_appeal_160_2015.pdf,SRC001,Prevention of Frauds Ordinance,statute,1,46;66,exact_title,candidate
courts-sc-sc_appeal_160_2015.pdf,SRC030,Civil Procedure Code,statute,2,41,exact_title,candidate
courts-sc-sc_appeal_160_2015.pdf,SRC050,Land Development Ordinance,statute,12,19;46;66;170,exact_title,candidate
courts-sc-sc_appeal_160_2015.pdf,SRC071,Prescription Ordinance,statute,1,3,exact_title,candidate
courts-sc-sc_appeal_161_2015.pdf,SRC027,Partition Law,statute,3,16;18;25,exact_title,candidate
courts-sc-sc_appeal_165_2015.pdf,SRC030,Civil Procedure Code,statute,3,21;46;760,exact_title,candidate
courts-sc-sc_appeal_165_2015.pdf,SRC071,Prescription Ordinance,statute,2,4,exact_title,candidate
courts-sc-sc_appeal_169_2015.pdf,SRC001,Prevention of Frauds Ordinance,statute,4,2;5;83;92,exact_title,candidate
courts-sc-sc_appeal_169_2015.pdf,SRC029,Evidence Ordinance,statute,17,2;3;5;8;83;92;101;102;103;106;114,exact_title,candidate
courts-sc-sc_appeal_169_2015.pdf,SRC059,Trusts Ordinance,statute,17,2;7;81;82;83;84;92;96;97;101;102;103,exact_title,candidate
courts-sc-sc_appeal_174_2015.pdf,SRC027,Partition Law,statute,4,5;66,exact_title,candidate
courts-sc-sc_appeal_179_2015.pdf,SRC030,Civil Procedure Code,statute,1,54;662;663;667,exact_title,candidate
courts-sc-sc_appeal_17_2015.pdf,SRC028,Rent Act,statute,40,22;116,exact_title,candidate
courts-sc-sc_appeal_17_2015.pdf,SRC029,Evidence Ordinance,statute,1,116,exact_title,candidate
courts-sc-sc_appeal_17_2015.pdf,SRC030,Civil Procedure Code,statute,1,150,exact_title,candidate
courts-sc-sc_appeal_181_182_2015.pdf,SRC071,Prescription Ordinance,statute,1,3,exact_title,candidate
courts-sc-sc_appeal_185_2015.pdf,SRC001,Prevention of Frauds Ordinance,statute,3,2;83;92,exact_title,candidate
courts-sc-sc_appeal_185_2015.pdf,SRC029,Evidence Ordinance,statute,3,2;83;92,exact_title,candidate
courts-sc-sc_appeal_185_2015.pdf,SRC059,Trusts Ordinance,statute,2,2;83;92,exact_title,candidate
courts-sc-sc_appeal_189_2015.pdf,SRC030,Civil Procedure Code,statute,5,5A;393;395;398;754;757,exact_title,candidate
courts-sc-sc_appeal_196_2015-1.pdf,SRC028,Rent Act,statute,9,,exact_title,candidate
courts-sc-sc_appeal_196_2015-1.pdf,SRC030,Civil Procedure Code,statute,1,35,exact_title,candidate
courts-sc-sc_appeal_196_2015-1.pdf,SRC071,Prescription Ordinance,statute,2,3,exact_title,candidate
courts-sc-sc_appeal_197_2015.pdf,SRC029,Evidence Ordinance,statute,6,5;136;154,exact_title,candidate
courts-sc-sc_appeal_197_2015.pdf,SRC030,Civil Procedure Code,statute,12,22;50;75;136;142A;146;154;154A;175,exact_title,candidate
courts-sc-sc_appeal_210_2015.pdf,SRC027,Partition Law,statute,8,17;48;66;67;754;839,exact_title,candidate
courts-sc-sc_appeal_210_2015.pdf,SRC030,Civil Procedure Code,statute,5,48;67;753;754;839,exact_title,candidate
courts-sc-sc_appeal_211_2015.pdf,SRC027,Partition Law,statute,3,68;90,exact_title,candidate
courts-sc-sc_appeal_211_2015.pdf,SRC029,Evidence Ordinance,statute,8,26;47;68;73;90,exact_title,candidate
courts-sc-sc_appeal_211_2015.pdf,SRC030,Civil Procedure Code,statute,2,154;772,exact_title,candidate
courts-sc-sc_appeal_22_2015.pdf,SRC029,Evidence Ordinance,statute,1,68;178,exact_title,candidate
courts-sc-sc_appeal_22_2015.pdf,SRC030,Civil Procedure Code,statute,7,68;80;178,exact_title,candidate
courts-sc-sc_appeal_24_2015.pdf,SRC030,Civil Procedure Code,statute,1,149,exact_title,candidate
courts-sc-sc_appeal_24_2015.pdf,SRC071,Prescription Ordinance,statute,3,9,exact_title,candidate
courts-sc-sc_appeal_2_2015.pdf,SRC005,Registration of Documents Ordinance,statute,1,35,exact_title,candidate
courts-sc-sc_appeal_2_2015.pdf,SRC059,Trusts Ordinance,statute,1,84,exact_title,candidate
courts-sc-sc_appeal_2_2015.pdf,SRC071,Prescription Ordinance,statute,1,3,exact_title,candidate
courts-sc-sc_appeal_30_2015.pdf,SRC029,Evidence Ordinance,statute,1,,exact_title,candidate
courts-sc-sc_appeal_34_2015.pdf,SRC029,Evidence Ordinance,statute,1,6,exact_title,candidate
courts-sc-sc_appeal_40_2015.pdf,SRC030,Civil Procedure Code,statute,3,772,exact_title,candidate
courts-sc-sc_appeal_42_2015_46_2015-1.pdf,SRC030,Civil Procedure Code,statute,2,31,exact_title,candidate
courts-sc-sc_appeal_44_2015.pdf,SRC029,Evidence Ordinance,statute,2,92;114,exact_title,candidate
courts-sc-sc_appeal_44_2015.pdf,SRC030,Civil Procedure Code,statute,6,92;114;760;760A,exact_title,candidate
courts-sc-sc_appeal_47_2015.pdf,SRC071,Prescription Ordinance,statute,2,2;3;4;5B;6B;15,exact_title,candidate
courts-sc-sc_appeal_4_2015_1.pdf,SRC029,Evidence Ordinance,statute,3,4;90C,exact_title,candidate
courts-sc-sc_appeal_4_2015_1.pdf,SRC030,Civil Procedure Code,statute,8,6;16;19;192;384;385;386;387;390;391;705;758,exact_title,candidate
courts-sc-sc_appeal_4_2015_1.pdf,SRC044,Bank of Ceylon Ordinance,statute,1,,exact_title,candidate
courts-sc-sc_appeal_4_2015_1.pdf,SRC074,State Mortgage and Investment Bank Law,statute,1,,exact_title,candidate
courts-sc-sc_appeal_4_2015_1.pdf,SRC080,People's Bank Act,statute,1,,exact_title,candidate
courts-sc-sc_appeal_50_2015-1.pdf,SRC030,Civil Procedure Code,statute,7,41;769,exact_title,candidate
courts-sc-sc_appeal_50_2015-1.pdf,SRC071,Prescription Ordinance,statute,2,3;6;9,exact_title,candidate
courts-sc-sc_appeal_51_2015.pdf,SRC050,Land Development Ordinance,statute,11,2;42;46,exact_title,candidate
courts-sc-sc_appeal_54_2015.pdf,SRC030,Civil Procedure Code,statute,1,5,exact_title,candidate
courts-sc-sc_appeal_55_2015.pdf,SRC029,Evidence Ordinance,statute,1,68,exact_title,candidate
courts-sc-sc_appeal_56_2015.pdf,SRC028,Rent Act,statute,22,18;22;36;48,exact_title,candidate
courts-sc-sc_appeal_66_64_2015.pdf,SRC030,Civil Procedure Code,statute,1,,exact_title,candidate
courts-sc-sc_appeal_67_2015.pdf,SRC029,Evidence Ordinance,statute,1,35,exact_title,candidate
courts-sc-sc_appeal_67_2015.pdf,SRC030,Civil Procedure Code,statute,2,41,exact_title,candidate
courts-sc-sc_appeal_67_2015.pdf,SRC050,Land Development Ordinance,statute,9,51;72,exact_title,candidate
courts-sc-sc_appeal_68_2015.pdf,SRC030,Civil Procedure Code,statute,3,5;6;32;40,exact_title,candidate
courts-sc-sc_appeal_69_2015-1.pdf,SRC029,Evidence Ordinance,statute,1,101,exact_title,candidate
courts-sc-sc_appeal_70_2015.pdf,SRC029,Evidence Ordinance,statute,1,100,exact_title,candidate
courts-sc-sc_appeal_70_2015.pdf,SRC043,Survey Act,statute,1,22,exact_title,candidate
courts-sc-sc_appeal_84_2015.pdf,SRC001,Prevention of Frauds Ordinance,statute,8,2;83;91;92,exact_title,candidate
courts-sc-sc_appeal_84_2015.pdf,SRC002,Prevention of Frauds (Amendment) Act,amendment,1,2,title_and_number_year,candidate
courts-sc-sc_appeal_84_2015.pdf,SRC029,Evidence Ordinance,statute,8,2;83;91;92,exact_title,candidate
courts-sc-sc_appeal_84_2015.pdf,SRC059,Trusts Ordinance,statute,7,2;83;92,exact_title,candidate
courts-sc-sc_appeal_93_2015.pdf,SRC071,Prescription Ordinance,statute,2,3,exact_title,candidate
courts-sc-sc_appeal_95_2015.pdf,SRC030,Civil Procedure Code,statute,5,402;403,exact_title,candidate
courts-sc-sc_appeal_97_2015-1.pdf,SRC071,Prescription Ordinance,statute,9,3,exact_title,candidate
courts-sc-sc_chc_appeal_10_2015.pdf,SRC030,Civil Procedure Code,statute,1,,exact_title,candidate
courts-sc-sc_chc_appeal_14_2015.pdf,SRC030,Civil Procedure Code,statute,1,02,exact_title,candidate
courts-sc-sc_chc_appeal_14_2015.pdf,SRC031,Companies Act,statute,2,274,exact_title,candidate
courts-sc-sc_chc_appeal_25_2015-1.pdf,SRC030,Civil Procedure Code,statute,5,5;60;86;755,exact_title,candidate
courts-sc-sc_fr_141_2015.pdf,SRC029,Evidence Ordinance,statute,1,2;23A;32;57,exact_title,candidate
courts-sc-sc_fr_141_2015.pdf,SRC031,Companies Act,statute,1,,exact_title,candidate
courts-sc-sc_fr_311_2015_and_sc_fr_318_2015-3.pdf,SRC042,Urban Councils Ordinance,statute,5,23A;118;119;120;129;130;131,exact_title,candidate
courts-sc-sc_fr_311_2015_and_sc_fr_318_2015-3.pdf,SRC061,Municipal Councils Ordinance,statute,10,23A;46;118;119;120;129;130;131,exact_title,candidate
courts-sc-sc_hc_cala_119_2015.pdf,SRC027,Partition Law,statute,1,81,exact_title,candidate
courts-sc-sc_hc_cala_119_2015.pdf,SRC030,Civil Procedure Code,statute,1,759,exact_title,candidate
courts-sc-sc_appeal_101_2016.pdf,SRC001,Prevention of Frauds Ordinance,statute,1,91;92,exact_title,candidate
courts-sc-sc_appeal_101_2016.pdf,SRC029,Evidence Ordinance,statute,2,91;92,exact_title,candidate
courts-sc-sc_appeal_101_2016.pdf,SRC059,Trusts Ordinance,statute,3,83,exact_title,candidate
courts-sc-sc_appeal_106_2016.pdf,SRC030,Civil Procedure Code,statute,7,777;839,exact_title,candidate
courts-sc-sc_appeal_10_2016_ed1.pdf,SRC027,Partition Law,statute,1,,exact_title,candidate
courts-sc-sc_appeal_110_2016.pdf,SRC027,Partition Law,statute,2,25,exact_title,candidate
courts-sc-sc_appeal_110_2016.pdf,SRC030,Civil Procedure Code,statute,15,91;408;839,exact_title,candidate
courts-sc-sc_appeal_118_2016.pdf,SRC001,Prevention of Frauds Ordinance,statute,1,6,exact_title,candidate
courts-sc-sc_appeal_118_2016.pdf,SRC030,Civil Procedure Code,statute,10,18;149,exact_title,candidate
courts-sc-sc_appeal_125_2016.pdf,SRC027,Partition Law,statute,4,16;18;19,exact_title,candidate
courts-sc-sc_appeal_128_2016.pdf,SRC027,Partition Law,statute,11,18;19;20;48;69,exact_title,candidate
courts-sc-sc_appeal_134_2016.pdf,SRC027,Partition Law,statute,15,16;18,exact_title,candidate
courts-sc-sc_appeal_135_2016.pdf,SRC001,Prevention of Frauds Ordinance,statute,2,2,exact_title,candidate
courts-sc-sc_appeal_135_2016.pdf,SRC029,Evidence Ordinance,statute,7,101;102;774,exact_title,candidate
courts-sc-sc_appeal_135_2016.pdf,SRC030,Civil Procedure Code,statute,1,101;102;774,exact_title,candidate
courts-sc-sc_appeal_138_2016.pdf,SRC029,Evidence Ordinance,statute,1,58,exact_title,candidate
courts-sc-sc_appeal_138_2016.pdf,SRC030,Civil Procedure Code,statute,1,,exact_title,candidate
courts-sc-sc_appeal_143_2016.pdf,SRC050,Land Development Ordinance,statute,3,,exact_title,candidate
courts-sc-sc_appeal_143_2016.pdf,SRC056,State Lands Ordinance,statute,1,,exact_title,candidate
courts-sc-sc_appeal_144_2016.pdf,SRC012,Apartment Ownership Law,statute,1,3,exact_title,candidate
courts-sc-sc_appeal_144_2016.pdf,SRC029,Evidence Ordinance,statute,1,68,exact_title,candidate
courts-sc-sc_appeal_144_2016.pdf,SRC030,Civil Procedure Code,statute,5,754;772,exact_title,candidate
courts-sc-sc_appeal_144_2016.pdf,SRC071,Prescription Ordinance,statute,10,3,exact_title,candidate
courts-sc-sc_appeal_150_2016.pdf,SRC029,Evidence Ordinance,statute,1,49;59,exact_title,candidate
courts-sc-sc_appeal_150_2016.pdf,SRC030,Civil Procedure Code,statute,3,84;88,exact_title,candidate
courts-sc-sc_appeal_151_2016.pdf,SRC027,Partition Law,statute,3,2,exact_title,candidate
courts-sc-sc_appeal_151_2016.pdf,SRC030,Civil Procedure Code,statute,1,13,exact_title,candidate
courts-sc-sc_appeal_153_2016.pdf,SRC030,Civil Procedure Code,statute,3,755;758,exact_title,candidate
courts-sc-sc_appeal_154_2016.pdf,SRC005,Registration of Documents Ordinance,statute,1,,exact_title,candidate
courts-sc-sc_appeal_154_2016.pdf,SRC027,Partition Law,statute,10,68;69;114,exact_title,candidate
courts-sc-sc_appeal_154_2016.pdf,SRC029,Evidence Ordinance,statute,9,68;69;70;114,exact_title,candidate
courts-sc-sc_appeal_154_2016.pdf,SRC030,Civil Procedure Code,statute,6,68;69;70;114,exact_title,candidate
courts-sc-sc_appeal_161_2016-1.pdf,SRC027,Partition Law,statute,1,,exact_title,candidate
courts-sc-sc_appeal_163_2016.pdf,SRC030,Civil Procedure Code,statute,5,33;34;149,exact_title,candidate
courts-sc-sc_appeal_168_2016.pdf,SRC030,Civil Procedure Code,statute,3,754;772,exact_title,candidate
courts-sc-sc_appeal_168_2016.pdf,SRC071,Prescription Ordinance,statute,1,772,exact_title,candidate
courts-sc-sc_appeal_171_2016.pdf,SRC027,Partition Law,statute,5,13;26,exact_title,candidate
courts-sc-sc_appeal_172_2016.pdf,SRC005,Registration of Documents Ordinance,statute,1,36;66,exact_title,candidate
courts-sc-sc_appeal_172_2016.pdf,SRC027,Partition Law,statute,7,36;66;69;79;404,exact_title,candidate
courts-sc-sc_appeal_172_2016.pdf,SRC030,Civil Procedure Code,statute,15,79;404;760,exact_title,candidate
courts-sc-sc_appeal_172_2016.pdf,SRC031,Companies Act,statute,1,,exact_title,candidate
courts-sc-sc_appeal_175_2016.pdf,SRC029,Evidence Ordinance,statute,1,2;3,exact_title,candidate
courts-sc-sc_appeal_175_2016.pdf,SRC030,Civil Procedure Code,statute,2,2;3,exact_title,candidate
courts-sc-sc_appeal_175_2016.pdf,SRC071,Prescription Ordinance,statute,2,3,exact_title,candidate
courts-sc-sc_appeal_176_2016.pdf,SRC030,Civil Procedure Code,statute,1,328,exact_title,candidate
courts-sc-sc_appeal_179_2016.pdf,SRC030,Civil Procedure Code,statute,4,5;217;755;758,exact_title,candidate
courts-sc-sc_appeal_17_2016.pdf,SRC030,Civil Procedure Code,statute,8,18;34;392;404;405,exact_title,candidate
courts-sc-sc_appeal_183_2016.pdf,SRC029,Evidence Ordinance,statute,2,116,exact_title,candidate
courts-sc-sc_appeal_183_2016.pdf,SRC059,Trusts Ordinance,statute,3,83,exact_title,candidate
courts-sc-sc_appeal_183_2016.pdf,SRC071,Prescription Ordinance,statute,1,83,exact_title,candidate
courts-sc-sc_appeal_190_2016.pdf,SRC001,Prevention of Frauds Ordinance,statute,3,2;83;92,exact_title,candidate
courts-sc-sc_appeal_190_2016.pdf,SRC029,Evidence Ordinance,statute,1,2;83;92,exact_title,candidate
courts-sc-sc_appeal_190_2016.pdf,SRC059,Trusts Ordinance,statute,5,2;5;83;92;97;107,exact_title,candidate
courts-sc-sc_appeal_1_2016.pdf,SRC005,Registration of Documents Ordinance,statute,1,58;87,exact_title,candidate
courts-sc-sc_appeal_1_2016.pdf,SRC024,Wills Ordinance,statute,1,154A,exact_title,candidate
courts-sc-sc_appeal_1_2016.pdf,SRC029,Evidence Ordinance,statute,5,1;2;3;68;114;154A,exact_title,candidate
courts-sc-sc_appeal_1_2016.pdf,SRC050,Land Development Ordinance,statute,8,2;19;52;56;58;60;67;72,exact_title,candidate
courts-sc-sc_appeal_202_2016.pdf,SRC027,Partition Law,statute,1,,exact_title,candidate
courts-sc-sc_appeal_218_2016.pdf,SRC029,Evidence Ordinance,statute,2,31;58,exact_title,candidate
courts-sc-sc_appeal_221_2016.pdf,SRC029,Evidence Ordinance,statute,5,17;58;115,exact_title,candidate
courts-sc-sc_appeal_222_2016.pdf,SRC030,Civil Procedure Code,statute,2,34;207;406;754,exact_title,candidate
courts-sc-sc_appeal_227_2016.pdf,SRC030,Civil Procedure Code,statute,2,325;328;329;839,exact_title,candidate
courts-sc-sc_appeal_227_2016.pdf,SRC033,Land Reform Law,statute,4,22;23;27A;39,exact_title,candidate
courts-sc-sc_appeal_235_2016.pdf,SRC029,Evidence Ordinance,statute,1,58,exact_title,candidate
courts-sc-sc_appeal_235_2016.pdf,SRC071,Prescription Ordinance,statute,3,3,exact_title,candidate
courts-sc-sc_appeal_239_2016.pdf,SRC027,Partition Law,statute,4,25,exact_title,candidate
courts-sc-sc_appeal_241_2016.pdf,SRC029,Evidence Ordinance,statute,6,101;103,exact_title,candidate
courts-sc-sc_appeal_241_2016.pdf,SRC030,Civil Procedure Code,statute,1,323,exact_title,candidate
courts-sc-sc_appeal_242_2016_amd1-1.pdf,SRC029,Evidence Ordinance,statute,5,8;17;31;58;115;116;117,exact_title,candidate
courts-sc-sc_appeal_242_2016_amd1-1.pdf,SRC071,Prescription Ordinance,statute,3,13,exact_title,candidate
courts-sc-sc_appeal_26_2016.pdf,SRC027,Partition Law,statute,7,48,exact_title,candidate
courts-sc-sc_appeal_26_2016.pdf,SRC030,Civil Procedure Code,statute,5,325;337,exact_title,candidate
courts-sc-sc_appeal_28_2016.pdf,SRC071,Prescription Ordinance,statute,4,3,exact_title,candidate
courts-sc-sc_appeal_30_2016.pdf,SRC027,Partition Law,statute,2,3;18,exact_title,candidate
courts-sc-sc_appeal_30_2016.pdf,SRC071,Prescription Ordinance,statute,53,2;3;13,exact_title,candidate
courts-sc-sc_appeal_36_2016.pdf,SRC030,Civil Procedure Code,statute,7,402,exact_title,candidate
courts-sc-sc_appeal_36_2016.pdf,SRC059,Trusts Ordinance,statute,1,,exact_title,candidate
courts-sc-sc_appeal_38_2016.pdf,SRC001,Prevention of Frauds Ordinance,statute,4,2,exact_title,candidate
courts-sc-sc_appeal_38_2016.pdf,SRC014,Notaries Ordinance,statute,1,,exact_title,candidate
courts-sc-sc_appeal_38_2016.pdf,SRC071,Prescription Ordinance,statute,1,10,exact_title,candidate
courts-sc-sc_appeal_3_2016.pdf,SRC027,Partition Law,statute,2,18,exact_title,candidate
courts-sc-sc_appeal_43_2016.pdf,SRC029,Evidence Ordinance,statute,2,65;91,exact_title,candidate
courts-sc-sc_appeal_43_2016.pdf,SRC071,Prescription Ordinance,statute,3,3,exact_title,candidate
courts-sc-sc_appeal_4_2016-1.pdf,SRC014,Notaries Ordinance,statute,2,31;68;70,exact_title,candidate
courts-sc-sc_appeal_4_2016-1.pdf,SRC029,Evidence Ordinance,statute,8,31;68;70,exact_title,candidate
courts-sc-sc_appeal_55_2016.pdf,SRC001,Prevention of Frauds Ordinance,statute,1,2;9,exact_title,candidate
courts-sc-sc_appeal_55_2016.pdf,SRC030,Civil Procedure Code,statute,1,754,exact_title,candidate
courts-sc-sc_appeal_57_2016.pdf,SRC027,Partition Law,statute,3,,exact_title,candidate
courts-sc-sc_appeal_57_2016.pdf,SRC029,Evidence Ordinance,statute,1,101;593,exact_title,candidate
courts-sc-sc_appeal_57_2016.pdf,SRC030,Civil Procedure Code,statute,4,12,exact_title,candidate
courts-sc-sc_appeal_57_2016.pdf,SRC033,Land Reform Law,statute,2,19,exact_title,candidate
courts-sc-sc_appeal_57_2016.pdf,SRC050,Land Development Ordinance,statute,1,,exact_title,candidate
courts-sc-sc_appeal_76_2016.pdf,SRC030,Civil Procedure Code,statute,19,241;242;243;244;245;246;247;456;462;839,exact_title,candidate
courts-sc-sc_appeal_76_2016.pdf,SRC051,Land Acquisition Act,statute,4,22;44;243;456,exact_title,candidate
courts-sc-sc_appeal_84_2016.pdf,SRC001,Prevention of Frauds Ordinance,statute,2,2;116,exact_title,candidate
courts-sc-sc_appeal_84_2016.pdf,SRC029,Evidence Ordinance,statute,1,2;116,exact_title,candidate
courts-sc-sc_appeal_90_2016.pdf,SRC027,Partition Law,statute,9,52;328;338;797;839,exact_title,candidate
courts-sc-sc_appeal_90_2016.pdf,SRC030,Civil Procedure Code,statute,8,52;53;328;338;797;839,exact_title,candidate
courts-sc-sc_appeal_96_97_2016.pdf,SRC027,Partition Law,statute,5,5;12;16;25;83,exact_title,candidate
courts-sc-sc_appeal_96_97_2016.pdf,SRC030,Civil Procedure Code,statute,1,,exact_title,candidate
courts-sc-sc_appeal_96_97_2016.pdf,SRC071,Prescription Ordinance,statute,1,3,exact_title,candidate
courts-sc-sc_appeal_99_2016.pdf,SRC027,Partition Law,statute,7,52;70;79;337;839,exact_title,candidate
courts-sc-sc_appeal_99_2016.pdf,SRC030,Civil Procedure Code,statute,7,26;36;48;52;70;79;337;839,exact_title,candidate
courts-sc-sc_appeal_9_2016.pdf,SRC001,Prevention of Frauds Ordinance,statute,1,68,exact_title,candidate
courts-sc-sc_appeal_9_2016.pdf,SRC029,Evidence Ordinance,statute,10,68;69,exact_title,candidate
courts-sc-sc_chc_appeal_14_2016.pdf,SRC014,Notaries Ordinance,statute,4,31,exact_title,candidate
courts-sc-sc_chc_appeal_9_2016.pdf,SRC030,Civil Procedure Code,statute,1,,exact_title,candidate
courts-sc-sc_fr_311_2016-1.pdf,SRC029,Evidence Ordinance,statute,1,114,exact_title,candidate
courts-sc-sc_fr_442_2016.pdf,SRC033,Land Reform Law,statute,4,38,exact_title,candidate
courts-sc-sc_fr_442_2016.pdf,SRC051,Land Acquisition Act,statute,4,38,exact_title,candidate
courts-sc-sc_hc_cala_184_2016.pdf,SRC027,Partition Law,statute,1,81;760A,exact_title,candidate
courts-sc-sc_hc_cala_184_2016.pdf,SRC030,Civil Procedure Code,statute,5,27;81;392;393;398;404;760A,exact_title,candidate
courts-sc-sc_hc_cala_187_2016.pdf,SRC027,Partition Law,statute,6,4;5C;81,exact_title,candidate
courts-sc-sc_hc_cala_187_2016.pdf,SRC030,Civil Procedure Code,statute,1,755,exact_title,candidate
courts-sc-sc_hc_cala_367_2016.pdf,SRC030,Civil Procedure Code,statute,1,5A;754,exact_title,candidate
courts-sc-sc_misc_2_2016.pdf,SRC029,Evidence Ordinance,statute,1,,exact_title,candidate
courts-sc-sc_misc_2_2016.pdf,SRC072,Nindagama Lands Act,statute,7,3;29;31,exact_title,candidate
courts-sc-sc_app_88_2017.pdf,SRC071,Prescription Ordinance,statute,6,3;13,exact_title,candidate
courts-sc-sc_appeal_101_2017.pdf,SRC030,Civil Procedure Code,statute,3,5;6;40,exact_title,candidate
courts-sc-sc_appeal_101_2017.pdf,SRC071,Prescription Ordinance,statute,9,5;6;40,exact_title,candidate
courts-sc-sc_appeal_119_2017_120_2017.pdf,SRC030,Civil Procedure Code,statute,1,150,exact_title,candidate
courts-sc-sc_appeal_122_2017.pdf,SRC029,Evidence Ordinance,statute,1,116,exact_title,candidate
courts-sc-sc_appeal_122_2017.pdf,SRC030,Civil Procedure Code,statute,1,22,exact_title,candidate
courts-sc-sc_appeal_140_2017.pdf,SRC037,Revocation of Irrevocable Deeds of Gift on the Ground of Gross Ingratitude Act,statute,1,2;3,exact_title,candidate
courts-sc-sc_appeal_147_2017.pdf,SRC031,Companies Act,statute,7,233,exact_title,candidate
courts-sc-sc_appeal_154_2017.pdf,SRC027,Partition Law,statute,1,,exact_title,candidate
courts-sc-sc_appeal_158_2017.pdf,SRC027,Partition Law,statute,1,16,exact_title,candidate
courts-sc-sc_appeal_162_2017.pdf,SRC029,Evidence Ordinance,statute,2,116,exact_title,candidate
courts-sc-sc_appeal_162_2017.pdf,SRC056,State Lands Ordinance,statute,1,,exact_title,candidate
courts-sc-sc_appeal_166_2017.pdf,SRC029,Evidence Ordinance,statute,3,115,exact_title,candidate
courts-sc-sc_appeal_166_2017.pdf,SRC050,Land Development Ordinance,statute,16,2;19;48A;48B;49;51;52;67;68;72;115;170,exact_title,candidate
courts-sc-sc_appeal_172_2017.pdf,SRC005,Registration of Documents Ordinance,statute,1,36;66,exact_title,candidate
courts-sc-sc_appeal_172_2017.pdf,SRC027,Partition Law,statute,24,4;14;26;36;48;52;52A;66;77;79;81;337,exact_title,candidate
courts-sc-sc_appeal_172_2017.pdf,SRC028,Rent Act,statute,8,14;48;52,exact_title,candidate
courts-sc-sc_appeal_172_2017.pdf,SRC030,Civil Procedure Code,statute,6,48;52;77;79;337,exact_title,candidate
courts-sc-sc_appeal_186_2017.pdf,SRC030,Civil Procedure Code,statute,2,337,exact_title,candidate
courts-sc-sc_appeal_189_2017.pdf,SRC030,Civil Procedure Code,statute,1,46,exact_title,candidate
courts-sc-sc_appeal_199_2017.pdf,SRC030,Civil Procedure Code,statute,21,11;16;18;19;75;76;384;385;386;387;390;754;755;839,exact_title,candidate
courts-sc-sc_appeal_199_2017.pdf,SRC059,Trusts Ordinance,statute,1,75;76,exact_title,candidate
courts-sc-sc_appeal_208_2017.pdf,SRC014,Notaries Ordinance,statute,2,31,exact_title,candidate
courts-sc-sc_appeal_208_2017.pdf,SRC029,Evidence Ordinance,statute,6,68;68o;69,exact_title,candidate
courts-sc-sc_appeal_212_2017.pdf,SRC030,Civil Procedure Code,statute,1,207,exact_title,candidate
courts-sc-sc_appeal_212_2017.pdf,SRC056,State Lands Ordinance,statute,1,,exact_title,candidate
courts-sc-sc_appeal_21_2017.pdf,SRC030,Civil Procedure Code,statute,1,5;754,exact_title,candidate
courts-sc-sc_appeal_21_2017.pdf,SRC071,Prescription Ordinance,statute,34,5;6;7;8;9;10;11;12,exact_title,candidate
courts-sc-sc_appeal_220_2017.pdf,SRC001,Prevention of Frauds Ordinance,statute,1,4;531,exact_title,candidate
courts-sc-sc_appeal_220_2017.pdf,SRC024,Wills Ordinance,statute,2,2;21,exact_title,candidate
courts-sc-sc_appeal_220_2017.pdf,SRC029,Evidence Ordinance,statute,2,3,exact_title,candidate
courts-sc-sc_appeal_220_2017.pdf,SRC030,Civil Procedure Code,statute,38,21;39;83;85;516;517;518;519;524;528;529;531;536;537;538;551;554A;554C;554F;554T;554U;555B;712;718;720;722;723;724A;724B;736;744;839,exact_title,candidate
courts-sc-sc_appeal_231_2017.pdf,SRC030,Civil Procedure Code,statute,10,5;10;23;27;187;753;760;765;774;777,exact_title,candidate
courts-sc-sc_appeal_231_2017.pdf,SRC059,Trusts Ordinance,statute,1,10;111;187,exact_title,candidate
courts-sc-sc_appeal_231_2017.pdf,SRC071,Prescription Ordinance,statute,1,10;111;187,exact_title,candidate
courts-sc-sc_appeal_232_2017.pdf,SRC029,Evidence Ordinance,statute,2,116,exact_title,candidate
courts-sc-sc_appeal_232_2017.pdf,SRC030,Civil Procedure Code,statute,1,40;41,exact_title,candidate
courts-sc-sc_appeal_237_2017.pdf,SRC028,Rent Act,statute,1,,exact_title,candidate
courts-sc-sc_appeal_248_2017.pdf,SRC001,Prevention of Frauds Ordinance,statute,2,2,exact_title,candidate
courts-sc-sc_appeal_248_2017.pdf,SRC027,Partition Law,statute,10,3;6;25;68,exact_title,candidate
courts-sc-sc_appeal_248_2017.pdf,SRC029,Evidence Ordinance,statute,8,2;3;68;69;154,exact_title,candidate
courts-sc-sc_appeal_248_2017.pdf,SRC030,Civil Procedure Code,statute,4,2;3;25;154,exact_title,candidate
courts-sc-sc_appeal_28_2017.pdf,SRC029,Evidence Ordinance,statute,6,3;68,exact_title,candidate
courts-sc-sc_appeal_28_2017.pdf,SRC030,Civil Procedure Code,statute,2,547,exact_title,candidate
courts-sc-sc_appeal_28_2017.pdf,SRC071,Prescription Ordinance,statute,1,3,exact_title,candidate
courts-sc-sc_appeal_31_2017.pdf,SRC029,Evidence Ordinance,statute,2,61;63,exact_title,candidate
courts-sc-sc_appeal_31_2017.pdf,SRC030,Civil Procedure Code,statute,1,162,exact_title,candidate
courts-sc-sc_appeal_31_2017.pdf,SRC064,Mortgage Act,statute,1,46,exact_title,candidate
courts-sc-sc_appeal_43_2017.pdf,SRC029,Evidence Ordinance,statute,2,27;116,exact_title,candidate
courts-sc-sc_appeal_43_2017.pdf,SRC030,Civil Procedure Code,statute,1,41,exact_title,candidate
courts-sc-sc_appeal_45_2017.pdf,SRC071,Prescription Ordinance,statute,1,3,exact_title,candidate
courts-sc-sc_appeal_46_2017.pdf,SRC030,Civil Procedure Code,statute,6,578,exact_title,candidate
courts-sc-sc_appeal_47_2017.pdf,SRC001,Prevention of Frauds Ordinance,statute,1,2,exact_title,candidate
courts-sc-sc_appeal_47_2017.pdf,SRC029,Evidence Ordinance,statute,1,111,exact_title,candidate
courts-sc-sc_appeal_48_2017.pdf,SRC030,Civil Procedure Code,statute,3,44;147,exact_title,candidate
courts-sc-sc_appeal_48_2017.pdf,SRC071,Prescription Ordinance,statute,9,5;6;7;8;9;10;11,exact_title,candidate
courts-sc-sc_appeal_71_2017.pdf,SRC030,Civil Procedure Code,statute,4,217;545;754,exact_title,candidate
courts-sc-sc_appeal_71_2017.pdf,SRC071,Prescription Ordinance,statute,1,,exact_title,candidate
courts-sc-sc_appeal_74_2017.pdf,SRC071,Prescription Ordinance,statute,1,3,exact_title,candidate
courts-sc-sc_appeal_77_2017.pdf,SRC030,Civil Procedure Code,statute,1,150,exact_title,candidate
courts-sc-sc_appeal_79_2017.pdf,SRC027,Partition Law,statute,1,25,exact_title,candidate
courts-sc-sc_appeal_79_2017.pdf,SRC030,Civil Procedure Code,statute,1,150,exact_title,candidate
courts-sc-sc_appeal_87_2017.pdf,SRC030,Civil Procedure Code,statute,1,146,exact_title,candidate
courts-sc-sc_appeal_89_2017-1.pdf,SRC001,Prevention of Frauds Ordinance,statute,10,2;5;91;92;107,exact_title,candidate
courts-sc-sc_appeal_89_2017-1.pdf,SRC029,Evidence Ordinance,statute,17,2;5;58;83;84;91;92;107,exact_title,candidate
courts-sc-sc_appeal_89_2017-1.pdf,SRC059,Trusts Ordinance,statute,20,2;5;58;83;84;91;92;98;107,exact_title,candidate
courts-sc-sc_appeal_93_2017.pdf,SRC071,Prescription Ordinance,statute,1,3,exact_title,candidate
courts-sc-sc_appeal_94_2017.pdf,SRC027,Partition Law,statute,1,,exact_title,candidate
courts-sc-sc_appeal_94_2017.pdf,SRC054,Land Settlement Ordinance,statute,6,5;8,exact_title,candidate
courts-sc-sc_appeal_9_2017.pdf,SRC071,Prescription Ordinance,statute,2,3,exact_title,candidate
courts-sc-sc_chc_appeal_10_2017.pdf,SRC030,Civil Procedure Code,statute,4,7;34,exact_title,candidate
courts-sc-sc_chc_appeal_10_2017.pdf,SRC064,Mortgage Act,statute,2,7;34,exact_title,candidate
courts-sc-sc_chc_appeal_45_2017-.pdf,SRC030,Civil Procedure Code,statute,1,393,exact_title,candidate
courts-sc-sc_chc_appeal_45_2017-.pdf,SRC071,Prescription Ordinance,statute,1,9,exact_title,candidate
courts-sc-sc_chc_appeal_48_2017.pdf,SRC030,Civil Procedure Code,statute,2,5;192,exact_title,candidate
courts-sc-sc_tab_1a_1f_2017.pdf,SRC029,Evidence Ordinance,statute,16,8;10;27;30;109;110;114;133;256,exact_title,candidate
courts-sc-sc_appeal_101_2018.pdf,SRC030,Civil Procedure Code,statute,3,5;154;217,exact_title,candidate
courts-sc-sc_appeal_101_2018.pdf,SRC071,Prescription Ordinance,statute,3,,exact_title,candidate
courts-sc-sc_appeal_110_2018.pdf,SRC001,Prevention of Frauds Ordinance,statute,2,2;92,exact_title,candidate
courts-sc-sc_appeal_110_2018.pdf,SRC029,Evidence Ordinance,statute,1,92,exact_title,candidate
courts-sc-sc_appeal_110_2018.pdf,SRC059,Trusts Ordinance,statute,6,2;5;83;84,exact_title,candidate
courts-sc-sc_appeal_114_2018.pdf,SRC001,Prevention of Frauds Ordinance,statute,1,2,exact_title,candidate
courts-sc-sc_appeal_114_2018.pdf,SRC014,Notaries Ordinance,statute,1,2,exact_title,candidate
courts-sc-sc_appeal_115_2018.pdf,SRC028,Rent Act,statute,2,,exact_title,candidate
courts-sc-sc_appeal_115_2018.pdf,SRC029,Evidence Ordinance,statute,1,116,exact_title,candidate
courts-sc-sc_appeal_115_2018.pdf,SRC030,Civil Procedure Code,statute,1,337,exact_title,candidate
courts-sc-sc_appeal_125_2018.pdf,SRC030,Civil Procedure Code,statute,6,3;41,exact_title,candidate
courts-sc-sc_appeal_125_2018.pdf,SRC071,Prescription Ordinance,statute,4,3;41,exact_title,candidate
courts-sc-sc_appeal_132_2018.pdf,SRC050,Land Development Ordinance,statute,2,,exact_title,candidate
courts-sc-sc_appeal_132_2018.pdf,SRC071,Prescription Ordinance,statute,8,3,exact_title,candidate
courts-sc-sc_appeal_13_2018.pdf,SRC030,Civil Procedure Code,statute,1,,exact_title,candidate
courts-sc-sc_appeal_142_2018.pdf,SRC030,Civil Procedure Code,statute,1,395,exact_title,candidate
courts-sc-sc_appeal_148_2018.pdf,SRC030,Civil Procedure Code,statute,6,18;151,exact_title,candidate
courts-sc-sc_appeal_148_2018.pdf,SRC059,Trusts Ordinance,statute,1,65;66;68;98,exact_title,candidate
courts-sc-sc_appeal_153_2018.pdf,SRC030,Civil Procedure Code,statute,5,9;33;40;46;207;772,exact_title,candidate
courts-sc-sc_appeal_154_2018-1.pdf,SRC027,Partition Law,statute,2,,exact_title,candidate
courts-sc-sc_appeal_154_2018-1.pdf,SRC029,Evidence Ordinance,statute,4,32;50,exact_title,candidate
courts-sc-sc_appeal_162_2018.pdf,SRC027,Partition Law,statute,1,81;760A,exact_title,candidate
courts-sc-sc_appeal_162_2018.pdf,SRC030,Civil Procedure Code,statute,5,27;81;392;393;398;404;760A,exact_title,candidate
courts-sc-sc_appeal_175_2018.pdf,SRC001,Prevention of Frauds Ordinance,statute,8,2;3;68,exact_title,candidate
courts-sc-sc_appeal_175_2018.pdf,SRC014,Notaries Ordinance,statute,10,2;68,exact_title,candidate
courts-sc-sc_appeal_175_2018.pdf,SRC029,Evidence Ordinance,statute,3,2;3;65;66;68;91,exact_title,candidate
courts-sc-sc_appeal_175_2018.pdf,SRC030,Civil Procedure Code,statute,1,35,exact_title,candidate
courts-sc-sc_appeal_179_2018.pdf,SRC029,Evidence Ordinance,statute,11,101;102;103;106;367;370,exact_title,candidate
courts-sc-sc_appeal_179_2018.pdf,SRC031,Companies Act,statute,16,2;3l;5;101;103;309;362;367;370;373,exact_title,candidate
courts-sc-sc_appeal_17_2018.pdf,SRC027,Partition Law,statute,24,2;5;9;12;24;25;26;29;34;36;62;65;70;75;79;207;406,exact_title,candidate
courts-sc-sc_appeal_17_2018.pdf,SRC029,Evidence Ordinance,statute,3,24;40;75;100;207;406,exact_title,candidate
courts-sc-sc_appeal_17_2018.pdf,SRC030,Civil Procedure Code,statute,14,5;9;12;24;29;34;62;65;70;75;79;207;406,exact_title,candidate
courts-sc-sc_appeal_181_2018.pdf,SRC064,Mortgage Act,statute,1,64,exact_title,candidate
courts-sc-sc_appeal_189_2018.pdf,SRC027,Partition Law,statute,1,,exact_title,candidate
courts-sc-sc_appeal_189_2018.pdf,SRC030,Civil Procedure Code,statute,1,146,exact_title,candidate
courts-sc-sc_appeal_189_2018.pdf,SRC033,Land Reform Law,statute,1,,exact_title,candidate
courts-sc-sc_appeal_189_2018.pdf,SRC071,Prescription Ordinance,statute,2,3;03,exact_title,candidate
courts-sc-sc_appeal_191_2018.pdf,SRC059,Trusts Ordinance,statute,4,98,exact_title,candidate
courts-sc-sc_appeal_194_2018.pdf,SRC028,Rent Act,statute,1,,exact_title,candidate
courts-sc-sc_appeal_194_2018.pdf,SRC030,Civil Procedure Code,statute,19,11;14;17;18;21;22;33;38;75;93,exact_title,candidate
courts-sc-sc_appeal_22_2018.pdf,SRC030,Civil Procedure Code,statute,6,154;428;429;432,exact_title,candidate
courts-sc-sc_appeal_25_2018.pdf,SRC029,Evidence Ordinance,statute,1,116,exact_title,candidate
courts-sc-sc_appeal_25_2018.pdf,SRC071,Prescription Ordinance,statute,2,3,exact_title,candidate
courts-sc-sc_appeal_27_2018.pdf,SRC005,Registration of Documents Ordinance,statute,1,36;66,exact_title,candidate
courts-sc-sc_appeal_27_2018.pdf,SRC027,Partition Law,statute,30,6;17;36;52;52A;53;66;67,exact_title,candidate
courts-sc-sc_appeal_27_2018.pdf,SRC030,Civil Procedure Code,statute,1,53,exact_title,candidate
courts-sc-sc_appeal_27_2018.pdf,SRC059,Trusts Ordinance,statute,1,93,exact_title,candidate
courts-sc-sc_appeal_30_2018.pdf,SRC027,Partition Law,statute,3,16;18;25;48,exact_title,candidate
courts-sc-sc_appeal_30_2018.pdf,SRC030,Civil Procedure Code,statute,1,773,exact_title,candidate
courts-sc-sc_appeal_35_2018.pdf,SRC071,Prescription Ordinance,statute,3,3,exact_title,candidate
courts-sc-sc_appeal_36_-2018.pdf,SRC004,Matrimonial Rights and Inheritance Ordinance,statute,3,2,exact_title,candidate
courts-sc-sc_appeal_36_-2018.pdf,SRC029,Evidence Ordinance,statute,3,17;18;21,exact_title,candidate
courts-sc-sc_appeal_36_-2018.pdf,SRC048,Muslim Intestate Succession Ordinance,statute,15,2,exact_title,candidate
courts-sc-sc_appeal_40_2018.pdf,SRC027,Partition Law,statute,1,,exact_title,candidate
courts-sc-sc_appeal_42_2018.pdf,SRC027,Partition Law,statute,8,2;5;12;25;48,exact_title,candidate
courts-sc-sc_appeal_42_2018.pdf,SRC071,Prescription Ordinance,statute,6,3,exact_title,candidate
courts-sc-sc_appeal_46_2018.pdf,SRC027,Partition Law,statute,1,16,exact_title,candidate
courts-sc-sc_appeal_46_2018.pdf,SRC029,Evidence Ordinance,statute,1,61;63;64;65,exact_title,candidate
courts-sc-sc_appeal_47_2018.pdf,SRC030,Civil Procedure Code,statute,9,18;21;80;93,exact_title,candidate
courts-sc-sc_appeal_49_2018.pdf,SRC080,People's Bank Act,statute,9,20P;29D;29F;29G;29N;29P,exact_title,candidate
courts-sc-sc_appeal_50_2018.pdf,SRC001,Prevention of Frauds Ordinance,statute,1,2;58;83;84;92,exact_title,candidate
courts-sc-sc_appeal_50_2018.pdf,SRC029,Evidence Ordinance,statute,3,2;58;83;84;92;103,exact_title,candidate
courts-sc-sc_appeal_50_2018.pdf,SRC059,Trusts Ordinance,statute,13,2;82;83;84;85;90;91;92;95;96;103,exact_title,candidate
courts-sc-sc_appeal_52_2018.pdf,SRC027,Partition Law,statute,7,4;12;16;18;19,exact_title,candidate
courts-sc-sc_appeal_54_2018.pdf,SRC030,Civil Procedure Code,statute,1,154,exact_title,candidate
courts-sc-sc_appeal_54_2018.pdf,SRC071,Prescription Ordinance,statute,1,3,exact_title,candidate
courts-sc-sc_appeal_56_2018.pdf,SRC030,Civil Procedure Code,statute,4,66;325;328,exact_title,candidate
courts-sc-sc_appeal_58_2018.pdf,SRC014,Notaries Ordinance,statute,2,2;13;27;35,exact_title,candidate
courts-sc-sc_appeal_58_2018.pdf,SRC029,Evidence Ordinance,statute,2,31;58,exact_title,candidate
courts-sc-sc_appeal_59_2018.pdf,SRC005,Registration of Documents Ordinance,statute,2,36;66;67,exact_title,candidate
courts-sc-sc_appeal_59_2018.pdf,SRC027,Partition Law,statute,12,36;66,exact_title,candidate
courts-sc-sc_appeal_77_2018.pdf,SRC030,Civil Procedure Code,statute,11,18;34;73;75;247,exact_title,candidate
courts-sc-sc_appeal_77_2018.pdf,SRC033,Land Reform Law,statute,3,18,exact_title,candidate
courts-sc-sc_appeal_78_2018.pdf,SRC030,Civil Procedure Code,statute,1,772,exact_title,candidate
courts-sc-sc_appeal_80_2018.pdf,SRC030,Civil Procedure Code,statute,6,40;44;46,exact_title,candidate
courts-sc-sc_appeal_80_2018.pdf,SRC071,Prescription Ordinance,statute,1,10,exact_title,candidate
courts-sc-sc_appeal_88_2018.pdf,SRC030,Civil Procedure Code,statute,1,150,exact_title,candidate
courts-sc-sc_appeal_89_2018.pdf,SRC029,Evidence Ordinance,statute,14,23;91;92;150,exact_title,candidate
courts-sc-sc_appeal_89_2018.pdf,SRC030,Civil Procedure Code,statute,4,23;150;154,exact_title,candidate
courts-sc-sc_appeal_8_2018.pdf,SRC030,Civil Procedure Code,statute,2,4;44,exact_title,candidate
courts-sc-sc_appeal_8_2018.pdf,SRC071,Prescription Ordinance,statute,8,4;44,exact_title,candidate
courts-sc-sc_appeal_95_2018.pdf,SRC029,Evidence Ordinance,statute,1,03,exact_title,candidate
courts-sc-sc_chc_appeal_26_2018.pdf,SRC029,Evidence Ordinance,statute,16,3;6;90A;90C;90E,exact_title,candidate
courts-sc-sc_chc_appeal_26_2018.pdf,SRC030,Civil Procedure Code,statute,1,5,exact_title,candidate
courts-sc-sc_chc_appeal_26_2018.pdf,SRC031,Companies Act,statute,1,,exact_title,candidate
courts-sc-sc_fr_30_2018.pdf,SRC028,Rent Act,statute,1,,exact_title,candidate
courts-sc-sc_fr_38_2018.pdf,SRC029,Evidence Ordinance,statute,2,49;81;83,exact_title,candidate
courts-sc-sc_fr_38_2018.pdf,SRC050,Land Development Ordinance,statute,3,11;16;17;106;128,exact_title,candidate
courts-sc-sc_fr_38_2018.pdf,SRC056,State Lands Ordinance,statute,12,11;16;17;18;49;50;81;83;106;128,exact_title,candidate
courts-sc-sc_appeal_111_2019.pdf,SRC071,Prescription Ordinance,statute,1,3,exact_title,candidate
courts-sc-sc_appeal_113_2019.pdf,SRC027,Partition Law,statute,2,3;68,exact_title,candidate
courts-sc-sc_appeal_113_2019.pdf,SRC030,Civil Procedure Code,statute,1,3;68,exact_title,candidate
courts-sc-sc_appeal_113_2019.pdf,SRC071,Prescription Ordinance,statute,5,3,exact_title,candidate
courts-sc-sc_appeal_121_2019-1.pdf,SRC030,Civil Procedure Code,statute,3,15;16;287;288,exact_title,candidate
courts-sc-sc_appeal_128_2019.pdf,SRC071,Prescription Ordinance,statute,1,9,exact_title,candidate
courts-sc-sc_appeal_12_2019.pdf,SRC031,Companies Act,statute,2,31;261,exact_title,candidate
courts-sc-sc_appeal_12_2019.pdf,SRC043,Survey Act,statute,1,18;25;30;41;43;47;50;51;58;60;63;64;104,exact_title,candidate
courts-sc-sc_appeal_133_2019.pdf,SRC029,Evidence Ordinance,statute,4,2;3;68;154,exact_title,candidate
courts-sc-sc_appeal_133_2019.pdf,SRC030,Civil Procedure Code,statute,4,2;3;5A;5C;68;88;154,exact_title,candidate
courts-sc-sc_appeal_133_2019.pdf,SRC071,Prescription Ordinance,statute,1,3,exact_title,candidate
courts-sc-sc_appeal_135_2019_with_149_2019.pdf,SRC029,Evidence Ordinance,statute,2,68,exact_title,candidate
courts-sc-sc_appeal_135_2019_with_149_2019.pdf,SRC030,Civil Procedure Code,statute,1,323,exact_title,candidate
courts-sc-sc_appeal_137_2019.pdf,SRC004,Matrimonial Rights and Inheritance Ordinance,statute,1,,exact_title,candidate
courts-sc-sc_appeal_137_2019.pdf,SRC024,Wills Ordinance,statute,1,2,exact_title,candidate
courts-sc-sc_appeal_137_2019.pdf,SRC030,Civil Procedure Code,statute,14,524;526;528;529;531;532;536;537;538;547;839,exact_title,candidate
courts-sc-sc_appeal_140_2019.pdf,SRC030,Civil Procedure Code,statute,3,78;428,exact_title,candidate
courts-sc-sc_appeal_140_2019.pdf,SRC050,Land Development Ordinance,statute,2,68;69,exact_title,candidate
courts-sc-sc_appeal_140_2019.pdf,SRC059,Trusts Ordinance,statute,1,68;69,exact_title,candidate
courts-sc-sc_appeal_148_2019.pdf,SRC006,Registration of Documents (Amendment) Act,amendment,1,,title_and_number_year,candidate
courts-sc-sc_appeal_148_2019.pdf,SRC029,Evidence Ordinance,statute,5,6;90A;90C;90E,exact_title,candidate
courts-sc-sc_appeal_148_2019.pdf,SRC030,Civil Procedure Code,statute,19,3;4;6;7;19;80;92;373;384;385;386;387;390;391;703;706;711,exact_title,candidate
courts-sc-sc_appeal_148_2019.pdf,SRC031,Companies Act,statute,2,2;30,exact_title,candidate
courts-sc-sc_appeal_159_2019.pdf,SRC071,Prescription Ordinance,statute,3,3,exact_title,candidate
courts-sc-sc_appeal_161_2019.pdf,SRC030,Civil Procedure Code,statute,9,5;11;14;18;93,exact_title,candidate
courts-sc-sc_appeal_162-2019_am1.pdf,SRC037,Revocation of Irrevocable Deeds of Gift on the Ground of Gross Ingratitude Act,statute,1,2;3,exact_title,candidate
courts-sc-sc_appeal_163_2019.pdf,SRC029,Evidence Ordinance,statute,1,68;154,exact_title,candidate
courts-sc-sc_appeal_163_2019.pdf,SRC030,Civil Procedure Code,statute,3,68;146;150;151;154;163,exact_title,candidate
courts-sc-sc_appeal_163_2019.pdf,SRC071,Prescription Ordinance,statute,3,3,exact_title,candidate
courts-sc-sc_appeal_166_2019.pdf,SRC030,Civil Procedure Code,statute,7,545,exact_title,candidate
courts-sc-sc_appeal_171_2019.pdf,SRC027,Partition Law,statute,3,,exact_title,candidate
courts-sc-sc_appeal_171_2019.pdf,SRC029,Evidence Ordinance,statute,3,101;116;593,exact_title,candidate
courts-sc-sc_appeal_171_2019.pdf,SRC030,Civil Procedure Code,statute,3,12,exact_title,candidate
courts-sc-sc_appeal_171_2019.pdf,SRC033,Land Reform Law,statute,2,19,exact_title,candidate
courts-sc-sc_appeal_171_2019.pdf,SRC050,Land Development Ordinance,statute,1,,exact_title,candidate
courts-sc-sc_appeal_171_2019.pdf,SRC071,Prescription Ordinance,statute,2,3,exact_title,candidate
courts-sc-sc_appeal_175_2019.pdf,SRC029,Evidence Ordinance,statute,1,2;154A,exact_title,candidate
courts-sc-sc_appeal_175_2019.pdf,SRC030,Civil Procedure Code,statute,2,2;154A,exact_title,candidate
courts-sc-sc_appeal_175_2019.pdf,SRC071,Prescription Ordinance,statute,3,3,exact_title,candidate
courts-sc-sc_appeal_23_2019.pdf,SRC029,Evidence Ordinance,statute,1,3,exact_title,candidate
courts-sc-sc_appeal_23_2019.pdf,SRC071,Prescription Ordinance,statute,2,3,exact_title,candidate
courts-sc-sc_appeal_2_2019.pdf,SRC027,Partition Law,statute,4,25,exact_title,candidate
courts-sc-sc_appeal_33_2019.pdf,SRC030,Civil Procedure Code,statute,8,15;16;23;72;287;288,exact_title,candidate
courts-sc-sc_appeal_36_2019.pdf,SRC051,Land Acquisition Act,statute,2,10,exact_title,candidate
courts-sc-sc_appeal_44_2019.pdf,SRC030,Civil Procedure Code,statute,1,5,exact_title,candidate
courts-sc-sc_appeal_53_2019.pdf,SRC071,Prescription Ordinance,statute,5,3,exact_title,candidate
courts-sc-sc_appeal_54_2019.pdf,SRC029,Evidence Ordinance,statute,3,116,exact_title,candidate
courts-sc-sc_appeal_54_2019.pdf,SRC030,Civil Procedure Code,statute,3,42;472,exact_title,candidate
courts-sc-sc_appeal_57_2019.pdf,SRC027,Partition Law,statute,6,48,exact_title,candidate
courts-sc-sc_appeal_57_2019.pdf,SRC059,Trusts Ordinance,statute,2,53;83;90,exact_title,candidate
courts-sc-sc_appeal_58_2019.pdf,SRC071,Prescription Ordinance,statute,6,3,exact_title,candidate
courts-sc-sc_appeal_69_2019-1.pdf,SRC071,Prescription Ordinance,statute,1,3,exact_title,candidate
courts-sc-sc_appeal_77_2019.pdf,SRC001,Prevention of Frauds Ordinance,statute,2,2,exact_title,candidate
courts-sc-sc_appeal_77_2019.pdf,SRC027,Partition Law,statute,4,52;52A;66,exact_title,candidate
courts-sc-sc_appeal_77_2019.pdf,SRC029,Evidence Ordinance,statute,1,58,exact_title,candidate
courts-sc-sc_appeal_77_2019.pdf,SRC030,Civil Procedure Code,statute,1,184,exact_title,candidate
courts-sc-sc_appeal_84_2019.pdf,SRC033,Land Reform Law,statute,4,5;22;23;27A;42H,exact_title,candidate
courts-sc-sc_appeal_89_2019.pdf,SRC030,Civil Procedure Code,statute,8,5;54;87;662;664;666,exact_title,candidate
courts-sc-sc_appeal_98_2019.pdf,SRC071,Prescription Ordinance,statute,1,,exact_title,candidate
courts-sc-sc_chc-appeal_54_2019.pdf,SRC030,Civil Procedure Code,statute,1,5;755,exact_title,candidate
courts-sc-sc_chc_appeal_6_2019.pdf,SRC030,Civil Procedure Code,statute,1,5,exact_title,candidate
courts-sc-sc_fr_17_2019.pdf,SRC028,Rent Act,statute,1,,exact_title,candidate
courts-sc-sc_fr_17_2019.pdf,SRC049,Buddhist Temporalities Ordinance,statute,1,,exact_title,candidate
courts-sc-sc_fr_21_2019.pdf,SRC028,Rent Act,statute,1,,exact_title,candidate
courts-sc-sc_hc_cala_303_2019-1.pdf,SRC029,Evidence Ordinance,statute,1,68;162,exact_title,candidate
courts-sc-sc_hc_cala_303_2019-1.pdf,SRC030,Civil Procedure Code,statute,2,5A;154,exact_title,candidate
courts-sc-sc_hc_cala_303_2019-1.pdf,SRC050,Land Development Ordinance,statute,1,68;162,exact_title,candidate
courts-sc-sc_appeal-_-93-_-2020.pdf,SRC031,Companies Act,statute,11,2;34;217;519,exact_title,candidate
courts-sc-sc_appeal_100_2020.pdf,SRC030,Civil Procedure Code,statute,20,34;46;75;77;79B;93;142A;142F,exact_title,candidate
courts-sc-sc_appeal_100_2020.pdf,SRC071,Prescription Ordinance,statute,1,6,exact_title,candidate
courts-sc-sc_appeal_10_2020.pdf,SRC028,Rent Act,statute,1,,exact_title,candidate
courts-sc-sc_appeal_10_2020.pdf,SRC030,Civil Procedure Code,statute,3,5;44,exact_title,candidate
courts-sc-sc_appeal_10_2020.pdf,SRC071,Prescription Ordinance,statute,18,5;6;07;7;8;9;10;11;12,exact_title,candidate
courts-sc-sc_appeal_113_2020.pdf,SRC050,Land Development Ordinance,statute,8,2;19;39;40;41;161,exact_title,candidate
courts-sc-sc_appeal_116_2020.pdf,SRC030,Civil Procedure Code,statute,5,328,exact_title,candidate
courts-sc-sc_appeal_116_2020.pdf,SRC071,Prescription Ordinance,statute,22,3,exact_title,candidate
courts-sc-sc_appeal_117_2020.pdf,SRC030,Civil Procedure Code,statute,5,328,exact_title,candidate
courts-sc-sc_appeal_117_2020.pdf,SRC071,Prescription Ordinance,statute,22,3,exact_title,candidate
courts-sc-sc_appeal_13_2020.pdf,SRC001,Prevention of Frauds Ordinance,statute,3,2;68;101;102;103,exact_title,candidate
courts-sc-sc_appeal_13_2020.pdf,SRC014,Notaries Ordinance,statute,3,31,exact_title,candidate
courts-sc-sc_appeal_13_2020.pdf,SRC015,Notaries (Amendment) Act,amendment,1,31,title_and_number_year,candidate
courts-sc-sc_appeal_13_2020.pdf,SRC027,Partition Law,statute,4,68;101;102,exact_title,candidate
courts-sc-sc_appeal_13_2020.pdf,SRC029,Evidence Ordinance,statute,4,2;68;101;102;103,exact_title,candidate
courts-sc-sc_appeal_14_2020.pdf,SRC030,Civil Procedure Code,statute,2,41,exact_title,candidate
courts-sc-sc_appeal_14_2020.pdf,SRC071,Prescription Ordinance,statute,1,3,exact_title,candidate
courts-sc-sc_appeal_27_2020.pdf,SRC005,Registration of Documents Ordinance,statute,1,32,exact_title,candidate
courts-sc-sc_appeal_27_2020.pdf,SRC009,Registration of Documents (Amendment) Act,amendment,1,32,title_and_number_year,candidate
courts-sc-sc_appeal_27_2020.pdf,SRC029,Evidence Ordinance,statute,3,68;69,exact_title,candidate
courts-sc-sc_appeal_27_2020.pdf,SRC071,Prescription Ordinance,statute,1,10,exact_title,candidate
courts-sc-sc_appeal_33_2020.pdf,SRC014,Notaries Ordinance,statute,6,5;24;31;33,exact_title,candidate
courts-sc-sc_appeal_33_2020.pdf,SRC030,Civil Procedure Code,statute,3,24;25;33,exact_title,candidate
courts-sc-sc_appeal_38_2020.pdf,SRC030,Civil Procedure Code,statute,8,406,exact_title,candidate
courts-sc-sc_appeal_3_2020.pdf,SRC027,Partition Law,statute,3,2;26,exact_title,candidate
courts-sc-sc_appeal_44_2020-1.pdf,SRC027,Partition Law,statute,8,25,exact_title,candidate
courts-sc-sc_appeal_47_2020.pdf,SRC001,Prevention of Frauds Ordinance,statute,7,2;83;92,exact_title,candidate
courts-sc-sc_appeal_47_2020.pdf,SRC002,Prevention of Frauds (Amendment) Act,amendment,1,2;83,title_and_number_year,candidate
courts-sc-sc_appeal_47_2020.pdf,SRC029,Evidence Ordinance,statute,7,2;83;91;92,exact_title,candidate
courts-sc-sc_appeal_47_2020.pdf,SRC059,Trusts Ordinance,statute,7,2;83;92,exact_title,candidate
courts-sc-sc_appeal_48_2020.pdf,SRC028,Rent Act,statute,1,,exact_title,candidate
courts-sc-sc_appeal_48_2020.pdf,SRC029,Evidence Ordinance,statute,2,74;76,exact_title,candidate
courts-sc-sc_appeal_48_2020.pdf,SRC031,Companies Act,statute,4,6,exact_title,candidate
courts-sc-sc_appeal_49_2020.pdf,SRC029,Evidence Ordinance,statute,5,2;3;68;154A,exact_title,candidate
courts-sc-sc_appeal_49_2020.pdf,SRC030,Civil Procedure Code,statute,6,2;3;68;154;154A,exact_title,candidate
courts-sc-sc_appeal_51_2020-1.pdf,SRC029,Evidence Ordinance,statute,1,32,exact_title,candidate
courts-sc-sc_appeal_54_2020.pdf,SRC029,Evidence Ordinance,statute,1,3,exact_title,candidate
courts-sc-sc_appeal_54_2020.pdf,SRC071,Prescription Ordinance,statute,2,5;6;7;8;9;10;11,exact_title,candidate
courts-sc-sc_appeal_55_2020.pdf,SRC001,Prevention of Frauds Ordinance,statute,5,2;68,exact_title,candidate
courts-sc-sc_appeal_55_2020.pdf,SRC024,Wills Ordinance,statute,1,154A,exact_title,candidate
courts-sc-sc_appeal_55_2020.pdf,SRC029,Evidence Ordinance,statute,45,2;3;61;62;63;64;65;68;69;70;71;89;92;154;154A,exact_title,candidate
courts-sc-sc_appeal_55_2020.pdf,SRC030,Civil Procedure Code,statute,11,2;68;154;154A,exact_title,candidate
courts-sc-sc_appeal_56_2020.pdf,SRC001,Prevention of Frauds Ordinance,statute,19,2;15;16;30;31;33,exact_title,candidate
courts-sc-sc_appeal_56_2020.pdf,SRC014,Notaries Ordinance,statute,12,2;15;16;30;31;33,exact_title,candidate
courts-sc-sc_appeal_56_2020.pdf,SRC029,Evidence Ordinance,statute,5,13;64;65;68;162,exact_title,candidate
courts-sc-sc_appeal_56_2020.pdf,SRC030,Civil Procedure Code,statute,1,64;65;162,exact_title,candidate
courts-sc-sc_appeal_60_2020.pdf,SRC027,Partition Law,statute,10,26;31;35;36A;37;38;42;754,exact_title,candidate
courts-sc-sc_appeal_60_2020.pdf,SRC030,Civil Procedure Code,statute,1,36A;754,exact_title,candidate
courts-sc-sc_appeal_69_2020.pdf,SRC029,Evidence Ordinance,statute,1,3;116,exact_title,candidate
courts-sc-sc_appeal_69_2020.pdf,SRC071,Prescription Ordinance,statute,4,3;116,exact_title,candidate
courts-sc-sc_appeal_70_2020.pdf,SRC001,Prevention of Frauds Ordinance,statute,1,2;31;33,exact_title,candidate
courts-sc-sc_appeal_70_2020.pdf,SRC014,Notaries Ordinance,statute,2,2;31;33,exact_title,candidate
courts-sc-sc_appeal_70_2020.pdf,SRC059,Trusts Ordinance,statute,1,83,exact_title,candidate
courts-sc-sc_appeal_74_2020.pdf,SRC001,Prevention of Frauds Ordinance,statute,8,2;83;91;92,exact_title,candidate
courts-sc-sc_appeal_74_2020.pdf,SRC002,Prevention of Frauds (Amendment) Act,amendment,1,2,title_and_number_year,candidate
courts-sc-sc_appeal_74_2020.pdf,SRC029,Evidence Ordinance,statute,8,2;83;91;92,exact_title,candidate
courts-sc-sc_appeal_74_2020.pdf,SRC059,Trusts Ordinance,statute,9,2;65;66;83;92,exact_title,candidate
courts-sc-sc_appeal_7_2020.pdf,SRC071,Prescription Ordinance,statute,1,3,exact_title,candidate
courts-sc-sc_appeal_81_2020.pdf,SRC005,Registration of Documents Ordinance,statute,1,12;13;19;25;66;70,exact_title,candidate
courts-sc-sc_appeal_81_2020.pdf,SRC027,Partition Law,statute,3,12;13;19;25;66;70,exact_title,candidate
courts-sc-sc_appeal_81_2020.pdf,SRC030,Civil Procedure Code,statute,4,5;6,exact_title,candidate
courts-sc-sc_appeal_82_2020.pdf,SRC005,Registration of Documents Ordinance,statute,1,36;66,exact_title,candidate
courts-sc-sc_appeal_82_2020.pdf,SRC027,Partition Law,statute,9,12;16;18;19;36;66;70,exact_title,candidate
courts-sc-sc_appeal_91_2020.pdf,SRC030,Civil Procedure Code,statute,9,5;326;327;328;329,exact_title,candidate
courts-sc-sc_fr_13_2020.pdf,SRC001,Prevention of Frauds Ordinance,statute,1,4,exact_title,candidate
courts-sc-sc_fr_13_2020.pdf,SRC049,Buddhist Temporalities Ordinance,statute,1,,exact_title,candidate
courts-sc-sc_appeal_112_2021.pdf,SRC056,State Lands Ordinance,statute,2,6,exact_title,candidate
courts-sc-sc_appeal_11_2021.pdf,SRC006,Registration of Documents (Amendment) Act,amendment,1,,title_and_number_year,candidate
courts-sc-sc_appeal_11_2021.pdf,SRC030,Civil Procedure Code,statute,4,287;288,exact_title,candidate
courts-sc-sc_appeal_11_2021.pdf,SRC044,Bank of Ceylon Ordinance,statute,9,13;17;18;19,exact_title,candidate
courts-sc-sc_appeal_11_2021.pdf,SRC064,Mortgage Act,statute,8,73;88,exact_title,candidate
courts-sc-sc_appeal_11_2021.pdf,SRC074,State Mortgage and Investment Bank Law,statute,1,,exact_title,candidate
courts-sc-sc_appeal_11_2021.pdf,SRC076,National Housing Act,statute,1,,exact_title,candidate
courts-sc-sc_appeal_11_2021.pdf,SRC080,People's Bank Act,statute,4,13,exact_title,candidate
courts-sc-sc_appeal_121_2021.pdf,SRC030,Civil Procedure Code,statute,7,12;14A;181;183A;438,exact_title,candidate
courts-sc-sc_appeal_18_2021.pdf,SRC001,Prevention of Frauds Ordinance,statute,8,2;5;91;92;107,exact_title,candidate
courts-sc-sc_appeal_18_2021.pdf,SRC029,Evidence Ordinance,statute,7,2;5;91;92;107,exact_title,candidate
courts-sc-sc_appeal_18_2021.pdf,SRC059,Trusts Ordinance,statute,15,2;3;5;82;83;91;92;96;98;107,exact_title,candidate
courts-sc-sc_appeal_29_2021.pdf,SRC001,Prevention of Frauds Ordinance,statute,13,2;31;68,exact_title,candidate
courts-sc-sc_appeal_29_2021.pdf,SRC003,Prevention of Frauds (Amendment) Act,amendment,1,2,title_and_number_year,candidate
courts-sc-sc_appeal_29_2021.pdf,SRC014,Notaries Ordinance,statute,16,2;31;33,exact_title,candidate
courts-sc-sc_appeal_29_2021.pdf,SRC029,Evidence Ordinance,statute,1,2;68,exact_title,candidate
courts-sc-sc_appeal_2_2021.pdf,SRC029,Evidence Ordinance,statute,8,41;41A;773,exact_title,candidate
courts-sc-sc_appeal_2_2021.pdf,SRC030,Civil Procedure Code,statute,3,41A;773,exact_title,candidate
courts-sc-sc_appeal_32_2021.pdf,SRC029,Evidence Ordinance,statute,1,114,exact_title,candidate
courts-sc-sc_appeal_35_2021-1.pdf,SRC029,Evidence Ordinance,statute,5,3;115;116,exact_title,candidate
courts-sc-sc_appeal_35_2021-1.pdf,SRC030,Civil Procedure Code,statute,3,160,exact_title,candidate
courts-sc-sc_appeal_35_2021-1.pdf,SRC054,Land Settlement Ordinance,statute,1,,exact_title,candidate
courts-sc-sc_appeal_48_2021.pdf,SRC030,Civil Procedure Code,statute,7,6;22;388;704;706,exact_title,candidate
courts-sc-sc_appeal_48_2021.pdf,SRC031,Companies Act,statute,3,,exact_title,candidate
courts-sc-sc_appeal_48_2021.pdf,SRC064,Mortgage Act,statute,1,,exact_title,candidate
courts-sc-sc_appeal_53_2021.pdf,SRC030,Civil Procedure Code,statute,6,42;54;87;662;664;666,exact_title,candidate
courts-sc-sc_appeal_58_2021.pdf,SRC071,Prescription Ordinance,statute,3,5;6;7;8;9;10;11,exact_title,candidate
courts-sc-sc_appeal_59_2021.pdf,SRC029,Evidence Ordinance,statute,3,5,exact_title,candidate
courts-sc-sc_appeal_60_2021.pdf,SRC029,Evidence Ordinance,statute,2,32;50,exact_title,candidate
courts-sc-sc_appeal_60_2021.pdf,SRC030,Civil Procedure Code,statute,2,771,exact_title,candidate
courts-sc-sc_appeal_63_2021.pdf,SRC001,Prevention of Frauds Ordinance,statute,2,2,exact_title,candidate
courts-sc-sc_appeal_63_2021.pdf,SRC024,Wills Ordinance,statute,1,154A,exact_title,candidate
courts-sc-sc_appeal_63_2021.pdf,SRC029,Evidence Ordinance,statute,4,2;3;67;68;154A,exact_title,candidate
courts-sc-sc_appeal_63_2021.pdf,SRC030,Civil Procedure Code,statute,3,2;3;154A,exact_title,candidate
courts-sc-sc_appeal_6_2021.pdf,SRC027,Partition Law,statute,7,1;26;32;36,exact_title,candidate
courts-sc-sc_appeal_76_2021.pdf,SRC049,Buddhist Temporalities Ordinance,statute,1,34,exact_title,candidate
courts-sc-sc_appeal_76_2021.pdf,SRC071,Prescription Ordinance,statute,1,34,exact_title,candidate
courts-sc-sc_appeal_78_2021.pdf,SRC030,Civil Procedure Code,statute,30,8;16;59;75;84;85;86;87;88;839,exact_title,candidate
courts-sc-sc_appeal_78_2021.pdf,SRC064,Mortgage Act,statute,9,16;59;84;85;86;87;88;839,exact_title,candidate
courts-sc-sc_appeal_7_2021.pdf,SRC030,Civil Procedure Code,statute,1,41;46,exact_title,candidate
courts-sc-sc_appeal_82_2021.pdf,SRC024,Wills Ordinance,statute,1,2;3;154A,exact_title,candidate
courts-sc-sc_appeal_82_2021.pdf,SRC029,Evidence Ordinance,statute,8,2;3;68;73;102;103;154A,exact_title,candidate
courts-sc-sc_appeal_82_2021.pdf,SRC030,Civil Procedure Code,statute,6,154;154A,exact_title,candidate
courts-sc-sc_appeal_82_2021.pdf,SRC031,Companies Act,statute,1,,exact_title,candidate
courts-sc-sc_appeal_85_2021.pdf,SRC011,Registration of Title Act,statute,6,2;10;11;41;44;54,exact_title,candidate
courts-sc-sc_appeal_85_2021.pdf,SRC027,Partition Law,statute,3,,exact_title,candidate
courts-sc-sc_appeal_85_2021.pdf,SRC030,Civil Procedure Code,statute,4,2;26;839,exact_title,candidate
courts-sc-sc_appeal_85_2021.pdf,SRC040,Surveyors Ordinance,statute,3,4;6;18;25,exact_title,candidate
courts-sc-sc_appeal_85_2021.pdf,SRC043,Survey Act,statute,15,6;18;25;44;66,exact_title,candidate
courts-sc-sc_appeal_85_2021.pdf,SRC051,Land Acquisition Act,statute,1,44,exact_title,candidate
courts-sc-sc_appeal_8_2021-1.pdf,SRC030,Civil Procedure Code,statute,10,31;32;37;839,exact_title,candidate
courts-sc-sc_appeal_95_2021.pdf,SRC029,Evidence Ordinance,statute,3,150;151;152;176;177,exact_title,candidate
courts-sc-sc_appeal_95_2021.pdf,SRC030,Civil Procedure Code,statute,2,150;151;152;176;177,exact_title,candidate
courts-sc-sc_fr_278_2021.pdf,SRC011,Registration of Title Act,statute,7,11;12;14,exact_title,candidate
courts-sc-sc_fr_46_2021.pdf,SRC030,Civil Procedure Code,statute,1,40,exact_title,candidate
courts-sc-sc_fr_46_2021.pdf,SRC071,Prescription Ordinance,statute,1,10,exact_title,candidate
courts-sc-sc-_-appeal-_-39-_-2022_amd2.pdf,SRC029,Evidence Ordinance,statute,1,116,exact_title,candidate
courts-sc-sc-_-appeal-_-39-_-2022_amd2.pdf,SRC030,Civil Procedure Code,statute,7,17;25,exact_title,candidate
courts-sc-sc_appeal_108_2022-1.pdf,SRC029,Evidence Ordinance,statute,2,116,exact_title,candidate
courts-sc-sc_appeal_109_2022.pdf,SRC059,Trusts Ordinance,statute,5,4,exact_title,candidate
courts-sc-sc_appeal_124_2022.pdf,SRC062,Pradeshiya Sabha Act,statute,1,24,exact_title,candidate
courts-sc-sc_appeal_155_2022.pdf,SRC030,Civil Procedure Code,statute,4,35;46;93,exact_title,candidate
courts-sc-sc_appeal_155_2022.pdf,SRC071,Prescription Ordinance,statute,1,3,exact_title,candidate
courts-sc-sc_appeal_16_2022.pdf,SRC030,Civil Procedure Code,statute,8,5;10;12;18,exact_title,candidate
courts-sc-sc_appeal_16_2022.pdf,SRC033,Land Reform Law,statute,8,5;22;23;27;27A;42A;42H,exact_title,candidate
courts-sc-sc_appeal_16_2022.pdf,SRC051,Land Acquisition Act,statute,16,5;7;9;10;12;17;18,exact_title,candidate
courts-sc-sc_appeal_1_2022.pdf,SRC059,Trusts Ordinance,statute,6,000;65;84,exact_title,candidate
courts-sc-sc_appeal_23_2022ed1.pdf,SRC029,Evidence Ordinance,statute,5,8;17;21;58,exact_title,candidate
courts-sc-sc_appeal_23_2022ed1.pdf,SRC030,Civil Procedure Code,statute,5,46;75;150,exact_title,candidate
courts-sc-sc_appeal_24_2022.pdf,SRC059,Trusts Ordinance,statute,10,83;84;85;86;87;88;98,exact_title,candidate
courts-sc-sc_appeal_34_2022.pdf,SRC054,Land Settlement Ordinance,statute,15,4;8;11,exact_title,candidate
courts-sc-sc_appeal_46_2022.pdf,SRC059,Trusts Ordinance,statute,7,83;98,exact_title,candidate
courts-sc-sc_appeal_54_2022.pdf,SRC030,Civil Procedure Code,statute,5,85;86;839,exact_title,candidate
courts-sc-sc_appeal_78_2022.pdf,SRC029,Evidence Ordinance,statute,3,32;50,exact_title,candidate
courts-sc-sc_appeal_80_2022.pdf,SRC071,Prescription Ordinance,statute,7,3,exact_title,candidate
courts-sc-sc_appeal_81_2022.pdf,SRC001,Prevention of Frauds Ordinance,statute,1,2,exact_title,candidate
courts-sc-sc_appeal_81_2022.pdf,SRC029,Evidence Ordinance,statute,1,72;114,exact_title,candidate
courts-sc-sc_appeal_81_2022.pdf,SRC050,Land Development Ordinance,statute,7,19A;72;155;156;157,exact_title,candidate
courts-sc-sc_appeal_93_2022.pdf,SRC005,Registration of Documents Ordinance,statute,1,38;39,exact_title,candidate
courts-sc-sc_appeal_93_2022.pdf,SRC014,Notaries Ordinance,statute,1,,exact_title,candidate
courts-sc-sc_chc_appeal_43_2022.pdf,SRC029,Evidence Ordinance,statute,1,115,exact_title,candidate
courts-sc-sc_chc_appeal_43_2022.pdf,SRC031,Companies Act,statute,4,8;81,exact_title,candidate
courts-sc-sc_fr_351_2022.pdf,SRC049,Buddhist Temporalities Ordinance,statute,1,4;5,exact_title,candidate
courts-sc-sc_rule_4_2022.pdf,SRC014,Notaries Ordinance,statute,5,3;31;34;39;454,exact_title,candidate
courts-sc-sc_rule_8_2022.pdf,SRC014,Notaries Ordinance,statute,12,17;18;20;26;31;42,exact_title,candidate
courts-sc-sc_appeal_135_2023.pdf,SRC071,Prescription Ordinance,statute,1,3;13,exact_title,candidate
courts-sc-sc_appeal_148_2023.pdf,SRC027,Partition Law,statute,2,48;49;85;187,exact_title,candidate
courts-sc-sc_appeal_148_2023.pdf,SRC030,Civil Procedure Code,statute,3,48;49;85;187;839,exact_title,candidate
courts-sc-sc_appeal_151_2023.pdf,SRC071,Prescription Ordinance,statute,4,3,exact_title,candidate
courts-sc-sc_appeal_177_2023.pdf,SRC028,Rent Act,statute,11,2,exact_title,candidate
courts-sc-sc_appeal_31_2023.pdf,SRC030,Civil Procedure Code,statute,16,3;5;06;6;10;16;29N;29P;40;287;288,exact_title,candidate
courts-sc-sc_appeal_31_2023.pdf,SRC071,Prescription Ordinance,statute,10,3;06;6;10;16;29P;287;288,exact_title,candidate
courts-sc-sc_appeal_31_2023.pdf,SRC080,People's Bank Act,statute,20,3;5;06;6;10;16;29N;29P;40;287;288,exact_title,candidate
courts-sc-sc_appeal_49_2023.pdf,SRC014,Notaries Ordinance,statute,2,,exact_title,candidate
courts-sc-sc_appeal_49_2023.pdf,SRC015,Notaries (Amendment) Act,amendment,1,,title_and_number_year,candidate
courts-sc-sc_appeal_49_2023.pdf,SRC029,Evidence Ordinance,statute,6,,exact_title,candidate
courts-sc-sc_appeal_56_2023.pdf,SRC029,Evidence Ordinance,statute,1,90,exact_title,candidate
courts-sc-sc_appeal_56_2023.pdf,SRC071,Prescription Ordinance,statute,2,3,exact_title,candidate
courts-sc-sc_appeal_6_2023_ed1.pdf,SRC001,Prevention of Frauds Ordinance,statute,2,92,exact_title,candidate
courts-sc-sc_appeal_6_2023_ed1.pdf,SRC029,Evidence Ordinance,statute,1,92,exact_title,candidate
courts-sc-sc_appeal_6_2023_ed1.pdf,SRC059,Trusts Ordinance,statute,2,8;83,exact_title,candidate
courts-sc-sc_appeal_71_72_2023.pdf,SRC027,Partition Law,statute,5,7;35;36;79;187,exact_title,candidate
courts-sc-sc_appeal_71_72_2023.pdf,SRC030,Civil Procedure Code,statute,8,79;184;187,exact_title,candidate
courts-sc-sc_chc_appeal_38_2023.pdf,SRC029,Evidence Ordinance,statute,1,90C,exact_title,candidate
courts-sc-sc_chc_appeal_38_2023.pdf,SRC030,Civil Procedure Code,statute,1,5;754,exact_title,candidate
courts-sc-sc_rule_5_2023.pdf,SRC014,Notaries Ordinance,statute,1,26,exact_title,candidate
courts-sc-sc_appeal_13_2024_ed2.pdf,SRC001,Prevention of Frauds Ordinance,statute,1,2,exact_title,candidate
courts-sc-sc_appeal_13_2024_ed2.pdf,SRC027,Partition Law,statute,1,26,exact_title,candidate
courts-sc-sc_appeal_13_2024_ed2.pdf,SRC029,Evidence Ordinance,statute,2,68;101,exact_title,candidate
courts-sc-sc_appeal_13_2024_ed2.pdf,SRC030,Civil Procedure Code,statute,1,154A,exact_title,candidate
courts-sc-sc_appeal_13_2024_ed2.pdf,SRC071,Prescription Ordinance,statute,2,3,exact_title,candidate
courts-sc-sc_appeal_30_2024.pdf,SRC050,Land Development Ordinance,statute,4,,exact_title,candidate
courts-sc-sc_appeal_39_2024.pdf,SRC030,Civil Procedure Code,statute,1,325,exact_title,candidate
courts-sc-sc_appeal_39_2024.pdf,SRC071,Prescription Ordinance,statute,2,3,exact_title,candidate
courts-sc-sc_appeal_51_2024.pdf,SRC027,Partition Law,statute,7,19;26;36;48,exact_title,candidate
courts-sc-sc_appeal_51_2024.pdf,SRC030,Civil Procedure Code,statute,5,27;28;29,exact_title,candidate
courts-sc-sc_appeal_52_2024.pdf,SRC029,Evidence Ordinance,statute,5,2;68;114;154A,exact_title,candidate
courts-sc-sc_appeal_52_2024.pdf,SRC030,Civil Procedure Code,statute,3,2;154;154A,exact_title,candidate
courts-sc-sc_appeal_52_2024.pdf,SRC071,Prescription Ordinance,statute,2,3,exact_title,candidate
courts-sc-sc_appeal_59_2024.pdf,SRC030,Civil Procedure Code,statute,2,4;40;46,exact_title,candidate
courts-sc-sc_appeal_62_2024.pdf,SRC001,Prevention of Frauds Ordinance,statute,2,2;75,exact_title,candidate
courts-sc-sc_appeal_62_2024.pdf,SRC030,Civil Procedure Code,statute,1,75,exact_title,candidate
courts-sc-sc_rule_4_2024-1.pdf,SRC014,Notaries Ordinance,statute,1,,exact_title,candidate
courts-sc-sc_appeal_122_2025.pdf,SRC012,Apartment Ownership Law,statute,2,5;8,exact_title,candidate
courts-sc-sc_appeal_122_2025.pdf,SRC030,Civil Procedure Code,statute,1,5,exact_title,candidate
courts-sc-sc_appeal_122_2025.pdf,SRC064,Mortgage Act,statute,1,5;8,exact_title,candidate
courts-sc-sc_appeal_152_2025.pdf,SRC001,Prevention of Frauds Ordinance,statute,1,,exact_title,candidate
courts-sc-sc_appeal_152_2025.pdf,SRC037,Revocation of Irrevocable Deeds of Gift on the Ground of Gross Ingratitude Act,statute,1,,exact_title,candidate
courts-sc-sc_appeal_152_2025.pdf,SRC049,Buddhist Temporalities Ordinance,statute,1,4;5;20;99,exact_title,candidate
courts-sc-sc_appeal_152_2025.pdf,SRC059,Trusts Ordinance,statute,1,99,exact_title,candidate
courts-sc-sc_appeal_152_2025.pdf,SRC071,Prescription Ordinance,statute,2,3,exact_title,candidate
courts-sc-sc_appeal_175_2025.pdf,SRC001,Prevention of Frauds Ordinance,statute,1,2;31;33,exact_title,candidate
courts-sc-sc_appeal_175_2025.pdf,SRC014,Notaries Ordinance,statute,4,2;31;33,exact_title,candidate
courts-sc-sc_appeal_175_2025.pdf,SRC029,Evidence Ordinance,statute,6,68,exact_title,candidate
courts-sc-sc_appeal_191_192_2025-1.pdf,SRC029,Evidence Ordinance,statute,3,2;68;154A,exact_title,candidate
courts-sc-sc_appeal_191_192_2025-1.pdf,SRC030,Civil Procedure Code,statute,4,2;3;68;154;154A,exact_title,candidate
courts-sc-sc_appeal_1_2025-1.pdf,SRC029,Evidence Ordinance,statute,6,90;145;155;156;161,exact_title,candidate
courts-sc-sc_appeal_1_2025-1.pdf,SRC030,Civil Procedure Code,statute,34,21;50;54;79;79A;80;80A;82;90;114;121;142A;142D;154;154A;155;156;161;175,exact_title,candidate
courts-sc-sc_appeal_65_2025-2.pdf,SRC027,Partition Law,statute,1,36;36A,exact_title,candidate
courts-sc-sc_appeal_65_2025-2.pdf,SRC030,Civil Procedure Code,statute,4,2;5A;23;27;36;753;754;760;765;777,exact_title,candidate
courts-sc-sc_appeal_67_2025.pdf,SRC029,Evidence Ordinance,statute,1,116,exact_title,candidate
courts-sc-sc_appeal_84_2025_ed.pdf,SRC050,Land Development Ordinance,statute,5,2,exact_title,candidate
courts-sc-sc_appeal_94_2025.pdf,SRC071,Prescription Ordinance,statute,2,3,exact_title,candidate
courts-sc-sc_appeal_96_2025.pdf,SRC028,Rent Act,statute,2,,exact_title,candidate
courts-sc-sc_appeal_96_2025.pdf,SRC030,Civil Procedure Code,statute,1,54;662;667,exact_title,candidate
