case_id,source,text_path,manifest_chars,raw_chars,clean_chars,replacement_characters,quality_flags,usable
commonlii-LKCA-1872-1,commonlii,data/legal-sources/library/case-law/commonlii/LKCA/1872/1.txt,7363,7363,7363,0,,True
commonlii-LKCA-1872-2,commonlii,data/legal-sources/library/case-law/commonlii/LKCA/1872/2.txt,11168,11168,11168,0,,True
commonlii-LKCA-1872-5,commonlii,data/legal-sources/library/case-law/commonlii/LKCA/1872/5.txt,11290,11290,11290,1,replacement_character,False
commonlii-LKCA-1873-1,commonlii,data/legal-sources/library/case-law/commonlii/LKCA/1873/1.txt,27134,27134,27134,0,,True
commonlii-LKCA-1875-1,commonlii,data/legal-sources/library/case-law/commonlii/LKCA/1875/1.txt,24710,24710,24710,20,replacement_character,False
commonlii-LKCA-1876-1,commonlii,data/legal-sources/library/case-law/commonlii/LKCA/1876/1.txt,52217,52217,52217,7,replacement_character,False
commonlii-LKCA-1878-1,commonlii,data/legal-sources/library/case-law/commonlii/LKCA/1878/1.txt,8187,8187,8187,0,,True
commonlii-LKCA-1878-4,commonlii,data/legal-sources/library/case-law/commonlii/LKCA/1878/4.txt,3285,3285,3285,2,replacement_character,False
commonlii-LKCA-1878-5,commonlii,data/legal-sources/library/case-law/commonlii/LKCA/1878/5.txt,21351,21351,21351,1,replacement_character,False
commonlii-LKCA-1880-1,commonlii,data/legal-sources/library/case-law/commonlii/LKCA/1880/1.txt,27743,27743,27743,0,,True
commonlii-LKCA-1883-1,commonlii,data/legal-sources/library/case-law/commonlii/LKCA/1883/1.txt,15870,15870,15870,0,,True
commonlii-LKCA-1883-2,commonlii,data/legal-sources/library/case-law/commonlii/LKCA/1883/2.txt,28584,28584,28584,0,,True
commonlii-LKCA-1884-2,commonlii,data/legal-sources/library/case-law/commonlii/LKCA/1884/2.txt,95738,95738,95738,0,,True
commonlii-LKCA-1885-1,commonlii,data/legal-sources/library/case-law/commonlii/LKCA/1885/1.txt,6599,6599,6599,0,,True
commonlii-LKCA-1886-2,commonlii,data/legal-sources/library/case-law/commonlii/LKCA/1886/2.txt,4995,4995,4995,1,replacement_character,False
commonlii-LKCA-1887-1,commonlii,data/legal-sources/library/case-law/commonlii/LKCA/1887/1.txt,5472,5472,5472,0,,True
commonlii-LKCA-1889-1,commonlii,data/legal-sources/library/case-law/commonlii/LKCA/1889/1.txt,10564,10564,10564,6,replacement_character,False
commonlii-LKCA-1889-2,commonlii,data/legal-sources/library/case-law/commonlii/LKCA/1889/2.txt,5686,5686,5686,0,,True
commonlii-LKCA-1890-1,commonlii,data/legal-sources/library/case-law/commonlii/LKCA/1890/1.txt,20148,20148,20148,0,,True
commonlii-LKCA-1890-3,commonlii,data/legal-sources/library/case-law/commonlii/LKCA/1890/3.txt,8392,8392,8392,0,,True
commonlii-LKCA-1893-2,commonlii,data/legal-sources/library/case-law/commonlii/LKCA/1893/2.txt,9562,9562,9562,3,replacement_character,False
commonlii-LKCA-1893-3,commonlii,data/legal-sources/library/case-law/commonlii/LKCA/1893/3.txt,75432,75432,75432,0,,True
commonlii-LKCA-1893-5,commonlii,data/legal-sources/library/case-law/commonlii/LKCA/1893/5.txt,18131,18131,18131,0,,True
commonlii-LKCA-1893-6,commonlii,data/legal-sources/library/case-law/commonlii/LKCA/1893/6.txt,9224,9224,9224,3,replacement_character,False
commonlii-LKCA-1893-7,commonlii,data/legal-sources/library/case-law/commonlii/LKCA/1893/7.txt,19265,19265,19265,3,replacement_character,False
commonlii-LKCA-1894-1,commonlii,data/legal-sources/library/case-law/commonlii/LKCA/1894/1.txt,19207,19207,19207,4,replacement_character,False
commonlii-LKCA-1894-3,commonlii,data/legal-sources/library/case-law/commonlii/LKCA/1894/3.txt,5493,5493,5493,1,replacement_character,False
commonlii-LKCA-1894-7,commonlii,data/legal-sources/library/case-law/commonlii/LKCA/1894/7.txt,10155,10155,10155,0,,True
commonlii-LKCA-1895-15,commonlii,data/legal-sources/library/case-law/commonlii/LKCA/1895/15.txt,4660,4660,4660,0,,True
commonlii-LKCA-1895-2,commonlii,data/legal-sources/library/case-law/commonlii/LKCA/1895/2.txt,9750,9750,9750,7,replacement_character,False
commonlii-LKCA-1895-20,commonlii,data/legal-sources/library/case-law/commonlii/LKCA/1895/20.txt,3156,3156,3156,0,,True
commonlii-LKCA-1895-23,commonlii,data/legal-sources/library/case-law/commonlii/LKCA/1895/23.txt,8345,8345,8345,3,replacement_character,False
commonlii-LKCA-1895-24,commonlii,data/legal-sources/library/case-law/commonlii/LKCA/1895/24.txt,9954,9954,9954,2,replacement_character,False
commonlii-LKCA-1895-26,commonlii,data/legal-sources/library/case-law/commonlii/LKCA/1895/26.txt,41501,41501,41501,11,replacement_character,False
commonlii-LKCA-1895-27,commonlii,data/legal-sources/library/case-law/commonlii/LKCA/1895/27.txt,11323,11323,11323,0,,True
commonlii-LKCA-1895-33,commonlii,data/legal-sources/library/case-law/commonlii/LKCA/1895/33.txt,6848,6848,6848,3,replacement_character,False
commonlii-LKCA-1895-4,commonlii,data/legal-sources/library/case-law/commonlii/LKCA/1895/4.txt,6372,6372,6372,1,replacement_character,False
commonlii-LKCA-1895-41,commonlii,data/legal-sources/library/case-law/commonlii/LKCA/1895/41.txt,15571,15571,15571,15,replacement_character,False
commonlii-LKCA-1895-43,commonlii,data/legal-sources/library/case-law/commonlii/LKCA/1895/43.txt,3542,3542,3542,0,,True
commonlii-LKCA-1895-44,commonlii,data/legal-sources/library/case-law/commonlii/LKCA/1895/44.txt,5160,5160,5160,2,replacement_character,False
commonlii-LKCA-1895-45,commonlii,data/legal-sources/library/case-law/commonlii/LKCA/1895/45.txt,16756,16756,16756,8,replacement_character,False
commonlii-LKCA-1895-46,commonlii,data/legal-sources/library/case-law/commonlii/LKCA/1895/46.txt,11458,11458,11458,2,replacement_character,False
commonlii-LKCA-1895-48,commonlii,data/legal-sources/library/case-law/commonlii/LKCA/1895/48.txt,5974,5974,5974,3,replacement_character,False
commonlii-LKCA-1895-49,commonlii,data/legal-sources/library/case-law/commonlii/LKCA/1895/49.txt,3218,3218,3218,0,,True
commonlii-LKCA-1895-51,commonlii,data/legal-sources/library/case-law/commonlii/LKCA/1895/51.txt,3397,3397,3397,0,,True
commonlii-LKCA-1895-53,commonlii,data/legal-sources/library/case-law/commonlii/LKCA/1895/53.txt,4452,4452,4452,0,,True
commonlii-LKCA-1895-59,commonlii,data/legal-sources/library/case-law/commonlii/LKCA/1895/59.txt,19792,19792,19792,3,replacement_character,False
commonlii-LKCA-1895-64,commonlii,data/legal-sources/library/case-law/commonlii/LKCA/1895/64.txt,6776,6776,6776,5,replacement_character,False
commonlii-LKCA-1895-67,commonlii,data/legal-sources/library/case-law/commonlii/LKCA/1895/67.txt,16625,16625,16625,14,replacement_character,False
commonlii-LKCA-1895-68,commonlii,data/legal-sources/library/case-law/commonlii/LKCA/1895/68.txt,8419,8419,8419,12,replacement_character,False
commonlii-LKCA-1895-70,commonlii,data/legal-sources/library/case-law/commonlii/LKCA/1895/70.txt,14651,14651,14651,0,,True
commonlii-LKCA-1895-77,commonlii,data/legal-sources/library/case-law/commonlii/LKCA/1895/77.txt,10955,10955,10955,3,replacement_character,False
commonlii-LKCA-1896-17,commonlii,data/legal-sources/library/case-law/commonlii/LKCA/1896/17.txt,6638,6638,6638,0,,True
commonlii-LKCA-1896-18,commonlii,data/legal-sources/library/case-law/commonlii/LKCA/1896/18.txt,5032,5032,5032,2,replacement_character,False
commonlii-LKCA-1896-2,commonlii,data/legal-sources/library/case-law/commonlii/LKCA/1896/2.txt,3751,3751,3751,0,,True
commonlii-LKCA-1896-20,commonlii,data/legal-sources/library/case-law/commonlii/LKCA/1896/20.txt,4275,4275,4275,1,replacement_character,False
commonlii-LKCA-1896-23,commonlii,data/legal-sources/library/case-law/commonlii/LKCA/1896/23.txt,5125,5125,5125,0,,True
commonlii-LKCA-1896-24,commonlii,data/legal-sources/library/case-law/commonlii/LKCA/1896/24.txt,19475,19475,19475,14,replacement_character,False
commonlii-LKCA-1896-25,commonlii,data/legal-sources/library/case-law/commonlii/LKCA/1896/25.txt,3482,3482,3482,0,,True
commonlii-LKCA-1896-29,commonlii,data/legal-sources/library/case-law/commonlii/LKCA/1896/29.txt,7707,7707,7707,1,replacement_character,False
commonlii-LKCA-1896-3,commonlii,data/legal-sources/library/case-law/commonlii/LKCA/1896/3.txt,2849,2849,2849,0,,True
commonlii-LKCA-1896-31,commonlii,data/legal-sources/library/case-law/commonlii/LKCA/1896/31.txt,13013,13013,13013,0,,True
commonlii-LKCA-1896-34,commonlii,data/legal-sources/library/case-law/commonlii/LKCA/1896/34.txt,15156,15156,15156,9,replacement_character,False
commonlii-LKCA-1896-35,commonlii,data/legal-sources/library/case-law/commonlii/LKCA/1896/35.txt,9540,9540,9540,10,replacement_character,False
commonlii-LKCA-1896-36,commonlii,data/legal-sources/library/case-law/commonlii/LKCA/1896/36.txt,9786,9786,9786,10,replacement_character,False
commonlii-LKCA-1896-41,commonlii,data/legal-sources/library/case-law/commonlii/LKCA/1896/41.txt,8251,8251,8251,0,,True
commonlii-LKCA-1896-43,commonlii,data/legal-sources/library/case-law/commonlii/LKCA/1896/43.txt,14898,14898,14898,4,replacement_character,False
commonlii-LKCA-1896-44,commonlii,data/legal-sources/library/case-law/commonlii/LKCA/1896/44.txt,2866,2866,2866,0,,True
commonlii-LKCA-1896-47,commonlii,data/legal-sources/library/case-law/commonlii/LKCA/1896/47.txt,8560,8560,8560,2,replacement_character,False
commonlii-LKCA-1896-48,commonlii,data/legal-sources/library/case-law/commonlii/LKCA/1896/48.txt,6815,6815,6815,0,,True
commonlii-LKCA-1896-49,commonlii,data/legal-sources/library/case-law/commonlii/LKCA/1896/49.txt,4345,4345,4345,0,,True
commonlii-LKCA-1896-5,commonlii,data/legal-sources/library/case-law/commonlii/LKCA/1896/5.txt,21982,21982,21982,9,replacement_character,False
commonlii-LKCA-1896-50,commonlii,data/legal-sources/library/case-law/commonlii/LKCA/1896/50.txt,7246,7246,7246,7,replacement_character,False
commonlii-LKCA-1896-51,commonlii,data/legal-sources/library/case-law/commonlii/LKCA/1896/51.txt,4889,4889,4889,0,,True
commonlii-LKCA-1896-52,commonlii,data/legal-sources/library/case-law/commonlii/LKCA/1896/52.txt,6245,6245,6245,1,replacement_character,False
commonlii-LKCA-1896-59,commonlii,data/legal-sources/library/case-law/commonlii/LKCA/1896/59.txt,12001,12001,12001,14,replacement_character,False
commonlii-LKCA-1896-6,commonlii,data/legal-sources/library/case-law/commonlii/LKCA/1896/6.txt,6743,6743,6743,1,replacement_character,False
commonlii-LKCA-1896-60,commonlii,data/legal-sources/library/case-law/commonlii/LKCA/1896/60.txt,9153,9153,9153,0,,True
commonlii-LKCA-1896-61,commonlii,data/legal-sources/library/case-law/commonlii/LKCA/1896/61.txt,2942,2942,2942,0,,True
commonlii-LKCA-1896-62,commonlii,data/legal-sources/library/case-law/commonlii/LKCA/1896/62.txt,6073,6073,6073,0,,True
commonlii-LKCA-1896-63,commonlii,data/legal-sources/library/case-law/commonlii/LKCA/1896/63.txt,6066,6066,6066,0,,True
commonlii-LKCA-1896-64,commonlii,data/legal-sources/library/case-law/commonlii/LKCA/1896/64.txt,24849,24849,24849,0,,True
commonlii-LKCA-1896-65,commonlii,data/legal-sources/library/case-law/commonlii/LKCA/1896/65.txt,6903,6903,6903,0,,True
commonlii-LKCA-1896-66,commonlii,data/legal-sources/library/case-law/commonlii/LKCA/1896/66.txt,9343,9343,9343,0,,True
commonlii-LKCA-1896-68,commonlii,data/legal-sources/library/case-law/commonlii/LKCA/1896/68.txt,8171,8171,8171,0,,True
commonlii-LKCA-1896-69,commonlii,data/legal-sources/library/case-law/commonlii/LKCA/1896/69.txt,11774,11774,11774,0,,True
commonlii-LKCA-1896-71,commonlii,data/legal-sources/library/case-law/commonlii/LKCA/1896/71.txt,4433,4433,4433,0,,True
commonlii-LKCA-1897-1,commonlii,data/legal-sources/library/case-law/commonlii/LKCA/1897/1.txt,10691,10691,10691,0,,True
commonlii-LKCA-1897-12,commonlii,data/legal-sources/library/case-law/commonlii/LKCA/1897/12.txt,5459,5459,5459,0,,True
commonlii-LKCA-1897-15,commonlii,data/legal-sources/library/case-law/commonlii/LKCA/1897/15.txt,23030,23030,23030,2,replacement_character,False
commonlii-LKCA-1897-2,commonlii,data/legal-sources/library/case-law/commonlii/LKCA/1897/2.txt,5852,5852,5852,0,,True
commonlii-LKCA-1897-21,commonlii,data/legal-sources/library/case-law/commonlii/LKCA/1897/21.txt,3202,3202,3202,0,,True
commonlii-LKCA-1897-23,commonlii,data/legal-sources/library/case-law/commonlii/LKCA/1897/23.txt,4730,4730,4730,0,,True
commonlii-LKCA-1897-28,commonlii,data/legal-sources/library/case-law/commonlii/LKCA/1897/28.txt,2372,2372,2372,0,,True
commonlii-LKCA-1897-31,commonlii,data/legal-sources/library/case-law/commonlii/LKCA/1897/31.txt,3010,3010,3010,1,replacement_character,False
commonlii-LKCA-1897-33,commonlii,data/legal-sources/library/case-law/commonlii/LKCA/1897/33.txt,5122,5122,5122,0,,True
commonlii-LKCA-1897-34,commonlii,data/legal-sources/library/case-law/commonlii/LKCA/1897/34.txt,5162,5162,5162,0,,True
commonlii-LKCA-1897-35,commonlii,data/legal-sources/library/case-law/commonlii/LKCA/1897/35.txt,3610,3610,3610,0,,True
commonlii-LKCA-1897-38,commonlii,data/legal-sources/library/case-law/commonlii/LKCA/1897/38.txt,4884,4884,4884,0,,True
commonlii-LKCA-1897-39,commonlii,data/legal-sources/library/case-law/commonlii/LKCA/1897/39.txt,8022,8022,8022,10,replacement_character,False
commonlii-LKCA-1897-40,commonlii,data/legal-sources/library/case-law/commonlii/LKCA/1897/40.txt,15417,15417,15417,0,,True
commonlii-LKCA-1897-43,commonlii,data/legal-sources/library/case-law/commonlii/LKCA/1897/43.txt,4975,4975,4975,0,,True
commonlii-LKCA-1897-44,commonlii,data/legal-sources/library/case-law/commonlii/LKCA/1897/44.txt,26612,26612,26612,0,,True
commonlii-LKCA-1897-45,commonlii,data/legal-sources/library/case-law/commonlii/LKCA/1897/45.txt,5394,5394,5394,7,replacement_character,False
commonlii-LKCA-1897-47,commonlii,data/legal-sources/library/case-law/commonlii/LKCA/1897/47.txt,3052,3052,3052,0,,True
commonlii-LKCA-1897-49,commonlii,data/legal-sources/library/case-law/commonlii/LKCA/1897/49.txt,26402,26402,26402,0,,True
commonlii-LKCA-1897-5,commonlii,data/legal-sources/library/case-law/commonlii/LKCA/1897/5.txt,8201,8201,8201,0,,True
commonlii-LKCA-1897-50,commonlii,data/legal-sources/library/case-law/commonlii/LKCA/1897/50.txt,2150,2150,2150,0,,True
commonlii-LKCA-1897-51,commonlii,data/legal-sources/library/case-law/commonlii/LKCA/1897/51.txt,5074,5074,5074,0,,True
commonlii-LKCA-1897-53,commonlii,data/legal-sources/library/case-law/commonlii/LKCA/1897/53.txt,6387,6387,6387,0,,True
commonlii-LKCA-1897-56,commonlii,data/legal-sources/library/case-law/commonlii/LKCA/1897/56.txt,13145,13145,13145,0,,True
commonlii-LKCA-1897-9,commonlii,data/legal-sources/library/case-law/commonlii/LKCA/1897/9.txt,2180,2180,2180,0,,True
commonlii-LKCA-1898-14,commonlii,data/legal-sources/library/case-law/commonlii/LKCA/1898/14.txt,9607,9607,9607,0,,True
commonlii-LKCA-1898-15,commonlii,data/legal-sources/library/case-law/commonlii/LKCA/1898/15.txt,6688,6688,6688,0,,True
commonlii-LKCA-1898-20,commonlii,data/legal-sources/library/case-law/commonlii/LKCA/1898/20.txt,8149,8149,8149,0,,True
commonlii-LKCA-1898-21,commonlii,data/legal-sources/library/case-law/commonlii/LKCA/1898/21.txt,3258,3258,3258,0,,True
commonlii-LKCA-1898-22,commonlii,data/legal-sources/library/case-law/commonlii/LKCA/1898/22.txt,4479,4479,4479,0,,True
commonlii-LKCA-1898-28,commonlii,data/legal-sources/library/case-law/commonlii/LKCA/1898/28.txt,7258,7258,7258,0,,True
commonlii-LKCA-1898-29,commonlii,data/legal-sources/library/case-law/commonlii/LKCA/1898/29.txt,12142,12142,12142,0,,True
commonlii-LKCA-1898-3,commonlii,data/legal-sources/library/case-law/commonlii/LKCA/1898/3.txt,3442,3442,3442,0,,True
commonlii-LKCA-1898-30,commonlii,data/legal-sources/library/case-law/commonlii/LKCA/1898/30.txt,3022,3022,3022,4,replacement_character,False
commonlii-LKCA-1898-32,commonlii,data/legal-sources/library/case-law/commonlii/LKCA/1898/32.txt,4969,4969,4969,3,replacement_character,False
commonlii-LKCA-1898-35,commonlii,data/legal-sources/library/case-law/commonlii/LKCA/1898/35.txt,7827,7827,7827,0,,True
commonlii-LKCA-1898-36,commonlii,data/legal-sources/library/case-law/commonlii/LKCA/1898/36.txt,7422,7422,7422,0,,True
commonlii-LKCA-1898-38,commonlii,data/legal-sources/library/case-law/commonlii/LKCA/1898/38.txt,9957,9957,9957,1,replacement_character,False
commonlii-LKCA-1898-40,commonlii,data/legal-sources/library/case-law/commonlii/LKCA/1898/40.txt,8456,8456,8456,1,replacement_character,False
commonlii-LKCA-1898-5,commonlii,data/legal-sources/library/case-law/commonlii/LKCA/1898/5.txt,3952,3952,3952,1,replacement_character,False
commonlii-LKCA-1899-1,commonlii,data/legal-sources/library/case-law/commonlii/LKCA/1899/1.txt,8618,8618,8618,0,,True
commonlii-LKCA-1899-11,commonlii,data/legal-sources/library/case-law/commonlii/LKCA/1899/11.txt,7108,7108,7108,0,,True
commonlii-LKCA-1899-14,commonlii,data/legal-sources/library/case-law/commonlii/LKCA/1899/14.txt,11373,11373,11373,0,,True
commonlii-LKCA-1899-15,commonlii,data/legal-sources/library/case-law/commonlii/LKCA/1899/15.txt,3952,3952,3952,1,replacement_character,False
commonlii-LKCA-1899-18,commonlii,data/legal-sources/library/case-law/commonlii/LKCA/1899/18.txt,7350,7350,7350,0,,True
commonlii-LKCA-1899-19,commonlii,data/legal-sources/library/case-law/commonlii/LKCA/1899/19.txt,10777,10777,10777,0,,True
commonlii-LKCA-1899-2,commonlii,data/legal-sources/library/case-law/commonlii/LKCA/1899/2.txt,7949,7949,7949,0,,True
commonlii-LKCA-1899-20,commonlii,data/legal-sources/library/case-law/commonlii/LKCA/1899/20.txt,16525,16525,16525,12,replacement_character,False
commonlii-LKCA-1899-21,commonlii,data/legal-sources/library/case-law/commonlii/LKCA/1899/21.txt,4516,4516,4516,6,replacement_character,False
commonlii-LKCA-1899-22,commonlii,data/legal-sources/library/case-law/commonlii/LKCA/1899/22.txt,11341,11341,11341,0,,True
commonlii-LKCA-1899-24,commonlii,data/legal-sources/library/case-law/commonlii/LKCA/1899/24.txt,13887,13887,13887,0,,True
commonlii-LKCA-1899-25,commonlii,data/legal-sources/library/case-law/commonlii/LKCA/1899/25.txt,3424,3424,3424,0,,True
commonlii-LKCA-1899-26,commonlii,data/legal-sources/library/case-law/commonlii/LKCA/1899/26.txt,5905,5905,5905,0,,True
commonlii-LKCA-1899-27,commonlii,data/legal-sources/library/case-law/commonlii/LKCA/1899/27.txt,3875,3875,3875,0,,True
commonlii-LKCA-1899-4,commonlii,data/legal-sources/library/case-law/commonlii/LKCA/1899/4.txt,8062,8062,8062,0,,True
commonlii-LKCA-1899-5,commonlii,data/legal-sources/library/case-law/commonlii/LKCA/1899/5.txt,5903,5903,5903,0,,True
commonlii-LKCA-1900-1,commonlii,data/legal-sources/library/case-law/commonlii/LKCA/1900/1.txt,5648,5648,5648,0,,True
commonlii-LKCA-1900-11,commonlii,data/legal-sources/library/case-law/commonlii/LKCA/1900/11.txt,15023,15023,15023,2,replacement_character,False
commonlii-LKCA-1900-13,commonlii,data/legal-sources/library/case-law/commonlii/LKCA/1900/13.txt,36653,36653,36653,2,replacement_character,False
commonlii-LKCA-1900-15,commonlii,data/legal-sources/library/case-law/commonlii/LKCA/1900/15.txt,23388,23388,23388,1,replacement_character,False
commonlii-LKCA-1900-16,commonlii,data/legal-sources/library/case-law/commonlii/LKCA/1900/16.txt,7204,7204,7204,0,,True
commonlii-LKCA-1900-2,commonlii,data/legal-sources/library/case-law/commonlii/LKCA/1900/2.txt,11529,11529,11529,0,,True
commonlii-LKCA-1900-4,commonlii,data/legal-sources/library/case-law/commonlii/LKCA/1900/4.txt,18743,18743,18743,0,,True
commonlii-LKCA-1900-5,commonlii,data/legal-sources/library/case-law/commonlii/LKCA/1900/5.txt,11221,11221,11221,0,,True
commonlii-LKCA-1900-7,commonlii,data/legal-sources/library/case-law/commonlii/LKCA/1900/7.txt,5408,5408,5408,0,,True
commonlii-LKCA-1900-9,commonlii,data/legal-sources/library/case-law/commonlii/LKCA/1900/9.txt,8099,8099,8099,1,replacement_character,False
commonlii-LKCA-1901-10,commonlii,data/legal-sources/library/case-law/commonlii/LKCA/1901/10.txt,8496,8496,8496,0,,True
commonlii-LKCA-1901-11,commonlii,data/legal-sources/library/case-law/commonlii/LKCA/1901/11.txt,23777,23777,23777,0,,True
commonlii-LKCA-1901-12,commonlii,data/legal-sources/library/case-law/commonlii/LKCA/1901/12.txt,11423,11423,11423,0,,True
commonlii-LKCA-1901-13,commonlii,data/legal-sources/library/case-law/commonlii/LKCA/1901/13.txt,7652,7652,7652,0,,True
commonlii-LKCA-1901-15,commonlii,data/legal-sources/library/case-law/commonlii/LKCA/1901/15.txt,7057,7057,7057,0,,True
commonlii-LKCA-1901-18,commonlii,data/legal-sources/library/case-law/commonlii/LKCA/1901/18.txt,10866,10866,10866,0,,True
commonlii-LKCA-1901-2,commonlii,data/legal-sources/library/case-law/commonlii/LKCA/1901/2.txt,9056,9056,9056,0,,True
commonlii-LKCA-1901-24,commonlii,data/legal-sources/library/case-law/commonlii/LKCA/1901/24.txt,5464,5464,5464,0,,True
commonlii-LKCA-1901-25,commonlii,data/legal-sources/library/case-law/commonlii/LKCA/1901/25.txt,36375,36375,36375,4,replacement_character,False
commonlii-LKCA-1901-26,commonlii,data/legal-sources/library/case-law/commonlii/LKCA/1901/26.txt,22758,22758,22758,44,replacement_character,False
commonlii-LKCA-1901-3,commonlii,data/legal-sources/library/case-law/commonlii/LKCA/1901/3.txt,18798,18798,18798,2,replacement_character,False
commonlii-LKCA-1901-30,commonlii,data/legal-sources/library/case-law/commonlii/LKCA/1901/30.txt,9135,9135,9135,0,,True
commonlii-LKCA-1901-32,commonlii,data/legal-sources/library/case-law/commonlii/LKCA/1901/32.txt,9609,9609,9609,0,,True
commonlii-LKCA-1901-33,commonlii,data/legal-sources/library/case-law/commonlii/LKCA/1901/33.txt,2588,2588,2588,0,,True
commonlii-LKCA-1901-38,commonlii,data/legal-sources/library/case-law/commonlii/LKCA/1901/38.txt,5856,5856,5856,0,,True
commonlii-LKCA-1901-4,commonlii,data/legal-sources/library/case-law/commonlii/LKCA/1901/4.txt,7320,7320,7320,0,,True
commonlii-LKCA-1901-5,commonlii,data/legal-sources/library/case-law/commonlii/LKCA/1901/5.txt,15512,15512,15512,4,replacement_character,False
commonlii-LKCA-1902-12,commonlii,data/legal-sources/library/case-law/commonlii/LKCA/1902/12.txt,3882,3882,3882,0,,True
commonlii-LKCA-1902-13,commonlii,data/legal-sources/library/case-law/commonlii/LKCA/1902/13.txt,9345,9345,9345,0,,True
commonlii-LKCA-1902-15,commonlii,data/legal-sources/library/case-law/commonlii/LKCA/1902/15.txt,10571,10571,10571,2,replacement_character,False
commonlii-LKCA-1902-17,commonlii,data/legal-sources/library/case-law/commonlii/LKCA/1902/17.txt,9433,9433,9433,0,,True
commonlii-LKCA-1902-2,commonlii,data/legal-sources/library/case-law/commonlii/LKCA/1902/2.txt,14283,14283,14283,1,replacement_character,False
commonlii-LKCA-1902-22,commonlii,data/legal-sources/library/case-law/commonlii/LKCA/1902/22.txt,6777,6777,6777,0,,True
commonlii-LKCA-1902-23,commonlii,data/legal-sources/library/case-law/commonlii/LKCA/1902/23.txt,11164,11164,11164,0,,True
commonlii-LKCA-1902-29,commonlii,data/legal-sources/library/case-law/commonlii/LKCA/1902/29.txt,20952,20952,20952,3,replacement_character,False
commonlii-LKCA-1902-30,commonlii,data/legal-sources/library/case-law/commonlii/LKCA/1902/30.txt,8201,8201,8201,0,,True
commonlii-LKCA-1902-32,commonlii,data/legal-sources/library/case-law/commonlii/LKCA/1902/32.txt,11076,11076,11076,0,,True
commonlii-LKCA-1902-39,commonlii,data/legal-sources/library/case-law/commonlii/LKCA/1902/39.txt,10152,10152,10152,1,replacement_character,False
commonlii-LKCA-1902-40,commonlii,data/legal-sources/library/case-law/commonlii/LKCA/1902/40.txt,21150,21150,21150,2,replacement_character,False
commonlii-LKCA-1902-41,commonlii,data/legal-sources/library/case-law/commonlii/LKCA/1902/41.txt,7955,7955,7955,0,,True
commonlii-LKCA-1902-42,commonlii,data/legal-sources/library/case-law/commonlii/LKCA/1902/42.txt,6158,6158,6158,2,replacement_character,False
commonlii-LKCA-1902-43,commonlii,data/legal-sources/library/case-law/commonlii/LKCA/1902/43.txt,7115,7115,7115,0,,True
commonlii-LKCA-1902-44,commonlii,data/legal-sources/library/case-law/commonlii/LKCA/1902/44.txt,31431,31431,31431,0,,True
commonlii-LKCA-1902-45,commonlii,data/legal-sources/library/case-law/commonlii/LKCA/1902/45.txt,33275,33275,33275,0,,True
commonlii-LKCA-1902-46,commonlii,data/legal-sources/library/case-law/commonlii/LKCA/1902/46.txt,7965,7965,7965,1,replacement_character,False
commonlii-LKCA-1902-48,commonlii,data/legal-sources/library/case-law/commonlii/LKCA/1902/48.txt,5012,5012,5012,0,,True
commonlii-LKCA-1902-49,commonlii,data/legal-sources/library/case-law/commonlii/LKCA/1902/49.txt,4921,4921,4921,4,replacement_character,False
commonlii-LKCA-1902-5,commonlii,data/legal-sources/library/case-law/commonlii/LKCA/1902/5.txt,13036,13036,13036,0,,True
commonlii-LKCA-1902-56,commonlii,data/legal-sources/library/case-law/commonlii/LKCA/1902/56.txt,11319,11319,11319,0,,True
commonlii-LKCA-1902-57,commonlii,data/legal-sources/library/case-law/commonlii/LKCA/1902/57.txt,5299,5299,5299,0,,True
commonlii-LKCA-1902-58,commonlii,data/legal-sources/library/case-law/commonlii/LKCA/1902/58.txt,6394,6394,6394,0,,True
commonlii-LKCA-1902-6,commonlii,data/legal-sources/library/case-law/commonlii/LKCA/1902/6.txt,6965,6965,6965,0,,True
commonlii-LKCA-1902-7,commonlii,data/legal-sources/library/case-law/commonlii/LKCA/1902/7.txt,17756,17756,17756,7,replacement_character,False
commonlii-LKCA-1902-8,commonlii,data/legal-sources/library/case-law/commonlii/LKCA/1902/8.txt,4555,4555,4555,0,,True
commonlii-LKCA-1903-10,commonlii,data/legal-sources/library/case-law/commonlii/LKCA/1903/10.txt,4619,4619,4619,0,,True
commonlii-LKCA-1903-12,commonlii,data/legal-sources/library/case-law/commonlii/LKCA/1903/12.txt,3199,3199,3199,0,,True
commonlii-LKCA-1903-14,commonlii,data/legal-sources/library/case-law/commonlii/LKCA/1903/14.txt,10352,10352,10352,0,,True
commonlii-LKCA-1903-22,commonlii,data/legal-sources/library/case-law/commonlii/LKCA/1903/22.txt,7381,7381,7381,0,,True
commonlii-LKCA-1903-23,commonlii,data/legal-sources/library/case-law/commonlii/LKCA/1903/23.txt,8221,8221,8221,1,replacement_character,False
commonlii-LKCA-1903-26,commonlii,data/legal-sources/library/case-law/commonlii/LKCA/1903/26.txt,11143,11143,11143,0,,True
commonlii-LKCA-1903-27,commonlii,data/legal-sources/library/case-law/commonlii/LKCA/1903/27.txt,9488,9488,9488,0,,True
commonlii-LKCA-1903-3,commonlii,data/legal-sources/library/case-law/commonlii/LKCA/1903/3.txt,6655,6655,6655,0,,True
commonlii-LKCA-1903-32,commonlii,data/legal-sources/library/case-law/commonlii/LKCA/1903/32.txt,4839,4839,4839,0,,True
commonlii-LKCA-1903-34,commonlii,data/legal-sources/library/case-law/commonlii/LKCA/1903/34.txt,6382,6382,6382,0,,True
commonlii-LKCA-1903-35,commonlii,data/legal-sources/library/case-law/commonlii/LKCA/1903/35.txt,12343,12343,12343,0,,True
commonlii-LKCA-1903-36,commonlii,data/legal-sources/library/case-law/commonlii/LKCA/1903/36.txt,7099,7099,7099,0,,True
commonlii-LKCA-1903-37,commonlii,data/legal-sources/library/case-law/commonlii/LKCA/1903/37.txt,16403,16403,16403,2,replacement_character,False
commonlii-LKCA-1903-38,commonlii,data/legal-sources/library/case-law/commonlii/LKCA/1903/38.txt,10243,10243,10243,0,,True
commonlii-LKCA-1903-39,commonlii,data/legal-sources/library/case-law/commonlii/LKCA/1903/39.txt,17485,17485,17485,1,replacement_character,False
commonlii-LKCA-1903-4,commonlii,data/legal-sources/library/case-law/commonlii/LKCA/1903/4.txt,6575,6575,6575,0,,True
commonlii-LKCA-1903-41,commonlii,data/legal-sources/library/case-law/commonlii/LKCA/1903/41.txt,27973,27973,27973,1,replacement_character,False
commonlii-LKCA-1903-42,commonlii,data/legal-sources/library/case-law/commonlii/LKCA/1903/42.txt,14506,14506,14506,0,,True
commonlii-LKCA-1903-43,commonlii,data/legal-sources/library/case-law/commonlii/LKCA/1903/43.txt,6783,6783,6783,0,,True
commonlii-LKCA-1903-49,commonlii,data/legal-sources/library/case-law/commonlii/LKCA/1903/49.txt,15501,15501,15501,2,replacement_character,False
commonlii-LKCA-1903-5,commonlii,data/legal-sources/library/case-law/commonlii/LKCA/1903/5.txt,8488,8488,8488,0,,True
commonlii-LKCA-1903-50,commonlii,data/legal-sources/library/case-law/commonlii/LKCA/1903/50.txt,16444,16444,16444,0,,True
commonlii-LKCA-1903-51,commonlii,data/legal-sources/library/case-law/commonlii/LKCA/1903/51.txt,23363,23363,23363,0,,True
commonlii-LKCA-1903-52,commonlii,data/legal-sources/library/case-law/commonlii/LKCA/1903/52.txt,14095,14095,14095,1,replacement_character,False
commonlii-LKCA-1903-53,commonlii,data/legal-sources/library/case-law/commonlii/LKCA/1903/53.txt,5817,5817,5817,0,,True
commonlii-LKCA-1903-54,commonlii,data/legal-sources/library/case-law/commonlii/LKCA/1903/54.txt,7913,7913,7913,2,replacement_character,False
commonlii-LKCA-1903-55,commonlii,data/legal-sources/library/case-law/commonlii/LKCA/1903/55.txt,28266,28266,28266,0,,True
commonlii-LKCA-1903-56,commonlii,data/legal-sources/library/case-law/commonlii/LKCA/1903/56.txt,10780,10780,10780,2,replacement_character,False
commonlii-LKCA-1903-59,commonlii,data/legal-sources/library/case-law/commonlii/LKCA/1903/59.txt,29755,29755,29755,9,replacement_character,False
commonlii-LKCA-1903-6,commonlii,data/legal-sources/library/case-law/commonlii/LKCA/1903/6.txt,14648,14648,14648,0,,True
commonlii-LKCA-1903-60,commonlii,data/legal-sources/library/case-law/commonlii/LKCA/1903/60.txt,16934,16934,16934,0,,True
commonlii-LKCA-1903-61,commonlii,data/legal-sources/library/case-law/commonlii/LKCA/1903/61.txt,18620,18620,18620,0,,True
commonlii-LKCA-1903-62,commonlii,data/legal-sources/library/case-law/commonlii/LKCA/1903/62.txt,11436,11436,11436,0,,True
commonlii-LKCA-1903-65,commonlii,data/legal-sources/library/case-law/commonlii/LKCA/1903/65.txt,20389,20389,20389,0,,True
commonlii-LKCA-1903-66,commonlii,data/legal-sources/library/case-law/commonlii/LKCA/1903/66.txt,13431,13431,13431,0,,True
commonlii-LKCA-1903-68,commonlii,data/legal-sources/library/case-law/commonlii/LKCA/1903/68.txt,12910,12910,12910,0,,True
commonlii-LKCA-1903-69,commonlii,data/legal-sources/library/case-law/commonlii/LKCA/1903/69.txt,5107,5107,5107,0,,True
commonlii-LKCA-1903-7,commonlii,data/legal-sources/library/case-law/commonlii/LKCA/1903/7.txt,13481,13481,13481,0,,True
commonlii-LKCA-1903-71,commonlii,data/legal-sources/library/case-law/commonlii/LKCA/1903/71.txt,7623,7623,7623,0,,True
commonlii-LKCA-1903-72,commonlii,data/legal-sources/library/case-law/commonlii/LKCA/1903/72.txt,16945,16945,16945,0,,True
commonlii-LKCA-1903-73,commonlii,data/legal-sources/library/case-law/commonlii/LKCA/1903/73.txt,6602,6602,6602,0,,True
commonlii-LKCA-1903-74,commonlii,data/legal-sources/library/case-law/commonlii/LKCA/1903/74.txt,6456,6456,6456,1,replacement_character,False
commonlii-LKCA-1903-78,commonlii,data/legal-sources/library/case-law/commonlii/LKCA/1903/78.txt,23867,23867,23867,0,,True
commonlii-LKCA-1903-79,commonlii,data/legal-sources/library/case-law/commonlii/LKCA/1903/79.txt,7437,7437,7437,0,,True
commonlii-LKCA-1903-8,commonlii,data/legal-sources/library/case-law/commonlii/LKCA/1903/8.txt,7741,7741,7741,2,replacement_character,False
commonlii-LKCA-1903-82,commonlii,data/legal-sources/library/case-law/commonlii/LKCA/1903/82.txt,12865,12865,12865,0,,True
commonlii-LKCA-1903-83,commonlii,data/legal-sources/library/case-law/commonlii/LKCA/1903/83.txt,75614,75614,75614,2,replacement_character,False
commonlii-LKCA-1903-84,commonlii,data/legal-sources/library/case-law/commonlii/LKCA/1903/84.txt,10867,10867,10867,0,,True
commonlii-LKCA-1903-85,commonlii,data/legal-sources/library/case-law/commonlii/LKCA/1903/85.txt,8464,8464,8464,0,,True
commonlii-LKCA-1903-87,commonlii,data/legal-sources/library/case-law/commonlii/LKCA/1903/87.txt,23147,23147,23147,0,,True
commonlii-LKCA-1903-88,commonlii,data/legal-sources/library/case-law/commonlii/LKCA/1903/88.txt,5415,5415,5415,0,,True
commonlii-LKCA-1903-89,commonlii,data/legal-sources/library/case-law/commonlii/LKCA/1903/89.txt,8927,8927,8927,0,,True
commonlii-LKCA-1903-90,commonlii,data/legal-sources/library/case-law/commonlii/LKCA/1903/90.txt,10480,10480,10480,0,,True
commonlii-LKCA-1903-91,commonlii,data/legal-sources/library/case-law/commonlii/LKCA/1903/91.txt,9550,9550,9550,2,replacement_character,False
commonlii-LKCA-1903-92,commonlii,data/legal-sources/library/case-law/commonlii/LKCA/1903/92.txt,20524,20524,20524,0,,True
commonlii-LKCA-1903-93,commonlii,data/legal-sources/library/case-law/commonlii/LKCA/1903/93.txt,9941,9941,9941,0,,True
commonlii-LKCA-1903-94,commonlii,data/legal-sources/library/case-law/commonlii/LKCA/1903/94.txt,10084,10084,10084,0,,True
commonlii-LKCA-1903-96,commonlii,data/legal-sources/library/case-law/commonlii/LKCA/1903/96.txt,17560,17560,17560,0,,True
commonlii-LKCA-1903-97,commonlii,data/legal-sources/library/case-law/commonlii/LKCA/1903/97.txt,18043,18043,18043,1,replacement_character,False
commonlii-LKCA-1903-98,commonlii,data/legal-sources/library/case-law/commonlii/LKCA/1903/98.txt,16857,16857,16857,0,,True
commonlii-LKCA-1904-1,commonlii,data/legal-sources/library/case-law/commonlii/LKCA/1904/1.txt,21140,21140,21140,0,,True
commonlii-LKCA-1904-11,commonlii,data/legal-sources/library/case-law/commonlii/LKCA/1904/11.txt,11345,11345,11345,0,,True
commonlii-LKCA-1904-13,commonlii,data/legal-sources/library/case-law/commonlii/LKCA/1904/13.txt,17092,17092,17092,16,replacement_character,False
commonlii-LKCA-1904-15,commonlii,data/legal-sources/library/case-law/commonlii/LKCA/1904/15.txt,4405,4405,4405,0,,True
commonlii-LKCA-1904-17,commonlii,data/legal-sources/library/case-law/commonlii/LKCA/1904/17.txt,7097,7097,7097,0,,True
commonlii-LKCA-1904-20,commonlii,data/legal-sources/library/case-law/commonlii/LKCA/1904/20.txt,13911,13911,13911,0,,True
commonlii-LKCA-1904-22,commonlii,data/legal-sources/library/case-law/commonlii/LKCA/1904/22.txt,5475,5475,5475,0,,True
commonlii-LKCA-1904-23,commonlii,data/legal-sources/library/case-law/commonlii/LKCA/1904/23.txt,10680,10680,10680,1,replacement_character,False
commonlii-LKCA-1904-26,commonlii,data/legal-sources/library/case-law/commonlii/LKCA/1904/26.txt,23607,23607,23607,0,,True
commonlii-LKCA-1904-27,commonlii,data/legal-sources/library/case-law/commonlii/LKCA/1904/27.txt,7195,7195,7195,0,,True
commonlii-LKCA-1904-29,commonlii,data/legal-sources/library/case-law/commonlii/LKCA/1904/29.txt,12564,12564,12564,0,,True
commonlii-LKCA-1904-3,commonlii,data/legal-sources/library/case-law/commonlii/LKCA/1904/3.txt,2948,2948,2948,0,,True
commonlii-LKCA-1904-30,commonlii,data/legal-sources/library/case-law/commonlii/LKCA/1904/30.txt,6168,6168,6168,0,,True
commonlii-LKCA-1904-31,commonlii,data/legal-sources/library/case-law/commonlii/LKCA/1904/31.txt,12066,12066,12066,1,replacement_character,False
commonlii-LKCA-1904-32,commonlii,data/legal-sources/library/case-law/commonlii/LKCA/1904/32.txt,6250,6250,6250,0,,True
commonlii-LKCA-1904-33,commonlii,data/legal-sources/library/case-law/commonlii/LKCA/1904/33.txt,19116,19116,19116,0,,True
commonlii-LKCA-1904-35,commonlii,data/legal-sources/library/case-law/commonlii/LKCA/1904/35.txt,31729,31729,31729,1,replacement_character,False
commonlii-LKCA-1904-38,commonlii,data/legal-sources/library/case-law/commonlii/LKCA/1904/38.txt,18439,18439,18439,1,replacement_character,False
commonlii-LKCA-1904-39,commonlii,data/legal-sources/library/case-law/commonlii/LKCA/1904/39.txt,4687,4687,4687,0,,True
commonlii-LKCA-1904-8,commonlii,data/legal-sources/library/case-law/commonlii/LKCA/1904/8.txt,16352,16352,16352,0,,True
commonlii-LKCA-1905-1,commonlii,data/legal-sources/library/case-law/commonlii/LKCA/1905/1.txt,8717,8717,8717,0,,True
commonlii-LKCA-1905-10,commonlii,data/legal-sources/library/case-law/commonlii/LKCA/1905/10.txt,8179,8179,8179,0,,True
commonlii-LKCA-1905-14,commonlii,data/legal-sources/library/case-law/commonlii/LKCA/1905/14.txt,6385,6385,6385,0,,True
commonlii-LKCA-1905-16,commonlii,data/legal-sources/library/case-law/commonlii/LKCA/1905/16.txt,9667,9667,9667,0,,True
commonlii-LKCA-1905-17,commonlii,data/legal-sources/library/case-law/commonlii/LKCA/1905/17.txt,18988,18988,18988,0,,True
commonlii-LKCA-1905-18,commonlii,data/legal-sources/library/case-law/commonlii/LKCA/1905/18.txt,10986,10986,10986,0,,True
commonlii-LKCA-1905-19,commonlii,data/legal-sources/library/case-law/commonlii/LKCA/1905/19.txt,25459,25459,25459,0,,True
commonlii-LKCA-1905-2,commonlii,data/legal-sources/library/case-law/commonlii/LKCA/1905/2.txt,11499,11499,11499,0,,True
commonlii-LKCA-1905-20,commonlii,data/legal-sources/library/case-law/commonlii/LKCA/1905/20.txt,6124,6124,6124,0,,True
commonlii-LKCA-1905-22,commonlii,data/legal-sources/library/case-law/commonlii/LKCA/1905/22.txt,8486,8486,8486,0,,True
commonlii-LKCA-1905-26,commonlii,data/legal-sources/library/case-law/commonlii/LKCA/1905/26.txt,40192,40192,40192,0,,True
commonlii-LKCA-1905-28,commonlii,data/legal-sources/library/case-law/commonlii/LKCA/1905/28.txt,10917,10917,10917,0,,True
commonlii-LKCA-1905-3,commonlii,data/legal-sources/library/case-law/commonlii/LKCA/1905/3.txt,7638,7638,7638,0,,True
commonlii-LKCA-1905-31,commonlii,data/legal-sources/library/case-law/commonlii/LKCA/1905/31.txt,22480,22480,22480,0,,True
commonlii-LKCA-1905-32,commonlii,data/legal-sources/library/case-law/commonlii/LKCA/1905/32.txt,6560,6560,6560,0,,True
commonlii-LKCA-1905-33,commonlii,data/legal-sources/library/case-law/commonlii/LKCA/1905/33.txt,10863,10863,10863,0,,True
commonlii-LKCA-1905-34,commonlii,data/legal-sources/library/case-law/commonlii/LKCA/1905/34.txt,12668,12668,12668,0,,True
commonlii-LKCA-1905-35,commonlii,data/legal-sources/library/case-law/commonlii/LKCA/1905/35.txt,6195,6195,6195,0,,True
commonlii-LKCA-1905-36,commonlii,data/legal-sources/library/case-law/commonlii/LKCA/1905/36.txt,12045,12045,12045,0,,True
commonlii-LKCA-1905-38,commonlii,data/legal-sources/library/case-law/commonlii/LKCA/1905/38.txt,4946,4946,4946,1,replacement_character,False
commonlii-LKCA-1905-39,commonlii,data/legal-sources/library/case-law/commonlii/LKCA/1905/39.txt,8954,8954,8954,0,,True
commonlii-LKCA-1905-4,commonlii,data/legal-sources/library/case-law/commonlii/LKCA/1905/4.txt,30910,30910,30910,0,,True
commonlii-LKCA-1905-41,commonlii,data/legal-sources/library/case-law/commonlii/LKCA/1905/41.txt,41880,41880,41880,1,replacement_character,False
commonlii-LKCA-1905-42,commonlii,data/legal-sources/library/case-law/commonlii/LKCA/1905/42.txt,7768,7768,7768,0,,True
commonlii-LKCA-1905-43,commonlii,data/legal-sources/library/case-law/commonlii/LKCA/1905/43.txt,14715,14715,14715,1,replacement_character,False
commonlii-LKCA-1905-5,commonlii,data/legal-sources/library/case-law/commonlii/LKCA/1905/5.txt,5908,5908,5908,0,,True
commonlii-LKCA-1905-6,commonlii,data/legal-sources/library/case-law/commonlii/LKCA/1905/6.txt,6822,6822,6822,0,,True
commonlii-LKCA-1905-8,commonlii,data/legal-sources/library/case-law/commonlii/LKCA/1905/8.txt,7906,7906,7906,0,,True
commonlii-LKCA-1906-1,commonlii,data/legal-sources/library/case-law/commonlii/LKCA/1906/1.txt,17937,17937,17937,0,,True
commonlii-LKCA-1906-10,commonlii,data/legal-sources/library/case-law/commonlii/LKCA/1906/10.txt,24427,24427,24427,0,,True
commonlii-LKCA-1906-15,commonlii,data/legal-sources/library/case-law/commonlii/LKCA/1906/15.txt,11174,11174,11174,0,,True
commonlii-LKCA-1906-16,commonlii,data/legal-sources/library/case-law/commonlii/LKCA/1906/16.txt,17699,17699,17699,0,,True
commonlii-LKCA-1906-17,commonlii,data/legal-sources/library/case-law/commonlii/LKCA/1906/17.txt,26554,26554,26554,0,,True
commonlii-LKCA-1906-18,commonlii,data/legal-sources/library/case-law/commonlii/LKCA/1906/18.txt,28505,28505,28505,0,,True
commonlii-LKCA-1906-2,commonlii,data/legal-sources/library/case-law/commonlii/LKCA/1906/2.txt,22178,22178,22178,0,,True
commonlii-LKCA-1906-20,commonlii,data/legal-sources/library/case-law/commonlii/LKCA/1906/20.txt,3895,3895,3895,0,,True
commonlii-LKCA-1906-22,commonlii,data/legal-sources/library/case-law/commonlii/LKCA/1906/22.txt,4499,4499,4499,0,,True
commonlii-LKCA-1906-23,commonlii,data/legal-sources/library/case-law/commonlii/LKCA/1906/23.txt,16820,16820,16820,0,,True
commonlii-LKCA-1906-25,commonlii,data/legal-sources/library/case-law/commonlii/LKCA/1906/25.txt,17452,17452,17452,0,,True
commonlii-LKCA-1906-26,commonlii,data/legal-sources/library/case-law/commonlii/LKCA/1906/26.txt,11085,11085,11085,0,,True
commonlii-LKCA-1906-28,commonlii,data/legal-sources/library/case-law/commonlii/LKCA/1906/28.txt,10471,10471,10456,0,,True
commonlii-LKCA-1906-29,commonlii,data/legal-sources/library/case-law/commonlii/LKCA/1906/29.txt,20058,20058,20058,1,replacement_character,False
commonlii-LKCA-1906-3,commonlii,data/legal-sources/library/case-law/commonlii/LKCA/1906/3.txt,16207,16207,16207,0,,True
commonlii-LKCA-1906-32,commonlii,data/legal-sources/library/case-law/commonlii/LKCA/1906/32.txt,5209,5209,5209,0,,True
commonlii-LKCA-1906-34,commonlii,data/legal-sources/library/case-law/commonlii/LKCA/1906/34.txt,10165,10165,10165,0,,True
commonlii-LKCA-1906-35,commonlii,data/legal-sources/library/case-law/commonlii/LKCA/1906/35.txt,22888,22888,22888,0,,True
commonlii-LKCA-1906-36,commonlii,data/legal-sources/library/case-law/commonlii/LKCA/1906/36.txt,49177,49177,49177,3,replacement_character,False
commonlii-LKCA-1906-37,commonlii,data/legal-sources/library/case-law/commonlii/LKCA/1906/37.txt,3936,3936,3936,0,,True
commonlii-LKCA-1906-38,commonlii,data/legal-sources/library/case-law/commonlii/LKCA/1906/38.txt,6492,6492,6492,0,,True
commonlii-LKCA-1906-4,commonlii,data/legal-sources/library/case-law/commonlii/LKCA/1906/4.txt,19951,19951,19951,0,,True
commonlii-LKCA-1906-40,commonlii,data/legal-sources/library/case-law/commonlii/LKCA/1906/40.txt,33337,33337,33337,0,,True
commonlii-LKCA-1906-41,commonlii,data/legal-sources/library/case-law/commonlii/LKCA/1906/41.txt,16362,16362,16362,0,,True
commonlii-LKCA-1906-42,commonlii,data/legal-sources/library/case-law/commonlii/LKCA/1906/42.txt,18965,18965,18965,0,,True
commonlii-LKCA-1906-43,commonlii,data/legal-sources/library/case-law/commonlii/LKCA/1906/43.txt,13343,13343,13343,0,,True
commonlii-LKCA-1906-45,commonlii,data/legal-sources/library/case-law/commonlii/LKCA/1906/45.txt,41559,41559,41559,0,,True
commonlii-LKCA-1906-47,commonlii,data/legal-sources/library/case-law/commonlii/LKCA/1906/47.txt,17332,17332,17332,0,,True
commonlii-LKCA-1906-49,commonlii,data/legal-sources/library/case-law/commonlii/LKCA/1906/49.txt,6772,6772,6772,0,,True
commonlii-LKCA-1906-5,commonlii,data/legal-sources/library/case-law/commonlii/LKCA/1906/5.txt,20178,20178,20178,0,,True
commonlii-LKCA-1906-50,commonlii,data/legal-sources/library/case-law/commonlii/LKCA/1906/50.txt,10377,10377,10377,0,,True
commonlii-LKCA-1906-51,commonlii,data/legal-sources/library/case-law/commonlii/LKCA/1906/51.txt,38218,38218,38218,4,replacement_character,False
commonlii-LKCA-1906-52,commonlii,data/legal-sources/library/case-law/commonlii/LKCA/1906/52.txt,4078,4078,4078,0,,True
commonlii-LKCA-1906-53,commonlii,data/legal-sources/library/case-law/commonlii/LKCA/1906/53.txt,11547,11547,11547,0,,True
commonlii-LKCA-1906-54,commonlii,data/legal-sources/library/case-law/commonlii/LKCA/1906/54.txt,10837,10837,10837,0,,True
commonlii-LKCA-1906-58,commonlii,data/legal-sources/library/case-law/commonlii/LKCA/1906/58.txt,15308,15308,15308,0,,True
commonlii-LKCA-1906-59,commonlii,data/legal-sources/library/case-law/commonlii/LKCA/1906/59.txt,8251,8251,8251,0,,True
commonlii-LKCA-1906-6,commonlii,data/legal-sources/library/case-law/commonlii/LKCA/1906/6.txt,20647,20647,20647,0,,True
commonlii-LKCA-1906-62,commonlii,data/legal-sources/library/case-law/commonlii/LKCA/1906/62.txt,30770,30770,30770,0,,True
commonlii-LKCA-1906-63,commonlii,data/legal-sources/library/case-law/commonlii/LKCA/1906/63.txt,16556,16556,16556,0,,True
commonlii-LKCA-1906-64,commonlii,data/legal-sources/library/case-law/commonlii/LKCA/1906/64.txt,16940,16940,16940,0,,True
commonlii-LKCA-1906-65,commonlii,data/legal-sources/library/case-law/commonlii/LKCA/1906/65.txt,13511,13511,13511,1,replacement_character,False
commonlii-LKCA-1906-66,commonlii,data/legal-sources/library/case-law/commonlii/LKCA/1906/66.txt,8835,8835,8835,0,,True
commonlii-LKCA-1906-67,commonlii,data/legal-sources/library/case-law/commonlii/LKCA/1906/67.txt,3416,3416,3416,0,,True
commonlii-LKCA-1906-8,commonlii,data/legal-sources/library/case-law/commonlii/LKCA/1906/8.txt,13442,13442,13442,0,,True
commonlii-LKCA-1906-9,commonlii,data/legal-sources/library/case-law/commonlii/LKCA/1906/9.txt,17012,17012,17012,2,replacement_character,False
commonlii-LKCA-1907-1,commonlii,data/legal-sources/library/case-law/commonlii/LKCA/1907/1.txt,8291,8291,8291,1,replacement_character,False
commonlii-LKCA-1907-10,commonlii,data/legal-sources/library/case-law/commonlii/LKCA/1907/10.txt,103934,103934,103934,2,replacement_character,False
commonlii-LKCA-1907-13,commonlii,data/legal-sources/library/case-law/commonlii/LKCA/1907/13.txt,9156,9156,9156,0,,True
commonlii-LKCA-1907-14,commonlii,data/legal-sources/library/case-law/commonlii/LKCA/1907/14.txt,6353,6353,6353,0,,True
commonlii-LKCA-1907-15,commonlii,data/legal-sources/library/case-law/commonlii/LKCA/1907/15.txt,11288,11288,11288,0,,True
commonlii-LKCA-1907-19,commonlii,data/legal-sources/library/case-law/commonlii/LKCA/1907/19.txt,12724,12724,12724,0,,True
commonlii-LKCA-1907-2,commonlii,data/legal-sources/library/case-law/commonlii/LKCA/1907/2.txt,8619,8619,8619,0,,True
commonlii-LKCA-1907-23,commonlii,data/legal-sources/library/case-law/commonlii/LKCA/1907/23.txt,29912,29912,29912,1,replacement_character,False
commonlii-LKCA-1907-24,commonlii,data/legal-sources/library/case-law/commonlii/LKCA/1907/24.txt,6893,6893,6893,0,,True
commonlii-LKCA-1907-27,commonlii,data/legal-sources/library/case-law/commonlii/LKCA/1907/27.txt,4811,4811,4811,0,,True
commonlii-LKCA-1907-28,commonlii,data/legal-sources/library/case-law/commonlii/LKCA/1907/28.txt,9111,9111,9111,4,replacement_character,False
commonlii-LKCA-1907-3,commonlii,data/legal-sources/library/case-law/commonlii/LKCA/1907/3.txt,6730,6730,6730,0,,True
commonlii-LKCA-1907-30,commonlii,data/legal-sources/library/case-law/commonlii/LKCA/1907/30.txt,8635,8635,8635,0,,True
commonlii-LKCA-1907-5,commonlii,data/legal-sources/library/case-law/commonlii/LKCA/1907/5.txt,5318,5318,5318,0,,True
commonlii-LKCA-1907-8,commonlii,data/legal-sources/library/case-law/commonlii/LKCA/1907/8.txt,10390,10390,10390,0,,True
commonlii-LKCA-1908-1,commonlii,data/legal-sources/library/case-law/commonlii/LKCA/1908/1.txt,6523,6523,6523,0,,True
commonlii-LKCA-1908-10,commonlii,data/legal-sources/library/case-law/commonlii/LKCA/1908/10.txt,11111,11111,11098,3,replacement_character,False
commonlii-LKCA-1908-19,commonlii,data/legal-sources/library/case-law/commonlii/LKCA/1908/19.txt,5744,5744,5744,0,,True
commonlii-LKCA-1908-2,commonlii,data/legal-sources/library/case-law/commonlii/LKCA/1908/2.txt,3723,3723,3723,0,,True
commonlii-LKCA-1908-20,commonlii,data/legal-sources/library/case-law/commonlii/LKCA/1908/20.txt,4716,4716,4716,0,,True
commonlii-LKCA-1908-22,commonlii,data/legal-sources/library/case-law/commonlii/LKCA/1908/22.txt,7643,7643,7643,0,,True
commonlii-LKCA-1908-23,commonlii,data/legal-sources/library/case-law/commonlii/LKCA/1908/23.txt,10532,10532,10532,0,,True
commonlii-LKCA-1908-25,commonlii,data/legal-sources/library/case-law/commonlii/LKCA/1908/25.txt,14334,14334,14334,0,,True
commonlii-LKCA-1908-26,commonlii,data/legal-sources/library/case-law/commonlii/LKCA/1908/26.txt,6129,6129,6129,0,,True
commonlii-LKCA-1908-27,commonlii,data/legal-sources/library/case-law/commonlii/LKCA/1908/27.txt,2286,2286,2286,0,,True
commonlii-LKCA-1908-31,commonlii,data/legal-sources/library/case-law/commonlii/LKCA/1908/31.txt,7720,7720,7720,0,,True
commonlii-LKCA-1908-33,commonlii,data/legal-sources/library/case-law/commonlii/LKCA/1908/33.txt,6501,6501,6501,2,replacement_character,False
commonlii-LKCA-1908-34,commonlii,data/legal-sources/library/case-law/commonlii/LKCA/1908/34.txt,13078,13078,13078,0,,True
commonlii-LKCA-1908-39,commonlii,data/legal-sources/library/case-law/commonlii/LKCA/1908/39.txt,6061,6061,6061,0,,True
commonlii-LKCA-1908-40,commonlii,data/legal-sources/library/case-law/commonlii/LKCA/1908/40.txt,14866,14866,14866,0,,True
commonlii-LKCA-1908-42,commonlii,data/legal-sources/library/case-law/commonlii/LKCA/1908/42.txt,6983,6983,6983,0,,True
commonlii-LKCA-1908-45,commonlii,data/legal-sources/library/case-law/commonlii/LKCA/1908/45.txt,19742,19742,19742,0,,True
commonlii-LKCA-1908-46,commonlii,data/legal-sources/library/case-law/commonlii/LKCA/1908/46.txt,8908,8908,8908,0,,True
commonlii-LKCA-1908-48,commonlii,data/legal-sources/library/case-law/commonlii/LKCA/1908/48.txt,11557,11557,11557,7,replacement_character,False
commonlii-LKCA-1908-49,commonlii,data/legal-sources/library/case-law/commonlii/LKCA/1908/49.txt,12581,12581,12581,2,replacement_character,False
commonlii-LKCA-1908-50,commonlii,data/legal-sources/library/case-law/commonlii/LKCA/1908/50.txt,10060,10060,10060,1,replacement_character,False
commonlii-LKCA-1908-51,commonlii,data/legal-sources/library/case-law/commonlii/LKCA/1908/51.txt,9399,9399,9399,1,replacement_character,False
commonlii-LKCA-1908-53,commonlii,data/legal-sources/library/case-law/commonlii/LKCA/1908/53.txt,9042,9042,9042,0,,True
commonlii-LKCA-1908-55,commonlii,data/legal-sources/library/case-law/commonlii/LKCA/1908/55.txt,4645,4645,4645,0,,True
commonlii-LKCA-1908-56,commonlii,data/legal-sources/library/case-law/commonlii/LKCA/1908/56.txt,15832,15832,15819,1,replacement_character,False
commonlii-LKCA-1908-57,commonlii,data/legal-sources/library/case-law/commonlii/LKCA/1908/57.txt,18174,18174,18174,2,replacement_character,False
commonlii-LKCA-1908-58,commonlii,data/legal-sources/library/case-law/commonlii/LKCA/1908/58.txt,10022,10022,10022,2,replacement_character,False
commonlii-LKCA-1908-6,commonlii,data/legal-sources/library/case-law/commonlii/LKCA/1908/6.txt,13311,13311,13311,0,,True
commonlii-LKCA-1908-60,commonlii,data/legal-sources/library/case-law/commonlii/LKCA/1908/60.txt,15697,15697,15697,1,replacement_character,False
commonlii-LKCA-1908-61,commonlii,data/legal-sources/library/case-law/commonlii/LKCA/1908/61.txt,32034,32034,32034,4,replacement_character,False
commonlii-LKCA-1908-62,commonlii,data/legal-sources/library/case-law/commonlii/LKCA/1908/62.txt,22521,22521,22521,1,replacement_character,False
commonlii-LKCA-1908-64,commonlii,data/legal-sources/library/case-law/commonlii/LKCA/1908/64.txt,15461,15461,15461,5,replacement_character,False
commonlii-LKCA-1908-65,commonlii,data/legal-sources/library/case-law/commonlii/LKCA/1908/65.txt,9467,9467,9467,0,,True
commonlii-LKCA-1908-66,commonlii,data/legal-sources/library/case-law/commonlii/LKCA/1908/66.txt,5426,5426,5426,0,,True
commonlii-LKCA-1908-69,commonlii,data/legal-sources/library/case-law/commonlii/LKCA/1908/69.txt,25326,25326,25326,3,replacement_character,False
commonlii-LKCA-1908-8,commonlii,data/legal-sources/library/case-law/commonlii/LKCA/1908/8.txt,4529,4529,4529,0,,True
commonlii-LKCA-1909-1,commonlii,data/legal-sources/library/case-law/commonlii/LKCA/1909/1.txt,23829,23829,23829,0,,True
commonlii-LKCA-1909-10,commonlii,data/legal-sources/library/case-law/commonlii/LKCA/1909/10.txt,17539,17539,17539,1,replacement_character,False
commonlii-LKCA-1909-11,commonlii,data/legal-sources/library/case-law/commonlii/LKCA/1909/11.txt,4474,4474,4474,0,,True
commonlii-LKCA-1909-13,commonlii,data/legal-sources/library/case-law/commonlii/LKCA/1909/13.txt,9764,9764,9764,0,,True
commonlii-LKCA-1909-14,commonlii,data/legal-sources/library/case-law/commonlii/LKCA/1909/14.txt,5928,5928,5928,0,,True
commonlii-LKCA-1909-15,commonlii,data/legal-sources/library/case-law/commonlii/LKCA/1909/15.txt,7862,7862,7862,0,,True
commonlii-LKCA-1909-17,commonlii,data/legal-sources/library/case-law/commonlii/LKCA/1909/17.txt,8505,8505,8505,0,,True
commonlii-LKCA-1909-18,commonlii,data/legal-sources/library/case-law/commonlii/LKCA/1909/18.txt,17239,17239,17239,0,,True
commonlii-LKCA-1909-21,commonlii,data/legal-sources/library/case-law/commonlii/LKCA/1909/21.txt,7665,7665,7665,0,,True
commonlii-LKCA-1909-25,commonlii,data/legal-sources/library/case-law/commonlii/LKCA/1909/25.txt,11665,11665,11665,1,replacement_character,False
commonlii-LKCA-1909-26,commonlii,data/legal-sources/library/case-law/commonlii/LKCA/1909/26.txt,7745,7745,7745,0,,True
commonlii-LKCA-1909-28,commonlii,data/legal-sources/library/case-law/commonlii/LKCA/1909/28.txt,6756,6756,6756,0,,True
commonlii-LKCA-1909-29,commonlii,data/legal-sources/library/case-law/commonlii/LKCA/1909/29.txt,6837,6837,6837,0,,True
commonlii-LKCA-1909-30,commonlii,data/legal-sources/library/case-law/commonlii/LKCA/1909/30.txt,15690,15690,15690,0,,True
commonlii-LKCA-1909-31,commonlii,data/legal-sources/library/case-law/commonlii/LKCA/1909/31.txt,18248,18248,18248,0,,True
commonlii-LKCA-1909-33,commonlii,data/legal-sources/library/case-law/commonlii/LKCA/1909/33.txt,6120,6120,6120,0,,True
commonlii-LKCA-1909-35,commonlii,data/legal-sources/library/case-law/commonlii/LKCA/1909/35.txt,4402,4402,4402,0,,True
commonlii-LKCA-1909-38,commonlii,data/legal-sources/library/case-law/commonlii/LKCA/1909/38.txt,8763,8763,8763,1,replacement_character,False
commonlii-LKCA-1909-39,commonlii,data/legal-sources/library/case-law/commonlii/LKCA/1909/39.txt,12001,12001,12001,0,,True
commonlii-LKCA-1909-42,commonlii,data/legal-sources/library/case-law/commonlii/LKCA/1909/42.txt,20105,20105,20092,2,replacement_character,False
commonlii-LKCA-1909-43,commonlii,data/legal-sources/library/case-law/commonlii/LKCA/1909/43.txt,16630,16630,16630,0,,True
commonlii-LKCA-1909-47,commonlii,data/legal-sources/library/case-law/commonlii/LKCA/1909/47.txt,14739,14739,14739,0,,True
commonlii-LKCA-1909-48,commonlii,data/legal-sources/library/case-law/commonlii/LKCA/1909/48.txt,10955,10955,10941,0,,True
commonlii-LKCA-1909-49,commonlii,data/legal-sources/library/case-law/commonlii/LKCA/1909/49.txt,10023,10023,10023,0,,True
commonlii-LKCA-1909-50,commonlii,data/legal-sources/library/case-law/commonlii/LKCA/1909/50.txt,18347,18347,18347,0,,True
commonlii-LKCA-1909-55,commonlii,data/legal-sources/library/case-law/commonlii/LKCA/1909/55.txt,14246,14246,14246,0,,True
commonlii-LKCA-1909-56,commonlii,data/legal-sources/library/case-law/commonlii/LKCA/1909/56.txt,9419,9419,9419,0,,True
commonlii-LKCA-1909-57,commonlii,data/legal-sources/library/case-law/commonlii/LKCA/1909/57.txt,25009,25009,25009,4,replacement_character,False
commonlii-LKCA-1909-58,commonlii,data/legal-sources/library/case-law/commonlii/LKCA/1909/58.txt,9820,9820,9820,1,replacement_character,False
commonlii-LKCA-1909-59,commonlii,data/legal-sources/library/case-law/commonlii/LKCA/1909/59.txt,5362,5362,5362,0,,True
commonlii-LKCA-1909-6,commonlii,data/legal-sources/library/case-law/commonlii/LKCA/1909/6.txt,7503,7503,7503,0,,True
commonlii-LKCA-1909-60,commonlii,data/legal-sources/library/case-law/commonlii/LKCA/1909/60.txt,55376,55376,55376,0,,True
commonlii-LKCA-1909-62,commonlii,data/legal-sources/library/case-law/commonlii/LKCA/1909/62.txt,11641,11641,11641,0,,True
commonlii-LKCA-1909-63,commonlii,data/legal-sources/library/case-law/commonlii/LKCA/1909/63.txt,26451,26451,26451,15,replacement_character,False
commonlii-LKCA-1909-65,commonlii,data/legal-sources/library/case-law/commonlii/LKCA/1909/65.txt,2551,2551,2551,0,,True
commonlii-LKCA-1909-66,commonlii,data/legal-sources/library/case-law/commonlii/LKCA/1909/66.txt,16160,16160,16160,0,,True
commonlii-LKCA-1909-67,commonlii,data/legal-sources/library/case-law/commonlii/LKCA/1909/67.txt,4878,4878,4878,0,,True
commonlii-LKCA-1909-9,commonlii,data/legal-sources/library/case-law/commonlii/LKCA/1909/9.txt,27983,27983,27983,0,,True
commonlii-LKCA-1910-1,commonlii,data/legal-sources/library/case-law/commonlii/LKCA/1910/1.txt,6920,6920,6920,0,,True
commonlii-LKCA-1910-2,commonlii,data/legal-sources/library/case-law/commonlii/LKCA/1910/2.txt,79988,79988,79988,0,,True
commonlii-LKCA-1910-20,commonlii,data/legal-sources/library/case-law/commonlii/LKCA/1910/20.txt,6490,6490,6490,0,,True
commonlii-LKCA-1910-21,commonlii,data/legal-sources/library/case-law/commonlii/LKCA/1910/21.txt,21365,21365,21365,0,,True
commonlii-LKCA-1910-23,commonlii,data/legal-sources/library/case-law/commonlii/LKCA/1910/23.txt,32021,32021,32021,0,,True
commonlii-LKCA-1910-25,commonlii,data/legal-sources/library/case-law/commonlii/LKCA/1910/25.txt,19482,19482,19467,0,,True
commonlii-LKCA-1910-26,commonlii,data/legal-sources/library/case-law/commonlii/LKCA/1910/26.txt,19824,19824,19824,0,,True
commonlii-LKCA-1910-28,commonlii,data/legal-sources/library/case-law/commonlii/LKCA/1910/28.txt,8152,8152,8152,0,,True
commonlii-LKCA-1910-30,commonlii,data/legal-sources/library/case-law/commonlii/LKCA/1910/30.txt,11607,11607,11607,0,,True
commonlii-LKCA-1910-34,commonlii,data/legal-sources/library/case-law/commonlii/LKCA/1910/34.txt,13182,13182,13182,0,,True
commonlii-LKCA-1910-35,commonlii,data/legal-sources/library/case-law/commonlii/LKCA/1910/35.txt,9796,9796,9796,0,,True
commonlii-LKCA-1910-36,commonlii,data/legal-sources/library/case-law/commonlii/LKCA/1910/36.txt,18158,18158,18158,0,,True
commonlii-LKCA-1910-37,commonlii,data/legal-sources/library/case-law/commonlii/LKCA/1910/37.txt,12200,12200,12200,0,,True
commonlii-LKCA-1910-38,commonlii,data/legal-sources/library/case-law/commonlii/LKCA/1910/38.txt,8446,8446,8446,0,,True
commonlii-LKCA-1910-40,commonlii,data/legal-sources/library/case-law/commonlii/LKCA/1910/40.txt,20254,20254,20254,0,,True
commonlii-LKCA-1910-41,commonlii,data/legal-sources/library/case-law/commonlii/LKCA/1910/41.txt,9952,9952,9952,0,,True
commonlii-LKCA-1910-43,commonlii,data/legal-sources/library/case-law/commonlii/LKCA/1910/43.txt,5033,5033,5033,0,,True
commonlii-LKCA-1910-45,commonlii,data/legal-sources/library/case-law/commonlii/LKCA/1910/45.txt,9236,9236,9236,0,,True
commonlii-LKCA-1910-46,commonlii,data/legal-sources/library/case-law/commonlii/LKCA/1910/46.txt,12656,12656,12656,0,,True
commonlii-LKCA-1910-48,commonlii,data/legal-sources/library/case-law/commonlii/LKCA/1910/48.txt,8772,8772,8772,0,,True
commonlii-LKCA-1910-49,commonlii,data/legal-sources/library/case-law/commonlii/LKCA/1910/49.txt,15606,15606,15606,0,,True
commonlii-LKCA-1910-50,commonlii,data/legal-sources/library/case-law/commonlii/LKCA/1910/50.txt,84560,84560,84560,0,,True
commonlii-LKCA-1910-51,commonlii,data/legal-sources/library/case-law/commonlii/LKCA/1910/51.txt,21981,21981,21981,0,,True
commonlii-LKCA-1910-52,commonlii,data/legal-sources/library/case-law/commonlii/LKCA/1910/52.txt,9779,9779,9779,0,,True
commonlii-LKCA-1910-53,commonlii,data/legal-sources/library/case-law/commonlii/LKCA/1910/53.txt,12753,12753,12753,0,,True
commonlii-LKCA-1910-54,commonlii,data/legal-sources/library/case-law/commonlii/LKCA/1910/54.txt,16113,16113,16113,0,,True
commonlii-LKCA-1910-55,commonlii,data/legal-sources/library/case-law/commonlii/LKCA/1910/55.txt,8232,8232,8232,0,,True
commonlii-LKCA-1910-56,commonlii,data/legal-sources/library/case-law/commonlii/LKCA/1910/56.txt,8544,8544,8544,0,,True
commonlii-LKCA-1910-57,commonlii,data/legal-sources/library/case-law/commonlii/LKCA/1910/57.txt,24580,24580,24580,2,replacement_character,False
commonlii-LKCA-1910-58,commonlii,data/legal-sources/library/case-law/commonlii/LKCA/1910/58.txt,36505,36505,36505,0,,True
commonlii-LKCA-1910-59,commonlii,data/legal-sources/library/case-law/commonlii/LKCA/1910/59.txt,7949,7949,7949,0,,True
commonlii-LKCA-1910-6,commonlii,data/legal-sources/library/case-law/commonlii/LKCA/1910/6.txt,8066,8066,8066,0,,True
commonlii-LKCA-1910-60,commonlii,data/legal-sources/library/case-law/commonlii/LKCA/1910/60.txt,28327,28327,28327,0,,True
commonlii-LKCA-1910-61,commonlii,data/legal-sources/library/case-law/commonlii/LKCA/1910/61.txt,8400,8400,8400,0,,True
commonlii-LKCA-1910-62,commonlii,data/legal-sources/library/case-law/commonlii/LKCA/1910/62.txt,17797,17797,17797,0,,True
commonlii-LKCA-1910-63,commonlii,data/legal-sources/library/case-law/commonlii/LKCA/1910/63.txt,21493,21493,21493,0,,True
commonlii-LKCA-1910-64,commonlii,data/legal-sources/library/case-law/commonlii/LKCA/1910/64.txt,14923,14923,14923,0,,True
commonlii-LKCA-1910-65,commonlii,data/legal-sources/library/case-law/commonlii/LKCA/1910/65.txt,9622,9622,9622,0,,True
commonlii-LKCA-1910-67,commonlii,data/legal-sources/library/case-law/commonlii/LKCA/1910/67.txt,17407,17407,17407,0,,True
commonlii-LKCA-1910-68,commonlii,data/legal-sources/library/case-law/commonlii/LKCA/1910/68.txt,11102,11102,11102,0,,True
commonlii-LKCA-1910-69,commonlii,data/legal-sources/library/case-law/commonlii/LKCA/1910/69.txt,7723,7723,7723,0,,True
commonlii-LKCA-1910-7,commonlii,data/legal-sources/library/case-law/commonlii/LKCA/1910/7.txt,10329,10329,10329,0,,True
commonlii-LKCA-1910-71,commonlii,data/legal-sources/library/case-law/commonlii/LKCA/1910/71.txt,5505,5505,5505,0,,True
commonlii-LKCA-1910-72,commonlii,data/legal-sources/library/case-law/commonlii/LKCA/1910/72.txt,9423,9423,9423,0,,True
commonlii-LKCA-1910-75,commonlii,data/legal-sources/library/case-law/commonlii/LKCA/1910/75.txt,11736,11736,11736,0,,True
commonlii-LKCA-1910-76,commonlii,data/legal-sources/library/case-law/commonlii/LKCA/1910/76.txt,5839,5839,5839,0,,True
commonlii-LKCA-1910-77,commonlii,data/legal-sources/library/case-law/commonlii/LKCA/1910/77.txt,5791,5791,5791,0,,True
commonlii-LKCA-1910-78,commonlii,data/legal-sources/library/case-law/commonlii/LKCA/1910/78.txt,8491,8491,8491,0,,True
commonlii-LKCA-1910-79,commonlii,data/legal-sources/library/case-law/commonlii/LKCA/1910/79.txt,6275,6275,6275,0,,True
commonlii-LKCA-1910-8,commonlii,data/legal-sources/library/case-law/commonlii/LKCA/1910/8.txt,23933,23933,23933,2,replacement_character,False
commonlii-LKCA-1910-80,commonlii,data/legal-sources/library/case-law/commonlii/LKCA/1910/80.txt,9053,9053,9053,0,,True
commonlii-LKCA-1910-83,commonlii,data/legal-sources/library/case-law/commonlii/LKCA/1910/83.txt,7029,7029,7029,0,,True
commonlii-LKCA-1910-84,commonlii,data/legal-sources/library/case-law/commonlii/LKCA/1910/84.txt,15195,15195,15181,0,,True
commonlii-LKCA-1910-9,commonlii,data/legal-sources/library/case-law/commonlii/LKCA/1910/9.txt,26018,26018,26018,1,replacement_character,False
commonlii-LKCA-1911-102,commonlii,data/legal-sources/library/case-law/commonlii/LKCA/1911/102.txt,6904,6904,6904,0,,True
commonlii-LKCA-1911-105,commonlii,data/legal-sources/library/case-law/commonlii/LKCA/1911/105.txt,4530,4530,4530,0,,True
commonlii-LKCA-1911-109,commonlii,data/legal-sources/library/case-law/commonlii/LKCA/1911/109.txt,5827,5827,5827,0,,True
commonlii-LKCA-1911-11,commonlii,data/legal-sources/library/case-law/commonlii/LKCA/1911/11.txt,4919,4919,4919,1,replacement_character,False
commonlii-LKCA-1911-110,commonlii,data/legal-sources/library/case-law/commonlii/LKCA/1911/110.txt,4342,4342,4342,0,,True
commonlii-LKCA-1911-113,commonlii,data/legal-sources/library/case-law/commonlii/LKCA/1911/113.txt,11945,11945,11945,3,replacement_character,False
commonlii-LKCA-1911-12,commonlii,data/legal-sources/library/case-law/commonlii/LKCA/1911/12.txt,15164,15164,15164,0,,True
commonlii-LKCA-1911-19,commonlii,data/legal-sources/library/case-law/commonlii/LKCA/1911/19.txt,13833,13833,13833,0,,True
commonlii-LKCA-1911-23,commonlii,data/legal-sources/library/case-law/commonlii/LKCA/1911/23.txt,5845,5845,5845,0,,True
commonlii-LKCA-1911-25,commonlii,data/legal-sources/library/case-law/commonlii/LKCA/1911/25.txt,5744,5744,5744,0,,True
commonlii-LKCA-1911-29,commonlii,data/legal-sources/library/case-law/commonlii/LKCA/1911/29.txt,9603,9603,9603,0,,True
commonlii-LKCA-1911-3,commonlii,data/legal-sources/library/case-law/commonlii/LKCA/1911/3.txt,8927,8927,8927,0,,True
commonlii-LKCA-1911-32,commonlii,data/legal-sources/library/case-law/commonlii/LKCA/1911/32.txt,7892,7892,7892,0,,True
commonlii-LKCA-1911-35,commonlii,data/legal-sources/library/case-law/commonlii/LKCA/1911/35.txt,5040,5040,5040,0,,True
commonlii-LKCA-1911-38,commonlii,data/legal-sources/library/case-law/commonlii/LKCA/1911/38.txt,10604,10604,10604,0,,True
commonlii-LKCA-1911-39,commonlii,data/legal-sources/library/case-law/commonlii/LKCA/1911/39.txt,11156,11156,11156,0,,True
commonlii-LKCA-1911-4,commonlii,data/legal-sources/library/case-law/commonlii/LKCA/1911/4.txt,24782,24782,24782,0,,True
commonlii-LKCA-1911-41,commonlii,data/legal-sources/library/case-law/commonlii/LKCA/1911/41.txt,46250,46250,46250,0,,True
commonlii-LKCA-1911-43,commonlii,data/legal-sources/library/case-law/commonlii/LKCA/1911/43.txt,9016,9016,9016,0,,True
commonlii-LKCA-1911-44,commonlii,data/legal-sources/library/case-law/commonlii/LKCA/1911/44.txt,9083,9083,9083,0,,True
commonlii-LKCA-1911-45,commonlii,data/legal-sources/library/case-law/commonlii/LKCA/1911/45.txt,21004,21004,21004,5,replacement_character,False
commonlii-LKCA-1911-46,commonlii,data/legal-sources/library/case-law/commonlii/LKCA/1911/46.txt,14052,14052,14052,0,,True
commonlii-LKCA-1911-5,commonlii,data/legal-sources/library/case-law/commonlii/LKCA/1911/5.txt,19032,19032,19032,0,,True
commonlii-LKCA-1911-53,commonlii,data/legal-sources/library/case-law/commonlii/LKCA/1911/53.txt,8269,8269,8269,0,,True
commonlii-LKCA-1911-54,commonlii,data/legal-sources/library/case-law/commonlii/LKCA/1911/54.txt,10828,10828,10828,0,,True
commonlii-LKCA-1911-55,commonlii,data/legal-sources/library/case-law/commonlii/LKCA/1911/55.txt,7963,7963,7963,0,,True
commonlii-LKCA-1911-6,commonlii,data/legal-sources/library/case-law/commonlii/LKCA/1911/6.txt,18202,18202,18202,0,,True
commonlii-LKCA-1911-63,commonlii,data/legal-sources/library/case-law/commonlii/LKCA/1911/63.txt,16096,16096,16096,0,,True
commonlii-LKCA-1911-64,commonlii,data/legal-sources/library/case-law/commonlii/LKCA/1911/64.txt,8341,8341,8341,0,,True
commonlii-LKCA-1911-65,commonlii,data/legal-sources/library/case-law/commonlii/LKCA/1911/65.txt,8483,8483,8483,0,,True
commonlii-LKCA-1911-66,commonlii,data/legal-sources/library/case-law/commonlii/LKCA/1911/66.txt,12472,12472,12472,0,,True
commonlii-LKCA-1911-67,commonlii,data/legal-sources/library/case-law/commonlii/LKCA/1911/67.txt,5574,5574,5574,0,,True
commonlii-LKCA-1911-68,commonlii,data/legal-sources/library/case-law/commonlii/LKCA/1911/68.txt,6523,6523,6523,0,,True
commonlii-LKCA-1911-69,commonlii,data/legal-sources/library/case-law/commonlii/LKCA/1911/69.txt,10780,10780,10780,0,,True
commonlii-LKCA-1911-7,commonlii,data/legal-sources/library/case-law/commonlii/LKCA/1911/7.txt,9948,9948,9948,0,,True
commonlii-LKCA-1911-70,commonlii,data/legal-sources/library/case-law/commonlii/LKCA/1911/70.txt,19645,19645,19645,0,,True
commonlii-LKCA-1911-71,commonlii,data/legal-sources/library/case-law/commonlii/LKCA/1911/71.txt,18008,18008,18008,0,,True
commonlii-LKCA-1911-72,commonlii,data/legal-sources/library/case-law/commonlii/LKCA/1911/72.txt,19924,19924,19924,0,,True
commonlii-LKCA-1911-73,commonlii,data/legal-sources/library/case-law/commonlii/LKCA/1911/73.txt,4429,4429,4429,0,,True
commonlii-LKCA-1911-75,commonlii,data/legal-sources/library/case-law/commonlii/LKCA/1911/75.txt,16373,16373,16373,0,,True
commonlii-LKCA-1911-78,commonlii,data/legal-sources/library/case-law/commonlii/LKCA/1911/78.txt,5128,5128,5128,0,,True
commonlii-LKCA-1911-80,commonlii,data/legal-sources/library/case-law/commonlii/LKCA/1911/80.txt,10680,10680,10680,0,,True
commonlii-LKCA-1911-82,commonlii,data/legal-sources/library/case-law/commonlii/LKCA/1911/82.txt,10864,10864,10864,0,,True
commonlii-LKCA-1911-85,commonlii,data/legal-sources/library/case-law/commonlii/LKCA/1911/85.txt,4472,4472,4472,0,,True
commonlii-LKCA-1911-86,commonlii,data/legal-sources/library/case-law/commonlii/LKCA/1911/86.txt,8236,8236,8236,0,,True
commonlii-LKCA-1911-87,commonlii,data/legal-sources/library/case-law/commonlii/LKCA/1911/87.txt,7273,7273,7273,0,,True
commonlii-LKCA-1911-89,commonlii,data/legal-sources/library/case-law/commonlii/LKCA/1911/89.txt,8295,8295,8295,0,,True
commonlii-LKCA-1911-90,commonlii,data/legal-sources/library/case-law/commonlii/LKCA/1911/90.txt,21982,21982,21982,14,replacement_character,False
commonlii-LKCA-1911-91,commonlii,data/legal-sources/library/case-law/commonlii/LKCA/1911/91.txt,5624,5624,5624,2,replacement_character,False
commonlii-LKCA-1911-93,commonlii,data/legal-sources/library/case-law/commonlii/LKCA/1911/93.txt,6356,6356,6356,0,,True
commonlii-LKCA-1911-94,commonlii,data/legal-sources/library/case-law/commonlii/LKCA/1911/94.txt,10648,10648,10648,0,,True
commonlii-LKCA-1911-96,commonlii,data/legal-sources/library/case-law/commonlii/LKCA/1911/96.txt,12591,12591,12591,0,,True
commonlii-LKCA-1911-99,commonlii,data/legal-sources/library/case-law/commonlii/LKCA/1911/99.txt,12421,12421,12421,0,,True
commonlii-LKCA-1912-1,commonlii,data/legal-sources/library/case-law/commonlii/LKCA/1912/1.txt,9355,9355,9355,0,,True
commonlii-LKCA-1912-10,commonlii,data/legal-sources/library/case-law/commonlii/LKCA/1912/10.txt,4895,4895,4895,0,,True
commonlii-LKCA-1912-100,commonlii,data/legal-sources/library/case-law/commonlii/LKCA/1912/100.txt,9862,9862,9862,0,,True
commonlii-LKCA-1912-101,commonlii,data/legal-sources/library/case-law/commonlii/LKCA/1912/101.txt,15704,15704,15704,0,,True
commonlii-LKCA-1912-102,commonlii,data/legal-sources/library/case-law/commonlii/LKCA/1912/102.txt,16739,16739,16739,0,,True
commonlii-LKCA-1912-103,commonlii,data/legal-sources/library/case-law/commonlii/LKCA/1912/103.txt,7649,7649,7649,0,,True
commonlii-LKCA-1912-106,commonlii,data/legal-sources/library/case-law/commonlii/LKCA/1912/106.txt,9252,9252,9252,0,,True
commonlii-LKCA-1912-107,commonlii,data/legal-sources/library/case-law/commonlii/LKCA/1912/107.txt,7067,7067,7067,0,,True
commonlii-LKCA-1912-109,commonlii,data/legal-sources/library/case-law/commonlii/LKCA/1912/109.txt,8385,8385,8385,0,,True
commonlii-LKCA-1912-11,commonlii,data/legal-sources/library/case-law/commonlii/LKCA/1912/11.txt,9716,9716,9716,0,,True
commonlii-LKCA-1912-110,commonlii,data/legal-sources/library/case-law/commonlii/LKCA/1912/110.txt,3595,3595,3595,0,,True
commonlii-LKCA-1912-111,commonlii,data/legal-sources/library/case-law/commonlii/LKCA/1912/111.txt,12798,12798,12798,0,,True
commonlii-LKCA-1912-16,commonlii,data/legal-sources/library/case-law/commonlii/LKCA/1912/16.txt,10802,10802,10802,0,,True
commonlii-LKCA-1912-18,commonlii,data/legal-sources/library/case-law/commonlii/LKCA/1912/18.txt,12391,12391,12391,0,,True
commonlii-LKCA-1912-19,commonlii,data/legal-sources/library/case-law/commonlii/LKCA/1912/19.txt,4599,4599,4599,0,,True
commonlii-LKCA-1912-24,commonlii,data/legal-sources/library/case-law/commonlii/LKCA/1912/24.txt,4208,4208,4208,0,,True
commonlii-LKCA-1912-27,commonlii,data/legal-sources/library/case-law/commonlii/LKCA/1912/27.txt,6850,6850,6850,0,,True
commonlii-LKCA-1912-28,commonlii,data/legal-sources/library/case-law/commonlii/LKCA/1912/28.txt,15289,15289,15289,0,,True
commonlii-LKCA-1912-31,commonlii,data/legal-sources/library/case-law/commonlii/LKCA/1912/31.txt,7146,7146,7146,0,,True
commonlii-LKCA-1912-39,commonlii,data/legal-sources/library/case-law/commonlii/LKCA/1912/39.txt,16130,16130,16130,0,,True
commonlii-LKCA-1912-40,commonlii,data/legal-sources/library/case-law/commonlii/LKCA/1912/40.txt,28894,28894,28894,0,,True
commonlii-LKCA-1912-41,commonlii,data/legal-sources/library/case-law/commonlii/LKCA/1912/41.txt,3884,3884,3884,0,,True
commonlii-LKCA-1912-42,commonlii,data/legal-sources/library/case-law/commonlii/LKCA/1912/42.txt,7956,7956,7956,0,,True
commonlii-LKCA-1912-43,commonlii,data/legal-sources/library/case-law/commonlii/LKCA/1912/43.txt,4234,4234,4234,0,,True
commonlii-LKCA-1912-45,commonlii,data/legal-sources/library/case-law/commonlii/LKCA/1912/45.txt,5303,5303,5303,0,,True
commonlii-LKCA-1912-46,commonlii,data/legal-sources/library/case-law/commonlii/LKCA/1912/46.txt,10359,10359,10359,0,,True
commonlii-LKCA-1912-47,commonlii,data/legal-sources/library/case-law/commonlii/LKCA/1912/47.txt,5690,5690,5690,0,,True
commonlii-LKCA-1912-48,commonlii,data/legal-sources/library/case-law/commonlii/LKCA/1912/48.txt,6200,6200,6200,0,,True
commonlii-LKCA-1912-49,commonlii,data/legal-sources/library/case-law/commonlii/LKCA/1912/49.txt,41009,41009,41009,0,,True
commonlii-LKCA-1912-5,commonlii,data/legal-sources/library/case-law/commonlii/LKCA/1912/5.txt,10353,10353,10353,0,,True
commonlii-LKCA-1912-53,commonlii,data/legal-sources/library/case-law/commonlii/LKCA/1912/53.txt,11265,11265,11265,0,,True
commonlii-LKCA-1912-55,commonlii,data/legal-sources/library/case-law/commonlii/LKCA/1912/55.txt,10368,10368,10368,0,,True
commonlii-LKCA-1912-56,commonlii,data/legal-sources/library/case-law/commonlii/LKCA/1912/56.txt,17937,17937,17937,1,replacement_character,False
commonlii-LKCA-1912-58,commonlii,data/legal-sources/library/case-law/commonlii/LKCA/1912/58.txt,8057,8057,8057,7,replacement_character,False
commonlii-LKCA-1912-62,commonlii,data/legal-sources/library/case-law/commonlii/LKCA/1912/62.txt,7769,7769,7769,1,replacement_character,False
commonlii-LKCA-1912-63,commonlii,data/legal-sources/library/case-law/commonlii/LKCA/1912/63.txt,9727,9727,9727,0,,True
commonlii-LKCA-1912-68,commonlii,data/legal-sources/library/case-law/commonlii/LKCA/1912/68.txt,13786,13786,13786,0,,True
commonlii-LKCA-1912-69,commonlii,data/legal-sources/library/case-law/commonlii/LKCA/1912/69.txt,10401,10401,10401,0,,True
commonlii-LKCA-1912-70,commonlii,data/legal-sources/library/case-law/commonlii/LKCA/1912/70.txt,4590,4590,4590,0,,True
commonlii-LKCA-1912-71,commonlii,data/legal-sources/library/case-law/commonlii/LKCA/1912/71.txt,16482,16482,16482,0,,True
commonlii-LKCA-1912-72,commonlii,data/legal-sources/library/case-law/commonlii/LKCA/1912/72.txt,14716,14716,14716,0,,True
commonlii-LKCA-1912-73,commonlii,data/legal-sources/library/case-law/commonlii/LKCA/1912/73.txt,18532,18532,18532,22,replacement_character,False
commonlii-LKCA-1912-74,commonlii,data/legal-sources/library/case-law/commonlii/LKCA/1912/74.txt,6705,6705,6705,0,,True
commonlii-LKCA-1912-75,commonlii,data/legal-sources/library/case-law/commonlii/LKCA/1912/75.txt,6808,6808,6808,0,,True
commonlii-LKCA-1912-76,commonlii,data/legal-sources/library/case-law/commonlii/LKCA/1912/76.txt,19541,19541,19541,0,,True
commonlii-LKCA-1912-77,commonlii,data/legal-sources/library/case-law/commonlii/LKCA/1912/77.txt,7316,7316,7316,0,,True
commonlii-LKCA-1912-78,commonlii,data/legal-sources/library/case-law/commonlii/LKCA/1912/78.txt,6519,6519,6519,0,,True
commonlii-LKCA-1912-79,commonlii,data/legal-sources/library/case-law/commonlii/LKCA/1912/79.txt,15308,15308,15308,0,,True
commonlii-LKCA-1912-80,commonlii,data/legal-sources/library/case-law/commonlii/LKCA/1912/80.txt,10754,10754,10754,0,,True
commonlii-LKCA-1912-81,commonlii,data/legal-sources/library/case-law/commonlii/LKCA/1912/81.txt,10603,10603,10603,0,,True
commonlii-LKCA-1912-82,commonlii,data/legal-sources/library/case-law/commonlii/LKCA/1912/82.txt,11312,11312,11312,0,,True
commonlii-LKCA-1912-83,commonlii,data/legal-sources/library/case-law/commonlii/LKCA/1912/83.txt,13255,13255,13255,1,replacement_character,False
commonlii-LKCA-1912-84,commonlii,data/legal-sources/library/case-law/commonlii/LKCA/1912/84.txt,5679,5679,5679,0,,True
commonlii-LKCA-1912-85,commonlii,data/legal-sources/library/case-law/commonlii/LKCA/1912/85.txt,13630,13630,13630,0,,True
commonlii-LKCA-1912-88,commonlii,data/legal-sources/library/case-law/commonlii/LKCA/1912/88.txt,10179,10179,10179,0,,True
commonlii-LKCA-1912-9,commonlii,data/legal-sources/library/case-law/commonlii/LKCA/1912/9.txt,6572,6572,6572,0,,True
commonlii-LKCA-1912-90,commonlii,data/legal-sources/library/case-law/commonlii/LKCA/1912/90.txt,12470,12470,12470,0,,True
commonlii-LKCA-1912-91,commonlii,data/legal-sources/library/case-law/commonlii/LKCA/1912/91.txt,14114,14114,14114,0,,True
commonlii-LKCA-1912-92,commonlii,data/legal-sources/library/case-law/commonlii/LKCA/1912/92.txt,7010,7010,7010,0,,True
commonlii-LKCA-1912-93,commonlii,data/legal-sources/library/case-law/commonlii/LKCA/1912/93.txt,6565,6565,6565,0,,True
commonlii-LKCA-1912-95,commonlii,data/legal-sources/library/case-law/commonlii/LKCA/1912/95.txt,6807,6807,6807,0,,True
commonlii-LKCA-1912-98,commonlii,data/legal-sources/library/case-law/commonlii/LKCA/1912/98.txt,23131,23131,23131,1,replacement_character,False
commonlii-LKCA-1912-99,commonlii,data/legal-sources/library/case-law/commonlii/LKCA/1912/99.txt,13082,13082,13082,0,,True
commonlii-LKCA-1913-1,commonlii,data/legal-sources/library/case-law/commonlii/LKCA/1913/1.txt,8863,8863,8863,0,,True
commonlii-LKCA-1913-10,commonlii,data/legal-sources/library/case-law/commonlii/LKCA/1913/10.txt,17047,17047,17047,1,replacement_character,False
commonlii-LKCA-1913-101,commonlii,data/legal-sources/library/case-law/commonlii/LKCA/1913/101.txt,4799,4799,4799,0,,True
commonlii-LKCA-1913-103,commonlii,data/legal-sources/library/case-law/commonlii/LKCA/1913/103.txt,10788,10788,10788,0,,True
commonlii-LKCA-1913-105,commonlii,data/legal-sources/library/case-law/commonlii/LKCA/1913/105.txt,16714,16714,16714,0,,True
commonlii-LKCA-1913-107,commonlii,data/legal-sources/library/case-law/commonlii/LKCA/1913/107.txt,7866,7866,7866,0,,True
commonlii-LKCA-1913-108,commonlii,data/legal-sources/library/case-law/commonlii/LKCA/1913/108.txt,19725,19725,19725,0,,True
commonlii-LKCA-1913-109,commonlii,data/legal-sources/library/case-law/commonlii/LKCA/1913/109.txt,12483,12483,12483,0,,True
commonlii-LKCA-1913-11,commonlii,data/legal-sources/library/case-law/commonlii/LKCA/1913/11.txt,6726,6726,6726,0,,True
commonlii-LKCA-1913-110,commonlii,data/legal-sources/library/case-law/commonlii/LKCA/1913/110.txt,8000,8000,8000,0,,True
commonlii-LKCA-1913-112,commonlii,data/legal-sources/library/case-law/commonlii/LKCA/1913/112.txt,8260,8260,8260,0,,True
commonlii-LKCA-1913-113,commonlii,data/legal-sources/library/case-law/commonlii/LKCA/1913/113.txt,5719,5719,5719,0,,True
commonlii-LKCA-1913-114,commonlii,data/legal-sources/library/case-law/commonlii/LKCA/1913/114.txt,7019,7019,7019,0,,True
commonlii-LKCA-1913-117,commonlii,data/legal-sources/library/case-law/commonlii/LKCA/1913/117.txt,6850,6850,6850,0,,True
commonlii-LKCA-1913-118,commonlii,data/legal-sources/library/case-law/commonlii/LKCA/1913/118.txt,7953,7953,7953,0,,True
commonlii-LKCA-1913-123,commonlii,data/legal-sources/library/case-law/commonlii/LKCA/1913/123.txt,5649,5649,5649,0,,True
commonlii-LKCA-1913-125,commonlii,data/legal-sources/library/case-law/commonlii/LKCA/1913/125.txt,7083,7083,7083,0,,True
commonlii-LKCA-1913-127,commonlii,data/legal-sources/library/case-law/commonlii/LKCA/1913/127.txt,9306,9306,9306,0,,True
commonlii-LKCA-1913-128,commonlii,data/legal-sources/library/case-law/commonlii/LKCA/1913/128.txt,3642,3642,3642,0,,True
commonlii-LKCA-1913-129,commonlii,data/legal-sources/library/case-law/commonlii/LKCA/1913/129.txt,9505,9505,9505,0,,True
commonlii-LKCA-1913-13,commonlii,data/legal-sources/library/case-law/commonlii/LKCA/1913/13.txt,10562,10562,10562,0,,True
commonlii-LKCA-1913-14,commonlii,data/legal-sources/library/case-law/commonlii/LKCA/1913/14.txt,3503,3503,3503,0,,True
commonlii-LKCA-1913-16,commonlii,data/legal-sources/library/case-law/commonlii/LKCA/1913/16.txt,8123,8123,8123,0,,True
commonlii-LKCA-1913-17,commonlii,data/legal-sources/library/case-law/commonlii/LKCA/1913/17.txt,4752,4752,4752,0,,True
commonlii-LKCA-1913-19,commonlii,data/legal-sources/library/case-law/commonlii/LKCA/1913/19.txt,108015,108015,108015,0,,True
commonlii-LKCA-1913-20,commonlii,data/legal-sources/library/case-law/commonlii/LKCA/1913/20.txt,30819,30819,30819,142,replacement_character,False
commonlii-LKCA-1913-22,commonlii,data/legal-sources/library/case-law/commonlii/LKCA/1913/22.txt,10096,10096,10096,0,,True
commonlii-LKCA-1913-23,commonlii,data/legal-sources/library/case-law/commonlii/LKCA/1913/23.txt,5771,5771,5771,0,,True
commonlii-LKCA-1913-24,commonlii,data/legal-sources/library/case-law/commonlii/LKCA/1913/24.txt,44838,44838,44838,1,replacement_character,False
commonlii-LKCA-1913-26,commonlii,data/legal-sources/library/case-law/commonlii/LKCA/1913/26.txt,7724,7724,7724,0,,True
commonlii-LKCA-1913-33,commonlii,data/legal-sources/library/case-law/commonlii/LKCA/1913/33.txt,47424,47424,47424,7,replacement_character,False
commonlii-LKCA-1913-38,commonlii,data/legal-sources/library/case-law/commonlii/LKCA/1913/38.txt,7332,7332,7332,0,,True
commonlii-LKCA-1913-40,commonlii,data/legal-sources/library/case-law/commonlii/LKCA/1913/40.txt,3016,3016,3016,0,,True
commonlii-LKCA-1913-42,commonlii,data/legal-sources/library/case-law/commonlii/LKCA/1913/42.txt,8248,8248,8248,0,,True
commonlii-LKCA-1913-48,commonlii,data/legal-sources/library/case-law/commonlii/LKCA/1913/48.txt,11270,11270,11270,0,,True
commonlii-LKCA-1913-50,commonlii,data/legal-sources/library/case-law/commonlii/LKCA/1913/50.txt,10964,10964,10964,0,,True
commonlii-LKCA-1913-54,commonlii,data/legal-sources/library/case-law/commonlii/LKCA/1913/54.txt,24349,24349,24349,0,,True
commonlii-LKCA-1913-59,commonlii,data/legal-sources/library/case-law/commonlii/LKCA/1913/59.txt,3552,3552,3552,0,,True
commonlii-LKCA-1913-6,commonlii,data/legal-sources/library/case-law/commonlii/LKCA/1913/6.txt,3606,3606,3606,0,,True
commonlii-LKCA-1913-60,commonlii,data/legal-sources/library/case-law/commonlii/LKCA/1913/60.txt,10344,10344,10344,0,,True
commonlii-LKCA-1913-63,commonlii,data/legal-sources/library/case-law/commonlii/LKCA/1913/63.txt,7493,7493,7493,0,,True
commonlii-LKCA-1913-65,commonlii,data/legal-sources/library/case-law/commonlii/LKCA/1913/65.txt,11090,11090,11090,0,,True
commonlii-LKCA-1913-67,commonlii,data/legal-sources/library/case-law/commonlii/LKCA/1913/67.txt,3388,3388,3388,0,,True
commonlii-LKCA-1913-68,commonlii,data/legal-sources/library/case-law/commonlii/LKCA/1913/68.txt,7303,7303,7303,0,,True
commonlii-LKCA-1913-7,commonlii,data/legal-sources/library/case-law/commonlii/LKCA/1913/7.txt,12959,12959,12959,0,,True
commonlii-LKCA-1913-73,commonlii,data/legal-sources/library/case-law/commonlii/LKCA/1913/73.txt,44975,44975,44975,0,,True
commonlii-LKCA-1913-75,commonlii,data/legal-sources/library/case-law/commonlii/LKCA/1913/75.txt,5991,5991,5991,0,,True
commonlii-LKCA-1913-76,commonlii,data/legal-sources/library/case-law/commonlii/LKCA/1913/76.txt,6343,6343,6343,1,replacement_character,False
commonlii-LKCA-1913-77,commonlii,data/legal-sources/library/case-law/commonlii/LKCA/1913/77.txt,8692,8692,8692,0,,True
commonlii-LKCA-1913-8,commonlii,data/legal-sources/library/case-law/commonlii/LKCA/1913/8.txt,7070,7070,7070,0,,True
commonlii-LKCA-1913-80,commonlii,data/legal-sources/library/case-law/commonlii/LKCA/1913/80.txt,5796,5796,5796,0,,True
commonlii-LKCA-1913-84,commonlii,data/legal-sources/library/case-law/commonlii/LKCA/1913/84.txt,3873,3873,3873,0,,True
commonlii-LKCA-1913-85,commonlii,data/legal-sources/library/case-law/commonlii/LKCA/1913/85.txt,14636,14636,14636,0,,True
commonlii-LKCA-1913-86,commonlii,data/legal-sources/library/case-law/commonlii/LKCA/1913/86.txt,4072,4072,4072,0,,True
commonlii-LKCA-1913-88,commonlii,data/legal-sources/library/case-law/commonlii/LKCA/1913/88.txt,10991,10991,10991,0,,True
commonlii-LKCA-1913-89,commonlii,data/legal-sources/library/case-law/commonlii/LKCA/1913/89.txt,10299,10299,10299,0,,True
commonlii-LKCA-1913-9,commonlii,data/legal-sources/library/case-law/commonlii/LKCA/1913/9.txt,19346,19346,19346,1,replacement_character,False
commonlii-LKCA-1913-95,commonlii,data/legal-sources/library/case-law/commonlii/LKCA/1913/95.txt,11232,11232,11232,0,,True
commonlii-LKCA-1913-96,commonlii,data/legal-sources/library/case-law/commonlii/LKCA/1913/96.txt,10102,10102,10102,0,,True
commonlii-LKCA-1913-97,commonlii,data/legal-sources/library/case-law/commonlii/LKCA/1913/97.txt,8952,8952,8952,0,,True
commonlii-LKCA-1913-98,commonlii,data/legal-sources/library/case-law/commonlii/LKCA/1913/98.txt,26513,26513,26513,1,replacement_character,False
commonlii-LKCA-1913-99,commonlii,data/legal-sources/library/case-law/commonlii/LKCA/1913/99.txt,6729,6729,6729,0,,True
commonlii-LKCA-1914-10,commonlii,data/legal-sources/library/case-law/commonlii/LKCA/1914/10.txt,22581,22581,22581,0,,True
commonlii-LKCA-1914-11,commonlii,data/legal-sources/library/case-law/commonlii/LKCA/1914/11.txt,12591,12591,12591,0,,True
commonlii-LKCA-1914-12,commonlii,data/legal-sources/library/case-law/commonlii/LKCA/1914/12.txt,5182,5182,5182,0,,True
commonlii-LKCA-1914-13,commonlii,data/legal-sources/library/case-law/commonlii/LKCA/1914/13.txt,10481,10481,10481,0,,True
commonlii-LKCA-1914-14,commonlii,data/legal-sources/library/case-law/commonlii/LKCA/1914/14.txt,4572,4572,4572,0,,True
commonlii-LKCA-1914-15,commonlii,data/legal-sources/library/case-law/commonlii/LKCA/1914/15.txt,21406,21406,21406,3,replacement_character,False
commonlii-LKCA-1914-17,commonlii,data/legal-sources/library/case-law/commonlii/LKCA/1914/17.txt,7369,7369,7369,0,,True
commonlii-LKCA-1914-2,commonlii,data/legal-sources/library/case-law/commonlii/LKCA/1914/2.txt,5917,5917,5917,0,,True
commonlii-LKCA-1914-21,commonlii,data/legal-sources/library/case-law/commonlii/LKCA/1914/21.txt,9235,9235,9235,0,,True
commonlii-LKCA-1914-25,commonlii,data/legal-sources/library/case-law/commonlii/LKCA/1914/25.txt,9423,9423,9423,0,,True
commonlii-LKCA-1914-28,commonlii,data/legal-sources/library/case-law/commonlii/LKCA/1914/28.txt,5277,5277,5277,0,,True
commonlii-LKCA-1914-29,commonlii,data/legal-sources/library/case-law/commonlii/LKCA/1914/29.txt,10147,10147,10147,0,,True
commonlii-LKCA-1914-3,commonlii,data/legal-sources/library/case-law/commonlii/LKCA/1914/3.txt,9461,9461,9461,0,,True
commonlii-LKCA-1914-30,commonlii,data/legal-sources/library/case-law/commonlii/LKCA/1914/30.txt,14241,14241,14241,0,,True
commonlii-LKCA-1914-33,commonlii,data/legal-sources/library/case-law/commonlii/LKCA/1914/33.txt,20289,20289,20289,0,,True
commonlii-LKCA-1914-36,commonlii,data/legal-sources/library/case-law/commonlii/LKCA/1914/36.txt,4634,4634,4634,0,,True
commonlii-LKCA-1914-37,commonlii,data/legal-sources/library/case-law/commonlii/LKCA/1914/37.txt,5250,5250,5250,0,,True
commonlii-LKCA-1914-4,commonlii,data/legal-sources/library/case-law/commonlii/LKCA/1914/4.txt,4549,4549,4549,0,,True
commonlii-LKCA-1914-41,commonlii,data/legal-sources/library/case-law/commonlii/LKCA/1914/41.txt,12437,12437,12437,0,,True
commonlii-LKCA-1914-43,commonlii,data/legal-sources/library/case-law/commonlii/LKCA/1914/43.txt,7231,7231,7231,0,,True
commonlii-LKCA-1914-46,commonlii,data/legal-sources/library/case-law/commonlii/LKCA/1914/46.txt,28512,28512,28512,0,,True
commonlii-LKCA-1914-47,commonlii,data/legal-sources/library/case-law/commonlii/LKCA/1914/47.txt,19007,19007,19007,0,,True
commonlii-LKCA-1914-48,commonlii,data/legal-sources/library/case-law/commonlii/LKCA/1914/48.txt,3837,3837,3837,0,,True
commonlii-LKCA-1914-49,commonlii,data/legal-sources/library/case-law/commonlii/LKCA/1914/49.txt,7510,7510,7510,0,,True
commonlii-LKCA-1914-50,commonlii,data/legal-sources/library/case-law/commonlii/LKCA/1914/50.txt,16701,16701,16701,0,,True
commonlii-LKCA-1914-51,commonlii,data/legal-sources/library/case-law/commonlii/LKCA/1914/51.txt,23193,23193,23193,0,,True
commonlii-LKCA-1914-52,commonlii,data/legal-sources/library/case-law/commonlii/LKCA/1914/52.txt,4774,4774,4774,0,,True
commonlii-LKCA-1914-53,commonlii,data/legal-sources/library/case-law/commonlii/LKCA/1914/53.txt,23656,23656,23656,1,replacement_character,False
commonlii-LKCA-1914-56,commonlii,data/legal-sources/library/case-law/commonlii/LKCA/1914/56.txt,11666,11666,11666,0,,True
commonlii-LKCA-1914-57,commonlii,data/legal-sources/library/case-law/commonlii/LKCA/1914/57.txt,10351,10351,10351,0,,True
commonlii-LKCA-1914-60,commonlii,data/legal-sources/library/case-law/commonlii/LKCA/1914/60.txt,23786,23786,23786,0,,True
commonlii-LKCA-1914-62,commonlii,data/legal-sources/library/case-law/commonlii/LKCA/1914/62.txt,7760,7760,7760,0,,True
commonlii-LKCA-1914-63,commonlii,data/legal-sources/library/case-law/commonlii/LKCA/1914/63.txt,5848,5848,5848,0,,True
commonlii-LKCA-1914-66,commonlii,data/legal-sources/library/case-law/commonlii/LKCA/1914/66.txt,9947,9947,9947,0,,True
commonlii-LKCA-1914-7,commonlii,data/legal-sources/library/case-law/commonlii/LKCA/1914/7.txt,19179,19179,19179,0,,True
commonlii-LKCA-1914-70,commonlii,data/legal-sources/library/case-law/commonlii/LKCA/1914/70.txt,7786,7786,7786,0,,True
commonlii-LKCA-1914-71,commonlii,data/legal-sources/library/case-law/commonlii/LKCA/1914/71.txt,14806,14806,14806,0,,True
commonlii-LKCA-1914-72,commonlii,data/legal-sources/library/case-law/commonlii/LKCA/1914/72.txt,15966,15966,15966,0,,True
commonlii-LKCA-1914-75,commonlii,data/legal-sources/library/case-law/commonlii/LKCA/1914/75.txt,13385,13385,13385,0,,True
commonlii-LKCA-1914-76,commonlii,data/legal-sources/library/case-law/commonlii/LKCA/1914/76.txt,12521,12521,12521,0,,True
commonlii-LKCA-1914-78,commonlii,data/legal-sources/library/case-law/commonlii/LKCA/1914/78.txt,11554,11554,11554,0,,True
commonlii-LKCA-1914-83,commonlii,data/legal-sources/library/case-law/commonlii/LKCA/1914/83.txt,15182,15182,15182,0,,True
commonlii-LKCA-1914-84,commonlii,data/legal-sources/library/case-law/commonlii/LKCA/1914/84.txt,9869,9869,9869,1,replacement_character,False
commonlii-LKCA-1914-89,commonlii,data/legal-sources/library/case-law/commonlii/LKCA/1914/89.txt,14276,14276,14276,0,,True
commonlii-LKCA-1914-9,commonlii,data/legal-sources/library/case-law/commonlii/LKCA/1914/9.txt,14870,14870,14870,0,,True
commonlii-LKCA-1914-90,commonlii,data/legal-sources/library/case-law/commonlii/LKCA/1914/90.txt,9210,9210,9210,0,,True
commonlii-LKCA-1914-91,commonlii,data/legal-sources/library/case-law/commonlii/LKCA/1914/91.txt,19689,19689,19689,0,,True
commonlii-LKCA-1914-92,commonlii,data/legal-sources/library/case-law/commonlii/LKCA/1914/92.txt,11442,11442,11442,0,,True
commonlii-LKCA-1914-93,commonlii,data/legal-sources/library/case-law/commonlii/LKCA/1914/93.txt,13750,13750,13750,0,,True
commonlii-LKCA-1915-1,commonlii,data/legal-sources/library/case-law/commonlii/LKCA/1915/1.txt,11531,11531,11531,0,,True
commonlii-LKCA-1915-10,commonlii,data/legal-sources/library/case-law/commonlii/LKCA/1915/10.txt,15268,15268,15268,0,,True
commonlii-LKCA-1915-12,commonlii,data/legal-sources/library/case-law/commonlii/LKCA/1915/12.txt,22470,22470,22470,0,,True
commonlii-LKCA-1915-16,commonlii,data/legal-sources/library/case-law/commonlii/LKCA/1915/16.txt,17662,17662,17662,0,,True
commonlii-LKCA-1915-17,commonlii,data/legal-sources/library/case-law/commonlii/LKCA/1915/17.txt,14434,14434,14434,0,,True
commonlii-LKCA-1915-19,commonlii,data/legal-sources/library/case-law/commonlii/LKCA/1915/19.txt,49954,49954,49954,0,,True
commonlii-LKCA-1915-20,commonlii,data/legal-sources/library/case-law/commonlii/LKCA/1915/20.txt,15678,15678,15678,7,replacement_character,False
commonlii-LKCA-1915-23,commonlii,data/legal-sources/library/case-law/commonlii/LKCA/1915/23.txt,7869,7869,7869,0,,True
commonlii-LKCA-1915-25,commonlii,data/legal-sources/library/case-law/commonlii/LKCA/1915/25.txt,10045,10045,10045,0,,True
commonlii-LKCA-1915-26,commonlii,data/legal-sources/library/case-law/commonlii/LKCA/1915/26.txt,11581,11581,11581,0,,True
commonlii-LKCA-1915-35,commonlii,data/legal-sources/library/case-law/commonlii/LKCA/1915/35.txt,5522,5522,5522,0,,True
commonlii-LKCA-1915-36,commonlii,data/legal-sources/library/case-law/commonlii/LKCA/1915/36.txt,10317,10317,10317,0,,True
commonlii-LKCA-1915-37,commonlii,data/legal-sources/library/case-law/commonlii/LKCA/1915/37.txt,11213,11213,11213,3,replacement_character,False
commonlii-LKCA-1915-38,commonlii,data/legal-sources/library/case-law/commonlii/LKCA/1915/38.txt,11733,11733,11733,0,,True
commonlii-LKCA-1915-39,commonlii,data/legal-sources/library/case-law/commonlii/LKCA/1915/39.txt,10851,10851,10851,0,,True
commonlii-LKCA-1915-4,commonlii,data/legal-sources/library/case-law/commonlii/LKCA/1915/4.txt,16386,16386,16386,0,,True
commonlii-LKCA-1915-40,commonlii,data/legal-sources/library/case-law/commonlii/LKCA/1915/40.txt,7547,7547,7547,0,,True
commonlii-LKCA-1915-41,commonlii,data/legal-sources/library/case-law/commonlii/LKCA/1915/41.txt,13495,13495,13495,0,,True
commonlii-LKCA-1915-42,commonlii,data/legal-sources/library/case-law/commonlii/LKCA/1915/42.txt,11117,11117,11117,0,,True
commonlii-LKCA-1915-43,commonlii,data/legal-sources/library/case-law/commonlii/LKCA/1915/43.txt,8474,8474,8474,0,,True
commonlii-LKCA-1915-44,commonlii,data/legal-sources/library/case-law/commonlii/LKCA/1915/44.txt,17529,17529,17529,0,,True
commonlii-LKCA-1915-45,commonlii,data/legal-sources/library/case-law/commonlii/LKCA/1915/45.txt,50082,50082,50082,0,,True
commonlii-LKCA-1915-46,commonlii,data/legal-sources/library/case-law/commonlii/LKCA/1915/46.txt,10211,10211,10211,0,,True
commonlii-LKCA-1915-47,commonlii,data/legal-sources/library/case-law/commonlii/LKCA/1915/47.txt,23882,23882,23882,0,,True
commonlii-LKCA-1915-48,commonlii,data/legal-sources/library/case-law/commonlii/LKCA/1915/48.txt,9705,9705,9705,0,,True
commonlii-LKCA-1915-49,commonlii,data/legal-sources/library/case-law/commonlii/LKCA/1915/49.txt,15907,15907,15907,0,,True
commonlii-LKCA-1915-5,commonlii,data/legal-sources/library/case-law/commonlii/LKCA/1915/5.txt,7731,7731,7731,0,,True
commonlii-LKCA-1915-51,commonlii,data/legal-sources/library/case-law/commonlii/LKCA/1915/51.txt,11587,11587,11587,0,,True
commonlii-LKCA-1915-53,commonlii,data/legal-sources/library/case-law/commonlii/LKCA/1915/53.txt,7651,7651,7651,0,,True
commonlii-LKCA-1915-55,commonlii,data/legal-sources/library/case-law/commonlii/LKCA/1915/55.txt,10775,10775,10775,0,,True
commonlii-LKCA-1915-57,commonlii,data/legal-sources/library/case-law/commonlii/LKCA/1915/57.txt,12237,12237,12237,0,,True
commonlii-LKCA-1915-59,commonlii,data/legal-sources/library/case-law/commonlii/LKCA/1915/59.txt,6958,6958,6958,0,,True
commonlii-LKCA-1915-6,commonlii,data/legal-sources/library/case-law/commonlii/LKCA/1915/6.txt,9800,9800,9800,0,,True
commonlii-LKCA-1915-60,commonlii,data/legal-sources/library/case-law/commonlii/LKCA/1915/60.txt,13551,13551,13551,0,,True
commonlii-LKCA-1915-61,commonlii,data/legal-sources/library/case-law/commonlii/LKCA/1915/61.txt,13605,13605,13605,0,,True
commonlii-LKCA-1915-7,commonlii,data/legal-sources/library/case-law/commonlii/LKCA/1915/7.txt,7297,7297,7297,0,,True
commonlii-LKCA-1916-1,commonlii,data/legal-sources/library/case-law/commonlii/LKCA/1916/1.txt,18795,18795,18795,0,,True
commonlii-LKCA-1916-15,commonlii,data/legal-sources/library/case-law/commonlii/LKCA/1916/15.txt,33757,33757,33757,2,replacement_character,False
commonlii-LKCA-1916-16,commonlii,data/legal-sources/library/case-law/commonlii/LKCA/1916/16.txt,8214,8214,8214,0,,True
commonlii-LKCA-1916-18,commonlii,data/legal-sources/library/case-law/commonlii/LKCA/1916/18.txt,10948,10948,10948,0,,True
commonlii-LKCA-1916-19,commonlii,data/legal-sources/library/case-law/commonlii/LKCA/1916/19.txt,8780,8780,8780,0,,True
commonlii-LKCA-1916-20,commonlii,data/legal-sources/library/case-law/commonlii/LKCA/1916/20.txt,18989,18989,18989,1,replacement_character,False
commonlii-LKCA-1916-26,commonlii,data/legal-sources/library/case-law/commonlii/LKCA/1916/26.txt,7251,7251,7251,0,,True
commonlii-LKCA-1916-27,commonlii,data/legal-sources/library/case-law/commonlii/LKCA/1916/27.txt,5603,5603,5603,0,,True
commonlii-LKCA-1916-28,commonlii,data/legal-sources/library/case-law/commonlii/LKCA/1916/28.txt,11916,11916,11916,0,,True
commonlii-LKCA-1916-30,commonlii,data/legal-sources/library/case-law/commonlii/LKCA/1916/30.txt,15455,15455,15455,0,,True
commonlii-LKCA-1916-33,commonlii,data/legal-sources/library/case-law/commonlii/LKCA/1916/33.txt,8180,8180,8180,0,,True
commonlii-LKCA-1916-34,commonlii,data/legal-sources/library/case-law/commonlii/LKCA/1916/34.txt,9014,9014,9014,0,,True
commonlii-LKCA-1916-35,commonlii,data/legal-sources/library/case-law/commonlii/LKCA/1916/35.txt,4606,4606,4606,0,,True
commonlii-LKCA-1916-37,commonlii,data/legal-sources/library/case-law/commonlii/LKCA/1916/37.txt,15154,15154,15154,0,,True
commonlii-LKCA-1916-39,commonlii,data/legal-sources/library/case-law/commonlii/LKCA/1916/39.txt,25535,25535,25535,0,,True
commonlii-LKCA-1916-4,commonlii,data/legal-sources/library/case-law/commonlii/LKCA/1916/4.txt,4919,4919,4919,0,,True
commonlii-LKCA-1916-41,commonlii,data/legal-sources/library/case-law/commonlii/LKCA/1916/41.txt,4199,4199,4199,0,,True
commonlii-LKCA-1916-43,commonlii,data/legal-sources/library/case-law/commonlii/LKCA/1916/43.txt,10973,10973,10973,0,,True
commonlii-LKCA-1916-44,commonlii,data/legal-sources/library/case-law/commonlii/LKCA/1916/44.txt,19945,19945,19945,0,,True
commonlii-LKCA-1916-45,commonlii,data/legal-sources/library/case-law/commonlii/LKCA/1916/45.txt,5492,5492,5492,0,,True
commonlii-LKCA-1916-48,commonlii,data/legal-sources/library/case-law/commonlii/LKCA/1916/48.txt,9322,9322,9322,0,,True
commonlii-LKCA-1916-51,commonlii,data/legal-sources/library/case-law/commonlii/LKCA/1916/51.txt,11594,11594,11594,0,,True
commonlii-LKCA-1916-52,commonlii,data/legal-sources/library/case-law/commonlii/LKCA/1916/52.txt,5225,5225,5225,0,,True
commonlii-LKCA-1916-53,commonlii,data/legal-sources/library/case-law/commonlii/LKCA/1916/53.txt,5707,5707,5707,0,,True
commonlii-LKCA-1916-55,commonlii,data/legal-sources/library/case-law/commonlii/LKCA/1916/55.txt,11980,11980,11980,0,,True
commonlii-LKCA-1916-56,commonlii,data/legal-sources/library/case-law/commonlii/LKCA/1916/56.txt,7306,7306,7306,0,,True
commonlii-LKCA-1916-57,commonlii,data/legal-sources/library/case-law/commonlii/LKCA/1916/57.txt,10345,10345,10345,0,,True
commonlii-LKCA-1916-6,commonlii,data/legal-sources/library/case-law/commonlii/LKCA/1916/6.txt,27140,27140,27140,0,,True
commonlii-LKCA-1916-63,commonlii,data/legal-sources/library/case-law/commonlii/LKCA/1916/63.txt,5459,5459,5459,0,,True
commonlii-LKCA-1916-64,commonlii,data/legal-sources/library/case-law/commonlii/LKCA/1916/64.txt,18516,18516,18516,0,,True
commonlii-LKCA-1916-65,commonlii,data/legal-sources/library/case-law/commonlii/LKCA/1916/65.txt,6503,6503,6503,0,,True
commonlii-LKCA-1916-66,commonlii,data/legal-sources/library/case-law/commonlii/LKCA/1916/66.txt,31582,31582,31582,0,,True
commonlii-LKCA-1916-67,commonlii,data/legal-sources/library/case-law/commonlii/LKCA/1916/67.txt,10764,10764,10764,0,,True
commonlii-LKCA-1916-68,commonlii,data/legal-sources/library/case-law/commonlii/LKCA/1916/68.txt,11044,11044,11044,0,,True
commonlii-LKCA-1916-69,commonlii,data/legal-sources/library/case-law/commonlii/LKCA/1916/69.txt,7706,7706,7706,0,,True
commonlii-LKCA-1916-7,commonlii,data/legal-sources/library/case-law/commonlii/LKCA/1916/7.txt,33418,33418,33418,0,,True
commonlii-LKCA-1916-71,commonlii,data/legal-sources/library/case-law/commonlii/LKCA/1916/71.txt,8309,8309,8309,0,,True
commonlii-LKCA-1916-73,commonlii,data/legal-sources/library/case-law/commonlii/LKCA/1916/73.txt,5210,5210,5210,0,,True
commonlii-LKCA-1916-9,commonlii,data/legal-sources/library/case-law/commonlii/LKCA/1916/9.txt,5426,5426,5426,0,,True
commonlii-LKCA-1917-1,commonlii,data/legal-sources/library/case-law/commonlii/LKCA/1917/1.txt,16748,16748,16748,0,,True
commonlii-LKCA-1917-10,commonlii,data/legal-sources/library/case-law/commonlii/LKCA/1917/10.txt,8026,8026,8026,0,,True
commonlii-LKCA-1917-12,commonlii,data/legal-sources/library/case-law/commonlii/LKCA/1917/12.txt,27117,27117,27117,0,,True
commonlii-LKCA-1917-13,commonlii,data/legal-sources/library/case-law/commonlii/LKCA/1917/13.txt,6932,6932,6932,0,,True
commonlii-LKCA-1917-16,commonlii,data/legal-sources/library/case-law/commonlii/LKCA/1917/16.txt,31777,31777,31777,0,,True
commonlii-LKCA-1917-17,commonlii,data/legal-sources/library/case-law/commonlii/LKCA/1917/17.txt,9536,9536,9536,0,,True
commonlii-LKCA-1917-20,commonlii,data/legal-sources/library/case-law/commonlii/LKCA/1917/20.txt,20018,20018,20018,0,,True
commonlii-LKCA-1917-21,commonlii,data/legal-sources/library/case-law/commonlii/LKCA/1917/21.txt,7811,7811,7811,0,,True
commonlii-LKCA-1917-22,commonlii,data/legal-sources/library/case-law/commonlii/LKCA/1917/22.txt,6399,6399,6399,0,,True
commonlii-LKCA-1917-24,commonlii,data/legal-sources/library/case-law/commonlii/LKCA/1917/24.txt,9587,9587,9587,0,,True
commonlii-LKCA-1917-25,commonlii,data/legal-sources/library/case-law/commonlii/LKCA/1917/25.txt,20821,20821,20821,0,,True
commonlii-LKCA-1917-31,commonlii,data/legal-sources/library/case-law/commonlii/LKCA/1917/31.txt,8100,8100,8100,0,,True
commonlii-LKCA-1917-35,commonlii,data/legal-sources/library/case-law/commonlii/LKCA/1917/35.txt,13860,13860,13860,0,,True
commonlii-LKCA-1917-36,commonlii,data/legal-sources/library/case-law/commonlii/LKCA/1917/36.txt,4159,4159,4159,0,,True
commonlii-LKCA-1917-37,commonlii,data/legal-sources/library/case-law/commonlii/LKCA/1917/37.txt,7098,7098,7098,0,,True
commonlii-LKCA-1917-38,commonlii,data/legal-sources/library/case-law/commonlii/LKCA/1917/38.txt,41075,41075,41075,0,,True
commonlii-LKCA-1917-40,commonlii,data/legal-sources/library/case-law/commonlii/LKCA/1917/40.txt,12563,12563,12563,0,,True
commonlii-LKCA-1917-43,commonlii,data/legal-sources/library/case-law/commonlii/LKCA/1917/43.txt,8027,8027,8027,1,replacement_character,False
commonlii-LKCA-1917-44,commonlii,data/legal-sources/library/case-law/commonlii/LKCA/1917/44.txt,6315,6315,6315,0,,True
commonlii-LKCA-1917-45,commonlii,data/legal-sources/library/case-law/commonlii/LKCA/1917/45.txt,25350,25350,25350,0,,True
commonlii-LKCA-1917-46,commonlii,data/legal-sources/library/case-law/commonlii/LKCA/1917/46.txt,23056,23056,23056,0,,True
commonlii-LKCA-1917-47,commonlii,data/legal-sources/library/case-law/commonlii/LKCA/1917/47.txt,9429,9429,9429,0,,True
commonlii-LKCA-1917-48,commonlii,data/legal-sources/library/case-law/commonlii/LKCA/1917/48.txt,17468,17468,17468,0,,True
commonlii-LKCA-1917-49,commonlii,data/legal-sources/library/case-law/commonlii/LKCA/1917/49.txt,5895,5895,5895,0,,True
commonlii-LKCA-1917-5,commonlii,data/legal-sources/library/case-law/commonlii/LKCA/1917/5.txt,7820,7820,7820,0,,True
commonlii-LKCA-1917-50,commonlii,data/legal-sources/library/case-law/commonlii/LKCA/1917/50.txt,5252,5252,5252,0,,True
commonlii-LKCA-1917-51,commonlii,data/legal-sources/library/case-law/commonlii/LKCA/1917/51.txt,16607,16607,16607,0,,True
commonlii-LKCA-1917-53,commonlii,data/legal-sources/library/case-law/commonlii/LKCA/1917/53.txt,19392,19392,19392,0,,True
commonlii-LKCA-1917-54,commonlii,data/legal-sources/library/case-law/commonlii/LKCA/1917/54.txt,9900,9900,9900,0,,True
commonlii-LKCA-1917-55,commonlii,data/legal-sources/library/case-law/commonlii/LKCA/1917/55.txt,34921,34921,34921,0,,True
commonlii-LKCA-1917-57,commonlii,data/legal-sources/library/case-law/commonlii/LKCA/1917/57.txt,6305,6305,6305,0,,True
commonlii-LKCA-1917-6,commonlii,data/legal-sources/library/case-law/commonlii/LKCA/1917/6.txt,5638,5638,5638,0,,True
commonlii-LKCA-1917-7,commonlii,data/legal-sources/library/case-law/commonlii/LKCA/1917/7.txt,18438,18438,18438,0,,True
commonlii-LKCA-1917-8,commonlii,data/legal-sources/library/case-law/commonlii/LKCA/1917/8.txt,15900,15900,15900,0,,True
commonlii-LKCA-1918-1,commonlii,data/legal-sources/library/case-law/commonlii/LKCA/1918/1.txt,48854,48854,48854,15,replacement_character,False
commonlii-LKCA-1918-10,commonlii,data/legal-sources/library/case-law/commonlii/LKCA/1918/10.txt,17869,17869,17869,0,,True
commonlii-LKCA-1918-14,commonlii,data/legal-sources/library/case-law/commonlii/LKCA/1918/14.txt,18781,18781,18781,0,,True
commonlii-LKCA-1918-15,commonlii,data/legal-sources/library/case-law/commonlii/LKCA/1918/15.txt,15980,15980,15980,0,,True
commonlii-LKCA-1918-17,commonlii,data/legal-sources/library/case-law/commonlii/LKCA/1918/17.txt,18630,18630,18630,0,,True
commonlii-LKCA-1918-18,commonlii,data/legal-sources/library/case-law/commonlii/LKCA/1918/18.txt,56938,56938,56938,0,,True
commonlii-LKCA-1918-2,commonlii,data/legal-sources/library/case-law/commonlii/LKCA/1918/2.txt,51558,51558,51558,0,,True
commonlii-LKCA-1918-21,commonlii,data/legal-sources/library/case-law/commonlii/LKCA/1918/21.txt,10084,10084,10084,0,,True
commonlii-LKCA-1918-22,commonlii,data/legal-sources/library/case-law/commonlii/LKCA/1918/22.txt,29507,29507,29507,0,,True
commonlii-LKCA-1918-25,commonlii,data/legal-sources/library/case-law/commonlii/LKCA/1918/25.txt,8505,8505,8505,0,,True
commonlii-LKCA-1918-26,commonlii,data/legal-sources/library/case-law/commonlii/LKCA/1918/26.txt,5879,5879,5879,1,replacement_character,False
commonlii-LKCA-1918-27,commonlii,data/legal-sources/library/case-law/commonlii/LKCA/1918/27.txt,5420,5420,5420,0,,True
commonlii-LKCA-1918-28,commonlii,data/legal-sources/library/case-law/commonlii/LKCA/1918/28.txt,18011,18011,18011,0,,True
commonlii-LKCA-1918-29,commonlii,data/legal-sources/library/case-law/commonlii/LKCA/1918/29.txt,7643,7643,7643,0,,True
commonlii-LKCA-1918-3,commonlii,data/legal-sources/library/case-law/commonlii/LKCA/1918/3.txt,16793,16793,16793,0,,True
commonlii-LKCA-1918-31,commonlii,data/legal-sources/library/case-law/commonlii/LKCA/1918/31.txt,13034,13034,13034,1,replacement_character,False
commonlii-LKCA-1918-32,commonlii,data/legal-sources/library/case-law/commonlii/LKCA/1918/32.txt,14191,14191,14191,10,replacement_character,False
commonlii-LKCA-1918-33,commonlii,data/legal-sources/library/case-law/commonlii/LKCA/1918/33.txt,3213,3213,3213,0,,True
commonlii-LKCA-1918-35,commonlii,data/legal-sources/library/case-law/commonlii/LKCA/1918/35.txt,17622,17622,17622,0,,True
commonlii-LKCA-1918-36,commonlii,data/legal-sources/library/case-law/commonlii/LKCA/1918/36.txt,13463,13463,13463,7,replacement_character,False
commonlii-LKCA-1918-38,commonlii,data/legal-sources/library/case-law/commonlii/LKCA/1918/38.txt,31348,31348,31348,0,,True
commonlii-LKCA-1918-4,commonlii,data/legal-sources/library/case-law/commonlii/LKCA/1918/4.txt,18918,18918,18918,0,,True
commonlii-LKCA-1918-42,commonlii,data/legal-sources/library/case-law/commonlii/LKCA/1918/42.txt,27817,27817,27817,0,,True
commonlii-LKCA-1918-43,commonlii,data/legal-sources/library/case-law/commonlii/LKCA/1918/43.txt,18556,18556,18556,0,,True
commonlii-LKCA-1918-44,commonlii,data/legal-sources/library/case-law/commonlii/LKCA/1918/44.txt,8583,8583,8583,0,,True
commonlii-LKCA-1918-47,commonlii,data/legal-sources/library/case-law/commonlii/LKCA/1918/47.txt,40865,40865,40865,2,replacement_character,False
commonlii-LKCA-1918-48,commonlii,data/legal-sources/library/case-law/commonlii/LKCA/1918/48.txt,12356,12356,12356,0,,True
commonlii-LKCA-1918-49,commonlii,data/legal-sources/library/case-law/commonlii/LKCA/1918/49.txt,23921,23921,23921,0,,True
commonlii-LKCA-1918-5,commonlii,data/legal-sources/library/case-law/commonlii/LKCA/1918/5.txt,43214,43214,43214,0,,True
commonlii-LKCA-1918-51,commonlii,data/legal-sources/library/case-law/commonlii/LKCA/1918/51.txt,7448,7448,7448,0,,True
commonlii-LKCA-1918-52,commonlii,data/legal-sources/library/case-law/commonlii/LKCA/1918/52.txt,12467,12467,12467,0,,True
commonlii-LKCA-1918-56,commonlii,data/legal-sources/library/case-law/commonlii/LKCA/1918/56.txt,10750,10750,10750,0,,True
commonlii-LKCA-1918-57,commonlii,data/legal-sources/library/case-law/commonlii/LKCA/1918/57.txt,4976,4976,4976,2,replacement_character,False
commonlii-LKCA-1918-6,commonlii,data/legal-sources/library/case-law/commonlii/LKCA/1918/6.txt,27517,27517,27517,0,,True
commonlii-LKCA-1918-61,commonlii,data/legal-sources/library/case-law/commonlii/LKCA/1918/61.txt,9734,9734,9734,0,,True
commonlii-LKCA-1918-63,commonlii,data/legal-sources/library/case-law/commonlii/LKCA/1918/63.txt,6846,6846,6846,0,,True
commonlii-LKCA-1918-7,commonlii,data/legal-sources/library/case-law/commonlii/LKCA/1918/7.txt,6201,6201,6201,0,,True
commonlii-LKCA-1918-8,commonlii,data/legal-sources/library/case-law/commonlii/LKCA/1918/8.txt,4949,4949,4949,0,,True
commonlii-LKCA-1918-9,commonlii,data/legal-sources/library/case-law/commonlii/LKCA/1918/9.txt,13523,13523,13523,0,,True
commonlii-LKCA-1919-10,commonlii,data/legal-sources/library/case-law/commonlii/LKCA/1919/10.txt,5831,5831,5831,3,replacement_character,False
commonlii-LKCA-1919-12,commonlii,data/legal-sources/library/case-law/commonlii/LKCA/1919/12.txt,5215,5215,5215,0,,True
commonlii-LKCA-1919-17,commonlii,data/legal-sources/library/case-law/commonlii/LKCA/1919/17.txt,32789,32789,32789,15,replacement_character,False
commonlii-LKCA-1919-18,commonlii,data/legal-sources/library/case-law/commonlii/LKCA/1919/18.txt,10166,10166,10166,2,replacement_character,False
commonlii-LKCA-1919-2,commonlii,data/legal-sources/library/case-law/commonlii/LKCA/1919/2.txt,4268,4268,4268,0,,True
commonlii-LKCA-1919-20,commonlii,data/legal-sources/library/case-law/commonlii/LKCA/1919/20.txt,7903,7903,7903,4,replacement_character,False
commonlii-LKCA-1919-22,commonlii,data/legal-sources/library/case-law/commonlii/LKCA/1919/22.txt,3327,3327,3327,2,replacement_character,False
commonlii-LKCA-1919-24,commonlii,data/legal-sources/library/case-law/commonlii/LKCA/1919/24.txt,12449,12449,12449,4,replacement_character,False
commonlii-LKCA-1919-25,commonlii,data/legal-sources/library/case-law/commonlii/LKCA/1919/25.txt,6445,6445,6445,0,,True
commonlii-LKCA-1919-26,commonlii,data/legal-sources/library/case-law/commonlii/LKCA/1919/26.txt,72201,72201,72201,0,,True
commonlii-LKCA-1919-29,commonlii,data/legal-sources/library/case-law/commonlii/LKCA/1919/29.txt,6914,6914,6914,0,,True
commonlii-LKCA-1919-3,commonlii,data/legal-sources/library/case-law/commonlii/LKCA/1919/3.txt,15673,15673,15673,4,replacement_character,False
commonlii-LKCA-1919-31,commonlii,data/legal-sources/library/case-law/commonlii/LKCA/1919/31.txt,4004,4004,4004,0,,True
commonlii-LKCA-1919-33,commonlii,data/legal-sources/library/case-law/commonlii/LKCA/1919/33.txt,13867,13867,13867,0,,True
commonlii-LKCA-1919-34,commonlii,data/legal-sources/library/case-law/commonlii/LKCA/1919/34.txt,7723,7723,7723,0,,True
commonlii-LKCA-1919-35,commonlii,data/legal-sources/library/case-law/commonlii/LKCA/1919/35.txt,8384,8384,8384,0,,True
commonlii-LKCA-1919-36,commonlii,data/legal-sources/library/case-law/commonlii/LKCA/1919/36.txt,9343,9343,9343,0,,True
commonlii-LKCA-1919-39,commonlii,data/legal-sources/library/case-law/commonlii/LKCA/1919/39.txt,11541,11541,11541,0,,True
commonlii-LKCA-1919-41,commonlii,data/legal-sources/library/case-law/commonlii/LKCA/1919/41.txt,7488,7488,7488,2,replacement_character,False
commonlii-LKCA-1919-42,commonlii,data/legal-sources/library/case-law/commonlii/LKCA/1919/42.txt,14076,14076,14076,7,replacement_character,False
commonlii-LKCA-1919-43,commonlii,data/legal-sources/library/case-law/commonlii/LKCA/1919/43.txt,8683,8683,8683,0,,True
commonlii-LKCA-1919-44,commonlii,data/legal-sources/library/case-law/commonlii/LKCA/1919/44.txt,9589,9589,9589,2,replacement_character,False
commonlii-LKCA-1919-46,commonlii,data/legal-sources/library/case-law/commonlii/LKCA/1919/46.txt,66914,66914,66914,0,,True
commonlii-LKCA-1919-48,commonlii,data/legal-sources/library/case-law/commonlii/LKCA/1919/48.txt,6803,6803,6803,1,replacement_character,False
commonlii-LKCA-1919-49,commonlii,data/legal-sources/library/case-law/commonlii/LKCA/1919/49.txt,12402,12402,12402,8,replacement_character,False
commonlii-LKCA-1919-50,commonlii,data/legal-sources/library/case-law/commonlii/LKCA/1919/50.txt,5735,5735,5735,0,,True
commonlii-LKCA-1919-51,commonlii,data/legal-sources/library/case-law/commonlii/LKCA/1919/51.txt,8263,8263,8263,0,,True
commonlii-LKCA-1919-55,commonlii,data/legal-sources/library/case-law/commonlii/LKCA/1919/55.txt,9895,9895,9895,0,,True
commonlii-LKCA-1919-57,commonlii,data/legal-sources/library/case-law/commonlii/LKCA/1919/57.txt,5939,5939,5939,2,replacement_character,False
commonlii-LKCA-1919-59,commonlii,data/legal-sources/library/case-law/commonlii/LKCA/1919/59.txt,8389,8389,8389,0,,True
commonlii-LKCA-1919-60,commonlii,data/legal-sources/library/case-law/commonlii/LKCA/1919/60.txt,6842,6842,6842,1,replacement_character,False
commonlii-LKCA-1919-61,commonlii,data/legal-sources/library/case-law/commonlii/LKCA/1919/61.txt,10510,10510,10510,8,replacement_character,False
commonlii-LKCA-1919-62,commonlii,data/legal-sources/library/case-law/commonlii/LKCA/1919/62.txt,5493,5493,5493,0,,True
commonlii-LKCA-1919-63,commonlii,data/legal-sources/library/case-law/commonlii/LKCA/1919/63.txt,5722,5722,5722,0,,True
commonlii-LKCA-1919-64,commonlii,data/legal-sources/library/case-law/commonlii/LKCA/1919/64.txt,6395,6395,6395,4,replacement_character,False
commonlii-LKCA-1919-65,commonlii,data/legal-sources/library/case-law/commonlii/LKCA/1919/65.txt,9892,9892,9892,8,replacement_character,False
commonlii-LKCA-1919-66,commonlii,data/legal-sources/library/case-law/commonlii/LKCA/1919/66.txt,6840,6840,6840,3,replacement_character,False
commonlii-LKCA-1919-67,commonlii,data/legal-sources/library/case-law/commonlii/LKCA/1919/67.txt,5564,5564,5564,4,replacement_character,False
commonlii-LKCA-1919-68,commonlii,data/legal-sources/library/case-law/commonlii/LKCA/1919/68.txt,16677,16677,16677,10,replacement_character,False
commonlii-LKCA-1919-69,commonlii,data/legal-sources/library/case-law/commonlii/LKCA/1919/69.txt,17309,17309,17309,0,,True
commonlii-LKCA-1919-70,commonlii,data/legal-sources/library/case-law/commonlii/LKCA/1919/70.txt,10053,10053,10053,0,,True
commonlii-LKCA-1919-75,commonlii,data/legal-sources/library/case-law/commonlii/LKCA/1919/75.txt,6950,6950,6950,0,,True
commonlii-LKCA-1919-76,commonlii,data/legal-sources/library/case-law/commonlii/LKCA/1919/76.txt,6741,6741,6741,3,replacement_character,False
commonlii-LKCA-1919-8,commonlii,data/legal-sources/library/case-law/commonlii/LKCA/1919/8.txt,4182,4182,4182,1,replacement_character,False
commonlii-LKCA-1919-9,commonlii,data/legal-sources/library/case-law/commonlii/LKCA/1919/9.txt,5009,5009,5009,0,,True
commonlii-LKCA-1920-1,commonlii,data/legal-sources/library/case-law/commonlii/LKCA/1920/1.txt,6995,6995,6995,0,,True
commonlii-LKCA-1920-10,commonlii,data/legal-sources/library/case-law/commonlii/LKCA/1920/10.txt,8755,8755,8755,0,,True
commonlii-LKCA-1920-100,commonlii,data/legal-sources/library/case-law/commonlii/LKCA/1920/100.txt,8345,8345,8345,0,,True
commonlii-LKCA-1920-101,commonlii,data/legal-sources/library/case-law/commonlii/LKCA/1920/101.txt,8322,8322,8322,0,,True
commonlii-LKCA-1920-12,commonlii,data/legal-sources/library/case-law/commonlii/LKCA/1920/12.txt,6196,6196,6196,0,,True
commonlii-LKCA-1920-13,commonlii,data/legal-sources/library/case-law/commonlii/LKCA/1920/13.txt,29793,29793,29793,0,,True
commonlii-LKCA-1920-16,commonlii,data/legal-sources/library/case-law/commonlii/LKCA/1920/16.txt,5305,5305,5305,0,,True
commonlii-LKCA-1920-18,commonlii,data/legal-sources/library/case-law/commonlii/LKCA/1920/18.txt,25416,25416,25416,0,,True
commonlii-LKCA-1920-19,commonlii,data/legal-sources/library/case-law/commonlii/LKCA/1920/19.txt,18866,18866,18866,0,,True
commonlii-LKCA-1920-20,commonlii,data/legal-sources/library/case-law/commonlii/LKCA/1920/20.txt,10633,10633,10633,0,,True
commonlii-LKCA-1920-21,commonlii,data/legal-sources/library/case-law/commonlii/LKCA/1920/21.txt,7188,7188,7188,0,,True
commonlii-LKCA-1920-22,commonlii,data/legal-sources/library/case-law/commonlii/LKCA/1920/22.txt,10525,10525,10525,0,,True
commonlii-LKCA-1920-23,commonlii,data/legal-sources/library/case-law/commonlii/LKCA/1920/23.txt,11357,11357,11357,0,,True
commonlii-LKCA-1920-26,commonlii,data/legal-sources/library/case-law/commonlii/LKCA/1920/26.txt,4511,4511,4511,0,,True
commonlii-LKCA-1920-29,commonlii,data/legal-sources/library/case-law/commonlii/LKCA/1920/29.txt,6680,6680,6680,0,,True
commonlii-LKCA-1920-31,commonlii,data/legal-sources/library/case-law/commonlii/LKCA/1920/31.txt,7913,7913,7913,0,,True
commonlii-LKCA-1920-32,commonlii,data/legal-sources/library/case-law/commonlii/LKCA/1920/32.txt,28300,28300,28300,0,,True
commonlii-LKCA-1920-33,commonlii,data/legal-sources/library/case-law/commonlii/LKCA/1920/33.txt,7994,7994,7994,0,,True
commonlii-LKCA-1920-34,commonlii,data/legal-sources/library/case-law/commonlii/LKCA/1920/34.txt,10303,10303,10303,0,,True
commonlii-LKCA-1920-35,commonlii,data/legal-sources/library/case-law/commonlii/LKCA/1920/35.txt,4556,4556,4556,0,,True
commonlii-LKCA-1920-36,commonlii,data/legal-sources/library/case-law/commonlii/LKCA/1920/36.txt,19131,19131,19131,0,,True
commonlii-LKCA-1920-37,commonlii,data/legal-sources/library/case-law/commonlii/LKCA/1920/37.txt,19012,19012,19012,0,,True
commonlii-LKCA-1920-38,commonlii,data/legal-sources/library/case-law/commonlii/LKCA/1920/38.txt,22640,22640,22640,0,,True
commonlii-LKCA-1920-39,commonlii,data/legal-sources/library/case-law/commonlii/LKCA/1920/39.txt,4859,4859,4859,0,,True
commonlii-LKCA-1920-44,commonlii,data/legal-sources/library/case-law/commonlii/LKCA/1920/44.txt,12320,12320,12320,2,replacement_character,False
commonlii-LKCA-1920-45,commonlii,data/legal-sources/library/case-law/commonlii/LKCA/1920/45.txt,2906,2906,2906,0,,True
commonlii-LKCA-1920-46,commonlii,data/legal-sources/library/case-law/commonlii/LKCA/1920/46.txt,11154,11154,11154,0,,True
commonlii-LKCA-1920-47,commonlii,data/legal-sources/library/case-law/commonlii/LKCA/1920/47.txt,23314,23314,23314,0,,True
commonlii-LKCA-1920-49,commonlii,data/legal-sources/library/case-law/commonlii/LKCA/1920/49.txt,11620,11620,11620,0,,True
commonlii-LKCA-1920-50,commonlii,data/legal-sources/library/case-law/commonlii/LKCA/1920/50.txt,9073,9073,9073,0,,True
commonlii-LKCA-1920-51,commonlii,data/legal-sources/library/case-law/commonlii/LKCA/1920/51.txt,6426,6426,6426,0,,True
commonlii-LKCA-1920-52,commonlii,data/legal-sources/library/case-law/commonlii/LKCA/1920/52.txt,4560,4560,4560,0,,True
commonlii-LKCA-1920-53,commonlii,data/legal-sources/library/case-law/commonlii/LKCA/1920/53.txt,4724,4724,4724,0,,True
commonlii-LKCA-1920-6,commonlii,data/legal-sources/library/case-law/commonlii/LKCA/1920/6.txt,11487,11487,11487,0,,True
commonlii-LKCA-1920-60,commonlii,data/legal-sources/library/case-law/commonlii/LKCA/1920/60.txt,27330,27330,27330,0,,True
commonlii-LKCA-1920-62,commonlii,data/legal-sources/library/case-law/commonlii/LKCA/1920/62.txt,14257,14257,14257,0,,True
commonlii-LKCA-1920-66,commonlii,data/legal-sources/library/case-law/commonlii/LKCA/1920/66.txt,3763,3763,3763,0,,True
commonlii-LKCA-1920-67,commonlii,data/legal-sources/library/case-law/commonlii/LKCA/1920/67.txt,5004,5004,5004,0,,True
commonlii-LKCA-1920-68,commonlii,data/legal-sources/library/case-law/commonlii/LKCA/1920/68.txt,6616,6616,6616,0,,True
commonlii-LKCA-1920-70,commonlii,data/legal-sources/library/case-law/commonlii/LKCA/1920/70.txt,7138,7138,7138,0,,True
commonlii-LKCA-1920-71,commonlii,data/legal-sources/library/case-law/commonlii/LKCA/1920/71.txt,8241,8241,8241,0,,True
commonlii-LKCA-1920-74,commonlii,data/legal-sources/library/case-law/commonlii/LKCA/1920/74.txt,13398,13398,13398,0,,True
commonlii-LKCA-1920-75,commonlii,data/legal-sources/library/case-law/commonlii/LKCA/1920/75.txt,11916,11916,11916,0,,True
commonlii-LKCA-1920-76,commonlii,data/legal-sources/library/case-law/commonlii/LKCA/1920/76.txt,8970,8970,8970,0,,True
commonlii-LKCA-1920-77,commonlii,data/legal-sources/library/case-law/commonlii/LKCA/1920/77.txt,6713,6713,6713,0,,True
commonlii-LKCA-1920-78,commonlii,data/legal-sources/library/case-law/commonlii/LKCA/1920/78.txt,6371,6371,6371,0,,True
commonlii-LKCA-1920-8,commonlii,data/legal-sources/library/case-law/commonlii/LKCA/1920/8.txt,9051,9051,9051,0,,True
commonlii-LKCA-1920-82,commonlii,data/legal-sources/library/case-law/commonlii/LKCA/1920/82.txt,24206,24206,24206,0,,True
commonlii-LKCA-1920-88,commonlii,data/legal-sources/library/case-law/commonlii/LKCA/1920/88.txt,9247,9247,9247,0,,True
commonlii-LKCA-1920-89,commonlii,data/legal-sources/library/case-law/commonlii/LKCA/1920/89.txt,10713,10713,10713,0,,True
commonlii-LKCA-1920-90,commonlii,data/legal-sources/library/case-law/commonlii/LKCA/1920/90.txt,21409,21409,21409,0,,True
commonlii-LKCA-1920-91,commonlii,data/legal-sources/library/case-law/commonlii/LKCA/1920/91.txt,10015,10015,10015,0,,True
commonlii-LKCA-1920-92,commonlii,data/legal-sources/library/case-law/commonlii/LKCA/1920/92.txt,13224,13224,13224,0,,True
commonlii-LKCA-1920-93,commonlii,data/legal-sources/library/case-law/commonlii/LKCA/1920/93.txt,10489,10489,10489,0,,True
commonlii-LKCA-1920-94,commonlii,data/legal-sources/library/case-law/commonlii/LKCA/1920/94.txt,5152,5152,5152,0,,True
commonlii-LKCA-1920-95,commonlii,data/legal-sources/library/case-law/commonlii/LKCA/1920/95.txt,7659,7659,7659,0,,True
commonlii-LKCA-1920-97,commonlii,data/legal-sources/library/case-law/commonlii/LKCA/1920/97.txt,7963,7963,7963,0,,True
commonlii-LKCA-1920-98,commonlii,data/legal-sources/library/case-law/commonlii/LKCA/1920/98.txt,6305,6305,6305,0,,True
commonlii-LKCA-1920-99,commonlii,data/legal-sources/library/case-law/commonlii/LKCA/1920/99.txt,26304,26304,26304,0,,True
commonlii-LKCA-1921-100,commonlii,data/legal-sources/library/case-law/commonlii/LKCA/1921/100.txt,11331,11331,11331,0,,True
commonlii-LKCA-1921-12,commonlii,data/legal-sources/library/case-law/commonlii/LKCA/1921/12.txt,4466,4466,4466,0,,True
commonlii-LKCA-1921-15,commonlii,data/legal-sources/library/case-law/commonlii/LKCA/1921/15.txt,5278,5278,5278,0,,True
commonlii-LKCA-1921-19,commonlii,data/legal-sources/library/case-law/commonlii/LKCA/1921/19.txt,6667,6667,6667,0,,True
commonlii-LKCA-1921-21,commonlii,data/legal-sources/library/case-law/commonlii/LKCA/1921/21.txt,17750,17750,17750,0,,True
commonlii-LKCA-1921-22,commonlii,data/legal-sources/library/case-law/commonlii/LKCA/1921/22.txt,13092,13092,13092,0,,True
commonlii-LKCA-1921-3,commonlii,data/legal-sources/library/case-law/commonlii/LKCA/1921/3.txt,11045,11045,11045,0,,True
commonlii-LKCA-1921-30,commonlii,data/legal-sources/library/case-law/commonlii/LKCA/1921/30.txt,10348,10348,10348,0,,True
commonlii-LKCA-1921-34,commonlii,data/legal-sources/library/case-law/commonlii/LKCA/1921/34.txt,8851,8851,8851,0,,True
commonlii-LKCA-1921-35,commonlii,data/legal-sources/library/case-law/commonlii/LKCA/1921/35.txt,8587,8587,8587,0,,True
commonlii-LKCA-1921-37,commonlii,data/legal-sources/library/case-law/commonlii/LKCA/1921/37.txt,6551,6551,6551,0,,True
commonlii-LKCA-1921-39,commonlii,data/legal-sources/library/case-law/commonlii/LKCA/1921/39.txt,6909,6909,6909,0,,True
commonlii-LKCA-1921-4,commonlii,data/legal-sources/library/case-law/commonlii/LKCA/1921/4.txt,5985,5985,5985,0,,True
commonlii-LKCA-1921-40,commonlii,data/legal-sources/library/case-law/commonlii/LKCA/1921/40.txt,7645,7645,7645,0,,True
commonlii-LKCA-1921-42,commonlii,data/legal-sources/library/case-law/commonlii/LKCA/1921/42.txt,6012,6012,6012,0,,True
commonlii-LKCA-1921-47,commonlii,data/legal-sources/library/case-law/commonlii/LKCA/1921/47.txt,3542,3542,3542,0,,True
commonlii-LKCA-1921-48,commonlii,data/legal-sources/library/case-law/commonlii/LKCA/1921/48.txt,8469,8469,8469,0,,True
commonlii-LKCA-1921-49,commonlii,data/legal-sources/library/case-law/commonlii/LKCA/1921/49.txt,24093,24093,24093,0,,True
commonlii-LKCA-1921-5,commonlii,data/legal-sources/library/case-law/commonlii/LKCA/1921/5.txt,5759,5759,5759,0,,True
commonlii-LKCA-1921-50,commonlii,data/legal-sources/library/case-law/commonlii/LKCA/1921/50.txt,17202,17202,17202,1,replacement_character,False
commonlii-LKCA-1921-51,commonlii,data/legal-sources/library/case-law/commonlii/LKCA/1921/51.txt,14880,14880,14880,0,,True
commonlii-LKCA-1921-52,commonlii,data/legal-sources/library/case-law/commonlii/LKCA/1921/52.txt,17793,17793,17793,0,,True
commonlii-LKCA-1921-53,commonlii,data/legal-sources/library/case-law/commonlii/LKCA/1921/53.txt,12197,12197,12197,0,,True
commonlii-LKCA-1921-54,commonlii,data/legal-sources/library/case-law/commonlii/LKCA/1921/54.txt,14252,14252,14252,1,replacement_character,False
commonlii-LKCA-1921-55,commonlii,data/legal-sources/library/case-law/commonlii/LKCA/1921/55.txt,31160,31160,31160,0,,True
commonlii-LKCA-1921-56,commonlii,data/legal-sources/library/case-law/commonlii/LKCA/1921/56.txt,6399,6399,6399,0,,True
commonlii-LKCA-1921-57,commonlii,data/legal-sources/library/case-law/commonlii/LKCA/1921/57.txt,6908,6908,6908,0,,True
commonlii-LKCA-1921-59,commonlii,data/legal-sources/library/case-law/commonlii/LKCA/1921/59.txt,17861,17861,17861,1,replacement_character,False
commonlii-LKCA-1921-6,commonlii,data/legal-sources/library/case-law/commonlii/LKCA/1921/6.txt,6268,6268,6268,0,,True
commonlii-LKCA-1921-60,commonlii,data/legal-sources/library/case-law/commonlii/LKCA/1921/60.txt,10898,10898,10898,0,,True
commonlii-LKCA-1921-61,commonlii,data/legal-sources/library/case-law/commonlii/LKCA/1921/61.txt,6341,6341,6341,0,,True
commonlii-LKCA-1921-62,commonlii,data/legal-sources/library/case-law/commonlii/LKCA/1921/62.txt,30433,30433,30433,0,,True
commonlii-LKCA-1921-63,commonlii,data/legal-sources/library/case-law/commonlii/LKCA/1921/63.txt,12189,12189,12189,0,,True
commonlii-LKCA-1921-64,commonlii,data/legal-sources/library/case-law/commonlii/LKCA/1921/64.txt,16119,16119,16119,0,,True
commonlii-LKCA-1921-65,commonlii,data/legal-sources/library/case-law/commonlii/LKCA/1921/65.txt,6205,6205,6205,0,,True
commonlii-LKCA-1921-66,commonlii,data/legal-sources/library/case-law/commonlii/LKCA/1921/66.txt,12143,12143,12143,0,,True
commonlii-LKCA-1921-7,commonlii,data/legal-sources/library/case-law/commonlii/LKCA/1921/7.txt,4932,4932,4932,0,,True
commonlii-LKCA-1921-70,commonlii,data/legal-sources/library/case-law/commonlii/LKCA/1921/70.txt,21157,21157,21157,0,,True
commonlii-LKCA-1921-72,commonlii,data/legal-sources/library/case-law/commonlii/LKCA/1921/72.txt,28188,28188,28188,0,,True
commonlii-LKCA-1921-73,commonlii,data/legal-sources/library/case-law/commonlii/LKCA/1921/73.txt,1688,1688,1688,0,,True
commonlii-LKCA-1921-74,commonlii,data/legal-sources/library/case-law/commonlii/LKCA/1921/74.txt,33331,33331,33331,0,,True
commonlii-LKCA-1921-77,commonlii,data/legal-sources/library/case-law/commonlii/LKCA/1921/77.txt,3604,3604,3604,0,,True
commonlii-LKCA-1921-78,commonlii,data/legal-sources/library/case-law/commonlii/LKCA/1921/78.txt,4772,4772,4772,0,,True
commonlii-LKCA-1921-8,commonlii,data/legal-sources/library/case-law/commonlii/LKCA/1921/8.txt,2982,2982,2982,0,,True
commonlii-LKCA-1921-80,commonlii,data/legal-sources/library/case-law/commonlii/LKCA/1921/80.txt,5248,5248,5248,0,,True
commonlii-LKCA-1921-82,commonlii,data/legal-sources/library/case-law/commonlii/LKCA/1921/82.txt,4960,4960,4960,0,,True
commonlii-LKCA-1921-83,commonlii,data/legal-sources/library/case-law/commonlii/LKCA/1921/83.txt,5371,5371,5371,0,,True
commonlii-LKCA-1921-85,commonlii,data/legal-sources/library/case-law/commonlii/LKCA/1921/85.txt,4559,4559,4559,0,,True
commonlii-LKCA-1921-86,commonlii,data/legal-sources/library/case-law/commonlii/LKCA/1921/86.txt,10759,10759,10759,0,,True
commonlii-LKCA-1921-87,commonlii,data/legal-sources/library/case-law/commonlii/LKCA/1921/87.txt,12418,12418,12418,0,,True
commonlii-LKCA-1921-9,commonlii,data/legal-sources/library/case-law/commonlii/LKCA/1921/9.txt,2863,2863,2863,0,,True
commonlii-LKCA-1921-90,commonlii,data/legal-sources/library/case-law/commonlii/LKCA/1921/90.txt,3376,3376,3376,0,,True
commonlii-LKCA-1921-91,commonlii,data/legal-sources/library/case-law/commonlii/LKCA/1921/91.txt,4420,4420,4420,0,,True
commonlii-LKCA-1921-94,commonlii,data/legal-sources/library/case-law/commonlii/LKCA/1921/94.txt,7425,7425,7425,0,,True
commonlii-LKCA-1921-95,commonlii,data/legal-sources/library/case-law/commonlii/LKCA/1921/95.txt,11006,11006,11006,0,,True
commonlii-LKCA-1921-97,commonlii,data/legal-sources/library/case-law/commonlii/LKCA/1921/97.txt,22640,22640,22640,0,,True
commonlii-LKCA-1921-98,commonlii,data/legal-sources/library/case-law/commonlii/LKCA/1921/98.txt,9268,9268,9268,0,,True
commonlii-LKCA-1921-99,commonlii,data/legal-sources/library/case-law/commonlii/LKCA/1921/99.txt,6208,6208,6208,0,,True
commonlii-LKCA-1922-101,commonlii,data/legal-sources/library/case-law/commonlii/LKCA/1922/101.txt,9051,9051,9051,0,,True
commonlii-LKCA-1922-105,commonlii,data/legal-sources/library/case-law/commonlii/LKCA/1922/105.txt,7988,7988,7988,0,,True
commonlii-LKCA-1922-106,commonlii,data/legal-sources/library/case-law/commonlii/LKCA/1922/106.txt,12984,12984,12984,5,replacement_character,False
commonlii-LKCA-1922-107,commonlii,data/legal-sources/library/case-law/commonlii/LKCA/1922/107.txt,9256,9256,9256,0,,True
commonlii-LKCA-1922-111,commonlii,data/legal-sources/library/case-law/commonlii/LKCA/1922/111.txt,4180,4180,4180,0,,True
commonlii-LKCA-1922-112,commonlii,data/legal-sources/library/case-law/commonlii/LKCA/1922/112.txt,13439,13439,13439,0,,True
commonlii-LKCA-1922-113,commonlii,data/legal-sources/library/case-law/commonlii/LKCA/1922/113.txt,12447,12447,12447,0,,True
commonlii-LKCA-1922-114,commonlii,data/legal-sources/library/case-law/commonlii/LKCA/1922/114.txt,6459,6459,6459,0,,True
commonlii-LKCA-1922-115,commonlii,data/legal-sources/library/case-law/commonlii/LKCA/1922/115.txt,11726,11726,11726,0,,True
commonlii-LKCA-1922-116,commonlii,data/legal-sources/library/case-law/commonlii/LKCA/1922/116.txt,3862,3862,3862,0,,True
commonlii-LKCA-1922-117,commonlii,data/legal-sources/library/case-law/commonlii/LKCA/1922/117.txt,3543,3543,3543,0,,True
commonlii-LKCA-1922-119,commonlii,data/legal-sources/library/case-law/commonlii/LKCA/1922/119.txt,4937,4937,4937,0,,True
commonlii-LKCA-1922-120,commonlii,data/legal-sources/library/case-law/commonlii/LKCA/1922/120.txt,12701,12701,12701,1,replacement_character,False
commonlii-LKCA-1922-122,commonlii,data/legal-sources/library/case-law/commonlii/LKCA/1922/122.txt,10108,10108,10108,0,,True
commonlii-LKCA-1922-123,commonlii,data/legal-sources/library/case-law/commonlii/LKCA/1922/123.txt,5877,5877,5877,0,,True
commonlii-LKCA-1922-124,commonlii,data/legal-sources/library/case-law/commonlii/LKCA/1922/124.txt,10769,10769,10769,0,,True
commonlii-LKCA-1922-126,commonlii,data/legal-sources/library/case-law/commonlii/LKCA/1922/126.txt,6516,6516,6516,0,,True
commonlii-LKCA-1922-127,commonlii,data/legal-sources/library/case-law/commonlii/LKCA/1922/127.txt,6877,6877,6877,0,,True
commonlii-LKCA-1922-128,commonlii,data/legal-sources/library/case-law/commonlii/LKCA/1922/128.txt,9349,9349,9349,0,,True
commonlii-LKCA-1922-130,commonlii,data/legal-sources/library/case-law/commonlii/LKCA/1922/130.txt,9163,9163,9163,0,,True
commonlii-LKCA-1922-132,commonlii,data/legal-sources/library/case-law/commonlii/LKCA/1922/132.txt,4821,4821,4821,0,,True
commonlii-LKCA-1922-14,commonlii,data/legal-sources/library/case-law/commonlii/LKCA/1922/14.txt,12495,12495,12495,0,,True
commonlii-LKCA-1922-15,commonlii,data/legal-sources/library/case-law/commonlii/LKCA/1922/15.txt,6356,6356,6356,0,,True
commonlii-LKCA-1922-16,commonlii,data/legal-sources/library/case-law/commonlii/LKCA/1922/16.txt,5985,5985,5985,0,,True
commonlii-LKCA-1922-17,commonlii,data/legal-sources/library/case-law/commonlii/LKCA/1922/17.txt,4746,4746,4746,0,,True
commonlii-LKCA-1922-2,commonlii,data/legal-sources/library/case-law/commonlii/LKCA/1922/2.txt,16067,16067,16067,0,,True
commonlii-LKCA-1922-24,commonlii,data/legal-sources/library/case-law/commonlii/LKCA/1922/24.txt,7615,7615,7615,0,,True
commonlii-LKCA-1922-25,commonlii,data/legal-sources/library/case-law/commonlii/LKCA/1922/25.txt,14344,14344,14344,0,,True
commonlii-LKCA-1922-3,commonlii,data/legal-sources/library/case-law/commonlii/LKCA/1922/3.txt,22387,22387,22387,0,,True
commonlii-LKCA-1922-30,commonlii,data/legal-sources/library/case-law/commonlii/LKCA/1922/30.txt,25756,25756,25756,0,,True
commonlii-LKCA-1922-33,commonlii,data/legal-sources/library/case-law/commonlii/LKCA/1922/33.txt,35661,35661,35661,0,,True
commonlii-LKCA-1922-34,commonlii,data/legal-sources/library/case-law/commonlii/LKCA/1922/34.txt,39944,39944,39944,0,,True
commonlii-LKCA-1922-35,commonlii,data/legal-sources/library/case-law/commonlii/LKCA/1922/35.txt,22758,22758,22758,0,,True
commonlii-LKCA-1922-37,commonlii,data/legal-sources/library/case-law/commonlii/LKCA/1922/37.txt,40089,40089,40089,0,,True
commonlii-LKCA-1922-4,commonlii,data/legal-sources/library/case-law/commonlii/LKCA/1922/4.txt,8698,8698,8698,0,,True
commonlii-LKCA-1922-40,commonlii,data/legal-sources/library/case-law/commonlii/LKCA/1922/40.txt,17209,17209,17209,0,,True
commonlii-LKCA-1922-41,commonlii,data/legal-sources/library/case-law/commonlii/LKCA/1922/41.txt,5431,5431,5431,0,,True
commonlii-LKCA-1922-5,commonlii,data/legal-sources/library/case-law/commonlii/LKCA/1922/5.txt,11593,11593,11593,0,,True
commonlii-LKCA-1922-50,commonlii,data/legal-sources/library/case-law/commonlii/LKCA/1922/50.txt,35640,35640,35640,0,,True
commonlii-LKCA-1922-51,commonlii,data/legal-sources/library/case-law/commonlii/LKCA/1922/51.txt,10626,10626,10626,0,,True
commonlii-LKCA-1922-52,commonlii,data/legal-sources/library/case-law/commonlii/LKCA/1922/52.txt,10142,10142,10142,0,,True
commonlii-LKCA-1922-53,commonlii,data/legal-sources/library/case-law/commonlii/LKCA/1922/53.txt,8346,8346,8346,0,,True
commonlii-LKCA-1922-54,commonlii,data/legal-sources/library/case-law/commonlii/LKCA/1922/54.txt,4421,4421,4421,0,,True
commonlii-LKCA-1922-57,commonlii,data/legal-sources/library/case-law/commonlii/LKCA/1922/57.txt,4397,4397,4397,0,,True
commonlii-LKCA-1922-58,commonlii,data/legal-sources/library/case-law/commonlii/LKCA/1922/58.txt,4358,4358,4358,0,,True
commonlii-LKCA-1922-68,commonlii,data/legal-sources/library/case-law/commonlii/LKCA/1922/68.txt,8633,8633,8633,0,,True
commonlii-LKCA-1922-69,commonlii,data/legal-sources/library/case-law/commonlii/LKCA/1922/69.txt,9472,9472,9472,0,,True
commonlii-LKCA-1922-72,commonlii,data/legal-sources/library/case-law/commonlii/LKCA/1922/72.txt,5202,5202,5202,0,,True
commonlii-LKCA-1922-75,commonlii,data/legal-sources/library/case-law/commonlii/LKCA/1922/75.txt,6078,6078,6078,0,,True
commonlii-LKCA-1922-76,commonlii,data/legal-sources/library/case-law/commonlii/LKCA/1922/76.txt,6589,6589,6589,0,,True
commonlii-LKCA-1922-77,commonlii,data/legal-sources/library/case-law/commonlii/LKCA/1922/77.txt,8365,8365,8365,0,,True
commonlii-LKCA-1922-78,commonlii,data/legal-sources/library/case-law/commonlii/LKCA/1922/78.txt,19039,19039,19039,0,,True
commonlii-LKCA-1922-79,commonlii,data/legal-sources/library/case-law/commonlii/LKCA/1922/79.txt,14889,14889,14889,0,,True
commonlii-LKCA-1922-80,commonlii,data/legal-sources/library/case-law/commonlii/LKCA/1922/80.txt,10966,10966,10966,0,,True
commonlii-LKCA-1922-81,commonlii,data/legal-sources/library/case-law/commonlii/LKCA/1922/81.txt,6455,6455,6455,0,,True
commonlii-LKCA-1922-83,commonlii,data/legal-sources/library/case-law/commonlii/LKCA/1922/83.txt,13102,13102,13102,0,,True
commonlii-LKCA-1922-84,commonlii,data/legal-sources/library/case-law/commonlii/LKCA/1922/84.txt,7330,7330,7330,0,,True
commonlii-LKCA-1922-85,commonlii,data/legal-sources/library/case-law/commonlii/LKCA/1922/85.txt,2332,2332,2332,0,,True
commonlii-LKCA-1922-86,commonlii,data/legal-sources/library/case-law/commonlii/LKCA/1922/86.txt,8431,8431,8431,0,,True
commonlii-LKCA-1922-87,commonlii,data/legal-sources/library/case-law/commonlii/LKCA/1922/87.txt,10464,10464,10464,0,,True
commonlii-LKCA-1922-88,commonlii,data/legal-sources/library/case-law/commonlii/LKCA/1922/88.txt,11026,11026,11026,0,,True
commonlii-LKCA-1922-89,commonlii,data/legal-sources/library/case-law/commonlii/LKCA/1922/89.txt,12588,12588,12588,0,,True
commonlii-LKCA-1922-90,commonlii,data/legal-sources/library/case-law/commonlii/LKCA/1922/90.txt,8865,8865,8865,0,,True
commonlii-LKCA-1922-91,commonlii,data/legal-sources/library/case-law/commonlii/LKCA/1922/91.txt,14412,14412,14412,0,,True
commonlii-LKCA-1922-92,commonlii,data/legal-sources/library/case-law/commonlii/LKCA/1922/92.txt,7770,7770,7770,0,,True
commonlii-LKCA-1922-94,commonlii,data/legal-sources/library/case-law/commonlii/LKCA/1922/94.txt,7466,7466,7466,0,,True
commonlii-LKCA-1922-95,commonlii,data/legal-sources/library/case-law/commonlii/LKCA/1922/95.txt,3263,3263,3263,0,,True
commonlii-LKCA-1922-96,commonlii,data/legal-sources/library/case-law/commonlii/LKCA/1922/96.txt,16736,16736,16736,0,,True
commonlii-LKCA-1922-97,commonlii,data/legal-sources/library/case-law/commonlii/LKCA/1922/97.txt,7917,7917,7917,1,replacement_character,False
commonlii-LKCA-1922-99,commonlii,data/legal-sources/library/case-law/commonlii/LKCA/1922/99.txt,6998,6998,6998,0,,True
commonlii-LKCA-1924-1,commonlii,data/legal-sources/library/case-law/commonlii/LKCA/1924/1.txt,10621,10621,10621,0,,True
commonlii-LKCA-1924-10,commonlii,data/legal-sources/library/case-law/commonlii/LKCA/1924/10.txt,54280,54280,54280,0,,True
commonlii-LKCA-1924-11,commonlii,data/legal-sources/library/case-law/commonlii/LKCA/1924/11.txt,8857,8857,8857,0,,True
commonlii-LKCA-1924-12,commonlii,data/legal-sources/library/case-law/commonlii/LKCA/1924/12.txt,12564,12564,12564,0,,True
commonlii-LKCA-1924-13,commonlii,data/legal-sources/library/case-law/commonlii/LKCA/1924/13.txt,9219,9219,9219,0,,True
commonlii-LKCA-1924-14,commonlii,data/legal-sources/library/case-law/commonlii/LKCA/1924/14.txt,24508,24508,24508,0,,True
commonlii-LKCA-1924-15,commonlii,data/legal-sources/library/case-law/commonlii/LKCA/1924/15.txt,5752,5752,5752,0,,True
commonlii-LKCA-1924-16,commonlii,data/legal-sources/library/case-law/commonlii/LKCA/1924/16.txt,15993,15993,15993,0,,True
commonlii-LKCA-1924-17,commonlii,data/legal-sources/library/case-law/commonlii/LKCA/1924/17.txt,7108,7108,7108,0,,True
commonlii-LKCA-1924-18,commonlii,data/legal-sources/library/case-law/commonlii/LKCA/1924/18.txt,4944,4944,4944,0,,True
commonlii-LKCA-1924-2,commonlii,data/legal-sources/library/case-law/commonlii/LKCA/1924/2.txt,13500,13500,13500,0,,True
commonlii-LKCA-1924-20,commonlii,data/legal-sources/library/case-law/commonlii/LKCA/1924/20.txt,4919,4919,4919,0,,True
commonlii-LKCA-1924-22,commonlii,data/legal-sources/library/case-law/commonlii/LKCA/1924/22.txt,20111,20111,20111,0,,True
commonlii-LKCA-1924-23,commonlii,data/legal-sources/library/case-law/commonlii/LKCA/1924/23.txt,11264,11264,11264,0,,True
commonlii-LKCA-1924-24,commonlii,data/legal-sources/library/case-law/commonlii/LKCA/1924/24.txt,5883,5883,5883,0,,True
commonlii-LKCA-1924-25,commonlii,data/legal-sources/library/case-law/commonlii/LKCA/1924/25.txt,15418,15418,15418,0,,True
commonlii-LKCA-1924-26,commonlii,data/legal-sources/library/case-law/commonlii/LKCA/1924/26.txt,23260,23260,23260,50,replacement_character,False
commonlii-LKCA-1924-27,commonlii,data/legal-sources/library/case-law/commonlii/LKCA/1924/27.txt,15349,15349,15349,0,,True
commonlii-LKCA-1924-29,commonlii,data/legal-sources/library/case-law/commonlii/LKCA/1924/29.txt,6612,6612,6612,0,,True
commonlii-LKCA-1924-30,commonlii,data/legal-sources/library/case-law/commonlii/LKCA/1924/30.txt,15626,15626,15626,10,replacement_character,False
commonlii-LKCA-1924-33,commonlii,data/legal-sources/library/case-law/commonlii/LKCA/1924/33.txt,4347,4347,4347,0,,True
commonlii-LKCA-1924-35,commonlii,data/legal-sources/library/case-law/commonlii/LKCA/1924/35.txt,15076,15076,15076,0,,True
commonlii-LKCA-1924-36,commonlii,data/legal-sources/library/case-law/commonlii/LKCA/1924/36.txt,11435,11435,11435,0,,True
commonlii-LKCA-1924-39,commonlii,data/legal-sources/library/case-law/commonlii/LKCA/1924/39.txt,96834,96834,96834,1,replacement_character,False
commonlii-LKCA-1924-40,commonlii,data/legal-sources/library/case-law/commonlii/LKCA/1924/40.txt,13981,13981,13981,0,,True
commonlii-LKCA-1924-42,commonlii,data/legal-sources/library/case-law/commonlii/LKCA/1924/42.txt,10251,10251,10251,0,,True
commonlii-LKCA-1924-45,commonlii,data/legal-sources/library/case-law/commonlii/LKCA/1924/45.txt,12487,12487,12487,0,,True
commonlii-LKCA-1924-46,commonlii,data/legal-sources/library/case-law/commonlii/LKCA/1924/46.txt,11191,11191,11191,0,,True
commonlii-LKCA-1924-47,commonlii,data/legal-sources/library/case-law/commonlii/LKCA/1924/47.txt,7459,7459,7459,0,,True
commonlii-LKCA-1924-48,commonlii,data/legal-sources/library/case-law/commonlii/LKCA/1924/48.txt,21069,21069,21069,10,replacement_character,False
commonlii-LKCA-1924-49,commonlii,data/legal-sources/library/case-law/commonlii/LKCA/1924/49.txt,15804,15804,15804,0,,True
commonlii-LKCA-1924-51,commonlii,data/legal-sources/library/case-law/commonlii/LKCA/1924/51.txt,31311,31311,31311,0,,True
commonlii-LKCA-1924-52,commonlii,data/legal-sources/library/case-law/commonlii/LKCA/1924/52.txt,19942,19942,19942,0,,True
commonlii-LKCA-1924-56,commonlii,data/legal-sources/library/case-law/commonlii/LKCA/1924/56.txt,9481,9481,9481,0,,True
commonlii-LKCA-1924-57,commonlii,data/legal-sources/library/case-law/commonlii/LKCA/1924/57.txt,33927,33927,33927,0,,True
commonlii-LKCA-1924-59,commonlii,data/legal-sources/library/case-law/commonlii/LKCA/1924/59.txt,15744,15744,15744,0,,True
commonlii-LKCA-1924-60,commonlii,data/legal-sources/library/case-law/commonlii/LKCA/1924/60.txt,17877,17877,17877,0,,True
commonlii-LKCA-1924-61,commonlii,data/legal-sources/library/case-law/commonlii/LKCA/1924/61.txt,11784,11784,11784,0,,True
commonlii-LKCA-1924-63,commonlii,data/legal-sources/library/case-law/commonlii/LKCA/1924/63.txt,6215,6215,6215,0,,True
commonlii-LKCA-1924-64,commonlii,data/legal-sources/library/case-law/commonlii/LKCA/1924/64.txt,5163,5163,5163,0,,True
commonlii-LKCA-1924-67,commonlii,data/legal-sources/library/case-law/commonlii/LKCA/1924/67.txt,18114,18114,18114,0,,True
commonlii-LKCA-1924-68,commonlii,data/legal-sources/library/case-law/commonlii/LKCA/1924/68.txt,21648,21648,21648,0,,True
commonlii-LKCA-1925-13,commonlii,data/legal-sources/library/case-law/commonlii/LKCA/1925/13.txt,9956,9956,9956,0,,True
commonlii-LKCA-1925-14,commonlii,data/legal-sources/library/case-law/commonlii/LKCA/1925/14.txt,85646,85646,85646,7,replacement_character,False
commonlii-LKCA-1925-15,commonlii,data/legal-sources/library/case-law/commonlii/LKCA/1925/15.txt,18766,18766,18766,0,,True
commonlii-LKCA-1925-16,commonlii,data/legal-sources/library/case-law/commonlii/LKCA/1925/16.txt,34024,34024,34024,0,,True
commonlii-LKCA-1925-17,commonlii,data/legal-sources/library/case-law/commonlii/LKCA/1925/17.txt,23426,23426,23426,0,,True
commonlii-LKCA-1925-18,commonlii,data/legal-sources/library/case-law/commonlii/LKCA/1925/18.txt,10500,10500,10500,0,,True
commonlii-LKCA-1925-2,commonlii,data/legal-sources/library/case-law/commonlii/LKCA/1925/2.txt,14296,14296,14296,0,,True
commonlii-LKCA-1925-24,commonlii,data/legal-sources/library/case-law/commonlii/LKCA/1925/24.txt,8401,8401,8401,0,,True
commonlii-LKCA-1925-28,commonlii,data/legal-sources/library/case-law/commonlii/LKCA/1925/28.txt,22429,22429,22429,0,,True
commonlii-LKCA-1925-3,commonlii,data/legal-sources/library/case-law/commonlii/LKCA/1925/3.txt,9422,9422,9422,0,,True
commonlii-LKCA-1925-33,commonlii,data/legal-sources/library/case-law/commonlii/LKCA/1925/33.txt,11852,11852,11852,0,,True
commonlii-LKCA-1925-34,commonlii,data/legal-sources/library/case-law/commonlii/LKCA/1925/34.txt,17150,17150,17150,0,,True
commonlii-LKCA-1925-35,commonlii,data/legal-sources/library/case-law/commonlii/LKCA/1925/35.txt,12374,12374,12374,0,,True
commonlii-LKCA-1925-36,commonlii,data/legal-sources/library/case-law/commonlii/LKCA/1925/36.txt,8499,8499,8499,0,,True
commonlii-LKCA-1925-37,commonlii,data/legal-sources/library/case-law/commonlii/LKCA/1925/37.txt,10035,10035,10035,0,,True
commonlii-LKCA-1925-38,commonlii,data/legal-sources/library/case-law/commonlii/LKCA/1925/38.txt,17850,17850,17850,0,,True
commonlii-LKCA-1925-4,commonlii,data/legal-sources/library/case-law/commonlii/LKCA/1925/4.txt,11039,11039,11039,0,,True
commonlii-LKCA-1925-41,commonlii,data/legal-sources/library/case-law/commonlii/LKCA/1925/41.txt,21295,21295,21295,0,,True
commonlii-LKCA-1925-42,commonlii,data/legal-sources/library/case-law/commonlii/LKCA/1925/42.txt,14187,14187,14187,0,,True
commonlii-LKCA-1925-43,commonlii,data/legal-sources/library/case-law/commonlii/LKCA/1925/43.txt,12166,12166,12166,2,replacement_character,False
commonlii-LKCA-1925-44,commonlii,data/legal-sources/library/case-law/commonlii/LKCA/1925/44.txt,6632,6632,6632,0,,True
commonlii-LKCA-1925-45,commonlii,data/legal-sources/library/case-law/commonlii/LKCA/1925/45.txt,15031,15031,15031,1,replacement_character,False
commonlii-LKCA-1925-46,commonlii,data/legal-sources/library/case-law/commonlii/LKCA/1925/46.txt,13435,13435,13435,0,,True
commonlii-LKCA-1925-47,commonlii,data/legal-sources/library/case-law/commonlii/LKCA/1925/47.txt,26337,26337,26337,0,,True
commonlii-LKCA-1925-48,commonlii,data/legal-sources/library/case-law/commonlii/LKCA/1925/48.txt,15299,15299,15299,0,,True
commonlii-LKCA-1925-50,commonlii,data/legal-sources/library/case-law/commonlii/LKCA/1925/50.txt,13632,13632,13632,0,,True
commonlii-LKCA-1925-51,commonlii,data/legal-sources/library/case-law/commonlii/LKCA/1925/51.txt,9304,9304,9304,0,,True
commonlii-LKCA-1925-52,commonlii,data/legal-sources/library/case-law/commonlii/LKCA/1925/52.txt,6297,6297,6297,0,,True
commonlii-LKCA-1925-9,commonlii,data/legal-sources/library/case-law/commonlii/LKCA/1925/9.txt,24034,24034,24034,0,,True
commonlii-LKCA-1926-1,commonlii,data/legal-sources/library/case-law/commonlii/LKCA/1926/1.txt,70092,70092,70092,0,,True
commonlii-LKCA-1926-10,commonlii,data/legal-sources/library/case-law/commonlii/LKCA/1926/10.txt,5591,5591,5591,0,,True
commonlii-LKCA-1926-11,commonlii,data/legal-sources/library/case-law/commonlii/LKCA/1926/11.txt,8202,8202,8202,0,,True
commonlii-LKCA-1926-13,commonlii,data/legal-sources/library/case-law/commonlii/LKCA/1926/13.txt,10993,10993,10993,0,,True
commonlii-LKCA-1926-17,commonlii,data/legal-sources/library/case-law/commonlii/LKCA/1926/17.txt,8331,8331,8331,0,,True
commonlii-LKCA-1926-19,commonlii,data/legal-sources/library/case-law/commonlii/LKCA/1926/19.txt,58742,58742,58742,0,,True
commonlii-LKCA-1926-2,commonlii,data/legal-sources/library/case-law/commonlii/LKCA/1926/2.txt,18667,18667,18667,0,,True
commonlii-LKCA-1926-22,commonlii,data/legal-sources/library/case-law/commonlii/LKCA/1926/22.txt,7094,7094,7094,0,,True
commonlii-LKCA-1926-23,commonlii,data/legal-sources/library/case-law/commonlii/LKCA/1926/23.txt,12390,12390,12390,0,,True
commonlii-LKCA-1926-24,commonlii,data/legal-sources/library/case-law/commonlii/LKCA/1926/24.txt,17581,17581,17581,0,,True
commonlii-LKCA-1926-25,commonlii,data/legal-sources/library/case-law/commonlii/LKCA/1926/25.txt,81585,81585,81585,0,,True
commonlii-LKCA-1926-27,commonlii,data/legal-sources/library/case-law/commonlii/LKCA/1926/27.txt,14370,14370,14370,0,,True
commonlii-LKCA-1926-28,commonlii,data/legal-sources/library/case-law/commonlii/LKCA/1926/28.txt,12119,12119,12119,0,,True
commonlii-LKCA-1926-29,commonlii,data/legal-sources/library/case-law/commonlii/LKCA/1926/29.txt,6930,6930,6930,0,,True
commonlii-LKCA-1926-31,commonlii,data/legal-sources/library/case-law/commonlii/LKCA/1926/31.txt,16518,16518,16518,0,,True
commonlii-LKCA-1926-32,commonlii,data/legal-sources/library/case-law/commonlii/LKCA/1926/32.txt,8758,8758,8758,0,,True
commonlii-LKCA-1926-33,commonlii,data/legal-sources/library/case-law/commonlii/LKCA/1926/33.txt,14431,14431,14431,0,,True
commonlii-LKCA-1926-34,commonlii,data/legal-sources/library/case-law/commonlii/LKCA/1926/34.txt,9580,9580,9580,1,replacement_character,False
commonlii-LKCA-1926-35,commonlii,data/legal-sources/library/case-law/commonlii/LKCA/1926/35.txt,10902,10902,10902,0,,True
commonlii-LKCA-1926-37,commonlii,data/legal-sources/library/case-law/commonlii/LKCA/1926/37.txt,23852,23852,23852,0,,True
commonlii-LKCA-1926-38,commonlii,data/legal-sources/library/case-law/commonlii/LKCA/1926/38.txt,51887,51887,51887,0,,True
commonlii-LKCA-1926-39,commonlii,data/legal-sources/library/case-law/commonlii/LKCA/1926/39.txt,17032,17032,17032,0,,True
commonlii-LKCA-1926-40,commonlii,data/legal-sources/library/case-law/commonlii/LKCA/1926/40.txt,29043,29043,29043,0,,True
commonlii-LKCA-1926-41,commonlii,data/legal-sources/library/case-law/commonlii/LKCA/1926/41.txt,25012,25012,25012,0,,True
commonlii-LKCA-1926-42,commonlii,data/legal-sources/library/case-law/commonlii/LKCA/1926/42.txt,29333,29333,29333,3,replacement_character,False
commonlii-LKCA-1926-45,commonlii,data/legal-sources/library/case-law/commonlii/LKCA/1926/45.txt,13303,13303,13303,1,replacement_character,False
commonlii-LKCA-1926-47,commonlii,data/legal-sources/library/case-law/commonlii/LKCA/1926/47.txt,5491,5491,5491,0,,True
commonlii-LKCA-1926-48,commonlii,data/legal-sources/library/case-law/commonlii/LKCA/1926/48.txt,10884,10884,10884,0,,True
commonlii-LKCA-1926-49,commonlii,data/legal-sources/library/case-law/commonlii/LKCA/1926/49.txt,15536,15536,15536,0,,True
commonlii-LKCA-1926-5,commonlii,data/legal-sources/library/case-law/commonlii/LKCA/1926/5.txt,9859,9859,9859,0,,True
commonlii-LKCA-1926-50,commonlii,data/legal-sources/library/case-law/commonlii/LKCA/1926/50.txt,9156,9156,9156,0,,True
commonlii-LKCA-1926-52,commonlii,data/legal-sources/library/case-law/commonlii/LKCA/1926/52.txt,11108,11108,11108,0,,True
commonlii-LKCA-1926-53,commonlii,data/legal-sources/library/case-law/commonlii/LKCA/1926/53.txt,26573,26573,26573,0,,True
commonlii-LKCA-1926-54,commonlii,data/legal-sources/library/case-law/commonlii/LKCA/1926/54.txt,64815,64815,64815,0,,True
commonlii-LKCA-1926-55,commonlii,data/legal-sources/library/case-law/commonlii/LKCA/1926/55.txt,16677,16677,16677,0,,True
commonlii-LKCA-1926-56,commonlii,data/legal-sources/library/case-law/commonlii/LKCA/1926/56.txt,9559,9559,9559,1,replacement_character,False
commonlii-LKCA-1926-58,commonlii,data/legal-sources/library/case-law/commonlii/LKCA/1926/58.txt,4879,4879,4879,0,,True
commonlii-LKCA-1926-59,commonlii,data/legal-sources/library/case-law/commonlii/LKCA/1926/59.txt,7522,7522,7522,2,replacement_character,False
commonlii-LKCA-1926-6,commonlii,data/legal-sources/library/case-law/commonlii/LKCA/1926/6.txt,6712,6712,6712,0,,True
commonlii-LKCA-1926-60,commonlii,data/legal-sources/library/case-law/commonlii/LKCA/1926/60.txt,17658,17658,17658,0,,True
commonlii-LKCA-1926-61,commonlii,data/legal-sources/library/case-law/commonlii/LKCA/1926/61.txt,26072,26072,26072,0,,True
commonlii-LKCA-1926-62,commonlii,data/legal-sources/library/case-law/commonlii/LKCA/1926/62.txt,9554,9554,9554,0,,True
commonlii-LKCA-1926-63,commonlii,data/legal-sources/library/case-law/commonlii/LKCA/1926/63.txt,6037,6037,6037,0,,True
commonlii-LKCA-1926-64,commonlii,data/legal-sources/library/case-law/commonlii/LKCA/1926/64.txt,28387,28387,28387,0,,True
commonlii-LKCA-1926-7,commonlii,data/legal-sources/library/case-law/commonlii/LKCA/1926/7.txt,13610,13610,13610,0,,True
commonlii-LKCA-1926-9,commonlii,data/legal-sources/library/case-law/commonlii/LKCA/1926/9.txt,10333,10333,10333,0,,True
commonlii-LKCA-1927-11,commonlii,data/legal-sources/library/case-law/commonlii/LKCA/1927/11.txt,22793,22793,22793,0,,True
commonlii-LKCA-1927-14,commonlii,data/legal-sources/library/case-law/commonlii/LKCA/1927/14.txt,15102,15102,15102,0,,True
commonlii-LKCA-1927-15,commonlii,data/legal-sources/library/case-law/commonlii/LKCA/1927/15.txt,15796,15796,15796,0,,True
commonlii-LKCA-1927-16,commonlii,data/legal-sources/library/case-law/commonlii/LKCA/1927/16.txt,12357,12357,12357,0,,True
commonlii-LKCA-1927-18,commonlii,data/legal-sources/library/case-law/commonlii/LKCA/1927/18.txt,13053,13053,13053,0,,True
commonlii-LKCA-1927-19,commonlii,data/legal-sources/library/case-law/commonlii/LKCA/1927/19.txt,16482,16482,16482,1,replacement_character,False
commonlii-LKCA-1927-2,commonlii,data/legal-sources/library/case-law/commonlii/LKCA/1927/2.txt,8632,8632,8632,0,,True
commonlii-LKCA-1927-20,commonlii,data/legal-sources/library/case-law/commonlii/LKCA/1927/20.txt,20819,20819,20819,0,,True
commonlii-LKCA-1927-25,commonlii,data/legal-sources/library/case-law/commonlii/LKCA/1927/25.txt,18721,18721,18721,1,replacement_character,False
commonlii-LKCA-1927-26,commonlii,data/legal-sources/library/case-law/commonlii/LKCA/1927/26.txt,33267,33267,33267,1,replacement_character,False
commonlii-LKCA-1927-27,commonlii,data/legal-sources/library/case-law/commonlii/LKCA/1927/27.txt,7907,7907,7907,0,,True
commonlii-LKCA-1927-29,commonlii,data/legal-sources/library/case-law/commonlii/LKCA/1927/29.txt,28411,28411,28411,0,,True
commonlii-LKCA-1927-30,commonlii,data/legal-sources/library/case-law/commonlii/LKCA/1927/30.txt,35263,35263,35263,0,,True
commonlii-LKCA-1927-33,commonlii,data/legal-sources/library/case-law/commonlii/LKCA/1927/33.txt,3082,3082,3082,0,,True
commonlii-LKCA-1927-35,commonlii,data/legal-sources/library/case-law/commonlii/LKCA/1927/35.txt,7299,7299,7299,0,,True
commonlii-LKCA-1927-41,commonlii,data/legal-sources/library/case-law/commonlii/LKCA/1927/41.txt,18748,18748,18748,17,replacement_character,False
commonlii-LKCA-1927-42,commonlii,data/legal-sources/library/case-law/commonlii/LKCA/1927/42.txt,17445,17445,17445,2,replacement_character,False
commonlii-LKCA-1927-44,commonlii,data/legal-sources/library/case-law/commonlii/LKCA/1927/44.txt,30665,30665,30665,0,,True
commonlii-LKCA-1927-45,commonlii,data/legal-sources/library/case-law/commonlii/LKCA/1927/45.txt,5596,5596,5596,0,,True
commonlii-LKCA-1927-46,commonlii,data/legal-sources/library/case-law/commonlii/LKCA/1927/46.txt,7032,7032,7032,0,,True
commonlii-LKCA-1927-47,commonlii,data/legal-sources/library/case-law/commonlii/LKCA/1927/47.txt,15932,15932,15932,0,,True
commonlii-LKCA-1927-48,commonlii,data/legal-sources/library/case-law/commonlii/LKCA/1927/48.txt,7484,7484,7484,4,replacement_character,False
commonlii-LKCA-1927-5,commonlii,data/legal-sources/library/case-law/commonlii/LKCA/1927/5.txt,8603,8603,8603,0,,True
commonlii-LKCA-1927-50,commonlii,data/legal-sources/library/case-law/commonlii/LKCA/1927/50.txt,44293,44293,44293,0,,True
commonlii-LKCA-1927-54,commonlii,data/legal-sources/library/case-law/commonlii/LKCA/1927/54.txt,9647,9647,9647,0,,True
commonlii-LKCA-1927-6,commonlii,data/legal-sources/library/case-law/commonlii/LKCA/1927/6.txt,7841,7841,7841,0,,True
commonlii-LKCA-1927-8,commonlii,data/legal-sources/library/case-law/commonlii/LKCA/1927/8.txt,56220,56220,56220,1,replacement_character,False
commonlii-LKCA-1928-1,commonlii,data/legal-sources/library/case-law/commonlii/LKCA/1928/1.txt,37349,37349,37349,0,,True
commonlii-LKCA-1928-14,commonlii,data/legal-sources/library/case-law/commonlii/LKCA/1928/14.txt,15709,15709,15709,1,replacement_character,False
commonlii-LKCA-1928-15,commonlii,data/legal-sources/library/case-law/commonlii/LKCA/1928/15.txt,20167,20167,20167,0,,True
commonlii-LKCA-1928-19,commonlii,data/legal-sources/library/case-law/commonlii/LKCA/1928/19.txt,10229,10229,10229,0,,True
commonlii-LKCA-1928-21,commonlii,data/legal-sources/library/case-law/commonlii/LKCA/1928/21.txt,11574,11574,11574,0,,True
commonlii-LKCA-1928-23,commonlii,data/legal-sources/library/case-law/commonlii/LKCA/1928/23.txt,4050,4050,4050,0,,True
commonlii-LKCA-1928-24,commonlii,data/legal-sources/library/case-law/commonlii/LKCA/1928/24.txt,3368,3368,3368,0,,True
commonlii-LKCA-1928-29,commonlii,data/legal-sources/library/case-law/commonlii/LKCA/1928/29.txt,5188,5188,5188,1,replacement_character,False
commonlii-LKCA-1928-33,commonlii,data/legal-sources/library/case-law/commonlii/LKCA/1928/33.txt,3796,3796,3796,0,,True
commonlii-LKCA-1928-34,commonlii,data/legal-sources/library/case-law/commonlii/LKCA/1928/34.txt,9729,9729,9729,0,,True
commonlii-LKCA-1928-37,commonlii,data/legal-sources/library/case-law/commonlii/LKCA/1928/37.txt,32713,32713,32713,1,replacement_character,False
commonlii-LKCA-1928-38,commonlii,data/legal-sources/library/case-law/commonlii/LKCA/1928/38.txt,5272,5272,5272,0,,True
commonlii-LKCA-1928-39,commonlii,data/legal-sources/library/case-law/commonlii/LKCA/1928/39.txt,7716,7716,7716,0,,True
commonlii-LKCA-1928-40,commonlii,data/legal-sources/library/case-law/commonlii/LKCA/1928/40.txt,39270,39270,39270,0,,True
commonlii-LKCA-1928-41,commonlii,data/legal-sources/library/case-law/commonlii/LKCA/1928/41.txt,30139,30139,30139,0,,True
commonlii-LKCA-1928-42,commonlii,data/legal-sources/library/case-law/commonlii/LKCA/1928/42.txt,5881,5881,5881,3,replacement_character,False
commonlii-LKCA-1928-43,commonlii,data/legal-sources/library/case-law/commonlii/LKCA/1928/43.txt,10717,10717,10717,0,,True
commonlii-LKCA-1928-44,commonlii,data/legal-sources/library/case-law/commonlii/LKCA/1928/44.txt,8332,8332,8332,0,,True
commonlii-LKCA-1928-45,commonlii,data/legal-sources/library/case-law/commonlii/LKCA/1928/45.txt,5664,5664,5664,0,,True
commonlii-LKCA-1928-47,commonlii,data/legal-sources/library/case-law/commonlii/LKCA/1928/47.txt,9427,9427,9427,0,,True
commonlii-LKCA-1928-48,commonlii,data/legal-sources/library/case-law/commonlii/LKCA/1928/48.txt,10808,10808,10808,0,,True
commonlii-LKCA-1928-53,commonlii,data/legal-sources/library/case-law/commonlii/LKCA/1928/53.txt,12942,12942,12942,2,replacement_character,False
commonlii-LKCA-1928-56,commonlii,data/legal-sources/library/case-law/commonlii/LKCA/1928/56.txt,10814,10814,10814,0,,True
commonlii-LKCA-1928-58,commonlii,data/legal-sources/library/case-law/commonlii/LKCA/1928/58.txt,8842,8842,8842,1,replacement_character,False
commonlii-LKCA-1928-59,commonlii,data/legal-sources/library/case-law/commonlii/LKCA/1928/59.txt,5949,5949,5949,0,,True
commonlii-LKCA-1928-6,commonlii,data/legal-sources/library/case-law/commonlii/LKCA/1928/6.txt,4444,4444,4444,0,,True
commonlii-LKCA-1928-62,commonlii,data/legal-sources/library/case-law/commonlii/LKCA/1928/62.txt,14881,14881,14881,0,,True
commonlii-LKCA-1928-63,commonlii,data/legal-sources/library/case-law/commonlii/LKCA/1928/63.txt,4526,4526,4526,0,,True
commonlii-LKCA-1928-65,commonlii,data/legal-sources/library/case-law/commonlii/LKCA/1928/65.txt,7338,7338,7338,1,replacement_character,False
commonlii-LKCA-1928-67,commonlii,data/legal-sources/library/case-law/commonlii/LKCA/1928/67.txt,10728,10728,10728,0,,True
commonlii-LKCA-1928-69,commonlii,data/legal-sources/library/case-law/commonlii/LKCA/1928/69.txt,15163,15163,15163,0,,True
commonlii-LKCA-1928-70,commonlii,data/legal-sources/library/case-law/commonlii/LKCA/1928/70.txt,4574,4574,4574,0,,True
commonlii-LKCA-1928-71,commonlii,data/legal-sources/library/case-law/commonlii/LKCA/1928/71.txt,26452,26452,26452,0,,True
commonlii-LKCA-1928-73,commonlii,data/legal-sources/library/case-law/commonlii/LKCA/1928/73.txt,14560,14560,14560,0,,True
commonlii-LKCA-1928-74,commonlii,data/legal-sources/library/case-law/commonlii/LKCA/1928/74.txt,8851,8851,8851,0,,True
commonlii-LKCA-1928-75,commonlii,data/legal-sources/library/case-law/commonlii/LKCA/1928/75.txt,15910,15910,15910,0,,True
commonlii-LKCA-1928-77,commonlii,data/legal-sources/library/case-law/commonlii/LKCA/1928/77.txt,7637,7637,7637,0,,True
commonlii-LKCA-1928-78,commonlii,data/legal-sources/library/case-law/commonlii/LKCA/1928/78.txt,5830,5830,5830,0,,True
commonlii-LKCA-1928-79,commonlii,data/legal-sources/library/case-law/commonlii/LKCA/1928/79.txt,6923,6923,6923,0,,True
commonlii-LKCA-1928-82,commonlii,data/legal-sources/library/case-law/commonlii/LKCA/1928/82.txt,6516,6516,6516,0,,True
commonlii-LKCA-1928-84,commonlii,data/legal-sources/library/case-law/commonlii/LKCA/1928/84.txt,5908,5908,5908,0,,True
commonlii-LKCA-1928-85,commonlii,data/legal-sources/library/case-law/commonlii/LKCA/1928/85.txt,15595,15595,15595,0,,True
commonlii-LKCA-1928-9,commonlii,data/legal-sources/library/case-law/commonlii/LKCA/1928/9.txt,5775,5775,5775,0,,True
commonlii-LKCA-1928-90,commonlii,data/legal-sources/library/case-law/commonlii/LKCA/1928/90.txt,9709,9709,9709,2,replacement_character,False
commonlii-LKCA-1928-92,commonlii,data/legal-sources/library/case-law/commonlii/LKCA/1928/92.txt,13998,13998,13998,0,,True
commonlii-LKCA-1928-93,commonlii,data/legal-sources/library/case-law/commonlii/LKCA/1928/93.txt,9180,9180,9180,0,,True
commonlii-LKCA-1928-94,commonlii,data/legal-sources/library/case-law/commonlii/LKCA/1928/94.txt,4495,4495,4495,0,,True
commonlii-LKCA-1928-95,commonlii,data/legal-sources/library/case-law/commonlii/LKCA/1928/95.txt,25238,25238,25238,0,,True
commonlii-LKCA-1928-97,commonlii,data/legal-sources/library/case-law/commonlii/LKCA/1928/97.txt,32674,32674,32674,0,,True
commonlii-LKCA-1928-98,commonlii,data/legal-sources/library/case-law/commonlii/LKCA/1928/98.txt,16112,16112,16112,1,replacement_character,False
commonlii-LKCA-1928-99,commonlii,data/legal-sources/library/case-law/commonlii/LKCA/1928/99.txt,8850,8850,8850,0,,True
commonlii-LKCA-1929-10,commonlii,data/legal-sources/library/case-law/commonlii/LKCA/1929/10.txt,33447,33447,33447,0,,True
commonlii-LKCA-1929-100,commonlii,data/legal-sources/library/case-law/commonlii/LKCA/1929/100.txt,10388,10388,10388,0,,True
commonlii-LKCA-1929-101,commonlii,data/legal-sources/library/case-law/commonlii/LKCA/1929/101.txt,7523,7523,7523,0,,True
commonlii-LKCA-1929-102,commonlii,data/legal-sources/library/case-law/commonlii/LKCA/1929/102.txt,10843,10843,10843,0,,True
commonlii-LKCA-1929-103,commonlii,data/legal-sources/library/case-law/commonlii/LKCA/1929/103.txt,6626,6626,6626,0,,True
commonlii-LKCA-1929-104,commonlii,data/legal-sources/library/case-law/commonlii/LKCA/1929/104.txt,13825,13825,13825,0,,True
commonlii-LKCA-1929-11,commonlii,data/legal-sources/library/case-law/commonlii/LKCA/1929/11.txt,20414,20414,20414,1,replacement_character,False
commonlii-LKCA-1929-13,commonlii,data/legal-sources/library/case-law/commonlii/LKCA/1929/13.txt,12823,12823,12823,0,,True
commonlii-LKCA-1929-19,commonlii,data/legal-sources/library/case-law/commonlii/LKCA/1929/19.txt,3460,3460,3460,0,,True
commonlii-LKCA-1929-21,commonlii,data/legal-sources/library/case-law/commonlii/LKCA/1929/21.txt,21761,21761,21761,0,,True
commonlii-LKCA-1929-22,commonlii,data/legal-sources/library/case-law/commonlii/LKCA/1929/22.txt,12835,12835,12835,0,,True
commonlii-LKCA-1929-23,commonlii,data/legal-sources/library/case-law/commonlii/LKCA/1929/23.txt,38127,38127,38127,2,replacement_character,False
commonlii-LKCA-1929-24,commonlii,data/legal-sources/library/case-law/commonlii/LKCA/1929/24.txt,11285,11285,11285,0,,True
commonlii-LKCA-1929-25,commonlii,data/legal-sources/library/case-law/commonlii/LKCA/1929/25.txt,10240,10240,10240,0,,True
commonlii-LKCA-1929-32,commonlii,data/legal-sources/library/case-law/commonlii/LKCA/1929/32.txt,11468,11468,11468,0,,True
commonlii-LKCA-1929-34,commonlii,data/legal-sources/library/case-law/commonlii/LKCA/1929/34.txt,11585,11585,11585,0,,True
commonlii-LKCA-1929-35,commonlii,data/legal-sources/library/case-law/commonlii/LKCA/1929/35.txt,15579,15579,15579,0,,True
commonlii-LKCA-1929-36,commonlii,data/legal-sources/library/case-law/commonlii/LKCA/1929/36.txt,50470,50470,50470,0,,True
commonlii-LKCA-1929-38,commonlii,data/legal-sources/library/case-law/commonlii/LKCA/1929/38.txt,12087,12087,12087,0,,True
commonlii-LKCA-1929-39,commonlii,data/legal-sources/library/case-law/commonlii/LKCA/1929/39.txt,19419,19419,19419,0,,True
commonlii-LKCA-1929-40,commonlii,data/legal-sources/library/case-law/commonlii/LKCA/1929/40.txt,8955,8955,8955,0,,True
commonlii-LKCA-1929-45,commonlii,data/legal-sources/library/case-law/commonlii/LKCA/1929/45.txt,4256,4256,4256,0,,True
commonlii-LKCA-1929-47,commonlii,data/legal-sources/library/case-law/commonlii/LKCA/1929/47.txt,8334,8334,8334,0,,True
commonlii-LKCA-1929-48,commonlii,data/legal-sources/library/case-law/commonlii/LKCA/1929/48.txt,19038,19038,19038,0,,True
commonlii-LKCA-1929-50,commonlii,data/legal-sources/library/case-law/commonlii/LKCA/1929/50.txt,13073,13073,13073,0,,True
commonlii-LKCA-1929-51,commonlii,data/legal-sources/library/case-law/commonlii/LKCA/1929/51.txt,6445,6445,6445,0,,True
commonlii-LKCA-1929-53,commonlii,data/legal-sources/library/case-law/commonlii/LKCA/1929/53.txt,12220,12220,12220,0,,True
commonlii-LKCA-1929-54,commonlii,data/legal-sources/library/case-law/commonlii/LKCA/1929/54.txt,17190,17190,17190,0,,True
commonlii-LKCA-1929-55,commonlii,data/legal-sources/library/case-law/commonlii/LKCA/1929/55.txt,24631,24631,24631,0,,True
commonlii-LKCA-1929-56,commonlii,data/legal-sources/library/case-law/commonlii/LKCA/1929/56.txt,7560,7560,7560,0,,True
commonlii-LKCA-1929-6,commonlii,data/legal-sources/library/case-law/commonlii/LKCA/1929/6.txt,12877,12877,12877,0,,True
commonlii-LKCA-1929-64,commonlii,data/legal-sources/library/case-law/commonlii/LKCA/1929/64.txt,12669,12669,12669,0,,True
commonlii-LKCA-1929-65,commonlii,data/legal-sources/library/case-law/commonlii/LKCA/1929/65.txt,4709,4709,4709,0,,True
commonlii-LKCA-1929-66,commonlii,data/legal-sources/library/case-law/commonlii/LKCA/1929/66.txt,11128,11128,11128,0,,True
commonlii-LKCA-1929-69,commonlii,data/legal-sources/library/case-law/commonlii/LKCA/1929/69.txt,22754,22754,22754,0,,True
commonlii-LKCA-1929-7,commonlii,data/legal-sources/library/case-law/commonlii/LKCA/1929/7.txt,13366,13366,13366,0,,True
commonlii-LKCA-1929-71,commonlii,data/legal-sources/library/case-law/commonlii/LKCA/1929/71.txt,14287,14287,14287,0,,True
commonlii-LKCA-1929-75,commonlii,data/legal-sources/library/case-law/commonlii/LKCA/1929/75.txt,14188,14188,14188,0,,True
commonlii-LKCA-1929-76,commonlii,data/legal-sources/library/case-law/commonlii/LKCA/1929/76.txt,7159,7159,7159,0,,True
commonlii-LKCA-1929-78,commonlii,data/legal-sources/library/case-law/commonlii/LKCA/1929/78.txt,7968,7968,7968,0,,True
commonlii-LKCA-1929-79,commonlii,data/legal-sources/library/case-law/commonlii/LKCA/1929/79.txt,12060,12060,12060,0,,True
commonlii-LKCA-1929-80,commonlii,data/legal-sources/library/case-law/commonlii/LKCA/1929/80.txt,3393,3393,3393,0,,True
commonlii-LKCA-1929-81,commonlii,data/legal-sources/library/case-law/commonlii/LKCA/1929/81.txt,9229,9229,9229,0,,True
commonlii-LKCA-1929-83,commonlii,data/legal-sources/library/case-law/commonlii/LKCA/1929/83.txt,16052,16052,16052,0,,True
commonlii-LKCA-1929-84,commonlii,data/legal-sources/library/case-law/commonlii/LKCA/1929/84.txt,17077,17077,17077,0,,True
commonlii-LKCA-1929-86,commonlii,data/legal-sources/library/case-law/commonlii/LKCA/1929/86.txt,11047,11047,11047,0,,True
commonlii-LKCA-1929-87,commonlii,data/legal-sources/library/case-law/commonlii/LKCA/1929/87.txt,11974,11974,11974,1,replacement_character,False
commonlii-LKCA-1929-9,commonlii,data/legal-sources/library/case-law/commonlii/LKCA/1929/9.txt,8766,8766,8766,0,,True
commonlii-LKCA-1929-91,commonlii,data/legal-sources/library/case-law/commonlii/LKCA/1929/91.txt,37486,37486,37486,1,replacement_character,False
commonlii-LKCA-1929-94,commonlii,data/legal-sources/library/case-law/commonlii/LKCA/1929/94.txt,8338,8338,8338,0,,True
commonlii-LKCA-1929-96,commonlii,data/legal-sources/library/case-law/commonlii/LKCA/1929/96.txt,3929,3929,3929,0,,True
commonlii-LKCA-1930-13,commonlii,data/legal-sources/library/case-law/commonlii/LKCA/1930/13.txt,71235,71235,71235,1,replacement_character,False
commonlii-LKCA-1930-14,commonlii,data/legal-sources/library/case-law/commonlii/LKCA/1930/14.txt,4766,4766,4766,0,,True
commonlii-LKCA-1930-16,commonlii,data/legal-sources/library/case-law/commonlii/LKCA/1930/16.txt,32277,32277,32277,0,,True
commonlii-LKCA-1930-19,commonlii,data/legal-sources/library/case-law/commonlii/LKCA/1930/19.txt,5306,5306,5306,0,,True
commonlii-LKCA-1930-20,commonlii,data/legal-sources/library/case-law/commonlii/LKCA/1930/20.txt,15600,15600,15600,0,,True
commonlii-LKCA-1930-25,commonlii,data/legal-sources/library/case-law/commonlii/LKCA/1930/25.txt,6547,6547,6547,0,,True
commonlii-LKCA-1930-34,commonlii,data/legal-sources/library/case-law/commonlii/LKCA/1930/34.txt,37903,37903,37903,0,,True
commonlii-LKCA-1930-40,commonlii,data/legal-sources/library/case-law/commonlii/LKCA/1930/40.txt,18301,18301,18301,0,,True
commonlii-LKCA-1930-41,commonlii,data/legal-sources/library/case-law/commonlii/LKCA/1930/41.txt,4994,4994,4994,0,,True
commonlii-LKCA-1930-43,commonlii,data/legal-sources/library/case-law/commonlii/LKCA/1930/43.txt,9705,9705,9705,0,,True
commonlii-LKCA-1930-45,commonlii,data/legal-sources/library/case-law/commonlii/LKCA/1930/45.txt,6690,6690,6690,0,,True
commonlii-LKCA-1930-46,commonlii,data/legal-sources/library/case-law/commonlii/LKCA/1930/46.txt,11632,11632,11632,0,,True
commonlii-LKCA-1930-47,commonlii,data/legal-sources/library/case-law/commonlii/LKCA/1930/47.txt,8615,8615,8615,0,,True
commonlii-LKCA-1930-48,commonlii,data/legal-sources/library/case-law/commonlii/LKCA/1930/48.txt,4285,4285,4285,0,,True
commonlii-LKCA-1930-49,commonlii,data/legal-sources/library/case-law/commonlii/LKCA/1930/49.txt,6073,6073,6073,0,,True
commonlii-LKCA-1930-5,commonlii,data/legal-sources/library/case-law/commonlii/LKCA/1930/5.txt,41695,41695,41695,30,replacement_character,False
commonlii-LKCA-1930-53,commonlii,data/legal-sources/library/case-law/commonlii/LKCA/1930/53.txt,8241,8241,8241,0,,True
commonlii-LKCA-1930-55,commonlii,data/legal-sources/library/case-law/commonlii/LKCA/1930/55.txt,9151,9151,9151,0,,True
commonlii-LKCA-1930-56,commonlii,data/legal-sources/library/case-law/commonlii/LKCA/1930/56.txt,6940,6940,6940,0,,True
commonlii-LKCA-1930-59,commonlii,data/legal-sources/library/case-law/commonlii/LKCA/1930/59.txt,12907,12907,12907,0,,True
commonlii-LKCA-1930-60,commonlii,data/legal-sources/library/case-law/commonlii/LKCA/1930/60.txt,19680,19680,19680,0,,True
commonlii-LKCA-1930-61,commonlii,data/legal-sources/library/case-law/commonlii/LKCA/1930/61.txt,9329,9329,9329,0,,True
commonlii-LKCA-1930-62,commonlii,data/legal-sources/library/case-law/commonlii/LKCA/1930/62.txt,3920,3920,3920,0,,True
commonlii-LKCA-1930-63,commonlii,data/legal-sources/library/case-law/commonlii/LKCA/1930/63.txt,11870,11870,11870,0,,True
commonlii-LKCA-1930-64,commonlii,data/legal-sources/library/case-law/commonlii/LKCA/1930/64.txt,6639,6639,6639,0,,True
commonlii-LKCA-1930-65,commonlii,data/legal-sources/library/case-law/commonlii/LKCA/1930/65.txt,7711,7711,7711,0,,True
commonlii-LKCA-1930-67,commonlii,data/legal-sources/library/case-law/commonlii/LKCA/1930/67.txt,3528,3528,3528,0,,True
commonlii-LKCA-1930-7,commonlii,data/legal-sources/library/case-law/commonlii/LKCA/1930/7.txt,4538,4538,4538,17,replacement_character,False
commonlii-LKCA-1930-70,commonlii,data/legal-sources/library/case-law/commonlii/LKCA/1930/70.txt,8107,8107,8107,0,,True
commonlii-LKCA-1930-71,commonlii,data/legal-sources/library/case-law/commonlii/LKCA/1930/71.txt,12999,12999,12999,0,,True
commonlii-LKCA-1930-72,commonlii,data/legal-sources/library/case-law/commonlii/LKCA/1930/72.txt,6478,6478,6478,0,,True
commonlii-LKCA-1930-73,commonlii,data/legal-sources/library/case-law/commonlii/LKCA/1930/73.txt,15403,15403,15403,0,,True
commonlii-LKCA-1930-75,commonlii,data/legal-sources/library/case-law/commonlii/LKCA/1930/75.txt,8371,8371,8371,0,,True
commonlii-LKCA-1930-76,commonlii,data/legal-sources/library/case-law/commonlii/LKCA/1930/76.txt,3946,3946,3946,0,,True
commonlii-LKCA-1930-79,commonlii,data/legal-sources/library/case-law/commonlii/LKCA/1930/79.txt,20866,20866,20866,0,,True
commonlii-LKCA-1930-80,commonlii,data/legal-sources/library/case-law/commonlii/LKCA/1930/80.txt,74861,74861,74861,1,replacement_character,False
commonlii-LKCA-1932-1,commonlii,data/legal-sources/library/case-law/commonlii/LKCA/1932/1.txt,7842,7842,7842,0,,True
commonlii-LKCA-1932-10,commonlii,data/legal-sources/library/case-law/commonlii/LKCA/1932/10.txt,24108,24108,24108,0,,True
commonlii-LKCA-1932-11,commonlii,data/legal-sources/library/case-law/commonlii/LKCA/1932/11.txt,9577,9577,9577,0,,True
commonlii-LKCA-1932-12,commonlii,data/legal-sources/library/case-law/commonlii/LKCA/1932/12.txt,10294,10294,10294,0,,True
commonlii-LKCA-1932-13,commonlii,data/legal-sources/library/case-law/commonlii/LKCA/1932/13.txt,17771,17771,17771,0,,True
commonlii-LKCA-1932-14,commonlii,data/legal-sources/library/case-law/commonlii/LKCA/1932/14.txt,7411,7411,7411,0,,True
commonlii-LKCA-1932-15,commonlii,data/legal-sources/library/case-law/commonlii/LKCA/1932/15.txt,25414,25414,25414,0,,True
commonlii-LKCA-1932-19,commonlii,data/legal-sources/library/case-law/commonlii/LKCA/1932/19.txt,8706,8706,8706,0,,True
commonlii-LKCA-1932-20,commonlii,data/legal-sources/library/case-law/commonlii/LKCA/1932/20.txt,44992,44992,44992,0,,True
commonlii-LKCA-1932-21,commonlii,data/legal-sources/library/case-law/commonlii/LKCA/1932/21.txt,5143,5143,5143,0,,True
commonlii-LKCA-1932-22,commonlii,data/legal-sources/library/case-law/commonlii/LKCA/1932/22.txt,24074,24074,24074,0,,True
commonlii-LKCA-1932-25,commonlii,data/legal-sources/library/case-law/commonlii/LKCA/1932/25.txt,13636,13636,13636,0,,True
commonlii-LKCA-1932-26,commonlii,data/legal-sources/library/case-law/commonlii/LKCA/1932/26.txt,20798,20798,20798,0,,True
commonlii-LKCA-1932-27,commonlii,data/legal-sources/library/case-law/commonlii/LKCA/1932/27.txt,9720,9720,9720,0,,True
commonlii-LKCA-1932-3,commonlii,data/legal-sources/library/case-law/commonlii/LKCA/1932/3.txt,6486,6486,6486,0,,True
commonlii-LKCA-1932-31,commonlii,data/legal-sources/library/case-law/commonlii/LKCA/1932/31.txt,18749,18749,18749,0,,True
commonlii-LKCA-1932-32,commonlii,data/legal-sources/library/case-law/commonlii/LKCA/1932/32.txt,15045,15045,15045,0,,True
commonlii-LKCA-1932-33,commonlii,data/legal-sources/library/case-law/commonlii/LKCA/1932/33.txt,7519,7519,7519,0,,True
commonlii-LKCA-1932-34,commonlii,data/legal-sources/library/case-law/commonlii/LKCA/1932/34.txt,6178,6178,6178,0,,True
commonlii-LKCA-1932-35,commonlii,data/legal-sources/library/case-law/commonlii/LKCA/1932/35.txt,8367,8367,8367,0,,True
commonlii-LKCA-1932-36,commonlii,data/legal-sources/library/case-law/commonlii/LKCA/1932/36.txt,32758,32758,32758,0,,True
commonlii-LKCA-1932-37,commonlii,data/legal-sources/library/case-law/commonlii/LKCA/1932/37.txt,40132,40132,40132,0,,True
commonlii-LKCA-1932-38,commonlii,data/legal-sources/library/case-law/commonlii/LKCA/1932/38.txt,9512,9512,9512,0,,True
commonlii-LKCA-1932-4,commonlii,data/legal-sources/library/case-law/commonlii/LKCA/1932/4.txt,13916,13916,13916,6,replacement_character,False
commonlii-LKCA-1932-42,commonlii,data/legal-sources/library/case-law/commonlii/LKCA/1932/42.txt,34940,34940,34940,0,,True
commonlii-LKCA-1932-44,commonlii,data/legal-sources/library/case-law/commonlii/LKCA/1932/44.txt,10396,10396,10396,0,,True
commonlii-LKCA-1932-48,commonlii,data/legal-sources/library/case-law/commonlii/LKCA/1932/48.txt,40744,40744,40744,0,,True
commonlii-LKCA-1932-49,commonlii,data/legal-sources/library/case-law/commonlii/LKCA/1932/49.txt,8427,8427,8427,2,replacement_character,False
commonlii-LKCA-1932-50,commonlii,data/legal-sources/library/case-law/commonlii/LKCA/1932/50.txt,24737,24737,24737,8,replacement_character,False
commonlii-LKCA-1932-52,commonlii,data/legal-sources/library/case-law/commonlii/LKCA/1932/52.txt,6832,6832,6832,0,,True
commonlii-LKCA-1932-53,commonlii,data/legal-sources/library/case-law/commonlii/LKCA/1932/53.txt,7982,7982,7982,0,,True
commonlii-LKCA-1932-54,commonlii,data/legal-sources/library/case-law/commonlii/LKCA/1932/54.txt,19387,19387,19387,0,,True
commonlii-LKCA-1932-55,commonlii,data/legal-sources/library/case-law/commonlii/LKCA/1932/55.txt,57073,57073,57073,0,,True
commonlii-LKCA-1932-56,commonlii,data/legal-sources/library/case-law/commonlii/LKCA/1932/56.txt,40014,40014,40014,0,,True
commonlii-LKCA-1932-57,commonlii,data/legal-sources/library/case-law/commonlii/LKCA/1932/57.txt,8125,8125,8125,0,,True
commonlii-LKCA-1932-58,commonlii,data/legal-sources/library/case-law/commonlii/LKCA/1932/58.txt,16437,16437,16437,0,,True
commonlii-LKCA-1932-59,commonlii,data/legal-sources/library/case-law/commonlii/LKCA/1932/59.txt,8845,8845,8845,0,,True
commonlii-LKCA-1932-6,commonlii,data/legal-sources/library/case-law/commonlii/LKCA/1932/6.txt,7756,7756,7756,0,,True
commonlii-LKCA-1932-60,commonlii,data/legal-sources/library/case-law/commonlii/LKCA/1932/60.txt,7895,7895,7895,0,,True
commonlii-LKCA-1932-61,commonlii,data/legal-sources/library/case-law/commonlii/LKCA/1932/61.txt,5383,5383,5383,0,,True
commonlii-LKCA-1932-66,commonlii,data/legal-sources/library/case-law/commonlii/LKCA/1932/66.txt,4917,4917,4917,0,,True
commonlii-LKCA-1932-67,commonlii,data/legal-sources/library/case-law/commonlii/LKCA/1932/67.txt,41681,41681,41681,0,,True
commonlii-LKCA-1932-69,commonlii,data/legal-sources/library/case-law/commonlii/LKCA/1932/69.txt,22459,22459,22459,0,,True
commonlii-LKCA-1932-71,commonlii,data/legal-sources/library/case-law/commonlii/LKCA/1932/71.txt,9998,9998,9998,2,replacement_character,False
commonlii-LKCA-1932-8,commonlii,data/legal-sources/library/case-law/commonlii/LKCA/1932/8.txt,15992,15992,15992,0,,True
commonlii-LKCA-1932-9,commonlii,data/legal-sources/library/case-law/commonlii/LKCA/1932/9.txt,7858,7858,7858,0,,True
commonlii-LKCA-1933-10,commonlii,data/legal-sources/library/case-law/commonlii/LKCA/1933/10.txt,37465,37465,37465,0,,True
commonlii-LKCA-1933-12,commonlii,data/legal-sources/library/case-law/commonlii/LKCA/1933/12.txt,33622,33622,33622,0,,True
commonlii-LKCA-1933-13,commonlii,data/legal-sources/library/case-law/commonlii/LKCA/1933/13.txt,23688,23688,23688,0,,True
commonlii-LKCA-1933-14,commonlii,data/legal-sources/library/case-law/commonlii/LKCA/1933/14.txt,16841,16841,16841,0,,True
commonlii-LKCA-1933-15,commonlii,data/legal-sources/library/case-law/commonlii/LKCA/1933/15.txt,9628,9628,9628,0,,True
commonlii-LKCA-1933-17,commonlii,data/legal-sources/library/case-law/commonlii/LKCA/1933/17.txt,14022,14022,14022,0,,True
commonlii-LKCA-1933-19,commonlii,data/legal-sources/library/case-law/commonlii/LKCA/1933/19.txt,4781,4781,4781,0,,True
commonlii-LKCA-1933-20,commonlii,data/legal-sources/library/case-law/commonlii/LKCA/1933/20.txt,13227,13227,13227,0,,True
commonlii-LKCA-1933-24,commonlii,data/legal-sources/library/case-law/commonlii/LKCA/1933/24.txt,25611,25611,25611,0,,True
commonlii-LKCA-1933-25,commonlii,data/legal-sources/library/case-law/commonlii/LKCA/1933/25.txt,13193,13193,13193,0,,True
commonlii-LKCA-1933-26,commonlii,data/legal-sources/library/case-law/commonlii/LKCA/1933/26.txt,13763,13763,13763,0,,True
commonlii-LKCA-1933-27,commonlii,data/legal-sources/library/case-law/commonlii/LKCA/1933/27.txt,109418,109418,109418,0,,True
commonlii-LKCA-1933-29,commonlii,data/legal-sources/library/case-law/commonlii/LKCA/1933/29.txt,49878,49878,49878,0,,True
commonlii-LKCA-1933-3,commonlii,data/legal-sources/library/case-law/commonlii/LKCA/1933/3.txt,16358,16358,16358,9,replacement_character,False
commonlii-LKCA-1933-30,commonlii,data/legal-sources/library/case-law/commonlii/LKCA/1933/30.txt,26640,26640,26640,1,replacement_character,False
commonlii-LKCA-1933-32,commonlii,data/legal-sources/library/case-law/commonlii/LKCA/1933/32.txt,11258,11258,11258,0,,True
commonlii-LKCA-1933-33,commonlii,data/legal-sources/library/case-law/commonlii/LKCA/1933/33.txt,17294,17294,17294,0,,True
commonlii-LKCA-1933-36,commonlii,data/legal-sources/library/case-law/commonlii/LKCA/1933/36.txt,15199,15199,15199,0,,True
commonlii-LKCA-1933-4,commonlii,data/legal-sources/library/case-law/commonlii/LKCA/1933/4.txt,105091,105091,105091,0,,True
commonlii-LKCA-1933-40,commonlii,data/legal-sources/library/case-law/commonlii/LKCA/1933/40.txt,10396,10396,10396,0,,True
commonlii-LKCA-1933-41,commonlii,data/legal-sources/library/case-law/commonlii/LKCA/1933/41.txt,55720,55720,55720,0,,True
commonlii-LKCA-1933-42,commonlii,data/legal-sources/library/case-law/commonlii/LKCA/1933/42.txt,10990,10990,10990,0,,True
commonlii-LKCA-1933-43,commonlii,data/legal-sources/library/case-law/commonlii/LKCA/1933/43.txt,13219,13219,13219,0,,True
commonlii-LKCA-1933-44,commonlii,data/legal-sources/library/case-law/commonlii/LKCA/1933/44.txt,6981,6981,6981,0,,True
commonlii-LKCA-1933-45,commonlii,data/legal-sources/library/case-law/commonlii/LKCA/1933/45.txt,8460,8460,8460,0,,True
commonlii-LKCA-1933-47,commonlii,data/legal-sources/library/case-law/commonlii/LKCA/1933/47.txt,104493,104493,104493,0,,True
commonlii-LKCA-1933-5,commonlii,data/legal-sources/library/case-law/commonlii/LKCA/1933/5.txt,3571,3571,3571,0,,True
commonlii-LKCA-1933-50,commonlii,data/legal-sources/library/case-law/commonlii/LKCA/1933/50.txt,3635,3635,3635,0,,True
commonlii-LKCA-1933-51,commonlii,data/legal-sources/library/case-law/commonlii/LKCA/1933/51.txt,6175,6175,6175,0,,True
commonlii-LKCA-1933-53,commonlii,data/legal-sources/library/case-law/commonlii/LKCA/1933/53.txt,8021,8021,8021,0,,True
commonlii-LKCA-1933-54,commonlii,data/legal-sources/library/case-law/commonlii/LKCA/1933/54.txt,4612,4612,4612,0,,True
commonlii-LKCA-1933-55,commonlii,data/legal-sources/library/case-law/commonlii/LKCA/1933/55.txt,13771,13771,13771,0,,True
commonlii-LKCA-1933-57,commonlii,data/legal-sources/library/case-law/commonlii/LKCA/1933/57.txt,23006,23006,23006,0,,True
commonlii-LKCA-1933-58,commonlii,data/legal-sources/library/case-law/commonlii/LKCA/1933/58.txt,11892,11892,11892,3,replacement_character,False
commonlii-LKCA-1933-60,commonlii,data/legal-sources/library/case-law/commonlii/LKCA/1933/60.txt,49424,49424,49424,1,replacement_character,False
commonlii-LKCA-1933-61,commonlii,data/legal-sources/library/case-law/commonlii/LKCA/1933/61.txt,11140,11140,11140,5,replacement_character,False
commonlii-LKCA-1933-62,commonlii,data/legal-sources/library/case-law/commonlii/LKCA/1933/62.txt,11233,11233,11233,0,,True
commonlii-LKCA-1933-63,commonlii,data/legal-sources/library/case-law/commonlii/LKCA/1933/63.txt,9455,9455,9455,0,,True
commonlii-LKCA-1933-64,commonlii,data/legal-sources/library/case-law/commonlii/LKCA/1933/64.txt,10859,10859,10859,0,,True
commonlii-LKCA-1933-66,commonlii,data/legal-sources/library/case-law/commonlii/LKCA/1933/66.txt,18567,18567,18567,0,,True
commonlii-LKCA-1933-8,commonlii,data/legal-sources/library/case-law/commonlii/LKCA/1933/8.txt,6984,6984,6984,0,,True
commonlii-LKCA-1933-9,commonlii,data/legal-sources/library/case-law/commonlii/LKCA/1933/9.txt,6107,6107,6107,0,,True
commonlii-LKCA-1934-1,commonlii,data/legal-sources/library/case-law/commonlii/LKCA/1934/1.txt,9174,9174,9174,0,,True
commonlii-LKCA-1934-10,commonlii,data/legal-sources/library/case-law/commonlii/LKCA/1934/10.txt,106313,106313,106313,0,,True
commonlii-LKCA-1934-11,commonlii,data/legal-sources/library/case-law/commonlii/LKCA/1934/11.txt,7728,7728,7728,0,,True
commonlii-LKCA-1934-14,commonlii,data/legal-sources/library/case-law/commonlii/LKCA/1934/14.txt,22366,22366,22366,0,,True
commonlii-LKCA-1934-2,commonlii,data/legal-sources/library/case-law/commonlii/LKCA/1934/2.txt,15422,15422,15422,56,replacement_character,False
commonlii-LKCA-1934-22,commonlii,data/legal-sources/library/case-law/commonlii/LKCA/1934/22.txt,70561,70561,70561,0,,True
commonlii-LKCA-1934-26,commonlii,data/legal-sources/library/case-law/commonlii/LKCA/1934/26.txt,40723,40723,40723,1,replacement_character,False
commonlii-LKCA-1934-27,commonlii,data/legal-sources/library/case-law/commonlii/LKCA/1934/27.txt,28422,28422,28422,1,replacement_character,False
commonlii-LKCA-1934-29,commonlii,data/legal-sources/library/case-law/commonlii/LKCA/1934/29.txt,7526,7526,7526,0,,True
commonlii-LKCA-1934-32,commonlii,data/legal-sources/library/case-law/commonlii/LKCA/1934/32.txt,8653,8653,8653,0,,True
commonlii-LKCA-1934-35,commonlii,data/legal-sources/library/case-law/commonlii/LKCA/1934/35.txt,5097,5097,5097,0,,True
commonlii-LKCA-1934-36,commonlii,data/legal-sources/library/case-law/commonlii/LKCA/1934/36.txt,7238,7238,7238,0,,True
commonlii-LKCA-1934-37,commonlii,data/legal-sources/library/case-law/commonlii/LKCA/1934/37.txt,13832,13832,13832,0,,True
commonlii-LKCA-1934-38,commonlii,data/legal-sources/library/case-law/commonlii/LKCA/1934/38.txt,3577,3577,3577,0,,True
commonlii-LKCA-1934-39,commonlii,data/legal-sources/library/case-law/commonlii/LKCA/1934/39.txt,7766,7766,7766,1,replacement_character,False
commonlii-LKCA-1934-4,commonlii,data/legal-sources/library/case-law/commonlii/LKCA/1934/4.txt,20518,20518,20518,0,,True
commonlii-LKCA-1934-40,commonlii,data/legal-sources/library/case-law/commonlii/LKCA/1934/40.txt,30548,30548,30548,0,,True
commonlii-LKCA-1934-41,commonlii,data/legal-sources/library/case-law/commonlii/LKCA/1934/41.txt,4452,4452,4452,0,,True
commonlii-LKCA-1934-42,commonlii,data/legal-sources/library/case-law/commonlii/LKCA/1934/42.txt,6853,6853,6853,0,,True
commonlii-LKCA-1934-43,commonlii,data/legal-sources/library/case-law/commonlii/LKCA/1934/43.txt,7883,7883,7883,0,,True
commonlii-LKCA-1934-44,commonlii,data/legal-sources/library/case-law/commonlii/LKCA/1934/44.txt,32803,32803,32803,3,replacement_character,False
commonlii-LKCA-1934-45,commonlii,data/legal-sources/library/case-law/commonlii/LKCA/1934/45.txt,14664,14664,14664,0,,True
commonlii-LKCA-1934-47,commonlii,data/legal-sources/library/case-law/commonlii/LKCA/1934/47.txt,7328,7328,7328,0,,True
commonlii-LKCA-1934-48,commonlii,data/legal-sources/library/case-law/commonlii/LKCA/1934/48.txt,7320,7320,7320,0,,True
commonlii-LKCA-1934-49,commonlii,data/legal-sources/library/case-law/commonlii/LKCA/1934/49.txt,35338,35338,35338,0,,True
commonlii-LKCA-1934-5,commonlii,data/legal-sources/library/case-law/commonlii/LKCA/1934/5.txt,7561,7561,7561,0,,True
commonlii-LKCA-1934-50,commonlii,data/legal-sources/library/case-law/commonlii/LKCA/1934/50.txt,12339,12339,12339,0,,True
commonlii-LKCA-1934-51,commonlii,data/legal-sources/library/case-law/commonlii/LKCA/1934/51.txt,9275,9275,9275,0,,True
commonlii-LKCA-1934-52,commonlii,data/legal-sources/library/case-law/commonlii/LKCA/1934/52.txt,75465,75465,75465,0,,True
commonlii-LKCA-1934-54,commonlii,data/legal-sources/library/case-law/commonlii/LKCA/1934/54.txt,10509,10509,10509,0,,True
commonlii-LKCA-1934-58,commonlii,data/legal-sources/library/case-law/commonlii/LKCA/1934/58.txt,7973,7973,7973,0,,True
commonlii-LKCA-1934-60,commonlii,data/legal-sources/library/case-law/commonlii/LKCA/1934/60.txt,15776,15776,15776,0,,True
commonlii-LKCA-1934-61,commonlii,data/legal-sources/library/case-law/commonlii/LKCA/1934/61.txt,6110,6110,6110,0,,True
commonlii-LKCA-1934-62,commonlii,data/legal-sources/library/case-law/commonlii/LKCA/1934/62.txt,20193,20193,20193,17,replacement_character,False
commonlii-LKCA-1934-63,commonlii,data/legal-sources/library/case-law/commonlii/LKCA/1934/63.txt,9351,9351,9351,0,,True
commonlii-LKCA-1934-66,commonlii,data/legal-sources/library/case-law/commonlii/LKCA/1934/66.txt,25565,25565,25565,0,,True
commonlii-LKCA-1934-68,commonlii,data/legal-sources/library/case-law/commonlii/LKCA/1934/68.txt,11398,11398,11398,3,replacement_character,False
commonlii-LKCA-1935-1,commonlii,data/legal-sources/library/case-law/commonlii/LKCA/1935/1.txt,7282,7282,7282,0,,True
commonlii-LKCA-1935-11,commonlii,data/legal-sources/library/case-law/commonlii/LKCA/1935/11.txt,23966,23966,23966,0,,True
commonlii-LKCA-1935-12,commonlii,data/legal-sources/library/case-law/commonlii/LKCA/1935/12.txt,8798,8798,8798,0,,True
commonlii-LKCA-1935-13,commonlii,data/legal-sources/library/case-law/commonlii/LKCA/1935/13.txt,47662,47662,47662,0,,True
commonlii-LKCA-1935-16,commonlii,data/legal-sources/library/case-law/commonlii/LKCA/1935/16.txt,14548,14548,14548,0,,True
commonlii-LKCA-1935-18,commonlii,data/legal-sources/library/case-law/commonlii/LKCA/1935/18.txt,6159,6159,6159,0,,True
commonlii-LKCA-1935-19,commonlii,data/legal-sources/library/case-law/commonlii/LKCA/1935/19.txt,13153,13153,13153,0,,True
commonlii-LKCA-1935-2,commonlii,data/legal-sources/library/case-law/commonlii/LKCA/1935/2.txt,14533,14533,14533,0,,True
commonlii-LKCA-1935-20,commonlii,data/legal-sources/library/case-law/commonlii/LKCA/1935/20.txt,5713,5713,5713,0,,True
commonlii-LKCA-1935-23,commonlii,data/legal-sources/library/case-law/commonlii/LKCA/1935/23.txt,15568,15568,15568,0,,True
commonlii-LKCA-1935-27,commonlii,data/legal-sources/library/case-law/commonlii/LKCA/1935/27.txt,8752,8752,8752,0,,True
commonlii-LKCA-1935-28,commonlii,data/legal-sources/library/case-law/commonlii/LKCA/1935/28.txt,7331,7331,7331,0,,True
commonlii-LKCA-1935-3,commonlii,data/legal-sources/library/case-law/commonlii/LKCA/1935/3.txt,7545,7545,7545,0,,True
commonlii-LKCA-1935-30,commonlii,data/legal-sources/library/case-law/commonlii/LKCA/1935/30.txt,11319,11319,11319,0,,True
commonlii-LKCA-1935-31,commonlii,data/legal-sources/library/case-law/commonlii/LKCA/1935/31.txt,11386,11386,11386,0,,True
commonlii-LKCA-1935-34,commonlii,data/legal-sources/library/case-law/commonlii/LKCA/1935/34.txt,11613,11613,11613,0,,True
commonlii-LKCA-1935-35,commonlii,data/legal-sources/library/case-law/commonlii/LKCA/1935/35.txt,20097,20097,20097,0,,True
commonlii-LKCA-1935-36,commonlii,data/legal-sources/library/case-law/commonlii/LKCA/1935/36.txt,12080,12080,12080,0,,True
commonlii-LKCA-1935-38,commonlii,data/legal-sources/library/case-law/commonlii/LKCA/1935/38.txt,8041,8041,8041,0,,True
commonlii-LKCA-1935-39,commonlii,data/legal-sources/library/case-law/commonlii/LKCA/1935/39.txt,61790,61790,61790,0,,True
commonlii-LKCA-1935-40,commonlii,data/legal-sources/library/case-law/commonlii/LKCA/1935/40.txt,10662,10662,10662,10,replacement_character,False
commonlii-LKCA-1935-41,commonlii,data/legal-sources/library/case-law/commonlii/LKCA/1935/41.txt,10448,10448,10448,0,,True
commonlii-LKCA-1935-44,commonlii,data/legal-sources/library/case-law/commonlii/LKCA/1935/44.txt,10392,10392,10392,0,,True
commonlii-LKCA-1935-45,commonlii,data/legal-sources/library/case-law/commonlii/LKCA/1935/45.txt,4626,4626,4626,0,,True
commonlii-LKCA-1935-49,commonlii,data/legal-sources/library/case-law/commonlii/LKCA/1935/49.txt,20292,20292,20292,0,,True
commonlii-LKCA-1935-5,commonlii,data/legal-sources/library/case-law/commonlii/LKCA/1935/5.txt,10144,10144,10144,8,replacement_character,False
commonlii-LKCA-1935-51,commonlii,data/legal-sources/library/case-law/commonlii/LKCA/1935/51.txt,73449,73449,73449,1,replacement_character,False
commonlii-LKCA-1935-57,commonlii,data/legal-sources/library/case-law/commonlii/LKCA/1935/57.txt,7954,7954,7954,0,,True
commonlii-LKCA-1935-58,commonlii,data/legal-sources/library/case-law/commonlii/LKCA/1935/58.txt,27705,27705,27705,0,,True
commonlii-LKCA-1935-59,commonlii,data/legal-sources/library/case-law/commonlii/LKCA/1935/59.txt,13167,13167,13167,0,,True
commonlii-LKCA-1935-61,commonlii,data/legal-sources/library/case-law/commonlii/LKCA/1935/61.txt,17145,17145,17145,61,replacement_character,False
commonlii-LKCA-1935-9,commonlii,data/legal-sources/library/case-law/commonlii/LKCA/1935/9.txt,6600,6600,6600,0,,True
commonlii-LKCA-1936-11,commonlii,data/legal-sources/library/case-law/commonlii/LKCA/1936/11.txt,9614,9614,9614,0,,True
commonlii-LKCA-1936-14,commonlii,data/legal-sources/library/case-law/commonlii/LKCA/1936/14.txt,8032,8032,8032,0,,True
commonlii-LKCA-1936-16,commonlii,data/legal-sources/library/case-law/commonlii/LKCA/1936/16.txt,24543,24543,24543,0,,True
commonlii-LKCA-1936-19,commonlii,data/legal-sources/library/case-law/commonlii/LKCA/1936/19.txt,8669,8669,8669,0,,True
commonlii-LKCA-1936-22,commonlii,data/legal-sources/library/case-law/commonlii/LKCA/1936/22.txt,13795,13795,13795,0,,True
commonlii-LKCA-1936-23,commonlii,data/legal-sources/library/case-law/commonlii/LKCA/1936/23.txt,16448,16448,16448,14,replacement_character,False
commonlii-LKCA-1936-24,commonlii,data/legal-sources/library/case-law/commonlii/LKCA/1936/24.txt,8791,8791,8791,0,,True
commonlii-LKCA-1936-27,commonlii,data/legal-sources/library/case-law/commonlii/LKCA/1936/27.txt,57993,57993,57993,1,replacement_character,False
commonlii-LKCA-1936-28,commonlii,data/legal-sources/library/case-law/commonlii/LKCA/1936/28.txt,12344,12344,12344,6,replacement_character,False
commonlii-LKCA-1936-30,commonlii,data/legal-sources/library/case-law/commonlii/LKCA/1936/30.txt,16858,16858,16858,0,,True
commonlii-LKCA-1936-31,commonlii,data/legal-sources/library/case-law/commonlii/LKCA/1936/31.txt,19158,19158,19158,0,,True
commonlii-LKCA-1936-32,commonlii,data/legal-sources/library/case-law/commonlii/LKCA/1936/32.txt,25010,25010,25010,0,,True
commonlii-LKCA-1936-33,commonlii,data/legal-sources/library/case-law/commonlii/LKCA/1936/33.txt,11934,11934,11934,0,,True
commonlii-LKCA-1936-34,commonlii,data/legal-sources/library/case-law/commonlii/LKCA/1936/34.txt,8229,8229,8229,0,,True
commonlii-LKCA-1936-36,commonlii,data/legal-sources/library/case-law/commonlii/LKCA/1936/36.txt,10699,10699,10699,0,,True
commonlii-LKCA-1936-4,commonlii,data/legal-sources/library/case-law/commonlii/LKCA/1936/4.txt,5224,5224,5224,0,,True
commonlii-LKCA-1936-40,commonlii,data/legal-sources/library/case-law/commonlii/LKCA/1936/40.txt,8536,8536,8536,0,,True
commonlii-LKCA-1936-44,commonlii,data/legal-sources/library/case-law/commonlii/LKCA/1936/44.txt,27599,27599,27599,0,,True
commonlii-LKCA-1936-45,commonlii,data/legal-sources/library/case-law/commonlii/LKCA/1936/45.txt,9768,9768,9768,0,,True
commonlii-LKCA-1936-47,commonlii,data/legal-sources/library/case-law/commonlii/LKCA/1936/47.txt,37066,37066,37066,0,,True
commonlii-LKCA-1936-48,commonlii,data/legal-sources/library/case-law/commonlii/LKCA/1936/48.txt,18792,18792,18792,0,,True
commonlii-LKCA-1936-49,commonlii,data/legal-sources/library/case-law/commonlii/LKCA/1936/49.txt,19382,19382,19382,0,,True
commonlii-LKCA-1936-5,commonlii,data/legal-sources/library/case-law/commonlii/LKCA/1936/5.txt,28796,28796,28796,49,replacement_character,False
commonlii-LKCA-1936-50,commonlii,data/legal-sources/library/case-law/commonlii/LKCA/1936/50.txt,17721,17721,17721,0,,True
commonlii-LKCA-1936-51,commonlii,data/legal-sources/library/case-law/commonlii/LKCA/1936/51.txt,8193,8193,8193,2,replacement_character,False
commonlii-LKCA-1936-52,commonlii,data/legal-sources/library/case-law/commonlii/LKCA/1936/52.txt,9923,9923,9923,0,,True
commonlii-LKCA-1936-55,commonlii,data/legal-sources/library/case-law/commonlii/LKCA/1936/55.txt,37528,37528,37528,0,,True
commonlii-LKCA-1936-56,commonlii,data/legal-sources/library/case-law/commonlii/LKCA/1936/56.txt,14689,14689,14689,0,,True
commonlii-LKCA-1936-57,commonlii,data/legal-sources/library/case-law/commonlii/LKCA/1936/57.txt,11952,11952,11952,0,,True
commonlii-LKCA-1936-58,commonlii,data/legal-sources/library/case-law/commonlii/LKCA/1936/58.txt,5143,5143,5143,0,,True
commonlii-LKCA-1936-60,commonlii,data/legal-sources/library/case-law/commonlii/LKCA/1936/60.txt,49101,49101,49101,0,,True
commonlii-LKCA-1936-61,commonlii,data/legal-sources/library/case-law/commonlii/LKCA/1936/61.txt,19950,19950,19950,19,replacement_character,False
commonlii-LKCA-1936-62,commonlii,data/legal-sources/library/case-law/commonlii/LKCA/1936/62.txt,6493,6493,6493,0,,True
commonlii-LKCA-1936-63,commonlii,data/legal-sources/library/case-law/commonlii/LKCA/1936/63.txt,25549,25549,25549,0,,True
commonlii-LKCA-1936-64,commonlii,data/legal-sources/library/case-law/commonlii/LKCA/1936/64.txt,16567,16567,16567,0,,True
commonlii-LKCA-1936-65,commonlii,data/legal-sources/library/case-law/commonlii/LKCA/1936/65.txt,22492,22492,22492,3,replacement_character,False
commonlii-LKCA-1936-69,commonlii,data/legal-sources/library/case-law/commonlii/LKCA/1936/69.txt,12715,12715,12715,0,,True
commonlii-LKCA-1936-72,commonlii,data/legal-sources/library/case-law/commonlii/LKCA/1936/72.txt,9157,9157,9157,0,,True
commonlii-LKCA-1936-74,commonlii,data/legal-sources/library/case-law/commonlii/LKCA/1936/74.txt,14332,14332,14332,0,,True
commonlii-LKCA-1936-8,commonlii,data/legal-sources/library/case-law/commonlii/LKCA/1936/8.txt,8837,8837,8837,0,,True
commonlii-LKCA-1937-1,commonlii,data/legal-sources/library/case-law/commonlii/LKCA/1937/1.txt,15632,15632,15632,1,replacement_character,False
commonlii-LKCA-1937-11,commonlii,data/legal-sources/library/case-law/commonlii/LKCA/1937/11.txt,6690,6690,6690,0,,True
commonlii-LKCA-1937-14,commonlii,data/legal-sources/library/case-law/commonlii/LKCA/1937/14.txt,10570,10570,10570,0,,True
commonlii-LKCA-1937-15,commonlii,data/legal-sources/library/case-law/commonlii/LKCA/1937/15.txt,8033,8033,8033,0,,True
commonlii-LKCA-1937-17,commonlii,data/legal-sources/library/case-law/commonlii/LKCA/1937/17.txt,14724,14724,14724,0,,True
commonlii-LKCA-1937-18,commonlii,data/legal-sources/library/case-law/commonlii/LKCA/1937/18.txt,10995,10995,10995,2,replacement_character,False
commonlii-LKCA-1937-2,commonlii,data/legal-sources/library/case-law/commonlii/LKCA/1937/2.txt,12956,12956,12956,0,,True
commonlii-LKCA-1937-20,commonlii,data/legal-sources/library/case-law/commonlii/LKCA/1937/20.txt,16075,16075,16075,14,replacement_character,False
commonlii-LKCA-1937-21,commonlii,data/legal-sources/library/case-law/commonlii/LKCA/1937/21.txt,12688,12688,12688,6,replacement_character,False
commonlii-LKCA-1937-22,commonlii,data/legal-sources/library/case-law/commonlii/LKCA/1937/22.txt,11012,11012,11012,0,,True
commonlii-LKCA-1937-23,commonlii,data/legal-sources/library/case-law/commonlii/LKCA/1937/23.txt,9916,9916,9916,6,replacement_character,False
commonlii-LKCA-1937-27,commonlii,data/legal-sources/library/case-law/commonlii/LKCA/1937/27.txt,4420,4420,4420,0,,True
commonlii-LKCA-1937-28,commonlii,data/legal-sources/library/case-law/commonlii/LKCA/1937/28.txt,8647,8647,8647,0,,True
commonlii-LKCA-1937-3,commonlii,data/legal-sources/library/case-law/commonlii/LKCA/1937/3.txt,14602,14602,14602,11,replacement_character,False
commonlii-LKCA-1937-30,commonlii,data/legal-sources/library/case-law/commonlii/LKCA/1937/30.txt,18309,18309,18309,1,replacement_character,False
commonlii-LKCA-1937-33,commonlii,data/legal-sources/library/case-law/commonlii/LKCA/1937/33.txt,15466,15466,15466,0,,True
commonlii-LKCA-1937-34,commonlii,data/legal-sources/library/case-law/commonlii/LKCA/1937/34.txt,9371,9371,9371,0,,True
commonlii-LKCA-1937-36,commonlii,data/legal-sources/library/case-law/commonlii/LKCA/1937/36.txt,20192,20192,20192,0,,True
commonlii-LKCA-1937-37,commonlii,data/legal-sources/library/case-law/commonlii/LKCA/1937/37.txt,2106,2106,2106,0,,True
commonlii-LKCA-1937-39,commonlii,data/legal-sources/library/case-law/commonlii/LKCA/1937/39.txt,11126,11126,11126,0,,True
commonlii-LKCA-1937-4,commonlii,data/legal-sources/library/case-law/commonlii/LKCA/1937/4.txt,10769,10769,10769,3,replacement_character,False
commonlii-LKCA-1937-42,commonlii,data/legal-sources/library/case-law/commonlii/LKCA/1937/42.txt,22212,22212,22212,4,replacement_character,False
commonlii-LKCA-1937-43,commonlii,data/legal-sources/library/case-law/commonlii/LKCA/1937/43.txt,8442,8442,8442,0,,True
commonlii-LKCA-1937-44,commonlii,data/legal-sources/library/case-law/commonlii/LKCA/1937/44.txt,6753,6753,6753,0,,True
commonlii-LKCA-1937-46,commonlii,data/legal-sources/library/case-law/commonlii/LKCA/1937/46.txt,12908,12908,12908,0,,True
commonlii-LKCA-1937-47,commonlii,data/legal-sources/library/case-law/commonlii/LKCA/1937/47.txt,27724,27724,27724,0,,True
commonlii-LKCA-1937-48,commonlii,data/legal-sources/library/case-law/commonlii/LKCA/1937/48.txt,14138,14138,14138,0,,True
commonlii-LKCA-1937-50,commonlii,data/legal-sources/library/case-law/commonlii/LKCA/1937/50.txt,7805,7805,7805,0,,True
commonlii-LKCA-1937-51,commonlii,data/legal-sources/library/case-law/commonlii/LKCA/1937/51.txt,6698,6698,6698,7,replacement_character,False
commonlii-LKCA-1937-53,commonlii,data/legal-sources/library/case-law/commonlii/LKCA/1937/53.txt,23157,23157,23157,9,replacement_character,False
commonlii-LKCA-1937-55,commonlii,data/legal-sources/library/case-law/commonlii/LKCA/1937/55.txt,57313,57313,57313,116,replacement_character,False
commonlii-LKCA-1937-6,commonlii,data/legal-sources/library/case-law/commonlii/LKCA/1937/6.txt,33210,33210,33210,0,,True
commonlii-LKCA-1937-60,commonlii,data/legal-sources/library/case-law/commonlii/LKCA/1937/60.txt,8545,8545,8545,0,,True
commonlii-LKCA-1937-61,commonlii,data/legal-sources/library/case-law/commonlii/LKCA/1937/61.txt,3224,3224,3224,0,,True
commonlii-LKCA-1937-64,commonlii,data/legal-sources/library/case-law/commonlii/LKCA/1937/64.txt,7268,7268,7268,0,,True
commonlii-LKCA-1937-65,commonlii,data/legal-sources/library/case-law/commonlii/LKCA/1937/65.txt,8262,8262,8262,0,,True
commonlii-LKCA-1937-66,commonlii,data/legal-sources/library/case-law/commonlii/LKCA/1937/66.txt,5840,5840,5840,0,,True
commonlii-LKCA-1937-68,commonlii,data/legal-sources/library/case-law/commonlii/LKCA/1937/68.txt,11233,11233,11233,7,replacement_character,False
commonlii-LKCA-1937-69,commonlii,data/legal-sources/library/case-law/commonlii/LKCA/1937/69.txt,8761,8761,8761,4,replacement_character,False
commonlii-LKCA-1937-70,commonlii,data/legal-sources/library/case-law/commonlii/LKCA/1937/70.txt,7415,7415,7415,0,,True
commonlii-LKCA-1937-71,commonlii,data/legal-sources/library/case-law/commonlii/LKCA/1937/71.txt,7909,7909,7909,0,,True
commonlii-LKCA-1937-72,commonlii,data/legal-sources/library/case-law/commonlii/LKCA/1937/72.txt,26861,26861,26861,0,,True
commonlii-LKCA-1937-73,commonlii,data/legal-sources/library/case-law/commonlii/LKCA/1937/73.txt,12403,12403,12403,0,,True
commonlii-LKCA-1937-75,commonlii,data/legal-sources/library/case-law/commonlii/LKCA/1937/75.txt,10888,10888,10888,7,replacement_character,False
commonlii-LKCA-1937-76,commonlii,data/legal-sources/library/case-law/commonlii/LKCA/1937/76.txt,13682,13682,13682,0,,True
commonlii-LKCA-1937-77,commonlii,data/legal-sources/library/case-law/commonlii/LKCA/1937/77.txt,13223,13223,13223,0,,True
commonlii-LKCA-1937-8,commonlii,data/legal-sources/library/case-law/commonlii/LKCA/1937/8.txt,17100,17100,17100,0,,True
commonlii-LKCA-1937-81,commonlii,data/legal-sources/library/case-law/commonlii/LKCA/1937/81.txt,8717,8717,8717,0,,True
commonlii-LKCA-1937-82,commonlii,data/legal-sources/library/case-law/commonlii/LKCA/1937/82.txt,17316,17316,17316,0,,True
commonlii-LKCA-1937-84,commonlii,data/legal-sources/library/case-law/commonlii/LKCA/1937/84.txt,11100,11100,11100,0,,True
commonlii-LKCA-1937-85,commonlii,data/legal-sources/library/case-law/commonlii/LKCA/1937/85.txt,10334,10334,10334,10,replacement_character,False
commonlii-LKCA-1937-88,commonlii,data/legal-sources/library/case-law/commonlii/LKCA/1937/88.txt,12232,12232,12232,0,,True
commonlii-LKCA-1937-9,commonlii,data/legal-sources/library/case-law/commonlii/LKCA/1937/9.txt,5390,5390,5390,0,,True
commonlii-LKCA-1937-91,commonlii,data/legal-sources/library/case-law/commonlii/LKCA/1937/91.txt,21034,21034,21034,0,,True
commonlii-LKCA-1937-92,commonlii,data/legal-sources/library/case-law/commonlii/LKCA/1937/92.txt,14051,14051,14051,0,,True
commonlii-LKCA-1938-1,commonlii,data/legal-sources/library/case-law/commonlii/LKCA/1938/1.txt,33633,33633,33633,43,replacement_character,False
commonlii-LKCA-1938-10,commonlii,data/legal-sources/library/case-law/commonlii/LKCA/1938/10.txt,28077,28077,28077,0,,True
commonlii-LKCA-1938-16,commonlii,data/legal-sources/library/case-law/commonlii/LKCA/1938/16.txt,9869,9869,9869,0,,True
commonlii-LKCA-1938-19,commonlii,data/legal-sources/library/case-law/commonlii/LKCA/1938/19.txt,11462,11462,11462,7,replacement_character,False
commonlii-LKCA-1938-2,commonlii,data/legal-sources/library/case-law/commonlii/LKCA/1938/2.txt,14446,14446,14446,30,replacement_character,False
commonlii-LKCA-1938-20,commonlii,data/legal-sources/library/case-law/commonlii/LKCA/1938/20.txt,14655,14655,14655,6,replacement_character,False
commonlii-LKCA-1938-21,commonlii,data/legal-sources/library/case-law/commonlii/LKCA/1938/21.txt,7511,7511,7511,13,replacement_character,False
commonlii-LKCA-1938-22,commonlii,data/legal-sources/library/case-law/commonlii/LKCA/1938/22.txt,14030,14030,14030,16,replacement_character,False
commonlii-LKCA-1938-23,commonlii,data/legal-sources/library/case-law/commonlii/LKCA/1938/23.txt,9947,9947,9947,12,replacement_character,False
commonlii-LKCA-1938-25,commonlii,data/legal-sources/library/case-law/commonlii/LKCA/1938/25.txt,9031,9031,9031,3,replacement_character,False
commonlii-LKCA-1938-26,commonlii,data/legal-sources/library/case-law/commonlii/LKCA/1938/26.txt,8108,8108,8108,0,,True
commonlii-LKCA-1938-30,commonlii,data/legal-sources/library/case-law/commonlii/LKCA/1938/30.txt,24088,24088,24088,10,replacement_character,False
commonlii-LKCA-1938-32,commonlii,data/legal-sources/library/case-law/commonlii/LKCA/1938/32.txt,39130,39130,39130,39,replacement_character,False
commonlii-LKCA-1938-33,commonlii,data/legal-sources/library/case-law/commonlii/LKCA/1938/33.txt,9815,9815,9815,7,replacement_character,False
commonlii-LKCA-1938-36,commonlii,data/legal-sources/library/case-law/commonlii/LKCA/1938/36.txt,6878,6878,6878,1,replacement_character,False
commonlii-LKCA-1938-37,commonlii,data/legal-sources/library/case-law/commonlii/LKCA/1938/37.txt,11160,11160,11160,28,replacement_character,False
commonlii-LKCA-1938-39,commonlii,data/legal-sources/library/case-law/commonlii/LKCA/1938/39.txt,28750,28750,28750,1,replacement_character,False
commonlii-LKCA-1938-41,commonlii,data/legal-sources/library/case-law/commonlii/LKCA/1938/41.txt,30764,30764,30764,22,replacement_character,False
commonlii-LKCA-1938-47,commonlii,data/legal-sources/library/case-law/commonlii/LKCA/1938/47.txt,13048,13048,13048,14,replacement_character,False
commonlii-LKCA-1938-48,commonlii,data/legal-sources/library/case-law/commonlii/LKCA/1938/48.txt,32778,32778,32778,44,replacement_character,False
commonlii-LKCA-1938-5,commonlii,data/legal-sources/library/case-law/commonlii/LKCA/1938/5.txt,6733,6733,6733,9,replacement_character,False
commonlii-LKCA-1938-51,commonlii,data/legal-sources/library/case-law/commonlii/LKCA/1938/51.txt,6133,6133,6133,5,replacement_character,False
commonlii-LKCA-1938-52,commonlii,data/legal-sources/library/case-law/commonlii/LKCA/1938/52.txt,17589,17589,17589,51,replacement_character,False
commonlii-LKCA-1938-53,commonlii,data/legal-sources/library/case-law/commonlii/LKCA/1938/53.txt,15191,15191,15191,27,replacement_character,False
commonlii-LKCA-1938-55,commonlii,data/legal-sources/library/case-law/commonlii/LKCA/1938/55.txt,8432,8432,8432,8,replacement_character,False
commonlii-LKCA-1938-56,commonlii,data/legal-sources/library/case-law/commonlii/LKCA/1938/56.txt,40424,40424,40424,48,replacement_character,False
commonlii-LKCA-1938-58,commonlii,data/legal-sources/library/case-law/commonlii/LKCA/1938/58.txt,7200,7200,7200,4,replacement_character,False
commonlii-LKCA-1938-59,commonlii,data/legal-sources/library/case-law/commonlii/LKCA/1938/59.txt,9214,9214,9214,8,replacement_character,False
commonlii-LKCA-1938-60,commonlii,data/legal-sources/library/case-law/commonlii/LKCA/1938/60.txt,7736,7736,7736,6,replacement_character,False
commonlii-LKCA-1938-61,commonlii,data/legal-sources/library/case-law/commonlii/LKCA/1938/61.txt,18245,18245,18245,16,replacement_character,False
commonlii-LKCA-1938-64,commonlii,data/legal-sources/library/case-law/commonlii/LKCA/1938/64.txt,12319,12319,12319,31,replacement_character,False
commonlii-LKCA-1938-72,commonlii,data/legal-sources/library/case-law/commonlii/LKCA/1938/72.txt,34680,34680,34680,31,replacement_character,False
commonlii-LKCA-1938-73,commonlii,data/legal-sources/library/case-law/commonlii/LKCA/1938/73.txt,9707,9707,9707,9,replacement_character,False
commonlii-LKCA-1938-74,commonlii,data/legal-sources/library/case-law/commonlii/LKCA/1938/74.txt,38311,38311,38311,60,replacement_character,False
commonlii-LKCA-1938-76,commonlii,data/legal-sources/library/case-law/commonlii/LKCA/1938/76.txt,6138,6138,6138,6,replacement_character,False
commonlii-LKCA-1938-82,commonlii,data/legal-sources/library/case-law/commonlii/LKCA/1938/82.txt,4493,4493,4493,0,,True
commonlii-LKCA-1938-83,commonlii,data/legal-sources/library/case-law/commonlii/LKCA/1938/83.txt,16276,16276,16276,11,replacement_character,False
commonlii-LKCA-1939-12,commonlii,data/legal-sources/library/case-law/commonlii/LKCA/1939/12.txt,27724,27724,27724,29,replacement_character,False
commonlii-LKCA-1939-21,commonlii,data/legal-sources/library/case-law/commonlii/LKCA/1939/21.txt,9138,9138,9138,5,replacement_character,False
commonlii-LKCA-1939-23,commonlii,data/legal-sources/library/case-law/commonlii/LKCA/1939/23.txt,10632,10632,10632,6,replacement_character,False
commonlii-LKCA-1939-26,commonlii,data/legal-sources/library/case-law/commonlii/LKCA/1939/26.txt,11119,11119,11119,13,replacement_character,False
commonlii-LKCA-1939-29,commonlii,data/legal-sources/library/case-law/commonlii/LKCA/1939/29.txt,7324,7324,7324,6,replacement_character,False
commonlii-LKCA-1939-30,commonlii,data/legal-sources/library/case-law/commonlii/LKCA/1939/30.txt,23330,23330,23330,33,replacement_character,False
commonlii-LKCA-1939-33,commonlii,data/legal-sources/library/case-law/commonlii/LKCA/1939/33.txt,25409,25409,25409,19,replacement_character,False
commonlii-LKCA-1939-36,commonlii,data/legal-sources/library/case-law/commonlii/LKCA/1939/36.txt,7401,7401,7401,6,replacement_character,False
commonlii-LKCA-1939-37,commonlii,data/legal-sources/library/case-law/commonlii/LKCA/1939/37.txt,8562,8562,8562,12,replacement_character,False
commonlii-LKCA-1939-38,commonlii,data/legal-sources/library/case-law/commonlii/LKCA/1939/38.txt,8330,8330,8330,5,replacement_character,False
commonlii-LKCA-1939-39,commonlii,data/legal-sources/library/case-law/commonlii/LKCA/1939/39.txt,6746,6746,6746,5,replacement_character,False
commonlii-LKCA-1939-41,commonlii,data/legal-sources/library/case-law/commonlii/LKCA/1939/41.txt,28552,28552,28552,12,replacement_character,False
commonlii-LKCA-1939-42,commonlii,data/legal-sources/library/case-law/commonlii/LKCA/1939/42.txt,15037,15037,15037,12,replacement_character,False
commonlii-LKCA-1939-43,commonlii,data/legal-sources/library/case-law/commonlii/LKCA/1939/43.txt,11521,11521,11521,42,replacement_character,False
commonlii-LKCA-1939-44,commonlii,data/legal-sources/library/case-law/commonlii/LKCA/1939/44.txt,25934,25934,25934,60,replacement_character,False
commonlii-LKCA-1939-45,commonlii,data/legal-sources/library/case-law/commonlii/LKCA/1939/45.txt,23450,23450,23450,9,replacement_character,False
commonlii-LKCA-1939-48,commonlii,data/legal-sources/library/case-law/commonlii/LKCA/1939/48.txt,12591,12591,12591,29,replacement_character,False
commonlii-LKCA-1939-50,commonlii,data/legal-sources/library/case-law/commonlii/LKCA/1939/50.txt,10274,10274,10274,17,replacement_character,False
commonlii-LKCA-1939-51,commonlii,data/legal-sources/library/case-law/commonlii/LKCA/1939/51.txt,16730,16730,16730,31,replacement_character,False
commonlii-LKCA-1939-54,commonlii,data/legal-sources/library/case-law/commonlii/LKCA/1939/54.txt,11320,11320,11320,5,replacement_character,False
commonlii-LKCA-1939-56,commonlii,data/legal-sources/library/case-law/commonlii/LKCA/1939/56.txt,13595,13595,13595,7,replacement_character,False
commonlii-LKCA-1939-57,commonlii,data/legal-sources/library/case-law/commonlii/LKCA/1939/57.txt,31126,31126,31126,20,replacement_character,False
commonlii-LKCA-1939-58,commonlii,data/legal-sources/library/case-law/commonlii/LKCA/1939/58.txt,8162,8162,8162,6,replacement_character,False
commonlii-LKCA-1939-60,commonlii,data/legal-sources/library/case-law/commonlii/LKCA/1939/60.txt,9460,9460,9460,6,replacement_character,False
commonlii-LKCA-1939-61,commonlii,data/legal-sources/library/case-law/commonlii/LKCA/1939/61.txt,27487,27487,27487,47,replacement_character,False
commonlii-LKCA-1939-67,commonlii,data/legal-sources/library/case-law/commonlii/LKCA/1939/67.txt,6465,6465,6465,8,replacement_character,False
commonlii-LKCA-1939-69,commonlii,data/legal-sources/library/case-law/commonlii/LKCA/1939/69.txt,3957,3957,3957,2,replacement_character,False
commonlii-LKCA-1939-70,commonlii,data/legal-sources/library/case-law/commonlii/LKCA/1939/70.txt,12029,12029,12029,7,replacement_character,False
commonlii-LKCA-1939-71,commonlii,data/legal-sources/library/case-law/commonlii/LKCA/1939/71.txt,12726,12726,12726,9,replacement_character,False
commonlii-LKCA-1939-9,commonlii,data/legal-sources/library/case-law/commonlii/LKCA/1939/9.txt,11596,11596,11596,7,replacement_character,False
commonlii-LKCA-1940-12,commonlii,data/legal-sources/library/case-law/commonlii/LKCA/1940/12.txt,21867,21867,21867,12,replacement_character,False
commonlii-LKCA-1940-15,commonlii,data/legal-sources/library/case-law/commonlii/LKCA/1940/15.txt,6934,6934,6934,6,replacement_character,False
commonlii-LKCA-1940-16,commonlii,data/legal-sources/library/case-law/commonlii/LKCA/1940/16.txt,122031,122031,122031,28,replacement_character,False
commonlii-LKCA-1940-25,commonlii,data/legal-sources/library/case-law/commonlii/LKCA/1940/25.txt,25997,25997,25997,40,replacement_character,False
commonlii-LKCA-1940-26,commonlii,data/legal-sources/library/case-law/commonlii/LKCA/1940/26.txt,6286,6286,6286,7,replacement_character,False
commonlii-LKCA-1940-31,commonlii,data/legal-sources/library/case-law/commonlii/LKCA/1940/31.txt,3333,3333,3333,14,replacement_character,False
commonlii-LKCA-1940-32,commonlii,data/legal-sources/library/case-law/commonlii/LKCA/1940/32.txt,14089,14089,14089,10,replacement_character,False
commonlii-LKCA-1940-34,commonlii,data/legal-sources/library/case-law/commonlii/LKCA/1940/34.txt,8503,8503,8503,13,replacement_character,False
commonlii-LKCA-1940-38,commonlii,data/legal-sources/library/case-law/commonlii/LKCA/1940/38.txt,11089,11089,11089,5,replacement_character,False
commonlii-LKCA-1940-39,commonlii,data/legal-sources/library/case-law/commonlii/LKCA/1940/39.txt,10939,10939,10939,7,replacement_character,False
commonlii-LKCA-1940-41,commonlii,data/legal-sources/library/case-law/commonlii/LKCA/1940/41.txt,9002,9002,9002,5,replacement_character,False
commonlii-LKCA-1940-5,commonlii,data/legal-sources/library/case-law/commonlii/LKCA/1940/5.txt,20059,20059,20059,14,replacement_character,False
commonlii-LKCA-1940-6,commonlii,data/legal-sources/library/case-law/commonlii/LKCA/1940/6.txt,21787,21787,21787,2,replacement_character,False
commonlii-LKCA-1940-8,commonlii,data/legal-sources/library/case-law/commonlii/LKCA/1940/8.txt,6674,6674,6674,7,replacement_character,False
commonlii-LKCA-1941-11,commonlii,data/legal-sources/library/case-law/commonlii/LKCA/1941/11.txt,9733,9733,9733,11,replacement_character,False
commonlii-LKCA-1941-12,commonlii,data/legal-sources/library/case-law/commonlii/LKCA/1941/12.txt,8942,8942,8942,9,replacement_character,False
commonlii-LKCA-1941-14,commonlii,data/legal-sources/library/case-law/commonlii/LKCA/1941/14.txt,12800,12800,12800,0,,True
commonlii-LKCA-1941-15,commonlii,data/legal-sources/library/case-law/commonlii/LKCA/1941/15.txt,7122,7122,7122,0,,True
commonlii-LKCA-1941-19,commonlii,data/legal-sources/library/case-law/commonlii/LKCA/1941/19.txt,5235,5235,5235,5,replacement_character,False
commonlii-LKCA-1941-2,commonlii,data/legal-sources/library/case-law/commonlii/LKCA/1941/2.txt,6947,6947,6947,0,,True
commonlii-LKCA-1941-21,commonlii,data/legal-sources/library/case-law/commonlii/LKCA/1941/21.txt,7636,7636,7636,6,replacement_character,False
commonlii-LKCA-1941-22,commonlii,data/legal-sources/library/case-law/commonlii/LKCA/1941/22.txt,10037,10037,10037,1,replacement_character,False
commonlii-LKCA-1941-23,commonlii,data/legal-sources/library/case-law/commonlii/LKCA/1941/23.txt,14747,14747,14747,7,replacement_character,False
commonlii-LKCA-1941-26,commonlii,data/legal-sources/library/case-law/commonlii/LKCA/1941/26.txt,10396,10396,10396,9,replacement_character,False
commonlii-LKCA-1941-28,commonlii,data/legal-sources/library/case-law/commonlii/LKCA/1941/28.txt,5111,5111,5111,0,,True
commonlii-LKCA-1941-3,commonlii,data/legal-sources/library/case-law/commonlii/LKCA/1941/3.txt,17050,17050,17050,10,replacement_character,False
commonlii-LKCA-1941-30,commonlii,data/legal-sources/library/case-law/commonlii/LKCA/1941/30.txt,31386,31386,31386,581,replacement_character,False
commonlii-LKCA-1941-31,commonlii,data/legal-sources/library/case-law/commonlii/LKCA/1941/31.txt,17668,17668,17668,23,replacement_character,False
commonlii-LKCA-1941-33,commonlii,data/legal-sources/library/case-law/commonlii/LKCA/1941/33.txt,28323,28323,28323,18,replacement_character,False
commonlii-LKCA-1941-34,commonlii,data/legal-sources/library/case-law/commonlii/LKCA/1941/34.txt,12095,12095,12095,7,replacement_character,False
commonlii-LKCA-1941-37,commonlii,data/legal-sources/library/case-law/commonlii/LKCA/1941/37.txt,5416,5416,5416,7,replacement_character,False
commonlii-LKCA-1941-39,commonlii,data/legal-sources/library/case-law/commonlii/LKCA/1941/39.txt,17275,17275,17275,0,,True
commonlii-LKCA-1941-4,commonlii,data/legal-sources/library/case-law/commonlii/LKCA/1941/4.txt,6569,6569,6569,0,,True
commonlii-LKCA-1941-42,commonlii,data/legal-sources/library/case-law/commonlii/LKCA/1941/42.txt,11341,11341,11341,10,replacement_character,False
commonlii-LKCA-1941-43,commonlii,data/legal-sources/library/case-law/commonlii/LKCA/1941/43.txt,4431,4431,4431,6,replacement_character,False
commonlii-LKCA-1941-45,commonlii,data/legal-sources/library/case-law/commonlii/LKCA/1941/45.txt,6448,6448,6448,0,,True
commonlii-LKCA-1941-47,commonlii,data/legal-sources/library/case-law/commonlii/LKCA/1941/47.txt,9456,9456,9456,0,,True
commonlii-LKCA-1941-48,commonlii,data/legal-sources/library/case-law/commonlii/LKCA/1941/48.txt,15725,15725,15725,15,replacement_character,False
commonlii-LKCA-1941-49,commonlii,data/legal-sources/library/case-law/commonlii/LKCA/1941/49.txt,15364,15364,15364,8,replacement_character,False
commonlii-LKCA-1941-5,commonlii,data/legal-sources/library/case-law/commonlii/LKCA/1941/5.txt,6278,6278,6278,0,,True
commonlii-LKCA-1941-51,commonlii,data/legal-sources/library/case-law/commonlii/LKCA/1941/51.txt,13273,13273,13273,12,replacement_character,False
commonlii-LKCA-1941-53,commonlii,data/legal-sources/library/case-law/commonlii/LKCA/1941/53.txt,20470,20470,20470,0,,True
commonlii-LKCA-1941-8,commonlii,data/legal-sources/library/case-law/commonlii/LKCA/1941/8.txt,32757,32757,32757,0,,True
commonlii-LKCA-1942-1,commonlii,data/legal-sources/library/case-law/commonlii/LKCA/1942/1.txt,8382,8382,8382,0,,True
commonlii-LKCA-1942-11,commonlii,data/legal-sources/library/case-law/commonlii/LKCA/1942/11.txt,7722,7722,7722,0,,True
commonlii-LKCA-1942-14,commonlii,data/legal-sources/library/case-law/commonlii/LKCA/1942/14.txt,12727,12727,12727,0,,True
commonlii-LKCA-1942-22,commonlii,data/legal-sources/library/case-law/commonlii/LKCA/1942/22.txt,13966,13966,13966,0,,True
commonlii-LKCA-1942-24,commonlii,data/legal-sources/library/case-law/commonlii/LKCA/1942/24.txt,8189,8189,8189,0,,True
commonlii-LKCA-1942-25,commonlii,data/legal-sources/library/case-law/commonlii/LKCA/1942/25.txt,11600,11600,11600,0,,True
commonlii-LKCA-1942-28,commonlii,data/legal-sources/library/case-law/commonlii/LKCA/1942/28.txt,5978,5978,5978,0,,True
commonlii-LKCA-1942-30,commonlii,data/legal-sources/library/case-law/commonlii/LKCA/1942/30.txt,11228,11228,11228,0,,True
commonlii-LKCA-1942-31,commonlii,data/legal-sources/library/case-law/commonlii/LKCA/1942/31.txt,12911,12911,12911,0,,True
commonlii-LKCA-1942-39,commonlii,data/legal-sources/library/case-law/commonlii/LKCA/1942/39.txt,9952,9952,9952,0,,True
commonlii-LKCA-1942-4,commonlii,data/legal-sources/library/case-law/commonlii/LKCA/1942/4.txt,17226,17226,17226,0,,True
commonlii-LKCA-1942-40,commonlii,data/legal-sources/library/case-law/commonlii/LKCA/1942/40.txt,12191,12191,12191,0,,True
commonlii-LKCA-1942-41,commonlii,data/legal-sources/library/case-law/commonlii/LKCA/1942/41.txt,10356,10356,10356,0,,True
commonlii-LKCA-1942-42,commonlii,data/legal-sources/library/case-law/commonlii/LKCA/1942/42.txt,45866,45866,45866,0,,True
commonlii-LKCA-1942-44,commonlii,data/legal-sources/library/case-law/commonlii/LKCA/1942/44.txt,8689,8689,8689,0,,True
commonlii-LKCA-1942-47,commonlii,data/legal-sources/library/case-law/commonlii/LKCA/1942/47.txt,38458,38458,38458,1,replacement_character,False
commonlii-LKCA-1942-52,commonlii,data/legal-sources/library/case-law/commonlii/LKCA/1942/52.txt,7955,7955,7955,0,,True
commonlii-LKCA-1942-55,commonlii,data/legal-sources/library/case-law/commonlii/LKCA/1942/55.txt,17600,17600,17600,0,,True
commonlii-LKCA-1942-57,commonlii,data/legal-sources/library/case-law/commonlii/LKCA/1942/57.txt,46779,46779,46779,0,,True
commonlii-LKCA-1942-58,commonlii,data/legal-sources/library/case-law/commonlii/LKCA/1942/58.txt,14614,14614,14614,0,,True
commonlii-LKCA-1942-59,commonlii,data/legal-sources/library/case-law/commonlii/LKCA/1942/59.txt,9791,9791,9791,0,,True
commonlii-LKCA-1942-6,commonlii,data/legal-sources/library/case-law/commonlii/LKCA/1942/6.txt,11015,11015,11015,0,,True
commonlii-LKCA-1942-61,commonlii,data/legal-sources/library/case-law/commonlii/LKCA/1942/61.txt,9354,9354,9354,0,,True
commonlii-LKCA-1942-62,commonlii,data/legal-sources/library/case-law/commonlii/LKCA/1942/62.txt,6069,6069,6069,0,,True
commonlii-LKCA-1942-63,commonlii,data/legal-sources/library/case-law/commonlii/LKCA/1942/63.txt,11777,11777,11777,0,,True
commonlii-LKCA-1942-64,commonlii,data/legal-sources/library/case-law/commonlii/LKCA/1942/64.txt,4739,4739,4739,0,,True
commonlii-LKCA-1942-65,commonlii,data/legal-sources/library/case-law/commonlii/LKCA/1942/65.txt,9074,9074,9074,0,,True
commonlii-LKCA-1942-66,commonlii,data/legal-sources/library/case-law/commonlii/LKCA/1942/66.txt,15155,15155,15155,0,,True
commonlii-LKCA-1942-7,commonlii,data/legal-sources/library/case-law/commonlii/LKCA/1942/7.txt,19830,19830,19830,0,,True
commonlii-LKCA-1942-73,commonlii,data/legal-sources/library/case-law/commonlii/LKCA/1942/73.txt,5076,5076,5076,0,,True
commonlii-LKCA-1942-75,commonlii,data/legal-sources/library/case-law/commonlii/LKCA/1942/75.txt,19920,19920,19920,0,,True
commonlii-LKCA-1942-76,commonlii,data/legal-sources/library/case-law/commonlii/LKCA/1942/76.txt,13938,13938,13938,0,,True
commonlii-LKCA-1942-79,commonlii,data/legal-sources/library/case-law/commonlii/LKCA/1942/79.txt,2841,2841,2841,0,,True
commonlii-LKCA-1942-80,commonlii,data/legal-sources/library/case-law/commonlii/LKCA/1942/80.txt,29463,29463,29463,1,replacement_character,False
commonlii-LKCA-1942-83,commonlii,data/legal-sources/library/case-law/commonlii/LKCA/1942/83.txt,16412,16412,16412,0,,True
commonlii-LKCA-1942-84,commonlii,data/legal-sources/library/case-law/commonlii/LKCA/1942/84.txt,10160,10160,10160,0,,True
commonlii-LKCA-1943-10,commonlii,data/legal-sources/library/case-law/commonlii/LKCA/1943/10.txt,25390,25390,25390,1,replacement_character,False
commonlii-LKCA-1943-12,commonlii,data/legal-sources/library/case-law/commonlii/LKCA/1943/12.txt,13933,13933,13933,0,,True
commonlii-LKCA-1943-13,commonlii,data/legal-sources/library/case-law/commonlii/LKCA/1943/13.txt,11219,11219,11219,0,,True
commonlii-LKCA-1943-14,commonlii,data/legal-sources/library/case-law/commonlii/LKCA/1943/14.txt,9466,9466,9466,0,,True
commonlii-LKCA-1943-17,commonlii,data/legal-sources/library/case-law/commonlii/LKCA/1943/17.txt,18434,18434,18434,9,replacement_character,False
commonlii-LKCA-1943-19,commonlii,data/legal-sources/library/case-law/commonlii/LKCA/1943/19.txt,14374,14374,14374,0,,True
commonlii-LKCA-1943-21,commonlii,data/legal-sources/library/case-law/commonlii/LKCA/1943/21.txt,13374,13374,13374,0,,True
commonlii-LKCA-1943-22,commonlii,data/legal-sources/library/case-law/commonlii/LKCA/1943/22.txt,22081,22081,22081,0,,True
commonlii-LKCA-1943-23,commonlii,data/legal-sources/library/case-law/commonlii/LKCA/1943/23.txt,9841,9841,9841,9,replacement_character,False
commonlii-LKCA-1943-25,commonlii,data/legal-sources/library/case-law/commonlii/LKCA/1943/25.txt,14362,14362,14362,3,replacement_character,False
commonlii-LKCA-1943-27,commonlii,data/legal-sources/library/case-law/commonlii/LKCA/1943/27.txt,12482,12482,12482,0,,True
commonlii-LKCA-1943-28,commonlii,data/legal-sources/library/case-law/commonlii/LKCA/1943/28.txt,13228,13228,13228,0,,True
commonlii-LKCA-1943-3,commonlii,data/legal-sources/library/case-law/commonlii/LKCA/1943/3.txt,10287,10287,10287,0,,True
commonlii-LKCA-1943-35,commonlii,data/legal-sources/library/case-law/commonlii/LKCA/1943/35.txt,5837,5837,5837,0,,True
commonlii-LKCA-1943-36,commonlii,data/legal-sources/library/case-law/commonlii/LKCA/1943/36.txt,6727,6727,6727,0,,True
commonlii-LKCA-1943-37,commonlii,data/legal-sources/library/case-law/commonlii/LKCA/1943/37.txt,19173,19173,19173,0,,True
commonlii-LKCA-1943-41,commonlii,data/legal-sources/library/case-law/commonlii/LKCA/1943/41.txt,5463,5463,5463,0,,True
commonlii-LKCA-1943-42,commonlii,data/legal-sources/library/case-law/commonlii/LKCA/1943/42.txt,18130,18130,18130,0,,True
commonlii-LKCA-1943-44,commonlii,data/legal-sources/library/case-law/commonlii/LKCA/1943/44.txt,18792,18792,18792,0,,True
commonlii-LKCA-1943-48,commonlii,data/legal-sources/library/case-law/commonlii/LKCA/1943/48.txt,4856,4856,4856,0,,True
commonlii-LKCA-1943-49,commonlii,data/legal-sources/library/case-law/commonlii/LKCA/1943/49.txt,5659,5659,5659,1,replacement_character,False
commonlii-LKCA-1943-5,commonlii,data/legal-sources/library/case-law/commonlii/LKCA/1943/5.txt,18522,18522,18522,0,,True
commonlii-LKCA-1943-52,commonlii,data/legal-sources/library/case-law/commonlii/LKCA/1943/52.txt,16930,16930,16930,0,,True
commonlii-LKCA-1943-53,commonlii,data/legal-sources/library/case-law/commonlii/LKCA/1943/53.txt,7312,7312,7312,0,,True
commonlii-LKCA-1943-55,commonlii,data/legal-sources/library/case-law/commonlii/LKCA/1943/55.txt,24093,24093,24093,0,,True
commonlii-LKCA-1943-56,commonlii,data/legal-sources/library/case-law/commonlii/LKCA/1943/56.txt,13794,13794,13794,0,,True
commonlii-LKCA-1943-57,commonlii,data/legal-sources/library/case-law/commonlii/LKCA/1943/57.txt,19146,19146,19146,1,replacement_character,False
commonlii-LKCA-1943-58,commonlii,data/legal-sources/library/case-law/commonlii/LKCA/1943/58.txt,4295,4295,4295,0,,True
commonlii-LKCA-1943-59,commonlii,data/legal-sources/library/case-law/commonlii/LKCA/1943/59.txt,7372,7372,7372,0,,True
commonlii-LKCA-1943-60,commonlii,data/legal-sources/library/case-law/commonlii/LKCA/1943/60.txt,5942,5942,5942,0,,True
commonlii-LKCA-1943-61,commonlii,data/legal-sources/library/case-law/commonlii/LKCA/1943/61.txt,7242,7242,7242,0,,True
commonlii-LKCA-1943-62,commonlii,data/legal-sources/library/case-law/commonlii/LKCA/1943/62.txt,2395,2395,2395,0,,True
commonlii-LKCA-1943-63,commonlii,data/legal-sources/library/case-law/commonlii/LKCA/1943/63.txt,19016,19016,19016,22,replacement_character,False
commonlii-LKCA-1943-69,commonlii,data/legal-sources/library/case-law/commonlii/LKCA/1943/69.txt,10035,10035,10035,0,,True
commonlii-LKCA-1943-70,commonlii,data/legal-sources/library/case-law/commonlii/LKCA/1943/70.txt,12821,12821,12821,0,,True
commonlii-LKCA-1943-71,commonlii,data/legal-sources/library/case-law/commonlii/LKCA/1943/71.txt,5502,5502,5502,0,,True
commonlii-LKCA-1943-72,commonlii,data/legal-sources/library/case-law/commonlii/LKCA/1943/72.txt,13801,13801,13801,1,replacement_character,False
commonlii-LKCA-1944-11,commonlii,data/legal-sources/library/case-law/commonlii/LKCA/1944/11.txt,7297,7297,7297,0,,True
commonlii-LKCA-1944-12,commonlii,data/legal-sources/library/case-law/commonlii/LKCA/1944/12.txt,5476,5476,5476,0,,True
commonlii-LKCA-1944-15,commonlii,data/legal-sources/library/case-law/commonlii/LKCA/1944/15.txt,65645,65645,65645,62,replacement_character,False
commonlii-LKCA-1944-16,commonlii,data/legal-sources/library/case-law/commonlii/LKCA/1944/16.txt,30415,30415,30415,0,,True
commonlii-LKCA-1944-17,commonlii,data/legal-sources/library/case-law/commonlii/LKCA/1944/17.txt,7256,7256,7256,0,,True
commonlii-LKCA-1944-2,commonlii,data/legal-sources/library/case-law/commonlii/LKCA/1944/2.txt,10191,10191,10191,0,,True
commonlii-LKCA-1944-20,commonlii,data/legal-sources/library/case-law/commonlii/LKCA/1944/20.txt,11004,11004,11004,0,,True
commonlii-LKCA-1944-21,commonlii,data/legal-sources/library/case-law/commonlii/LKCA/1944/21.txt,6864,6864,6864,0,,True
commonlii-LKCA-1944-22,commonlii,data/legal-sources/library/case-law/commonlii/LKCA/1944/22.txt,30481,30481,30481,5,replacement_character,False
commonlii-LKCA-1944-23,commonlii,data/legal-sources/library/case-law/commonlii/LKCA/1944/23.txt,8605,8605,8605,0,,True
commonlii-LKCA-1944-24,commonlii,data/legal-sources/library/case-law/commonlii/LKCA/1944/24.txt,10008,10008,10008,0,,True
commonlii-LKCA-1944-27,commonlii,data/legal-sources/library/case-law/commonlii/LKCA/1944/27.txt,88627,88627,88627,1,replacement_character,False
commonlii-LKCA-1944-29,commonlii,data/legal-sources/library/case-law/commonlii/LKCA/1944/29.txt,12936,12936,12936,0,,True
commonlii-LKCA-1944-3,commonlii,data/legal-sources/library/case-law/commonlii/LKCA/1944/3.txt,6840,6840,6840,1,replacement_character,False
commonlii-LKCA-1944-30,commonlii,data/legal-sources/library/case-law/commonlii/LKCA/1944/30.txt,26151,26151,26151,1,replacement_character,False
commonlii-LKCA-1944-31,commonlii,data/legal-sources/library/case-law/commonlii/LKCA/1944/31.txt,98443,98443,98443,0,,True
commonlii-LKCA-1944-32,commonlii,data/legal-sources/library/case-law/commonlii/LKCA/1944/32.txt,9454,9454,9454,0,,True
commonlii-LKCA-1944-33,commonlii,data/legal-sources/library/case-law/commonlii/LKCA/1944/33.txt,10088,10088,10088,0,,True
commonlii-LKCA-1944-34,commonlii,data/legal-sources/library/case-law/commonlii/LKCA/1944/34.txt,12362,12362,12362,0,,True
commonlii-LKCA-1944-36,commonlii,data/legal-sources/library/case-law/commonlii/LKCA/1944/36.txt,10989,10989,10989,0,,True
commonlii-LKCA-1944-37,commonlii,data/legal-sources/library/case-law/commonlii/LKCA/1944/37.txt,7652,7652,7652,1,replacement_character,False
commonlii-LKCA-1944-38,commonlii,data/legal-sources/library/case-law/commonlii/LKCA/1944/38.txt,15156,15156,15156,0,,True
commonlii-LKCA-1944-40,commonlii,data/legal-sources/library/case-law/commonlii/LKCA/1944/40.txt,28859,28859,28859,2,replacement_character,False
commonlii-LKCA-1944-43,commonlii,data/legal-sources/library/case-law/commonlii/LKCA/1944/43.txt,16628,16628,16628,0,,True
commonlii-LKCA-1944-44,commonlii,data/legal-sources/library/case-law/commonlii/LKCA/1944/44.txt,15091,15091,15091,1,replacement_character,False
commonlii-LKCA-1944-45,commonlii,data/legal-sources/library/case-law/commonlii/LKCA/1944/45.txt,4736,4736,4736,0,,True
commonlii-LKCA-1944-46,commonlii,data/legal-sources/library/case-law/commonlii/LKCA/1944/46.txt,6432,6432,6432,0,,True
commonlii-LKCA-1944-47,commonlii,data/legal-sources/library/case-law/commonlii/LKCA/1944/47.txt,13147,13147,13121,1,replacement_character,False
commonlii-LKCA-1944-48,commonlii,data/legal-sources/library/case-law/commonlii/LKCA/1944/48.txt,5433,5433,5433,0,,True
commonlii-LKCA-1944-5,commonlii,data/legal-sources/library/case-law/commonlii/LKCA/1944/5.txt,21234,21234,21234,0,,True
commonlii-LKCA-1944-50,commonlii,data/legal-sources/library/case-law/commonlii/LKCA/1944/50.txt,13133,13133,13133,2,replacement_character,False
commonlii-LKCA-1944-51,commonlii,data/legal-sources/library/case-law/commonlii/LKCA/1944/51.txt,12563,12563,12563,0,,True
commonlii-LKCA-1944-52,commonlii,data/legal-sources/library/case-law/commonlii/LKCA/1944/52.txt,18751,18751,18751,17,replacement_character,False
commonlii-LKCA-1944-55,commonlii,data/legal-sources/library/case-law/commonlii/LKCA/1944/55.txt,6095,6095,6095,0,,True
commonlii-LKCA-1944-56,commonlii,data/legal-sources/library/case-law/commonlii/LKCA/1944/56.txt,5186,5186,5186,0,,True
commonlii-LKCA-1944-57,commonlii,data/legal-sources/library/case-law/commonlii/LKCA/1944/57.txt,6763,6763,6763,0,,True
commonlii-LKCA-1944-58,commonlii,data/legal-sources/library/case-law/commonlii/LKCA/1944/58.txt,14298,14298,14298,0,,True
commonlii-LKCA-1944-6,commonlii,data/legal-sources/library/case-law/commonlii/LKCA/1944/6.txt,8039,8039,8039,2,replacement_character,False
commonlii-LKCA-1944-68,commonlii,data/legal-sources/library/case-law/commonlii/LKCA/1944/68.txt,12465,12465,12465,0,,True
commonlii-LKCA-1944-69,commonlii,data/legal-sources/library/case-law/commonlii/LKCA/1944/69.txt,6559,6559,6559,0,,True
commonlii-LKCA-1944-7,commonlii,data/legal-sources/library/case-law/commonlii/LKCA/1944/7.txt,8448,8448,8448,0,,True
commonlii-LKCA-1944-70,commonlii,data/legal-sources/library/case-law/commonlii/LKCA/1944/70.txt,11893,11893,11893,0,,True
commonlii-LKCA-1944-71,commonlii,data/legal-sources/library/case-law/commonlii/LKCA/1944/71.txt,6024,6024,6024,0,,True
commonlii-LKCA-1944-72,commonlii,data/legal-sources/library/case-law/commonlii/LKCA/1944/72.txt,20822,20822,20822,0,,True
commonlii-LKCA-1944-73,commonlii,data/legal-sources/library/case-law/commonlii/LKCA/1944/73.txt,8742,8742,8742,0,,True
commonlii-LKCA-1944-74,commonlii,data/legal-sources/library/case-law/commonlii/LKCA/1944/74.txt,7227,7227,7227,0,,True
commonlii-LKCA-1944-75,commonlii,data/legal-sources/library/case-law/commonlii/LKCA/1944/75.txt,5310,5310,5310,0,,True
commonlii-LKCA-1944-76,commonlii,data/legal-sources/library/case-law/commonlii/LKCA/1944/76.txt,9556,9556,9556,0,,True
commonlii-LKCA-1944-79,commonlii,data/legal-sources/library/case-law/commonlii/LKCA/1944/79.txt,10469,10469,10469,0,,True
commonlii-LKCA-1944-80,commonlii,data/legal-sources/library/case-law/commonlii/LKCA/1944/80.txt,13170,13170,13170,0,,True
commonlii-LKCA-1944-81,commonlii,data/legal-sources/library/case-law/commonlii/LKCA/1944/81.txt,5504,5504,5504,0,,True
commonlii-LKCA-1944-82,commonlii,data/legal-sources/library/case-law/commonlii/LKCA/1944/82.txt,9525,9525,9525,0,,True
commonlii-LKCA-1944-9,commonlii,data/legal-sources/library/case-law/commonlii/LKCA/1944/9.txt,6138,6138,6138,0,,True
commonlii-LKCA-1945-10,commonlii,data/legal-sources/library/case-law/commonlii/LKCA/1945/10.txt,11092,11092,11092,0,,True
commonlii-LKCA-1945-14,commonlii,data/legal-sources/library/case-law/commonlii/LKCA/1945/14.txt,39162,39162,39162,0,,True
commonlii-LKCA-1945-19,commonlii,data/legal-sources/library/case-law/commonlii/LKCA/1945/19.txt,3609,3609,3609,0,,True
commonlii-LKCA-1945-2,commonlii,data/legal-sources/library/case-law/commonlii/LKCA/1945/2.txt,12817,12817,12817,8,replacement_character,False
commonlii-LKCA-1945-20,commonlii,data/legal-sources/library/case-law/commonlii/LKCA/1945/20.txt,10442,10442,10442,0,,True
commonlii-LKCA-1945-21,commonlii,data/legal-sources/library/case-law/commonlii/LKCA/1945/21.txt,8234,8234,8234,1,replacement_character,False
commonlii-LKCA-1945-22,commonlii,data/legal-sources/library/case-law/commonlii/LKCA/1945/22.txt,6708,6708,6708,0,,True
commonlii-LKCA-1945-25,commonlii,data/legal-sources/library/case-law/commonlii/LKCA/1945/25.txt,8404,8404,8404,0,,True
commonlii-LKCA-1945-27,commonlii,data/legal-sources/library/case-law/commonlii/LKCA/1945/27.txt,12791,12791,12791,0,,True
commonlii-LKCA-1945-30,commonlii,data/legal-sources/library/case-law/commonlii/LKCA/1945/30.txt,3725,3725,3725,0,,True
commonlii-LKCA-1945-31,commonlii,data/legal-sources/library/case-law/commonlii/LKCA/1945/31.txt,8294,8294,8294,0,,True
commonlii-LKCA-1945-32,commonlii,data/legal-sources/library/case-law/commonlii/LKCA/1945/32.txt,10988,10988,10988,0,,True
commonlii-LKCA-1945-33,commonlii,data/legal-sources/library/case-law/commonlii/LKCA/1945/33.txt,28501,28501,28501,0,,True
commonlii-LKCA-1945-35,commonlii,data/legal-sources/library/case-law/commonlii/LKCA/1945/35.txt,8233,8233,8233,0,,True
commonlii-LKCA-1945-38,commonlii,data/legal-sources/library/case-law/commonlii/LKCA/1945/38.txt,9395,9395,9395,4,replacement_character,False
commonlii-LKCA-1945-39,commonlii,data/legal-sources/library/case-law/commonlii/LKCA/1945/39.txt,9575,9575,9575,0,,True
commonlii-LKCA-1945-4,commonlii,data/legal-sources/library/case-law/commonlii/LKCA/1945/4.txt,30232,30232,30232,0,,True
commonlii-LKCA-1945-40,commonlii,data/legal-sources/library/case-law/commonlii/LKCA/1945/40.txt,15666,15666,15666,0,,True
commonlii-LKCA-1945-44,commonlii,data/legal-sources/library/case-law/commonlii/LKCA/1945/44.txt,4492,4492,4492,18,replacement_character,False
commonlii-LKCA-1945-47,commonlii,data/legal-sources/library/case-law/commonlii/LKCA/1945/47.txt,20434,20434,20434,0,,True
commonlii-LKCA-1945-48,commonlii,data/legal-sources/library/case-law/commonlii/LKCA/1945/48.txt,4014,4014,4014,0,,True
commonlii-LKCA-1945-49,commonlii,data/legal-sources/library/case-law/commonlii/LKCA/1945/49.txt,55608,55608,55608,0,,True
commonlii-LKCA-1945-50,commonlii,data/legal-sources/library/case-law/commonlii/LKCA/1945/50.txt,22994,22994,22994,0,,True
commonlii-LKCA-1945-51,commonlii,data/legal-sources/library/case-law/commonlii/LKCA/1945/51.txt,15361,15361,15361,1,replacement_character,False
commonlii-LKCA-1945-52,commonlii,data/legal-sources/library/case-law/commonlii/LKCA/1945/52.txt,17883,17883,17883,0,,True
commonlii-LKCA-1945-55,commonlii,data/legal-sources/library/case-law/commonlii/LKCA/1945/55.txt,16523,16523,16523,0,,True
commonlii-LKCA-1945-56,commonlii,data/legal-sources/library/case-law/commonlii/LKCA/1945/56.txt,8852,8852,8852,0,,True
commonlii-LKCA-1945-57,commonlii,data/legal-sources/library/case-law/commonlii/LKCA/1945/57.txt,16155,16155,16155,0,,True
commonlii-LKCA-1945-58,commonlii,data/legal-sources/library/case-law/commonlii/LKCA/1945/58.txt,5532,5532,5532,0,,True
commonlii-LKCA-1945-59,commonlii,data/legal-sources/library/case-law/commonlii/LKCA/1945/59.txt,2876,2876,2876,1,replacement_character,False
commonlii-LKCA-1945-6,commonlii,data/legal-sources/library/case-law/commonlii/LKCA/1945/6.txt,29312,29312,29312,0,,True
commonlii-LKCA-1945-60,commonlii,data/legal-sources/library/case-law/commonlii/LKCA/1945/60.txt,14309,14309,14309,0,,True
commonlii-LKCA-1945-61,commonlii,data/legal-sources/library/case-law/commonlii/LKCA/1945/61.txt,4417,4417,4417,8,replacement_character,False
commonlii-LKCA-1945-63,commonlii,data/legal-sources/library/case-law/commonlii/LKCA/1945/63.txt,10852,10852,10852,0,,True
commonlii-LKCA-1945-64,commonlii,data/legal-sources/library/case-law/commonlii/LKCA/1945/64.txt,11776,11776,11776,0,,True
commonlii-LKCA-1945-65,commonlii,data/legal-sources/library/case-law/commonlii/LKCA/1945/65.txt,5765,5765,5765,1,replacement_character,False
commonlii-LKCA-1945-66,commonlii,data/legal-sources/library/case-law/commonlii/LKCA/1945/66.txt,9291,9291,9291,0,,True
commonlii-LKCA-1945-7,commonlii,data/legal-sources/library/case-law/commonlii/LKCA/1945/7.txt,5394,5394,5394,0,,True
commonlii-LKCA-1945-72,commonlii,data/legal-sources/library/case-law/commonlii/LKCA/1945/72.txt,7387,7387,7387,0,,True
commonlii-LKCA-1945-73,commonlii,data/legal-sources/library/case-law/commonlii/LKCA/1945/73.txt,6474,6474,6474,0,,True
commonlii-LKCA-1945-74,commonlii,data/legal-sources/library/case-law/commonlii/LKCA/1945/74.txt,7455,7455,7455,0,,True
commonlii-LKCA-1946-1,commonlii,data/legal-sources/library/case-law/commonlii/LKCA/1946/1.txt,3568,3568,3568,0,,True
commonlii-LKCA-1946-11,commonlii,data/legal-sources/library/case-law/commonlii/LKCA/1946/11.txt,4239,4239,4239,0,,True
commonlii-LKCA-1946-15,commonlii,data/legal-sources/library/case-law/commonlii/LKCA/1946/15.txt,17474,17474,17474,19,replacement_character,False
commonlii-LKCA-1946-17,commonlii,data/legal-sources/library/case-law/commonlii/LKCA/1946/17.txt,7666,7666,7666,5,replacement_character,False
commonlii-LKCA-1946-2,commonlii,data/legal-sources/library/case-law/commonlii/LKCA/1946/2.txt,3642,3642,3642,3,replacement_character,False
commonlii-LKCA-1946-20,commonlii,data/legal-sources/library/case-law/commonlii/LKCA/1946/20.txt,14996,14996,14996,36,replacement_character,False
commonlii-LKCA-1946-21,commonlii,data/legal-sources/library/case-law/commonlii/LKCA/1946/21.txt,9459,9459,9459,7,replacement_character,False
commonlii-LKCA-1946-23,commonlii,data/legal-sources/library/case-law/commonlii/LKCA/1946/23.txt,22152,22152,22152,0,,True
commonlii-LKCA-1946-24,commonlii,data/legal-sources/library/case-law/commonlii/LKCA/1946/24.txt,7064,7064,7064,4,replacement_character,False
commonlii-LKCA-1946-26,commonlii,data/legal-sources/library/case-law/commonlii/LKCA/1946/26.txt,5047,5047,5047,10,replacement_character,False
commonlii-LKCA-1946-30,commonlii,data/legal-sources/library/case-law/commonlii/LKCA/1946/30.txt,10302,10302,10302,9,replacement_character,False
commonlii-LKCA-1946-31,commonlii,data/legal-sources/library/case-law/commonlii/LKCA/1946/31.txt,4235,4235,4235,0,,True
commonlii-LKCA-1946-32,commonlii,data/legal-sources/library/case-law/commonlii/LKCA/1946/32.txt,5723,5723,5723,9,replacement_character,False
commonlii-LKCA-1946-33,commonlii,data/legal-sources/library/case-law/commonlii/LKCA/1946/33.txt,11414,11414,11414,8,replacement_character,False
commonlii-LKCA-1946-36,commonlii,data/legal-sources/library/case-law/commonlii/LKCA/1946/36.txt,35889,35889,35889,47,replacement_character,False
commonlii-LKCA-1946-38,commonlii,data/legal-sources/library/case-law/commonlii/LKCA/1946/38.txt,10639,10639,10639,15,replacement_character,False
commonlii-LKCA-1946-39,commonlii,data/legal-sources/library/case-law/commonlii/LKCA/1946/39.txt,20591,20591,20591,27,replacement_character,False
commonlii-LKCA-1946-40,commonlii,data/legal-sources/library/case-law/commonlii/LKCA/1946/40.txt,3882,3882,3882,2,replacement_character,False
commonlii-LKCA-1946-41,commonlii,data/legal-sources/library/case-law/commonlii/LKCA/1946/41.txt,4679,4679,4679,2,replacement_character,False
commonlii-LKCA-1946-42,commonlii,data/legal-sources/library/case-law/commonlii/LKCA/1946/42.txt,8937,8937,8937,0,,True
commonlii-LKCA-1946-43,commonlii,data/legal-sources/library/case-law/commonlii/LKCA/1946/43.txt,9504,9504,9504,20,replacement_character,False
commonlii-LKCA-1946-44,commonlii,data/legal-sources/library/case-law/commonlii/LKCA/1946/44.txt,22079,22079,22079,43,replacement_character,False
commonlii-LKCA-1946-45,commonlii,data/legal-sources/library/case-law/commonlii/LKCA/1946/45.txt,3038,3038,3038,14,replacement_character,False
commonlii-LKCA-1946-47,commonlii,data/legal-sources/library/case-law/commonlii/LKCA/1946/47.txt,9116,9116,9116,15,replacement_character,False
commonlii-LKCA-1946-50,commonlii,data/legal-sources/library/case-law/commonlii/LKCA/1946/50.txt,31170,31170,31170,102,replacement_character,False
commonlii-LKCA-1946-54,commonlii,data/legal-sources/library/case-law/commonlii/LKCA/1946/54.txt,7162,7162,7162,7,replacement_character,False
commonlii-LKCA-1946-55,commonlii,data/legal-sources/library/case-law/commonlii/LKCA/1946/55.txt,14968,14968,14968,17,replacement_character,False
commonlii-LKCA-1946-57,commonlii,data/legal-sources/library/case-law/commonlii/LKCA/1946/57.txt,8774,8774,8774,24,replacement_character,False
commonlii-LKCA-1946-58,commonlii,data/legal-sources/library/case-law/commonlii/LKCA/1946/58.txt,38923,38923,38908,150,replacement_character,False
commonlii-LKCA-1946-59,commonlii,data/legal-sources/library/case-law/commonlii/LKCA/1946/59.txt,9404,9404,9404,24,replacement_character,False
commonlii-LKCA-1946-6,commonlii,data/legal-sources/library/case-law/commonlii/LKCA/1946/6.txt,4146,4146,4146,10,replacement_character,False
commonlii-LKCA-1946-60,commonlii,data/legal-sources/library/case-law/commonlii/LKCA/1946/60.txt,8565,8565,8565,14,replacement_character,False
commonlii-LKCA-1946-64,commonlii,data/legal-sources/library/case-law/commonlii/LKCA/1946/64.txt,13076,13076,13076,15,replacement_character,False
commonlii-LKCA-1946-67,commonlii,data/legal-sources/library/case-law/commonlii/LKCA/1946/67.txt,12023,12023,12023,34,replacement_character,False
commonlii-LKCA-1946-68,commonlii,data/legal-sources/library/case-law/commonlii/LKCA/1946/68.txt,3553,3553,3553,12,replacement_character,False
commonlii-LKCA-1946-70,commonlii,data/legal-sources/library/case-law/commonlii/LKCA/1946/70.txt,10835,10835,10835,32,replacement_character,False
commonlii-LKCA-1946-72,commonlii,data/legal-sources/library/case-law/commonlii/LKCA/1946/72.txt,3353,3353,3353,1,replacement_character,False
commonlii-LKCA-1946-74,commonlii,data/legal-sources/library/case-law/commonlii/LKCA/1946/74.txt,6416,6416,6416,17,replacement_character,False
commonlii-LKCA-1946-77,commonlii,data/legal-sources/library/case-law/commonlii/LKCA/1946/77.txt,6615,6615,6615,6,replacement_character,False
commonlii-LKCA-1946-78,commonlii,data/legal-sources/library/case-law/commonlii/LKCA/1946/78.txt,3484,3484,3484,3,replacement_character,False
commonlii-LKCA-1946-79,commonlii,data/legal-sources/library/case-law/commonlii/LKCA/1946/79.txt,6476,6476,6476,7,replacement_character,False
commonlii-LKCA-1946-80,commonlii,data/legal-sources/library/case-law/commonlii/LKCA/1946/80.txt,3239,3239,3239,4,replacement_character,False
commonlii-LKCA-1946-82,commonlii,data/legal-sources/library/case-law/commonlii/LKCA/1946/82.txt,6999,6999,6999,11,replacement_character,False
commonlii-LKCA-1946-84,commonlii,data/legal-sources/library/case-law/commonlii/LKCA/1946/84.txt,3366,3366,3366,0,,True
commonlii-LKCA-1946-85,commonlii,data/legal-sources/library/case-law/commonlii/LKCA/1946/85.txt,19401,19401,19401,54,replacement_character,False
commonlii-LKCA-1946-86,commonlii,data/legal-sources/library/case-law/commonlii/LKCA/1946/86.txt,11750,11750,11750,34,replacement_character,False
commonlii-LKCA-1946-92,commonlii,data/legal-sources/library/case-law/commonlii/LKCA/1946/92.txt,17018,17018,17018,25,replacement_character,False
commonlii-LKCA-1947-12,commonlii,data/legal-sources/library/case-law/commonlii/LKCA/1947/12.txt,2503,2503,2503,0,,True
commonlii-LKCA-1947-18,commonlii,data/legal-sources/library/case-law/commonlii/LKCA/1947/18.txt,9455,9455,9455,0,,True
commonlii-LKCA-1947-19,commonlii,data/legal-sources/library/case-law/commonlii/LKCA/1947/19.txt,8894,8894,8894,0,,True
commonlii-LKCA-1947-20,commonlii,data/legal-sources/library/case-law/commonlii/LKCA/1947/20.txt,12270,12270,12270,1,replacement_character,False
commonlii-LKCA-1947-21,commonlii,data/legal-sources/library/case-law/commonlii/LKCA/1947/21.txt,9294,9294,9294,0,,True
commonlii-LKCA-1947-23,commonlii,data/legal-sources/library/case-law/commonlii/LKCA/1947/23.txt,9564,9564,9564,0,,True
commonlii-LKCA-1947-25,commonlii,data/legal-sources/library/case-law/commonlii/LKCA/1947/25.txt,10148,10148,10148,2,replacement_character,False
commonlii-LKCA-1947-31,commonlii,data/legal-sources/library/case-law/commonlii/LKCA/1947/31.txt,5276,5276,5276,0,,True
commonlii-LKCA-1947-32,commonlii,data/legal-sources/library/case-law/commonlii/LKCA/1947/32.txt,3065,3065,3065,0,,True
commonlii-LKCA-1947-33,commonlii,data/legal-sources/library/case-law/commonlii/LKCA/1947/33.txt,20597,20597,20597,0,,True
commonlii-LKCA-1947-34,commonlii,data/legal-sources/library/case-law/commonlii/LKCA/1947/34.txt,8529,8529,8529,0,,True
commonlii-LKCA-1947-35,commonlii,data/legal-sources/library/case-law/commonlii/LKCA/1947/35.txt,5565,5565,5565,0,,True
commonlii-LKCA-1947-38,commonlii,data/legal-sources/library/case-law/commonlii/LKCA/1947/38.txt,8074,8074,8074,0,,True
commonlii-LKCA-1947-39,commonlii,data/legal-sources/library/case-law/commonlii/LKCA/1947/39.txt,14305,14305,14305,0,,True
commonlii-LKCA-1947-40,commonlii,data/legal-sources/library/case-law/commonlii/LKCA/1947/40.txt,12299,12299,12299,2,replacement_character,False
commonlii-LKCA-1947-43,commonlii,data/legal-sources/library/case-law/commonlii/LKCA/1947/43.txt,9746,9746,9746,0,,True
commonlii-LKCA-1947-44,commonlii,data/legal-sources/library/case-law/commonlii/LKCA/1947/44.txt,8597,8597,8597,0,,True
commonlii-LKCA-1947-48,commonlii,data/legal-sources/library/case-law/commonlii/LKCA/1947/48.txt,11965,11965,11965,0,,True
commonlii-LKCA-1947-49,commonlii,data/legal-sources/library/case-law/commonlii/LKCA/1947/49.txt,15551,15551,15551,0,,True
commonlii-LKCA-1947-52,commonlii,data/legal-sources/library/case-law/commonlii/LKCA/1947/52.txt,43047,43047,43047,0,,True
commonlii-LKCA-1947-55,commonlii,data/legal-sources/library/case-law/commonlii/LKCA/1947/55.txt,16222,16222,16222,0,,True
commonlii-LKCA-1947-56,commonlii,data/legal-sources/library/case-law/commonlii/LKCA/1947/56.txt,10706,10706,10706,0,,True
commonlii-LKCA-1947-57,commonlii,data/legal-sources/library/case-law/commonlii/LKCA/1947/57.txt,10691,10691,10691,0,,True
commonlii-LKCA-1947-6,commonlii,data/legal-sources/library/case-law/commonlii/LKCA/1947/6.txt,20372,20372,20372,16,replacement_character,False
commonlii-LKCA-1947-60,commonlii,data/legal-sources/library/case-law/commonlii/LKCA/1947/60.txt,8471,8471,8471,0,,True
commonlii-LKCA-1947-62,commonlii,data/legal-sources/library/case-law/commonlii/LKCA/1947/62.txt,25656,25656,25656,0,,True
commonlii-LKCA-1947-65,commonlii,data/legal-sources/library/case-law/commonlii/LKCA/1947/65.txt,8512,8512,8512,0,,True
commonlii-LKCA-1947-69,commonlii,data/legal-sources/library/case-law/commonlii/LKCA/1947/69.txt,10271,10271,10271,0,,True
commonlii-LKCA-1947-71,commonlii,data/legal-sources/library/case-law/commonlii/LKCA/1947/71.txt,4136,4136,4136,0,,True
commonlii-LKCA-1947-72,commonlii,data/legal-sources/library/case-law/commonlii/LKCA/1947/72.txt,3537,3537,3537,0,,True
commonlii-LKCA-1947-73,commonlii,data/legal-sources/library/case-law/commonlii/LKCA/1947/73.txt,7474,7474,7474,0,,True
commonlii-LKCA-1947-74,commonlii,data/legal-sources/library/case-law/commonlii/LKCA/1947/74.txt,19093,19093,19093,0,,True
commonlii-LKCA-1947-77,commonlii,data/legal-sources/library/case-law/commonlii/LKCA/1947/77.txt,9199,9199,9199,0,,True
commonlii-LKCA-1947-79,commonlii,data/legal-sources/library/case-law/commonlii/LKCA/1947/79.txt,11132,11132,11132,5,replacement_character,False
commonlii-LKCA-1947-83,commonlii,data/legal-sources/library/case-law/commonlii/LKCA/1947/83.txt,33516,33516,33516,0,,True
commonlii-LKCA-1948-10,commonlii,data/legal-sources/library/case-law/commonlii/LKCA/1948/10.txt,33356,33356,33356,14,replacement_character,False
commonlii-LKCA-1948-100,commonlii,data/legal-sources/library/case-law/commonlii/LKCA/1948/100.txt,5229,5229,5229,0,,True
commonlii-LKCA-1948-101,commonlii,data/legal-sources/library/case-law/commonlii/LKCA/1948/101.txt,10265,10265,10265,15,replacement_character,False
commonlii-LKCA-1948-102,commonlii,data/legal-sources/library/case-law/commonlii/LKCA/1948/102.txt,14712,14712,14712,9,replacement_character,False
commonlii-LKCA-1948-103,commonlii,data/legal-sources/library/case-law/commonlii/LKCA/1948/103.txt,5414,5414,5414,6,replacement_character,False
commonlii-LKCA-1948-104,commonlii,data/legal-sources/library/case-law/commonlii/LKCA/1948/104.txt,11049,11049,11049,5,replacement_character,False
commonlii-LKCA-1948-105,commonlii,data/legal-sources/library/case-law/commonlii/LKCA/1948/105.txt,19522,19522,19522,11,replacement_character,False
commonlii-LKCA-1948-12,commonlii,data/legal-sources/library/case-law/commonlii/LKCA/1948/12.txt,26627,26627,26627,0,,True
commonlii-LKCA-1948-15,commonlii,data/legal-sources/library/case-law/commonlii/LKCA/1948/15.txt,18429,18429,18429,0,,True
commonlii-LKCA-1948-16,commonlii,data/legal-sources/library/case-law/commonlii/LKCA/1948/16.txt,10896,10896,10896,14,replacement_character,False
commonlii-LKCA-1948-2,commonlii,data/legal-sources/library/case-law/commonlii/LKCA/1948/2.txt,14698,14698,14698,8,replacement_character,False
commonlii-LKCA-1948-20,commonlii,data/legal-sources/library/case-law/commonlii/LKCA/1948/20.txt,11792,11792,11792,4,replacement_character,False
commonlii-LKCA-1948-21,commonlii,data/legal-sources/library/case-law/commonlii/LKCA/1948/21.txt,9440,9440,9440,2,replacement_character,False
commonlii-LKCA-1948-22,commonlii,data/legal-sources/library/case-law/commonlii/LKCA/1948/22.txt,11461,11461,11461,0,,True
commonlii-LKCA-1948-25,commonlii,data/legal-sources/library/case-law/commonlii/LKCA/1948/25.txt,25925,25925,25925,12,replacement_character,False
commonlii-LKCA-1948-26,commonlii,data/legal-sources/library/case-law/commonlii/LKCA/1948/26.txt,27769,27769,27769,0,,True
commonlii-LKCA-1948-27,commonlii,data/legal-sources/library/case-law/commonlii/LKCA/1948/27.txt,9131,9131,9131,5,replacement_character,False
commonlii-LKCA-1948-32,commonlii,data/legal-sources/library/case-law/commonlii/LKCA/1948/32.txt,11381,11381,11381,0,,True
commonlii-LKCA-1948-33,commonlii,data/legal-sources/library/case-law/commonlii/LKCA/1948/33.txt,6074,6074,6074,0,,True
commonlii-LKCA-1948-36,commonlii,data/legal-sources/library/case-law/commonlii/LKCA/1948/36.txt,6329,6329,6329,0,,True
commonlii-LKCA-1948-37,commonlii,data/legal-sources/library/case-law/commonlii/LKCA/1948/37.txt,11958,11958,11958,8,replacement_character,False
commonlii-LKCA-1948-38,commonlii,data/legal-sources/library/case-law/commonlii/LKCA/1948/38.txt,14316,14316,14316,8,replacement_character,False
commonlii-LKCA-1948-39,commonlii,data/legal-sources/library/case-law/commonlii/LKCA/1948/39.txt,14704,14704,14704,8,replacement_character,False
commonlii-LKCA-1948-40,commonlii,data/legal-sources/library/case-law/commonlii/LKCA/1948/40.txt,17667,17667,17667,0,,True
commonlii-LKCA-1948-47,commonlii,data/legal-sources/library/case-law/commonlii/LKCA/1948/47.txt,12825,12825,12825,6,replacement_character,False
commonlii-LKCA-1948-49,commonlii,data/legal-sources/library/case-law/commonlii/LKCA/1948/49.txt,6484,6484,6484,5,replacement_character,False
commonlii-LKCA-1948-50,commonlii,data/legal-sources/library/case-law/commonlii/LKCA/1948/50.txt,55317,55317,55317,6,replacement_character,False
commonlii-LKCA-1948-51,commonlii,data/legal-sources/library/case-law/commonlii/LKCA/1948/51.txt,7095,7095,7095,0,,True
commonlii-LKCA-1948-52,commonlii,data/legal-sources/library/case-law/commonlii/LKCA/1948/52.txt,11028,11028,11028,10,replacement_character,False
commonlii-LKCA-1948-53,commonlii,data/legal-sources/library/case-law/commonlii/LKCA/1948/53.txt,5907,5907,5907,6,replacement_character,False
commonlii-LKCA-1948-55,commonlii,data/legal-sources/library/case-law/commonlii/LKCA/1948/55.txt,12134,12134,12134,6,replacement_character,False
commonlii-LKCA-1948-56,commonlii,data/legal-sources/library/case-law/commonlii/LKCA/1948/56.txt,8712,8712,8712,0,,True
commonlii-LKCA-1948-57,commonlii,data/legal-sources/library/case-law/commonlii/LKCA/1948/57.txt,25658,25658,25658,1,replacement_character,False
commonlii-LKCA-1948-58,commonlii,data/legal-sources/library/case-law/commonlii/LKCA/1948/58.txt,7909,7909,7909,0,,True
commonlii-LKCA-1948-59,commonlii,data/legal-sources/library/case-law/commonlii/LKCA/1948/59.txt,29849,29849,29849,8,replacement_character,False
commonlii-LKCA-1948-61,commonlii,data/legal-sources/library/case-law/commonlii/LKCA/1948/61.txt,8121,8121,8121,0,,True
commonlii-LKCA-1948-63,commonlii,data/legal-sources/library/case-law/commonlii/LKCA/1948/63.txt,32988,32988,32988,1,replacement_character,False
commonlii-LKCA-1948-64,commonlii,data/legal-sources/library/case-law/commonlii/LKCA/1948/64.txt,10485,10485,10485,0,,True
commonlii-LKCA-1948-65,commonlii,data/legal-sources/library/case-law/commonlii/LKCA/1948/65.txt,8769,8769,8769,0,,True
commonlii-LKCA-1948-67,commonlii,data/legal-sources/library/case-law/commonlii/LKCA/1948/67.txt,14083,14083,14083,4,replacement_character,False
commonlii-LKCA-1948-7,commonlii,data/legal-sources/library/case-law/commonlii/LKCA/1948/7.txt,18539,18539,18539,0,,True
commonlii-LKCA-1948-70,commonlii,data/legal-sources/library/case-law/commonlii/LKCA/1948/70.txt,16089,16089,16089,6,replacement_character,False
commonlii-LKCA-1948-71,commonlii,data/legal-sources/library/case-law/commonlii/LKCA/1948/71.txt,4413,4413,4413,4,replacement_character,False
commonlii-LKCA-1948-73,commonlii,data/legal-sources/library/case-law/commonlii/LKCA/1948/73.txt,13684,13684,13684,7,replacement_character,False
commonlii-LKCA-1948-76,commonlii,data/legal-sources/library/case-law/commonlii/LKCA/1948/76.txt,11914,11914,11914,0,,True
commonlii-LKCA-1948-77,commonlii,data/legal-sources/library/case-law/commonlii/LKCA/1948/77.txt,5588,5588,5588,0,,True
commonlii-LKCA-1948-78,commonlii,data/legal-sources/library/case-law/commonlii/LKCA/1948/78.txt,6028,6028,6028,6,replacement_character,False
commonlii-LKCA-1948-79,commonlii,data/legal-sources/library/case-law/commonlii/LKCA/1948/79.txt,2408,2408,2408,4,replacement_character,False
commonlii-LKCA-1948-80,commonlii,data/legal-sources/library/case-law/commonlii/LKCA/1948/80.txt,13551,13551,13551,7,replacement_character,False
commonlii-LKCA-1948-81,commonlii,data/legal-sources/library/case-law/commonlii/LKCA/1948/81.txt,19314,19314,19314,0,,True
commonlii-LKCA-1948-82,commonlii,data/legal-sources/library/case-law/commonlii/LKCA/1948/82.txt,8577,8577,8577,0,,True
commonlii-LKCA-1948-83,commonlii,data/legal-sources/library/case-law/commonlii/LKCA/1948/83.txt,14474,14474,14474,0,,True
commonlii-LKCA-1948-86,commonlii,data/legal-sources/library/case-law/commonlii/LKCA/1948/86.txt,46288,46288,46288,0,,True
commonlii-LKCA-1948-89,commonlii,data/legal-sources/library/case-law/commonlii/LKCA/1948/89.txt,14421,14421,14421,0,,True
commonlii-LKCA-1948-90,commonlii,data/legal-sources/library/case-law/commonlii/LKCA/1948/90.txt,9681,9681,9681,5,replacement_character,False
commonlii-LKCA-1948-95,commonlii,data/legal-sources/library/case-law/commonlii/LKCA/1948/95.txt,5323,5323,5323,5,replacement_character,False
commonlii-LKCA-1948-96,commonlii,data/legal-sources/library/case-law/commonlii/LKCA/1948/96.txt,10205,10205,10205,0,,True
commonlii-LKCA-1948-98,commonlii,data/legal-sources/library/case-law/commonlii/LKCA/1948/98.txt,20778,20778,20778,1,replacement_character,False
commonlii-LKCA-1948-99,commonlii,data/legal-sources/library/case-law/commonlii/LKCA/1948/99.txt,9002,9002,9002,0,,True
commonlii-LKCA-1949-14,commonlii,data/legal-sources/library/case-law/commonlii/LKCA/1949/14.txt,9473,9473,9473,0,,True
commonlii-LKCA-1949-17,commonlii,data/legal-sources/library/case-law/commonlii/LKCA/1949/17.txt,14210,14210,14210,0,,True
commonlii-LKCA-1949-18,commonlii,data/legal-sources/library/case-law/commonlii/LKCA/1949/18.txt,5272,5272,5272,0,,True
commonlii-LKCA-1949-19,commonlii,data/legal-sources/library/case-law/commonlii/LKCA/1949/19.txt,11998,11998,11998,13,replacement_character,False
commonlii-LKCA-1949-22,commonlii,data/legal-sources/library/case-law/commonlii/LKCA/1949/22.txt,7988,7988,7988,0,,True
commonlii-LKCA-1949-23,commonlii,data/legal-sources/library/case-law/commonlii/LKCA/1949/23.txt,43627,43627,43627,0,,True
commonlii-LKCA-1949-31,commonlii,data/legal-sources/library/case-law/commonlii/LKCA/1949/31.txt,18375,18375,18375,0,,True
commonlii-LKCA-1949-33,commonlii,data/legal-sources/library/case-law/commonlii/LKCA/1949/33.txt,14853,14853,14853,0,,True
commonlii-LKCA-1949-34,commonlii,data/legal-sources/library/case-law/commonlii/LKCA/1949/34.txt,28076,28076,28076,0,,True
commonlii-LKCA-1949-35,commonlii,data/legal-sources/library/case-law/commonlii/LKCA/1949/35.txt,4991,4991,4991,7,replacement_character,False
commonlii-LKCA-1949-36,commonlii,data/legal-sources/library/case-law/commonlii/LKCA/1949/36.txt,27188,27188,27188,0,,True
commonlii-LKCA-1949-37,commonlii,data/legal-sources/library/case-law/commonlii/LKCA/1949/37.txt,9199,9199,9199,0,,True
commonlii-LKCA-1949-38,commonlii,data/legal-sources/library/case-law/commonlii/LKCA/1949/38.txt,19330,19330,19330,0,,True
commonlii-LKCA-1949-39,commonlii,data/legal-sources/library/case-law/commonlii/LKCA/1949/39.txt,14438,14438,14438,0,,True
commonlii-LKCA-1949-4,commonlii,data/legal-sources/library/case-law/commonlii/LKCA/1949/4.txt,20359,20359,20359,2,replacement_character,False
commonlii-LKCA-1949-41,commonlii,data/legal-sources/library/case-law/commonlii/LKCA/1949/41.txt,6174,6174,6174,4,replacement_character,False
commonlii-LKCA-1949-42,commonlii,data/legal-sources/library/case-law/commonlii/LKCA/1949/42.txt,8690,8690,8690,0,,True
commonlii-LKCA-1949-44,commonlii,data/legal-sources/library/case-law/commonlii/LKCA/1949/44.txt,6893,6893,6893,3,replacement_character,False
commonlii-LKCA-1949-45,commonlii,data/legal-sources/library/case-law/commonlii/LKCA/1949/45.txt,6069,6069,6069,0,,True
commonlii-LKCA-1949-49,commonlii,data/legal-sources/library/case-law/commonlii/LKCA/1949/49.txt,8811,8811,8811,0,,True
commonlii-LKCA-1949-51,commonlii,data/legal-sources/library/case-law/commonlii/LKCA/1949/51.txt,13065,13065,13065,6,replacement_character,False
commonlii-LKCA-1949-52,commonlii,data/legal-sources/library/case-law/commonlii/LKCA/1949/52.txt,11431,11431,11431,0,,True
commonlii-LKCA-1949-55,commonlii,data/legal-sources/library/case-law/commonlii/LKCA/1949/55.txt,12945,12945,12945,0,,True
commonlii-LKCA-1949-56,commonlii,data/legal-sources/library/case-law/commonlii/LKCA/1949/56.txt,9077,9077,9077,0,,True
commonlii-LKCA-1949-6,commonlii,data/legal-sources/library/case-law/commonlii/LKCA/1949/6.txt,11445,11445,11445,0,,True
commonlii-LKCA-1949-60,commonlii,data/legal-sources/library/case-law/commonlii/LKCA/1949/60.txt,12178,12178,12178,0,,True
commonlii-LKCA-1949-61,commonlii,data/legal-sources/library/case-law/commonlii/LKCA/1949/61.txt,5146,5146,5146,5,replacement_character,False
commonlii-LKCA-1949-62,commonlii,data/legal-sources/library/case-law/commonlii/LKCA/1949/62.txt,13266,13266,13266,0,,True
commonlii-LKCA-1949-8,commonlii,data/legal-sources/library/case-law/commonlii/LKCA/1949/8.txt,9765,9765,9765,0,,True
commonlii-LKCA-1950-1,commonlii,data/legal-sources/library/case-law/commonlii/LKCA/1950/1.txt,12653,12653,12653,0,,True
commonlii-LKCA-1950-11,commonlii,data/legal-sources/library/case-law/commonlii/LKCA/1950/11.txt,10097,10097,10097,0,,True
commonlii-LKCA-1950-14,commonlii,data/legal-sources/library/case-law/commonlii/LKCA/1950/14.txt,16096,16096,16096,0,,True
commonlii-LKCA-1950-18,commonlii,data/legal-sources/library/case-law/commonlii/LKCA/1950/18.txt,16104,16104,16104,0,,True
commonlii-LKCA-1950-25,commonlii,data/legal-sources/library/case-law/commonlii/LKCA/1950/25.txt,12920,12920,12920,0,,True
commonlii-LKCA-1950-26,commonlii,data/legal-sources/library/case-law/commonlii/LKCA/1950/26.txt,27136,27136,27136,0,,True
commonlii-LKCA-1950-27,commonlii,data/legal-sources/library/case-law/commonlii/LKCA/1950/27.txt,91411,91411,91411,43,replacement_character,False
commonlii-LKCA-1950-28,commonlii,data/legal-sources/library/case-law/commonlii/LKCA/1950/28.txt,6146,6146,6146,0,,True
commonlii-LKCA-1950-29,commonlii,data/legal-sources/library/case-law/commonlii/LKCA/1950/29.txt,8406,8406,8406,0,,True
commonlii-LKCA-1950-3,commonlii,data/legal-sources/library/case-law/commonlii/LKCA/1950/3.txt,10295,10295,10295,0,,True
commonlii-LKCA-1950-31,commonlii,data/legal-sources/library/case-law/commonlii/LKCA/1950/31.txt,11741,11741,11741,0,,True
commonlii-LKCA-1950-35,commonlii,data/legal-sources/library/case-law/commonlii/LKCA/1950/35.txt,12087,12087,12087,0,,True
commonlii-LKCA-1950-38,commonlii,data/legal-sources/library/case-law/commonlii/LKCA/1950/38.txt,17973,17973,17973,0,,True
commonlii-LKCA-1950-39,commonlii,data/legal-sources/library/case-law/commonlii/LKCA/1950/39.txt,13698,13698,13698,0,,True
commonlii-LKCA-1950-4,commonlii,data/legal-sources/library/case-law/commonlii/LKCA/1950/4.txt,8082,8082,8082,0,,True
commonlii-LKCA-1950-40,commonlii,data/legal-sources/library/case-law/commonlii/LKCA/1950/40.txt,16416,16416,16416,0,,True
commonlii-LKCA-1950-41,commonlii,data/legal-sources/library/case-law/commonlii/LKCA/1950/41.txt,27591,27591,27591,0,,True
commonlii-LKCA-1950-42,commonlii,data/legal-sources/library/case-law/commonlii/LKCA/1950/42.txt,6362,6362,6362,0,,True
commonlii-LKCA-1950-44,commonlii,data/legal-sources/library/case-law/commonlii/LKCA/1950/44.txt,13091,13091,13091,0,,True
commonlii-LKCA-1950-45,commonlii,data/legal-sources/library/case-law/commonlii/LKCA/1950/45.txt,20651,20651,20651,0,,True
commonlii-LKCA-1950-47,commonlii,data/legal-sources/library/case-law/commonlii/LKCA/1950/47.txt,20384,20384,20384,0,,True
commonlii-LKCA-1950-48,commonlii,data/legal-sources/library/case-law/commonlii/LKCA/1950/48.txt,5608,5608,5608,0,,True
commonlii-LKCA-1950-49,commonlii,data/legal-sources/library/case-law/commonlii/LKCA/1950/49.txt,24549,24549,24549,0,,True
commonlii-LKCA-1950-51,commonlii,data/legal-sources/library/case-law/commonlii/LKCA/1950/51.txt,8633,8633,8633,0,,True
commonlii-LKCA-1950-61,commonlii,data/legal-sources/library/case-law/commonlii/LKCA/1950/61.txt,9391,9391,9391,0,,True
commonlii-LKCA-1950-62,commonlii,data/legal-sources/library/case-law/commonlii/LKCA/1950/62.txt,9117,9117,9117,0,,True
commonlii-LKCA-1950-63,commonlii,data/legal-sources/library/case-law/commonlii/LKCA/1950/63.txt,37411,37411,37411,0,,True
commonlii-LKCA-1950-65,commonlii,data/legal-sources/library/case-law/commonlii/LKCA/1950/65.txt,6864,6864,6864,0,,True
commonlii-LKCA-1950-68,commonlii,data/legal-sources/library/case-law/commonlii/LKCA/1950/68.txt,7822,7822,7822,0,,True
commonlii-LKCA-1950-69,commonlii,data/legal-sources/library/case-law/commonlii/LKCA/1950/69.txt,14492,14492,14492,0,,True
commonlii-LKCA-1950-7,commonlii,data/legal-sources/library/case-law/commonlii/LKCA/1950/7.txt,20789,20789,20789,0,,True
commonlii-LKCA-1950-71,commonlii,data/legal-sources/library/case-law/commonlii/LKCA/1950/71.txt,7311,7311,7311,0,,True
commonlii-LKCA-1950-74,commonlii,data/legal-sources/library/case-law/commonlii/LKCA/1950/74.txt,8373,8373,8373,0,,True
commonlii-LKCA-1950-76,commonlii,data/legal-sources/library/case-law/commonlii/LKCA/1950/76.txt,35223,35223,35223,0,,True
commonlii-LKCA-1950-77,commonlii,data/legal-sources/library/case-law/commonlii/LKCA/1950/77.txt,53203,53203,53203,263,replacement_character,False
commonlii-LKCA-1951-1,commonlii,data/legal-sources/library/case-law/commonlii/LKCA/1951/1.txt,13706,13706,13706,0,,True
commonlii-LKCA-1951-11,commonlii,data/legal-sources/library/case-law/commonlii/LKCA/1951/11.txt,9526,9526,9526,0,,True
commonlii-LKCA-1951-12,commonlii,data/legal-sources/library/case-law/commonlii/LKCA/1951/12.txt,13918,13918,13918,0,,True
commonlii-LKCA-1951-16,commonlii,data/legal-sources/library/case-law/commonlii/LKCA/1951/16.txt,78124,78124,78124,0,,True
commonlii-LKCA-1951-19,commonlii,data/legal-sources/library/case-law/commonlii/LKCA/1951/19.txt,5637,5637,5637,0,,True
commonlii-LKCA-1951-2,commonlii,data/legal-sources/library/case-law/commonlii/LKCA/1951/2.txt,29722,29722,29722,0,,True
commonlii-LKCA-1951-20,commonlii,data/legal-sources/library/case-law/commonlii/LKCA/1951/20.txt,15898,15898,15898,0,,True
commonlii-LKCA-1951-22,commonlii,data/legal-sources/library/case-law/commonlii/LKCA/1951/22.txt,26962,26962,26962,0,,True
commonlii-LKCA-1951-23,commonlii,data/legal-sources/library/case-law/commonlii/LKCA/1951/23.txt,15943,15943,15943,0,,True
commonlii-LKCA-1951-25,commonlii,data/legal-sources/library/case-law/commonlii/LKCA/1951/25.txt,11330,11330,11330,0,,True
commonlii-LKCA-1951-27,commonlii,data/legal-sources/library/case-law/commonlii/LKCA/1951/27.txt,11545,11545,11545,0,,True
commonlii-LKCA-1951-3,commonlii,data/legal-sources/library/case-law/commonlii/LKCA/1951/3.txt,14621,14621,14621,0,,True
commonlii-LKCA-1951-30,commonlii,data/legal-sources/library/case-law/commonlii/LKCA/1951/30.txt,44974,44974,44974,0,,True
commonlii-LKCA-1951-34,commonlii,data/legal-sources/library/case-law/commonlii/LKCA/1951/34.txt,14842,14842,14842,0,,True
commonlii-LKCA-1951-4,commonlii,data/legal-sources/library/case-law/commonlii/LKCA/1951/4.txt,14183,14183,14183,0,,True
commonlii-LKCA-1951-47,commonlii,data/legal-sources/library/case-law/commonlii/LKCA/1951/47.txt,10700,10700,10700,0,,True
commonlii-LKCA-1951-48,commonlii,data/legal-sources/library/case-law/commonlii/LKCA/1951/48.txt,5343,5343,5343,0,,True
commonlii-LKCA-1951-49,commonlii,data/legal-sources/library/case-law/commonlii/LKCA/1951/49.txt,11380,11380,11380,0,,True
commonlii-LKCA-1951-50,commonlii,data/legal-sources/library/case-law/commonlii/LKCA/1951/50.txt,37583,37583,37583,0,,True
commonlii-LKCA-1951-51,commonlii,data/legal-sources/library/case-law/commonlii/LKCA/1951/51.txt,32494,32494,32494,0,,True
commonlii-LKCA-1951-52,commonlii,data/legal-sources/library/case-law/commonlii/LKCA/1951/52.txt,17665,17665,17665,0,,True
commonlii-LKCA-1951-53,commonlii,data/legal-sources/library/case-law/commonlii/LKCA/1951/53.txt,9082,9082,9082,0,,True
commonlii-LKCA-1951-55,commonlii,data/legal-sources/library/case-law/commonlii/LKCA/1951/55.txt,32848,32848,32848,0,,True
commonlii-LKCA-1951-56,commonlii,data/legal-sources/library/case-law/commonlii/LKCA/1951/56.txt,17320,17320,17320,0,,True
commonlii-LKCA-1951-57,commonlii,data/legal-sources/library/case-law/commonlii/LKCA/1951/57.txt,15983,15983,15983,0,,True
commonlii-LKCA-1951-58,commonlii,data/legal-sources/library/case-law/commonlii/LKCA/1951/58.txt,10441,10441,10441,0,,True
commonlii-LKCA-1951-59,commonlii,data/legal-sources/library/case-law/commonlii/LKCA/1951/59.txt,13278,13278,13278,0,,True
commonlii-LKCA-1951-6,commonlii,data/legal-sources/library/case-law/commonlii/LKCA/1951/6.txt,19552,19552,19552,0,,True
commonlii-LKCA-1951-66,commonlii,data/legal-sources/library/case-law/commonlii/LKCA/1951/66.txt,25662,25662,25662,0,,True
commonlii-LKCA-1951-7,commonlii,data/legal-sources/library/case-law/commonlii/LKCA/1951/7.txt,9812,9812,9812,0,,True
commonlii-LKCA-1951-73,commonlii,data/legal-sources/library/case-law/commonlii/LKCA/1951/73.txt,5004,5004,5004,0,,True
commonlii-LKCA-1951-74,commonlii,data/legal-sources/library/case-law/commonlii/LKCA/1951/74.txt,6488,6488,6488,0,,True
commonlii-LKCA-1951-75,commonlii,data/legal-sources/library/case-law/commonlii/LKCA/1951/75.txt,13795,13795,13795,0,,True
commonlii-LKCA-1951-76,commonlii,data/legal-sources/library/case-law/commonlii/LKCA/1951/76.txt,13145,13145,13145,0,,True
commonlii-LKCA-1951-77,commonlii,data/legal-sources/library/case-law/commonlii/LKCA/1951/77.txt,9544,9544,9544,3,replacement_character,False
commonlii-LKCA-1951-78,commonlii,data/legal-sources/library/case-law/commonlii/LKCA/1951/78.txt,13348,13348,13348,0,,True
commonlii-LKCA-1951-8,commonlii,data/legal-sources/library/case-law/commonlii/LKCA/1951/8.txt,34896,34896,34896,0,,True
commonlii-LKCA-1951-81,commonlii,data/legal-sources/library/case-law/commonlii/LKCA/1951/81.txt,15075,15075,15075,0,,True
commonlii-LKCA-1951-83,commonlii,data/legal-sources/library/case-law/commonlii/LKCA/1951/83.txt,9748,9748,9748,0,,True
commonlii-LKCA-1951-84,commonlii,data/legal-sources/library/case-law/commonlii/LKCA/1951/84.txt,11614,11614,11614,0,,True
commonlii-LKCA-1951-9,commonlii,data/legal-sources/library/case-law/commonlii/LKCA/1951/9.txt,7054,7054,7054,0,,True
commonlii-LKCA-1952-10,commonlii,data/legal-sources/library/case-law/commonlii/LKCA/1952/10.txt,14047,14047,14047,0,,True
commonlii-LKCA-1952-13,commonlii,data/legal-sources/library/case-law/commonlii/LKCA/1952/13.txt,9772,9772,9772,1,replacement_character,False
commonlii-LKCA-1952-15,commonlii,data/legal-sources/library/case-law/commonlii/LKCA/1952/15.txt,18921,18921,18921,0,,True
commonlii-LKCA-1952-18,commonlii,data/legal-sources/library/case-law/commonlii/LKCA/1952/18.txt,18658,18658,18658,0,,True
commonlii-LKCA-1952-19,commonlii,data/legal-sources/library/case-law/commonlii/LKCA/1952/19.txt,19753,19753,19753,0,,True
commonlii-LKCA-1952-20,commonlii,data/legal-sources/library/case-law/commonlii/LKCA/1952/20.txt,6584,6584,6584,0,,True
commonlii-LKCA-1952-29,commonlii,data/legal-sources/library/case-law/commonlii/LKCA/1952/29.txt,9365,9365,9365,0,,True
commonlii-LKCA-1952-31,commonlii,data/legal-sources/library/case-law/commonlii/LKCA/1952/31.txt,5795,5795,5795,0,,True
commonlii-LKCA-1952-32,commonlii,data/legal-sources/library/case-law/commonlii/LKCA/1952/32.txt,18094,18094,18094,0,,True
commonlii-LKCA-1952-34,commonlii,data/legal-sources/library/case-law/commonlii/LKCA/1952/34.txt,32393,32393,32393,0,,True
commonlii-LKCA-1952-37,commonlii,data/legal-sources/library/case-law/commonlii/LKCA/1952/37.txt,11336,11336,11336,0,,True
commonlii-LKCA-1952-4,commonlii,data/legal-sources/library/case-law/commonlii/LKCA/1952/4.txt,7351,7351,7351,0,,True
commonlii-LKCA-1952-43,commonlii,data/legal-sources/library/case-law/commonlii/LKCA/1952/43.txt,54413,54413,54413,5,replacement_character,False
commonlii-LKCA-1952-44,commonlii,data/legal-sources/library/case-law/commonlii/LKCA/1952/44.txt,10482,10482,10482,0,,True
commonlii-LKCA-1952-45,commonlii,data/legal-sources/library/case-law/commonlii/LKCA/1952/45.txt,7860,7860,7860,0,,True
commonlii-LKCA-1952-48,commonlii,data/legal-sources/library/case-law/commonlii/LKCA/1952/48.txt,7891,7891,7891,1,replacement_character,False
commonlii-LKCA-1952-49,commonlii,data/legal-sources/library/case-law/commonlii/LKCA/1952/49.txt,19178,19178,19178,0,,True
commonlii-LKCA-1952-50,commonlii,data/legal-sources/library/case-law/commonlii/LKCA/1952/50.txt,21066,21066,21066,0,,True
commonlii-LKCA-1952-52,commonlii,data/legal-sources/library/case-law/commonlii/LKCA/1952/52.txt,44248,44248,44248,0,,True
commonlii-LKCA-1952-53,commonlii,data/legal-sources/library/case-law/commonlii/LKCA/1952/53.txt,17702,17702,17702,0,,True
commonlii-LKCA-1952-54,commonlii,data/legal-sources/library/case-law/commonlii/LKCA/1952/54.txt,17775,17775,17775,0,,True
commonlii-LKCA-1952-59,commonlii,data/legal-sources/library/case-law/commonlii/LKCA/1952/59.txt,22819,22819,22819,0,,True
commonlii-LKCA-1952-6,commonlii,data/legal-sources/library/case-law/commonlii/LKCA/1952/6.txt,8376,8376,8376,0,,True
commonlii-LKCA-1952-60,commonlii,data/legal-sources/library/case-law/commonlii/LKCA/1952/60.txt,6611,6611,6611,0,,True
commonlii-LKCA-1952-70,commonlii,data/legal-sources/library/case-law/commonlii/LKCA/1952/70.txt,17711,17711,17711,0,,True
commonlii-LKCA-1952-71,commonlii,data/legal-sources/library/case-law/commonlii/LKCA/1952/71.txt,7256,7256,7256,0,,True
commonlii-LKCA-1952-72,commonlii,data/legal-sources/library/case-law/commonlii/LKCA/1952/72.txt,6055,6055,6055,0,,True
commonlii-LKCA-1952-73,commonlii,data/legal-sources/library/case-law/commonlii/LKCA/1952/73.txt,8774,8774,8774,2,replacement_character,False
commonlii-LKCA-1952-74,commonlii,data/legal-sources/library/case-law/commonlii/LKCA/1952/74.txt,10467,10467,10467,0,,True
commonlii-LKCA-1952-76,commonlii,data/legal-sources/library/case-law/commonlii/LKCA/1952/76.txt,5371,5371,5371,0,,True
commonlii-LKCA-1952-77,commonlii,data/legal-sources/library/case-law/commonlii/LKCA/1952/77.txt,6873,6873,6873,0,,True
commonlii-LKCA-1952-78,commonlii,data/legal-sources/library/case-law/commonlii/LKCA/1952/78.txt,3732,3732,3732,0,,True
commonlii-LKCA-1952-79,commonlii,data/legal-sources/library/case-law/commonlii/LKCA/1952/79.txt,7969,7969,7969,0,,True
commonlii-LKCA-1952-80,commonlii,data/legal-sources/library/case-law/commonlii/LKCA/1952/80.txt,10695,10695,10695,1,replacement_character,False
commonlii-LKCA-1953-10,commonlii,data/legal-sources/library/case-law/commonlii/LKCA/1953/10.txt,5110,5110,5110,0,,True
commonlii-LKCA-1953-13,commonlii,data/legal-sources/library/case-law/commonlii/LKCA/1953/13.txt,7403,7403,7403,0,,True
commonlii-LKCA-1953-16,commonlii,data/legal-sources/library/case-law/commonlii/LKCA/1953/16.txt,21236,21236,21236,0,,True
commonlii-LKCA-1953-2,commonlii,data/legal-sources/library/case-law/commonlii/LKCA/1953/2.txt,9501,9501,9501,0,,True
commonlii-LKCA-1953-21,commonlii,data/legal-sources/library/case-law/commonlii/LKCA/1953/21.txt,28186,28186,28186,0,,True
commonlii-LKCA-1953-24,commonlii,data/legal-sources/library/case-law/commonlii/LKCA/1953/24.txt,14064,14064,14064,0,,True
commonlii-LKCA-1953-25,commonlii,data/legal-sources/library/case-law/commonlii/LKCA/1953/25.txt,2407,2407,2407,0,,True
commonlii-LKCA-1953-26,commonlii,data/legal-sources/library/case-law/commonlii/LKCA/1953/26.txt,17261,17261,17261,0,,True
commonlii-LKCA-1953-28,commonlii,data/legal-sources/library/case-law/commonlii/LKCA/1953/28.txt,7243,7243,7243,0,,True
commonlii-LKCA-1953-29,commonlii,data/legal-sources/library/case-law/commonlii/LKCA/1953/29.txt,19933,19933,19933,0,,True
commonlii-LKCA-1953-32,commonlii,data/legal-sources/library/case-law/commonlii/LKCA/1953/32.txt,13632,13632,13632,0,,True
commonlii-LKCA-1953-34,commonlii,data/legal-sources/library/case-law/commonlii/LKCA/1953/34.txt,6262,6262,6262,0,,True
commonlii-LKCA-1953-35,commonlii,data/legal-sources/library/case-law/commonlii/LKCA/1953/35.txt,14201,14201,14201,0,,True
commonlii-LKCA-1953-36,commonlii,data/legal-sources/library/case-law/commonlii/LKCA/1953/36.txt,5896,5896,5896,0,,True
commonlii-LKCA-1953-38,commonlii,data/legal-sources/library/case-law/commonlii/LKCA/1953/38.txt,5184,5184,5184,0,,True
commonlii-LKCA-1953-47,commonlii,data/legal-sources/library/case-law/commonlii/LKCA/1953/47.txt,10898,10898,10898,0,,True
commonlii-LKCA-1953-54,commonlii,data/legal-sources/library/case-law/commonlii/LKCA/1953/54.txt,6002,6002,6002,0,,True
commonlii-LKCA-1953-55,commonlii,data/legal-sources/library/case-law/commonlii/LKCA/1953/55.txt,11797,11797,11797,0,,True
commonlii-LKCA-1953-59,commonlii,data/legal-sources/library/case-law/commonlii/LKCA/1953/59.txt,6708,6708,6708,0,,True
commonlii-LKCA-1953-9,commonlii,data/legal-sources/library/case-law/commonlii/LKCA/1953/9.txt,15617,15617,15617,0,,True
commonlii-LKCA-1954-1,commonlii,data/legal-sources/library/case-law/commonlii/LKCA/1954/1.txt,10201,10201,10201,0,,True
commonlii-LKCA-1954-100,commonlii,data/legal-sources/library/case-law/commonlii/LKCA/1954/100.txt,12095,12095,12095,0,,True
commonlii-LKCA-1954-101,commonlii,data/legal-sources/library/case-law/commonlii/LKCA/1954/101.txt,12333,12333,12333,0,,True
commonlii-LKCA-1954-102,commonlii,data/legal-sources/library/case-law/commonlii/LKCA/1954/102.txt,15963,15963,15963,0,,True
commonlii-LKCA-1954-103,commonlii,data/legal-sources/library/case-law/commonlii/LKCA/1954/103.txt,10460,10460,10460,0,,True
commonlii-LKCA-1954-104,commonlii,data/legal-sources/library/case-law/commonlii/LKCA/1954/104.txt,10662,10662,10662,0,,True
commonlii-LKCA-1954-105,commonlii,data/legal-sources/library/case-law/commonlii/LKCA/1954/105.txt,14679,14679,14679,0,,True
commonlii-LKCA-1954-106,commonlii,data/legal-sources/library/case-law/commonlii/LKCA/1954/106.txt,22002,22002,22002,1,replacement_character,False
commonlii-LKCA-1954-107,commonlii,data/legal-sources/library/case-law/commonlii/LKCA/1954/107.txt,10953,10953,10953,0,,True
commonlii-LKCA-1954-11,commonlii,data/legal-sources/library/case-law/commonlii/LKCA/1954/11.txt,6982,6982,6982,0,,True
commonlii-LKCA-1954-12,commonlii,data/legal-sources/library/case-law/commonlii/LKCA/1954/12.txt,10536,10536,10536,0,,True
commonlii-LKCA-1954-13,commonlii,data/legal-sources/library/case-law/commonlii/LKCA/1954/13.txt,6799,6799,6799,0,,True
commonlii-LKCA-1954-17,commonlii,data/legal-sources/library/case-law/commonlii/LKCA/1954/17.txt,5425,5425,5425,0,,True
commonlii-LKCA-1954-2,commonlii,data/legal-sources/library/case-law/commonlii/LKCA/1954/2.txt,10306,10306,10306,0,,True
commonlii-LKCA-1954-20,commonlii,data/legal-sources/library/case-law/commonlii/LKCA/1954/20.txt,11491,11491,11491,0,,True
commonlii-LKCA-1954-28,commonlii,data/legal-sources/library/case-law/commonlii/LKCA/1954/28.txt,14494,14494,14494,0,,True
commonlii-LKCA-1954-3,commonlii,data/legal-sources/library/case-law/commonlii/LKCA/1954/3.txt,15685,15685,15685,0,,True
commonlii-LKCA-1954-30,commonlii,data/legal-sources/library/case-law/commonlii/LKCA/1954/30.txt,7994,7994,7994,0,,True
commonlii-LKCA-1954-31,commonlii,data/legal-sources/library/case-law/commonlii/LKCA/1954/31.txt,21913,21913,21913,0,,True
commonlii-LKCA-1954-35,commonlii,data/legal-sources/library/case-law/commonlii/LKCA/1954/35.txt,28193,28193,28193,0,,True
commonlii-LKCA-1954-36,commonlii,data/legal-sources/library/case-law/commonlii/LKCA/1954/36.txt,9043,9043,9043,0,,True
commonlii-LKCA-1954-41,commonlii,data/legal-sources/library/case-law/commonlii/LKCA/1954/41.txt,7738,7738,7738,0,,True
commonlii-LKCA-1954-42,commonlii,data/legal-sources/library/case-law/commonlii/LKCA/1954/42.txt,5191,5191,5191,0,,True
commonlii-LKCA-1954-43,commonlii,data/legal-sources/library/case-law/commonlii/LKCA/1954/43.txt,14094,14094,14094,0,,True
commonlii-LKCA-1954-44,commonlii,data/legal-sources/library/case-law/commonlii/LKCA/1954/44.txt,23744,23744,23744,3,replacement_character,False
commonlii-LKCA-1954-45,commonlii,data/legal-sources/library/case-law/commonlii/LKCA/1954/45.txt,9414,9414,9414,0,,True
commonlii-LKCA-1954-46,commonlii,data/legal-sources/library/case-law/commonlii/LKCA/1954/46.txt,19311,19311,19311,0,,True
commonlii-LKCA-1954-5,commonlii,data/legal-sources/library/case-law/commonlii/LKCA/1954/5.txt,16499,16499,16499,0,,True
commonlii-LKCA-1954-53,commonlii,data/legal-sources/library/case-law/commonlii/LKCA/1954/53.txt,6946,6946,6946,0,,True
commonlii-LKCA-1954-54,commonlii,data/legal-sources/library/case-law/commonlii/LKCA/1954/54.txt,23569,23569,23569,0,,True
commonlii-LKCA-1954-56,commonlii,data/legal-sources/library/case-law/commonlii/LKCA/1954/56.txt,10890,10890,10890,0,,True
commonlii-LKCA-1954-6,commonlii,data/legal-sources/library/case-law/commonlii/LKCA/1954/6.txt,8098,8098,8098,0,,True
commonlii-LKCA-1954-62,commonlii,data/legal-sources/library/case-law/commonlii/LKCA/1954/62.txt,10030,10030,10030,0,,True
commonlii-LKCA-1954-65,commonlii,data/legal-sources/library/case-law/commonlii/LKCA/1954/65.txt,19634,19634,19634,0,,True
commonlii-LKCA-1954-66,commonlii,data/legal-sources/library/case-law/commonlii/LKCA/1954/66.txt,7865,7865,7865,0,,True
commonlii-LKCA-1954-67,commonlii,data/legal-sources/library/case-law/commonlii/LKCA/1954/67.txt,5930,5930,5930,0,,True
commonlii-LKCA-1954-69,commonlii,data/legal-sources/library/case-law/commonlii/LKCA/1954/69.txt,11082,11082,11082,3,replacement_character,False
commonlii-LKCA-1954-70,commonlii,data/legal-sources/library/case-law/commonlii/LKCA/1954/70.txt,6520,6520,6520,0,,True
commonlii-LKCA-1954-71,commonlii,data/legal-sources/library/case-law/commonlii/LKCA/1954/71.txt,13465,13465,13465,0,,True
commonlii-LKCA-1954-72,commonlii,data/legal-sources/library/case-law/commonlii/LKCA/1954/72.txt,30341,30341,30341,0,,True
commonlii-LKCA-1954-73,commonlii,data/legal-sources/library/case-law/commonlii/LKCA/1954/73.txt,17607,17607,17607,0,,True
commonlii-LKCA-1954-74,commonlii,data/legal-sources/library/case-law/commonlii/LKCA/1954/74.txt,14948,14948,14948,0,,True
commonlii-LKCA-1954-75,commonlii,data/legal-sources/library/case-law/commonlii/LKCA/1954/75.txt,5594,5594,5594,0,,True
commonlii-LKCA-1954-77,commonlii,data/legal-sources/library/case-law/commonlii/LKCA/1954/77.txt,6099,6099,6099,0,,True
commonlii-LKCA-1954-79,commonlii,data/legal-sources/library/case-law/commonlii/LKCA/1954/79.txt,10241,10241,10241,2,replacement_character,False
commonlii-LKCA-1954-8,commonlii,data/legal-sources/library/case-law/commonlii/LKCA/1954/8.txt,24225,24225,24225,0,,True
commonlii-LKCA-1954-80,commonlii,data/legal-sources/library/case-law/commonlii/LKCA/1954/80.txt,10271,10271,10271,0,,True
commonlii-LKCA-1954-82,commonlii,data/legal-sources/library/case-law/commonlii/LKCA/1954/82.txt,10585,10585,10585,0,,True
commonlii-LKCA-1954-83,commonlii,data/legal-sources/library/case-law/commonlii/LKCA/1954/83.txt,19801,19801,19801,0,,True
commonlii-LKCA-1954-85,commonlii,data/legal-sources/library/case-law/commonlii/LKCA/1954/85.txt,8990,8990,8990,0,,True
commonlii-LKCA-1954-86,commonlii,data/legal-sources/library/case-law/commonlii/LKCA/1954/86.txt,13496,13496,13496,0,,True
commonlii-LKCA-1954-89,commonlii,data/legal-sources/library/case-law/commonlii/LKCA/1954/89.txt,8759,8759,8759,0,,True
commonlii-LKCA-1954-91,commonlii,data/legal-sources/library/case-law/commonlii/LKCA/1954/91.txt,13728,13728,13728,0,,True
commonlii-LKCA-1954-94,commonlii,data/legal-sources/library/case-law/commonlii/LKCA/1954/94.txt,8922,8922,8922,0,,True
commonlii-LKCA-1954-96,commonlii,data/legal-sources/library/case-law/commonlii/LKCA/1954/96.txt,4662,4662,4662,0,,True
commonlii-LKCA-1954-99,commonlii,data/legal-sources/library/case-law/commonlii/LKCA/1954/99.txt,12791,12791,12791,0,,True
commonlii-LKCA-1955-10,commonlii,data/legal-sources/library/case-law/commonlii/LKCA/1955/10.txt,6965,6965,6965,0,,True
commonlii-LKCA-1955-18,commonlii,data/legal-sources/library/case-law/commonlii/LKCA/1955/18.txt,7380,7380,7380,0,,True
commonlii-LKCA-1955-19,commonlii,data/legal-sources/library/case-law/commonlii/LKCA/1955/19.txt,10891,10891,10891,0,,True
commonlii-LKCA-1955-2,commonlii,data/legal-sources/library/case-law/commonlii/LKCA/1955/2.txt,5510,5510,5510,0,,True
commonlii-LKCA-1955-20,commonlii,data/legal-sources/library/case-law/commonlii/LKCA/1955/20.txt,15110,15110,15110,0,,True
commonlii-LKCA-1955-21,commonlii,data/legal-sources/library/case-law/commonlii/LKCA/1955/21.txt,16174,16174,16174,0,,True
commonlii-LKCA-1955-24,commonlii,data/legal-sources/library/case-law/commonlii/LKCA/1955/24.txt,34651,34651,34651,0,,True
commonlii-LKCA-1955-29,commonlii,data/legal-sources/library/case-law/commonlii/LKCA/1955/29.txt,4375,4375,4375,0,,True
commonlii-LKCA-1955-3,commonlii,data/legal-sources/library/case-law/commonlii/LKCA/1955/3.txt,22395,22395,22395,0,,True
commonlii-LKCA-1955-30,commonlii,data/legal-sources/library/case-law/commonlii/LKCA/1955/30.txt,10854,10854,10854,0,,True
commonlii-LKCA-1955-36,commonlii,data/legal-sources/library/case-law/commonlii/LKCA/1955/36.txt,13120,13120,13120,0,,True
commonlii-LKCA-1955-37,commonlii,data/legal-sources/library/case-law/commonlii/LKCA/1955/37.txt,6762,6762,6762,0,,True
commonlii-LKCA-1955-38,commonlii,data/legal-sources/library/case-law/commonlii/LKCA/1955/38.txt,7000,7000,7000,0,,True
commonlii-LKCA-1955-39,commonlii,data/legal-sources/library/case-law/commonlii/LKCA/1955/39.txt,11467,11467,11467,0,,True
commonlii-LKCA-1955-4,commonlii,data/legal-sources/library/case-law/commonlii/LKCA/1955/4.txt,9811,9811,9811,0,,True
commonlii-LKCA-1955-41,commonlii,data/legal-sources/library/case-law/commonlii/LKCA/1955/41.txt,15761,15761,15761,0,,True
commonlii-LKCA-1955-45,commonlii,data/legal-sources/library/case-law/commonlii/LKCA/1955/45.txt,17847,17847,17847,0,,True
commonlii-LKCA-1955-50,commonlii,data/legal-sources/library/case-law/commonlii/LKCA/1955/50.txt,9422,9422,9422,0,,True
commonlii-LKCA-1955-51,commonlii,data/legal-sources/library/case-law/commonlii/LKCA/1955/51.txt,5706,5706,5706,0,,True
commonlii-LKCA-1955-53,commonlii,data/legal-sources/library/case-law/commonlii/LKCA/1955/53.txt,10757,10757,10757,0,,True
commonlii-LKCA-1955-54,commonlii,data/legal-sources/library/case-law/commonlii/LKCA/1955/54.txt,20754,20754,20754,0,,True
commonlii-LKCA-1955-59,commonlii,data/legal-sources/library/case-law/commonlii/LKCA/1955/59.txt,8246,8246,8246,0,,True
commonlii-LKCA-1955-60,commonlii,data/legal-sources/library/case-law/commonlii/LKCA/1955/60.txt,8210,8210,8210,0,,True
commonlii-LKCA-1955-62,commonlii,data/legal-sources/library/case-law/commonlii/LKCA/1955/62.txt,3966,3966,3966,0,,True
commonlii-LKCA-1955-63,commonlii,data/legal-sources/library/case-law/commonlii/LKCA/1955/63.txt,12905,12905,12905,0,,True
commonlii-LKCA-1955-65,commonlii,data/legal-sources/library/case-law/commonlii/LKCA/1955/65.txt,8714,8714,8714,0,,True
commonlii-LKCA-1955-67,commonlii,data/legal-sources/library/case-law/commonlii/LKCA/1955/67.txt,18027,18027,18027,0,,True
commonlii-LKCA-1955-69,commonlii,data/legal-sources/library/case-law/commonlii/LKCA/1955/69.txt,4551,4551,4551,0,,True
commonlii-LKCA-1955-7,commonlii,data/legal-sources/library/case-law/commonlii/LKCA/1955/7.txt,5728,5728,5728,0,,True
commonlii-LKCA-1955-71,commonlii,data/legal-sources/library/case-law/commonlii/LKCA/1955/71.txt,5493,5493,5493,0,,True
commonlii-LKCA-1955-73,commonlii,data/legal-sources/library/case-law/commonlii/LKCA/1955/73.txt,5338,5338,5338,0,,True
commonlii-LKCA-1955-74,commonlii,data/legal-sources/library/case-law/commonlii/LKCA/1955/74.txt,23988,23988,23988,0,,True
commonlii-LKCA-1955-75,commonlii,data/legal-sources/library/case-law/commonlii/LKCA/1955/75.txt,23505,23505,23505,0,,True
commonlii-LKCA-1955-76,commonlii,data/legal-sources/library/case-law/commonlii/LKCA/1955/76.txt,5512,5512,5512,0,,True
commonlii-LKCA-1955-77,commonlii,data/legal-sources/library/case-law/commonlii/LKCA/1955/77.txt,9199,9199,9199,0,,True
commonlii-LKCA-1955-78,commonlii,data/legal-sources/library/case-law/commonlii/LKCA/1955/78.txt,7304,7304,7304,5,replacement_character,False
commonlii-LKCA-1955-79,commonlii,data/legal-sources/library/case-law/commonlii/LKCA/1955/79.txt,8818,8818,8818,4,replacement_character,False
commonlii-LKCA-1955-8,commonlii,data/legal-sources/library/case-law/commonlii/LKCA/1955/8.txt,2130,2130,2130,0,,True
commonlii-LKCA-1955-80,commonlii,data/legal-sources/library/case-law/commonlii/LKCA/1955/80.txt,4186,4186,4186,0,,True
commonlii-LKCA-1955-82,commonlii,data/legal-sources/library/case-law/commonlii/LKCA/1955/82.txt,11139,11139,11139,0,,True
commonlii-LKCA-1956-1,commonlii,data/legal-sources/library/case-law/commonlii/LKCA/1956/1.txt,7932,7932,7932,0,,True
commonlii-LKCA-1956-11,commonlii,data/legal-sources/library/case-law/commonlii/LKCA/1956/11.txt,15310,15310,15310,0,,True
commonlii-LKCA-1956-13,commonlii,data/legal-sources/library/case-law/commonlii/LKCA/1956/13.txt,19786,19786,19786,0,,True
commonlii-LKCA-1956-14,commonlii,data/legal-sources/library/case-law/commonlii/LKCA/1956/14.txt,13030,13030,13030,0,,True
commonlii-LKCA-1956-15,commonlii,data/legal-sources/library/case-law/commonlii/LKCA/1956/15.txt,12451,12451,12451,0,,True
commonlii-LKCA-1956-16,commonlii,data/legal-sources/library/case-law/commonlii/LKCA/1956/16.txt,13707,13707,13707,5,replacement_character,False
commonlii-LKCA-1956-17,commonlii,data/legal-sources/library/case-law/commonlii/LKCA/1956/17.txt,10777,10777,10777,1,replacement_character,False
commonlii-LKCA-1956-18,commonlii,data/legal-sources/library/case-law/commonlii/LKCA/1956/18.txt,16290,16290,16290,0,,True
commonlii-LKCA-1956-20,commonlii,data/legal-sources/library/case-law/commonlii/LKCA/1956/20.txt,10229,10229,10229,5,replacement_character,False
commonlii-LKCA-1956-22,commonlii,data/legal-sources/library/case-law/commonlii/LKCA/1956/22.txt,11480,11480,11480,0,,True
commonlii-LKCA-1956-23,commonlii,data/legal-sources/library/case-law/commonlii/LKCA/1956/23.txt,13788,13788,13788,0,,True
commonlii-LKCA-1956-26,commonlii,data/legal-sources/library/case-law/commonlii/LKCA/1956/26.txt,15108,15108,15108,0,,True
commonlii-LKCA-1956-27,commonlii,data/legal-sources/library/case-law/commonlii/LKCA/1956/27.txt,4120,4120,4120,4,replacement_character,False
commonlii-LKCA-1956-28,commonlii,data/legal-sources/library/case-law/commonlii/LKCA/1956/28.txt,11809,11809,11809,0,,True
commonlii-LKCA-1956-29,commonlii,data/legal-sources/library/case-law/commonlii/LKCA/1956/29.txt,17881,17881,17881,0,,True
commonlii-LKCA-1956-30,commonlii,data/legal-sources/library/case-law/commonlii/LKCA/1956/30.txt,8894,8894,8894,0,,True
commonlii-LKCA-1956-31,commonlii,data/legal-sources/library/case-law/commonlii/LKCA/1956/31.txt,9315,9315,9315,0,,True
commonlii-LKCA-1956-32,commonlii,data/legal-sources/library/case-law/commonlii/LKCA/1956/32.txt,4281,4281,4281,0,,True
commonlii-LKCA-1956-33,commonlii,data/legal-sources/library/case-law/commonlii/LKCA/1956/33.txt,8640,8640,8640,0,,True
commonlii-LKCA-1956-34,commonlii,data/legal-sources/library/case-law/commonlii/LKCA/1956/34.txt,5975,5975,5975,0,,True
commonlii-LKCA-1956-37,commonlii,data/legal-sources/library/case-law/commonlii/LKCA/1956/37.txt,15874,15874,15874,11,replacement_character,False
commonlii-LKCA-1956-38,commonlii,data/legal-sources/library/case-law/commonlii/LKCA/1956/38.txt,5056,5056,5056,6,replacement_character,False
commonlii-LKCA-1956-44,commonlii,data/legal-sources/library/case-law/commonlii/LKCA/1956/44.txt,10471,10471,10471,0,,True
commonlii-LKCA-1956-45,commonlii,data/legal-sources/library/case-law/commonlii/LKCA/1956/45.txt,12959,12959,12959,0,,True
commonlii-LKCA-1956-47,commonlii,data/legal-sources/library/case-law/commonlii/LKCA/1956/47.txt,21662,21662,21662,0,,True
commonlii-LKCA-1956-49,commonlii,data/legal-sources/library/case-law/commonlii/LKCA/1956/49.txt,5742,5742,5742,0,,True
commonlii-LKCA-1956-50,commonlii,data/legal-sources/library/case-law/commonlii/LKCA/1956/50.txt,37090,37090,37090,0,,True
commonlii-LKCA-1956-52,commonlii,data/legal-sources/library/case-law/commonlii/LKCA/1956/52.txt,15245,15245,15245,0,,True
commonlii-LKCA-1956-53,commonlii,data/legal-sources/library/case-law/commonlii/LKCA/1956/53.txt,3387,3387,3387,0,,True
commonlii-LKCA-1956-56,commonlii,data/legal-sources/library/case-law/commonlii/LKCA/1956/56.txt,48414,48414,48414,0,,True
commonlii-LKCA-1956-57,commonlii,data/legal-sources/library/case-law/commonlii/LKCA/1956/57.txt,7885,7885,7885,0,,True
commonlii-LKCA-1956-60,commonlii,data/legal-sources/library/case-law/commonlii/LKCA/1956/60.txt,18329,18329,18329,0,,True
commonlii-LKCA-1956-62,commonlii,data/legal-sources/library/case-law/commonlii/LKCA/1956/62.txt,6708,6708,6708,0,,True
commonlii-LKCA-1956-63,commonlii,data/legal-sources/library/case-law/commonlii/LKCA/1956/63.txt,14400,14400,14400,0,,True
commonlii-LKCA-1956-66,commonlii,data/legal-sources/library/case-law/commonlii/LKCA/1956/66.txt,10455,10455,10455,1,replacement_character,False
commonlii-LKCA-1956-68,commonlii,data/legal-sources/library/case-law/commonlii/LKCA/1956/68.txt,4398,4398,4398,0,,True
commonlii-LKCA-1956-69,commonlii,data/legal-sources/library/case-law/commonlii/LKCA/1956/69.txt,12335,12335,12335,0,,True
commonlii-LKCA-1956-7,commonlii,data/legal-sources/library/case-law/commonlii/LKCA/1956/7.txt,33714,33714,33714,0,,True
commonlii-LKCA-1956-73,commonlii,data/legal-sources/library/case-law/commonlii/LKCA/1956/73.txt,12721,12721,12721,4,replacement_character,False
commonlii-LKCA-1956-74,commonlii,data/legal-sources/library/case-law/commonlii/LKCA/1956/74.txt,23585,23585,23585,0,,True
commonlii-LKCA-1956-78,commonlii,data/legal-sources/library/case-law/commonlii/LKCA/1956/78.txt,6842,6842,6842,1,replacement_character,False
commonlii-LKCA-1956-79,commonlii,data/legal-sources/library/case-law/commonlii/LKCA/1956/79.txt,16951,16951,16951,6,replacement_character,False
commonlii-LKCA-1956-8,commonlii,data/legal-sources/library/case-law/commonlii/LKCA/1956/8.txt,9703,9703,9703,0,,True
commonlii-LKCA-1956-84,commonlii,data/legal-sources/library/case-law/commonlii/LKCA/1956/84.txt,7257,7257,7257,0,,True
commonlii-LKCA-1956-86,commonlii,data/legal-sources/library/case-law/commonlii/LKCA/1956/86.txt,5666,5666,5666,0,,True
commonlii-LKCA-1956-87,commonlii,data/legal-sources/library/case-law/commonlii/LKCA/1956/87.txt,10235,10235,10235,11,replacement_character,False
commonlii-LKCA-1956-88,commonlii,data/legal-sources/library/case-law/commonlii/LKCA/1956/88.txt,11432,11432,11432,6,replacement_character,False
commonlii-LKCA-1956-90,commonlii,data/legal-sources/library/case-law/commonlii/LKCA/1956/90.txt,6747,6747,6747,0,,True
commonlii-LKCA-1956-91,commonlii,data/legal-sources/library/case-law/commonlii/LKCA/1956/91.txt,8029,8029,8029,0,,True
commonlii-LKCA-1956-92,commonlii,data/legal-sources/library/case-law/commonlii/LKCA/1956/92.txt,10489,10489,10489,0,,True
commonlii-LKCA-1957-1,commonlii,data/legal-sources/library/case-law/commonlii/LKCA/1957/1.txt,35487,35487,35487,4,replacement_character,False
commonlii-LKCA-1957-100,commonlii,data/legal-sources/library/case-law/commonlii/LKCA/1957/100.txt,4527,4527,4527,0,,True
commonlii-LKCA-1957-101,commonlii,data/legal-sources/library/case-law/commonlii/LKCA/1957/101.txt,14888,14888,14888,0,,True
commonlii-LKCA-1957-102,commonlii,data/legal-sources/library/case-law/commonlii/LKCA/1957/102.txt,11971,11971,11971,0,,True
commonlii-LKCA-1957-103,commonlii,data/legal-sources/library/case-law/commonlii/LKCA/1957/103.txt,5969,5969,5969,0,,True
commonlii-LKCA-1957-15,commonlii,data/legal-sources/library/case-law/commonlii/LKCA/1957/15.txt,14891,14891,14891,0,,True
commonlii-LKCA-1957-16,commonlii,data/legal-sources/library/case-law/commonlii/LKCA/1957/16.txt,27454,27454,27454,0,,True
commonlii-LKCA-1957-18,commonlii,data/legal-sources/library/case-law/commonlii/LKCA/1957/18.txt,30543,30543,30543,0,,True
commonlii-LKCA-1957-19,commonlii,data/legal-sources/library/case-law/commonlii/LKCA/1957/19.txt,7435,7435,7435,3,replacement_character,False
commonlii-LKCA-1957-2,commonlii,data/legal-sources/library/case-law/commonlii/LKCA/1957/2.txt,18168,18168,18168,0,,True
commonlii-LKCA-1957-24,commonlii,data/legal-sources/library/case-law/commonlii/LKCA/1957/24.txt,9956,9956,9956,2,replacement_character,False
commonlii-LKCA-1957-27,commonlii,data/legal-sources/library/case-law/commonlii/LKCA/1957/27.txt,20600,20600,20600,0,,True
commonlii-LKCA-1957-28,commonlii,data/legal-sources/library/case-law/commonlii/LKCA/1957/28.txt,8472,8472,8472,1,replacement_character,False
commonlii-LKCA-1957-29,commonlii,data/legal-sources/library/case-law/commonlii/LKCA/1957/29.txt,4692,4692,4692,2,replacement_character,False
commonlii-LKCA-1957-30,commonlii,data/legal-sources/library/case-law/commonlii/LKCA/1957/30.txt,6768,6768,6768,0,,True
commonlii-LKCA-1957-36,commonlii,data/legal-sources/library/case-law/commonlii/LKCA/1957/36.txt,9804,9804,9804,0,,True
commonlii-LKCA-1957-40,commonlii,data/legal-sources/library/case-law/commonlii/LKCA/1957/40.txt,19577,19577,19577,0,,True
commonlii-LKCA-1957-43,commonlii,data/legal-sources/library/case-law/commonlii/LKCA/1957/43.txt,9677,9677,9677,0,,True
commonlii-LKCA-1957-46,commonlii,data/legal-sources/library/case-law/commonlii/LKCA/1957/46.txt,10931,10931,10931,2,replacement_character,False
commonlii-LKCA-1957-47,commonlii,data/legal-sources/library/case-law/commonlii/LKCA/1957/47.txt,9892,9892,9892,0,,True
commonlii-LKCA-1957-48,commonlii,data/legal-sources/library/case-law/commonlii/LKCA/1957/48.txt,20705,20705,20705,0,,True
commonlii-LKCA-1957-49,commonlii,data/legal-sources/library/case-law/commonlii/LKCA/1957/49.txt,5847,5847,5847,0,,True
commonlii-LKCA-1957-5,commonlii,data/legal-sources/library/case-law/commonlii/LKCA/1957/5.txt,2899,2899,2899,0,,True
commonlii-LKCA-1957-50,commonlii,data/legal-sources/library/case-law/commonlii/LKCA/1957/50.txt,15648,15648,15648,0,,True
commonlii-LKCA-1957-51,commonlii,data/legal-sources/library/case-law/commonlii/LKCA/1957/51.txt,95656,95656,95656,6,replacement_character,False
commonlii-LKCA-1957-52,commonlii,data/legal-sources/library/case-law/commonlii/LKCA/1957/52.txt,7319,7319,7319,0,,True
commonlii-LKCA-1957-55,commonlii,data/legal-sources/library/case-law/commonlii/LKCA/1957/55.txt,10153,10153,10153,5,replacement_character,False
commonlii-LKCA-1957-56,commonlii,data/legal-sources/library/case-law/commonlii/LKCA/1957/56.txt,10426,10426,10426,0,,True
commonlii-LKCA-1957-58,commonlii,data/legal-sources/library/case-law/commonlii/LKCA/1957/58.txt,17233,17233,17233,0,,True
commonlii-LKCA-1957-61,commonlii,data/legal-sources/library/case-law/commonlii/LKCA/1957/61.txt,56160,56160,56160,5,replacement_character,False
commonlii-LKCA-1957-62,commonlii,data/legal-sources/library/case-law/commonlii/LKCA/1957/62.txt,15863,15863,15863,0,,True
commonlii-LKCA-1957-63,commonlii,data/legal-sources/library/case-law/commonlii/LKCA/1957/63.txt,32515,32515,32515,0,,True
commonlii-LKCA-1957-64,commonlii,data/legal-sources/library/case-law/commonlii/LKCA/1957/64.txt,51577,51577,51577,0,,True
commonlii-LKCA-1957-65,commonlii,data/legal-sources/library/case-law/commonlii/LKCA/1957/65.txt,12673,12673,12673,0,,True
commonlii-LKCA-1957-66,commonlii,data/legal-sources/library/case-law/commonlii/LKCA/1957/66.txt,15505,15505,15505,9,replacement_character,False
commonlii-LKCA-1957-67,commonlii,data/legal-sources/library/case-law/commonlii/LKCA/1957/67.txt,19570,19570,19570,0,,True
commonlii-LKCA-1957-68,commonlii,data/legal-sources/library/case-law/commonlii/LKCA/1957/68.txt,21169,21169,21169,0,,True
commonlii-LKCA-1957-69,commonlii,data/legal-sources/library/case-law/commonlii/LKCA/1957/69.txt,38494,38494,38494,0,,True
commonlii-LKCA-1957-72,commonlii,data/legal-sources/library/case-law/commonlii/LKCA/1957/72.txt,9335,9335,9335,0,,True
commonlii-LKCA-1957-75,commonlii,data/legal-sources/library/case-law/commonlii/LKCA/1957/75.txt,22616,22616,22616,0,,True
commonlii-LKCA-1957-76,commonlii,data/legal-sources/library/case-law/commonlii/LKCA/1957/76.txt,4096,4096,4096,0,,True
commonlii-LKCA-1957-77,commonlii,data/legal-sources/library/case-law/commonlii/LKCA/1957/77.txt,12286,12286,12286,0,,True
commonlii-LKCA-1957-83,commonlii,data/legal-sources/library/case-law/commonlii/LKCA/1957/83.txt,7201,7201,7201,0,,True
commonlii-LKCA-1957-87,commonlii,data/legal-sources/library/case-law/commonlii/LKCA/1957/87.txt,8948,8948,8948,0,,True
commonlii-LKCA-1957-89,commonlii,data/legal-sources/library/case-law/commonlii/LKCA/1957/89.txt,4588,4588,4588,0,,True
commonlii-LKCA-1957-90,commonlii,data/legal-sources/library/case-law/commonlii/LKCA/1957/90.txt,12357,12357,12357,0,,True
commonlii-LKCA-1957-91,commonlii,data/legal-sources/library/case-law/commonlii/LKCA/1957/91.txt,10576,10576,10576,3,replacement_character,False
commonlii-LKCA-1957-92,commonlii,data/legal-sources/library/case-law/commonlii/LKCA/1957/92.txt,5757,5757,5757,0,,True
commonlii-LKCA-1957-93,commonlii,data/legal-sources/library/case-law/commonlii/LKCA/1957/93.txt,33904,33904,33904,0,,True
commonlii-LKCA-1957-98,commonlii,data/legal-sources/library/case-law/commonlii/LKCA/1957/98.txt,9608,9608,9608,0,,True
commonlii-LKCA-1957-99,commonlii,data/legal-sources/library/case-law/commonlii/LKCA/1957/99.txt,8198,8198,8198,0,,True
commonlii-LKCA-1958-11,commonlii,data/legal-sources/library/case-law/commonlii/LKCA/1958/11.txt,58383,58383,58383,0,,True
commonlii-LKCA-1958-12,commonlii,data/legal-sources/library/case-law/commonlii/LKCA/1958/12.txt,14267,14267,14267,0,,True
commonlii-LKCA-1958-13,commonlii,data/legal-sources/library/case-law/commonlii/LKCA/1958/13.txt,13019,13019,13019,11,replacement_character,False
commonlii-LKCA-1958-14,commonlii,data/legal-sources/library/case-law/commonlii/LKCA/1958/14.txt,18513,18513,18513,8,replacement_character,False
commonlii-LKCA-1958-15,commonlii,data/legal-sources/library/case-law/commonlii/LKCA/1958/15.txt,13967,13967,13967,0,,True
commonlii-LKCA-1958-17,commonlii,data/legal-sources/library/case-law/commonlii/LKCA/1958/17.txt,17405,17405,17405,13,replacement_character,False
commonlii-LKCA-1958-18,commonlii,data/legal-sources/library/case-law/commonlii/LKCA/1958/18.txt,87079,87079,87079,1,replacement_character,False
commonlii-LKCA-1958-19,commonlii,data/legal-sources/library/case-law/commonlii/LKCA/1958/19.txt,10225,10225,10225,0,,True
commonlii-LKCA-1958-2,commonlii,data/legal-sources/library/case-law/commonlii/LKCA/1958/2.txt,95031,95031,95031,61,replacement_character,False
commonlii-LKCA-1958-20,commonlii,data/legal-sources/library/case-law/commonlii/LKCA/1958/20.txt,12103,12103,12103,0,,True
commonlii-LKCA-1958-21,commonlii,data/legal-sources/library/case-law/commonlii/LKCA/1958/21.txt,6010,6010,6010,0,,True
commonlii-LKCA-1958-22,commonlii,data/legal-sources/library/case-law/commonlii/LKCA/1958/22.txt,6619,6619,6619,0,,True
commonlii-LKCA-1958-23,commonlii,data/legal-sources/library/case-law/commonlii/LKCA/1958/23.txt,7711,7711,7711,2,replacement_character,False
commonlii-LKCA-1958-24,commonlii,data/legal-sources/library/case-law/commonlii/LKCA/1958/24.txt,10704,10704,10704,14,replacement_character,False
commonlii-LKCA-1958-25,commonlii,data/legal-sources/library/case-law/commonlii/LKCA/1958/25.txt,10059,10059,10059,10,replacement_character,False
commonlii-LKCA-1958-28,commonlii,data/legal-sources/library/case-law/commonlii/LKCA/1958/28.txt,11793,11793,11793,0,,True
commonlii-LKCA-1958-30,commonlii,data/legal-sources/library/case-law/commonlii/LKCA/1958/30.txt,20277,20277,20277,0,,True
commonlii-LKCA-1958-33,commonlii,data/legal-sources/library/case-law/commonlii/LKCA/1958/33.txt,20982,20982,20982,10,replacement_character,False
commonlii-LKCA-1958-34,commonlii,data/legal-sources/library/case-law/commonlii/LKCA/1958/34.txt,24050,24050,24050,25,replacement_character,False
commonlii-LKCA-1958-35,commonlii,data/legal-sources/library/case-law/commonlii/LKCA/1958/35.txt,10169,10169,10169,3,replacement_character,False
commonlii-LKCA-1958-36,commonlii,data/legal-sources/library/case-law/commonlii/LKCA/1958/36.txt,18106,18106,18106,0,,True
commonlii-LKCA-1958-37,commonlii,data/legal-sources/library/case-law/commonlii/LKCA/1958/37.txt,10532,10532,10532,0,,True
commonlii-LKCA-1958-4,commonlii,data/legal-sources/library/case-law/commonlii/LKCA/1958/4.txt,35440,35440,35440,0,,True
commonlii-LKCA-1958-40,commonlii,data/legal-sources/library/case-law/commonlii/LKCA/1958/40.txt,10503,10503,10503,0,,True
commonlii-LKCA-1958-42,commonlii,data/legal-sources/library/case-law/commonlii/LKCA/1958/42.txt,8221,8221,8221,7,replacement_character,False
commonlii-LKCA-1958-44,commonlii,data/legal-sources/library/case-law/commonlii/LKCA/1958/44.txt,14997,14997,14997,0,,True
commonlii-LKCA-1958-46,commonlii,data/legal-sources/library/case-law/commonlii/LKCA/1958/46.txt,13463,13463,13463,0,,True
commonlii-LKCA-1958-47,commonlii,data/legal-sources/library/case-law/commonlii/LKCA/1958/47.txt,7795,7795,7795,2,replacement_character,False
commonlii-LKCA-1958-48,commonlii,data/legal-sources/library/case-law/commonlii/LKCA/1958/48.txt,19749,19749,19749,0,,True
commonlii-LKCA-1958-50,commonlii,data/legal-sources/library/case-law/commonlii/LKCA/1958/50.txt,21489,21489,21489,0,,True
commonlii-LKCA-1958-52,commonlii,data/legal-sources/library/case-law/commonlii/LKCA/1958/52.txt,12107,12107,12107,7,replacement_character,False
commonlii-LKCA-1958-61,commonlii,data/legal-sources/library/case-law/commonlii/LKCA/1958/61.txt,8030,8030,8030,0,,True
commonlii-LKCA-1958-62,commonlii,data/legal-sources/library/case-law/commonlii/LKCA/1958/62.txt,9892,9892,9892,5,replacement_character,False
commonlii-LKCA-1958-63,commonlii,data/legal-sources/library/case-law/commonlii/LKCA/1958/63.txt,2470,2470,2470,0,,True
commonlii-LKCA-1958-64,commonlii,data/legal-sources/library/case-law/commonlii/LKCA/1958/64.txt,7422,7422,7422,0,,True
commonlii-LKCA-1958-65,commonlii,data/legal-sources/library/case-law/commonlii/LKCA/1958/65.txt,9529,9529,9529,1,replacement_character,False
commonlii-LKCA-1958-67,commonlii,data/legal-sources/library/case-law/commonlii/LKCA/1958/67.txt,4509,4509,4509,0,,True
commonlii-LKCA-1958-68,commonlii,data/legal-sources/library/case-law/commonlii/LKCA/1958/68.txt,8349,8349,8349,5,replacement_character,False
commonlii-LKCA-1958-7,commonlii,data/legal-sources/library/case-law/commonlii/LKCA/1958/7.txt,2603,2603,2603,4,replacement_character,False
commonlii-LKCA-1958-70,commonlii,data/legal-sources/library/case-law/commonlii/LKCA/1958/70.txt,14279,14279,14279,0,,True
commonlii-LKCA-1958-71,commonlii,data/legal-sources/library/case-law/commonlii/LKCA/1958/71.txt,8123,8123,8123,1,replacement_character,False
commonlii-LKCA-1958-72,commonlii,data/legal-sources/library/case-law/commonlii/LKCA/1958/72.txt,16452,16452,16452,10,replacement_character,False
commonlii-LKCA-1958-73,commonlii,data/legal-sources/library/case-law/commonlii/LKCA/1958/73.txt,6242,6242,6242,0,,True
commonlii-LKCA-1958-74,commonlii,data/legal-sources/library/case-law/commonlii/LKCA/1958/74.txt,9039,9039,9039,0,,True
commonlii-LKCA-1959-1,commonlii,data/legal-sources/library/case-law/commonlii/LKCA/1959/1.txt,12778,12778,12778,0,,True
commonlii-LKCA-1959-10,commonlii,data/legal-sources/library/case-law/commonlii/LKCA/1959/10.txt,26012,26012,26012,0,,True
commonlii-LKCA-1959-12,commonlii,data/legal-sources/library/case-law/commonlii/LKCA/1959/12.txt,4825,4825,4825,0,,True
commonlii-LKCA-1959-13,commonlii,data/legal-sources/library/case-law/commonlii/LKCA/1959/13.txt,13095,13095,13095,0,,True
commonlii-LKCA-1959-14,commonlii,data/legal-sources/library/case-law/commonlii/LKCA/1959/14.txt,4184,4184,4184,0,,True
commonlii-LKCA-1959-16,commonlii,data/legal-sources/library/case-law/commonlii/LKCA/1959/16.txt,74309,74309,74309,0,,True
commonlii-LKCA-1959-17,commonlii,data/legal-sources/library/case-law/commonlii/LKCA/1959/17.txt,9897,9897,9897,0,,True
commonlii-LKCA-1959-18,commonlii,data/legal-sources/library/case-law/commonlii/LKCA/1959/18.txt,7121,7121,7121,3,replacement_character,False
commonlii-LKCA-1959-19,commonlii,data/legal-sources/library/case-law/commonlii/LKCA/1959/19.txt,10616,10616,10616,0,,True
commonlii-LKCA-1959-21,commonlii,data/legal-sources/library/case-law/commonlii/LKCA/1959/21.txt,103194,103194,103194,90,replacement_character,False
commonlii-LKCA-1959-23,commonlii,data/legal-sources/library/case-law/commonlii/LKCA/1959/23.txt,23948,23948,23948,1,replacement_character,False
commonlii-LKCA-1959-27,commonlii,data/legal-sources/library/case-law/commonlii/LKCA/1959/27.txt,29996,29996,29996,0,,True
commonlii-LKCA-1959-3,commonlii,data/legal-sources/library/case-law/commonlii/LKCA/1959/3.txt,7723,7723,7723,0,,True
commonlii-LKCA-1959-31,commonlii,data/legal-sources/library/case-law/commonlii/LKCA/1959/31.txt,10269,10269,10269,0,,True
commonlii-LKCA-1959-37,commonlii,data/legal-sources/library/case-law/commonlii/LKCA/1959/37.txt,9932,9932,9932,0,,True
commonlii-LKCA-1959-38,commonlii,data/legal-sources/library/case-law/commonlii/LKCA/1959/38.txt,71811,71811,71811,11,replacement_character,False
commonlii-LKCA-1959-39,commonlii,data/legal-sources/library/case-law/commonlii/LKCA/1959/39.txt,10255,10255,10255,7,replacement_character,False
commonlii-LKCA-1959-4,commonlii,data/legal-sources/library/case-law/commonlii/LKCA/1959/4.txt,10473,10473,10473,73,replacement_character,False
commonlii-LKCA-1959-40,commonlii,data/legal-sources/library/case-law/commonlii/LKCA/1959/40.txt,29329,29329,29329,15,replacement_character,False
commonlii-LKCA-1959-41,commonlii,data/legal-sources/library/case-law/commonlii/LKCA/1959/41.txt,5100,5100,5100,0,,True
commonlii-LKCA-1959-49,commonlii,data/legal-sources/library/case-law/commonlii/LKCA/1959/49.txt,3057,3057,3057,0,,True
commonlii-LKCA-1959-50,commonlii,data/legal-sources/library/case-law/commonlii/LKCA/1959/50.txt,5760,5760,5760,0,,True
commonlii-LKCA-1959-52,commonlii,data/legal-sources/library/case-law/commonlii/LKCA/1959/52.txt,35432,35432,35432,0,,True
commonlii-LKCA-1959-53,commonlii,data/legal-sources/library/case-law/commonlii/LKCA/1959/53.txt,12251,12251,12251,8,replacement_character,False
commonlii-LKCA-1959-55,commonlii,data/legal-sources/library/case-law/commonlii/LKCA/1959/55.txt,10362,10362,10362,0,,True
commonlii-LKCA-1959-56,commonlii,data/legal-sources/library/case-law/commonlii/LKCA/1959/56.txt,8947,8947,8947,0,,True
commonlii-LKCA-1959-60,commonlii,data/legal-sources/library/case-law/commonlii/LKCA/1959/60.txt,6717,6717,6717,2,replacement_character,False
commonlii-LKCA-1959-61,commonlii,data/legal-sources/library/case-law/commonlii/LKCA/1959/61.txt,5685,5685,5685,0,,True
commonlii-LKCA-1959-64,commonlii,data/legal-sources/library/case-law/commonlii/LKCA/1959/64.txt,8905,8905,8905,6,replacement_character,False
commonlii-LKCA-1959-65,commonlii,data/legal-sources/library/case-law/commonlii/LKCA/1959/65.txt,7504,7504,7504,0,,True
commonlii-LKCA-1959-66,commonlii,data/legal-sources/library/case-law/commonlii/LKCA/1959/66.txt,6725,6725,6725,0,,True
commonlii-LKCA-1959-68,commonlii,data/legal-sources/library/case-law/commonlii/LKCA/1959/68.txt,13021,13021,13021,0,,True
commonlii-LKCA-1959-69,commonlii,data/legal-sources/library/case-law/commonlii/LKCA/1959/69.txt,4062,4062,4062,0,,True
commonlii-LKCA-1959-7,commonlii,data/legal-sources/library/case-law/commonlii/LKCA/1959/7.txt,4726,4726,4726,0,,True
commonlii-LKCA-1959-72,commonlii,data/legal-sources/library/case-law/commonlii/LKCA/1959/72.txt,8427,8427,8427,10,replacement_character,False
commonlii-LKCA-1959-73,commonlii,data/legal-sources/library/case-law/commonlii/LKCA/1959/73.txt,32065,32065,32065,2,replacement_character,False
commonlii-LKCA-1960-1,commonlii,data/legal-sources/library/case-law/commonlii/LKCA/1960/1.txt,26635,26635,26635,0,,True
commonlii-LKCA-1960-13,commonlii,data/legal-sources/library/case-law/commonlii/LKCA/1960/13.txt,4713,4713,4713,0,,True
commonlii-LKCA-1960-16,commonlii,data/legal-sources/library/case-law/commonlii/LKCA/1960/16.txt,16912,16912,16912,0,,True
commonlii-LKCA-1960-19,commonlii,data/legal-sources/library/case-law/commonlii/LKCA/1960/19.txt,28987,28987,28987,0,,True
commonlii-LKCA-1960-2,commonlii,data/legal-sources/library/case-law/commonlii/LKCA/1960/2.txt,45013,45013,45013,0,,True
commonlii-LKCA-1960-22,commonlii,data/legal-sources/library/case-law/commonlii/LKCA/1960/22.txt,16510,16510,16510,0,,True
commonlii-LKCA-1960-26,commonlii,data/legal-sources/library/case-law/commonlii/LKCA/1960/26.txt,12751,12751,12751,0,,True
commonlii-LKCA-1960-27,commonlii,data/legal-sources/library/case-law/commonlii/LKCA/1960/27.txt,19220,19220,19220,1,replacement_character,False
commonlii-LKCA-1960-29,commonlii,data/legal-sources/library/case-law/commonlii/LKCA/1960/29.txt,6914,6914,6914,0,,True
commonlii-LKCA-1960-3,commonlii,data/legal-sources/library/case-law/commonlii/LKCA/1960/3.txt,51578,51578,51578,28,replacement_character,False
commonlii-LKCA-1960-30,commonlii,data/legal-sources/library/case-law/commonlii/LKCA/1960/30.txt,11331,11331,11331,0,,True
commonlii-LKCA-1960-34,commonlii,data/legal-sources/library/case-law/commonlii/LKCA/1960/34.txt,12753,12753,12753,0,,True
commonlii-LKCA-1960-35,commonlii,data/legal-sources/library/case-law/commonlii/LKCA/1960/35.txt,17555,17555,17555,1,replacement_character,False
commonlii-LKCA-1960-37,commonlii,data/legal-sources/library/case-law/commonlii/LKCA/1960/37.txt,189620,189620,189620,201,replacement_character,False
commonlii-LKCA-1960-39,commonlii,data/legal-sources/library/case-law/commonlii/LKCA/1960/39.txt,16484,16484,16484,1,replacement_character,False
commonlii-LKCA-1960-40,commonlii,data/legal-sources/library/case-law/commonlii/LKCA/1960/40.txt,35198,35198,35198,0,,True
commonlii-LKCA-1960-41,commonlii,data/legal-sources/library/case-law/commonlii/LKCA/1960/41.txt,8840,8840,8840,0,,True
commonlii-LKCA-1960-43,commonlii,data/legal-sources/library/case-law/commonlii/LKCA/1960/43.txt,70330,70330,70330,0,,True
commonlii-LKCA-1960-46,commonlii,data/legal-sources/library/case-law/commonlii/LKCA/1960/46.txt,39512,39512,39512,0,,True
commonlii-LKCA-1960-48,commonlii,data/legal-sources/library/case-law/commonlii/LKCA/1960/48.txt,8671,8671,8671,0,,True
commonlii-LKCA-1960-49,commonlii,data/legal-sources/library/case-law/commonlii/LKCA/1960/49.txt,5098,5098,5098,0,,True
commonlii-LKCA-1960-5,commonlii,data/legal-sources/library/case-law/commonlii/LKCA/1960/5.txt,11859,11859,11859,0,,True
commonlii-LKCA-1960-52,commonlii,data/legal-sources/library/case-law/commonlii/LKCA/1960/52.txt,35862,35862,35862,0,,True
commonlii-LKCA-1960-53,commonlii,data/legal-sources/library/case-law/commonlii/LKCA/1960/53.txt,12104,12104,12104,0,,True
commonlii-LKCA-1960-57,commonlii,data/legal-sources/library/case-law/commonlii/LKCA/1960/57.txt,27214,27214,27214,4,replacement_character,False
commonlii-LKCA-1960-59,commonlii,data/legal-sources/library/case-law/commonlii/LKCA/1960/59.txt,4082,4082,4082,0,,True
commonlii-LKCA-1960-6,commonlii,data/legal-sources/library/case-law/commonlii/LKCA/1960/6.txt,17817,17817,17817,0,,True
commonlii-LKCA-1960-60,commonlii,data/legal-sources/library/case-law/commonlii/LKCA/1960/60.txt,7399,7399,7399,0,,True
commonlii-LKCA-1960-61,commonlii,data/legal-sources/library/case-law/commonlii/LKCA/1960/61.txt,9135,9135,9135,0,,True
commonlii-LKCA-1960-62,commonlii,data/legal-sources/library/case-law/commonlii/LKCA/1960/62.txt,5731,5731,5731,0,,True
commonlii-LKCA-1960-64,commonlii,data/legal-sources/library/case-law/commonlii/LKCA/1960/64.txt,11825,11825,11825,0,,True
commonlii-LKCA-1960-67,commonlii,data/legal-sources/library/case-law/commonlii/LKCA/1960/67.txt,3070,3070,3070,0,,True
commonlii-LKCA-1960-68,commonlii,data/legal-sources/library/case-law/commonlii/LKCA/1960/68.txt,9308,9308,9308,0,,True
commonlii-LKCA-1960-70,commonlii,data/legal-sources/library/case-law/commonlii/LKCA/1960/70.txt,8477,8477,8477,0,,True
commonlii-LKCA-1960-71,commonlii,data/legal-sources/library/case-law/commonlii/LKCA/1960/71.txt,9246,9246,9246,3,replacement_character,False
commonlii-LKCA-1960-72,commonlii,data/legal-sources/library/case-law/commonlii/LKCA/1960/72.txt,13371,13371,13371,0,,True
commonlii-LKCA-1961-11,commonlii,data/legal-sources/library/case-law/commonlii/LKCA/1961/11.txt,35149,35149,35149,0,,True
commonlii-LKCA-1961-12,commonlii,data/legal-sources/library/case-law/commonlii/LKCA/1961/12.txt,8178,8178,8178,0,,True
commonlii-LKCA-1961-14,commonlii,data/legal-sources/library/case-law/commonlii/LKCA/1961/14.txt,19310,19310,19310,0,,True
commonlii-LKCA-1961-15,commonlii,data/legal-sources/library/case-law/commonlii/LKCA/1961/15.txt,12434,12434,12434,0,,True
commonlii-LKCA-1961-16,commonlii,data/legal-sources/library/case-law/commonlii/LKCA/1961/16.txt,8699,8699,8699,0,,True
commonlii-LKCA-1961-2,commonlii,data/legal-sources/library/case-law/commonlii/LKCA/1961/2.txt,7064,7064,7064,0,,True
commonlii-LKCA-1961-23,commonlii,data/legal-sources/library/case-law/commonlii/LKCA/1961/23.txt,20063,20063,20063,6,replacement_character,False
commonlii-LKCA-1961-24,commonlii,data/legal-sources/library/case-law/commonlii/LKCA/1961/24.txt,17655,17655,17655,0,,True
commonlii-LKCA-1961-25,commonlii,data/legal-sources/library/case-law/commonlii/LKCA/1961/25.txt,11688,11688,11688,0,,True
commonlii-LKCA-1961-3,commonlii,data/legal-sources/library/case-law/commonlii/LKCA/1961/3.txt,32118,32118,32118,1,replacement_character,False
commonlii-LKCA-1961-30,commonlii,data/legal-sources/library/case-law/commonlii/LKCA/1961/30.txt,13654,13654,13654,5,replacement_character,False
commonlii-LKCA-1961-31,commonlii,data/legal-sources/library/case-law/commonlii/LKCA/1961/31.txt,26874,26874,26874,11,replacement_character,False
commonlii-LKCA-1961-32,commonlii,data/legal-sources/library/case-law/commonlii/LKCA/1961/32.txt,17210,17210,17210,7,replacement_character,False
commonlii-LKCA-1961-33,commonlii,data/legal-sources/library/case-law/commonlii/LKCA/1961/33.txt,10540,10540,10540,0,,True
commonlii-LKCA-1961-35,commonlii,data/legal-sources/library/case-law/commonlii/LKCA/1961/35.txt,18772,18772,18772,0,,True
commonlii-LKCA-1961-36,commonlii,data/legal-sources/library/case-law/commonlii/LKCA/1961/36.txt,21856,21856,21856,0,,True
commonlii-LKCA-1961-37,commonlii,data/legal-sources/library/case-law/commonlii/LKCA/1961/37.txt,19230,19230,19230,1,replacement_character,False
commonlii-LKCA-1961-38,commonlii,data/legal-sources/library/case-law/commonlii/LKCA/1961/38.txt,15487,15487,15487,0,,True
commonlii-LKCA-1961-4,commonlii,data/legal-sources/library/case-law/commonlii/LKCA/1961/4.txt,80843,80843,80843,2,replacement_character,False
commonlii-LKCA-1961-40,commonlii,data/legal-sources/library/case-law/commonlii/LKCA/1961/40.txt,9668,9668,9668,0,,True
commonlii-LKCA-1961-41,commonlii,data/legal-sources/library/case-law/commonlii/LKCA/1961/41.txt,11004,11004,11004,0,,True
commonlii-LKCA-1961-43,commonlii,data/legal-sources/library/case-law/commonlii/LKCA/1961/43.txt,7208,7208,7208,0,,True
commonlii-LKCA-1961-48,commonlii,data/legal-sources/library/case-law/commonlii/LKCA/1961/48.txt,8258,8258,8258,5,replacement_character,False
commonlii-LKCA-1961-49,commonlii,data/legal-sources/library/case-law/commonlii/LKCA/1961/49.txt,13907,13907,13907,0,,True
commonlii-LKCA-1961-50,commonlii,data/legal-sources/library/case-law/commonlii/LKCA/1961/50.txt,7894,7894,7894,0,,True
commonlii-LKCA-1961-52,commonlii,data/legal-sources/library/case-law/commonlii/LKCA/1961/52.txt,31707,31707,31707,1,replacement_character,False
commonlii-LKCA-1961-53,commonlii,data/legal-sources/library/case-law/commonlii/LKCA/1961/53.txt,10085,10085,10085,0,,True
commonlii-LKCA-1961-54,commonlii,data/legal-sources/library/case-law/commonlii/LKCA/1961/54.txt,21978,21978,21978,1,replacement_character,False
commonlii-LKCA-1961-55,commonlii,data/legal-sources/library/case-law/commonlii/LKCA/1961/55.txt,27846,27846,27846,1,replacement_character,False
commonlii-LKCA-1962-15,commonlii,data/legal-sources/library/case-law/commonlii/LKCA/1962/15.txt,41896,41896,41896,0,,True
commonlii-LKCA-1962-16,commonlii,data/legal-sources/library/case-law/commonlii/LKCA/1962/16.txt,11918,11918,11918,0,,True
commonlii-LKCA-1962-19,commonlii,data/legal-sources/library/case-law/commonlii/LKCA/1962/19.txt,15033,15033,15033,10,replacement_character,False
commonlii-LKCA-1962-2,commonlii,data/legal-sources/library/case-law/commonlii/LKCA/1962/2.txt,23250,23250,23250,0,,True
commonlii-LKCA-1962-20,commonlii,data/legal-sources/library/case-law/commonlii/LKCA/1962/20.txt,7888,7888,7888,4,replacement_character,False
commonlii-LKCA-1962-28,commonlii,data/legal-sources/library/case-law/commonlii/LKCA/1962/28.txt,6793,6793,6793,0,,True
commonlii-LKCA-1962-29,commonlii,data/legal-sources/library/case-law/commonlii/LKCA/1962/29.txt,11760,11760,11760,0,,True
commonlii-LKCA-1962-30,commonlii,data/legal-sources/library/case-law/commonlii/LKCA/1962/30.txt,19025,19025,19025,0,,True
commonlii-LKCA-1962-31,commonlii,data/legal-sources/library/case-law/commonlii/LKCA/1962/31.txt,24089,24089,24089,0,,True
commonlii-LKCA-1962-34,commonlii,data/legal-sources/library/case-law/commonlii/LKCA/1962/34.txt,14704,14704,14704,0,,True
commonlii-LKCA-1962-35,commonlii,data/legal-sources/library/case-law/commonlii/LKCA/1962/35.txt,11119,11119,11119,0,,True
commonlii-LKCA-1962-37,commonlii,data/legal-sources/library/case-law/commonlii/LKCA/1962/37.txt,4896,4896,4896,0,,True
commonlii-LKCA-1962-38,commonlii,data/legal-sources/library/case-law/commonlii/LKCA/1962/38.txt,10756,10756,10756,0,,True
commonlii-LKCA-1962-39,commonlii,data/legal-sources/library/case-law/commonlii/LKCA/1962/39.txt,3374,3374,3374,0,,True
commonlii-LKCA-1962-4,commonlii,data/legal-sources/library/case-law/commonlii/LKCA/1962/4.txt,5379,5379,5379,0,,True
commonlii-LKCA-1962-40,commonlii,data/legal-sources/library/case-law/commonlii/LKCA/1962/40.txt,5484,5484,5484,7,replacement_character,False
commonlii-LKCA-1962-41,commonlii,data/legal-sources/library/case-law/commonlii/LKCA/1962/41.txt,7888,7888,7888,2,replacement_character,False
commonlii-LKCA-1962-45,commonlii,data/legal-sources/library/case-law/commonlii/LKCA/1962/45.txt,9387,9387,9387,2,replacement_character,False
commonlii-LKCA-1962-48,commonlii,data/legal-sources/library/case-law/commonlii/LKCA/1962/48.txt,16071,16071,16071,0,,True
commonlii-LKCA-1962-5,commonlii,data/legal-sources/library/case-law/commonlii/LKCA/1962/5.txt,8402,8402,8402,2,replacement_character,False
commonlii-LKCA-1962-51,commonlii,data/legal-sources/library/case-law/commonlii/LKCA/1962/51.txt,33171,33171,33171,0,,True
commonlii-LKCA-1962-52,commonlii,data/legal-sources/library/case-law/commonlii/LKCA/1962/52.txt,14311,14311,14311,4,replacement_character,False
commonlii-LKCA-1962-56,commonlii,data/legal-sources/library/case-law/commonlii/LKCA/1962/56.txt,10694,10694,10694,8,replacement_character,False
commonlii-LKCA-1962-59,commonlii,data/legal-sources/library/case-law/commonlii/LKCA/1962/59.txt,4235,4235,4235,0,,True
commonlii-LKCA-1962-6,commonlii,data/legal-sources/library/case-law/commonlii/LKCA/1962/6.txt,6441,6441,6441,0,,True
commonlii-LKCA-1962-63,commonlii,data/legal-sources/library/case-law/commonlii/LKCA/1962/63.txt,17996,17996,17996,1,replacement_character,False
commonlii-LKCA-1962-66,commonlii,data/legal-sources/library/case-law/commonlii/LKCA/1962/66.txt,11818,11818,11818,2,replacement_character,False
commonlii-LKCA-1962-67,commonlii,data/legal-sources/library/case-law/commonlii/LKCA/1962/67.txt,30281,30281,30281,0,,True
commonlii-LKCA-1962-68,commonlii,data/legal-sources/library/case-law/commonlii/LKCA/1962/68.txt,9301,9301,9301,1,replacement_character,False
commonlii-LKCA-1962-69,commonlii,data/legal-sources/library/case-law/commonlii/LKCA/1962/69.txt,21597,21597,21597,0,,True
commonlii-LKCA-1962-7,commonlii,data/legal-sources/library/case-law/commonlii/LKCA/1962/7.txt,61526,61526,61526,26,replacement_character,False
commonlii-LKCA-1962-70,commonlii,data/legal-sources/library/case-law/commonlii/LKCA/1962/70.txt,21559,21559,21559,0,,True
commonlii-LKCA-1962-72,commonlii,data/legal-sources/library/case-law/commonlii/LKCA/1962/72.txt,10647,10647,10647,0,,True
commonlii-LKCA-1962-73,commonlii,data/legal-sources/library/case-law/commonlii/LKCA/1962/73.txt,21907,21907,21907,12,replacement_character,False
commonlii-LKCA-1962-74,commonlii,data/legal-sources/library/case-law/commonlii/LKCA/1962/74.txt,3699,3699,3699,2,replacement_character,False
commonlii-LKCA-1962-75,commonlii,data/legal-sources/library/case-law/commonlii/LKCA/1962/75.txt,9734,9734,9734,2,replacement_character,False
commonlii-LKCA-1964-1,commonlii,data/legal-sources/library/case-law/commonlii/LKCA/1964/1.txt,15855,15855,15855,0,,True
commonlii-LKCA-1964-10,commonlii,data/legal-sources/library/case-law/commonlii/LKCA/1964/10.txt,11884,11884,11884,0,,True
commonlii-LKCA-1964-11,commonlii,data/legal-sources/library/case-law/commonlii/LKCA/1964/11.txt,25947,25947,25947,0,,True
commonlii-LKCA-1964-15,commonlii,data/legal-sources/library/case-law/commonlii/LKCA/1964/15.txt,27917,27917,27917,0,,True
commonlii-LKCA-1964-2,commonlii,data/legal-sources/library/case-law/commonlii/LKCA/1964/2.txt,19858,19858,19858,0,,True
commonlii-LKCA-1964-25,commonlii,data/legal-sources/library/case-law/commonlii/LKCA/1964/25.txt,12730,12730,12730,0,,True
commonlii-LKCA-1964-27,commonlii,data/legal-sources/library/case-law/commonlii/LKCA/1964/27.txt,6439,6439,6439,0,,True
commonlii-LKCA-1964-3,commonlii,data/legal-sources/library/case-law/commonlii/LKCA/1964/3.txt,41338,41338,41338,0,,True
commonlii-LKCA-1964-39,commonlii,data/legal-sources/library/case-law/commonlii/LKCA/1964/39.txt,6295,6295,6295,0,,True
commonlii-LKCA-1964-43,commonlii,data/legal-sources/library/case-law/commonlii/LKCA/1964/43.txt,8663,8663,8663,0,,True
commonlii-LKCA-1964-44,commonlii,data/legal-sources/library/case-law/commonlii/LKCA/1964/44.txt,15968,15968,15968,0,,True
commonlii-LKCA-1964-6,commonlii,data/legal-sources/library/case-law/commonlii/LKCA/1964/6.txt,3044,3044,3044,0,,True
commonlii-LKCA-1965-14,commonlii,data/legal-sources/library/case-law/commonlii/LKCA/1965/14.txt,5104,5104,5104,0,,True
commonlii-LKCA-1965-15,commonlii,data/legal-sources/library/case-law/commonlii/LKCA/1965/15.txt,3825,3825,3825,0,,True
commonlii-LKCA-1965-16,commonlii,data/legal-sources/library/case-law/commonlii/LKCA/1965/16.txt,15571,15571,15571,0,,True
commonlii-LKCA-1965-20,commonlii,data/legal-sources/library/case-law/commonlii/LKCA/1965/20.txt,12036,12036,12036,0,,True
commonlii-LKCA-1965-22,commonlii,data/legal-sources/library/case-law/commonlii/LKCA/1965/22.txt,7083,7083,7083,0,,True
commonlii-LKCA-1965-28,commonlii,data/legal-sources/library/case-law/commonlii/LKCA/1965/28.txt,13726,13726,13726,0,,True
commonlii-LKCA-1965-30,commonlii,data/legal-sources/library/case-law/commonlii/LKCA/1965/30.txt,20018,20018,20018,0,,True
commonlii-LKCA-1965-32,commonlii,data/legal-sources/library/case-law/commonlii/LKCA/1965/32.txt,10636,10636,10636,0,,True
commonlii-LKCA-1965-33,commonlii,data/legal-sources/library/case-law/commonlii/LKCA/1965/33.txt,5535,5535,5535,0,,True
commonlii-LKCA-1965-34,commonlii,data/legal-sources/library/case-law/commonlii/LKCA/1965/34.txt,3874,3874,3874,0,,True
commonlii-LKCA-1965-35,commonlii,data/legal-sources/library/case-law/commonlii/LKCA/1965/35.txt,21545,21545,21545,0,,True
commonlii-LKCA-1965-36,commonlii,data/legal-sources/library/case-law/commonlii/LKCA/1965/36.txt,3402,3402,3402,0,,True
commonlii-LKCA-1965-37,commonlii,data/legal-sources/library/case-law/commonlii/LKCA/1965/37.txt,20522,20522,20522,0,,True
commonlii-LKCA-1965-41,commonlii,data/legal-sources/library/case-law/commonlii/LKCA/1965/41.txt,14068,14068,14068,0,,True
commonlii-LKCA-1965-42,commonlii,data/legal-sources/library/case-law/commonlii/LKCA/1965/42.txt,9832,9832,9832,0,,True
commonlii-LKCA-1965-43,commonlii,data/legal-sources/library/case-law/commonlii/LKCA/1965/43.txt,6299,6299,6299,0,,True
commonlii-LKCA-1965-48,commonlii,data/legal-sources/library/case-law/commonlii/LKCA/1965/48.txt,6920,6920,6920,0,,True
commonlii-LKCA-1965-49,commonlii,data/legal-sources/library/case-law/commonlii/LKCA/1965/49.txt,11248,11248,11248,0,,True
commonlii-LKCA-1965-5,commonlii,data/legal-sources/library/case-law/commonlii/LKCA/1965/5.txt,25565,25565,25565,0,,True
commonlii-LKCA-1965-51,commonlii,data/legal-sources/library/case-law/commonlii/LKCA/1965/51.txt,6064,6064,6064,0,,True
commonlii-LKCA-1965-52,commonlii,data/legal-sources/library/case-law/commonlii/LKCA/1965/52.txt,5800,5800,5800,0,,True
commonlii-LKCA-1965-54,commonlii,data/legal-sources/library/case-law/commonlii/LKCA/1965/54.txt,10775,10775,10775,0,,True
commonlii-LKCA-1965-58,commonlii,data/legal-sources/library/case-law/commonlii/LKCA/1965/58.txt,37791,37791,37791,0,,True
commonlii-LKCA-1965-59,commonlii,data/legal-sources/library/case-law/commonlii/LKCA/1965/59.txt,9393,9393,9393,0,,True
commonlii-LKCA-1965-60,commonlii,data/legal-sources/library/case-law/commonlii/LKCA/1965/60.txt,13565,13565,13565,0,,True
commonlii-LKCA-1965-61,commonlii,data/legal-sources/library/case-law/commonlii/LKCA/1965/61.txt,4015,4015,4015,0,,True
commonlii-LKCA-1965-62,commonlii,data/legal-sources/library/case-law/commonlii/LKCA/1965/62.txt,30233,30233,30233,0,,True
commonlii-LKCA-1965-63,commonlii,data/legal-sources/library/case-law/commonlii/LKCA/1965/63.txt,3641,3641,3641,0,,True
commonlii-LKCA-1965-64,commonlii,data/legal-sources/library/case-law/commonlii/LKCA/1965/64.txt,13246,13246,13246,0,,True
commonlii-LKCA-1965-65,commonlii,data/legal-sources/library/case-law/commonlii/LKCA/1965/65.txt,7716,7716,7716,0,,True
commonlii-LKCA-1965-66,commonlii,data/legal-sources/library/case-law/commonlii/LKCA/1965/66.txt,7887,7887,7887,0,,True
commonlii-LKCA-1965-67,commonlii,data/legal-sources/library/case-law/commonlii/LKCA/1965/67.txt,5821,5821,5821,3,replacement_character,False
commonlii-LKCA-1965-68,commonlii,data/legal-sources/library/case-law/commonlii/LKCA/1965/68.txt,15703,15703,15703,1,replacement_character,False
commonlii-LKCA-1965-8,commonlii,data/legal-sources/library/case-law/commonlii/LKCA/1965/8.txt,47162,47162,47162,0,,True
commonlii-LKCA-1965-9,commonlii,data/legal-sources/library/case-law/commonlii/LKCA/1965/9.txt,14681,14681,14681,0,,True
commonlii-LKCA-1966-1,commonlii,data/legal-sources/library/case-law/commonlii/LKCA/1966/1.txt,46866,46866,46866,0,,True
commonlii-LKCA-1966-16,commonlii,data/legal-sources/library/case-law/commonlii/LKCA/1966/16.txt,9436,9436,9436,0,,True
commonlii-LKCA-1966-18,commonlii,data/legal-sources/library/case-law/commonlii/LKCA/1966/18.txt,26021,26021,26021,0,,True
commonlii-LKCA-1966-22,commonlii,data/legal-sources/library/case-law/commonlii/LKCA/1966/22.txt,3753,3753,3753,0,,True
commonlii-LKCA-1966-24,commonlii,data/legal-sources/library/case-law/commonlii/LKCA/1966/24.txt,6353,6353,6353,0,,True
commonlii-LKCA-1966-27,commonlii,data/legal-sources/library/case-law/commonlii/LKCA/1966/27.txt,10164,10164,10164,0,,True
commonlii-LKCA-1966-28,commonlii,data/legal-sources/library/case-law/commonlii/LKCA/1966/28.txt,13852,13852,13852,0,,True
commonlii-LKCA-1966-29,commonlii,data/legal-sources/library/case-law/commonlii/LKCA/1966/29.txt,11868,11868,11868,0,,True
commonlii-LKCA-1966-39,commonlii,data/legal-sources/library/case-law/commonlii/LKCA/1966/39.txt,6399,6399,6399,0,,True
commonlii-LKCA-1966-4,commonlii,data/legal-sources/library/case-law/commonlii/LKCA/1966/4.txt,37459,37459,37459,0,,True
commonlii-LKCA-1966-49,commonlii,data/legal-sources/library/case-law/commonlii/LKCA/1966/49.txt,8304,8304,8304,0,,True
commonlii-LKCA-1966-50,commonlii,data/legal-sources/library/case-law/commonlii/LKCA/1966/50.txt,5059,5059,5059,0,,True
commonlii-LKCA-1966-52,commonlii,data/legal-sources/library/case-law/commonlii/LKCA/1966/52.txt,7837,7837,7837,0,,True
commonlii-LKCA-1966-53,commonlii,data/legal-sources/library/case-law/commonlii/LKCA/1966/53.txt,12569,12569,12569,0,,True
commonlii-LKCA-1966-54,commonlii,data/legal-sources/library/case-law/commonlii/LKCA/1966/54.txt,27904,27904,27904,0,,True
commonlii-LKCA-1966-55,commonlii,data/legal-sources/library/case-law/commonlii/LKCA/1966/55.txt,22970,22970,22970,0,,True
commonlii-LKCA-1966-6,commonlii,data/legal-sources/library/case-law/commonlii/LKCA/1966/6.txt,12335,12335,12335,0,,True
commonlii-LKCA-1966-8,commonlii,data/legal-sources/library/case-law/commonlii/LKCA/1966/8.txt,41775,41775,41775,0,,True
commonlii-LKCA-1967-1,commonlii,data/legal-sources/library/case-law/commonlii/LKCA/1967/1.txt,39202,39202,39202,0,,True
commonlii-LKCA-1967-16,commonlii,data/legal-sources/library/case-law/commonlii/LKCA/1967/16.txt,15528,15528,15528,35,replacement_character,False
commonlii-LKCA-1967-17,commonlii,data/legal-sources/library/case-law/commonlii/LKCA/1967/17.txt,17011,17011,17011,0,,True
commonlii-LKCA-1967-2,commonlii,data/legal-sources/library/case-law/commonlii/LKCA/1967/2.txt,11469,11469,11469,0,,True
commonlii-LKCA-1967-23,commonlii,data/legal-sources/library/case-law/commonlii/LKCA/1967/23.txt,9041,9041,9041,0,,True
commonlii-LKCA-1967-24,commonlii,data/legal-sources/library/case-law/commonlii/LKCA/1967/24.txt,25202,25202,25202,0,,True
commonlii-LKCA-1967-26,commonlii,data/legal-sources/library/case-law/commonlii/LKCA/1967/26.txt,6995,6995,6995,2,replacement_character,False
commonlii-LKCA-1967-27,commonlii,data/legal-sources/library/case-law/commonlii/LKCA/1967/27.txt,13129,13129,13129,0,,True
commonlii-LKCA-1967-28,commonlii,data/legal-sources/library/case-law/commonlii/LKCA/1967/28.txt,13197,13197,13197,0,,True
commonlii-LKCA-1967-3,commonlii,data/legal-sources/library/case-law/commonlii/LKCA/1967/3.txt,36494,36494,36494,2,replacement_character,False
commonlii-LKCA-1967-33,commonlii,data/legal-sources/library/case-law/commonlii/LKCA/1967/33.txt,40755,40755,40755,0,,True
commonlii-LKCA-1967-38,commonlii,data/legal-sources/library/case-law/commonlii/LKCA/1967/38.txt,10137,10137,10137,0,,True
commonlii-LKCA-1967-40,commonlii,data/legal-sources/library/case-law/commonlii/LKCA/1967/40.txt,12276,12276,12276,0,,True
commonlii-LKCA-1967-43,commonlii,data/legal-sources/library/case-law/commonlii/LKCA/1967/43.txt,8820,8820,8820,0,,True
commonlii-LKCA-1967-45,commonlii,data/legal-sources/library/case-law/commonlii/LKCA/1967/45.txt,19338,19338,19338,0,,True
commonlii-LKCA-1967-47,commonlii,data/legal-sources/library/case-law/commonlii/LKCA/1967/47.txt,11543,11543,11543,0,,True
commonlii-LKCA-1967-48,commonlii,data/legal-sources/library/case-law/commonlii/LKCA/1967/48.txt,13173,13173,13173,0,,True
commonlii-LKCA-1967-5,commonlii,data/legal-sources/library/case-law/commonlii/LKCA/1967/5.txt,7850,7850,7850,0,,True
commonlii-LKCA-1967-50,commonlii,data/legal-sources/library/case-law/commonlii/LKCA/1967/50.txt,27614,27614,27614,2,replacement_character,False
commonlii-LKCA-1967-52,commonlii,data/legal-sources/library/case-law/commonlii/LKCA/1967/52.txt,9891,9891,9891,0,,True
commonlii-LKCA-1967-54,commonlii,data/legal-sources/library/case-law/commonlii/LKCA/1967/54.txt,17311,17311,17311,0,,True
commonlii-LKCA-1967-55,commonlii,data/legal-sources/library/case-law/commonlii/LKCA/1967/55.txt,7221,7221,7221,0,,True
commonlii-LKCA-1967-57,commonlii,data/legal-sources/library/case-law/commonlii/LKCA/1967/57.txt,9747,9747,9747,0,,True
commonlii-LKCA-1967-61,commonlii,data/legal-sources/library/case-law/commonlii/LKCA/1967/61.txt,15877,15877,15877,0,,True
commonlii-LKCA-1967-70,commonlii,data/legal-sources/library/case-law/commonlii/LKCA/1967/70.txt,18390,18390,18390,0,,True
commonlii-LKCA-1967-71,commonlii,data/legal-sources/library/case-law/commonlii/LKCA/1967/71.txt,8055,8055,8055,0,,True
commonlii-LKCA-1967-72,commonlii,data/legal-sources/library/case-law/commonlii/LKCA/1967/72.txt,13141,13141,13141,0,,True
commonlii-LKCA-1967-73,commonlii,data/legal-sources/library/case-law/commonlii/LKCA/1967/73.txt,15331,15331,15331,0,,True
commonlii-LKCA-1967-74,commonlii,data/legal-sources/library/case-law/commonlii/LKCA/1967/74.txt,6042,6042,6042,0,,True
commonlii-LKCA-1967-75,commonlii,data/legal-sources/library/case-law/commonlii/LKCA/1967/75.txt,10664,10664,10664,0,,True
commonlii-LKCA-1967-76,commonlii,data/legal-sources/library/case-law/commonlii/LKCA/1967/76.txt,5208,5208,5208,0,,True
commonlii-LKCA-1967-77,commonlii,data/legal-sources/library/case-law/commonlii/LKCA/1967/77.txt,9315,9315,9315,0,,True
commonlii-LKCA-1967-78,commonlii,data/legal-sources/library/case-law/commonlii/LKCA/1967/78.txt,9766,9766,9766,0,,True
commonlii-LKCA-1967-79,commonlii,data/legal-sources/library/case-law/commonlii/LKCA/1967/79.txt,30666,30666,30666,0,,True
commonlii-LKCA-1967-9,commonlii,data/legal-sources/library/case-law/commonlii/LKCA/1967/9.txt,31647,31647,31647,0,,True
commonlii-LKCA-1968-1,commonlii,data/legal-sources/library/case-law/commonlii/LKCA/1968/1.txt,29839,29839,29839,0,,True
commonlii-LKCA-1968-11,commonlii,data/legal-sources/library/case-law/commonlii/LKCA/1968/11.txt,35095,35095,35095,0,,True
commonlii-LKCA-1968-12,commonlii,data/legal-sources/library/case-law/commonlii/LKCA/1968/12.txt,9343,9343,9343,0,,True
commonlii-LKCA-1968-13,commonlii,data/legal-sources/library/case-law/commonlii/LKCA/1968/13.txt,23984,23984,23984,0,,True
commonlii-LKCA-1968-14,commonlii,data/legal-sources/library/case-law/commonlii/LKCA/1968/14.txt,5558,5558,5558,0,,True
commonlii-LKCA-1968-18,commonlii,data/legal-sources/library/case-law/commonlii/LKCA/1968/18.txt,45461,45461,45461,0,,True
commonlii-LKCA-1968-20,commonlii,data/legal-sources/library/case-law/commonlii/LKCA/1968/20.txt,9502,9502,9502,0,,True
commonlii-LKCA-1968-22,commonlii,data/legal-sources/library/case-law/commonlii/LKCA/1968/22.txt,11425,11425,11425,0,,True
commonlii-LKCA-1968-24,commonlii,data/legal-sources/library/case-law/commonlii/LKCA/1968/24.txt,13379,13379,13379,0,,True
commonlii-LKCA-1968-25,commonlii,data/legal-sources/library/case-law/commonlii/LKCA/1968/25.txt,7445,7445,7445,0,,True
commonlii-LKCA-1968-26,commonlii,data/legal-sources/library/case-law/commonlii/LKCA/1968/26.txt,10124,10124,10124,0,,True
commonlii-LKCA-1968-27,commonlii,data/legal-sources/library/case-law/commonlii/LKCA/1968/27.txt,17925,17925,17925,2,replacement_character,False
commonlii-LKCA-1968-3,commonlii,data/legal-sources/library/case-law/commonlii/LKCA/1968/3.txt,25989,25989,25989,0,,True
commonlii-LKCA-1968-31,commonlii,data/legal-sources/library/case-law/commonlii/LKCA/1968/31.txt,23897,23897,23897,1,replacement_character,False
commonlii-LKCA-1968-34,commonlii,data/legal-sources/library/case-law/commonlii/LKCA/1968/34.txt,16070,16070,16070,0,,True
commonlii-LKCA-1968-35,commonlii,data/legal-sources/library/case-law/commonlii/LKCA/1968/35.txt,14484,14484,14484,0,,True
commonlii-LKCA-1968-36,commonlii,data/legal-sources/library/case-law/commonlii/LKCA/1968/36.txt,19420,19420,19420,0,,True
commonlii-LKCA-1968-37,commonlii,data/legal-sources/library/case-law/commonlii/LKCA/1968/37.txt,36542,36542,36542,0,,True
commonlii-LKCA-1968-40,commonlii,data/legal-sources/library/case-law/commonlii/LKCA/1968/40.txt,29068,29068,29068,0,,True
commonlii-LKCA-1968-41,commonlii,data/legal-sources/library/case-law/commonlii/LKCA/1968/41.txt,17651,17651,17651,0,,True
commonlii-LKCA-1968-53,commonlii,data/legal-sources/library/case-law/commonlii/LKCA/1968/53.txt,12328,12328,12328,0,,True
commonlii-LKCA-1968-60,commonlii,data/legal-sources/library/case-law/commonlii/LKCA/1968/60.txt,27852,27852,27852,0,,True
commonlii-LKCA-1968-61,commonlii,data/legal-sources/library/case-law/commonlii/LKCA/1968/61.txt,10711,10711,10711,0,,True
commonlii-LKCA-1968-62,commonlii,data/legal-sources/library/case-law/commonlii/LKCA/1968/62.txt,15878,15878,15878,0,,True
commonlii-LKCA-1968-8,commonlii,data/legal-sources/library/case-law/commonlii/LKCA/1968/8.txt,23934,23934,23934,0,,True
commonlii-LKCA-1969-1,commonlii,data/legal-sources/library/case-law/commonlii/LKCA/1969/1.txt,276459,276459,276459,0,,True
commonlii-LKCA-1969-13,commonlii,data/legal-sources/library/case-law/commonlii/LKCA/1969/13.txt,13631,13631,13631,0,,True
commonlii-LKCA-1969-14,commonlii,data/legal-sources/library/case-law/commonlii/LKCA/1969/14.txt,13742,13742,13742,3,replacement_character,False
commonlii-LKCA-1969-16,commonlii,data/legal-sources/library/case-law/commonlii/LKCA/1969/16.txt,6473,6473,6473,0,,True
commonlii-LKCA-1969-18,commonlii,data/legal-sources/library/case-law/commonlii/LKCA/1969/18.txt,10319,10319,10319,0,,True
commonlii-LKCA-1969-19,commonlii,data/legal-sources/library/case-law/commonlii/LKCA/1969/19.txt,3976,3976,3976,0,,True
commonlii-LKCA-1969-20,commonlii,data/legal-sources/library/case-law/commonlii/LKCA/1969/20.txt,6886,6886,6886,0,,True
commonlii-LKCA-1969-27,commonlii,data/legal-sources/library/case-law/commonlii/LKCA/1969/27.txt,12020,12020,12020,0,,True
commonlii-LKCA-1969-30,commonlii,data/legal-sources/library/case-law/commonlii/LKCA/1969/30.txt,28718,28718,28718,152,replacement_character,False
commonlii-LKCA-1969-33,commonlii,data/legal-sources/library/case-law/commonlii/LKCA/1969/33.txt,31628,31628,31628,0,,True
commonlii-LKCA-1969-34,commonlii,data/legal-sources/library/case-law/commonlii/LKCA/1969/34.txt,13457,13457,13457,0,,True
commonlii-LKCA-1969-37,commonlii,data/legal-sources/library/case-law/commonlii/LKCA/1969/37.txt,6179,6179,6179,0,,True
commonlii-LKCA-1969-42,commonlii,data/legal-sources/library/case-law/commonlii/LKCA/1969/42.txt,4518,4518,4518,0,,True
commonlii-LKCA-1969-43,commonlii,data/legal-sources/library/case-law/commonlii/LKCA/1969/43.txt,34513,34513,34513,0,,True
commonlii-LKCA-1969-45,commonlii,data/legal-sources/library/case-law/commonlii/LKCA/1969/45.txt,10230,10230,10230,2,replacement_character,False
commonlii-LKCA-1969-46,commonlii,data/legal-sources/library/case-law/commonlii/LKCA/1969/46.txt,8012,8012,8012,0,,True
commonlii-LKCA-1969-6,commonlii,data/legal-sources/library/case-law/commonlii/LKCA/1969/6.txt,3580,3580,3580,0,,True
commonlii-LKCA-1969-9,commonlii,data/legal-sources/library/case-law/commonlii/LKCA/1969/9.txt,86186,86186,86186,0,,True
commonlii-LKCA-1970-10,commonlii,data/legal-sources/library/case-law/commonlii/LKCA/1970/10.txt,11698,11698,11698,25,replacement_character,False
commonlii-LKCA-1970-11,commonlii,data/legal-sources/library/case-law/commonlii/LKCA/1970/11.txt,11076,11076,11076,4,replacement_character,False
commonlii-LKCA-1970-12,commonlii,data/legal-sources/library/case-law/commonlii/LKCA/1970/12.txt,6944,6944,6944,0,,True
commonlii-LKCA-1970-19,commonlii,data/legal-sources/library/case-law/commonlii/LKCA/1970/19.txt,15023,15023,15023,0,,True
commonlii-LKCA-1970-2,commonlii,data/legal-sources/library/case-law/commonlii/LKCA/1970/2.txt,20503,20503,20503,0,,True
commonlii-LKCA-1970-23,commonlii,data/legal-sources/library/case-law/commonlii/LKCA/1970/23.txt,60907,60907,60907,110,replacement_character,False
commonlii-LKCA-1970-24,commonlii,data/legal-sources/library/case-law/commonlii/LKCA/1970/24.txt,26770,26770,26770,0,,True
commonlii-LKCA-1970-26,commonlii,data/legal-sources/library/case-law/commonlii/LKCA/1970/26.txt,7492,7492,7492,0,,True
commonlii-LKCA-1970-3,commonlii,data/legal-sources/library/case-law/commonlii/LKCA/1970/3.txt,23641,23641,23641,59,replacement_character,False
commonlii-LKCA-1970-31,commonlii,data/legal-sources/library/case-law/commonlii/LKCA/1970/31.txt,13952,13952,13952,0,,True
commonlii-LKCA-1970-32,commonlii,data/legal-sources/library/case-law/commonlii/LKCA/1970/32.txt,10761,10761,10761,0,,True
commonlii-LKCA-1970-33,commonlii,data/legal-sources/library/case-law/commonlii/LKCA/1970/33.txt,12931,12931,12931,50,replacement_character,False
commonlii-LKCA-1970-35,commonlii,data/legal-sources/library/case-law/commonlii/LKCA/1970/35.txt,5097,5097,5097,0,,True
commonlii-LKCA-1970-36,commonlii,data/legal-sources/library/case-law/commonlii/LKCA/1970/36.txt,9279,9279,9279,0,,True
commonlii-LKCA-1970-37,commonlii,data/legal-sources/library/case-law/commonlii/LKCA/1970/37.txt,5761,5761,5761,0,,True
commonlii-LKCA-1970-38,commonlii,data/legal-sources/library/case-law/commonlii/LKCA/1970/38.txt,14988,14988,14988,19,replacement_character,False
commonlii-LKCA-1970-46,commonlii,data/legal-sources/library/case-law/commonlii/LKCA/1970/46.txt,56564,56564,56564,141,replacement_character,False
commonlii-LKCA-1970-49,commonlii,data/legal-sources/library/case-law/commonlii/LKCA/1970/49.txt,9832,9832,9832,0,,True
commonlii-LKCA-1970-50,commonlii,data/legal-sources/library/case-law/commonlii/LKCA/1970/50.txt,10213,10213,10213,0,,True
commonlii-LKCA-1970-52,commonlii,data/legal-sources/library/case-law/commonlii/LKCA/1970/52.txt,3591,3591,3591,0,,True
commonlii-LKCA-1970-55,commonlii,data/legal-sources/library/case-law/commonlii/LKCA/1970/55.txt,68133,68133,68133,1,replacement_character,False
commonlii-LKCA-1970-56,commonlii,data/legal-sources/library/case-law/commonlii/LKCA/1970/56.txt,3854,3854,3854,0,,True
commonlii-LKCA-1971-1,commonlii,data/legal-sources/library/case-law/commonlii/LKCA/1971/1.txt,18195,18195,18195,0,,True
commonlii-LKCA-1971-12,commonlii,data/legal-sources/library/case-law/commonlii/LKCA/1971/12.txt,63595,63595,63595,2,replacement_character,False
commonlii-LKCA-1971-14,commonlii,data/legal-sources/library/case-law/commonlii/LKCA/1971/14.txt,22384,22384,22384,9,replacement_character,False
commonlii-LKCA-1971-17,commonlii,data/legal-sources/library/case-law/commonlii/LKCA/1971/17.txt,18310,18310,18310,9,replacement_character,False
commonlii-LKCA-1971-18,commonlii,data/legal-sources/library/case-law/commonlii/LKCA/1971/18.txt,4150,4150,4150,2,replacement_character,False
commonlii-LKCA-1971-22,commonlii,data/legal-sources/library/case-law/commonlii/LKCA/1971/22.txt,7770,7770,7770,0,,True
commonlii-LKCA-1971-24,commonlii,data/legal-sources/library/case-law/commonlii/LKCA/1971/24.txt,3609,3609,3609,0,,True
commonlii-LKCA-1971-26,commonlii,data/legal-sources/library/case-law/commonlii/LKCA/1971/26.txt,64172,64172,64172,4,replacement_character,False
commonlii-LKCA-1971-27,commonlii,data/legal-sources/library/case-law/commonlii/LKCA/1971/27.txt,4556,4556,4556,0,,True
commonlii-LKCA-1971-28,commonlii,data/legal-sources/library/case-law/commonlii/LKCA/1971/28.txt,7569,7569,7569,0,,True
commonlii-LKCA-1971-29,commonlii,data/legal-sources/library/case-law/commonlii/LKCA/1971/29.txt,15895,15895,15895,0,,True
commonlii-LKCA-1971-31,commonlii,data/legal-sources/library/case-law/commonlii/LKCA/1971/31.txt,1975,1975,1975,0,,True
commonlii-LKCA-1971-38,commonlii,data/legal-sources/library/case-law/commonlii/LKCA/1971/38.txt,120923,120923,120923,0,,True
commonlii-LKCA-1971-4,commonlii,data/legal-sources/library/case-law/commonlii/LKCA/1971/4.txt,8836,8836,8836,0,,True
commonlii-LKCA-1971-40,commonlii,data/legal-sources/library/case-law/commonlii/LKCA/1971/40.txt,18578,18578,18578,6,replacement_character,False
commonlii-LKCA-1971-41,commonlii,data/legal-sources/library/case-law/commonlii/LKCA/1971/41.txt,16328,16328,16328,1,replacement_character,False
commonlii-LKCA-1971-46,commonlii,data/legal-sources/library/case-law/commonlii/LKCA/1971/46.txt,5267,5267,5267,0,,True
commonlii-LKCA-1971-49,commonlii,data/legal-sources/library/case-law/commonlii/LKCA/1971/49.txt,55327,55327,55327,1,replacement_character,False
commonlii-LKCA-1971-5,commonlii,data/legal-sources/library/case-law/commonlii/LKCA/1971/5.txt,11860,11860,11860,0,,True
commonlii-LKCA-1971-51,commonlii,data/legal-sources/library/case-law/commonlii/LKCA/1971/51.txt,18012,18012,18012,0,,True
commonlii-LKCA-1971-53,commonlii,data/legal-sources/library/case-law/commonlii/LKCA/1971/53.txt,11196,11196,11196,0,,True
commonlii-LKCA-1971-58,commonlii,data/legal-sources/library/case-law/commonlii/LKCA/1971/58.txt,4730,4730,4730,0,,True
commonlii-LKCA-1971-59,commonlii,data/legal-sources/library/case-law/commonlii/LKCA/1971/59.txt,11153,11153,11153,2,replacement_character,False
commonlii-LKCA-1971-64,commonlii,data/legal-sources/library/case-law/commonlii/LKCA/1971/64.txt,14254,14254,14254,0,,True
commonlii-LKCA-1971-66,commonlii,data/legal-sources/library/case-law/commonlii/LKCA/1971/66.txt,22133,22133,22133,0,,True
commonlii-LKCA-1971-67,commonlii,data/legal-sources/library/case-law/commonlii/LKCA/1971/67.txt,3621,3621,3621,0,,True
commonlii-LKCA-1971-68,commonlii,data/legal-sources/library/case-law/commonlii/LKCA/1971/68.txt,3289,3289,3289,0,,True
commonlii-LKCA-1971-69,commonlii,data/legal-sources/library/case-law/commonlii/LKCA/1971/69.txt,10087,10087,10087,0,,True
commonlii-LKCA-1971-70,commonlii,data/legal-sources/library/case-law/commonlii/LKCA/1971/70.txt,11696,11696,11696,4,replacement_character,False
commonlii-LKCA-1971-71,commonlii,data/legal-sources/library/case-law/commonlii/LKCA/1971/71.txt,13106,13106,13106,0,,True
commonlii-LKCA-1971-72,commonlii,data/legal-sources/library/case-law/commonlii/LKCA/1971/72.txt,55488,55488,55488,1,replacement_character,False
commonlii-LKCA-1972-10,commonlii,data/legal-sources/library/case-law/commonlii/LKCA/1972/10.txt,3776,3776,3776,2,replacement_character,False
commonlii-LKCA-1972-11,commonlii,data/legal-sources/library/case-law/commonlii/LKCA/1972/11.txt,5599,5599,5599,0,,True
commonlii-LKCA-1972-13,commonlii,data/legal-sources/library/case-law/commonlii/LKCA/1972/13.txt,7493,7493,7493,0,,True
commonlii-LKCA-1972-22,commonlii,data/legal-sources/library/case-law/commonlii/LKCA/1972/22.txt,10433,10433,10433,0,,True
commonlii-LKCA-1972-23,commonlii,data/legal-sources/library/case-law/commonlii/LKCA/1972/23.txt,12208,12208,12208,0,,True
commonlii-LKCA-1972-24,commonlii,data/legal-sources/library/case-law/commonlii/LKCA/1972/24.txt,2762,2762,2762,0,,True
commonlii-LKCA-1972-25,commonlii,data/legal-sources/library/case-law/commonlii/LKCA/1972/25.txt,16301,16301,16301,3,replacement_character,False
commonlii-LKCA-1972-5,commonlii,data/legal-sources/library/case-law/commonlii/LKCA/1972/5.txt,38271,38271,38271,1,replacement_character,False
commonlii-LKCA-1972-8,commonlii,data/legal-sources/library/case-law/commonlii/LKCA/1972/8.txt,28036,28036,28036,0,,True
commonlii-LKCA-1972-9,commonlii,data/legal-sources/library/case-law/commonlii/LKCA/1972/9.txt,22595,22595,22595,17,replacement_character,False
commonlii-LKCA-1973-1,commonlii,data/legal-sources/library/case-law/commonlii/LKCA/1973/1.txt,29487,29487,29487,3,replacement_character,False
commonlii-LKCA-1973-11,commonlii,data/legal-sources/library/case-law/commonlii/LKCA/1973/11.txt,7909,7909,7909,0,,True
commonlii-LKCA-1973-12,commonlii,data/legal-sources/library/case-law/commonlii/LKCA/1973/12.txt,17392,17392,17392,3,replacement_character,False
commonlii-LKCA-1973-2,commonlii,data/legal-sources/library/case-law/commonlii/LKCA/1973/2.txt,9506,9506,9506,3,replacement_character,False
commonlii-LKCA-1973-21,commonlii,data/legal-sources/library/case-law/commonlii/LKCA/1973/21.txt,13244,13244,13244,9,replacement_character,False
commonlii-LKCA-1973-31,commonlii,data/legal-sources/library/case-law/commonlii/LKCA/1973/31.txt,16181,16181,16181,0,,True
commonlii-LKCA-1973-32,commonlii,data/legal-sources/library/case-law/commonlii/LKCA/1973/32.txt,12000,12000,12000,4,replacement_character,False
commonlii-LKCA-1973-33,commonlii,data/legal-sources/library/case-law/commonlii/LKCA/1973/33.txt,8531,8531,8531,11,replacement_character,False
commonlii-LKCA-1973-37,commonlii,data/legal-sources/library/case-law/commonlii/LKCA/1973/37.txt,17393,17393,17393,0,,True
commonlii-LKCA-1973-38,commonlii,data/legal-sources/library/case-law/commonlii/LKCA/1973/38.txt,11034,11034,11034,2,replacement_character,False
commonlii-LKCA-1973-7,commonlii,data/legal-sources/library/case-law/commonlii/LKCA/1973/7.txt,36650,36650,36650,4,replacement_character,False
commonlii-LKCA-1974-1,commonlii,data/legal-sources/library/case-law/commonlii/LKCA/1974/1.txt,23870,23870,23870,0,,True
commonlii-LKCA-1974-10,commonlii,data/legal-sources/library/case-law/commonlii/LKCA/1974/10.txt,4329,4329,4329,2,replacement_character,False
commonlii-LKCA-1974-11,commonlii,data/legal-sources/library/case-law/commonlii/LKCA/1974/11.txt,6741,6741,6741,0,,True
commonlii-LKCA-1974-12,commonlii,data/legal-sources/library/case-law/commonlii/LKCA/1974/12.txt,32374,32374,32374,2,replacement_character,False
commonlii-LKCA-1974-14,commonlii,data/legal-sources/library/case-law/commonlii/LKCA/1974/14.txt,3671,3671,3671,0,,True
commonlii-LKCA-1974-15,commonlii,data/legal-sources/library/case-law/commonlii/LKCA/1974/15.txt,24272,24272,24272,0,,True
commonlii-LKCA-1974-16,commonlii,data/legal-sources/library/case-law/commonlii/LKCA/1974/16.txt,8080,8080,8080,6,replacement_character,False
commonlii-LKCA-1974-18,commonlii,data/legal-sources/library/case-law/commonlii/LKCA/1974/18.txt,55685,55685,55685,0,,True
commonlii-LKCA-1974-19,commonlii,data/legal-sources/library/case-law/commonlii/LKCA/1974/19.txt,10316,10316,10316,0,,True
commonlii-LKCA-1974-2,commonlii,data/legal-sources/library/case-law/commonlii/LKCA/1974/2.txt,510642,510642,510642,11,replacement_character,False
commonlii-LKCA-1974-20,commonlii,data/legal-sources/library/case-law/commonlii/LKCA/1974/20.txt,11896,11896,11896,1,replacement_character,False
commonlii-LKCA-1974-22,commonlii,data/legal-sources/library/case-law/commonlii/LKCA/1974/22.txt,12957,12957,12957,2,replacement_character,False
commonlii-LKCA-1974-3,commonlii,data/legal-sources/library/case-law/commonlii/LKCA/1974/3.txt,83523,83523,83523,1,replacement_character,False
commonlii-LKCA-1975-11,commonlii,data/legal-sources/library/case-law/commonlii/LKCA/1975/11.txt,87052,87052,87052,140,replacement_character,False
commonlii-LKCA-1975-13,commonlii,data/legal-sources/library/case-law/commonlii/LKCA/1975/13.txt,36807,36807,36792,0,,True
commonlii-LKCA-1975-16,commonlii,data/legal-sources/library/case-law/commonlii/LKCA/1975/16.txt,42279,42279,42279,0,,True
commonlii-LKCA-1975-17,commonlii,data/legal-sources/library/case-law/commonlii/LKCA/1975/17.txt,11372,11372,11372,0,,True
commonlii-LKCA-1975-18,commonlii,data/legal-sources/library/case-law/commonlii/LKCA/1975/18.txt,21277,21277,21277,0,,True
commonlii-LKCA-1975-19,commonlii,data/legal-sources/library/case-law/commonlii/LKCA/1975/19.txt,48163,48163,48163,0,,True
commonlii-LKCA-1975-2,commonlii,data/legal-sources/library/case-law/commonlii/LKCA/1975/2.txt,32798,32798,32798,0,,True
commonlii-LKCA-1975-22,commonlii,data/legal-sources/library/case-law/commonlii/LKCA/1975/22.txt,15944,15944,15944,0,,True
commonlii-LKCA-1975-23,commonlii,data/legal-sources/library/case-law/commonlii/LKCA/1975/23.txt,43779,43779,43779,9,replacement_character,False
commonlii-LKCA-1975-25,commonlii,data/legal-sources/library/case-law/commonlii/LKCA/1975/25.txt,16376,16376,16376,0,,True
commonlii-LKCA-1975-26,commonlii,data/legal-sources/library/case-law/commonlii/LKCA/1975/26.txt,22892,22892,22892,1,replacement_character,False
commonlii-LKCA-1975-4,commonlii,data/legal-sources/library/case-law/commonlii/LKCA/1975/4.txt,14897,14897,14897,13,replacement_character,False
commonlii-LKCA-1975-6,commonlii,data/legal-sources/library/case-law/commonlii/LKCA/1975/6.txt,35646,35646,35646,0,,True
commonlii-LKCA-1976-11,commonlii,data/legal-sources/library/case-law/commonlii/LKCA/1976/11.txt,27298,27298,27298,0,,True
commonlii-LKCA-1976-12,commonlii,data/legal-sources/library/case-law/commonlii/LKCA/1976/12.txt,16831,16831,16831,0,,True
commonlii-LKCA-1976-13,commonlii,data/legal-sources/library/case-law/commonlii/LKCA/1976/13.txt,24904,24904,24904,0,,True
commonlii-LKCA-1976-15,commonlii,data/legal-sources/library/case-law/commonlii/LKCA/1976/15.txt,23079,23079,23079,0,,True
commonlii-LKCA-1976-17,commonlii,data/legal-sources/library/case-law/commonlii/LKCA/1976/17.txt,20762,20762,20762,0,,True
commonlii-LKCA-1976-18,commonlii,data/legal-sources/library/case-law/commonlii/LKCA/1976/18.txt,6265,6265,6265,0,,True
commonlii-LKCA-1976-19,commonlii,data/legal-sources/library/case-law/commonlii/LKCA/1976/19.txt,3483,3483,3483,0,,True
commonlii-LKCA-1976-21,commonlii,data/legal-sources/library/case-law/commonlii/LKCA/1976/21.txt,97128,97128,97128,0,,True
commonlii-LKCA-1976-22,commonlii,data/legal-sources/library/case-law/commonlii/LKCA/1976/22.txt,12501,12501,12501,0,,True
commonlii-LKCA-1976-23,commonlii,data/legal-sources/library/case-law/commonlii/LKCA/1976/23.txt,13683,13683,13683,0,,True
commonlii-LKCA-1976-24,commonlii,data/legal-sources/library/case-law/commonlii/LKCA/1976/24.txt,26724,26724,26724,2,replacement_character,False
commonlii-LKCA-1976-3,commonlii,data/legal-sources/library/case-law/commonlii/LKCA/1976/3.txt,15831,15831,15831,0,,True
commonlii-LKCA-1976-7,commonlii,data/legal-sources/library/case-law/commonlii/LKCA/1976/7.txt,25195,25195,25195,0,,True
commonlii-LKCA-1976-9,commonlii,data/legal-sources/library/case-law/commonlii/LKCA/1976/9.txt,20317,20317,20317,0,,True
commonlii-LKCA-1977-1,commonlii,data/legal-sources/library/case-law/commonlii/LKCA/1977/1.txt,21284,21284,21284,0,,True
commonlii-LKCA-1977-11,commonlii,data/legal-sources/library/case-law/commonlii/LKCA/1977/11.txt,5959,5959,5959,0,,True
commonlii-LKCA-1977-12,commonlii,data/legal-sources/library/case-law/commonlii/LKCA/1977/12.txt,59306,59306,59306,1,replacement_character,False
commonlii-LKCA-1977-15,commonlii,data/legal-sources/library/case-law/commonlii/LKCA/1977/15.txt,6247,6247,6247,0,,True
commonlii-LKCA-1977-17,commonlii,data/legal-sources/library/case-law/commonlii/LKCA/1977/17.txt,16495,16495,16495,0,,True
commonlii-LKCA-1977-2,commonlii,data/legal-sources/library/case-law/commonlii/LKCA/1977/2.txt,148268,148268,148268,0,,True
commonlii-LKCA-1977-23,commonlii,data/legal-sources/library/case-law/commonlii/LKCA/1977/23.txt,16511,16511,16511,0,,True
commonlii-LKCA-1977-4,commonlii,data/legal-sources/library/case-law/commonlii/LKCA/1977/4.txt,24775,24775,24775,0,,True
commonlii-LKCA-1977-6,commonlii,data/legal-sources/library/case-law/commonlii/LKCA/1977/6.txt,18270,18270,18270,0,,True
commonlii-LKCA-1977-9,commonlii,data/legal-sources/library/case-law/commonlii/LKCA/1977/9.txt,16515,16515,16515,0,,True
commonlii-LKCA-1978-1,commonlii,data/legal-sources/library/case-law/commonlii/LKCA/1978/1.txt,248077,248077,248077,0,,True
commonlii-LKCA-1978-4,commonlii,data/legal-sources/library/case-law/commonlii/LKCA/1978/4.txt,22578,22578,22578,0,,True
commonlii-LKCA-1978-5,commonlii,data/legal-sources/library/case-law/commonlii/LKCA/1978/5.txt,22033,22033,22033,0,,True
commonlii-LKCA-1978-6,commonlii,data/legal-sources/library/case-law/commonlii/LKCA/1978/6.txt,19395,19395,19395,0,,True
commonlii-LKCA-1980-18,commonlii,data/legal-sources/library/case-law/commonlii/LKCA/1980/18.txt,28831,28831,28831,18,replacement_character,False
commonlii-LKCA-1980-21,commonlii,data/legal-sources/library/case-law/commonlii/LKCA/1980/21.txt,23580,23580,23580,24,replacement_character,False
commonlii-LKCA-1980-23,commonlii,data/legal-sources/library/case-law/commonlii/LKCA/1980/23.txt,28436,28436,28436,10,replacement_character,False
commonlii-LKCA-1980-26,commonlii,data/legal-sources/library/case-law/commonlii/LKCA/1980/26.txt,9329,9329,9329,10,replacement_character,False
commonlii-LKCA-1980-34,commonlii,data/legal-sources/library/case-law/commonlii/LKCA/1980/34.txt,9065,9065,9065,7,replacement_character,False
commonlii-LKCA-1980-37,commonlii,data/legal-sources/library/case-law/commonlii/LKCA/1980/37.txt,30727,30727,30727,2,replacement_character,False
commonlii-LKCA-1980-40,commonlii,data/legal-sources/library/case-law/commonlii/LKCA/1980/40.txt,12227,12227,12227,1,replacement_character,False
commonlii-LKCA-1980-41,commonlii,data/legal-sources/library/case-law/commonlii/LKCA/1980/41.txt,15122,15122,15122,5,replacement_character,False
commonlii-LKCA-1980-44,commonlii,data/legal-sources/library/case-law/commonlii/LKCA/1980/44.txt,21406,21406,21406,49,replacement_character,False
commonlii-LKCA-1980-45,commonlii,data/legal-sources/library/case-law/commonlii/LKCA/1980/45.txt,16298,16298,16298,1,replacement_character,False
commonlii-LKCA-1980-5,commonlii,data/legal-sources/library/case-law/commonlii/LKCA/1980/5.txt,67716,67716,67716,85,replacement_character,False
commonlii-LKCA-1980-8,commonlii,data/legal-sources/library/case-law/commonlii/LKCA/1980/8.txt,14564,14564,14564,55,replacement_character,False
commonlii-LKCA-1980-9,commonlii,data/legal-sources/library/case-law/commonlii/LKCA/1980/9.txt,29482,29482,29482,35,replacement_character,False
commonlii-LKCA-1981-1,commonlii,data/legal-sources/library/case-law/commonlii/LKCA/1981/1.txt,15363,15363,15363,2,replacement_character,False
commonlii-LKCA-1981-14,commonlii,data/legal-sources/library/case-law/commonlii/LKCA/1981/14.txt,24149,24149,24149,2,replacement_character,False
commonlii-LKCA-1981-21,commonlii,data/legal-sources/library/case-law/commonlii/LKCA/1981/21.txt,51038,51038,51038,88,replacement_character,False
commonlii-LKCA-1981-23,commonlii,data/legal-sources/library/case-law/commonlii/LKCA/1981/23.txt,11762,11762,11762,0,,True
commonlii-LKCA-1981-24,commonlii,data/legal-sources/library/case-law/commonlii/LKCA/1981/24.txt,12507,12507,12507,19,replacement_character,False
commonlii-LKCA-1981-26,commonlii,data/legal-sources/library/case-law/commonlii/LKCA/1981/26.txt,44047,44047,44047,44,replacement_character,False
commonlii-LKCA-1981-31,commonlii,data/legal-sources/library/case-law/commonlii/LKCA/1981/31.txt,19959,19959,19959,0,,True
commonlii-LKCA-1981-33,commonlii,data/legal-sources/library/case-law/commonlii/LKCA/1981/33.txt,31420,31420,31420,6,replacement_character,False
commonlii-LKCA-1981-34,commonlii,data/legal-sources/library/case-law/commonlii/LKCA/1981/34.txt,7758,7758,7758,1,replacement_character,False
commonlii-LKCA-1981-36,commonlii,data/legal-sources/library/case-law/commonlii/LKCA/1981/36.txt,16035,16035,16035,2,replacement_character,False
commonlii-LKCA-1981-40,commonlii,data/legal-sources/library/case-law/commonlii/LKCA/1981/40.txt,41753,41753,41753,0,,True
commonlii-LKCA-1981-46,commonlii,data/legal-sources/library/case-law/commonlii/LKCA/1981/46.txt,26844,26844,26844,1,replacement_character,False
commonlii-LKCA-1981-5,commonlii,data/legal-sources/library/case-law/commonlii/LKCA/1981/5.txt,31239,31239,31239,2,replacement_character,False
commonlii-LKCA-1981-6,commonlii,data/legal-sources/library/case-law/commonlii/LKCA/1981/6.txt,53774,53774,53774,5,replacement_character,False
commonlii-LKCA-1982-1,commonlii,data/legal-sources/library/case-law/commonlii/LKCA/1982/1.txt,10624,10624,10624,0,,True
commonlii-LKCA-1982-10,commonlii,data/legal-sources/library/case-law/commonlii/LKCA/1982/10.txt,19557,19557,19557,1,replacement_character,False
commonlii-LKCA-1982-14,commonlii,data/legal-sources/library/case-law/commonlii/LKCA/1982/14.txt,7388,7388,7388,0,,True
commonlii-LKCA-1982-17,commonlii,data/legal-sources/library/case-law/commonlii/LKCA/1982/17.txt,22998,22998,22998,0,,True
commonlii-LKCA-1982-22,commonlii,data/legal-sources/library/case-law/commonlii/LKCA/1982/22.txt,36814,36814,36814,0,,True
commonlii-LKCA-1982-24,commonlii,data/legal-sources/library/case-law/commonlii/LKCA/1982/24.txt,16728,16728,16728,0,,True
commonlii-LKCA-1982-27,commonlii,data/legal-sources/library/case-law/commonlii/LKCA/1982/27.txt,32467,32467,32467,5,replacement_character,False
commonlii-LKCA-1982-6,commonlii,data/legal-sources/library/case-law/commonlii/LKCA/1982/6.txt,31744,31744,31744,2,replacement_character,False
commonlii-LKCA-1983-13,commonlii,data/legal-sources/library/case-law/commonlii/LKCA/1983/13.txt,20905,20905,20905,14,replacement_character,False
commonlii-LKCA-1983-14,commonlii,data/legal-sources/library/case-law/commonlii/LKCA/1983/14.txt,8886,8886,8886,0,,True
commonlii-LKCA-1983-17,commonlii,data/legal-sources/library/case-law/commonlii/LKCA/1983/17.txt,8824,8824,8824,0,,True
commonlii-LKCA-1983-18,commonlii,data/legal-sources/library/case-law/commonlii/LKCA/1983/18.txt,15736,15736,15736,2,replacement_character,False
commonlii-LKCA-1983-19,commonlii,data/legal-sources/library/case-law/commonlii/LKCA/1983/19.txt,8900,8900,8900,1,replacement_character,False
commonlii-LKCA-1983-21,commonlii,data/legal-sources/library/case-law/commonlii/LKCA/1983/21.txt,23953,23953,23953,1,replacement_character,False
commonlii-LKCA-1983-22,commonlii,data/legal-sources/library/case-law/commonlii/LKCA/1983/22.txt,13997,13997,13997,0,,True
commonlii-LKCA-1983-23,commonlii,data/legal-sources/library/case-law/commonlii/LKCA/1983/23.txt,9354,9354,9354,6,replacement_character,False
commonlii-LKCA-1983-24,commonlii,data/legal-sources/library/case-law/commonlii/LKCA/1983/24.txt,22838,22838,22838,3,replacement_character,False
commonlii-LKCA-1983-7,commonlii,data/legal-sources/library/case-law/commonlii/LKCA/1983/7.txt,39606,39606,39606,0,,True
commonlii-LKCA-1983-8,commonlii,data/legal-sources/library/case-law/commonlii/LKCA/1983/8.txt,18835,18835,18835,1,replacement_character,False
commonlii-LKCA-1984-18,commonlii,data/legal-sources/library/case-law/commonlii/LKCA/1984/18.txt,81465,81465,81465,1,replacement_character,False
commonlii-LKCA-1984-24,commonlii,data/legal-sources/library/case-law/commonlii/LKCA/1984/24.txt,11207,11207,11207,0,,True
commonlii-LKCA-1984-26,commonlii,data/legal-sources/library/case-law/commonlii/LKCA/1984/26.txt,48383,48383,48383,1,replacement_character,False
commonlii-LKCA-1984-27,commonlii,data/legal-sources/library/case-law/commonlii/LKCA/1984/27.txt,12095,12095,12095,0,,True
commonlii-LKCA-1984-28,commonlii,data/legal-sources/library/case-law/commonlii/LKCA/1984/28.txt,12437,12437,12437,0,,True
commonlii-LKCA-1984-3,commonlii,data/legal-sources/library/case-law/commonlii/LKCA/1984/3.txt,12258,12258,12258,0,,True
commonlii-LKCA-1984-31,commonlii,data/legal-sources/library/case-law/commonlii/LKCA/1984/31.txt,21350,21350,21350,0,,True
commonlii-LKCA-1984-33,commonlii,data/legal-sources/library/case-law/commonlii/LKCA/1984/33.txt,12405,12405,12405,4,replacement_character,False
commonlii-LKCA-1984-38,commonlii,data/legal-sources/library/case-law/commonlii/LKCA/1984/38.txt,8850,8850,8850,0,,True
commonlii-LKCA-1984-39,commonlii,data/legal-sources/library/case-law/commonlii/LKCA/1984/39.txt,8285,8285,8285,0,,True
commonlii-LKCA-1984-40,commonlii,data/legal-sources/library/case-law/commonlii/LKCA/1984/40.txt,14735,14735,14735,0,,True
commonlii-LKCA-1985-1,commonlii,data/legal-sources/library/case-law/commonlii/LKCA/1985/1.txt,15256,15256,15256,0,,True
commonlii-LKCA-1985-15,commonlii,data/legal-sources/library/case-law/commonlii/LKCA/1985/15.txt,40509,40509,40509,0,,True
commonlii-LKCA-1985-16,commonlii,data/legal-sources/library/case-law/commonlii/LKCA/1985/16.txt,13954,13954,13954,0,,True
commonlii-LKCA-1985-17,commonlii,data/legal-sources/library/case-law/commonlii/LKCA/1985/17.txt,11946,11946,11946,0,,True
commonlii-LKCA-1985-22,commonlii,data/legal-sources/library/case-law/commonlii/LKCA/1985/22.txt,18650,18650,18650,0,,True
commonlii-LKCA-1985-24,commonlii,data/legal-sources/library/case-law/commonlii/LKCA/1985/24.txt,59335,59335,59335,126,replacement_character,False
commonlii-LKCA-1985-33,commonlii,data/legal-sources/library/case-law/commonlii/LKCA/1985/33.txt,24233,24233,24221,0,,True
commonlii-LKCA-1985-34,commonlii,data/legal-sources/library/case-law/commonlii/LKCA/1985/34.txt,17835,17835,17835,0,,True
commonlii-LKCA-1985-35,commonlii,data/legal-sources/library/case-law/commonlii/LKCA/1985/35.txt,41734,41734,41734,1,replacement_character,False
commonlii-LKCA-1985-39,commonlii,data/legal-sources/library/case-law/commonlii/LKCA/1985/39.txt,15974,15974,15974,0,,True
commonlii-LKCA-1985-43,commonlii,data/legal-sources/library/case-law/commonlii/LKCA/1985/43.txt,10202,10202,10202,0,,True
commonlii-LKCA-1985-55,commonlii,data/legal-sources/library/case-law/commonlii/LKCA/1985/55.txt,10469,10469,10469,0,,True
commonlii-LKCA-1985-57,commonlii,data/legal-sources/library/case-law/commonlii/LKCA/1985/57.txt,21321,21321,21321,0,,True
commonlii-LKCA-1985-58,commonlii,data/legal-sources/library/case-law/commonlii/LKCA/1985/58.txt,10179,10179,10179,0,,True
commonlii-LKCA-1985-65,commonlii,data/legal-sources/library/case-law/commonlii/LKCA/1985/65.txt,20575,20575,20575,0,,True
commonlii-LKCA-1985-9,commonlii,data/legal-sources/library/case-law/commonlii/LKCA/1985/9.txt,16215,16215,16215,0,,True
commonlii-LKCA-1986-20,commonlii,data/legal-sources/library/case-law/commonlii/LKCA/1986/20.txt,11118,11118,11118,0,,True
commonlii-LKCA-1986-21,commonlii,data/legal-sources/library/case-law/commonlii/LKCA/1986/21.txt,14082,14082,14082,0,,True
commonlii-LKCA-1986-22,commonlii,data/legal-sources/library/case-law/commonlii/LKCA/1986/22.txt,29265,29265,29265,20,replacement_character,False
commonlii-LKCA-1986-28,commonlii,data/legal-sources/library/case-law/commonlii/LKCA/1986/28.txt,29599,29599,29599,3,replacement_character,False
commonlii-LKCA-1986-29,commonlii,data/legal-sources/library/case-law/commonlii/LKCA/1986/29.txt,28858,28858,28858,0,,True
commonlii-LKCA-1986-3,commonlii,data/legal-sources/library/case-law/commonlii/LKCA/1986/3.txt,27331,27331,27331,2,replacement_character,False
commonlii-LKCA-1986-32,commonlii,data/legal-sources/library/case-law/commonlii/LKCA/1986/32.txt,22149,22149,22149,0,,True
commonlii-LKCA-1986-37,commonlii,data/legal-sources/library/case-law/commonlii/LKCA/1986/37.txt,90870,90870,90870,1,replacement_character,False
commonlii-LKCA-1986-39,commonlii,data/legal-sources/library/case-law/commonlii/LKCA/1986/39.txt,14340,14340,14340,0,,True
commonlii-LKCA-1986-4,commonlii,data/legal-sources/library/case-law/commonlii/LKCA/1986/4.txt,9340,9340,9340,0,,True
commonlii-LKCA-1986-6,commonlii,data/legal-sources/library/case-law/commonlii/LKCA/1986/6.txt,11031,11031,11031,0,,True
commonlii-LKCA-1986-8,commonlii,data/legal-sources/library/case-law/commonlii/LKCA/1986/8.txt,8454,8454,8454,0,,True
commonlii-LKCA-1987-1,commonlii,data/legal-sources/library/case-law/commonlii/LKCA/1987/1.txt,39131,39131,39131,0,,True
commonlii-LKCA-1987-11,commonlii,data/legal-sources/library/case-law/commonlii/LKCA/1987/11.txt,23187,23187,23187,0,,True
commonlii-LKCA-1987-13,commonlii,data/legal-sources/library/case-law/commonlii/LKCA/1987/13.txt,28125,28125,28125,0,,True
commonlii-LKCA-1987-14,commonlii,data/legal-sources/library/case-law/commonlii/LKCA/1987/14.txt,10859,10859,10859,0,,True
commonlii-LKCA-1987-15,commonlii,data/legal-sources/library/case-law/commonlii/LKCA/1987/15.txt,23542,23542,23542,0,,True
commonlii-LKCA-1987-16,commonlii,data/legal-sources/library/case-law/commonlii/LKCA/1987/16.txt,28475,28475,28475,0,,True
commonlii-LKCA-1987-17,commonlii,data/legal-sources/library/case-law/commonlii/LKCA/1987/17.txt,14259,14259,14259,0,,True
commonlii-LKCA-1987-18,commonlii,data/legal-sources/library/case-law/commonlii/LKCA/1987/18.txt,10191,10191,10191,0,,True
commonlii-LKCA-1987-2,commonlii,data/legal-sources/library/case-law/commonlii/LKCA/1987/2.txt,37482,37482,37482,0,,True
commonlii-LKCA-1987-22,commonlii,data/legal-sources/library/case-law/commonlii/LKCA/1987/22.txt,23861,23861,23861,0,,True
commonlii-LKCA-1987-25,commonlii,data/legal-sources/library/case-law/commonlii/LKCA/1987/25.txt,28690,28690,28690,0,,True
commonlii-LKCA-1987-27,commonlii,data/legal-sources/library/case-law/commonlii/LKCA/1987/27.txt,15523,15523,15523,0,,True
commonlii-LKCA-1987-29,commonlii,data/legal-sources/library/case-law/commonlii/LKCA/1987/29.txt,46552,46552,46552,0,,True
commonlii-LKCA-1987-30,commonlii,data/legal-sources/library/case-law/commonlii/LKCA/1987/30.txt,10999,10999,10999,0,,True
commonlii-LKCA-1987-34,commonlii,data/legal-sources/library/case-law/commonlii/LKCA/1987/34.txt,42110,42110,42110,1,replacement_character,False
commonlii-LKCA-1987-36,commonlii,data/legal-sources/library/case-law/commonlii/LKCA/1987/36.txt,13156,13156,13156,0,,True
commonlii-LKCA-1987-37,commonlii,data/legal-sources/library/case-law/commonlii/LKCA/1987/37.txt,14717,14717,14717,0,,True
commonlii-LKCA-1987-40,commonlii,data/legal-sources/library/case-law/commonlii/LKCA/1987/40.txt,18121,18121,18121,0,,True
commonlii-LKCA-1987-9,commonlii,data/legal-sources/library/case-law/commonlii/LKCA/1987/9.txt,32179,32179,32179,0,,True
commonlii-LKCA-1988-10,commonlii,data/legal-sources/library/case-law/commonlii/LKCA/1988/10.txt,34554,34554,34554,1,replacement_character,False
commonlii-LKCA-1988-11,commonlii,data/legal-sources/library/case-law/commonlii/LKCA/1988/11.txt,18098,18098,18098,0,,True
commonlii-LKCA-1988-15,commonlii,data/legal-sources/library/case-law/commonlii/LKCA/1988/15.txt,28128,28128,28128,0,,True
commonlii-LKCA-1988-16,commonlii,data/legal-sources/library/case-law/commonlii/LKCA/1988/16.txt,17278,17278,17278,1,replacement_character,False
commonlii-LKCA-1988-19,commonlii,data/legal-sources/library/case-law/commonlii/LKCA/1988/19.txt,44674,44674,44674,0,,True
commonlii-LKCA-1988-21,commonlii,data/legal-sources/library/case-law/commonlii/LKCA/1988/21.txt,18665,18665,18665,1,replacement_character,False
commonlii-LKCA-1988-25,commonlii,data/legal-sources/library/case-law/commonlii/LKCA/1988/25.txt,23721,23721,23721,0,,True
commonlii-LKCA-1988-26,commonlii,data/legal-sources/library/case-law/commonlii/LKCA/1988/26.txt,13229,13229,13229,0,,True
commonlii-LKCA-1988-34,commonlii,data/legal-sources/library/case-law/commonlii/LKCA/1988/34.txt,58620,58620,58620,0,,True
commonlii-LKCA-1988-4,commonlii,data/legal-sources/library/case-law/commonlii/LKCA/1988/4.txt,15549,15549,15549,0,,True
commonlii-LKCA-1988-43,commonlii,data/legal-sources/library/case-law/commonlii/LKCA/1988/43.txt,5978,5978,5978,0,,True
commonlii-LKCA-1988-44,commonlii,data/legal-sources/library/case-law/commonlii/LKCA/1988/44.txt,29759,29759,29759,0,,True
commonlii-LKCA-1988-45,commonlii,data/legal-sources/library/case-law/commonlii/LKCA/1988/45.txt,21028,21028,21028,0,,True
commonlii-LKCA-1988-47,commonlii,data/legal-sources/library/case-law/commonlii/LKCA/1988/47.txt,9339,9339,9339,0,,True
commonlii-LKCA-1988-49,commonlii,data/legal-sources/library/case-law/commonlii/LKCA/1988/49.txt,5944,5944,5944,0,,True
commonlii-LKCA-1988-5,commonlii,data/legal-sources/library/case-law/commonlii/LKCA/1988/5.txt,20280,20280,20280,0,,True
commonlii-LKCA-1988-50,commonlii,data/legal-sources/library/case-law/commonlii/LKCA/1988/50.txt,16328,16328,16328,1,replacement_character,False
commonlii-LKCA-1988-51,commonlii,data/legal-sources/library/case-law/commonlii/LKCA/1988/51.txt,16147,16147,16147,0,,True
commonlii-LKCA-1988-9,commonlii,data/legal-sources/library/case-law/commonlii/LKCA/1988/9.txt,25803,25803,25803,0,,True
commonlii-LKCA-1989-15,commonlii,data/legal-sources/library/case-law/commonlii/LKCA/1989/15.txt,24627,24627,24627,0,,True
commonlii-LKCA-1989-16,commonlii,data/legal-sources/library/case-law/commonlii/LKCA/1989/16.txt,6741,6741,6741,0,,True
commonlii-LKCA-1989-20,commonlii,data/legal-sources/library/case-law/commonlii/LKCA/1989/20.txt,28736,28736,28736,0,,True
commonlii-LKCA-1989-22,commonlii,data/legal-sources/library/case-law/commonlii/LKCA/1989/22.txt,24133,24133,24133,0,,True
commonlii-LKCA-1989-23,commonlii,data/legal-sources/library/case-law/commonlii/LKCA/1989/23.txt,6719,6719,6719,0,,True
commonlii-LKCA-1989-25,commonlii,data/legal-sources/library/case-law/commonlii/LKCA/1989/25.txt,27046,27046,27046,0,,True
commonlii-LKCA-1989-28,commonlii,data/legal-sources/library/case-law/commonlii/LKCA/1989/28.txt,7070,7070,7070,0,,True
commonlii-LKCA-1989-32,commonlii,data/legal-sources/library/case-law/commonlii/LKCA/1989/32.txt,8099,8099,8099,3,replacement_character,False
commonlii-LKCA-1989-35,commonlii,data/legal-sources/library/case-law/commonlii/LKCA/1989/35.txt,8777,8777,8777,0,,True
commonlii-LKCA-1989-41,commonlii,data/legal-sources/library/case-law/commonlii/LKCA/1989/41.txt,5580,5580,5580,0,,True
commonlii-LKCA-1989-45,commonlii,data/legal-sources/library/case-law/commonlii/LKCA/1989/45.txt,10637,10637,10637,0,,True
commonlii-LKCA-1989-8,commonlii,data/legal-sources/library/case-law/commonlii/LKCA/1989/8.txt,25872,25872,25872,0,,True
commonlii-LKCA-1990-12,commonlii,data/legal-sources/library/case-law/commonlii/LKCA/1990/12.txt,12379,12379,12379,0,,True
commonlii-LKCA-1990-17,commonlii,data/legal-sources/library/case-law/commonlii/LKCA/1990/17.txt,13316,13316,13316,0,,True
commonlii-LKCA-1990-22,commonlii,data/legal-sources/library/case-law/commonlii/LKCA/1990/22.txt,2617,2617,2617,0,,True
commonlii-LKCA-1990-36,commonlii,data/legal-sources/library/case-law/commonlii/LKCA/1990/36.txt,13905,13905,13905,1,replacement_character,False
commonlii-LKCA-1990-39,commonlii,data/legal-sources/library/case-law/commonlii/LKCA/1990/39.txt,11890,11890,11890,0,,True
commonlii-LKCA-1990-55,commonlii,data/legal-sources/library/case-law/commonlii/LKCA/1990/55.txt,27460,27460,27460,0,,True
commonlii-LKCA-1990-61,commonlii,data/legal-sources/library/case-law/commonlii/LKCA/1990/61.txt,10540,10540,10540,0,,True
commonlii-LKCA-1990-65,commonlii,data/legal-sources/library/case-law/commonlii/LKCA/1990/65.txt,18399,18399,18399,0,,True
commonlii-LKCA-1991-1,commonlii,data/legal-sources/library/case-law/commonlii/LKCA/1991/1.txt,3735,3735,3735,0,,True
commonlii-LKCA-1991-13,commonlii,data/legal-sources/library/case-law/commonlii/LKCA/1991/13.txt,18895,18895,18895,38,replacement_character,False
commonlii-LKCA-1991-18,commonlii,data/legal-sources/library/case-law/commonlii/LKCA/1991/18.txt,6068,6068,6068,0,,True
commonlii-LKCA-1991-19,commonlii,data/legal-sources/library/case-law/commonlii/LKCA/1991/19.txt,8464,8464,8464,0,,True
commonlii-LKCA-1991-20,commonlii,data/legal-sources/library/case-law/commonlii/LKCA/1991/20.txt,9125,9125,9125,0,,True
commonlii-LKCA-1991-22,commonlii,data/legal-sources/library/case-law/commonlii/LKCA/1991/22.txt,12522,12522,12522,0,,True
commonlii-LKCA-1991-27,commonlii,data/legal-sources/library/case-law/commonlii/LKCA/1991/27.txt,7605,7605,7605,0,,True
commonlii-LKCA-1991-28,commonlii,data/legal-sources/library/case-law/commonlii/LKCA/1991/28.txt,14866,14866,14866,31,replacement_character,False
commonlii-LKCA-1991-29,commonlii,data/legal-sources/library/case-law/commonlii/LKCA/1991/29.txt,22009,22009,22009,0,,True
commonlii-LKCA-1991-31,commonlii,data/legal-sources/library/case-law/commonlii/LKCA/1991/31.txt,4518,4518,4518,0,,True
commonlii-LKCA-1991-41,commonlii,data/legal-sources/library/case-law/commonlii/LKCA/1991/41.txt,25629,25629,25629,60,replacement_character,False
commonlii-LKCA-1991-48,commonlii,data/legal-sources/library/case-law/commonlii/LKCA/1991/48.txt,18685,18685,18685,190,replacement_character,False
commonlii-LKCA-1991-50,commonlii,data/legal-sources/library/case-law/commonlii/LKCA/1991/50.txt,12753,12753,12753,0,,True
commonlii-LKCA-1991-51,commonlii,data/legal-sources/library/case-law/commonlii/LKCA/1991/51.txt,5692,5692,5692,0,,True
commonlii-LKCA-1991-54,commonlii,data/legal-sources/library/case-law/commonlii/LKCA/1991/54.txt,25478,25478,25478,0,,True
commonlii-LKCA-1991-55,commonlii,data/legal-sources/library/case-law/commonlii/LKCA/1991/55.txt,8974,8974,8974,0,,True
commonlii-LKCA-1991-56,commonlii,data/legal-sources/library/case-law/commonlii/LKCA/1991/56.txt,16358,16358,16358,0,,True
commonlii-LKCA-1992-1,commonlii,data/legal-sources/library/case-law/commonlii/LKCA/1992/1.txt,33643,33643,33643,0,,True
commonlii-LKCA-1992-15,commonlii,data/legal-sources/library/case-law/commonlii/LKCA/1992/15.txt,26009,26009,26009,95,replacement_character,False
commonlii-LKCA-1992-23,commonlii,data/legal-sources/library/case-law/commonlii/LKCA/1992/23.txt,37214,37214,37214,0,,True
commonlii-LKCA-1992-25,commonlii,data/legal-sources/library/case-law/commonlii/LKCA/1992/25.txt,12520,12520,12520,0,,True
commonlii-LKCA-1992-31,commonlii,data/legal-sources/library/case-law/commonlii/LKCA/1992/31.txt,32935,32935,32935,0,,True
commonlii-LKCA-1992-36,commonlii,data/legal-sources/library/case-law/commonlii/LKCA/1992/36.txt,11534,11534,11534,0,,True
commonlii-LKCA-1993-19,commonlii,data/legal-sources/library/case-law/commonlii/LKCA/1993/19.txt,29882,29882,29882,5,replacement_character,False
commonlii-LKCA-1993-26,commonlii,data/legal-sources/library/case-law/commonlii/LKCA/1993/26.txt,14610,14610,14610,7,replacement_character,False
commonlii-LKCA-1993-27,commonlii,data/legal-sources/library/case-law/commonlii/LKCA/1993/27.txt,8321,8321,8321,1,replacement_character,False
commonlii-LKCA-1993-28,commonlii,data/legal-sources/library/case-law/commonlii/LKCA/1993/28.txt,18292,18292,18292,1,replacement_character,False
commonlii-LKCA-1993-31,commonlii,data/legal-sources/library/case-law/commonlii/LKCA/1993/31.txt,22222,22222,22222,0,,True
commonlii-LKCA-1993-33,commonlii,data/legal-sources/library/case-law/commonlii/LKCA/1993/33.txt,7413,7413,7413,1,replacement_character,False
commonlii-LKCA-1994-24,commonlii,data/legal-sources/library/case-law/commonlii/LKCA/1994/24.txt,13501,13501,13501,1,replacement_character,False
commonlii-LKCA-1994-35,commonlii,data/legal-sources/library/case-law/commonlii/LKCA/1994/35.txt,14437,14437,14437,0,,True
commonlii-LKCA-1994-37,commonlii,data/legal-sources/library/case-law/commonlii/LKCA/1994/37.txt,8873,8873,8873,0,,True
commonlii-LKCA-1994-38,commonlii,data/legal-sources/library/case-law/commonlii/LKCA/1994/38.txt,17379,17379,17379,0,,True
commonlii-LKCA-1994-39,commonlii,data/legal-sources/library/case-law/commonlii/LKCA/1994/39.txt,10404,10404,10404,0,,True
commonlii-LKCA-1995-13,commonlii,data/legal-sources/library/case-law/commonlii/LKCA/1995/13.txt,13588,13588,13588,0,,True
commonlii-LKCA-1995-17,commonlii,data/legal-sources/library/case-law/commonlii/LKCA/1995/17.txt,10794,10794,10794,11,replacement_character,False
commonlii-LKCA-1995-2,commonlii,data/legal-sources/library/case-law/commonlii/LKCA/1995/2.txt,11162,11162,11162,0,,True
commonlii-LKCA-1995-31,commonlii,data/legal-sources/library/case-law/commonlii/LKCA/1995/31.txt,12243,12243,12243,0,,True
commonlii-LKCA-1995-34,commonlii,data/legal-sources/library/case-law/commonlii/LKCA/1995/34.txt,3528,3528,3528,0,,True
commonlii-LKCA-1995-36,commonlii,data/legal-sources/library/case-law/commonlii/LKCA/1995/36.txt,12726,12726,12726,0,,True
commonlii-LKCA-1995-8,commonlii,data/legal-sources/library/case-law/commonlii/LKCA/1995/8.txt,18926,18926,18926,0,,True
commonlii-LKCA-1996-12,commonlii,data/legal-sources/library/case-law/commonlii/LKCA/1996/12.txt,13284,13284,13284,333,replacement_character,False
commonlii-LKCA-1996-22,commonlii,data/legal-sources/library/case-law/commonlii/LKCA/1996/22.txt,8469,8469,8469,1,replacement_character,False
commonlii-LKCA-1996-23,commonlii,data/legal-sources/library/case-law/commonlii/LKCA/1996/23.txt,15395,15395,15395,2,replacement_character,False
commonlii-LKCA-1996-31,commonlii,data/legal-sources/library/case-law/commonlii/LKCA/1996/31.txt,33170,33170,33170,15,replacement_character,False
commonlii-LKCA-1996-35,commonlii,data/legal-sources/library/case-law/commonlii/LKCA/1996/35.txt,12975,12975,12975,2,replacement_character,False
commonlii-LKCA-1996-37,commonlii,data/legal-sources/library/case-law/commonlii/LKCA/1996/37.txt,15026,15026,15026,0,,True
commonlii-LKCA-1996-39,commonlii,data/legal-sources/library/case-law/commonlii/LKCA/1996/39.txt,16477,16477,16477,25,replacement_character,False
commonlii-LKCA-1996-40,commonlii,data/legal-sources/library/case-law/commonlii/LKCA/1996/40.txt,8053,8053,8053,2,replacement_character,False
commonlii-LKCA-1996-6,commonlii,data/legal-sources/library/case-law/commonlii/LKCA/1996/6.txt,22682,22682,22682,25,replacement_character,False
commonlii-LKCA-1997-18,commonlii,data/legal-sources/library/case-law/commonlii/LKCA/1997/18.txt,10196,10196,10196,3,replacement_character,False
commonlii-LKCA-1997-2,commonlii,data/legal-sources/library/case-law/commonlii/LKCA/1997/2.txt,15793,15793,15793,39,replacement_character,False
commonlii-LKCA-1997-20,commonlii,data/legal-sources/library/case-law/commonlii/LKCA/1997/20.txt,9817,9817,9817,11,replacement_character,False
commonlii-LKCA-1997-21,commonlii,data/legal-sources/library/case-law/commonlii/LKCA/1997/21.txt,13080,13080,13080,6,replacement_character,False
commonlii-LKCA-1997-24,commonlii,data/legal-sources/library/case-law/commonlii/LKCA/1997/24.txt,12893,12893,12893,4,replacement_character,False
commonlii-LKCA-1997-25,commonlii,data/legal-sources/library/case-law/commonlii/LKCA/1997/25.txt,10541,10541,10541,0,,True
commonlii-LKCA-1997-26,commonlii,data/legal-sources/library/case-law/commonlii/LKCA/1997/26.txt,9815,9815,9815,0,,True
commonlii-LKCA-1997-28,commonlii,data/legal-sources/library/case-law/commonlii/LKCA/1997/28.txt,19043,19043,19043,3,replacement_character,False
commonlii-LKCA-1997-31,commonlii,data/legal-sources/library/case-law/commonlii/LKCA/1997/31.txt,17515,17515,17515,3,replacement_character,False
commonlii-LKCA-1997-33,commonlii,data/legal-sources/library/case-law/commonlii/LKCA/1997/33.txt,10352,10352,10352,0,,True
commonlii-LKCA-1997-35,commonlii,data/legal-sources/library/case-law/commonlii/LKCA/1997/35.txt,17877,17877,17877,7,replacement_character,False
commonlii-LKCA-1997-37,commonlii,data/legal-sources/library/case-law/commonlii/LKCA/1997/37.txt,10114,10114,10114,0,,True
commonlii-LKCA-1997-40,commonlii,data/legal-sources/library/case-law/commonlii/LKCA/1997/40.txt,13408,13408,13408,4,replacement_character,False
commonlii-LKCA-1997-41,commonlii,data/legal-sources/library/case-law/commonlii/LKCA/1997/41.txt,33003,33003,33003,2,replacement_character,False
commonlii-LKCA-1997-42,commonlii,data/legal-sources/library/case-law/commonlii/LKCA/1997/42.txt,16472,16472,16472,4,replacement_character,False
commonlii-LKCA-1997-48,commonlii,data/legal-sources/library/case-law/commonlii/LKCA/1997/48.txt,17863,17863,17863,2,replacement_character,False
commonlii-LKCA-1997-49,commonlii,data/legal-sources/library/case-law/commonlii/LKCA/1997/49.txt,14898,14898,14898,90,replacement_character,False
commonlii-LKCA-1997-59,commonlii,data/legal-sources/library/case-law/commonlii/LKCA/1997/59.txt,7893,7893,7893,24,replacement_character,False
commonlii-LKCA-1997-61,commonlii,data/legal-sources/library/case-law/commonlii/LKCA/1997/61.txt,11814,11814,11814,1,replacement_character,False
commonlii-LKCA-1997-65,commonlii,data/legal-sources/library/case-law/commonlii/LKCA/1997/65.txt,19101,19101,19101,2,replacement_character,False
commonlii-LKCA-1997-67,commonlii,data/legal-sources/library/case-law/commonlii/LKCA/1997/67.txt,16424,16424,16424,28,replacement_character,False
commonlii-LKCA-1997-71,commonlii,data/legal-sources/library/case-law/commonlii/LKCA/1997/71.txt,12119,12119,12119,0,,True
commonlii-LKCA-1997-73,commonlii,data/legal-sources/library/case-law/commonlii/LKCA/1997/73.txt,22756,22756,22756,25,replacement_character,False
commonlii-LKCA-1997-74,commonlii,data/legal-sources/library/case-law/commonlii/LKCA/1997/74.txt,8782,8782,8782,1,replacement_character,False
commonlii-LKCA-1997-79,commonlii,data/legal-sources/library/case-law/commonlii/LKCA/1997/79.txt,11818,11818,11818,0,,True
commonlii-LKCA-1997-85,commonlii,data/legal-sources/library/case-law/commonlii/LKCA/1997/85.txt,20026,20026,20026,151,replacement_character,False
commonlii-LKCA-1998-21,commonlii,data/legal-sources/library/case-law/commonlii/LKCA/1998/21.txt,10856,10856,10856,3,replacement_character,False
commonlii-LKCA-1998-22,commonlii,data/legal-sources/library/case-law/commonlii/LKCA/1998/22.txt,14086,14086,14086,0,,True
commonlii-LKCA-1998-30,commonlii,data/legal-sources/library/case-law/commonlii/LKCA/1998/30.txt,13143,13143,13143,0,,True
commonlii-LKCA-1998-31,commonlii,data/legal-sources/library/case-law/commonlii/LKCA/1998/31.txt,21164,21164,21164,0,,True
commonlii-LKCA-1998-32,commonlii,data/legal-sources/library/case-law/commonlii/LKCA/1998/32.txt,17490,17490,17490,0,,True
commonlii-LKCA-1998-34,commonlii,data/legal-sources/library/case-law/commonlii/LKCA/1998/34.txt,21517,21517,21517,0,,True
commonlii-LKCA-1998-35,commonlii,data/legal-sources/library/case-law/commonlii/LKCA/1998/35.txt,12876,12876,12876,0,,True
commonlii-LKCA-1998-47,commonlii,data/legal-sources/library/case-law/commonlii/LKCA/1998/47.txt,22915,22915,22915,5,replacement_character,False
commonlii-LKCA-1998-5,commonlii,data/legal-sources/library/case-law/commonlii/LKCA/1998/5.txt,13106,13106,13106,0,,True
commonlii-LKCA-1998-50,commonlii,data/legal-sources/library/case-law/commonlii/LKCA/1998/50.txt,20104,20104,20104,0,,True
commonlii-LKCA-1998-51,commonlii,data/legal-sources/library/case-law/commonlii/LKCA/1998/51.txt,13263,13263,13263,0,,True
commonlii-LKCA-1998-52,commonlii,data/legal-sources/library/case-law/commonlii/LKCA/1998/52.txt,17121,17121,17121,3,replacement_character,False
commonlii-LKCA-1998-55,commonlii,data/legal-sources/library/case-law/commonlii/LKCA/1998/55.txt,9374,9374,9374,1,replacement_character,False
commonlii-LKCA-1998-6,commonlii,data/legal-sources/library/case-law/commonlii/LKCA/1998/6.txt,12792,12792,12792,0,,True
commonlii-LKCA-1999-1,commonlii,data/legal-sources/library/case-law/commonlii/LKCA/1999/1.txt,17466,17466,17466,2,replacement_character,False
commonlii-LKCA-1999-10,commonlii,data/legal-sources/library/case-law/commonlii/LKCA/1999/10.txt,16657,16657,16657,0,,True
commonlii-LKCA-1999-15,commonlii,data/legal-sources/library/case-law/commonlii/LKCA/1999/15.txt,17293,17293,17293,0,,True
commonlii-LKCA-1999-2,commonlii,data/legal-sources/library/case-law/commonlii/LKCA/1999/2.txt,33805,33805,33805,0,,True
commonlii-LKCA-1999-28,commonlii,data/legal-sources/library/case-law/commonlii/LKCA/1999/28.txt,9978,9978,9978,0,,True
commonlii-LKCA-1999-3,commonlii,data/legal-sources/library/case-law/commonlii/LKCA/1999/3.txt,16975,16975,16975,0,,True
commonlii-LKCA-1999-30,commonlii,data/legal-sources/library/case-law/commonlii/LKCA/1999/30.txt,13449,13449,13449,0,,True
commonlii-LKCA-1999-32,commonlii,data/legal-sources/library/case-law/commonlii/LKCA/1999/32.txt,10156,10156,10156,0,,True
commonlii-LKCA-1999-38,commonlii,data/legal-sources/library/case-law/commonlii/LKCA/1999/38.txt,24062,24062,24062,0,,True
commonlii-LKCA-1999-39,commonlii,data/legal-sources/library/case-law/commonlii/LKCA/1999/39.txt,10273,10273,10273,0,,True
commonlii-LKCA-1999-4,commonlii,data/legal-sources/library/case-law/commonlii/LKCA/1999/4.txt,13410,13410,13410,2,replacement_character,False
commonlii-LKCA-1999-45,commonlii,data/legal-sources/library/case-law/commonlii/LKCA/1999/45.txt,6803,6803,6803,361,replacement_character,False
commonlii-LKCA-1999-50,commonlii,data/legal-sources/library/case-law/commonlii/LKCA/1999/50.txt,17622,17622,17622,0,,True
commonlii-LKCA-1999-51,commonlii,data/legal-sources/library/case-law/commonlii/LKCA/1999/51.txt,8788,8788,8788,0,,True
commonlii-LKCA-1999-65,commonlii,data/legal-sources/library/case-law/commonlii/LKCA/1999/65.txt,6985,6985,6985,0,,True
commonlii-LKCA-1999-66,commonlii,data/legal-sources/library/case-law/commonlii/LKCA/1999/66.txt,13395,13395,13395,0,,True
commonlii-LKCA-1999-68,commonlii,data/legal-sources/library/case-law/commonlii/LKCA/1999/68.txt,27575,27575,27575,0,,True
commonlii-LKCA-1999-70,commonlii,data/legal-sources/library/case-law/commonlii/LKCA/1999/70.txt,10607,10607,10607,0,,True
commonlii-LKCA-1999-74,commonlii,data/legal-sources/library/case-law/commonlii/LKCA/1999/74.txt,16915,16915,16915,0,,True
commonlii-LKCA-1999-76,commonlii,data/legal-sources/library/case-law/commonlii/LKCA/1999/76.txt,19932,19932,19932,0,,True
commonlii-LKCA-1999-77,commonlii,data/legal-sources/library/case-law/commonlii/LKCA/1999/77.txt,16086,16086,16086,0,,True
commonlii-LKCA-1999-80,commonlii,data/legal-sources/library/case-law/commonlii/LKCA/1999/80.txt,8206,8206,8206,0,,True
commonlii-LKCA-1999-81,commonlii,data/legal-sources/library/case-law/commonlii/LKCA/1999/81.txt,6257,6257,6257,0,,True
commonlii-LKCA-1999-82,commonlii,data/legal-sources/library/case-law/commonlii/LKCA/1999/82.txt,29097,29097,29097,0,,True
commonlii-LKCA-1999-83,commonlii,data/legal-sources/library/case-law/commonlii/LKCA/1999/83.txt,9607,9607,9607,0,,True
commonlii-LKCA-1999-84,commonlii,data/legal-sources/library/case-law/commonlii/LKCA/1999/84.txt,37752,37752,37752,0,,True
commonlii-LKCA-1999-9,commonlii,data/legal-sources/library/case-law/commonlii/LKCA/1999/9.txt,15027,15027,15027,1,replacement_character,False
commonlii-LKCA-2000-1,commonlii,data/legal-sources/library/case-law/commonlii/LKCA/2000/1.txt,26291,26291,26291,0,,True
commonlii-LKCA-2000-12,commonlii,data/legal-sources/library/case-law/commonlii/LKCA/2000/12.txt,19166,19166,19166,1,replacement_character,False
commonlii-LKCA-2000-13,commonlii,data/legal-sources/library/case-law/commonlii/LKCA/2000/13.txt,10538,10538,10538,0,,True
commonlii-LKCA-2000-15,commonlii,data/legal-sources/library/case-law/commonlii/LKCA/2000/15.txt,13508,13508,13508,0,,True
commonlii-LKCA-2000-16,commonlii,data/legal-sources/library/case-law/commonlii/LKCA/2000/16.txt,10166,10166,10166,0,,True
commonlii-LKCA-2000-19,commonlii,data/legal-sources/library/case-law/commonlii/LKCA/2000/19.txt,11437,11437,11437,31,replacement_character,False
commonlii-LKCA-2000-20,commonlii,data/legal-sources/library/case-law/commonlii/LKCA/2000/20.txt,17975,17975,17975,0,,True
commonlii-LKCA-2000-24,commonlii,data/legal-sources/library/case-law/commonlii/LKCA/2000/24.txt,12393,12393,12393,0,,True
commonlii-LKCA-2000-28,commonlii,data/legal-sources/library/case-law/commonlii/LKCA/2000/28.txt,21219,21219,21219,0,,True
commonlii-LKCA-2000-3,commonlii,data/legal-sources/library/case-law/commonlii/LKCA/2000/3.txt,13137,13137,13137,0,,True
commonlii-LKCA-2000-33,commonlii,data/legal-sources/library/case-law/commonlii/LKCA/2000/33.txt,25000,25000,25000,0,,True
commonlii-LKCA-2000-39,commonlii,data/legal-sources/library/case-law/commonlii/LKCA/2000/39.txt,15622,15622,15622,0,,True
commonlii-LKCA-2000-45,commonlii,data/legal-sources/library/case-law/commonlii/LKCA/2000/45.txt,13160,13160,13160,0,,True
commonlii-LKCA-2000-47,commonlii,data/legal-sources/library/case-law/commonlii/LKCA/2000/47.txt,18023,18023,18023,0,,True
commonlii-LKCA-2000-48,commonlii,data/legal-sources/library/case-law/commonlii/LKCA/2000/48.txt,8592,8592,8592,0,,True
commonlii-LKCA-2000-49,commonlii,data/legal-sources/library/case-law/commonlii/LKCA/2000/49.txt,11602,11602,11602,0,,True
commonlii-LKCA-2000-5,commonlii,data/legal-sources/library/case-law/commonlii/LKCA/2000/5.txt,11461,11461,11461,0,,True
commonlii-LKCA-2000-51,commonlii,data/legal-sources/library/case-law/commonlii/LKCA/2000/51.txt,7191,7191,7191,0,,True
commonlii-LKCA-2000-55,commonlii,data/legal-sources/library/case-law/commonlii/LKCA/2000/55.txt,18273,18273,18273,0,,True
commonlii-LKCA-2000-56,commonlii,data/legal-sources/library/case-law/commonlii/LKCA/2000/56.txt,17846,17846,17846,2,replacement_character,False
commonlii-LKCA-2000-60,commonlii,data/legal-sources/library/case-law/commonlii/LKCA/2000/60.txt,30773,30773,30773,0,,True
commonlii-LKCA-2000-61,commonlii,data/legal-sources/library/case-law/commonlii/LKCA/2000/61.txt,12726,12726,12726,0,,True
commonlii-LKCA-2000-65,commonlii,data/legal-sources/library/case-law/commonlii/LKCA/2000/65.txt,18888,18888,18888,0,,True
commonlii-LKCA-2000-68,commonlii,data/legal-sources/library/case-law/commonlii/LKCA/2000/68.txt,15185,15185,15185,0,,True
commonlii-LKCA-2000-9,commonlii,data/legal-sources/library/case-law/commonlii/LKCA/2000/9.txt,30950,30950,30950,0,,True
commonlii-LKCA-2001-1,commonlii,data/legal-sources/library/case-law/commonlii/LKCA/2001/1.txt,13094,13094,13094,0,,True
commonlii-LKCA-2001-103,commonlii,data/legal-sources/library/case-law/commonlii/LKCA/2001/103.txt,10299,10299,10299,0,,True
commonlii-LKCA-2001-11,commonlii,data/legal-sources/library/case-law/commonlii/LKCA/2001/11.txt,19171,19171,19171,0,,True
commonlii-LKCA-2001-19,commonlii,data/legal-sources/library/case-law/commonlii/LKCA/2001/19.txt,13441,13441,13441,0,,True
commonlii-LKCA-2001-22,commonlii,data/legal-sources/library/case-law/commonlii/LKCA/2001/22.txt,9400,9400,9400,0,,True
commonlii-LKCA-2001-26,commonlii,data/legal-sources/library/case-law/commonlii/LKCA/2001/26.txt,7384,7384,7384,0,,True
commonlii-LKCA-2001-28,commonlii,data/legal-sources/library/case-law/commonlii/LKCA/2001/28.txt,9614,9614,9614,0,,True
commonlii-LKCA-2001-34,commonlii,data/legal-sources/library/case-law/commonlii/LKCA/2001/34.txt,8708,8708,8708,0,,True
commonlii-LKCA-2001-37,commonlii,data/legal-sources/library/case-law/commonlii/LKCA/2001/37.txt,13020,13020,13020,0,,True
commonlii-LKCA-2001-40,commonlii,data/legal-sources/library/case-law/commonlii/LKCA/2001/40.txt,16954,16954,16954,3,replacement_character,False
commonlii-LKCA-2001-45,commonlii,data/legal-sources/library/case-law/commonlii/LKCA/2001/45.txt,8622,8622,8622,0,,True
commonlii-LKCA-2001-47,commonlii,data/legal-sources/library/case-law/commonlii/LKCA/2001/47.txt,12148,12148,12148,0,,True
commonlii-LKCA-2001-5,commonlii,data/legal-sources/library/case-law/commonlii/LKCA/2001/5.txt,10908,10908,10908,0,,True
commonlii-LKCA-2001-63,commonlii,data/legal-sources/library/case-law/commonlii/LKCA/2001/63.txt,19102,19102,19102,0,,True
commonlii-LKCA-2001-68,commonlii,data/legal-sources/library/case-law/commonlii/LKCA/2001/68.txt,17707,17707,17707,1,replacement_character,False
commonlii-LKCA-2001-69,commonlii,data/legal-sources/library/case-law/commonlii/LKCA/2001/69.txt,8295,8295,8295,0,,True
commonlii-LKCA-2001-7,commonlii,data/legal-sources/library/case-law/commonlii/LKCA/2001/7.txt,18566,18566,18566,0,,True
commonlii-LKCA-2001-73,commonlii,data/legal-sources/library/case-law/commonlii/LKCA/2001/73.txt,22118,22118,22118,0,,True
commonlii-LKCA-2001-79,commonlii,data/legal-sources/library/case-law/commonlii/LKCA/2001/79.txt,39643,39643,39643,0,,True
commonlii-LKCA-2001-81,commonlii,data/legal-sources/library/case-law/commonlii/LKCA/2001/81.txt,12249,12249,12249,0,,True
commonlii-LKCA-2001-82,commonlii,data/legal-sources/library/case-law/commonlii/LKCA/2001/82.txt,17374,17374,17374,2,replacement_character,False
commonlii-LKCA-2001-83,commonlii,data/legal-sources/library/case-law/commonlii/LKCA/2001/83.txt,12760,12760,12760,2,replacement_character,False
commonlii-LKCA-2001-84,commonlii,data/legal-sources/library/case-law/commonlii/LKCA/2001/84.txt,6919,6919,6919,0,,True
commonlii-LKCA-2001-89,commonlii,data/legal-sources/library/case-law/commonlii/LKCA/2001/89.txt,8487,8487,8487,0,,True
commonlii-LKCA-2001-91,commonlii,data/legal-sources/library/case-law/commonlii/LKCA/2001/91.txt,12160,12160,12160,0,,True
commonlii-LKCA-2001-94,commonlii,data/legal-sources/library/case-law/commonlii/LKCA/2001/94.txt,11982,11982,11982,1,replacement_character,False
commonlii-LKCA-2001-95,commonlii,data/legal-sources/library/case-law/commonlii/LKCA/2001/95.txt,11541,11541,11541,1,replacement_character,False
commonlii-LKCA-2001-96,commonlii,data/legal-sources/library/case-law/commonlii/LKCA/2001/96.txt,12081,12081,12081,2,replacement_character,False
commonlii-LKCA-2001-97,commonlii,data/legal-sources/library/case-law/commonlii/LKCA/2001/97.txt,9876,9876,9876,17,replacement_character,False
commonlii-LKCA-2001-98,commonlii,data/legal-sources/library/case-law/commonlii/LKCA/2001/98.txt,6311,6311,6311,0,,True
commonlii-LKCA-2001-99,commonlii,data/legal-sources/library/case-law/commonlii/LKCA/2001/99.txt,17310,17310,17310,3,replacement_character,False
commonlii-LKCA-2002-17,commonlii,data/legal-sources/library/case-law/commonlii/LKCA/2002/17.txt,18304,18304,18304,0,,True
commonlii-LKCA-2002-18,commonlii,data/legal-sources/library/case-law/commonlii/LKCA/2002/18.txt,8906,8906,8906,0,,True
commonlii-LKCA-2002-2,commonlii,data/legal-sources/library/case-law/commonlii/LKCA/2002/2.txt,13654,13654,13654,0,,True
commonlii-LKCA-2002-21,commonlii,data/legal-sources/library/case-law/commonlii/LKCA/2002/21.txt,11879,11879,11879,0,,True
commonlii-LKCA-2002-22,commonlii,data/legal-sources/library/case-law/commonlii/LKCA/2002/22.txt,7501,7501,7501,116,replacement_character,False
commonlii-LKCA-2002-26,commonlii,data/legal-sources/library/case-law/commonlii/LKCA/2002/26.txt,16661,16661,16661,116,replacement_character,False
commonlii-LKCA-2002-27,commonlii,data/legal-sources/library/case-law/commonlii/LKCA/2002/27.txt,16026,16026,16026,0,,True
commonlii-LKCA-2002-30,commonlii,data/legal-sources/library/case-law/commonlii/LKCA/2002/30.txt,10858,10858,10858,0,,True
commonlii-LKCA-2002-47,commonlii,data/legal-sources/library/case-law/commonlii/LKCA/2002/47.txt,17867,17867,17867,29,replacement_character,False
commonlii-LKCA-2002-50,commonlii,data/legal-sources/library/case-law/commonlii/LKCA/2002/50.txt,10398,10398,10398,0,,True
commonlii-LKCA-2002-51,commonlii,data/legal-sources/library/case-law/commonlii/LKCA/2002/51.txt,13171,13171,13171,1,replacement_character,False
commonlii-LKCA-2002-58,commonlii,data/legal-sources/library/case-law/commonlii/LKCA/2002/58.txt,7665,7665,7665,0,,True
commonlii-LKCA-2002-59,commonlii,data/legal-sources/library/case-law/commonlii/LKCA/2002/59.txt,14927,14927,14927,21,replacement_character,False
commonlii-LKCA-2002-60,commonlii,data/legal-sources/library/case-law/commonlii/LKCA/2002/60.txt,13158,13158,13158,17,replacement_character,False
commonlii-LKCA-2002-61,commonlii,data/legal-sources/library/case-law/commonlii/LKCA/2002/61.txt,9028,9028,9028,12,replacement_character,False
commonlii-LKCA-2002-62,commonlii,data/legal-sources/library/case-law/commonlii/LKCA/2002/62.txt,13911,13911,13911,0,,True
commonlii-LKCA-2002-64,commonlii,data/legal-sources/library/case-law/commonlii/LKCA/2002/64.txt,4201,4201,4201,0,,True
commonlii-LKCA-2002-65,commonlii,data/legal-sources/library/case-law/commonlii/LKCA/2002/65.txt,6719,6719,6719,0,,True
commonlii-LKCA-2002-66,commonlii,data/legal-sources/library/case-law/commonlii/LKCA/2002/66.txt,7670,7670,7670,0,,True
commonlii-LKCA-2002-74,commonlii,data/legal-sources/library/case-law/commonlii/LKCA/2002/74.txt,9137,9137,9137,12,replacement_character,False
commonlii-LKCA-2002-76,commonlii,data/legal-sources/library/case-law/commonlii/LKCA/2002/76.txt,7639,7639,7639,0,,True
commonlii-LKCA-2002-79,commonlii,data/legal-sources/library/case-law/commonlii/LKCA/2002/79.txt,9465,9465,9465,15,replacement_character,False
commonlii-LKCA-2002-88,commonlii,data/legal-sources/library/case-law/commonlii/LKCA/2002/88.txt,10032,10032,10032,0,,True
commonlii-LKCA-2002-89,commonlii,data/legal-sources/library/case-law/commonlii/LKCA/2002/89.txt,12958,12958,12958,53,replacement_character,False
commonlii-LKCA-2002-90,commonlii,data/legal-sources/library/case-law/commonlii/LKCA/2002/90.txt,13188,13188,13188,0,,True
commonlii-LKCA-2002-93,commonlii,data/legal-sources/library/case-law/commonlii/LKCA/2002/93.txt,16465,16465,16465,0,,True
commonlii-LKCA-2003-12,commonlii,data/legal-sources/library/case-law/commonlii/LKCA/2003/12.txt,11920,11920,11920,52,replacement_character,False
commonlii-LKCA-2003-24,commonlii,data/legal-sources/library/case-law/commonlii/LKCA/2003/24.txt,6993,6993,6993,0,,True
commonlii-LKCA-2003-25,commonlii,data/legal-sources/library/case-law/commonlii/LKCA/2003/25.txt,13632,13632,13632,30,replacement_character,False
commonlii-LKCA-2003-39,commonlii,data/legal-sources/library/case-law/commonlii/LKCA/2003/39.txt,20301,20301,20301,0,,True
commonlii-LKCA-2003-4,commonlii,data/legal-sources/library/case-law/commonlii/LKCA/2003/4.txt,10641,10641,10641,0,,True
commonlii-LKCA-2003-46,commonlii,data/legal-sources/library/case-law/commonlii/LKCA/2003/46.txt,7994,7994,7994,0,,True
commonlii-LKCA-2003-47,commonlii,data/legal-sources/library/case-law/commonlii/LKCA/2003/47.txt,15126,15126,15126,0,,True
commonlii-LKCA-2003-54,commonlii,data/legal-sources/library/case-law/commonlii/LKCA/2003/54.txt,13087,13087,13087,0,,True
commonlii-LKCA-2003-55,commonlii,data/legal-sources/library/case-law/commonlii/LKCA/2003/55.txt,7258,7258,7258,5,replacement_character,False
commonlii-LKCA-2003-56,commonlii,data/legal-sources/library/case-law/commonlii/LKCA/2003/56.txt,11922,11922,11922,0,,True
commonlii-LKCA-2003-57,commonlii,data/legal-sources/library/case-law/commonlii/LKCA/2003/57.txt,12282,12282,12282,0,,True
commonlii-LKCA-2003-58,commonlii,data/legal-sources/library/case-law/commonlii/LKCA/2003/58.txt,11052,11052,11052,18,replacement_character,False
commonlii-LKCA-2003-63,commonlii,data/legal-sources/library/case-law/commonlii/LKCA/2003/63.txt,22887,22887,22887,0,,True
commonlii-LKCA-2003-65,commonlii,data/legal-sources/library/case-law/commonlii/LKCA/2003/65.txt,21402,21402,21402,34,replacement_character,False
commonlii-LKCA-2003-66,commonlii,data/legal-sources/library/case-law/commonlii/LKCA/2003/66.txt,13795,13795,13795,0,,True
commonlii-LKCA-2003-67,commonlii,data/legal-sources/library/case-law/commonlii/LKCA/2003/67.txt,16311,16311,16311,0,,True
commonlii-LKCA-2003-68,commonlii,data/legal-sources/library/case-law/commonlii/LKCA/2003/68.txt,18148,18148,18148,0,,True
commonlii-LKCA-2003-69,commonlii,data/legal-sources/library/case-law/commonlii/LKCA/2003/69.txt,9906,9906,9906,0,,True
commonlii-LKCA-2003-71,commonlii,data/legal-sources/library/case-law/commonlii/LKCA/2003/71.txt,6214,6214,6214,0,,True
commonlii-LKCA-2003-98,commonlii,data/legal-sources/library/case-law/commonlii/LKCA/2003/98.txt,14136,14136,14136,0,,True
commonlii-LKCA-2003-99,commonlii,data/legal-sources/library/case-law/commonlii/LKCA/2003/99.txt,12197,12197,12197,0,,True
commonlii-LKCA-2004-15,commonlii,data/legal-sources/library/case-law/commonlii/LKCA/2004/15.txt,10770,10770,10770,0,,True
commonlii-LKCA-2004-17,commonlii,data/legal-sources/library/case-law/commonlii/LKCA/2004/17.txt,12745,12745,12745,0,,True
commonlii-LKCA-2004-21,commonlii,data/legal-sources/library/case-law/commonlii/LKCA/2004/21.txt,10631,10631,10631,0,,True
commonlii-LKCA-2004-26,commonlii,data/legal-sources/library/case-law/commonlii/LKCA/2004/26.txt,9453,9453,9453,0,,True
commonlii-LKCA-2004-27,commonlii,data/legal-sources/library/case-law/commonlii/LKCA/2004/27.txt,20636,20636,20636,31,replacement_character,False
commonlii-LKCA-2004-28,commonlii,data/legal-sources/library/case-law/commonlii/LKCA/2004/28.txt,6292,6292,6292,0,,True
commonlii-LKCA-2004-30,commonlii,data/legal-sources/library/case-law/commonlii/LKCA/2004/30.txt,9548,9548,9548,0,,True
commonlii-LKCA-2004-31,commonlii,data/legal-sources/library/case-law/commonlii/LKCA/2004/31.txt,12734,12734,12734,0,,True
commonlii-LKCA-2004-32,commonlii,data/legal-sources/library/case-law/commonlii/LKCA/2004/32.txt,21797,21797,21797,0,,True
commonlii-LKCA-2004-33,commonlii,data/legal-sources/library/case-law/commonlii/LKCA/2004/33.txt,14736,14736,14736,0,,True
commonlii-LKCA-2004-37,commonlii,data/legal-sources/library/case-law/commonlii/LKCA/2004/37.txt,6559,6559,6559,0,,True
commonlii-LKCA-2004-38,commonlii,data/legal-sources/library/case-law/commonlii/LKCA/2004/38.txt,23442,23442,23442,25,replacement_character,False
commonlii-LKCA-2004-41,commonlii,data/legal-sources/library/case-law/commonlii/LKCA/2004/41.txt,26782,26782,26782,0,,True
commonlii-LKCA-2004-42,commonlii,data/legal-sources/library/case-law/commonlii/LKCA/2004/42.txt,26668,26668,26668,0,,True
commonlii-LKCA-2004-51,commonlii,data/legal-sources/library/case-law/commonlii/LKCA/2004/51.txt,9308,9308,9308,0,,True
commonlii-LKCA-2004-57,commonlii,data/legal-sources/library/case-law/commonlii/LKCA/2004/57.txt,22759,22759,22759,0,,True
commonlii-LKCA-2004-62,commonlii,data/legal-sources/library/case-law/commonlii/LKCA/2004/62.txt,9348,9348,9348,0,,True
commonlii-LKCA-2004-66,commonlii,data/legal-sources/library/case-law/commonlii/LKCA/2004/66.txt,10028,10028,10028,0,,True
commonlii-LKCA-2004-70,commonlii,data/legal-sources/library/case-law/commonlii/LKCA/2004/70.txt,7360,7360,7360,0,,True
commonlii-LKCA-2004-73,commonlii,data/legal-sources/library/case-law/commonlii/LKCA/2004/73.txt,11302,11302,11302,0,,True
commonlii-LKCA-2004-8,commonlii,data/legal-sources/library/case-law/commonlii/LKCA/2004/8.txt,12820,12820,12820,0,,True
commonlii-LKCA-2005-12,commonlii,data/legal-sources/library/case-law/commonlii/LKCA/2005/12.txt,9670,9670,9670,1,replacement_character,False
commonlii-LKCA-2005-18,commonlii,data/legal-sources/library/case-law/commonlii/LKCA/2005/18.txt,8557,8557,8557,0,,True
commonlii-LKCA-2005-2,commonlii,data/legal-sources/library/case-law/commonlii/LKCA/2005/2.txt,12007,12007,12007,0,,True
commonlii-LKCA-2005-20,commonlii,data/legal-sources/library/case-law/commonlii/LKCA/2005/20.txt,17722,17722,17722,0,,True
commonlii-LKCA-2005-27,commonlii,data/legal-sources/library/case-law/commonlii/LKCA/2005/27.txt,11726,11726,11726,0,,True
commonlii-LKCA-2005-33,commonlii,data/legal-sources/library/case-law/commonlii/LKCA/2005/33.txt,10575,10575,10575,0,,True
commonlii-LKCA-2005-35,commonlii,data/legal-sources/library/case-law/commonlii/LKCA/2005/35.txt,9199,9199,9199,0,,True
commonlii-LKCA-2005-37,commonlii,data/legal-sources/library/case-law/commonlii/LKCA/2005/37.txt,19086,19086,19086,0,,True
commonlii-LKCA-2005-39,commonlii,data/legal-sources/library/case-law/commonlii/LKCA/2005/39.txt,4956,4956,4956,0,,True
commonlii-LKCA-2005-42,commonlii,data/legal-sources/library/case-law/commonlii/LKCA/2005/42.txt,4044,4044,4044,0,,True
commonlii-LKCA-2005-45,commonlii,data/legal-sources/library/case-law/commonlii/LKCA/2005/45.txt,10700,10700,10700,0,,True
commonlii-LKCA-2005-46,commonlii,data/legal-sources/library/case-law/commonlii/LKCA/2005/46.txt,7588,7588,7588,0,,True
commonlii-LKCA-2005-47,commonlii,data/legal-sources/library/case-law/commonlii/LKCA/2005/47.txt,15454,15454,15454,0,,True
commonlii-LKCA-2005-49,commonlii,data/legal-sources/library/case-law/commonlii/LKCA/2005/49.txt,8513,8513,8513,0,,True
commonlii-LKCA-2005-52,commonlii,data/legal-sources/library/case-law/commonlii/LKCA/2005/52.txt,12237,12237,12237,0,,True
commonlii-LKCA-2005-56,commonlii,data/legal-sources/library/case-law/commonlii/LKCA/2005/56.txt,12444,12444,12444,0,,True
commonlii-LKCA-2005-59,commonlii,data/legal-sources/library/case-law/commonlii/LKCA/2005/59.txt,9406,9406,9406,0,,True
commonlii-LKCA-2005-68,commonlii,data/legal-sources/library/case-law/commonlii/LKCA/2005/68.txt,10425,10425,10425,0,,True
commonlii-LKCA-2005-72,commonlii,data/legal-sources/library/case-law/commonlii/LKCA/2005/72.txt,11142,11142,11142,0,,True
commonlii-LKCA-2005-77,commonlii,data/legal-sources/library/case-law/commonlii/LKCA/2005/77.txt,9620,9620,9620,0,,True
commonlii-LKCA-2005-78,commonlii,data/legal-sources/library/case-law/commonlii/LKCA/2005/78.txt,15355,15355,15355,0,,True
commonlii-LKCA-2005-8,commonlii,data/legal-sources/library/case-law/commonlii/LKCA/2005/8.txt,14745,14745,14745,2,replacement_character,False
commonlii-LKCA-2005-88,commonlii,data/legal-sources/library/case-law/commonlii/LKCA/2005/88.txt,19459,19459,19459,0,,True
commonlii-LKCA-2005-9,commonlii,data/legal-sources/library/case-law/commonlii/LKCA/2005/9.txt,15026,15026,15026,1,replacement_character,False
commonlii-LKCA-2006-11,commonlii,data/legal-sources/library/case-law/commonlii/LKCA/2006/11.txt,24528,24528,24528,0,,True
commonlii-LKCA-2006-12,commonlii,data/legal-sources/library/case-law/commonlii/LKCA/2006/12.txt,20238,20238,20238,0,,True
commonlii-LKCA-2006-15,commonlii,data/legal-sources/library/case-law/commonlii/LKCA/2006/15.txt,12269,12269,12269,0,,True
commonlii-LKCA-2006-16,commonlii,data/legal-sources/library/case-law/commonlii/LKCA/2006/16.txt,11652,11652,11652,0,,True
commonlii-LKCA-2006-17,commonlii,data/legal-sources/library/case-law/commonlii/LKCA/2006/17.txt,10211,10211,10211,0,,True
commonlii-LKCA-2006-18,commonlii,data/legal-sources/library/case-law/commonlii/LKCA/2006/18.txt,18868,18868,18868,0,,True
commonlii-LKCA-2006-20,commonlii,data/legal-sources/library/case-law/commonlii/LKCA/2006/20.txt,22968,22968,22968,0,,True
commonlii-LKCA-2006-22,commonlii,data/legal-sources/library/case-law/commonlii/LKCA/2006/22.txt,26759,26759,26759,0,,True
commonlii-LKCA-2006-28,commonlii,data/legal-sources/library/case-law/commonlii/LKCA/2006/28.txt,7024,7024,7024,0,,True
commonlii-LKCA-2006-35,commonlii,data/legal-sources/library/case-law/commonlii/LKCA/2006/35.txt,14111,14111,14111,0,,True
commonlii-LKCA-2006-36,commonlii,data/legal-sources/library/case-law/commonlii/LKCA/2006/36.txt,10824,10824,10824,0,,True
commonlii-LKCA-2006-49,commonlii,data/legal-sources/library/case-law/commonlii/LKCA/2006/49.txt,15184,15184,15184,0,,True
commonlii-LKCA-2006-5,commonlii,data/legal-sources/library/case-law/commonlii/LKCA/2006/5.txt,13470,13470,13470,0,,True
commonlii-LKCA-2006-54,commonlii,data/legal-sources/library/case-law/commonlii/LKCA/2006/54.txt,8725,8725,8725,0,,True
commonlii-LKCA-2006-6,commonlii,data/legal-sources/library/case-law/commonlii/LKCA/2006/6.txt,26882,26882,26882,0,,True
commonlii-LKCA-2006-67,commonlii,data/legal-sources/library/case-law/commonlii/LKCA/2006/67.txt,17816,17816,17816,0,,True
commonlii-LKCA-2006-68,commonlii,data/legal-sources/library/case-law/commonlii/LKCA/2006/68.txt,19956,19956,19956,0,,True
commonlii-LKCA-2006-73,commonlii,data/legal-sources/library/case-law/commonlii/LKCA/2006/73.txt,14540,14540,14540,0,,True
commonlii-LKCA-2006-77,commonlii,data/legal-sources/library/case-law/commonlii/LKCA/2006/77.txt,10919,10919,10919,0,,True
commonlii-LKCA-2006-82,commonlii,data/legal-sources/library/case-law/commonlii/LKCA/2006/82.txt,9975,9975,9975,0,,True
commonlii-LKCA-2007-10,commonlii,data/legal-sources/library/case-law/commonlii/LKCA/2007/10.txt,7685,7685,7685,0,,True
commonlii-LKCA-2007-14,commonlii,data/legal-sources/library/case-law/commonlii/LKCA/2007/14.txt,12348,12348,12348,0,,True
commonlii-LKCA-2007-22,commonlii,data/legal-sources/library/case-law/commonlii/LKCA/2007/22.txt,16707,16707,16707,0,,True
commonlii-LKCA-2007-23,commonlii,data/legal-sources/library/case-law/commonlii/LKCA/2007/23.txt,14127,14127,14127,0,,True
commonlii-LKCA-2007-3,commonlii,data/legal-sources/library/case-law/commonlii/LKCA/2007/3.txt,23971,23971,23971,0,,True
commonlii-LKCA-2007-36,commonlii,data/legal-sources/library/case-law/commonlii/LKCA/2007/36.txt,13573,13573,13573,0,,True
commonlii-LKCA-2007-37,commonlii,data/legal-sources/library/case-law/commonlii/LKCA/2007/37.txt,20692,20692,20692,0,,True
commonlii-LKCA-2009-11,commonlii,data/legal-sources/library/case-law/commonlii/LKCA/2009/11.txt,12983,12983,12983,0,,True
commonlii-LKCA-2009-13,commonlii,data/legal-sources/library/case-law/commonlii/LKCA/2009/13.txt,14890,14890,14890,0,,True
commonlii-LKCA-2009-15,commonlii,data/legal-sources/library/case-law/commonlii/LKCA/2009/15.txt,9689,9689,9689,0,,True
commonlii-LKCA-2009-5,commonlii,data/legal-sources/library/case-law/commonlii/LKCA/2009/5.txt,12581,12581,12581,0,,True
commonlii-LKCA-2009-6,commonlii,data/legal-sources/library/case-law/commonlii/LKCA/2009/6.txt,17240,17240,17240,0,,True
commonlii-LKCA-2009-7,commonlii,data/legal-sources/library/case-law/commonlii/LKCA/2009/7.txt,9876,9876,9876,0,,True
commonlii-LKSC-1895-1,commonlii,data/legal-sources/library/case-law/commonlii/LKSC/1895/1.txt,11989,11989,11989,6,replacement_character,False
commonlii-LKSC-1895-2,commonlii,data/legal-sources/library/case-law/commonlii/LKSC/1895/2.txt,8165,8165,8165,2,replacement_character,False
commonlii-LKSC-1896-2,commonlii,data/legal-sources/library/case-law/commonlii/LKSC/1896/2.txt,9311,9311,9311,1,replacement_character,False
commonlii-LKSC-1896-4,commonlii,data/legal-sources/library/case-law/commonlii/LKSC/1896/4.txt,25217,25217,25217,0,,True
commonlii-LKSC-1896-5,commonlii,data/legal-sources/library/case-law/commonlii/LKSC/1896/5.txt,2181,2181,2181,0,,True
commonlii-LKSC-1897-1,commonlii,data/legal-sources/library/case-law/commonlii/LKSC/1897/1.txt,14979,14979,14979,0,,True
commonlii-LKSC-1898-2,commonlii,data/legal-sources/library/case-law/commonlii/LKSC/1898/2.txt,27429,27429,27429,2,replacement_character,False
commonlii-LKSC-1902-1,commonlii,data/legal-sources/library/case-law/commonlii/LKSC/1902/1.txt,2716,2716,2716,0,,True
commonlii-LKSC-1902-10,commonlii,data/legal-sources/library/case-law/commonlii/LKSC/1902/10.txt,4134,4134,4134,1,replacement_character,False
commonlii-LKSC-1902-11,commonlii,data/legal-sources/library/case-law/commonlii/LKSC/1902/11.txt,9078,9078,9078,0,,True
commonlii-LKSC-1902-12,commonlii,data/legal-sources/library/case-law/commonlii/LKSC/1902/12.txt,5621,5621,5621,0,,True
commonlii-LKSC-1902-7,commonlii,data/legal-sources/library/case-law/commonlii/LKSC/1902/7.txt,12987,12987,12987,0,,True
commonlii-LKSC-1902-9,commonlii,data/legal-sources/library/case-law/commonlii/LKSC/1902/9.txt,8409,8409,8409,2,replacement_character,False
commonlii-LKSC-1903-3,commonlii,data/legal-sources/library/case-law/commonlii/LKSC/1903/3.txt,7668,7668,7668,0,,True
commonlii-LKSC-1906-3,commonlii,data/legal-sources/library/case-law/commonlii/LKSC/1906/3.txt,21738,21738,21738,0,,True
commonlii-LKSC-1908-1,commonlii,data/legal-sources/library/case-law/commonlii/LKSC/1908/1.txt,23284,23284,23284,1,replacement_character,False
commonlii-LKSC-1912-1,commonlii,data/legal-sources/library/case-law/commonlii/LKSC/1912/1.txt,10631,10631,10631,0,,True
commonlii-LKSC-1916-1,commonlii,data/legal-sources/library/case-law/commonlii/LKSC/1916/1.txt,8800,8800,8800,0,,True
commonlii-LKSC-1917-1,commonlii,data/legal-sources/library/case-law/commonlii/LKSC/1917/1.txt,25771,25771,25771,0,,True
commonlii-LKSC-1917-4,commonlii,data/legal-sources/library/case-law/commonlii/LKSC/1917/4.txt,9234,9234,9234,0,,True
commonlii-LKSC-1918-1,commonlii,data/legal-sources/library/case-law/commonlii/LKSC/1918/1.txt,3220,3220,3220,0,,True
commonlii-LKSC-1918-2,commonlii,data/legal-sources/library/case-law/commonlii/LKSC/1918/2.txt,11768,11768,11768,0,,True
commonlii-LKSC-1920-1,commonlii,data/legal-sources/library/case-law/commonlii/LKSC/1920/1.txt,6013,6013,6013,0,,True
commonlii-LKSC-1920-2,commonlii,data/legal-sources/library/case-law/commonlii/LKSC/1920/2.txt,7908,7908,7908,0,,True
commonlii-LKSC-1920-3,commonlii,data/legal-sources/library/case-law/commonlii/LKSC/1920/3.txt,7962,7962,7962,0,,True
commonlii-LKSC-1921-1,commonlii,data/legal-sources/library/case-law/commonlii/LKSC/1921/1.txt,5739,5739,5739,0,,True
commonlii-LKSC-1921-2,commonlii,data/legal-sources/library/case-law/commonlii/LKSC/1921/2.txt,10728,10728,10728,0,,True
commonlii-LKSC-1921-3,commonlii,data/legal-sources/library/case-law/commonlii/LKSC/1921/3.txt,5462,5462,5462,0,,True
commonlii-LKSC-1922-1,commonlii,data/legal-sources/library/case-law/commonlii/LKSC/1922/1.txt,4117,4117,4117,0,,True
commonlii-LKSC-1923-4,commonlii,data/legal-sources/library/case-law/commonlii/LKSC/1923/4.txt,4107,4107,4107,0,,True
commonlii-LKSC-1924-1,commonlii,data/legal-sources/library/case-law/commonlii/LKSC/1924/1.txt,13652,13652,13652,0,,True
commonlii-LKSC-1924-4,commonlii,data/legal-sources/library/case-law/commonlii/LKSC/1924/4.txt,8281,8281,8281,0,,True
commonlii-LKSC-1924-7,commonlii,data/legal-sources/library/case-law/commonlii/LKSC/1924/7.txt,6292,6292,6292,0,,True
commonlii-LKSC-1926-1,commonlii,data/legal-sources/library/case-law/commonlii/LKSC/1926/1.txt,9719,9719,9719,0,,True
commonlii-LKSC-1926-2,commonlii,data/legal-sources/library/case-law/commonlii/LKSC/1926/2.txt,51849,51849,51849,0,,True
commonlii-LKSC-1927-1,commonlii,data/legal-sources/library/case-law/commonlii/LKSC/1927/1.txt,13295,13295,13295,1,replacement_character,False
commonlii-LKSC-1927-3,commonlii,data/legal-sources/library/case-law/commonlii/LKSC/1927/3.txt,11422,11422,11422,0,,True
commonlii-LKSC-1928-1,commonlii,data/legal-sources/library/case-law/commonlii/LKSC/1928/1.txt,20067,20067,20067,0,,True
commonlii-LKSC-1930-3,commonlii,data/legal-sources/library/case-law/commonlii/LKSC/1930/3.txt,11350,11350,11350,0,,True
commonlii-LKSC-1935-3,commonlii,data/legal-sources/library/case-law/commonlii/LKSC/1935/3.txt,62279,62279,62279,0,,True
commonlii-LKSC-1935-7,commonlii,data/legal-sources/library/case-law/commonlii/LKSC/1935/7.txt,22815,22815,22815,6,replacement_character,False
commonlii-LKSC-1935-8,commonlii,data/legal-sources/library/case-law/commonlii/LKSC/1935/8.txt,25369,25369,25369,0,,True
commonlii-LKSC-1936-1,commonlii,data/legal-sources/library/case-law/commonlii/LKSC/1936/1.txt,4378,4378,4378,0,,True
commonlii-LKSC-1936-11,commonlii,data/legal-sources/library/case-law/commonlii/LKSC/1936/11.txt,41844,41844,41844,62,replacement_character,False
commonlii-LKSC-1936-14,commonlii,data/legal-sources/library/case-law/commonlii/LKSC/1936/14.txt,26315,26315,26315,0,,True
commonlii-LKSC-1936-15,commonlii,data/legal-sources/library/case-law/commonlii/LKSC/1936/15.txt,26534,26534,26534,0,,True
commonlii-LKSC-1936-16,commonlii,data/legal-sources/library/case-law/commonlii/LKSC/1936/16.txt,13293,13293,13293,0,,True
commonlii-LKSC-1936-3,commonlii,data/legal-sources/library/case-law/commonlii/LKSC/1936/3.txt,25664,25664,25664,0,,True
commonlii-LKSC-1937-1,commonlii,data/legal-sources/library/case-law/commonlii/LKSC/1937/1.txt,13236,13236,13236,0,,True
commonlii-LKSC-1937-10,commonlii,data/legal-sources/library/case-law/commonlii/LKSC/1937/10.txt,3173,3173,3173,0,,True
commonlii-LKSC-1938-12,commonlii,data/legal-sources/library/case-law/commonlii/LKSC/1938/12.txt,21464,21464,21464,0,,True
commonlii-LKSC-1938-6,commonlii,data/legal-sources/library/case-law/commonlii/LKSC/1938/6.txt,18069,18069,18069,27,replacement_character,False
commonlii-LKSC-1938-9,commonlii,data/legal-sources/library/case-law/commonlii/LKSC/1938/9.txt,14042,14042,14042,29,replacement_character,False
commonlii-LKSC-1939-1,commonlii,data/legal-sources/library/case-law/commonlii/LKSC/1939/1.txt,23319,23319,23319,24,replacement_character,False
commonlii-LKSC-1939-2,commonlii,data/legal-sources/library/case-law/commonlii/LKSC/1939/2.txt,3507,3507,3507,15,replacement_character,False
commonlii-LKSC-1940-5,commonlii,data/legal-sources/library/case-law/commonlii/LKSC/1940/5.txt,21391,21391,21391,25,replacement_character,False
commonlii-LKSC-1941-13,commonlii,data/legal-sources/library/case-law/commonlii/LKSC/1941/13.txt,7760,7760,7760,12,replacement_character,False
commonlii-LKSC-1941-14,commonlii,data/legal-sources/library/case-law/commonlii/LKSC/1941/14.txt,11588,11588,11588,8,replacement_character,False
commonlii-LKSC-1941-2,commonlii,data/legal-sources/library/case-law/commonlii/LKSC/1941/2.txt,10702,10702,10702,21,replacement_character,False
commonlii-LKSC-1941-5,commonlii,data/legal-sources/library/case-law/commonlii/LKSC/1941/5.txt,32441,32441,32441,21,replacement_character,False
commonlii-LKSC-1941-9,commonlii,data/legal-sources/library/case-law/commonlii/LKSC/1941/9.txt,75767,75767,75767,2,replacement_character,False
commonlii-LKSC-1943-16,commonlii,data/legal-sources/library/case-law/commonlii/LKSC/1943/16.txt,7155,7155,7155,0,,True
commonlii-LKSC-1944-1,commonlii,data/legal-sources/library/case-law/commonlii/LKSC/1944/1.txt,6667,6667,6667,0,,True
commonlii-LKSC-1944-14,commonlii,data/legal-sources/library/case-law/commonlii/LKSC/1944/14.txt,5681,5681,5681,0,,True
commonlii-LKSC-1944-7,commonlii,data/legal-sources/library/case-law/commonlii/LKSC/1944/7.txt,21996,21996,21996,1,replacement_character,False
commonlii-LKSC-1944-8,commonlii,data/legal-sources/library/case-law/commonlii/LKSC/1944/8.txt,14188,14188,14188,0,,True
commonlii-LKSC-1945-16,commonlii,data/legal-sources/library/case-law/commonlii/LKSC/1945/16.txt,14964,14964,14964,0,,True
commonlii-LKSC-1946-6,commonlii,data/legal-sources/library/case-law/commonlii/LKSC/1946/6.txt,14316,14316,14316,30,replacement_character,False
commonlii-LKSC-1946-7,commonlii,data/legal-sources/library/case-law/commonlii/LKSC/1946/7.txt,10133,10133,10133,13,replacement_character,False
commonlii-LKSC-1947-19,commonlii,data/legal-sources/library/case-law/commonlii/LKSC/1947/19.txt,9031,9031,9017,0,,True
commonlii-LKSC-1947-3,commonlii,data/legal-sources/library/case-law/commonlii/LKSC/1947/3.txt,9568,9568,9568,0,,True
commonlii-LKSC-1947-4,commonlii,data/legal-sources/library/case-law/commonlii/LKSC/1947/4.txt,28219,28219,28219,2,replacement_character,False
commonlii-LKSC-1948-10,commonlii,data/legal-sources/library/case-law/commonlii/LKSC/1948/10.txt,23237,23237,23237,6,replacement_character,False
commonlii-LKSC-1948-2,commonlii,data/legal-sources/library/case-law/commonlii/LKSC/1948/2.txt,14442,14442,14442,0,,True
commonlii-LKSC-1948-28,commonlii,data/legal-sources/library/case-law/commonlii/LKSC/1948/28.txt,8135,8135,8135,7,replacement_character,False
commonlii-LKSC-1948-34,commonlii,data/legal-sources/library/case-law/commonlii/LKSC/1948/34.txt,10713,10713,10713,0,,True
commonlii-LKSC-1948-7,commonlii,data/legal-sources/library/case-law/commonlii/LKSC/1948/7.txt,15177,15177,15177,0,,True
commonlii-LKSC-1948-9,commonlii,data/legal-sources/library/case-law/commonlii/LKSC/1948/9.txt,6575,6575,6575,0,,True
commonlii-LKSC-1949-5,commonlii,data/legal-sources/library/case-law/commonlii/LKSC/1949/5.txt,11475,11475,11475,0,,True
commonlii-LKSC-1949-9,commonlii,data/legal-sources/library/case-law/commonlii/LKSC/1949/9.txt,14304,14304,14304,12,replacement_character,False
commonlii-LKSC-1950-7,commonlii,data/legal-sources/library/case-law/commonlii/LKSC/1950/7.txt,4741,4741,4741,0,,True
commonlii-LKSC-1952-10,commonlii,data/legal-sources/library/case-law/commonlii/LKSC/1952/10.txt,20527,20527,20527,0,,True
commonlii-LKSC-1952-17,commonlii,data/legal-sources/library/case-law/commonlii/LKSC/1952/17.txt,9627,9627,9627,0,,True
commonlii-LKSC-1953-27,commonlii,data/legal-sources/library/case-law/commonlii/LKSC/1953/27.txt,25608,25608,25608,0,,True
commonlii-LKSC-1954-15,commonlii,data/legal-sources/library/case-law/commonlii/LKSC/1954/15.txt,10098,10098,10098,0,,True
commonlii-LKSC-1954-6,commonlii,data/legal-sources/library/case-law/commonlii/LKSC/1954/6.txt,7688,7688,7688,0,,True
commonlii-LKSC-1955-20,commonlii,data/legal-sources/library/case-law/commonlii/LKSC/1955/20.txt,18788,18788,18788,0,,True
commonlii-LKSC-1956-13,commonlii,data/legal-sources/library/case-law/commonlii/LKSC/1956/13.txt,14441,14441,14441,0,,True
commonlii-LKSC-1957-20,commonlii,data/legal-sources/library/case-law/commonlii/LKSC/1957/20.txt,9827,9827,9827,0,,True
commonlii-LKSC-1957-22,commonlii,data/legal-sources/library/case-law/commonlii/LKSC/1957/22.txt,12759,12759,12759,0,,True
commonlii-LKSC-1957-23,commonlii,data/legal-sources/library/case-law/commonlii/LKSC/1957/23.txt,7559,7559,7559,0,,True
commonlii-LKSC-1958-13,commonlii,data/legal-sources/library/case-law/commonlii/LKSC/1958/13.txt,11114,11114,11114,12,replacement_character,False
commonlii-LKSC-1958-23,commonlii,data/legal-sources/library/case-law/commonlii/LKSC/1958/23.txt,11904,11904,11904,0,,True
commonlii-LKSC-1958-27,commonlii,data/legal-sources/library/case-law/commonlii/LKSC/1958/27.txt,31513,31513,31513,0,,True
commonlii-LKSC-1958-30,commonlii,data/legal-sources/library/case-law/commonlii/LKSC/1958/30.txt,4806,4806,4806,0,,True
commonlii-LKSC-1959-16,commonlii,data/legal-sources/library/case-law/commonlii/LKSC/1959/16.txt,18780,18780,18780,0,,True
commonlii-LKSC-1959-21,commonlii,data/legal-sources/library/case-law/commonlii/LKSC/1959/21.txt,10769,10769,10769,20,replacement_character,False
commonlii-LKSC-1961-1,commonlii,data/legal-sources/library/case-law/commonlii/LKSC/1961/1.txt,13984,13984,13984,0,,True
commonlii-LKSC-1961-16,commonlii,data/legal-sources/library/case-law/commonlii/LKSC/1961/16.txt,9181,9181,9181,0,,True
commonlii-LKSC-1961-19,commonlii,data/legal-sources/library/case-law/commonlii/LKSC/1961/19.txt,17048,17048,17048,0,,True
commonlii-LKSC-1961-25,commonlii,data/legal-sources/library/case-law/commonlii/LKSC/1961/25.txt,19298,19298,19298,0,,True
commonlii-LKSC-1961-38,commonlii,data/legal-sources/library/case-law/commonlii/LKSC/1961/38.txt,35871,35871,35871,0,,True
commonlii-LKSC-1962-11,commonlii,data/legal-sources/library/case-law/commonlii/LKSC/1962/11.txt,12118,12118,12118,7,replacement_character,False
commonlii-LKSC-1962-12,commonlii,data/legal-sources/library/case-law/commonlii/LKSC/1962/12.txt,45140,45140,45140,0,,True
commonlii-LKSC-1962-19,commonlii,data/legal-sources/library/case-law/commonlii/LKSC/1962/19.txt,31169,31169,31169,0,,True
commonlii-LKSC-1962-22,commonlii,data/legal-sources/library/case-law/commonlii/LKSC/1962/22.txt,16839,16839,16839,6,replacement_character,False
commonlii-LKSC-1962-37,commonlii,data/legal-sources/library/case-law/commonlii/LKSC/1962/37.txt,29784,29784,29784,4,replacement_character,False
commonlii-LKSC-1962-4,commonlii,data/legal-sources/library/case-law/commonlii/LKSC/1962/4.txt,15898,15898,15898,0,,True
commonlii-LKSC-1962-9,commonlii,data/legal-sources/library/case-law/commonlii/LKSC/1962/9.txt,5357,5357,5357,0,,True
commonlii-LKSC-1963-2,commonlii,data/legal-sources/library/case-law/commonlii/LKSC/1963/2.txt,4457,4457,4457,0,,True
commonlii-LKSC-1963-21,commonlii,data/legal-sources/library/case-law/commonlii/LKSC/1963/21.txt,10032,10032,10032,1,replacement_character,False
commonlii-LKSC-1963-3,commonlii,data/legal-sources/library/case-law/commonlii/LKSC/1963/3.txt,13192,13192,13192,4,replacement_character,False
commonlii-LKSC-1964-12,commonlii,data/legal-sources/library/case-law/commonlii/LKSC/1964/12.txt,5326,5326,5326,0,,True
commonlii-LKSC-1965-1,commonlii,data/legal-sources/library/case-law/commonlii/LKSC/1965/1.txt,19872,19872,19872,0,,True
commonlii-LKSC-1965-10,commonlii,data/legal-sources/library/case-law/commonlii/LKSC/1965/10.txt,6542,6542,6542,0,,True
commonlii-LKSC-1965-14,commonlii,data/legal-sources/library/case-law/commonlii/LKSC/1965/14.txt,5825,5825,5825,0,,True
commonlii-LKSC-1965-26,commonlii,data/legal-sources/library/case-law/commonlii/LKSC/1965/26.txt,13468,13468,13468,1,replacement_character,False
commonlii-LKSC-1965-27,commonlii,data/legal-sources/library/case-law/commonlii/LKSC/1965/27.txt,10922,10922,10922,0,,True
commonlii-LKSC-1965-29,commonlii,data/legal-sources/library/case-law/commonlii/LKSC/1965/29.txt,2965,2965,2965,0,,True
commonlii-LKSC-1965-30,commonlii,data/legal-sources/library/case-law/commonlii/LKSC/1965/30.txt,5754,5754,5754,0,,True
commonlii-LKSC-1966-15,commonlii,data/legal-sources/library/case-law/commonlii/LKSC/1966/15.txt,28902,28902,28902,0,,True
commonlii-LKSC-1966-30,commonlii,data/legal-sources/library/case-law/commonlii/LKSC/1966/30.txt,41651,41651,41651,0,,True
commonlii-LKSC-1967-20,commonlii,data/legal-sources/library/case-law/commonlii/LKSC/1967/20.txt,10734,10734,10734,0,,True
commonlii-LKSC-1967-28,commonlii,data/legal-sources/library/case-law/commonlii/LKSC/1967/28.txt,5697,5697,5697,0,,True
commonlii-LKSC-1968-11,commonlii,data/legal-sources/library/case-law/commonlii/LKSC/1968/11.txt,14351,14351,14351,0,,True
commonlii-LKSC-1968-14,commonlii,data/legal-sources/library/case-law/commonlii/LKSC/1968/14.txt,18569,18569,18569,12,replacement_character,False
commonlii-LKSC-1968-2,commonlii,data/legal-sources/library/case-law/commonlii/LKSC/1968/2.txt,62225,62225,62225,0,,True
commonlii-LKSC-1968-30,commonlii,data/legal-sources/library/case-law/commonlii/LKSC/1968/30.txt,7586,7586,7586,0,,True
commonlii-LKSC-1968-33,commonlii,data/legal-sources/library/case-law/commonlii/LKSC/1968/33.txt,8056,8056,8056,0,,True
commonlii-LKSC-1968-4,commonlii,data/legal-sources/library/case-law/commonlii/LKSC/1968/4.txt,91142,91142,91142,0,,True
commonlii-LKSC-1968-7,commonlii,data/legal-sources/library/case-law/commonlii/LKSC/1968/7.txt,5639,5639,5639,0,,True
commonlii-LKSC-1969-19,commonlii,data/legal-sources/library/case-law/commonlii/LKSC/1969/19.txt,16662,16662,16662,47,replacement_character,False
commonlii-LKSC-1969-4,commonlii,data/legal-sources/library/case-law/commonlii/LKSC/1969/4.txt,11006,11006,11006,0,,True
commonlii-LKSC-1970-11,commonlii,data/legal-sources/library/case-law/commonlii/LKSC/1970/11.txt,7263,7263,7263,1,replacement_character,False
commonlii-LKSC-1970-23,commonlii,data/legal-sources/library/case-law/commonlii/LKSC/1970/23.txt,22411,22411,22411,0,,True
commonlii-LKSC-1970-3,commonlii,data/legal-sources/library/case-law/commonlii/LKSC/1970/3.txt,51045,51045,51045,129,replacement_character,False
commonlii-LKSC-1971-1,commonlii,data/legal-sources/library/case-law/commonlii/LKSC/1971/1.txt,20695,20695,20695,0,,True
commonlii-LKSC-1971-12,commonlii,data/legal-sources/library/case-law/commonlii/LKSC/1971/12.txt,112592,112592,112592,2,replacement_character,False
commonlii-LKSC-1971-18,commonlii,data/legal-sources/library/case-law/commonlii/LKSC/1971/18.txt,12791,12791,12791,0,,True
commonlii-LKSC-1971-38,commonlii,data/legal-sources/library/case-law/commonlii/LKSC/1971/38.txt,17220,17220,17220,0,,True
commonlii-LKSC-1971-5,commonlii,data/legal-sources/library/case-law/commonlii/LKSC/1971/5.txt,7218,7218,7218,0,,True
commonlii-LKSC-1972-11,commonlii,data/legal-sources/library/case-law/commonlii/LKSC/1972/11.txt,105441,105441,105441,0,,True
commonlii-LKSC-1972-16,commonlii,data/legal-sources/library/case-law/commonlii/LKSC/1972/16.txt,4707,4707,4707,0,,True
commonlii-LKSC-1972-22,commonlii,data/legal-sources/library/case-law/commonlii/LKSC/1972/22.txt,73440,73440,73440,0,,True
commonlii-LKSC-1973-16,commonlii,data/legal-sources/library/case-law/commonlii/LKSC/1973/16.txt,27169,27169,27169,18,replacement_character,False
commonlii-LKSC-1973-19,commonlii,data/legal-sources/library/case-law/commonlii/LKSC/1973/19.txt,22259,22259,22259,2,replacement_character,False
commonlii-LKSC-1973-2,commonlii,data/legal-sources/library/case-law/commonlii/LKSC/1973/2.txt,17882,17882,17882,0,,True
commonlii-LKSC-1974-1,commonlii,data/legal-sources/library/case-law/commonlii/LKSC/1974/1.txt,7399,7399,7399,1,replacement_character,False
commonlii-LKSC-1974-3,commonlii,data/legal-sources/library/case-law/commonlii/LKSC/1974/3.txt,148681,148681,148681,132,replacement_character,False
commonlii-LKSC-1974-7,commonlii,data/legal-sources/library/case-law/commonlii/LKSC/1974/7.txt,49128,49128,49128,17,replacement_character,False
commonlii-LKSC-1976-12,commonlii,data/legal-sources/library/case-law/commonlii/LKSC/1976/12.txt,10427,10427,10427,2,replacement_character,False
commonlii-LKSC-1977-2,commonlii,data/legal-sources/library/case-law/commonlii/LKSC/1977/2.txt,29675,29675,29675,0,,True
commonlii-LKSC-1978-4,commonlii,data/legal-sources/library/case-law/commonlii/LKSC/1978/4.txt,17670,17670,17670,2,replacement_character,False
commonlii-LKSC-1978-6,commonlii,data/legal-sources/library/case-law/commonlii/LKSC/1978/6.txt,35488,35488,35488,2,replacement_character,False
commonlii-LKSC-1979-5,commonlii,data/legal-sources/library/case-law/commonlii/LKSC/1979/5.txt,14137,14137,14137,0,,True
commonlii-LKSC-1980-1,commonlii,data/legal-sources/library/case-law/commonlii/LKSC/1980/1.txt,38339,38339,38339,1,replacement_character,False
commonlii-LKSC-1981-1,commonlii,data/legal-sources/library/case-law/commonlii/LKSC/1981/1.txt,30146,30146,30146,0,,True
commonlii-LKSC-1981-11,commonlii,data/legal-sources/library/case-law/commonlii/LKSC/1981/11.txt,15674,15674,15674,0,,True
commonlii-LKSC-1981-12,commonlii,data/legal-sources/library/case-law/commonlii/LKSC/1981/12.txt,14259,14259,14259,0,,True
commonlii-LKSC-1981-13,commonlii,data/legal-sources/library/case-law/commonlii/LKSC/1981/13.txt,60177,60177,60177,0,,True
commonlii-LKSC-1981-20,commonlii,data/legal-sources/library/case-law/commonlii/LKSC/1981/20.txt,65883,65883,65883,7,replacement_character,False
commonlii-LKSC-1981-21,commonlii,data/legal-sources/library/case-law/commonlii/LKSC/1981/21.txt,16884,16884,16884,1,replacement_character,False
commonlii-LKSC-1981-23,commonlii,data/legal-sources/library/case-law/commonlii/LKSC/1981/23.txt,30445,30445,30445,0,,True
commonlii-LKSC-1981-24,commonlii,data/legal-sources/library/case-law/commonlii/LKSC/1981/24.txt,19842,19842,19842,5,replacement_character,False
commonlii-LKSC-1981-25,commonlii,data/legal-sources/library/case-law/commonlii/LKSC/1981/25.txt,14680,14680,14680,0,,True
commonlii-LKSC-1981-27,commonlii,data/legal-sources/library/case-law/commonlii/LKSC/1981/27.txt,60001,60001,60001,4,replacement_character,False
commonlii-LKSC-1981-33,commonlii,data/legal-sources/library/case-law/commonlii/LKSC/1981/33.txt,9529,9529,9529,0,,True
commonlii-LKSC-1981-37,commonlii,data/legal-sources/library/case-law/commonlii/LKSC/1981/37.txt,20494,20494,20494,0,,True
commonlii-LKSC-1981-40,commonlii,data/legal-sources/library/case-law/commonlii/LKSC/1981/40.txt,41386,41386,41386,0,,True
commonlii-LKSC-1981-41,commonlii,data/legal-sources/library/case-law/commonlii/LKSC/1981/41.txt,18046,18046,18046,2,replacement_character,False
commonlii-LKSC-1981-43,commonlii,data/legal-sources/library/case-law/commonlii/LKSC/1981/43.txt,7995,7995,7995,0,,True
commonlii-LKSC-1981-45,commonlii,data/legal-sources/library/case-law/commonlii/LKSC/1981/45.txt,22716,22716,22716,4,replacement_character,False
commonlii-LKSC-1981-8,commonlii,data/legal-sources/library/case-law/commonlii/LKSC/1981/8.txt,64857,64857,64857,0,,True
commonlii-LKSC-1982-1,commonlii,data/legal-sources/library/case-law/commonlii/LKSC/1982/1.txt,31918,31918,31918,3,replacement_character,False
commonlii-LKSC-1982-13,commonlii,data/legal-sources/library/case-law/commonlii/LKSC/1982/13.txt,30660,30660,30660,0,,True
commonlii-LKSC-1982-14,commonlii,data/legal-sources/library/case-law/commonlii/LKSC/1982/14.txt,24968,24968,24968,1,replacement_character,False
commonlii-LKSC-1982-16,commonlii,data/legal-sources/library/case-law/commonlii/LKSC/1982/16.txt,14313,14313,14313,2,replacement_character,False
commonlii-LKSC-1982-26,commonlii,data/legal-sources/library/case-law/commonlii/LKSC/1982/26.txt,11317,11317,11317,0,,True
commonlii-LKSC-1982-35,commonlii,data/legal-sources/library/case-law/commonlii/LKSC/1982/35.txt,53475,53475,53475,2,replacement_character,False
commonlii-LKSC-1982-37,commonlii,data/legal-sources/library/case-law/commonlii/LKSC/1982/37.txt,13605,13605,13605,0,,True
commonlii-LKSC-1982-39,commonlii,data/legal-sources/library/case-law/commonlii/LKSC/1982/39.txt,27003,27003,27003,4,replacement_character,False
commonlii-LKSC-1983-1,commonlii,data/legal-sources/library/case-law/commonlii/LKSC/1983/1.txt,155951,155951,155951,3,replacement_character,False
commonlii-LKSC-1983-20,commonlii,data/legal-sources/library/case-law/commonlii/LKSC/1983/20.txt,23311,23311,23311,25,replacement_character,False
commonlii-LKSC-1983-3,commonlii,data/legal-sources/library/case-law/commonlii/LKSC/1983/3.txt,38290,38290,38290,5,replacement_character,False
commonlii-LKSC-1983-4,commonlii,data/legal-sources/library/case-law/commonlii/LKSC/1983/4.txt,36973,36973,36973,12,replacement_character,False
commonlii-LKSC-1984-11,commonlii,data/legal-sources/library/case-law/commonlii/LKSC/1984/11.txt,19490,19490,19490,2,replacement_character,False
commonlii-LKSC-1984-17,commonlii,data/legal-sources/library/case-law/commonlii/LKSC/1984/17.txt,53960,53960,53960,1,replacement_character,False
commonlii-LKSC-1984-19,commonlii,data/legal-sources/library/case-law/commonlii/LKSC/1984/19.txt,29981,29981,29981,0,,True
commonlii-LKSC-1984-2,commonlii,data/legal-sources/library/case-law/commonlii/LKSC/1984/2.txt,9222,9222,9222,0,,True
commonlii-LKSC-1984-21,commonlii,data/legal-sources/library/case-law/commonlii/LKSC/1984/21.txt,32107,32107,32107,0,,True
commonlii-LKSC-1984-23,commonlii,data/legal-sources/library/case-law/commonlii/LKSC/1984/23.txt,13558,13558,13558,0,,True
commonlii-LKSC-1984-25,commonlii,data/legal-sources/library/case-law/commonlii/LKSC/1984/25.txt,22707,22707,22707,0,,True
commonlii-LKSC-1984-5,commonlii,data/legal-sources/library/case-law/commonlii/LKSC/1984/5.txt,295966,295966,295966,2,replacement_character,False
commonlii-LKSC-1985-22,commonlii,data/legal-sources/library/case-law/commonlii/LKSC/1985/22.txt,77693,77693,77693,0,,True
commonlii-LKSC-1985-5,commonlii,data/legal-sources/library/case-law/commonlii/LKSC/1985/5.txt,6418,6418,6418,0,,True
commonlii-LKSC-1985-8,commonlii,data/legal-sources/library/case-law/commonlii/LKSC/1985/8.txt,35266,35266,35266,0,,True
commonlii-LKSC-1987-11,commonlii,data/legal-sources/library/case-law/commonlii/LKSC/1987/11.txt,35516,35516,35516,0,,True
commonlii-LKSC-1987-17,commonlii,data/legal-sources/library/case-law/commonlii/LKSC/1987/17.txt,48832,48832,48832,0,,True
commonlii-LKSC-1987-18,commonlii,data/legal-sources/library/case-law/commonlii/LKSC/1987/18.txt,23744,23744,23744,0,,True
commonlii-LKSC-1987-2,commonlii,data/legal-sources/library/case-law/commonlii/LKSC/1987/2.txt,66836,66836,66836,0,,True
commonlii-LKSC-1987-22,commonlii,data/legal-sources/library/case-law/commonlii/LKSC/1987/22.txt,46489,46489,46489,1,replacement_character,False
commonlii-LKSC-1987-23,commonlii,data/legal-sources/library/case-law/commonlii/LKSC/1987/23.txt,15967,15967,15967,0,,True
commonlii-LKSC-1987-6,commonlii,data/legal-sources/library/case-law/commonlii/LKSC/1987/6.txt,17554,17554,17554,0,,True
commonlii-LKSC-1987-7,commonlii,data/legal-sources/library/case-law/commonlii/LKSC/1987/7.txt,59064,59064,59064,0,,True
commonlii-LKSC-1988-14,commonlii,data/legal-sources/library/case-law/commonlii/LKSC/1988/14.txt,20823,20823,20823,0,,True
commonlii-LKSC-1988-23,commonlii,data/legal-sources/library/case-law/commonlii/LKSC/1988/23.txt,71944,71944,71944,0,,True
commonlii-LKSC-1988-3,commonlii,data/legal-sources/library/case-law/commonlii/LKSC/1988/3.txt,167617,167617,167617,0,,True
commonlii-LKSC-1988-6,commonlii,data/legal-sources/library/case-law/commonlii/LKSC/1988/6.txt,14478,14478,14478,0,,True
commonlii-LKSC-1988-8,commonlii,data/legal-sources/library/case-law/commonlii/LKSC/1988/8.txt,39353,39353,39353,0,,True
commonlii-LKSC-1988-9,commonlii,data/legal-sources/library/case-law/commonlii/LKSC/1988/9.txt,32711,32711,32711,0,,True
commonlii-LKSC-1989-11,commonlii,data/legal-sources/library/case-law/commonlii/LKSC/1989/11.txt,36417,36417,36417,0,,True
commonlii-LKSC-1989-13,commonlii,data/legal-sources/library/case-law/commonlii/LKSC/1989/13.txt,23438,23438,23438,0,,True
commonlii-LKSC-1989-14,commonlii,data/legal-sources/library/case-law/commonlii/LKSC/1989/14.txt,22160,22160,22160,0,,True
commonlii-LKSC-1989-17,commonlii,data/legal-sources/library/case-law/commonlii/LKSC/1989/17.txt,21804,21804,21804,0,,True
commonlii-LKSC-1989-18,commonlii,data/legal-sources/library/case-law/commonlii/LKSC/1989/18.txt,78191,78191,78191,0,,True
commonlii-LKSC-1989-2,commonlii,data/legal-sources/library/case-law/commonlii/LKSC/1989/2.txt,47272,47272,47272,13,replacement_character,False
commonlii-LKSC-1989-23,commonlii,data/legal-sources/library/case-law/commonlii/LKSC/1989/23.txt,24722,24722,24722,0,,True
commonlii-LKSC-1989-26,commonlii,data/legal-sources/library/case-law/commonlii/LKSC/1989/26.txt,37776,37776,37776,0,,True
commonlii-LKSC-1989-34,commonlii,data/legal-sources/library/case-law/commonlii/LKSC/1989/34.txt,14931,14931,14931,0,,True
commonlii-LKSC-1989-37,commonlii,data/legal-sources/library/case-law/commonlii/LKSC/1989/37.txt,7210,7210,7210,7,replacement_character,False
commonlii-LKSC-1989-6,commonlii,data/legal-sources/library/case-law/commonlii/LKSC/1989/6.txt,22425,22425,22425,0,,True
commonlii-LKSC-1990-1,commonlii,data/legal-sources/library/case-law/commonlii/LKSC/1990/1.txt,24372,24372,24372,0,,True
commonlii-LKSC-1990-13,commonlii,data/legal-sources/library/case-law/commonlii/LKSC/1990/13.txt,40178,40178,40178,0,,True
commonlii-LKSC-1990-14,commonlii,data/legal-sources/library/case-law/commonlii/LKSC/1990/14.txt,59595,59595,59595,0,,True
commonlii-LKSC-1990-16,commonlii,data/legal-sources/library/case-law/commonlii/LKSC/1990/16.txt,7355,7355,7355,0,,True
commonlii-LKSC-1990-17,commonlii,data/legal-sources/library/case-law/commonlii/LKSC/1990/17.txt,41675,41675,41675,1,replacement_character,False
commonlii-LKSC-1990-21,commonlii,data/legal-sources/library/case-law/commonlii/LKSC/1990/21.txt,81637,81637,81637,0,,True
commonlii-LKSC-1990-4,commonlii,data/legal-sources/library/case-law/commonlii/LKSC/1990/4.txt,45540,45540,45540,0,,True
commonlii-LKSC-1990-6,commonlii,data/legal-sources/library/case-law/commonlii/LKSC/1990/6.txt,54661,54661,54661,0,,True
commonlii-LKSC-1991-12,commonlii,data/legal-sources/library/case-law/commonlii/LKSC/1991/12.txt,124453,124453,124453,0,,True
commonlii-LKSC-1991-14,commonlii,data/legal-sources/library/case-law/commonlii/LKSC/1991/14.txt,12386,12386,12386,42,replacement_character,False
commonlii-LKSC-1991-15,commonlii,data/legal-sources/library/case-law/commonlii/LKSC/1991/15.txt,32946,32946,32946,83,replacement_character,False
commonlii-LKSC-1991-16,commonlii,data/legal-sources/library/case-law/commonlii/LKSC/1991/16.txt,40887,40887,40887,100,replacement_character,False
commonlii-LKSC-1991-18,commonlii,data/legal-sources/library/case-law/commonlii/LKSC/1991/18.txt,11539,11539,11539,32,replacement_character,False
commonlii-LKSC-1991-26,commonlii,data/legal-sources/library/case-law/commonlii/LKSC/1991/26.txt,21726,21726,21726,86,replacement_character,False
commonlii-LKSC-1991-29,commonlii,data/legal-sources/library/case-law/commonlii/LKSC/1991/29.txt,158472,158472,158472,0,,True
commonlii-LKSC-1991-3,commonlii,data/legal-sources/library/case-law/commonlii/LKSC/1991/3.txt,13409,13409,13409,0,,True
commonlii-LKSC-1991-32,commonlii,data/legal-sources/library/case-law/commonlii/LKSC/1991/32.txt,31283,31283,31283,0,,True
commonlii-LKSC-1991-33,commonlii,data/legal-sources/library/case-law/commonlii/LKSC/1991/33.txt,14217,14217,14217,0,,True
commonlii-LKSC-1991-35,commonlii,data/legal-sources/library/case-law/commonlii/LKSC/1991/35.txt,20432,20432,20432,37,replacement_character,False
commonlii-LKSC-1991-39,commonlii,data/legal-sources/library/case-law/commonlii/LKSC/1991/39.txt,13326,13326,13326,26,replacement_character,False
commonlii-LKSC-1991-4,commonlii,data/legal-sources/library/case-law/commonlii/LKSC/1991/4.txt,14896,14896,14896,31,replacement_character,False
commonlii-LKSC-1991-5,commonlii,data/legal-sources/library/case-law/commonlii/LKSC/1991/5.txt,55060,55060,55060,106,replacement_character,False
commonlii-LKSC-1991-6,commonlii,data/legal-sources/library/case-law/commonlii/LKSC/1991/6.txt,18200,18200,18200,36,replacement_character,False
commonlii-LKSC-1992-3,commonlii,data/legal-sources/library/case-law/commonlii/LKSC/1992/3.txt,96367,96367,96367,1,replacement_character,False
commonlii-LKSC-1992-34,commonlii,data/legal-sources/library/case-law/commonlii/LKSC/1992/34.txt,29716,29716,29716,20,replacement_character,False
commonlii-LKSC-1992-35,commonlii,data/legal-sources/library/case-law/commonlii/LKSC/1992/35.txt,15998,15998,15998,137,replacement_character,False
commonlii-LKSC-1992-9,commonlii,data/legal-sources/library/case-law/commonlii/LKSC/1992/9.txt,33791,33791,33791,70,replacement_character,False
commonlii-LKSC-1993-1,commonlii,data/legal-sources/library/case-law/commonlii/LKSC/1993/1.txt,12061,12061,12061,1,replacement_character,False
commonlii-LKSC-1993-19,commonlii,data/legal-sources/library/case-law/commonlii/LKSC/1993/19.txt,10875,10875,10875,0,,True
commonlii-LKSC-1993-24,commonlii,data/legal-sources/library/case-law/commonlii/LKSC/1993/24.txt,12085,12085,12085,0,,True
commonlii-LKSC-1993-26,commonlii,data/legal-sources/library/case-law/commonlii/LKSC/1993/26.txt,14988,14988,14988,0,,True
commonlii-LKSC-1993-4,commonlii,data/legal-sources/library/case-law/commonlii/LKSC/1993/4.txt,37206,37206,37206,0,,True
commonlii-LKSC-1993-40,commonlii,data/legal-sources/library/case-law/commonlii/LKSC/1993/40.txt,7608,7608,7608,0,,True
commonlii-LKSC-1993-47,commonlii,data/legal-sources/library/case-law/commonlii/LKSC/1993/47.txt,18929,18929,18929,0,,True
commonlii-LKSC-1993-49,commonlii,data/legal-sources/library/case-law/commonlii/LKSC/1993/49.txt,36728,36728,36728,1,replacement_character,False
commonlii-LKSC-1994-1,commonlii,data/legal-sources/library/case-law/commonlii/LKSC/1994/1.txt,28829,28829,28829,0,,True
commonlii-LKSC-1994-13,commonlii,data/legal-sources/library/case-law/commonlii/LKSC/1994/13.txt,11088,11088,11088,0,,True
commonlii-LKSC-1994-18,commonlii,data/legal-sources/library/case-law/commonlii/LKSC/1994/18.txt,10297,10297,10297,0,,True
commonlii-LKSC-1994-20,commonlii,data/legal-sources/library/case-law/commonlii/LKSC/1994/20.txt,27177,27177,27177,4,replacement_character,False
commonlii-LKSC-1994-34,commonlii,data/legal-sources/library/case-law/commonlii/LKSC/1994/34.txt,81735,81735,81735,2,replacement_character,False
commonlii-LKSC-1994-35,commonlii,data/legal-sources/library/case-law/commonlii/LKSC/1994/35.txt,14794,14794,14794,0,,True
commonlii-LKSC-1994-40,commonlii,data/legal-sources/library/case-law/commonlii/LKSC/1994/40.txt,17739,17739,17739,2,replacement_character,False
commonlii-LKSC-1994-42,commonlii,data/legal-sources/library/case-law/commonlii/LKSC/1994/42.txt,6773,6773,6773,0,,True
commonlii-LKSC-1994-43,commonlii,data/legal-sources/library/case-law/commonlii/LKSC/1994/43.txt,11655,11655,11655,0,,True
commonlii-LKSC-1994-7,commonlii,data/legal-sources/library/case-law/commonlii/LKSC/1994/7.txt,15556,15556,15556,0,,True
commonlii-LKSC-1995-1,commonlii,data/legal-sources/library/case-law/commonlii/LKSC/1995/1.txt,12008,12008,12008,0,,True
commonlii-LKSC-1995-10,commonlii,data/legal-sources/library/case-law/commonlii/LKSC/1995/10.txt,10173,10173,10173,1,replacement_character,False
commonlii-LKSC-1995-3,commonlii,data/legal-sources/library/case-law/commonlii/LKSC/1995/3.txt,36145,36145,36145,11,replacement_character,False
commonlii-LKSC-1995-34,commonlii,data/legal-sources/library/case-law/commonlii/LKSC/1995/34.txt,17114,17114,17114,4,replacement_character,False
commonlii-LKSC-1995-4,commonlii,data/legal-sources/library/case-law/commonlii/LKSC/1995/4.txt,21578,21578,21578,13,replacement_character,False
commonlii-LKSC-1995-8,commonlii,data/legal-sources/library/case-law/commonlii/LKSC/1995/8.txt,16790,16790,16790,15,replacement_character,False
commonlii-LKSC-1996-14,commonlii,data/legal-sources/library/case-law/commonlii/LKSC/1996/14.txt,145125,145125,145125,66,replacement_character,False
commonlii-LKSC-1996-15,commonlii,data/legal-sources/library/case-law/commonlii/LKSC/1996/15.txt,10234,10234,10234,0,,True
commonlii-LKSC-1996-16,commonlii,data/legal-sources/library/case-law/commonlii/LKSC/1996/16.txt,9799,9799,9799,2,replacement_character,False
commonlii-LKSC-1996-34,commonlii,data/legal-sources/library/case-law/commonlii/LKSC/1996/34.txt,34320,34320,34320,9,replacement_character,False
commonlii-LKSC-1996-43,commonlii,data/legal-sources/library/case-law/commonlii/LKSC/1996/43.txt,6767,6767,6767,0,,True
commonlii-LKSC-1996-7,commonlii,data/legal-sources/library/case-law/commonlii/LKSC/1996/7.txt,21756,21756,21756,5,replacement_character,False
commonlii-LKSC-1996-8,commonlii,data/legal-sources/library/case-law/commonlii/LKSC/1996/8.txt,207521,207521,207521,9,replacement_character,False
commonlii-LKSC-1996-9,commonlii,data/legal-sources/library/case-law/commonlii/LKSC/1996/9.txt,11922,11922,11922,11,replacement_character,False
commonlii-LKSC-1997-47,commonlii,data/legal-sources/library/case-law/commonlii/LKSC/1997/47.txt,14708,14708,14708,0,,True
commonlii-LKSC-1997-51,commonlii,data/legal-sources/library/case-law/commonlii/LKSC/1997/51.txt,23120,23120,23120,1,replacement_character,False
commonlii-LKSC-1998-10,commonlii,data/legal-sources/library/case-law/commonlii/LKSC/1998/10.txt,19020,19020,19020,0,,True
commonlii-LKSC-1998-17,commonlii,data/legal-sources/library/case-law/commonlii/LKSC/1998/17.txt,13595,13595,13595,0,,True
commonlii-LKSC-1998-18,commonlii,data/legal-sources/library/case-law/commonlii/LKSC/1998/18.txt,10147,10147,10147,1,replacement_character,False
commonlii-LKSC-1998-20,commonlii,data/legal-sources/library/case-law/commonlii/LKSC/1998/20.txt,6258,6258,6258,0,,True
commonlii-LKSC-1998-21,commonlii,data/legal-sources/library/case-law/commonlii/LKSC/1998/21.txt,7830,7830,7830,0,,True
commonlii-LKSC-1998-3,commonlii,data/legal-sources/library/case-law/commonlii/LKSC/1998/3.txt,57140,57140,57140,0,,True
commonlii-LKSC-1998-4,commonlii,data/legal-sources/library/case-law/commonlii/LKSC/1998/4.txt,10322,10322,10322,0,,True
commonlii-LKSC-1998-50,commonlii,data/legal-sources/library/case-law/commonlii/LKSC/1998/50.txt,17820,17820,17820,4,replacement_character,False
commonlii-LKSC-1998-6,commonlii,data/legal-sources/library/case-law/commonlii/LKSC/1998/6.txt,14912,14912,14912,1,replacement_character,False
commonlii-LKSC-1998-61,commonlii,data/legal-sources/library/case-law/commonlii/LKSC/1998/61.txt,13350,13350,13350,0,,True
commonlii-LKSC-1998-65,commonlii,data/legal-sources/library/case-law/commonlii/LKSC/1998/65.txt,11187,11187,11187,2,replacement_character,False
commonlii-LKSC-1998-66,commonlii,data/legal-sources/library/case-law/commonlii/LKSC/1998/66.txt,10109,10109,10109,0,,True
commonlii-LKSC-1998-67,commonlii,data/legal-sources/library/case-law/commonlii/LKSC/1998/67.txt,6118,6118,6118,0,,True
commonlii-LKSC-1999-11,commonlii,data/legal-sources/library/case-law/commonlii/LKSC/1999/11.txt,10391,10391,10391,0,,True
commonlii-LKSC-1999-33,commonlii,data/legal-sources/library/case-law/commonlii/LKSC/1999/33.txt,12360,12360,12360,6,replacement_character,False
commonlii-LKSC-1999-39,commonlii,data/legal-sources/library/case-law/commonlii/LKSC/1999/39.txt,11356,11356,11356,0,,True
commonlii-LKSC-1999-41,commonlii,data/legal-sources/library/case-law/commonlii/LKSC/1999/41.txt,14251,14251,14251,0,,True
commonlii-LKSC-1999-50,commonlii,data/legal-sources/library/case-law/commonlii/LKSC/1999/50.txt,14845,14845,14845,0,,True
commonlii-LKSC-1999-51,commonlii,data/legal-sources/library/case-law/commonlii/LKSC/1999/51.txt,59892,59892,59892,0,,True
commonlii-LKSC-1999-52,commonlii,data/legal-sources/library/case-law/commonlii/LKSC/1999/52.txt,7095,7095,7095,0,,True
commonlii-LKSC-1999-53,commonlii,data/legal-sources/library/case-law/commonlii/LKSC/1999/53.txt,5266,5266,5266,0,,True
commonlii-LKSC-1999-54,commonlii,data/legal-sources/library/case-law/commonlii/LKSC/1999/54.txt,7830,7830,7830,0,,True
commonlii-LKSC-1999-8,commonlii,data/legal-sources/library/case-law/commonlii/LKSC/1999/8.txt,16320,16320,16320,0,,True
commonlii-LKSC-2000-11,commonlii,data/legal-sources/library/case-law/commonlii/LKSC/2000/11.txt,16552,16552,16552,0,,True
commonlii-LKSC-2000-34,commonlii,data/legal-sources/library/case-law/commonlii/LKSC/2000/34.txt,18042,18042,18042,0,,True
commonlii-LKSC-2000-4,commonlii,data/legal-sources/library/case-law/commonlii/LKSC/2000/4.txt,13469,13469,13469,0,,True
commonlii-LKSC-2000-42,commonlii,data/legal-sources/library/case-law/commonlii/LKSC/2000/42.txt,13492,13492,13492,0,,True
commonlii-LKSC-2000-9,commonlii,data/legal-sources/library/case-law/commonlii/LKSC/2000/9.txt,7456,7456,7456,0,,True
commonlii-LKSC-2001-18,commonlii,data/legal-sources/library/case-law/commonlii/LKSC/2001/18.txt,27623,27623,27623,0,,True
commonlii-LKSC-2001-2,commonlii,data/legal-sources/library/case-law/commonlii/LKSC/2001/2.txt,24463,24463,24463,0,,True
commonlii-LKSC-2001-24,commonlii,data/legal-sources/library/case-law/commonlii/LKSC/2001/24.txt,29559,29559,29559,0,,True
commonlii-LKSC-2001-3,commonlii,data/legal-sources/library/case-law/commonlii/LKSC/2001/3.txt,17720,17720,17720,1,replacement_character,False
commonlii-LKSC-2001-30,commonlii,data/legal-sources/library/case-law/commonlii/LKSC/2001/30.txt,14392,14392,14392,1,replacement_character,False
commonlii-LKSC-2001-31,commonlii,data/legal-sources/library/case-law/commonlii/LKSC/2001/31.txt,14514,14514,14514,2,replacement_character,False
commonlii-LKSC-2001-32,commonlii,data/legal-sources/library/case-law/commonlii/LKSC/2001/32.txt,14652,14652,14652,0,,True
commonlii-LKSC-2001-4,commonlii,data/legal-sources/library/case-law/commonlii/LKSC/2001/4.txt,25674,25674,25674,2,replacement_character,False
commonlii-LKSC-2001-9,commonlii,data/legal-sources/library/case-law/commonlii/LKSC/2001/9.txt,13249,13249,13249,90,replacement_character,False
commonlii-LKSC-2002-40,commonlii,data/legal-sources/library/case-law/commonlii/LKSC/2002/40.txt,19801,19801,19801,0,,True
commonlii-LKSC-2002-42,commonlii,data/legal-sources/library/case-law/commonlii/LKSC/2002/42.txt,25169,25169,25169,0,,True
commonlii-LKSC-2002-43,commonlii,data/legal-sources/library/case-law/commonlii/LKSC/2002/43.txt,17201,17201,17201,0,,True
commonlii-LKSC-2002-46,commonlii,data/legal-sources/library/case-law/commonlii/LKSC/2002/46.txt,11938,11938,11938,138,replacement_character,False
commonlii-LKSC-2002-7,commonlii,data/legal-sources/library/case-law/commonlii/LKSC/2002/7.txt,10037,10037,10037,3,replacement_character,False
commonlii-LKSC-2002-8,commonlii,data/legal-sources/library/case-law/commonlii/LKSC/2002/8.txt,22551,22551,22551,100,replacement_character,False
commonlii-LKSC-2003-2,commonlii,data/legal-sources/library/case-law/commonlii/LKSC/2003/2.txt,35445,35445,35445,62,replacement_character,False
commonlii-LKSC-2003-20,commonlii,data/legal-sources/library/case-law/commonlii/LKSC/2003/20.txt,20899,20899,20899,92,replacement_character,False
commonlii-LKSC-2003-6,commonlii,data/legal-sources/library/case-law/commonlii/LKSC/2003/6.txt,15547,15547,15547,67,replacement_character,False
commonlii-LKSC-2004-10,commonlii,data/legal-sources/library/case-law/commonlii/LKSC/2004/10.txt,18288,18288,18288,39,replacement_character,False
commonlii-LKSC-2004-20,commonlii,data/legal-sources/library/case-law/commonlii/LKSC/2004/20.txt,24580,24580,24580,0,,True
commonlii-LKSC-2004-21,commonlii,data/legal-sources/library/case-law/commonlii/LKSC/2004/21.txt,17058,17058,17058,0,,True
commonlii-LKSC-2004-22,commonlii,data/legal-sources/library/case-law/commonlii/LKSC/2004/22.txt,12569,12569,12569,0,,True
commonlii-LKSC-2004-23,commonlii,data/legal-sources/library/case-law/commonlii/LKSC/2004/23.txt,18100,18100,18100,0,,True
commonlii-LKSC-2004-25,commonlii,data/legal-sources/library/case-law/commonlii/LKSC/2004/25.txt,20063,20063,20063,23,replacement_character,False
commonlii-LKSC-2004-7,commonlii,data/legal-sources/library/case-law/commonlii/LKSC/2004/7.txt,16343,16343,16343,0,,True
commonlii-LKSC-2005-11,commonlii,data/legal-sources/library/case-law/commonlii/LKSC/2005/11.txt,67297,67297,67297,2,replacement_character,False
commonlii-LKSC-2005-17,commonlii,data/legal-sources/library/case-law/commonlii/LKSC/2005/17.txt,47361,47361,47361,0,,True
commonlii-LKSC-2005-5,commonlii,data/legal-sources/library/case-law/commonlii/LKSC/2005/5.txt,12015,12015,12015,0,,True
commonlii-LKSC-2005-7,commonlii,data/legal-sources/library/case-law/commonlii/LKSC/2005/7.txt,18417,18417,18417,1,replacement_character,False
commonlii-LKSC-2006-16,commonlii,data/legal-sources/library/case-law/commonlii/LKSC/2006/16.txt,11687,11687,11687,0,,True
commonlii-LKSC-2006-5,commonlii,data/legal-sources/library/case-law/commonlii/LKSC/2006/5.txt,37021,37021,37021,0,,True
commonlii-LKSC-2006-6,commonlii,data/legal-sources/library/case-law/commonlii/LKSC/2006/6.txt,22407,22407,22407,0,,True
commonlii-LKSC-2007-1,commonlii,data/legal-sources/library/case-law/commonlii/LKSC/2007/1.txt,39756,39756,39756,0,,True
commonlii-LKSC-2007-14,commonlii,data/legal-sources/library/case-law/commonlii/LKSC/2007/14.txt,19915,19915,19915,0,,True
commonlii-LKSC-2007-2,commonlii,data/legal-sources/library/case-law/commonlii/LKSC/2007/2.txt,49349,49349,49349,0,,True
commonlii-LKSC-2007-3,commonlii,data/legal-sources/library/case-law/commonlii/LKSC/2007/3.txt,21353,21353,21353,0,,True
commonlii-LKSC-2008-2,commonlii,data/legal-sources/library/case-law/commonlii/LKSC/2008/2.txt,16294,16294,16294,0,,True
commonlii-LKSC-2008-5,commonlii,data/legal-sources/library/case-law/commonlii/LKSC/2008/5.txt,14506,14506,14506,0,,True
commonlii-LKSC-2008-7,commonlii,data/legal-sources/library/case-law/commonlii/LKSC/2008/7.txt,77029,77029,77029,0,,True
commonlii-LKSC-2009-10,commonlii,data/legal-sources/library/case-law/commonlii/LKSC/2009/10.txt,76573,76573,76573,0,,True
commonlii-LKSC-2009-3,commonlii,data/legal-sources/library/case-law/commonlii/LKSC/2009/3.txt,17815,17815,17815,0,,True
commonlii-LKSC-2009-5,commonlii,data/legal-sources/library/case-law/commonlii/LKSC/2009/5.txt,16481,16481,16481,0,,True
commonlii-LKSC-2009-8,commonlii,data/legal-sources/library/case-law/commonlii/LKSC/2009/8.txt,28021,28021,28021,0,,True
commonlii-LKSC-2010-3,commonlii,data/legal-sources/library/case-law/commonlii/LKSC/2010/3.txt,30934,30934,30934,0,,True
courts-coa-1095-99-f.pdf,official_courts,data/legal-sources/library/case-law/courts/coa/1095-99-f.pdf.txt,11407,11407,11407,0,,True
courts-coa-11.-wrt-0434-19.pdf,official_courts,data/legal-sources/library/case-law/courts/coa/11.-wrt-0434-19.pdf.txt,14308,14308,14308,0,,True
courts-coa-12.-ca-636-637-638-99f.pdf,official_courts,data/legal-sources/library/case-law/courts/coa/12.-ca-636-637-638-99f.pdf.txt,28501,28501,28505,0,,True
courts-coa-13.-ca-836-99-f.pdf,official_courts,data/legal-sources/library/case-law/courts/coa/13.-ca-836-99-f.pdf.txt,27129,27129,27133,0,,True
courts-coa-13.-ca-phc-209_17-judgment.pdf,official_courts,data/legal-sources/library/case-law/courts/coa/13.-ca-phc-209_17-judgment.pdf.txt,15758,15758,15646,0,,True
courts-coa-25.-dcf-065-98-2.pdf,official_courts,data/legal-sources/library/case-law/courts/coa/25.-dcf-065-98-2.pdf.txt,10226,10226,10226,0,,True
courts-coa-27.-judgement-dcf-710-712-99.pdf,official_courts,data/legal-sources/library/case-law/courts/coa/27.-judgement-dcf-710-712-99.pdf.txt,27134,27134,26961,0,,True
courts-coa-30.-rev-130-of-14-judgment.pdf,official_courts,data/legal-sources/library/case-law/courts/coa/30.-rev-130-of-14-judgment.pdf.txt,30665,30665,30419,0,,True
courts-coa-358-99-27.2.19-puttalam-dc.pdf,official_courts,data/legal-sources/library/case-law/courts/coa/358-99-27.2.19-puttalam-dc.pdf.txt,5607,5607,5607,0,,True
courts-coa-43.-corrected-caption.pdf,official_courts,data/legal-sources/library/case-law/courts/coa/43.-corrected-caption.pdf.txt,30304,30304,30127,0,,True
courts-coa-60.-dcf-1470-02.pdf,official_courts,data/legal-sources/library/case-law/courts/coa/60.-dcf-1470-02.pdf.txt,7585,7585,7525,0,,True
courts-coa-628-99-dc-negombo-27.2.19-autosaved.pdf,official_courts,data/legal-sources/library/case-law/courts/coa/628-99-dc-negombo-27.2.19-autosaved.pdf.txt,10107,10107,10107,0,,True
courts-coa-85.-writ-241-19.pdf,official_courts,data/legal-sources/library/case-law/courts/coa/85.-writ-241-19.pdf.txt,20032,20032,19891,0,,True
courts-coa-CA-DC-1198-96.pdf,official_courts,data/legal-sources/library/case-law/courts/coa/CA-DC-1198-96.pdf.txt,10879,10879,10879,0,,True
courts-coa-CA-DC-1308-98.pdf,official_courts,data/legal-sources/library/case-law/courts/coa/CA-DC-1308-98.pdf.txt,13516,13516,13516,0,,True
courts-coa-CA-HCC-0064.18.pdf,official_courts,data/legal-sources/library/case-law/courts/coa/CA-HCC-0064.18.pdf.txt,15984,15984,15827,0,,True
courts-coa-CA-HCC-25-23-Cheaitng-and-Forgery.pdf,official_courts,data/legal-sources/library/case-law/courts/coa/CA-HCC-25-23-Cheaitng-and-Forgery.pdf.txt,18120,18120,18120,0,,True
courts-coa-CA-PHC-0207-19-1.pdf,official_courts,data/legal-sources/library/case-law/courts/coa/CA-PHC-0207-19-1.pdf.txt,13702,13702,13704,0,,True
courts-coa-CA-PHC-04-21-Final.pdf,official_courts,data/legal-sources/library/case-law/courts/coa/CA-PHC-04-21-Final.pdf.txt,9847,9847,9847,0,,True
courts-coa-CA-PHC-124-22-Judgment-Final.pdf,official_courts,data/legal-sources/library/case-law/courts/coa/CA-PHC-124-22-Judgment-Final.pdf.txt,17467,17467,17467,0,,True
courts-coa-CA-PHC-126-20-Judgment-Final.pdf,official_courts,data/legal-sources/library/case-law/courts/coa/CA-PHC-126-20-Judgment-Final.pdf.txt,14995,14995,14995,0,,True
courts-coa-CA-PHC-140-20-Judgment-Final.pdf,official_courts,data/legal-sources/library/case-law/courts/coa/CA-PHC-140-20-Judgment-Final.pdf.txt,17937,17937,17939,0,,True
courts-coa-CA-PHC-175-23-Judgment-Final.pdf,official_courts,data/legal-sources/library/case-law/courts/coa/CA-PHC-175-23-Judgment-Final.pdf.txt,19576,19576,19576,0,,True
courts-coa-CA-PHC-39-22-Judgement-Final-1.pdf,official_courts,data/legal-sources/library/case-law/courts/coa/CA-PHC-39-22-Judgement-Final-1.pdf.txt,12001,12001,12001,0,,True
courts-coa-CA-PHC-39-22-Judgement-Final.pdf,official_courts,data/legal-sources/library/case-law/courts/coa/CA-PHC-39-22-Judgement-Final.pdf.txt,12001,12001,12001,0,,True
courts-coa-CA-PHC-44-18-final.pdf,official_courts,data/legal-sources/library/case-law/courts/coa/CA-PHC-44-18-final.pdf.txt,12495,12495,12495,0,,True
courts-coa-CA-PHC-48-16-Judgment-Final.pdf,official_courts,data/legal-sources/library/case-law/courts/coa/CA-PHC-48-16-Judgment-Final.pdf.txt,14917,14917,14919,0,,True
courts-coa-CA-PHC-93-24-Judgment-Final.pdf,official_courts,data/legal-sources/library/case-law/courts/coa/CA-PHC-93-24-Judgment-Final.pdf.txt,12085,12085,12085,0,,True
courts-coa-CA-RII-0001-23.pdf,official_courts,data/legal-sources/library/case-law/courts/coa/CA-RII-0001-23.pdf.txt,8048,8048,8048,0,,True
courts-coa-CA-RII-0065-24.pdf,official_courts,data/legal-sources/library/case-law/courts/coa/CA-RII-0065-24.pdf.txt,11520,11520,11436,0,,True
courts-coa-CA-TAX-0007-22.pdf,official_courts,data/legal-sources/library/case-law/courts/coa/CA-TAX-0007-22.pdf.txt,25554,25554,25556,0,,True
courts-coa-CA-TAX-0014-20.pdf,official_courts,data/legal-sources/library/case-law/courts/coa/CA-TAX-0014-20.pdf.txt,235237,235237,235345,0,,True
courts-coa-CA-WRIT-337-22-FINAL.pdf,official_courts,data/legal-sources/library/case-law/courts/coa/CA-WRIT-337-22-FINAL.pdf.txt,17854,17854,17760,0,,True
courts-coa-CA-WRIT-360-20-1.pdf,official_courts,data/legal-sources/library/case-law/courts/coa/CA-WRIT-360-20-1.pdf.txt,16156,16156,16025,0,,True
courts-coa-CA-WRT-0126-23-1.pdf,official_courts,data/legal-sources/library/case-law/courts/coa/CA-WRT-0126-23-1.pdf.txt,14069,14069,13973,0,,True
courts-coa-CA-WRT-03-21.pdf,official_courts,data/legal-sources/library/case-law/courts/coa/CA-WRT-03-21.pdf.txt,21892,21892,21761,0,,True
courts-coa-CA-WRT-0385-23-1.pdf,official_courts,data/legal-sources/library/case-law/courts/coa/CA-WRT-0385-23-1.pdf.txt,12437,12437,12329,0,,True
courts-coa-CA-WRT-0653-23.pdf,official_courts,data/legal-sources/library/case-law/courts/coa/CA-WRT-0653-23.pdf.txt,19419,19419,19421,0,,True
courts-coa-CA-WRT-0805-23.pdf,official_courts,data/legal-sources/library/case-law/courts/coa/CA-WRT-0805-23.pdf.txt,15827,15827,15719,0,,True
courts-coa-CA-WRT-590-23.pdf,official_courts,data/legal-sources/library/case-law/courts/coa/CA-WRT-590-23.pdf.txt,27123,27123,26964,0,,True
courts-coa-CA-WRT-724-23-final.pdf,official_courts,data/legal-sources/library/case-law/courts/coa/CA-WRT-724-23-final.pdf.txt,12442,12442,12346,0,,True
courts-coa-CA-Writ-0183-26-FINAL.pdf,official_courts,data/legal-sources/library/case-law/courts/coa/CA-Writ-0183-26-FINAL.pdf.txt,18627,18627,18509,0,,True
courts-coa-CA-Writ-201-22-Judgment-final.pdf,official_courts,data/legal-sources/library/case-law/courts/coa/CA-Writ-201-22-Judgment-final.pdf.txt,35809,35809,35837,0,,True
courts-coa-CA-Writ-453-22-FINAL.pdf,official_courts,data/legal-sources/library/case-law/courts/coa/CA-Writ-453-22-FINAL.pdf.txt,36601,36601,36347,0,,True
courts-coa-CA-Writ-742-24-final.pdf,official_courts,data/legal-sources/library/case-law/courts/coa/CA-Writ-742-24-final.pdf.txt,22076,22076,22080,0,,True
courts-coa-CA-Writ-768-24.pdf,official_courts,data/legal-sources/library/case-law/courts/coa/CA-Writ-768-24.pdf.txt,13996,13996,13887,0,,True
courts-coa-CA.WRIT_.170-22.pdf,official_courts,data/legal-sources/library/case-law/courts/coa/CA.WRIT_.170-22.pdf.txt,19620,19620,19474,0,,True
courts-coa-CA.WRIT_.206-18-1.pdf,official_courts,data/legal-sources/library/case-law/courts/coa/CA.WRIT_.206-18-1.pdf.txt,20695,20695,20556,0,,True
courts-coa-Court-of-Appeal-JUDGMENT-COC-0007.22.pdf,official_courts,data/legal-sources/library/case-law/courts/coa/Court-of-Appeal-JUDGMENT-COC-0007.22.pdf.txt,22824,22824,22830,0,,True
courts-coa-HCC-0008-22-Final-Judgment.pdf,official_courts,data/legal-sources/library/case-law/courts/coa/HCC-0008-22-Final-Judgment.pdf.txt,16381,16381,16236,0,,True
courts-coa-HCC-21-20-JUDGMENT-4.pdf,official_courts,data/legal-sources/library/case-law/courts/coa/HCC-21-20-JUDGMENT-4.pdf.txt,30697,30697,30436,0,,True
courts-coa-HCC-255-23.pdf,official_courts,data/legal-sources/library/case-law/courts/coa/HCC-255-23.pdf.txt,24479,24479,24483,0,,True
courts-coa-LTA-0006-22-JUDGMENT.pdf,official_courts,data/legal-sources/library/case-law/courts/coa/LTA-0006-22-JUDGMENT.pdf.txt,39016,39016,38695,0,,True
courts-coa-PHC-0030-20-1.pdf,official_courts,data/legal-sources/library/case-law/courts/coa/PHC-0030-20-1.pdf.txt,28018,28018,27803,0,,True
courts-coa-PHC-115-18.pdf,official_courts,data/legal-sources/library/case-law/courts/coa/PHC-115-18.pdf.txt,18636,18636,18490,0,,True
courts-coa-REM-0004-18-1EDITED-pdf.pdf,official_courts,data/legal-sources/library/case-law/courts/coa/REM-0004-18-1EDITED-pdf.pdf.txt,21839,21839,21839,0,,True
courts-coa-RII-0001-24-EDITEDpdf.pdf,official_courts,data/legal-sources/library/case-law/courts/coa/RII-0001-24-EDITEDpdf.pdf.txt,6801,6801,6801,0,,True
courts-coa-RII-0004-23-pdf.pdf,official_courts,data/legal-sources/library/case-law/courts/coa/RII-0004-23-pdf.pdf.txt,9484,9484,9484,0,,True
courts-coa-RII-0017-20.pdf,official_courts,data/legal-sources/library/case-law/courts/coa/RII-0017-20.pdf.txt,10202,10202,10202,0,,True
courts-coa-RII-0020-24-EDITED.pdf,official_courts,data/legal-sources/library/case-law/courts/coa/RII-0020-24-EDITED.pdf.txt,10514,10514,10514,0,,True
courts-coa-RII-0021-24-Judgment-pdf.pdf,official_courts,data/legal-sources/library/case-law/courts/coa/RII-0021-24-Judgment-pdf.pdf.txt,11782,11782,11782,0,,True
courts-coa-RII-0028-24-pdf.pdf,official_courts,data/legal-sources/library/case-law/courts/coa/RII-0028-24-pdf.pdf.txt,9711,9711,9715,0,,True
courts-coa-RII-0038-23-EDITED.pdf,official_courts,data/legal-sources/library/case-law/courts/coa/RII-0038-23-EDITED.pdf.txt,9994,9994,9994,0,,True
courts-coa-RII-0047-24-FINAL.pdf,official_courts,data/legal-sources/library/case-law/courts/coa/RII-0047-24-FINAL.pdf.txt,15064,15064,15086,0,,True
courts-coa-RII-0059-23-final.pdf,official_courts,data/legal-sources/library/case-law/courts/coa/RII-0059-23-final.pdf.txt,14987,14987,14811,0,,True
courts-coa-RII-0061-23edited.pdf,official_courts,data/legal-sources/library/case-law/courts/coa/RII-0061-23edited.pdf.txt,14372,14372,14369,0,,True
courts-coa-RII-0061-24-EDITED-1.pdf,official_courts,data/legal-sources/library/case-law/courts/coa/RII-0061-24-EDITED-1.pdf.txt,8910,8910,8910,0,,True
courts-coa-RII-0062-24-Edited-1.pdf,official_courts,data/legal-sources/library/case-law/courts/coa/RII-0062-24-Edited-1.pdf.txt,9860,9860,9864,0,,True
courts-coa-RII-0073-24-1EDITED.pdf,official_courts,data/legal-sources/library/case-law/courts/coa/RII-0073-24-1EDITED.pdf.txt,11994,11994,11994,0,,True
courts-coa-RII-0098-24-PDF.pdf,official_courts,data/legal-sources/library/case-law/courts/coa/RII-0098-24-PDF.pdf.txt,12104,12104,12108,0,,True
courts-coa-RII-25-18-Judgment-draft-rectified-1.pdf,official_courts,data/legal-sources/library/case-law/courts/coa/RII-25-18-Judgment-draft-rectified-1.pdf.txt,45417,45417,45445,0,,True
courts-coa-RII-27-22-JUDGMENT.pdf,official_courts,data/legal-sources/library/case-law/courts/coa/RII-27-22-JUDGMENT.pdf.txt,12473,12473,12389,0,,True
courts-coa-RII-35-23-2.pdf,official_courts,data/legal-sources/library/case-law/courts/coa/RII-35-23-2.pdf.txt,103901,103901,103952,0,,True
courts-coa-RII-39-23-Final-Print.pdf,official_courts,data/legal-sources/library/case-law/courts/coa/RII-39-23-Final-Print.pdf.txt,25092,25092,24865,0,,True
courts-coa-TAX-05-21.pdf,official_courts,data/legal-sources/library/case-law/courts/coa/TAX-05-21.pdf.txt,45631,45631,45679,0,,True
courts-coa-TAX-15-20-TAX-22-23-Judgment.pdf,official_courts,data/legal-sources/library/case-law/courts/coa/TAX-15-20-TAX-22-23-Judgment.pdf.txt,60875,60875,60438,0,,True
courts-coa-TAX-96-24.pdf,official_courts,data/legal-sources/library/case-law/courts/coa/TAX-96-24.pdf.txt,30625,30625,30388,0,,True
courts-coa-WRIT-0810-24.pdf,official_courts,data/legal-sources/library/case-law/courts/coa/WRIT-0810-24.pdf.txt,14510,14510,14510,0,,True
courts-coa-WRT-0012-19-1.pdf,official_courts,data/legal-sources/library/case-law/courts/coa/WRT-0012-19-1.pdf.txt,34622,34622,34624,0,,True
courts-coa-WRT-0028-24-Kalutota-Finance-Judgment-Order.pdf,official_courts,data/legal-sources/library/case-law/courts/coa/WRT-0028-24-Kalutota-Finance-Judgment-Order.pdf.txt,17493,17493,17493,0,,True
courts-coa-WRT-0054-20.pdf,official_courts,data/legal-sources/library/case-law/courts/coa/WRT-0054-20.pdf.txt,14018,14018,14018,0,,True
courts-coa-WRT-0247-15.pdf,official_courts,data/legal-sources/library/case-law/courts/coa/WRT-0247-15.pdf.txt,46256,46256,46256,0,,True
courts-coa-WRT-0365-21.pdf,official_courts,data/legal-sources/library/case-law/courts/coa/WRT-0365-21.pdf.txt,18202,18202,18077,0,,True
courts-coa-WRT-0380-18.pdf,official_courts,data/legal-sources/library/case-law/courts/coa/WRT-0380-18.pdf.txt,21423,21423,21423,0,,True
courts-coa-WRT-0529-25-NIPO-Director-General-Final.pdf,official_courts,data/legal-sources/library/case-law/courts/coa/WRT-0529-25-NIPO-Director-General-Final.pdf.txt,69201,69201,69207,0,,True
courts-coa-WRT-0542-25.pdf,official_courts,data/legal-sources/library/case-law/courts/coa/WRT-0542-25.pdf.txt,15608,15608,15610,0,,True
courts-coa-WRT-113-24-JUDGMENT-1.pdf,official_courts,data/legal-sources/library/case-law/courts/coa/WRT-113-24-JUDGMENT-1.pdf.txt,9901,9901,9809,0,,True
courts-coa-WRT-113-24-JUDGMENT.pdf,official_courts,data/legal-sources/library/case-law/courts/coa/WRT-113-24-JUDGMENT.pdf.txt,9901,9901,9809,0,,True
courts-coa-WRT-151-21.pdf,official_courts,data/legal-sources/library/case-law/courts/coa/WRT-151-21.pdf.txt,15741,15741,15741,0,,True
courts-coa-WRT-151-23-JUDGMENT-1.pdf,official_courts,data/legal-sources/library/case-law/courts/coa/WRT-151-23-JUDGMENT-1.pdf.txt,9000,9000,8928,0,,True
courts-coa-WRT-219-19.pdf,official_courts,data/legal-sources/library/case-law/courts/coa/WRT-219-19.pdf.txt,6779,6779,6731,0,,True
courts-coa-WRT-224-20-1.pdf,official_courts,data/legal-sources/library/case-law/courts/coa/WRT-224-20-1.pdf.txt,28195,28195,28195,0,,True
courts-coa-WRT-260-23-JUDGMENT-1.pdf,official_courts,data/legal-sources/library/case-law/courts/coa/WRT-260-23-JUDGMENT-1.pdf.txt,12195,12195,12064,0,,True
courts-coa-WRT-294-23-JUDGMENT-1.pdf,official_courts,data/legal-sources/library/case-law/courts/coa/WRT-294-23-JUDGMENT-1.pdf.txt,30521,30521,30250,0,,True
courts-coa-WRT-300-23-JUDGMENT.pdf,official_courts,data/legal-sources/library/case-law/courts/coa/WRT-300-23-JUDGMENT.pdf.txt,6656,6656,6572,0,,True
courts-coa-WRT-319-24.pdf,official_courts,data/legal-sources/library/case-law/courts/coa/WRT-319-24.pdf.txt,14290,14290,14290,0,,True
courts-coa-WRT-320-24.pdf,official_courts,data/legal-sources/library/case-law/courts/coa/WRT-320-24.pdf.txt,14398,14398,14398,0,,True
courts-coa-WRT-323-24.pdf,official_courts,data/legal-sources/library/case-law/courts/coa/WRT-323-24.pdf.txt,18690,18690,18690,0,,True
courts-coa-WRT-330-23-JUDGMENT.pdf,official_courts,data/legal-sources/library/case-law/courts/coa/WRT-330-23-JUDGMENT.pdf.txt,10503,10503,10407,0,,True
courts-coa-WRT-497-23-JUDGMENT.pdf,official_courts,data/legal-sources/library/case-law/courts/coa/WRT-497-23-JUDGMENT.pdf.txt,13097,13097,12966,0,,True
courts-coa-WRT-505-21.pdf,official_courts,data/legal-sources/library/case-law/courts/coa/WRT-505-21.pdf.txt,19843,19843,19845,0,,True
courts-coa-WRT-507-23-1.pdf,official_courts,data/legal-sources/library/case-law/courts/coa/WRT-507-23-1.pdf.txt,6973,6973,6913,0,,True
courts-coa-WRT-577-23.pdf,official_courts,data/legal-sources/library/case-law/courts/coa/WRT-577-23.pdf.txt,11421,11421,11421,0,,True
courts-coa-WRT-620-23-JUDGMENT.pdf,official_courts,data/legal-sources/library/case-law/courts/coa/WRT-620-23-JUDGMENT.pdf.txt,21130,21130,20943,0,,True
courts-coa-WRT-627-23.pdf,official_courts,data/legal-sources/library/case-law/courts/coa/WRT-627-23.pdf.txt,23336,23336,23336,0,,True
courts-coa-WRT-666-23-JUDGEMNT.pdf,official_courts,data/legal-sources/library/case-law/courts/coa/WRT-666-23-JUDGEMNT.pdf.txt,18349,18349,18204,0,,True
courts-coa-WRT-675-24.pdf,official_courts,data/legal-sources/library/case-law/courts/coa/WRT-675-24.pdf.txt,39399,39399,39384,0,,True
courts-coa-WRT-741-23.pdf,official_courts,data/legal-sources/library/case-law/courts/coa/WRT-741-23.pdf.txt,17412,17412,17412,0,,True
courts-coa-WRT-796-25.pdf,official_courts,data/legal-sources/library/case-law/courts/coa/WRT-796-25.pdf.txt,21570,21570,21570,0,,True
courts-coa-WRT-821-23-JUDGMENT-1.pdf,official_courts,data/legal-sources/library/case-law/courts/coa/WRT-821-23-JUDGMENT-1.pdf.txt,13965,13965,13857,0,,True
courts-coa-Writ-11-20-1.pdf,official_courts,data/legal-sources/library/case-law/courts/coa/Writ-11-20-1.pdf.txt,16019,16019,16019,0,,True
courts-coa-Writ-123-20-.pdf,official_courts,data/legal-sources/library/case-law/courts/coa/Writ-123-20-.pdf.txt,22473,22473,22481,0,,True
courts-coa-Writ-143-22.pdf,official_courts,data/legal-sources/library/case-law/courts/coa/Writ-143-22.pdf.txt,29894,29894,29893,0,,True
courts-coa-Writ-152-24.pdf,official_courts,data/legal-sources/library/case-law/courts/coa/Writ-152-24.pdf.txt,21504,21504,21504,0,,True
courts-coa-Writ-188-22.pdf,official_courts,data/legal-sources/library/case-law/courts/coa/Writ-188-22.pdf.txt,33201,33201,33203,0,,True
courts-coa-Writ-416-24-final.pdf,official_courts,data/legal-sources/library/case-law/courts/coa/Writ-416-24-final.pdf.txt,24148,24148,24152,0,,True
courts-coa-Writ-501-23.pdf,official_courts,data/legal-sources/library/case-law/courts/coa/Writ-501-23.pdf.txt,32959,32959,32959,0,,True
courts-coa-bor-02-19-final.pdf,official_courts,data/legal-sources/library/case-law/courts/coa/bor-02-19-final.pdf.txt,20834,20834,20836,0,,True
courts-coa-c.a-dc-1045_99.pdf,official_courts,data/legal-sources/library/case-law/courts/coa/c.a-dc-1045_99.pdf.txt,25777,25777,25777,0,,True
courts-coa-c.a-dcf-642-99.pdf,official_courts,data/legal-sources/library/case-law/courts/coa/c.a-dcf-642-99.pdf.txt,66349,66349,66349,0,,True
courts-coa-c.a.-dc_343_95.pdf,official_courts,data/legal-sources/library/case-law/courts/coa/c.a.-dc_343_95.pdf.txt,4882,4882,4882,0,,True
courts-coa-ca-1130-99-10.01.19.pdf,official_courts,data/legal-sources/library/case-law/courts/coa/ca-1130-99-10.01.19.pdf.txt,9997,9997,9997,0,,True
courts-coa-ca-401-95-10.0119.pdf,official_courts,data/legal-sources/library/case-law/courts/coa/ca-401-95-10.0119.pdf.txt,4800,4800,4800,0,,True
courts-coa-ca-472-97-16.01.19.pdf,official_courts,data/legal-sources/library/case-law/courts/coa/ca-472-97-16.01.19.pdf.txt,9369,9369,9369,0,,True
courts-coa-ca-789-97-dc-avissawala-31.01.19.pdf,official_courts,data/legal-sources/library/case-law/courts/coa/ca-789-97-dc-avissawala-31.01.19.pdf.txt,8978,8978,8978,0,,True
courts-coa-ca-793-96-kaluthara-31.01.19.pdf,official_courts,data/legal-sources/library/case-law/courts/coa/ca-793-96-kaluthara-31.01.19.pdf.txt,8706,8706,8706,0,,True
courts-coa-ca-dc-embilipitiya-1000-96f.pdf,official_courts,data/legal-sources/library/case-law/courts/coa/ca-dc-embilipitiya-1000-96f.pdf.txt,1616,1616,1616,0,,True
courts-coa-ca-dc-galle-993-97f-1.pdf,official_courts,data/legal-sources/library/case-law/courts/coa/ca-dc-galle-993-97f-1.pdf.txt,6441,6441,6441,0,,True
courts-coa-ca-dc-horana-564-96f-1.pdf,official_courts,data/legal-sources/library/case-law/courts/coa/ca-dc-horana-564-96f-1.pdf.txt,6906,6906,6906,0,,True
courts-coa-ca-dc-kuliyapitiya-595-94f.pdf,official_courts,data/legal-sources/library/case-law/courts/coa/ca-dc-kuliyapitiya-595-94f.pdf.txt,6155,6155,6155,0,,True
courts-coa-ca-dc_71_97.pdf,official_courts,data/legal-sources/library/case-law/courts/coa/ca-dc_71_97.pdf.txt,6853,6853,6757,0,,True
courts-coa-ca-phc-122_18-1.pdf,official_courts,data/legal-sources/library/case-law/courts/coa/ca-phc-122_18-1.pdf.txt,17781,17781,17649,0,,True
courts-coa-ca-writ.387.17-pdf.pdf,official_courts,data/legal-sources/library/case-law/courts/coa/ca-writ.387.17-pdf.pdf.txt,74422,74422,74422,0,,True
courts-coa-ca-wrt-205-20.pdf,official_courts,data/legal-sources/library/case-law/courts/coa/ca-wrt-205-20.pdf.txt,18256,18256,18256,0,,True
courts-coa-ca-wrt_265.12-final.pdf,official_courts,data/legal-sources/library/case-law/courts/coa/ca-wrt_265.12-final.pdf.txt,25331,25331,25331,0,,True
courts-coa-ca.-wrt_161.16.final_.pdf,official_courts,data/legal-sources/library/case-law/courts/coa/ca.-wrt_161.16.final_.pdf.txt,14688,14688,14688,0,,True
courts-coa-ca.50.14.final_.pdf,official_courts,data/legal-sources/library/case-law/courts/coa/ca.50.14.final_.pdf.txt,41507,41507,41507,0,,True
courts-coa-ca.66.13.final_.pdf,official_courts,data/legal-sources/library/case-law/courts/coa/ca.66.13.final_.pdf.txt,122227,122227,122235,0,,True
courts-coa-ca.phc_.65.03.final_.pdf,official_courts,data/legal-sources/library/case-law/courts/coa/ca.phc_.65.03.final_.pdf.txt,26970,26970,26972,0,,True
courts-coa-ca_388_06.pdf,official_courts,data/legal-sources/library/case-law/courts/coa/ca_388_06.pdf.txt,6654,6654,6654,0,,True
courts-coa-ca_462_96.pdf,official_courts,data/legal-sources/library/case-law/courts/coa/ca_462_96.pdf.txt,3695,3695,3695,0,,True
courts-coa-ca_dc_08_99.pdf,official_courts,data/legal-sources/library/case-law/courts/coa/ca_dc_08_99.pdf.txt,11451,11451,11451,0,,True
courts-coa-ca_dc_1018_98.pdf,official_courts,data/legal-sources/library/case-law/courts/coa/ca_dc_1018_98.pdf.txt,7116,7116,7116,0,,True
courts-coa-ca_dc_1160_00.pdf,official_courts,data/legal-sources/library/case-law/courts/coa/ca_dc_1160_00.pdf.txt,13441,13441,13441,0,,True
courts-coa-ca_dc_1187_98.pdf,official_courts,data/legal-sources/library/case-law/courts/coa/ca_dc_1187_98.pdf.txt,8241,8241,8241,0,,True
courts-coa-ca_dc_1217_00.pdf,official_courts,data/legal-sources/library/case-law/courts/coa/ca_dc_1217_00.pdf.txt,29460,29460,29460,0,,True
courts-coa-ca_dc_1234_96.pdf,official_courts,data/legal-sources/library/case-law/courts/coa/ca_dc_1234_96.pdf.txt,7755,7755,7755,0,,True
courts-coa-ca_dc_1249_99.pdf,official_courts,data/legal-sources/library/case-law/courts/coa/ca_dc_1249_99.pdf.txt,6848,6848,6848,0,,True
courts-coa-ca_dc_1277_99.pdf,official_courts,data/legal-sources/library/case-law/courts/coa/ca_dc_1277_99.pdf.txt,11269,11269,11269,0,,True
courts-coa-ca_dc_1288_99.pdf,official_courts,data/legal-sources/library/case-law/courts/coa/ca_dc_1288_99.pdf.txt,8002,8002,8002,0,,True
courts-coa-ca_dc_208_98.pdf,official_courts,data/legal-sources/library/case-law/courts/coa/ca_dc_208_98.pdf.txt,6235,6235,6235,0,,True
courts-coa-ca_dc_213_97.pdf,official_courts,data/legal-sources/library/case-law/courts/coa/ca_dc_213_97.pdf.txt,5852,5852,5852,0,,True
courts-coa-ca_dc_242_99.pdf,official_courts,data/legal-sources/library/case-law/courts/coa/ca_dc_242_99.pdf.txt,11494,11494,11494,0,,True
courts-coa-ca_dc_320_96.pdf,official_courts,data/legal-sources/library/case-law/courts/coa/ca_dc_320_96.pdf.txt,6670,6670,6670,0,,True
courts-coa-ca_dc_344_99.pdf,official_courts,data/legal-sources/library/case-law/courts/coa/ca_dc_344_99.pdf.txt,12141,12141,12141,0,,True
courts-coa-ca_dc_346_97.pdf,official_courts,data/legal-sources/library/case-law/courts/coa/ca_dc_346_97.pdf.txt,6994,6994,6994,0,,True
courts-coa-ca_dc_374_00.pdf,official_courts,data/legal-sources/library/case-law/courts/coa/ca_dc_374_00.pdf.txt,23195,23195,23195,0,,True
courts-coa-ca_dc_479_98.pdf,official_courts,data/legal-sources/library/case-law/courts/coa/ca_dc_479_98.pdf.txt,16638,16638,16638,0,,True
courts-coa-ca_dc_484_97.pdf,official_courts,data/legal-sources/library/case-law/courts/coa/ca_dc_484_97.pdf.txt,5390,5390,5390,0,,True
courts-coa-ca_dc_509_97.pdf,official_courts,data/legal-sources/library/case-law/courts/coa/ca_dc_509_97.pdf.txt,11530,11530,11530,0,,True
courts-coa-ca_dc_513_98.pdf,official_courts,data/legal-sources/library/case-law/courts/coa/ca_dc_513_98.pdf.txt,8406,8406,8406,0,,True
courts-coa-ca_dc_529_96.pdf,official_courts,data/legal-sources/library/case-law/courts/coa/ca_dc_529_96.pdf.txt,7914,7914,7914,0,,True
courts-coa-ca_dc_541_00.pdf,official_courts,data/legal-sources/library/case-law/courts/coa/ca_dc_541_00.pdf.txt,7193,7193,7193,0,,True
courts-coa-ca_dc_542_97.pdf,official_courts,data/legal-sources/library/case-law/courts/coa/ca_dc_542_97.pdf.txt,5399,5399,5399,0,,True
courts-coa-ca_dc_54_99.pdf,official_courts,data/legal-sources/library/case-law/courts/coa/ca_dc_54_99.pdf.txt,14417,14417,14417,0,,True
courts-coa-ca_dc_555_94.pdf,official_courts,data/legal-sources/library/case-law/courts/coa/ca_dc_555_94.pdf.txt,12087,12087,12087,0,,True
courts-coa-ca_dc_629_97.pdf,official_courts,data/legal-sources/library/case-law/courts/coa/ca_dc_629_97.pdf.txt,6174,6174,6174,0,,True
courts-coa-ca_dc_643_99.pdf,official_courts,data/legal-sources/library/case-law/courts/coa/ca_dc_643_99.pdf.txt,9752,9752,9752,0,,True
courts-coa-ca_dc_692_00.pdf,official_courts,data/legal-sources/library/case-law/courts/coa/ca_dc_692_00.pdf.txt,8239,8239,8239,0,,True
courts-coa-ca_dc_702_89.pdf,official_courts,data/legal-sources/library/case-law/courts/coa/ca_dc_702_89.pdf.txt,6363,6363,6363,0,,True
courts-coa-ca_dc_711_96.pdf,official_courts,data/legal-sources/library/case-law/courts/coa/ca_dc_711_96.pdf.txt,14651,14651,14651,0,,True
courts-coa-ca_dc_712_97.pdf,official_courts,data/legal-sources/library/case-law/courts/coa/ca_dc_712_97.pdf.txt,5984,5984,5984,0,,True
courts-coa-ca_dc_727_93.pdf,official_courts,data/legal-sources/library/case-law/courts/coa/ca_dc_727_93.pdf.txt,7212,7212,7212,0,,True
courts-coa-ca_dc_730-732_93.pdf,official_courts,data/legal-sources/library/case-law/courts/coa/ca_dc_730-732_93.pdf.txt,8408,8408,8408,0,,True
courts-coa-ca_dc_73_99.pdf,official_courts,data/legal-sources/library/case-law/courts/coa/ca_dc_73_99.pdf.txt,17524,17524,17524,0,,True
courts-coa-ca_dc_764_99.pdf,official_courts,data/legal-sources/library/case-law/courts/coa/ca_dc_764_99.pdf.txt,12565,12565,12565,0,,True
courts-coa-ca_dc_778_97.pdf,official_courts,data/legal-sources/library/case-law/courts/coa/ca_dc_778_97.pdf.txt,8327,8327,8327,0,,True
courts-coa-ca_dc_788_97.pdf,official_courts,data/legal-sources/library/case-law/courts/coa/ca_dc_788_97.pdf.txt,9273,9273,9273,0,,True
courts-coa-ca_dc_791_97.pdf,official_courts,data/legal-sources/library/case-law/courts/coa/ca_dc_791_97.pdf.txt,9390,9390,9390,0,,True
courts-coa-ca_dc_797-798_96.pdf,official_courts,data/legal-sources/library/case-law/courts/coa/ca_dc_797-798_96.pdf.txt,5754,5754,5754,0,,True
courts-coa-ca_dc_823_98.pdf,official_courts,data/legal-sources/library/case-law/courts/coa/ca_dc_823_98.pdf.txt,16515,16515,16515,0,,True
courts-coa-ca_dc_841_00.pdf,official_courts,data/legal-sources/library/case-law/courts/coa/ca_dc_841_00.pdf.txt,17417,17417,17417,0,,True
courts-coa-ca_dc_844_95.pdf,official_courts,data/legal-sources/library/case-law/courts/coa/ca_dc_844_95.pdf.txt,16663,16663,16663,0,,True
courts-coa-ca_dc_846_97.pdf,official_courts,data/legal-sources/library/case-law/courts/coa/ca_dc_846_97.pdf.txt,4220,4220,4220,0,,True
courts-coa-ca_dc_847_97.pdf,official_courts,data/legal-sources/library/case-law/courts/coa/ca_dc_847_97.pdf.txt,5419,5419,5419,0,,True
courts-coa-ca_dc_853_99.pdf,official_courts,data/legal-sources/library/case-law/courts/coa/ca_dc_853_99.pdf.txt,24693,24693,24693,0,,True
courts-coa-ca_dc_855_97.pdf,official_courts,data/legal-sources/library/case-law/courts/coa/ca_dc_855_97.pdf.txt,12684,12684,12684,0,,True
courts-coa-ca_dc_880_97.pdf,official_courts,data/legal-sources/library/case-law/courts/coa/ca_dc_880_97.pdf.txt,7540,7540,7540,0,,True
courts-coa-ca_dc_882_97.pdf,official_courts,data/legal-sources/library/case-law/courts/coa/ca_dc_882_97.pdf.txt,5885,5885,5885,0,,True
courts-coa-ca_dc_932_97.pdf,official_courts,data/legal-sources/library/case-law/courts/coa/ca_dc_932_97.pdf.txt,6350,6350,6350,0,,True
courts-coa-ca_dc_anuradhapura_1112_98.pdf,official_courts,data/legal-sources/library/case-law/courts/coa/ca_dc_anuradhapura_1112_98.pdf.txt,2830,2830,2830,0,,True
courts-coa-ca_dc_anuradhapura_254_96.pdf,official_courts,data/legal-sources/library/case-law/courts/coa/ca_dc_anuradhapura_254_96.pdf.txt,9846,9846,9846,0,,True
courts-coa-ca_dc_awissawella_896_99.pdf,official_courts,data/legal-sources/library/case-law/courts/coa/ca_dc_awissawella_896_99.pdf.txt,7590,7590,7590,0,,True
courts-coa-ca_dc_awissawella_897_99.pdf,official_courts,data/legal-sources/library/case-law/courts/coa/ca_dc_awissawella_897_99.pdf.txt,6080,6080,6080,0,,True
courts-coa-ca_dc_badulla_1162_99.pdf,official_courts,data/legal-sources/library/case-law/courts/coa/ca_dc_badulla_1162_99.pdf.txt,12690,12690,12690,0,,True
courts-coa-ca_dc_balapitiya_1188_96.pdf,official_courts,data/legal-sources/library/case-law/courts/coa/ca_dc_balapitiya_1188_96.pdf.txt,3872,3872,3872,0,,True
courts-coa-ca_dc_balapitiya_347_00.pdf,official_courts,data/legal-sources/library/case-law/courts/coa/ca_dc_balapitiya_347_00.pdf.txt,3033,3033,3033,0,,True
courts-coa-ca_dc_balapitiya_830_98.pdf,official_courts,data/legal-sources/library/case-law/courts/coa/ca_dc_balapitiya_830_98.pdf.txt,17126,17126,17126,0,,True
courts-coa-ca_dc_batticaloa_968_96_f.pdf,official_courts,data/legal-sources/library/case-law/courts/coa/ca_dc_batticaloa_968_96_f.pdf.txt,5659,5659,5659,0,,True
courts-coa-ca_dc_colombo_04_97.pdf,official_courts,data/legal-sources/library/case-law/courts/coa/ca_dc_colombo_04_97.pdf.txt,11480,11480,11480,0,,True
courts-coa-ca_dc_colombo_1223_96.pdf,official_courts,data/legal-sources/library/case-law/courts/coa/ca_dc_colombo_1223_96.pdf.txt,3498,3498,3498,0,,True
courts-coa-ca_dc_colombo_16_99.pdf,official_courts,data/legal-sources/library/case-law/courts/coa/ca_dc_colombo_16_99.pdf.txt,6844,6844,6844,0,,True
courts-coa-ca_dc_colombo_326_98.pdf,official_courts,data/legal-sources/library/case-law/courts/coa/ca_dc_colombo_326_98.pdf.txt,2588,2588,2588,0,,True
courts-coa-ca_dc_colombo_402_99.pdf,official_courts,data/legal-sources/library/case-law/courts/coa/ca_dc_colombo_402_99.pdf.txt,18560,18560,18560,0,,True
courts-coa-ca_dc_colombo_411_97.pdf,official_courts,data/legal-sources/library/case-law/courts/coa/ca_dc_colombo_411_97.pdf.txt,33586,33586,33586,0,,True
courts-coa-ca_dc_colombo_415_98.pdf,official_courts,data/legal-sources/library/case-law/courts/coa/ca_dc_colombo_415_98.pdf.txt,4122,4122,4122,0,,True
courts-coa-ca_dc_colombo_713_00.pdf,official_courts,data/legal-sources/library/case-law/courts/coa/ca_dc_colombo_713_00.pdf.txt,18893,18893,18893,0,,True
courts-coa-ca_dc_colombo_75_98.pdf,official_courts,data/legal-sources/library/case-law/courts/coa/ca_dc_colombo_75_98.pdf.txt,3589,3589,3589,0,,True
courts-coa-ca_dc_colombo_780_98.pdf,official_courts,data/legal-sources/library/case-law/courts/coa/ca_dc_colombo_780_98.pdf.txt,6003,6003,6003,0,,True
courts-coa-ca_dc_colombo_907_99.pdf,official_courts,data/legal-sources/library/case-law/courts/coa/ca_dc_colombo_907_99.pdf.txt,10860,10860,10860,0,,True
courts-coa-ca_dc_galle_1101_98.pdf,official_courts,data/legal-sources/library/case-law/courts/coa/ca_dc_galle_1101_98.pdf.txt,6543,6543,6543,0,,True
courts-coa-ca_dc_galle_1186_98.pdf,official_courts,data/legal-sources/library/case-law/courts/coa/ca_dc_galle_1186_98.pdf.txt,5410,5410,5410,0,,True
courts-coa-ca_dc_galle_1212_98.pdf,official_courts,data/legal-sources/library/case-law/courts/coa/ca_dc_galle_1212_98.pdf.txt,14151,14151,14151,0,,True
courts-coa-ca_dc_galle_123_92.pdf,official_courts,data/legal-sources/library/case-law/courts/coa/ca_dc_galle_123_92.pdf.txt,20548,20548,20550,0,,True
courts-coa-ca_dc_galle_123_99.pdf,official_courts,data/legal-sources/library/case-law/courts/coa/ca_dc_galle_123_99.pdf.txt,6606,6606,6606,0,,True
courts-coa-ca_dc_galle_1248_98.pdf,official_courts,data/legal-sources/library/case-law/courts/coa/ca_dc_galle_1248_98.pdf.txt,7808,7808,7808,0,,True
courts-coa-ca_dc_galle_1252_98.pdf,official_courts,data/legal-sources/library/case-law/courts/coa/ca_dc_galle_1252_98.pdf.txt,5511,5511,5511,0,,True
courts-coa-ca_dc_galle_1292_98.pdf,official_courts,data/legal-sources/library/case-law/courts/coa/ca_dc_galle_1292_98.pdf.txt,2947,2947,2947,0,,True
courts-coa-ca_dc_galle_1330_96.pdf,official_courts,data/legal-sources/library/case-law/courts/coa/ca_dc_galle_1330_96.pdf.txt,13334,13334,13334,0,,True
courts-coa-ca_dc_galle_1331_96.pdf,official_courts,data/legal-sources/library/case-law/courts/coa/ca_dc_galle_1331_96.pdf.txt,5977,5977,5977,0,,True
courts-coa-ca_dc_galle_199_98.pdf,official_courts,data/legal-sources/library/case-law/courts/coa/ca_dc_galle_199_98.pdf.txt,4860,4860,4860,0,,True
courts-coa-ca_dc_galle_412_93.pdf,official_courts,data/legal-sources/library/case-law/courts/coa/ca_dc_galle_412_93.pdf.txt,4262,4262,4262,0,,True
courts-coa-ca_dc_galle_563_98.pdf,official_courts,data/legal-sources/library/case-law/courts/coa/ca_dc_galle_563_98.pdf.txt,17074,17074,17074,0,,True
courts-coa-ca_dc_gampaha_1133_00.pdf,official_courts,data/legal-sources/library/case-law/courts/coa/ca_dc_gampaha_1133_00.pdf.txt,4100,4100,4100,0,,True
courts-coa-ca_dc_gampaha_1240_00.pdf,official_courts,data/legal-sources/library/case-law/courts/coa/ca_dc_gampaha_1240_00.pdf.txt,6201,6201,6201,0,,True
courts-coa-ca_dc_gampaha_84_98.pdf,official_courts,data/legal-sources/library/case-law/courts/coa/ca_dc_gampaha_84_98.pdf.txt,12239,12239,12239,0,,True
courts-coa-ca_dc_gampaha_957_98.pdf,official_courts,data/legal-sources/library/case-law/courts/coa/ca_dc_gampaha_957_98.pdf.txt,10654,10654,10654,0,,True
courts-coa-ca_dc_hambanthota_996_98.pdf,official_courts,data/legal-sources/library/case-law/courts/coa/ca_dc_hambanthota_996_98.pdf.txt,6336,6336,6336,0,,True
courts-coa-ca_dc_homagama_1113_98.pdf,official_courts,data/legal-sources/library/case-law/courts/coa/ca_dc_homagama_1113_98.pdf.txt,3402,3402,3402,0,,True
courts-coa-ca_dc_horana_1064-1065-1067_98.pdf,official_courts,data/legal-sources/library/case-law/courts/coa/ca_dc_horana_1064-1065-1067_98.pdf.txt,9508,9508,9508,0,,True
courts-coa-ca_dc_horana_1068_98.pdf,official_courts,data/legal-sources/library/case-law/courts/coa/ca_dc_horana_1068_98.pdf.txt,8874,8874,8874,0,,True
courts-coa-ca_dc_horana_1196-ab_96.pdf,official_courts,data/legal-sources/library/case-law/courts/coa/ca_dc_horana_1196-ab_96.pdf.txt,3378,3378,3378,0,,True
courts-coa-ca_dc_horana_246_98.pdf,official_courts,data/legal-sources/library/case-law/courts/coa/ca_dc_horana_246_98.pdf.txt,6377,6377,6377,0,,True
courts-coa-ca_dc_horana_960_98.pdf,official_courts,data/legal-sources/library/case-law/courts/coa/ca_dc_horana_960_98.pdf.txt,3106,3106,3106,0,,True
courts-coa-ca_dc_kalutara_379_97.pdf,official_courts,data/legal-sources/library/case-law/courts/coa/ca_dc_kalutara_379_97.pdf.txt,6968,6968,6968,0,,True
courts-coa-ca_dc_kalutara_534_95.pdf,official_courts,data/legal-sources/library/case-law/courts/coa/ca_dc_kalutara_534_95.pdf.txt,8133,8133,8133,0,,True
courts-coa-ca_dc_kalutara_625_95_f.pdf,official_courts,data/legal-sources/library/case-law/courts/coa/ca_dc_kalutara_625_95_f.pdf.txt,12295,12295,12295,0,,True
courts-coa-ca_dc_kalutara_628-628a_98.pdf,official_courts,data/legal-sources/library/case-law/courts/coa/ca_dc_kalutara_628-628a_98.pdf.txt,4691,4691,4691,0,,True
courts-coa-ca_dc_kalutara_957_00.pdf,official_courts,data/legal-sources/library/case-law/courts/coa/ca_dc_kalutara_957_00.pdf.txt,5785,5785,5785,0,,True
courts-coa-ca_dc_kandy_1102_98.pdf,official_courts,data/legal-sources/library/case-law/courts/coa/ca_dc_kandy_1102_98.pdf.txt,8185,8185,8185,0,,True
courts-coa-ca_dc_kandy_676_98.pdf,official_courts,data/legal-sources/library/case-law/courts/coa/ca_dc_kandy_676_98.pdf.txt,12913,12913,12913,0,,True
courts-coa-ca_dc_kegalle_1154_00.pdf,official_courts,data/legal-sources/library/case-law/courts/coa/ca_dc_kegalle_1154_00.pdf.txt,2300,2300,2300,0,,True
courts-coa-ca_dc_kegalle_320_99.pdf,official_courts,data/legal-sources/library/case-law/courts/coa/ca_dc_kegalle_320_99.pdf.txt,1829,1829,1829,0,,True
courts-coa-ca_dc_kegalle_676_97.pdf,official_courts,data/legal-sources/library/case-law/courts/coa/ca_dc_kegalle_676_97.pdf.txt,2776,2776,2776,0,,True
courts-coa-ca_dc_kegalle_684_98.pdf,official_courts,data/legal-sources/library/case-law/courts/coa/ca_dc_kegalle_684_98.pdf.txt,7228,7228,7228,0,,True
courts-coa-ca_dc_kegalle_710_96.pdf,official_courts,data/legal-sources/library/case-law/courts/coa/ca_dc_kegalle_710_96.pdf.txt,4452,4452,4452,0,,True
courts-coa-ca_dc_kegalle_842_99.pdf,official_courts,data/legal-sources/library/case-law/courts/coa/ca_dc_kegalle_842_99.pdf.txt,10304,10304,10304,0,,True
courts-coa-ca_dc_kuliyapitiya_293_00.pdf,official_courts,data/legal-sources/library/case-law/courts/coa/ca_dc_kuliyapitiya_293_00.pdf.txt,3262,3262,3262,0,,True
courts-coa-ca_dc_kuliyapitiya_505_98.pdf,official_courts,data/legal-sources/library/case-law/courts/coa/ca_dc_kuliyapitiya_505_98.pdf.txt,3282,3282,3282,0,,True
courts-coa-ca_dc_kurunegala_117_98.pdf,official_courts,data/legal-sources/library/case-law/courts/coa/ca_dc_kurunegala_117_98.pdf.txt,13000,13000,13000,0,,True
courts-coa-ca_dc_kurunegala_185_98.pdf,official_courts,data/legal-sources/library/case-law/courts/coa/ca_dc_kurunegala_185_98.pdf.txt,4622,4622,4622,0,,True
courts-coa-ca_dc_kurunegala_69_98.pdf,official_courts,data/legal-sources/library/case-law/courts/coa/ca_dc_kurunegala_69_98.pdf.txt,3542,3542,3542,0,,True
courts-coa-ca_dc_mathugama_40_98.pdf,official_courts,data/legal-sources/library/case-law/courts/coa/ca_dc_mathugama_40_98.pdf.txt,7038,7038,7038,0,,True
courts-coa-ca_dc_mathugama_879_98-1.pdf,official_courts,data/legal-sources/library/case-law/courts/coa/ca_dc_mathugama_879_98-1.pdf.txt,8566,8566,8566,0,,True
courts-coa-ca_dc_mt.lavinia_1125_98.pdf,official_courts,data/legal-sources/library/case-law/courts/coa/ca_dc_mt.lavinia_1125_98.pdf.txt,25877,25877,25877,0,,True
courts-coa-ca_dc_mt.lavinia_131_96.pdf,official_courts,data/legal-sources/library/case-law/courts/coa/ca_dc_mt.lavinia_131_96.pdf.txt,5909,5909,5909,0,,True
courts-coa-ca_dc_mt.lavinia_175_98.pdf,official_courts,data/legal-sources/library/case-law/courts/coa/ca_dc_mt.lavinia_175_98.pdf.txt,11676,11676,11676,0,,True
courts-coa-ca_dc_mt.lavinia_239_240_95.pdf,official_courts,data/legal-sources/library/case-law/courts/coa/ca_dc_mt.lavinia_239_240_95.pdf.txt,6960,6960,6960,0,,True
courts-coa-ca_dc_mt.lavinia_25_94.pdf,official_courts,data/legal-sources/library/case-law/courts/coa/ca_dc_mt.lavinia_25_94.pdf.txt,15801,15801,15801,0,,True
courts-coa-ca_dc_mt.lavinia_310_98.pdf,official_courts,data/legal-sources/library/case-law/courts/coa/ca_dc_mt.lavinia_310_98.pdf.txt,2983,2983,2983,0,,True
courts-coa-ca_dc_mt.lavinia_549_98.pdf,official_courts,data/legal-sources/library/case-law/courts/coa/ca_dc_mt.lavinia_549_98.pdf.txt,4563,4563,4563,0,,True
courts-coa-ca_dc_mt.lavinia_619_99.pdf,official_courts,data/legal-sources/library/case-law/courts/coa/ca_dc_mt.lavinia_619_99.pdf.txt,5041,5041,5041,0,,True
courts-coa-ca_dc_mt.lavinia_70_97.pdf,official_courts,data/legal-sources/library/case-law/courts/coa/ca_dc_mt.lavinia_70_97.pdf.txt,7451,7451,7451,0,,True
courts-coa-ca_dc_mt.lavinia_926_99.pdf,official_courts,data/legal-sources/library/case-law/courts/coa/ca_dc_mt.lavinia_926_99.pdf.txt,4216,4216,4216,0,,True
courts-coa-ca_dc_mt.lavinia_932_932a_98.pdf,official_courts,data/legal-sources/library/case-law/courts/coa/ca_dc_mt.lavinia_932_932a_98.pdf.txt,13791,13791,13791,0,,True
courts-coa-ca_dc_rathnapura_729_00.pdf,official_courts,data/legal-sources/library/case-law/courts/coa/ca_dc_rathnapura_729_00.pdf.txt,7199,7199,7199,0,,True
courts-coa-ca_dc_rathnapura_855_98.pdf,official_courts,data/legal-sources/library/case-law/courts/coa/ca_dc_rathnapura_855_98.pdf.txt,8785,8785,8761,0,,True
courts-coa-ca_dc_tangalle_876_98.pdf,official_courts,data/legal-sources/library/case-law/courts/coa/ca_dc_tangalle_876_98.pdf.txt,12274,12274,12274,0,,True
courts-coa-ca_dc_walasmulla_1118_98.pdf,official_courts,data/legal-sources/library/case-law/courts/coa/ca_dc_walasmulla_1118_98.pdf.txt,2917,2917,2917,0,,True
courts-coa-ca_la_15_03.pdf,official_courts,data/legal-sources/library/case-law/courts/coa/ca_la_15_03.pdf.txt,14710,14710,14710,0,,True
courts-coa-ca_phc_apn_106_15.pdf,official_courts,data/legal-sources/library/case-law/courts/coa/ca_phc_apn_106_15.pdf.txt,9685,9685,9685,0,,True
courts-coa-ca_rv_1447_06.pdf,official_courts,data/legal-sources/library/case-law/courts/coa/ca_rv_1447_06.pdf.txt,11164,11164,11164,0,,True
courts-coa-ca_writ_2107_04.pdf,official_courts,data/legal-sources/library/case-law/courts/coa/ca_writ_2107_04.pdf.txt,18170,18170,18170,0,,True
courts-coa-ca_writ_441_10.pdf,official_courts,data/legal-sources/library/case-law/courts/coa/ca_writ_441_10.pdf.txt,11358,11358,11358,0,,True
courts-coa-ca_writ_649-650_09.pdf,official_courts,data/legal-sources/library/case-law/courts/coa/ca_writ_649-650_09.pdf.txt,15169,15169,15169,0,,True
courts-coa-ca_writ_744_09.pdf,official_courts,data/legal-sources/library/case-law/courts/coa/ca_writ_744_09.pdf.txt,9366,9366,9366,0,,True
courts-coa-wrt-134-23-1.pdf,official_courts,data/legal-sources/library/case-law/courts/coa/wrt-134-23-1.pdf.txt,35450,35450,35195,0,,True
courts-coa-wrt-226-18-judgment-1.pdf,official_courts,data/legal-sources/library/case-law/courts/coa/wrt-226-18-judgment-1.pdf.txt,19332,19332,19203,0,,True
courts-coa-dcf_373_1989.pdf,official_courts,data/legal-sources/library/case-law/courts/coa/dcf_373_1989.pdf.txt,8062,8062,8002,0,,True
courts-coa-c.a-dcf-784-1992.pdf,official_courts,data/legal-sources/library/case-law/courts/coa/c.a-dcf-784-1992.pdf.txt,16949,16949,16949,0,,True
courts-coa-c.a.-dc_559_1993.pdf,official_courts,data/legal-sources/library/case-law/courts/coa/c.a.-dc_559_1993.pdf.txt,6493,6493,6493,0,,True
courts-coa-c.a-dc-555-1994-1.pdf,official_courts,data/legal-sources/library/case-law/courts/coa/c.a-dc-555-1994-1.pdf.txt,19412,19412,19364,0,,True
courts-coa-d.c._412_1995.pdf,official_courts,data/legal-sources/library/case-law/courts/coa/d.c._412_1995.pdf.txt,24245,24245,24245,0,,True
courts-coa-c.a-dcf-858-1996.pdf,official_courts,data/legal-sources/library/case-law/courts/coa/c.a-dcf-858-1996.pdf.txt,16255,16255,16207,0,,True
courts-coa-c.a.-dc_1086_1996-f-2.pdf,official_courts,data/legal-sources/library/case-law/courts/coa/c.a.-dc_1086_1996-f-2.pdf.txt,17245,17245,17161,0,,True
courts-coa-c.a.-dc_769-a-b_1996.pdf,official_courts,data/legal-sources/library/case-law/courts/coa/c.a.-dc_769-a-b_1996.pdf.txt,16158,16158,16098,0,,True
courts-coa-ca_dc_955_1996.pdf,official_courts,data/legal-sources/library/case-law/courts/coa/ca_dc_955_1996.pdf.txt,13243,13243,13243,0,,True
courts-coa-ca_dc_badulla_385_1996.pdf,official_courts,data/legal-sources/library/case-law/courts/coa/ca_dc_badulla_385_1996.pdf.txt,5052,5052,5052,0,,True
courts-coa-c.a-dc-326_1997.pdf,official_courts,data/legal-sources/library/case-law/courts/coa/c.a-dc-326_1997.pdf.txt,29970,29970,29797,0,,True
courts-coa-c.a-dc-436-1997.pdf,official_courts,data/legal-sources/library/case-law/courts/coa/c.a-dc-436-1997.pdf.txt,11701,11701,11641,0,,True
courts-coa-c.a-dc-566-1997.pdf,official_courts,data/legal-sources/library/case-law/courts/coa/c.a-dc-566-1997.pdf.txt,18130,18130,17998,0,,True
courts-coa-c.a.-dc_1043_1997.pdf,official_courts,data/legal-sources/library/case-law/courts/coa/c.a.-dc_1043_1997.pdf.txt,6231,6231,6231,0,,True
courts-coa-c.a.-dc_664_1997.pdf,official_courts,data/legal-sources/library/case-law/courts/coa/c.a.-dc_664_1997.pdf.txt,7573,7573,7575,0,,True
courts-coa-ca_dc_kurunegala_280_1997.pdf,official_courts,data/legal-sources/library/case-law/courts/coa/ca_dc_kurunegala_280_1997.pdf.txt,7647,7647,7647,0,,True
courts-coa-ca_dc_matale_635_1997.pdf,official_courts,data/legal-sources/library/case-law/courts/coa/ca_dc_matale_635_1997.pdf.txt,10274,10274,10274,0,,True
courts-coa-ca_dc_walasmulla_161_1997_f.pdf,official_courts,data/legal-sources/library/case-law/courts/coa/ca_dc_walasmulla_161_1997_f.pdf.txt,12461,12461,12461,0,,True
courts-coa-c.a-dc-785-1998.pdf,official_courts,data/legal-sources/library/case-law/courts/coa/c.a-dc-785-1998.pdf.txt,11692,11692,11692,0,,True
courts-coa-c.a.-dc_1192_1998-f.pdf,official_courts,data/legal-sources/library/case-law/courts/coa/c.a.-dc_1192_1998-f.pdf.txt,29454,29454,29281,0,,True
courts-coa-ca-dcf-859-1998.pdf,official_courts,data/legal-sources/library/case-law/courts/coa/ca-dcf-859-1998.pdf.txt,5242,5242,5242,0,,True
courts-coa-ca_dc_1295_1998.pdf,official_courts,data/legal-sources/library/case-law/courts/coa/ca_dc_1295_1998.pdf.txt,7594,7594,7594,0,,True
courts-coa-ca_dc_201_1998.pdf,official_courts,data/legal-sources/library/case-law/courts/coa/ca_dc_201_1998.pdf.txt,49023,49023,49023,0,,True
courts-coa-ca_dc_gampaha_646_1998.pdf,official_courts,data/legal-sources/library/case-law/courts/coa/ca_dc_gampaha_646_1998.pdf.txt,15214,15214,15214,0,,True
courts-coa-ca_dc_matara_63_1998.pdf,official_courts,data/legal-sources/library/case-law/courts/coa/ca_dc_matara_63_1998.pdf.txt,15833,15833,15833,0,,True
courts-coa-ca_dc_mathugama_367_1998.pdf,official_courts,data/legal-sources/library/case-law/courts/coa/ca_dc_mathugama_367_1998.pdf.txt,11166,11166,11166,0,,True
courts-coa-c.a-dc-1317-1999.pdf,official_courts,data/legal-sources/library/case-law/courts/coa/c.a-dc-1317-1999.pdf.txt,23605,23605,23487,0,,True
courts-coa-c.a-dc-135-1999f-1.pdf,official_courts,data/legal-sources/library/case-law/courts/coa/c.a-dc-135-1999f-1.pdf.txt,27892,27892,27892,0,,True
courts-coa-c.a-dc-135-1999f.pdf,official_courts,data/legal-sources/library/case-law/courts/coa/c.a-dc-135-1999f.pdf.txt,27892,27892,27892,0,,True
courts-coa-c.a-dc-466-1999.pdf,official_courts,data/legal-sources/library/case-law/courts/coa/c.a-dc-466-1999.pdf.txt,14583,14583,14523,0,,True
courts-coa-c.a-dc-581_1999-07.01.19.pdf,official_courts,data/legal-sources/library/case-law/courts/coa/c.a-dc-581_1999-07.01.19.pdf.txt,13983,13983,13989,0,,True
courts-coa-c.a-dc-986-1999.pdf,official_courts,data/legal-sources/library/case-law/courts/coa/c.a-dc-986-1999.pdf.txt,9479,9479,9419,0,,True
courts-coa-c.a-dcf-808-1999.pdf,official_courts,data/legal-sources/library/case-law/courts/coa/c.a-dcf-808-1999.pdf.txt,19774,19774,19690,0,,True
courts-coa-c.a.-dc_24_1999.pdf,official_courts,data/legal-sources/library/case-law/courts/coa/c.a.-dc_24_1999.pdf.txt,15826,15826,15826,0,,True
courts-coa-c.a.-dc_664_1999-f.pdf,official_courts,data/legal-sources/library/case-law/courts/coa/c.a.-dc_664_1999-f.pdf.txt,15064,15064,15004,0,,True
courts-coa-ca_dc_107_1999.pdf,official_courts,data/legal-sources/library/case-law/courts/coa/ca_dc_107_1999.pdf.txt,18685,18685,18685,0,,True
courts-coa-ca_dc_476_1999.pdf,official_courts,data/legal-sources/library/case-law/courts/coa/ca_dc_476_1999.pdf.txt,9846,9846,9846,0,,True
courts-coa-ca_dc_580_1999.pdf,official_courts,data/legal-sources/library/case-law/courts/coa/ca_dc_580_1999.pdf.txt,8755,8755,8755,0,,True
courts-coa-ca_dc_colombo_438_1999.pdf,official_courts,data/legal-sources/library/case-law/courts/coa/ca_dc_colombo_438_1999.pdf.txt,22134,22134,22134,0,,True
courts-coa-ca_dc_gampaha_777_1999.pdf,official_courts,data/legal-sources/library/case-law/courts/coa/ca_dc_gampaha_777_1999.pdf.txt,14365,14365,14365,0,,True
courts-coa-ca_dc_panadura_1291_1999.pdf,official_courts,data/legal-sources/library/case-law/courts/coa/ca_dc_panadura_1291_1999.pdf.txt,16552,16552,16552,0,,True
courts-coa-15.-ca-dcf-1058_2000.pdf,official_courts,data/legal-sources/library/case-law/courts/coa/15.-ca-dcf-1058_2000.pdf.txt,27304,27304,27175,0,,True
courts-coa-DCF-0541-2000-1.pdf,official_courts,data/legal-sources/library/case-law/courts/coa/DCF-0541-2000-1.pdf.txt,24963,24963,24966,0,,True
courts-coa-c.a-dc-1273_2000.pdf,official_courts,data/legal-sources/library/case-law/courts/coa/c.a-dc-1273_2000.pdf.txt,19209,19209,19064,0,,True
courts-coa-c.a-dc-1289_2000.pdf,official_courts,data/legal-sources/library/case-law/courts/coa/c.a-dc-1289_2000.pdf.txt,16320,16320,16320,0,,True
courts-coa-c.a-dc-200-2000.pdf,official_courts,data/legal-sources/library/case-law/courts/coa/c.a-dc-200-2000.pdf.txt,6500,6500,6500,0,,True
courts-coa-c.a-dc-366_2000.pdf,official_courts,data/legal-sources/library/case-law/courts/coa/c.a-dc-366_2000.pdf.txt,27121,27121,27121,0,,True
courts-coa-c.a-dc-474-2000.pdf,official_courts,data/legal-sources/library/case-law/courts/coa/c.a-dc-474-2000.pdf.txt,14101,14101,14041,0,,True
courts-coa-c.a-dc-505_2000.pdf,official_courts,data/legal-sources/library/case-law/courts/coa/c.a-dc-505_2000.pdf.txt,7261,7261,7201,0,,True
courts-coa-c.a-dc-575-2000.pdf,official_courts,data/legal-sources/library/case-law/courts/coa/c.a-dc-575-2000.pdf.txt,14047,14047,13999,0,,True
courts-coa-c.a-dc-812-2000.pdf,official_courts,data/legal-sources/library/case-law/courts/coa/c.a-dc-812-2000.pdf.txt,10994,10994,10934,0,,True
courts-coa-c.a-dc-831_2000.pdf,official_courts,data/legal-sources/library/case-law/courts/coa/c.a-dc-831_2000.pdf.txt,29122,29122,29122,0,,True
courts-coa-c.a-dc_350_2000.pdf,official_courts,data/legal-sources/library/case-law/courts/coa/c.a-dc_350_2000.pdf.txt,6615,6615,6615,0,,True
courts-coa-c.a.-dc_1233_2000-f.pdf,official_courts,data/legal-sources/library/case-law/courts/coa/c.a.-dc_1233_2000-f.pdf.txt,23815,23815,23585,0,,True
courts-coa-c.a.-dc_1344_2000.pdf,official_courts,data/legal-sources/library/case-law/courts/coa/c.a.-dc_1344_2000.pdf.txt,36699,36699,36699,0,,True
courts-coa-c.a.-dc_657_2000.pdf,official_courts,data/legal-sources/library/case-law/courts/coa/c.a.-dc_657_2000.pdf.txt,24503,24503,24371,0,,True
courts-coa-c.a.-dcf-1232-2000.pdf,official_courts,data/legal-sources/library/case-law/courts/coa/c.a.-dcf-1232-2000.pdf.txt,12283,12283,12152,0,,True
courts-coa-ca_dc_1110_2000.pdf,official_courts,data/legal-sources/library/case-law/courts/coa/ca_dc_1110_2000.pdf.txt,26024,26024,26024,0,,True
courts-coa-ca_dc_189_2000.pdf,official_courts,data/legal-sources/library/case-law/courts/coa/ca_dc_189_2000.pdf.txt,6815,6815,6815,0,,True
courts-coa-ca_dc_262_2000.pdf,official_courts,data/legal-sources/library/case-law/courts/coa/ca_dc_262_2000.pdf.txt,35061,35061,35061,0,,True
courts-coa-ca_dc_520_2000.pdf,official_courts,data/legal-sources/library/case-law/courts/coa/ca_dc_520_2000.pdf.txt,6946,6946,6946,0,,True
courts-coa-ca_dc_561_2000.pdf,official_courts,data/legal-sources/library/case-law/courts/coa/ca_dc_561_2000.pdf.txt,7542,7542,7542,0,,True
courts-coa-ca_dc_562_2000.pdf,official_courts,data/legal-sources/library/case-law/courts/coa/ca_dc_562_2000.pdf.txt,17904,17904,17904,0,,True
courts-coa-ca_dc_avissawella_604_2000.pdf,official_courts,data/legal-sources/library/case-law/courts/coa/ca_dc_avissawella_604_2000.pdf.txt,3108,3108,3108,0,,True
courts-coa-ca_dc_colombo_481_2000.pdf,official_courts,data/legal-sources/library/case-law/courts/coa/ca_dc_colombo_481_2000.pdf.txt,8816,8816,8816,0,,True
courts-coa-ca_dc_kaluthara_1050_2000.pdf,official_courts,data/legal-sources/library/case-law/courts/coa/ca_dc_kaluthara_1050_2000.pdf.txt,11265,11265,11265,0,,True
courts-coa-ca_dc_matale_827_2000.pdf,official_courts,data/legal-sources/library/case-law/courts/coa/ca_dc_matale_827_2000.pdf.txt,12492,12492,12492,0,,True
courts-coa-ca_dc_negombo_41_2000.pdf,official_courts,data/legal-sources/library/case-law/courts/coa/ca_dc_negombo_41_2000.pdf.txt,5532,5532,5532,0,,True
courts-coa-ca_la_107_2000-f.pdf,official_courts,data/legal-sources/library/case-law/courts/coa/ca_la_107_2000-f.pdf.txt,2576,2576,2576,0,,True
courts-coa-c.-a-rev-558-2001-1.pdf,official_courts,data/legal-sources/library/case-law/courts/coa/c.-a-rev-558-2001-1.pdf.txt,13273,13273,13237,0,,True
courts-coa-ca-118-2001.pdf,official_courts,data/legal-sources/library/case-law/courts/coa/ca-118-2001.pdf.txt,8338,8338,8280,0,,True
courts-coa-ca-rev.-2028-2001.pdf,official_courts,data/legal-sources/library/case-law/courts/coa/ca-rev.-2028-2001.pdf.txt,102982,102982,103008,0,,True
courts-coa-ca_dc_98_2001.pdf,official_courts,data/legal-sources/library/case-law/courts/coa/ca_dc_98_2001.pdf.txt,17853,17853,17853,0,,True
courts-coa-ca_dc_homagama_1470_2002.pdf,official_courts,data/legal-sources/library/case-law/courts/coa/ca_dc_homagama_1470_2002.pdf.txt,15107,15107,15107,0,,True
courts-coa-c.a-lta-272-2003.pdf,official_courts,data/legal-sources/library/case-law/courts/coa/c.a-lta-272-2003.pdf.txt,46952,46952,46952,0,,True
courts-coa-ca.-apn_91_2003.pdf,official_courts,data/legal-sources/library/case-law/courts/coa/ca.-apn_91_2003.pdf.txt,93428,93428,93428,0,,True
courts-coa-ca_la_420_2003.pdf,official_courts,data/legal-sources/library/case-law/courts/coa/ca_la_420_2003.pdf.txt,7064,7064,7064,0,,True
courts-coa-cala_dc_kalutara_171_2003.pdf,official_courts,data/legal-sources/library/case-law/courts/coa/cala_dc_kalutara_171_2003.pdf.txt,9170,9170,9170,0,,True
courts-coa-ca-phc-22_2004-1.pdf,official_courts,data/legal-sources/library/case-law/courts/coa/ca-phc-22_2004-1.pdf.txt,9687,9687,9602,0,,True
courts-coa-ca_la_156_2004.pdf,official_courts,data/legal-sources/library/case-law/courts/coa/ca_la_156_2004.pdf.txt,9638,9638,9638,0,,True
courts-coa-ca_writ_2084_2004.pdf,official_courts,data/legal-sources/library/case-law/courts/coa/ca_writ_2084_2004.pdf.txt,17942,17942,17942,0,,True
courts-coa-ca_1908_2005.pdf,official_courts,data/legal-sources/library/case-law/courts/coa/ca_1908_2005.pdf.txt,7587,7587,7587,0,,True
courts-coa-ca_rv_1249_2005.pdf,official_courts,data/legal-sources/library/case-law/courts/coa/ca_rv_1249_2005.pdf.txt,6935,6935,6935,0,,True
courts-coa-ca_writ_556_2005.pdf,official_courts,data/legal-sources/library/case-law/courts/coa/ca_writ_556_2005.pdf.txt,16160,16160,16160,0,,True
courts-coa-ca_dc_matara_1816_2006.pdf,official_courts,data/legal-sources/library/case-law/courts/coa/ca_dc_matara_1816_2006.pdf.txt,12279,12279,12279,0,,True
courts-coa-ca_hc_57_58_2006.pdf,official_courts,data/legal-sources/library/case-law/courts/coa/ca_hc_57_58_2006.pdf.txt,11613,11613,11601,0,,True
courts-coa-ca_la_498_2006.pdf,official_courts,data/legal-sources/library/case-law/courts/coa/ca_la_498_2006.pdf.txt,9820,9820,9820,0,,True
courts-coa-ca_phc_263_2006.pdf,official_courts,data/legal-sources/library/case-law/courts/coa/ca_phc_263_2006.pdf.txt,18044,18044,18044,0,,True
courts-coa-ca_rv_262_2006.pdf,official_courts,data/legal-sources/library/case-law/courts/coa/ca_rv_262_2006.pdf.txt,11732,11732,11732,0,,True
courts-coa-27.-ca-tax-0008-2007-1.pdf,official_courts,data/legal-sources/library/case-law/courts/coa/27.-ca-tax-0008-2007-1.pdf.txt,84285,84285,84285,0,,True
courts-coa-c.a-rev-168-2007.pdf,official_courts,data/legal-sources/library/case-law/courts/coa/c.a-rev-168-2007.pdf.txt,13823,13823,13763,0,,True
courts-coa-c.a-writ-196-2007.pdf,official_courts,data/legal-sources/library/case-law/courts/coa/c.a-writ-196-2007.pdf.txt,42268,42268,41952,0,,True
courts-coa-ca_writ_613_2007.pdf,official_courts,data/legal-sources/library/case-law/courts/coa/ca_writ_613_2007.pdf.txt,10390,10390,10390,0,,True
courts-coa-cala_dc_mt.lavinia_41_2007.pdf,official_courts,data/legal-sources/library/case-law/courts/coa/cala_dc_mt.lavinia_41_2007.pdf.txt,14741,14741,14741,0,,True
courts-coa-c.a-phc-123-2008.pdf,official_courts,data/legal-sources/library/case-law/courts/coa/c.a-phc-123-2008.pdf.txt,5717,5717,5717,0,,True
courts-coa-ca_hc_hambantota_33_2008.pdf,official_courts,data/legal-sources/library/case-law/courts/coa/ca_hc_hambantota_33_2008.pdf.txt,21224,21224,21224,0,,True
courts-coa-ca_phc_150_2008.pdf,official_courts,data/legal-sources/library/case-law/courts/coa/ca_phc_150_2008.pdf.txt,6227,6227,6227,0,,True
courts-coa-ca_ri_927_2008.pdf,official_courts,data/legal-sources/library/case-law/courts/coa/ca_ri_927_2008.pdf.txt,5525,5525,5525,0,,True
courts-coa-ca.-phc_106_2009.pdf,official_courts,data/legal-sources/library/case-law/courts/coa/ca.-phc_106_2009.pdf.txt,58920,58920,58920,0,,True
courts-coa-ca_writ_667_2009.pdf,official_courts,data/legal-sources/library/case-law/courts/coa/ca_writ_667_2009.pdf.txt,9524,9524,9524,0,,True
courts-coa-judgement-ca-hcc-267-2009-n-1.pdf,official_courts,data/legal-sources/library/case-law/courts/coa/judgement-ca-hcc-267-2009-n-1.pdf.txt,24325,24325,24159,0,,True
courts-coa-ca_writ_248_2010.pdf,official_courts,data/legal-sources/library/case-law/courts/coa/ca_writ_248_2010.pdf.txt,12546,12546,12546,0,,True
courts-coa-ca_169_2011.pdf,official_courts,data/legal-sources/library/case-law/courts/coa/ca_169_2011.pdf.txt,8118,8118,8118,0,,True
courts-coa-ca_rv_241_2011.pdf,official_courts,data/legal-sources/library/case-law/courts/coa/ca_rv_241_2011.pdf.txt,5933,5933,5933,0,,True
courts-coa-ca_writ_292_2011.pdf,official_courts,data/legal-sources/library/case-law/courts/coa/ca_writ_292_2011.pdf.txt,9687,9687,9687,0,,True
courts-coa-ca_writ_633_2011.pdf,official_courts,data/legal-sources/library/case-law/courts/coa/ca_writ_633_2011.pdf.txt,20018,20018,20018,0,,True
courts-coa-c.a-phc-07-2012.pdf,official_courts,data/legal-sources/library/case-law/courts/coa/c.a-phc-07-2012.pdf.txt,62081,62081,62081,0,,True
courts-coa-c.a.-writ_342_2012.pdf,official_courts,data/legal-sources/library/case-law/courts/coa/c.a.-writ_342_2012.pdf.txt,26151,26151,26151,0,,True
courts-coa-ca_04_2012.pdf,official_courts,data/legal-sources/library/case-law/courts/coa/ca_04_2012.pdf.txt,10731,10731,10731,0,,True
courts-coa-ca_writ_19_2012.pdf,official_courts,data/legal-sources/library/case-law/courts/coa/ca_writ_19_2012.pdf.txt,5697,5697,5697,0,,True
courts-coa-ca_writ_228_2012.pdf,official_courts,data/legal-sources/library/case-law/courts/coa/ca_writ_228_2012.pdf.txt,9084,9084,9084,0,,True
courts-coa-ca_writ_235_2012.pdf,official_courts,data/legal-sources/library/case-law/courts/coa/ca_writ_235_2012.pdf.txt,10106,10106,10106,0,,True
courts-coa-ca_writ_275_2012.pdf,official_courts,data/legal-sources/library/case-law/courts/coa/ca_writ_275_2012.pdf.txt,2278,2278,2278,0,,True
courts-coa-ca_writ_348_2012.pdf,official_courts,data/legal-sources/library/case-law/courts/coa/ca_writ_348_2012.pdf.txt,10795,10795,10795,0,,True
courts-coa-ca_writ_57_2012.pdf,official_courts,data/legal-sources/library/case-law/courts/coa/ca_writ_57_2012.pdf.txt,6822,6822,6822,0,,True
courts-coa-c.a-writ-271_2013.pdf,official_courts,data/legal-sources/library/case-law/courts/coa/c.a-writ-271_2013.pdf.txt,10635,10635,10587,0,,True
courts-coa-c.a.-phc_51_2013.pdf,official_courts,data/legal-sources/library/case-law/courts/coa/c.a.-phc_51_2013.pdf.txt,19406,19406,19358,0,,True
courts-coa-ca.-phc_167_2013.pdf,official_courts,data/legal-sources/library/case-law/courts/coa/ca.-phc_167_2013.pdf.txt,39841,39841,39841,0,,True
courts-coa-ca.-wrt_319_2013.pdf,official_courts,data/legal-sources/library/case-law/courts/coa/ca.-wrt_319_2013.pdf.txt,15613,15613,15613,0,,True
courts-coa-ca_hc_249_2013.pdf,official_courts,data/legal-sources/library/case-law/courts/coa/ca_hc_249_2013.pdf.txt,10276,10276,10276,0,,True
courts-coa-ca_phc_apn_141_2013.pdf,official_courts,data/legal-sources/library/case-law/courts/coa/ca_phc_apn_141_2013.pdf.txt,10997,10997,10997,0,,True
courts-coa-ca_writ_169_2013.pdf,official_courts,data/legal-sources/library/case-law/courts/coa/ca_writ_169_2013.pdf.txt,4954,4954,4954,0,,True
courts-coa-254-2014-writ-14.01.19.pdf,official_courts,data/legal-sources/library/case-law/courts/coa/254-2014-writ-14.01.19.pdf.txt,12183,12183,12187,0,,True
courts-coa-c.a-phc-48_2014.pdf,official_courts,data/legal-sources/library/case-law/courts/coa/c.a-phc-48_2014.pdf.txt,6826,6826,6826,0,,True
courts-coa-c.a-phc_155_2014.pdf,official_courts,data/legal-sources/library/case-law/courts/coa/c.a-phc_155_2014.pdf.txt,7826,7826,7766,0,,True
courts-coa-c.a-tax-20-2014.pdf,official_courts,data/legal-sources/library/case-law/courts/coa/c.a-tax-20-2014.pdf.txt,16422,16422,16410,0,,True
courts-coa-c.a-writ-184_2014.pdf,official_courts,data/legal-sources/library/case-law/courts/coa/c.a-writ-184_2014.pdf.txt,19307,19307,19307,0,,True
courts-coa-c.a.writ-272-2014.final_.pdf,official_courts,data/legal-sources/library/case-law/courts/coa/c.a.writ-272-2014.final_.pdf.txt,28540,28540,28542,0,,True
courts-coa-ca_ri_19_2014.pdf,official_courts,data/legal-sources/library/case-law/courts/coa/ca_ri_19_2014.pdf.txt,25809,25809,25809,0,,True
courts-coa-ca_writ_133_2014.pdf,official_courts,data/legal-sources/library/case-law/courts/coa/ca_writ_133_2014.pdf.txt,14835,14835,14835,0,,True
courts-coa-ca_writ_189_2014.pdf,official_courts,data/legal-sources/library/case-law/courts/coa/ca_writ_189_2014.pdf.txt,27307,27307,27307,0,,True
courts-coa-28.-ca-tax-0013-2015-2.pdf,official_courts,data/legal-sources/library/case-law/courts/coa/28.-ca-tax-0013-2015-2.pdf.txt,130023,130023,130023,0,,True
courts-coa-c.a-phc-141-2015.pdf,official_courts,data/legal-sources/library/case-law/courts/coa/c.a-phc-141-2015.pdf.txt,13073,13073,12942,0,,True
courts-coa-c.a-writ-374-2015.pdf,official_courts,data/legal-sources/library/case-law/courts/coa/c.a-writ-374-2015.pdf.txt,43033,43033,43033,0,,True
courts-coa-c.a-writ-386-2015-1.pdf,official_courts,data/legal-sources/library/case-law/courts/coa/c.a-writ-386-2015-1.pdf.txt,17535,17535,17475,0,,True
courts-coa-ca_phc_apn_136_2015.pdf,official_courts,data/legal-sources/library/case-law/courts/coa/ca_phc_apn_136_2015.pdf.txt,12875,12875,12875,0,,True
courts-coa-ca_writ_70_2015.pdf,official_courts,data/legal-sources/library/case-law/courts/coa/ca_writ_70_2015.pdf.txt,10947,10947,10887,0,,True
courts-coa-ca_writ_76_2015.pdf,official_courts,data/legal-sources/library/case-law/courts/coa/ca_writ_76_2015.pdf.txt,23571,23571,23571,0,,True
courts-coa-c.a-hc-238-2016.pdf,official_courts,data/legal-sources/library/case-law/courts/coa/c.a-hc-238-2016.pdf.txt,37693,37693,37693,0,,True
courts-coa-c.a-mc-rev-28-2016.pdf,official_courts,data/legal-sources/library/case-law/courts/coa/c.a-mc-rev-28-2016.pdf.txt,26819,26819,26740,0,,True
courts-coa-c.a-phc-88-2016.pdf,official_courts,data/legal-sources/library/case-law/courts/coa/c.a-phc-88-2016.pdf.txt,9717,9717,9657,0,,True
courts-coa-c.a-rev_15_2016.pdf,official_courts,data/legal-sources/library/case-law/courts/coa/c.a-rev_15_2016.pdf.txt,10531,10531,10483,0,,True
courts-coa-c.a-writ-357-2016.pdf,official_courts,data/legal-sources/library/case-law/courts/coa/c.a-writ-357-2016.pdf.txt,14953,14953,14953,0,,True
courts-coa-ca-writ-117-2016.pdf,official_courts,data/legal-sources/library/case-law/courts/coa/ca-writ-117-2016.pdf.txt,3429,3429,3429,0,,True
courts-coa-ca.phc_19_2016.pdf,official_courts,data/legal-sources/library/case-law/courts/coa/ca.phc_19_2016.pdf.txt,5570,5570,5510,0,,True
courts-coa-ca.wrt-0045-2016.pdf,official_courts,data/legal-sources/library/case-law/courts/coa/ca.wrt-0045-2016.pdf.txt,34787,34787,34789,0,,True
courts-coa-CA-WRIT-280-2017-1.pdf,official_courts,data/legal-sources/library/case-law/courts/coa/CA-WRIT-280-2017-1.pdf.txt,16581,16581,16452,0,,True
courts-coa-RII-03-2017-Judgment-summary-1.pdf,official_courts,data/legal-sources/library/case-law/courts/coa/RII-03-2017-Judgment-summary-1.pdf.txt,21702,21702,21718,0,,True
courts-coa-c.a.-writ_293_2017.pdf,official_courts,data/legal-sources/library/case-law/courts/coa/c.a.-writ_293_2017.pdf.txt,35473,35473,35473,0,,True
courts-coa-ca-writ-261-2017.pdf,official_courts,data/legal-sources/library/case-law/courts/coa/ca-writ-261-2017.pdf.txt,8349,8349,8349,0,,True
courts-coa-5.-121-2018-3.pdf,official_courts,data/legal-sources/library/case-law/courts/coa/5.-121-2018-3.pdf.txt,44078,44078,44084,0,,True
courts-coa-CA-PHC-148-2018-Judgement-Final.pdf,official_courts,data/legal-sources/library/case-law/courts/coa/CA-PHC-148-2018-Judgement-Final.pdf.txt,20122,20122,20132,0,,True
courts-coa-CA-WRIT-125-2018-.pdf,official_courts,data/legal-sources/library/case-law/courts/coa/CA-WRIT-125-2018-.pdf.txt,27131,27131,26908,0,,True
courts-coa-CA-Writ-124-2018.pdf,official_courts,data/legal-sources/library/case-law/courts/coa/CA-Writ-124-2018.pdf.txt,18791,18791,18632,0,,True
courts-coa-Writ-112-2018-Judgment.pdf,official_courts,data/legal-sources/library/case-law/courts/coa/Writ-112-2018-Judgment.pdf.txt,117902,117902,118034,0,,True
courts-coa-Writ-146-2018-1.pdf,official_courts,data/legal-sources/library/case-law/courts/coa/Writ-146-2018-1.pdf.txt,25416,25416,25420,0,,True
courts-coa-c.a-ri-05-2018.pdf,official_courts,data/legal-sources/library/case-law/courts/coa/c.a-ri-05-2018.pdf.txt,18621,18621,18621,0,,True
courts-coa-c.a.-tax_15_2018.pdf,official_courts,data/legal-sources/library/case-law/courts/coa/c.a.-tax_15_2018.pdf.txt,17488,17488,17416,0,,True
courts-coa-ca-ri-21-2018-9.1.2018.pdf,official_courts,data/legal-sources/library/case-law/courts/coa/ca-ri-21-2018-9.1.2018.pdf.txt,8836,8836,8836,0,,True
courts-coa-1.-ca-17-1999-f-11.3.2019.pdf,official_courts,data/legal-sources/library/case-law/courts/coa/1.-ca-17-1999-f-11.3.2019.pdf.txt,5977,5977,5977,0,,True
courts-coa-2.-ca-rev-955-2005-11.3.2019.pdf,official_courts,data/legal-sources/library/case-law/courts/coa/2.-ca-rev-955-2005-11.3.2019.pdf.txt,7892,7892,7892,0,,True
courts-coa-20.-ca-land-acq-01-2019.pdf,official_courts,data/legal-sources/library/case-law/courts/coa/20.-ca-land-acq-01-2019.pdf.txt,23118,23118,22987,0,,True
courts-coa-4.-ca-1366-2000-f-11.3.2019.pdf,official_courts,data/legal-sources/library/case-law/courts/coa/4.-ca-1366-2000-f-11.3.2019.pdf.txt,10493,10493,10479,0,,True
courts-coa-PHC-05-2019-Judgment-Final.pdf,official_courts,data/legal-sources/library/case-law/courts/coa/PHC-05-2019-Judgment-Final.pdf.txt,23270,23270,23270,0,,True
courts-coa-PHC-47-2019.pdf,official_courts,data/legal-sources/library/case-law/courts/coa/PHC-47-2019.pdf.txt,12831,12831,12831,0,,True
courts-coa-c.a.-mis-05-2019.pdf,official_courts,data/legal-sources/library/case-law/courts/coa/c.a.-mis-05-2019.pdf.txt,20028,20028,20028,0,,True
courts-coa-c.a.-mis-06-2019.pdf,official_courts,data/legal-sources/library/case-law/courts/coa/c.a.-mis-06-2019.pdf.txt,20040,20040,20040,0,,True
courts-coa-ca-1171-1998-f-18.1.2019.pdf,official_courts,data/legal-sources/library/case-law/courts/coa/ca-1171-1998-f-18.1.2019.pdf.txt,6042,6042,6044,0,,True
courts-coa-ca-369-1999-f-16.10.2019.pdf,official_courts,data/legal-sources/library/case-law/courts/coa/ca-369-1999-f-16.10.2019.pdf.txt,20218,20218,20218,0,,True
courts-coa-ca-417-1998-f-18.1.2019.pdf,official_courts,data/legal-sources/library/case-law/courts/coa/ca-417-1998-f-18.1.2019.pdf.txt,8113,8113,8113,0,,True
courts-coa-ca-423-2000-f-22.1.2019.pdf,official_courts,data/legal-sources/library/case-law/courts/coa/ca-423-2000-f-22.1.2019.pdf.txt,4808,4808,4808,0,,True
courts-coa-ca-594-1996-f-22.1.2019.pdf,official_courts,data/legal-sources/library/case-law/courts/coa/ca-594-1996-f-22.1.2019.pdf.txt,13286,13286,13286,0,,True
courts-coa-ca-623-1998-f-14.1.2019.pdf,official_courts,data/legal-sources/library/case-law/courts/coa/ca-623-1998-f-14.1.2019.pdf.txt,5618,5618,5618,0,,True
courts-coa-ca-648-1999-f-16.1.2019.pdf,official_courts,data/legal-sources/library/case-law/courts/coa/ca-648-1999-f-16.1.2019.pdf.txt,9062,9062,9064,0,,True
courts-coa-ca-669-670-2000-f-28.10.2019.pdf,official_courts,data/legal-sources/library/case-law/courts/coa/ca-669-670-2000-f-28.10.2019.pdf.txt,6538,6538,6538,0,,True
courts-coa-ca-695-1999-f-23.10.2019.pdf,official_courts,data/legal-sources/library/case-law/courts/coa/ca-695-1999-f-23.10.2019.pdf.txt,2930,2930,2930,0,,True
courts-coa-ca-821-1996-f-28.10.2019.pdf,official_courts,data/legal-sources/library/case-law/courts/coa/ca-821-1996-f-28.10.2019.pdf.txt,11175,11175,11179,0,,True
courts-coa-ca-891-2000-f-21.1.2019.pdf,official_courts,data/legal-sources/library/case-law/courts/coa/ca-891-2000-f-21.1.2019.pdf.txt,6849,6849,6849,0,,True
courts-coa-ca-989-2000-f-16.10.2019.pdf,official_courts,data/legal-sources/library/case-law/courts/coa/ca-989-2000-f-16.10.2019.pdf.txt,6468,6468,6474,0,,True
courts-coa-ca-rev-1-2002-18.10.2019.pdf,official_courts,data/legal-sources/library/case-law/courts/coa/ca-rev-1-2002-18.10.2019.pdf.txt,8785,8785,8785,0,,True
courts-coa-ca-rev-1582-2006-25.10.2019.pdf,official_courts,data/legal-sources/library/case-law/courts/coa/ca-rev-1582-2006-25.10.2019.pdf.txt,6635,6635,6643,0,,True
courts-coa-ca-rev-898-2001-18.10.2019.pdf,official_courts,data/legal-sources/library/case-law/courts/coa/ca-rev-898-2001-18.10.2019.pdf.txt,5154,5154,5156,0,,True
courts-coa-ca-ri-20-2017-24.10.2019.pdf,official_courts,data/legal-sources/library/case-law/courts/coa/ca-ri-20-2017-24.10.2019.pdf.txt,21029,21029,21029,0,,True
courts-coa-cala-459-2006-3.10.2019.pdf,official_courts,data/legal-sources/library/case-law/courts/coa/cala-459-2006-3.10.2019.pdf.txt,32013,32013,32013,0,,True
courts-coa-CA-WRT-0291-2020.pdf,official_courts,data/legal-sources/library/case-law/courts/coa/CA-WRT-0291-2020.pdf.txt,8347,8347,8277,0,,True
courts-coa-CA-WRT-0391-2020.pdf,official_courts,data/legal-sources/library/case-law/courts/coa/CA-WRT-0391-2020.pdf.txt,15558,15558,15429,0,,True
courts-coa-TAX-03-2020-Judgment.pdf,official_courts,data/legal-sources/library/case-law/courts/coa/TAX-03-2020-Judgment.pdf.txt,45739,45739,45420,0,,True
courts-coa-Writ-0004-2020.pdf,official_courts,data/legal-sources/library/case-law/courts/coa/Writ-0004-2020.pdf.txt,19416,19416,19416,0,,True
courts-coa-c.a.-ri-08-2020.pdf,official_courts,data/legal-sources/library/case-law/courts/coa/c.a.-ri-08-2020.pdf.txt,18749,18749,18749,0,,True
courts-coa-ca-dcf-1220-2000-20.7.2020.pdf,official_courts,data/legal-sources/library/case-law/courts/coa/ca-dcf-1220-2000-20.7.2020.pdf.txt,5322,5322,5322,0,,True
courts-coa-ca-dcf-447-2000-18.9.2020.pdf,official_courts,data/legal-sources/library/case-law/courts/coa/ca-dcf-447-2000-18.9.2020.pdf.txt,6569,6569,6577,0,,True
courts-coa-ca-dcf-550-2000-15.9.2020.pdf,official_courts,data/legal-sources/library/case-law/courts/coa/ca-dcf-550-2000-15.9.2020.pdf.txt,6153,6153,6187,0,,True
courts-coa-ca-dcf-699-1998-20.7.2020.pdf,official_courts,data/legal-sources/library/case-law/courts/coa/ca-dcf-699-1998-20.7.2020.pdf.txt,6469,6469,6469,0,,True
courts-coa-ca-dcf-720-2000-10.9.2020.pdf,official_courts,data/legal-sources/library/case-law/courts/coa/ca-dcf-720-2000-10.9.2020.pdf.txt,12330,12330,12334,0,,True
courts-coa-ca-writ-137-2017-2.9.2020-.pdf,official_courts,data/legal-sources/library/case-law/courts/coa/ca-writ-137-2017-2.9.2020-.pdf.txt,11917,11917,11917,0,,True
courts-coa-ca-writ-138-2017-2.9.2020.pdf,official_courts,data/legal-sources/library/case-law/courts/coa/ca-writ-138-2017-2.9.2020.pdf.txt,10505,10505,10505,0,,True
courts-coa-ca-writ-150-2018-24.9.2020.pdf,official_courts,data/legal-sources/library/case-law/courts/coa/ca-writ-150-2018-24.9.2020.pdf.txt,9405,9405,9405,0,,True
courts-coa-ca-writ-165-2017-2.9.2020-.pdf,official_courts,data/legal-sources/library/case-law/courts/coa/ca-writ-165-2017-2.9.2020-.pdf.txt,10475,10475,10475,0,,True
courts-coa-ca-writ-299-2014-16.11.2020.pdf,official_courts,data/legal-sources/library/case-law/courts/coa/ca-writ-299-2014-16.11.2020.pdf.txt,7274,7274,7274,0,,True
courts-coa-ca-writ-328-2015-19.02.2020.pdf,official_courts,data/legal-sources/library/case-law/courts/coa/ca-writ-328-2015-19.02.2020.pdf.txt,11785,11785,11785,0,,True
courts-coa-ca-writ-434-2016-17.09.2020.pdf,official_courts,data/legal-sources/library/case-law/courts/coa/ca-writ-434-2016-17.09.2020.pdf.txt,22059,22059,22059,0,,True
courts-coa-ca-writ-439-2015-2.9.2020.pdf,official_courts,data/legal-sources/library/case-law/courts/coa/ca-writ-439-2015-2.9.2020.pdf.txt,11422,11422,11422,0,,True
courts-coa-ca-writ-52-2016-2.9.2020-.pdf,official_courts,data/legal-sources/library/case-law/courts/coa/ca-writ-52-2016-2.9.2020-.pdf.txt,5665,5665,5665,0,,True
courts-coa-CA-48-49-2021.pdf,official_courts,data/legal-sources/library/case-law/courts/coa/CA-48-49-2021.pdf.txt,14420,14420,14420,0,,True
courts-coa-WRT-0643-2021final-1.pdf,official_courts,data/legal-sources/library/case-law/courts/coa/WRT-0643-2021final-1.pdf.txt,15714,15714,15648,0,possible_mojibake,False
courts-coa-ca-dcf-1102-98-28-10-2021.pdf,official_courts,data/legal-sources/library/case-law/courts/coa/ca-dcf-1102-98-28-10-2021.pdf.txt,11676,11676,11568,0,,True
courts-coa-ca-dcf-1132-99-05-10-2021.pdf,official_courts,data/legal-sources/library/case-law/courts/coa/ca-dcf-1132-99-05-10-2021.pdf.txt,17413,17413,17254,0,,True
courts-coa-ca-dcf-524-a-1999-08.02.2021-prescription.pdf,official_courts,data/legal-sources/library/case-law/courts/coa/ca-dcf-524-a-1999-08.02.2021-prescription.pdf.txt,79888,79888,79926,0,,True
courts-coa-CA-Writ-353-2022.pdf,official_courts,data/legal-sources/library/case-law/courts/coa/CA-Writ-353-2022.pdf.txt,20146,20146,20005,0,,True
courts-coa-RII-0001-2022-FINAL.pdf,official_courts,data/legal-sources/library/case-law/courts/coa/RII-0001-2022-FINAL.pdf.txt,20433,20433,20217,0,,True
courts-coa-TAX-31-2022.pdf,official_courts,data/legal-sources/library/case-law/courts/coa/TAX-31-2022.pdf.txt,63625,63625,63625,0,,True
courts-coa-ca-tax-0005-2019-final-interest-income-indian-overseas-bank-15.12.2022.pdf,official_courts,data/legal-sources/library/case-law/courts/coa/ca-tax-0005-2019-final-interest-income-indian-overseas-bank-15.12.2022.pdf.txt,103617,103617,103635,0,,True
courts-coa-ca-tax-0018-2019-final-lloc-15.12.2022.pdf,official_courts,data/legal-sources/library/case-law/courts/coa/ca-tax-0018-2019-final-lloc-15.12.2022.pdf.txt,59242,59242,59252,0,,True
courts-coa-541-2023.pdf,official_courts,data/legal-sources/library/case-law/courts/coa/541-2023.pdf.txt,25727,25727,25569,0,,True
courts-coa-RII-54-2023-Final.pdf,official_courts,data/legal-sources/library/case-law/courts/coa/RII-54-2023-Final.pdf.txt,13814,13814,13718,0,,True
courts-coa-CA-WRT-0056-2024.pdf,official_courts,data/legal-sources/library/case-law/courts/coa/CA-WRT-0056-2024.pdf.txt,22530,22530,22534,0,,True
courts-coa-CA.PHC_.-0046.2019-27.09.2024.pdf,official_courts,data/legal-sources/library/case-law/courts/coa/CA.PHC_.-0046.2019-27.09.2024.pdf.txt,19792,19792,19800,0,,True
courts-coa-CA.PHC_.72.2019-2024.07.12-3.pdf,official_courts,data/legal-sources/library/case-law/courts/coa/CA.PHC_.72.2019-2024.07.12-3.pdf.txt,16465,16465,16469,0,,True
courts-coa-CA.RII_.41.23-2024.06.28.pdf,official_courts,data/legal-sources/library/case-law/courts/coa/CA.RII_.41.23-2024.06.28.pdf.txt,18234,18234,18236,0,,True
courts-coa-CA.WRT-382.2020-2024.02.09-1.pdf,official_courts,data/legal-sources/library/case-law/courts/coa/CA.WRT-382.2020-2024.02.09-1.pdf.txt,11392,11392,11392,0,,True
courts-coa-CA.WRT_.-0016.2019-03.05.2024.pdf,official_courts,data/legal-sources/library/case-law/courts/coa/CA.WRT_.-0016.2019-03.05.2024.pdf.txt,28287,28287,28295,0,,True
courts-coa-HCC-277-16-28.02.2024.pdf,official_courts,data/legal-sources/library/case-law/courts/coa/HCC-277-16-28.02.2024.pdf.txt,20164,20164,20018,0,,True
courts-coa-RII-46-2024-Judgment01-1.pdf,official_courts,data/legal-sources/library/case-law/courts/coa/RII-46-2024-Judgment01-1.pdf.txt,28429,28429,28435,0,,True
courts-coa-RII-53-2024-Order-on-notice.-etc.-2.pdf,official_courts,data/legal-sources/library/case-law/courts/coa/RII-53-2024-Order-on-notice.-etc.-2.pdf.txt,151063,151063,151121,0,,True
courts-coa-Writ-182-2024-rectified-and-final-1.pdf,official_courts,data/legal-sources/library/case-law/courts/coa/Writ-182-2024-rectified-and-final-1.pdf.txt,39543,39543,39565,0,,True
courts-coa-WRT-0171-20-06.06.2025.pdf,official_courts,data/legal-sources/library/case-law/courts/coa/WRT-0171-20-06.06.2025.pdf.txt,22118,22118,21949,0,,True
courts-coa-WRT-0400-24-05.08.2025.pdf,official_courts,data/legal-sources/library/case-law/courts/coa/WRT-0400-24-05.08.2025.pdf.txt,14857,14857,14726,0,,True
courts-coa-WRT-0548-25-30.06.2025.pdf,official_courts,data/legal-sources/library/case-law/courts/coa/WRT-0548-25-30.06.2025.pdf.txt,8052,8052,8052,0,,True
courts-coa-BOR-0001-2027.03.2026-1.pdf,official_courts,data/legal-sources/library/case-law/courts/coa/BOR-0001-2027.03.2026-1.pdf.txt,48666,48666,48289,0,,True
courts-coa-BOR-0001-2320.02.2026.pdf,official_courts,data/legal-sources/library/case-law/courts/coa/BOR-0001-2320.02.2026.pdf.txt,37923,37923,37610,0,,True
courts-coa-CPA-0102-2522.05.2026.pdf,official_courts,data/legal-sources/library/case-law/courts/coa/CPA-0102-2522.05.2026.pdf.txt,48601,48601,48220,0,,True
courts-sc-sc_chc_appeal_3_2000.pdf,official_courts,data/legal-sources/library/case-law/courts/sc/sc_chc_appeal_3_2000.pdf.txt,34668,34668,34668,0,,True
courts-sc-sc_rule_14_2000.pdf,official_courts,data/legal-sources/library/case-law/courts/sc/sc_rule_14_2000.pdf.txt,41721,41721,41723,0,,True
courts-sc-sc_chc_appeal_13_2001.pdf,official_courts,data/legal-sources/library/case-law/courts/sc/sc_chc_appeal_13_2001.pdf.txt,10209,10209,10209,0,,True
courts-sc-sc_appeal_87_2002.pdf,official_courts,data/legal-sources/library/case-law/courts/sc/sc_appeal_87_2002.pdf.txt,11405,11405,11421,0,,True
courts-sc-sc_chc_apleal_19_2002.pdf,official_courts,data/legal-sources/library/case-law/courts/sc/sc_chc_apleal_19_2002.pdf.txt,20759,20759,20765,0,,True
courts-sc-sc_appeal_49_2003-part_I.pdf,official_courts,data/legal-sources/library/case-law/courts/sc/sc_appeal_49_2003-part_I.pdf.txt,52388,52388,52410,0,,True
courts-sc-sc_appeal_49_2003-part_II.pdf,official_courts,data/legal-sources/library/case-law/courts/sc/sc_appeal_49_2003-part_II.pdf.txt,13359,13359,13359,0,,True
courts-sc-sc_chc_appeal_26_2003.pdf,official_courts,data/legal-sources/library/case-law/courts/sc/sc_chc_appeal_26_2003.pdf.txt,67425,67425,67429,0,,True
courts-sc-sc_appeal_60_2004.pdf,official_courts,data/legal-sources/library/case-law/courts/sc/sc_appeal_60_2004.pdf.txt,29309,29309,29054,0,,True
courts-sc-sc_appeal_7_2004.pdf,official_courts,data/legal-sources/library/case-law/courts/sc/sc_appeal_7_2004.pdf.txt,73677,73677,73717,0,,True
courts-sc-sc_appeal_80_2004.pdf,official_courts,data/legal-sources/library/case-law/courts/sc/sc_appeal_80_2004.pdf.txt,6736,6736,6736,0,,True
courts-sc-sc_appeal_104_2005.pdf,official_courts,data/legal-sources/library/case-law/courts/sc/sc_appeal_104_2005.pdf.txt,96978,96978,97024,0,,True
courts-sc-sc_appeal_21_2005.pdf,official_courts,data/legal-sources/library/case-law/courts/sc/sc_appeal_21_2005.pdf.txt,40845,40845,40953,0,,True
courts-sc-sc_appeal_33_2005.pdf,official_courts,data/legal-sources/library/case-law/courts/sc/sc_appeal_33_2005.pdf.txt,25934,25934,25934,0,,True
courts-sc-sc_fr_431_2005.pdf,official_courts,data/legal-sources/library/case-law/courts/sc/sc_fr_431_2005.pdf.txt,14647,14647,14647,0,,True
courts-sc-sc_appeal_12_2006.pdf,official_courts,data/legal-sources/library/case-law/courts/sc/sc_appeal_12_2006.pdf.txt,25237,25237,25239,0,,True
courts-sc-sc_appeal_38_39_2006.pdf,official_courts,data/legal-sources/library/case-law/courts/sc/sc_appeal_38_39_2006.pdf.txt,63175,63175,63175,0,,True
courts-sc-sc_appeal_44_2006-1.pdf,official_courts,data/legal-sources/library/case-law/courts/sc/sc_appeal_44_2006-1.pdf.txt,25945,25945,25951,0,,True
courts-sc-sc_chc_appeal_21_2006.pdf,official_courts,data/legal-sources/library/case-law/courts/sc/sc_chc_appeal_21_2006.pdf.txt,67984,67984,67996,0,,True
courts-sc-sc_chc_appeal_37_2006.pdf,official_courts,data/legal-sources/library/case-law/courts/sc/sc_chc_appeal_37_2006.pdf.txt,18712,18712,18553,0,,True
courts-sc-sc_chc_appeal_39_2006.pdf,official_courts,data/legal-sources/library/case-law/courts/sc/sc_chc_appeal_39_2006.pdf.txt,50041,50041,50051,0,,True
courts-sc-sc_chc_appeal_4_2006.pdf,official_courts,data/legal-sources/library/case-law/courts/sc/sc_chc_appeal_4_2006.pdf.txt,19467,19467,19467,0,,True
courts-sc-sc_chc_appeal_55_2006.pdf,official_courts,data/legal-sources/library/case-law/courts/sc/sc_chc_appeal_55_2006.pdf.txt,11963,11963,11963,0,,True
courts-sc-sc_appeal_4_2007.pdf,official_courts,data/legal-sources/library/case-law/courts/sc/sc_appeal_4_2007.pdf.txt,31946,31946,31717,0,,True
courts-sc-sc_appeal_71_2007.pdf,official_courts,data/legal-sources/library/case-law/courts/sc/sc_appeal_71_2007.pdf.txt,14773,14773,14773,0,,True
courts-sc-sc_appeal_98_2007.pdf,official_courts,data/legal-sources/library/case-law/courts/sc/sc_appeal_98_2007.pdf.txt,18836,18836,18870,0,,True
courts-sc-sc_chc_appeal_16_2007.pdf,official_courts,data/legal-sources/library/case-law/courts/sc/sc_chc_appeal_16_2007.pdf.txt,39360,39360,39372,0,,True
courts-sc-sc_chc_appeal_27_2007.pdf,official_courts,data/legal-sources/library/case-law/courts/sc/sc_chc_appeal_27_2007.pdf.txt,16248,16248,16252,0,,True
courts-sc-sc_chc_appeal_54_2007.pdf,official_courts,data/legal-sources/library/case-law/courts/sc/sc_chc_appeal_54_2007.pdf.txt,29543,29543,29543,0,,True
courts-sc-sc_chc_appeal_5_2007.pdf,official_courts,data/legal-sources/library/case-law/courts/sc/sc_chc_appeal_5_2007.pdf.txt,58053,58053,57636,0,,True
courts-sc-sc_appeal_105a_2008.pdf,official_courts,data/legal-sources/library/case-law/courts/sc/sc_appeal_105a_2008.pdf.txt,24201,24201,24201,0,,True
courts-sc-sc_appeal_15_2008.pdf,official_courts,data/legal-sources/library/case-law/courts/sc/sc_appeal_15_2008.pdf.txt,11869,11869,11869,0,,True
courts-sc-sc_appeal_19_2008.pdf,official_courts,data/legal-sources/library/case-law/courts/sc/sc_appeal_19_2008.pdf.txt,22457,22457,22465,0,,True
courts-sc-sc_appeal_28_2008.pdf,official_courts,data/legal-sources/library/case-law/courts/sc/sc_appeal_28_2008.pdf.txt,13510,13510,13516,0,,True
courts-sc-sc_appeal_41_2008.pdf,official_courts,data/legal-sources/library/case-law/courts/sc/sc_appeal_41_2008.pdf.txt,14260,14260,14264,0,,True
courts-sc-sc_appeal_41_2015_and_sc_chc_37_2008-1.pdf,official_courts,data/legal-sources/library/case-law/courts/sc/sc_appeal_41_2015_and_sc_chc_37_2008-1.pdf.txt,41249,41249,41257,0,,True
courts-sc-sc_appeal_50_2008.pdf,official_courts,data/legal-sources/library/case-law/courts/sc/sc_appeal_50_2008.pdf.txt,12934,12934,12942,0,,True
courts-sc-sc_appeal_54_2008.pdf,official_courts,data/legal-sources/library/case-law/courts/sc/sc_appeal_54_2008.pdf.txt,42461,42461,42479,0,,True
courts-sc-sc_appeal_54a_2008.pdf,official_courts,data/legal-sources/library/case-law/courts/sc/sc_appeal_54a_2008.pdf.txt,49371,49371,49385,0,,True
courts-sc-sc_appeal_61_2008.pdf,official_courts,data/legal-sources/library/case-law/courts/sc/sc_appeal_61_2008.pdf.txt,35286,35286,35292,0,,True
courts-sc-sc_appeal_64_2008.pdf,official_courts,data/legal-sources/library/case-law/courts/sc/sc_appeal_64_2008.pdf.txt,12981,12981,12981,0,,True
courts-sc-sc_appeal_6_2008.pdf,official_courts,data/legal-sources/library/case-law/courts/sc/sc_appeal_6_2008.pdf.txt,84566,84566,84590,0,,True
courts-sc-sc_appeal_83_2008.pdf,official_courts,data/legal-sources/library/case-law/courts/sc/sc_appeal_83_2008.pdf.txt,49893,49893,49901,0,,True
courts-sc-sc_chc_appeal_18_2008.pdf,official_courts,data/legal-sources/library/case-law/courts/sc/sc_chc_appeal_18_2008.pdf.txt,10045,10045,10045,0,,True
courts-sc-sc_chc_appeal_23_2008.pdf,official_courts,data/legal-sources/library/case-law/courts/sc/sc_chc_appeal_23_2008.pdf.txt,14535,14535,14535,0,,True
courts-sc-sc_chc_appeal_24_2008.pdf,official_courts,data/legal-sources/library/case-law/courts/sc/sc_chc_appeal_24_2008.pdf.txt,73738,73738,73770,0,,True
courts-sc-sc_chc_appeal_28_2008.pdf,official_courts,data/legal-sources/library/case-law/courts/sc/sc_chc_appeal_28_2008.pdf.txt,12261,12261,12261,0,,True
courts-sc-sc_chc_appeal_32_32A_2008.pdf,official_courts,data/legal-sources/library/case-law/courts/sc/sc_chc_appeal_32_32A_2008.pdf.txt,21566,21566,21566,0,,True
courts-sc-sc_fr_452_2008.pdf,official_courts,data/legal-sources/library/case-law/courts/sc/sc_fr_452_2008.pdf.txt,39285,39285,39285,0,,True
courts-sc-sc_appeal_101_2009.pdf,official_courts,data/legal-sources/library/case-law/courts/sc/sc_appeal_101_2009.pdf.txt,24581,24581,24559,0,,True
courts-sc-sc_appeal_119_2009.pdf,official_courts,data/legal-sources/library/case-law/courts/sc/sc_appeal_119_2009.pdf.txt,18038,18038,18038,0,,True
courts-sc-sc_appeal_132_2009.pdf,official_courts,data/legal-sources/library/case-law/courts/sc/sc_appeal_132_2009.pdf.txt,23365,23365,23385,0,,True
courts-sc-sc_appeal_138_2009.pdf,official_courts,data/legal-sources/library/case-law/courts/sc/sc_appeal_138_2009.pdf.txt,22646,22646,22419,0,,True
courts-sc-sc_appeal_141_2009.pdf,official_courts,data/legal-sources/library/case-law/courts/sc/sc_appeal_141_2009.pdf.txt,19407,19407,19419,0,,True
courts-sc-sc_appeal_15_2009.pdf,official_courts,data/legal-sources/library/case-law/courts/sc/sc_appeal_15_2009.pdf.txt,28423,28423,28423,0,,True
courts-sc-sc_appeal_16_2009.pdf,official_courts,data/legal-sources/library/case-law/courts/sc/sc_appeal_16_2009.pdf.txt,21194,21194,21198,0,,True
courts-sc-sc_appeal_29_2009.pdf,official_courts,data/legal-sources/library/case-law/courts/sc/sc_appeal_29_2009.pdf.txt,31475,31475,31483,0,,True
courts-sc-sc_appeal_2_2009.pdf,official_courts,data/legal-sources/library/case-law/courts/sc/sc_appeal_2_2009.pdf.txt,18364,18364,18369,0,,True
courts-sc-sc_appeal_32_2009.pdf,official_courts,data/legal-sources/library/case-law/courts/sc/sc_appeal_32_2009.pdf.txt,25550,25550,25561,0,,True
courts-sc-sc_appeal_33_2009-1.pdf,official_courts,data/legal-sources/library/case-law/courts/sc/sc_appeal_33_2009-1.pdf.txt,15353,15353,15353,0,,True
courts-sc-sc_appeal_33_2009-2.pdf,official_courts,data/legal-sources/library/case-law/courts/sc/sc_appeal_33_2009-2.pdf.txt,26474,26474,26485,0,,True
courts-sc-sc_appeal_82_2009.pdf,official_courts,data/legal-sources/library/case-law/courts/sc/sc_appeal_82_2009.pdf.txt,19647,19647,19647,0,,True
courts-sc-sc_appeal_85a_2009.pdf,official_courts,data/legal-sources/library/case-law/courts/sc/sc_appeal_85a_2009.pdf.txt,47815,47815,47484,0,,True
courts-sc-sc_appeal_8a_2009.pdf,official_courts,data/legal-sources/library/case-law/courts/sc/sc_appeal_8a_2009.pdf.txt,16781,16781,16781,0,,True
courts-sc-sc_appeal_90_2009.pdf,official_courts,data/legal-sources/library/case-law/courts/sc/sc_appeal_90_2009.pdf.txt,23495,23495,23509,0,,True
courts-sc-sc_appeal_93_2009.pdf,official_courts,data/legal-sources/library/case-law/courts/sc/sc_appeal_93_2009.pdf.txt,12436,12436,12436,0,,True
courts-sc-sc_appeal_99a_2009.pdf,official_courts,data/legal-sources/library/case-law/courts/sc/sc_appeal_99a_2009.pdf.txt,10598,10598,10598,0,,True
courts-sc-sc_chc_appeal_35_2009.pdf,official_courts,data/legal-sources/library/case-law/courts/sc/sc_chc_appeal_35_2009.pdf.txt,21475,21475,21475,0,,True
courts-sc-sc_chc_appeal_3_2009.pdf,official_courts,data/legal-sources/library/case-law/courts/sc/sc_chc_appeal_3_2009.pdf.txt,11147,11147,11147,0,,True
courts-sc-sc_chc_appeal_9_2009.pdf,official_courts,data/legal-sources/library/case-law/courts/sc/sc_chc_appeal_9_2009.pdf.txt,16646,16646,16650,0,,True
courts-sc-sc_fr_19_2009.pdf,official_courts,data/legal-sources/library/case-law/courts/sc/sc_fr_19_2009.pdf.txt,17071,17071,17071,0,,True
courts-sc-sc_fr_542_2009.pdf,official_courts,data/legal-sources/library/case-law/courts/sc/sc_fr_542_2009.pdf.txt,30338,30338,30342,0,,True
courts-sc-sc_appeal_102_2010.pdf,official_courts,data/legal-sources/library/case-law/courts/sc/sc_appeal_102_2010.pdf.txt,8305,8305,8307,0,,True
courts-sc-sc_appeal_110_2010.pdf,official_courts,data/legal-sources/library/case-law/courts/sc/sc_appeal_110_2010.pdf.txt,24341,24341,24341,0,,True
courts-sc-sc_appeal_113_2010.pdf,official_courts,data/legal-sources/library/case-law/courts/sc/sc_appeal_113_2010.pdf.txt,10160,10160,10166,0,,True
courts-sc-sc_appeal_116_2010.pdf,official_courts,data/legal-sources/library/case-law/courts/sc/sc_appeal_116_2010.pdf.txt,12411,12411,12411,0,,True
courts-sc-sc_appeal_125_2010.pdf,official_courts,data/legal-sources/library/case-law/courts/sc/sc_appeal_125_2010.pdf.txt,41131,41131,41133,0,,True
courts-sc-sc_appeal_129_2010.pdf,official_courts,data/legal-sources/library/case-law/courts/sc/sc_appeal_129_2010.pdf.txt,11704,11704,11706,0,,True
courts-sc-sc_appeal_132_2010.pdf,official_courts,data/legal-sources/library/case-law/courts/sc/sc_appeal_132_2010.pdf.txt,15715,15715,15729,0,,True
courts-sc-sc_appeal_133_2010.pdf,official_courts,data/legal-sources/library/case-law/courts/sc/sc_appeal_133_2010.pdf.txt,12737,12737,12737,0,,True
courts-sc-sc_appeal_145_2010.pdf,official_courts,data/legal-sources/library/case-law/courts/sc/sc_appeal_145_2010.pdf.txt,33781,33781,33789,0,,True
courts-sc-sc_appeal_146_2010.pdf,official_courts,data/legal-sources/library/case-law/courts/sc/sc_appeal_146_2010.pdf.txt,13472,13472,13472,0,,True
courts-sc-sc_appeal_150_2010.pdf,official_courts,data/legal-sources/library/case-law/courts/sc/sc_appeal_150_2010.pdf.txt,24965,24965,24965,0,,True
courts-sc-sc_appeal_153_2010.pdf,official_courts,data/legal-sources/library/case-law/courts/sc/sc_appeal_153_2010.pdf.txt,11013,11013,11017,0,,True
courts-sc-sc_appeal_155_2010.pdf,official_courts,data/legal-sources/library/case-law/courts/sc/sc_appeal_155_2010.pdf.txt,7313,7313,7313,0,,True
courts-sc-sc_appeal_156_2010-1.pdf,official_courts,data/legal-sources/library/case-law/courts/sc/sc_appeal_156_2010-1.pdf.txt,19226,19226,19226,0,,True
courts-sc-sc_appeal_15_2010.pdf,official_courts,data/legal-sources/library/case-law/courts/sc/sc_appeal_15_2010.pdf.txt,10688,10688,10688,0,,True
courts-sc-sc_appeal_162_2010-1.pdf,official_courts,data/legal-sources/library/case-law/courts/sc/sc_appeal_162_2010-1.pdf.txt,36488,36488,36632,0,,True
courts-sc-sc_appeal_167_2010.pdf,official_courts,data/legal-sources/library/case-law/courts/sc/sc_appeal_167_2010.pdf.txt,19151,19151,19159,0,,True
courts-sc-sc_appeal_169_2010.pdf,official_courts,data/legal-sources/library/case-law/courts/sc/sc_appeal_169_2010.pdf.txt,20365,20365,20379,0,,True
courts-sc-sc_appeal_172_2010.pdf,official_courts,data/legal-sources/library/case-law/courts/sc/sc_appeal_172_2010.pdf.txt,18565,18565,18434,0,,True
courts-sc-sc_appeal_174_2010.pdf,official_courts,data/legal-sources/library/case-law/courts/sc/sc_appeal_174_2010.pdf.txt,16217,16217,16217,0,,True
courts-sc-sc_appeal_175_2010.pdf,official_courts,data/legal-sources/library/case-law/courts/sc/sc_appeal_175_2010.pdf.txt,23590,23590,23590,0,,True
courts-sc-sc_appeal_180_2010.pdf,official_courts,data/legal-sources/library/case-law/courts/sc/sc_appeal_180_2010.pdf.txt,13759,13759,13759,0,,True
courts-sc-sc_appeal_181_2010.pdf,official_courts,data/legal-sources/library/case-law/courts/sc/sc_appeal_181_2010.pdf.txt,52343,52343,52351,0,,True
courts-sc-sc_appeal_18_2010-1.pdf,official_courts,data/legal-sources/library/case-law/courts/sc/sc_appeal_18_2010-1.pdf.txt,27861,27861,27863,0,,True
courts-sc-sc_appeal_23_2010.pdf,official_courts,data/legal-sources/library/case-law/courts/sc/sc_appeal_23_2010.pdf.txt,12474,12474,12474,0,,True
courts-sc-sc_appeal_31_2010-1.pdf,official_courts,data/legal-sources/library/case-law/courts/sc/sc_appeal_31_2010-1.pdf.txt,17939,17939,17939,0,,True
courts-sc-sc_appeal_31_2010.pdf,official_courts,data/legal-sources/library/case-law/courts/sc/sc_appeal_31_2010.pdf.txt,17939,17939,17939,0,,True
courts-sc-sc_appeal_33_2010.pdf,official_courts,data/legal-sources/library/case-law/courts/sc/sc_appeal_33_2010.pdf.txt,22388,22388,22388,0,,True
courts-sc-sc_appeal_34_2010.pdf,official_courts,data/legal-sources/library/case-law/courts/sc/sc_appeal_34_2010.pdf.txt,12372,12372,12276,0,,True
courts-sc-sc_appeal_37A_2010.pdf,official_courts,data/legal-sources/library/case-law/courts/sc/sc_appeal_37A_2010.pdf.txt,16831,16831,16672,0,,True
courts-sc-sc_appeal_42_2010-1.pdf,official_courts,data/legal-sources/library/case-law/courts/sc/sc_appeal_42_2010-1.pdf.txt,16419,16419,16426,0,,True
courts-sc-sc_appeal_45_2010.pdf,official_courts,data/legal-sources/library/case-law/courts/sc/sc_appeal_45_2010.pdf.txt,11885,11885,11885,0,,True
courts-sc-sc_appeal_48_2010.pdf,official_courts,data/legal-sources/library/case-law/courts/sc/sc_appeal_48_2010.pdf.txt,17747,17747,17749,0,,True
courts-sc-sc_appeal_4_2010.pdf,official_courts,data/legal-sources/library/case-law/courts/sc/sc_appeal_4_2010.pdf.txt,16756,16756,16758,0,,True
courts-sc-sc_appeal_51_2010.pdf,official_courts,data/legal-sources/library/case-law/courts/sc/sc_appeal_51_2010.pdf.txt,14357,14357,14357,0,,True
courts-sc-sc_appeal_56_2010.pdf,official_courts,data/legal-sources/library/case-law/courts/sc/sc_appeal_56_2010.pdf.txt,17111,17111,17123,0,,True
courts-sc-sc_appeal_73_2010.pdf,official_courts,data/legal-sources/library/case-law/courts/sc/sc_appeal_73_2010.pdf.txt,14353,14353,14355,0,,True
courts-sc-sc_appeal_78_2010.pdf,official_courts,data/legal-sources/library/case-law/courts/sc/sc_appeal_78_2010.pdf.txt,20812,20812,20812,0,,True
courts-sc-sc_appeal_79_2010.pdf,official_courts,data/legal-sources/library/case-law/courts/sc/sc_appeal_79_2010.pdf.txt,13590,13590,13590,0,,True
courts-sc-sc_appeal_81_2010.pdf,official_courts,data/legal-sources/library/case-law/courts/sc/sc_appeal_81_2010.pdf.txt,23077,23077,23077,0,,True
courts-sc-sc_appeal_82_2010.pdf,official_courts,data/legal-sources/library/case-law/courts/sc/sc_appeal_82_2010.pdf.txt,97011,97011,97029,0,,True
courts-sc-sc_appeal_87_2010.pdf,official_courts,data/legal-sources/library/case-law/courts/sc/sc_appeal_87_2010.pdf.txt,12158,12158,12158,0,,True
courts-sc-sc_appeal_89_2010-1.pdf,official_courts,data/legal-sources/library/case-law/courts/sc/sc_appeal_89_2010-1.pdf.txt,10653,10653,10657,0,,True
courts-sc-sc_appeal_89_2010.pdf,official_courts,data/legal-sources/library/case-law/courts/sc/sc_appeal_89_2010.pdf.txt,20520,20520,20520,0,,True
courts-sc-sc_appeal_8a_2010.pdf,official_courts,data/legal-sources/library/case-law/courts/sc/sc_appeal_8a_2010.pdf.txt,13081,13081,12997,0,,True
courts-sc-sc_appeal_92_2010.pdf,official_courts,data/legal-sources/library/case-law/courts/sc/sc_appeal_92_2010.pdf.txt,20337,20337,20337,0,,True
courts-sc-sc_appeal_96_2010.pdf,official_courts,data/legal-sources/library/case-law/courts/sc/sc_appeal_96_2010.pdf.txt,28622,28622,28626,0,,True
courts-sc-sc_appeal_97_2010.pdf,official_courts,data/legal-sources/library/case-law/courts/sc/sc_appeal_97_2010.pdf.txt,12750,12750,12750,0,,True
courts-sc-sc_chc_appeal_13_2010.pdf,official_courts,data/legal-sources/library/case-law/courts/sc/sc_chc_appeal_13_2010.pdf.txt,11791,11791,11791,0,,True
courts-sc-sc_chc_appeal_26_2010-1.pdf,official_courts,data/legal-sources/library/case-law/courts/sc/sc_chc_appeal_26_2010-1.pdf.txt,51712,51712,51726,0,,True
courts-sc-sc_chc_appeal_39_2010.pdf,official_courts,data/legal-sources/library/case-law/courts/sc/sc_chc_appeal_39_2010.pdf.txt,11182,11182,11182,0,,True
courts-sc-sc_chc_appeal_8_2010.pdf,official_courts,data/legal-sources/library/case-law/courts/sc/sc_chc_appeal_8_2010.pdf.txt,23132,23132,23136,0,,True
courts-sc-sc_chc_appeal_9_2010-1.pdf,official_courts,data/legal-sources/library/case-law/courts/sc/sc_chc_appeal_9_2010-1.pdf.txt,30328,30328,30328,0,,True
courts-sc-sc_fr_15_2010.pdf,official_courts,data/legal-sources/library/case-law/courts/sc/sc_fr_15_2010.pdf.txt,22787,22787,22801,0,,True
courts-sc-sc_fr_393_2010-1.pdf,official_courts,data/legal-sources/library/case-law/courts/sc/sc_fr_393_2010-1.pdf.txt,40628,40628,40289,0,,True
courts-sc-sc_hc_cala_331_2010.pdf,official_courts,data/legal-sources/library/case-law/courts/sc/sc_hc_cala_331_2010.pdf.txt,27874,27874,27876,0,,True
courts-sc-sc_rule_1_2010.pdf,official_courts,data/legal-sources/library/case-law/courts/sc/sc_rule_1_2010.pdf.txt,37063,37063,37127,0,,True
courts-sc-sc_147_2011-1.pdf,official_courts,data/legal-sources/library/case-law/courts/sc/sc_147_2011-1.pdf.txt,20113,20113,20113,0,,True
courts-sc-sc_appeal-59_2011.pdf,official_courts,data/legal-sources/library/case-law/courts/sc/sc_appeal-59_2011.pdf.txt,9681,9681,9681,0,,True
courts-sc-sc_appeal_102_2011-1.pdf,official_courts,data/legal-sources/library/case-law/courts/sc/sc_appeal_102_2011-1.pdf.txt,18217,18217,18217,0,,True
courts-sc-sc_appeal_103_2011.pdf,official_courts,data/legal-sources/library/case-law/courts/sc/sc_appeal_103_2011.pdf.txt,43370,43370,43372,0,,True
courts-sc-sc_appeal_112_2011.pdf,official_courts,data/legal-sources/library/case-law/courts/sc/sc_appeal_112_2011.pdf.txt,31912,31912,31912,0,,True
courts-sc-sc_appeal_117_2011.pdf,official_courts,data/legal-sources/library/case-law/courts/sc/sc_appeal_117_2011.pdf.txt,17871,17871,17871,0,,True
courts-sc-sc_appeal_118_2011-1.pdf,official_courts,data/legal-sources/library/case-law/courts/sc/sc_appeal_118_2011-1.pdf.txt,10395,10395,10395,0,,True
courts-sc-sc_appeal_120_2011.pdf,official_courts,data/legal-sources/library/case-law/courts/sc/sc_appeal_120_2011.pdf.txt,22254,22254,22254,0,,True
courts-sc-sc_appeal_121_2011.pdf,official_courts,data/legal-sources/library/case-law/courts/sc/sc_appeal_121_2011.pdf.txt,21037,21037,20884,0,,True
courts-sc-sc_appeal_122_2011.pdf,official_courts,data/legal-sources/library/case-law/courts/sc/sc_appeal_122_2011.pdf.txt,29069,29069,29099,0,,True
courts-sc-sc_appeal_124_2011.pdf,official_courts,data/legal-sources/library/case-law/courts/sc/sc_appeal_124_2011.pdf.txt,13134,13134,13148,0,,True
courts-sc-sc_appeal_125_2011.pdf,official_courts,data/legal-sources/library/case-law/courts/sc/sc_appeal_125_2011.pdf.txt,18741,18741,18741,0,,True
courts-sc-sc_appeal_126_2011.pdf,official_courts,data/legal-sources/library/case-law/courts/sc/sc_appeal_126_2011.pdf.txt,27171,27171,27187,0,,True
courts-sc-sc_appeal_131_2011.pdf,official_courts,data/legal-sources/library/case-law/courts/sc/sc_appeal_131_2011.pdf.txt,33501,33501,33519,0,,True
courts-sc-sc_appeal_138_2011.pdf,official_courts,data/legal-sources/library/case-law/courts/sc/sc_appeal_138_2011.pdf.txt,12302,12302,12302,0,,True
courts-sc-sc_appeal_139_2011.pdf,official_courts,data/legal-sources/library/case-law/courts/sc/sc_appeal_139_2011.pdf.txt,12875,12875,12875,0,,True
courts-sc-sc_appeal_140_2011.pdf,official_courts,data/legal-sources/library/case-law/courts/sc/sc_appeal_140_2011.pdf.txt,20545,20545,20545,0,,True
courts-sc-sc_appeal_144_2011.pdf,official_courts,data/legal-sources/library/case-law/courts/sc/sc_appeal_144_2011.pdf.txt,22928,22928,22928,0,,True
courts-sc-sc_appeal_150_2011.pdf,official_courts,data/legal-sources/library/case-law/courts/sc/sc_appeal_150_2011.pdf.txt,8490,8490,8490,0,,True
courts-sc-sc_appeal_151_2011.pdf,official_courts,data/legal-sources/library/case-law/courts/sc/sc_appeal_151_2011.pdf.txt,14176,14176,14180,0,,True
courts-sc-sc_appeal_155_2011.pdf,official_courts,data/legal-sources/library/case-law/courts/sc/sc_appeal_155_2011.pdf.txt,25874,25874,25878,0,,True
courts-sc-sc_appeal_157_2011.pdf,official_courts,data/legal-sources/library/case-law/courts/sc/sc_appeal_157_2011.pdf.txt,31676,31676,31688,0,,True
courts-sc-sc_appeal_158_2011-1.pdf,official_courts,data/legal-sources/library/case-law/courts/sc/sc_appeal_158_2011-1.pdf.txt,20545,20545,20547,0,,True
courts-sc-sc_appeal_169_2011.pdf,official_courts,data/legal-sources/library/case-law/courts/sc/sc_appeal_169_2011.pdf.txt,55002,55002,55018,0,,True
courts-sc-sc_appeal_16_2011.pdf,official_courts,data/legal-sources/library/case-law/courts/sc/sc_appeal_16_2011.pdf.txt,50014,50014,49638,0,,True
courts-sc-sc_appeal_170_2011.pdf,official_courts,data/legal-sources/library/case-law/courts/sc/sc_appeal_170_2011.pdf.txt,47464,47464,47466,0,,True
courts-sc-sc_appeal_171_2011.pdf,official_courts,data/legal-sources/library/case-law/courts/sc/sc_appeal_171_2011.pdf.txt,19450,19450,19450,0,,True
courts-sc-sc_appeal_173_2011.pdf,official_courts,data/legal-sources/library/case-law/courts/sc/sc_appeal_173_2011.pdf.txt,53614,53614,53628,0,,True
courts-sc-sc_appeal_178_2011.pdf,official_courts,data/legal-sources/library/case-law/courts/sc/sc_appeal_178_2011.pdf.txt,8797,8797,8797,0,,True
courts-sc-sc_appeal_180_2011.pdf,official_courts,data/legal-sources/library/case-law/courts/sc/sc_appeal_180_2011.pdf.txt,14183,14183,14185,0,,True
courts-sc-sc_appeal_183_2011.pdf,official_courts,data/legal-sources/library/case-law/courts/sc/sc_appeal_183_2011.pdf.txt,35748,35748,35467,0,,True
courts-sc-sc_appeal_188_2011.pdf,official_courts,data/legal-sources/library/case-law/courts/sc/sc_appeal_188_2011.pdf.txt,24260,24260,24260,0,,True
courts-sc-sc_appeal_194_2011.pdf,official_courts,data/legal-sources/library/case-law/courts/sc/sc_appeal_194_2011.pdf.txt,18342,18342,18342,0,,True
courts-sc-sc_appeal_196_2011.pdf,official_courts,data/legal-sources/library/case-law/courts/sc/sc_appeal_196_2011.pdf.txt,58278,58278,58296,0,,True
courts-sc-sc_appeal_19_2011-1.pdf,official_courts,data/legal-sources/library/case-law/courts/sc/sc_appeal_19_2011-1.pdf.txt,14595,14595,14595,0,,True
courts-sc-sc_appeal_20_2011.pdf,official_courts,data/legal-sources/library/case-law/courts/sc/sc_appeal_20_2011.pdf.txt,23514,23514,23626,0,,True
courts-sc-sc_appeal_27_2011.pdf,official_courts,data/legal-sources/library/case-law/courts/sc/sc_appeal_27_2011.pdf.txt,29163,29163,29163,0,,True
courts-sc-sc_appeal_36_2011.pdf,official_courts,data/legal-sources/library/case-law/courts/sc/sc_appeal_36_2011.pdf.txt,27467,27467,27481,0,,True
courts-sc-sc_appeal_38_2011.pdf,official_courts,data/legal-sources/library/case-law/courts/sc/sc_appeal_38_2011.pdf.txt,5276,5276,5276,0,,True
courts-sc-sc_appeal_45_2011.pdf,official_courts,data/legal-sources/library/case-law/courts/sc/sc_appeal_45_2011.pdf.txt,20311,20311,20319,0,,True
courts-sc-sc_appeal_4_2011.pdf,official_courts,data/legal-sources/library/case-law/courts/sc/sc_appeal_4_2011.pdf.txt,15168,15168,15168,0,,True
courts-sc-sc_appeal_51_52_2011.pdf,official_courts,data/legal-sources/library/case-law/courts/sc/sc_appeal_51_52_2011.pdf.txt,14870,14870,14870,0,,True
courts-sc-sc_appeal_53_2011.pdf,official_courts,data/legal-sources/library/case-law/courts/sc/sc_appeal_53_2011.pdf.txt,13292,13292,13292,0,,True
courts-sc-sc_appeal_66_2011.pdf,official_courts,data/legal-sources/library/case-law/courts/sc/sc_appeal_66_2011.pdf.txt,16506,16506,16510,0,,True
courts-sc-sc_appeal_73_2011.pdf,official_courts,data/legal-sources/library/case-law/courts/sc/sc_appeal_73_2011.pdf.txt,25306,25306,25310,0,,True
courts-sc-sc_appeal_76_2011.pdf,official_courts,data/legal-sources/library/case-law/courts/sc/sc_appeal_76_2011.pdf.txt,15983,15983,15983,0,,True
courts-sc-sc_appeal_80_2011.pdf,official_courts,data/legal-sources/library/case-law/courts/sc/sc_appeal_80_2011.pdf.txt,11597,11597,11501,0,,True
courts-sc-sc_appeal_83_2011.pdf,official_courts,data/legal-sources/library/case-law/courts/sc/sc_appeal_83_2011.pdf.txt,25284,25284,25286,0,,True
courts-sc-sc_appeal_86_2011.pdf,official_courts,data/legal-sources/library/case-law/courts/sc/sc_appeal_86_2011.pdf.txt,16272,16272,16274,0,,True
courts-sc-sc_appeal_87_2011.pdf,official_courts,data/legal-sources/library/case-law/courts/sc/sc_appeal_87_2011.pdf.txt,17075,17075,17075,0,,True
courts-sc-sc_appeal_89_2011.pdf,official_courts,data/legal-sources/library/case-law/courts/sc/sc_appeal_89_2011.pdf.txt,17041,17041,17039,0,,True
courts-sc-sc_appeal_8_2011.pdf,official_courts,data/legal-sources/library/case-law/courts/sc/sc_appeal_8_2011.pdf.txt,16769,16769,16769,0,,True
courts-sc-sc_appeal_93a_2011.pdf,official_courts,data/legal-sources/library/case-law/courts/sc/sc_appeal_93a_2011.pdf.txt,17551,17551,17551,0,,True
courts-sc-sc_appeal_97_2011.pdf,official_courts,data/legal-sources/library/case-law/courts/sc/sc_appeal_97_2011.pdf.txt,31248,31248,31386,0,,True
courts-sc-sc_appeal_9_2011.pdf,official_courts,data/legal-sources/library/case-law/courts/sc/sc_appeal_9_2011.pdf.txt,29289,29289,29293,0,,True
courts-sc-sc_chc_appeal_22_2011.pdf,official_courts,data/legal-sources/library/case-law/courts/sc/sc_chc_appeal_22_2011.pdf.txt,26243,26243,26243,0,,True
courts-sc-sc_chc_appeal_29_2011.pdf,official_courts,data/legal-sources/library/case-law/courts/sc/sc_chc_appeal_29_2011.pdf.txt,21263,21263,21263,0,,True
courts-sc-sc_chc_appeal_2_2011.pdf,official_courts,data/legal-sources/library/case-law/courts/sc/sc_chc_appeal_2_2011.pdf.txt,18169,18169,18169,0,,True
courts-sc-sc_chc_appeal_6_2011.pdf,official_courts,data/legal-sources/library/case-law/courts/sc/sc_chc_appeal_6_2011.pdf.txt,4353,4353,4353,0,,True
courts-sc-sc_fr_117_2011.pdf,official_courts,data/legal-sources/library/case-law/courts/sc/sc_fr_117_2011.pdf.txt,22194,22194,22194,0,,True
courts-sc-sc_fr_137_2011.pdf,official_courts,data/legal-sources/library/case-law/courts/sc/sc_fr_137_2011.pdf.txt,32690,32690,32690,0,,True
courts-sc-sc_fr_31_2011.pdf,official_courts,data/legal-sources/library/case-law/courts/sc/sc_fr_31_2011.pdf.txt,15611,15611,15611,0,,True
courts-sc-sc_fr_328_2011.pdf,official_courts,data/legal-sources/library/case-law/courts/sc/sc_fr_328_2011.pdf.txt,41395,41395,41403,0,,True
courts-sc-sc_fr_35_2011.pdf,official_courts,data/legal-sources/library/case-law/courts/sc/sc_fr_35_2011.pdf.txt,19495,19495,19505,0,,True
courts-sc-sc_miscellaneous_2_2011.pdf,official_courts,data/legal-sources/library/case-law/courts/sc/sc_miscellaneous_2_2011.pdf.txt,18335,18335,18208,0,,True
courts-sc-sc_rule_3_2011.pdf,official_courts,data/legal-sources/library/case-law/courts/sc/sc_rule_3_2011.pdf.txt,26857,26857,26857,0,,True
courts-sc-SC_FR_30_2012-1.pdf,official_courts,data/legal-sources/library/case-law/courts/sc/SC_FR_30_2012-1.pdf.txt,10503,10503,10505,0,,True
courts-sc-sc_appeal_104_2012.pdf,official_courts,data/legal-sources/library/case-law/courts/sc/sc_appeal_104_2012.pdf.txt,16547,16547,16547,0,,True
courts-sc-sc_appeal_105_2012.pdf,official_courts,data/legal-sources/library/case-law/courts/sc/sc_appeal_105_2012.pdf.txt,11602,11602,11470,0,,True
courts-sc-sc_appeal_117_2012.pdf,official_courts,data/legal-sources/library/case-law/courts/sc/sc_appeal_117_2012.pdf.txt,11600,11600,11600,0,,True
courts-sc-sc_appeal_120_2012.pdf,official_courts,data/legal-sources/library/case-law/courts/sc/sc_appeal_120_2012.pdf.txt,11723,11723,11723,0,,True
courts-sc-sc_appeal_124_2012.pdf,official_courts,data/legal-sources/library/case-law/courts/sc/sc_appeal_124_2012.pdf.txt,19839,19839,19839,0,,True
courts-sc-sc_appeal_125_2012.pdf,official_courts,data/legal-sources/library/case-law/courts/sc/sc_appeal_125_2012.pdf.txt,29304,29304,29063,0,,True
courts-sc-sc_appeal_126_2012.pdf,official_courts,data/legal-sources/library/case-law/courts/sc/sc_appeal_126_2012.pdf.txt,23621,23621,23625,0,,True
courts-sc-sc_appeal_127_2012.pdf,official_courts,data/legal-sources/library/case-law/courts/sc/sc_appeal_127_2012.pdf.txt,46266,46266,46400,0,,True
courts-sc-sc_appeal_128_2012-1.pdf,official_courts,data/legal-sources/library/case-law/courts/sc/sc_appeal_128_2012-1.pdf.txt,7020,7020,7022,0,,True
courts-sc-sc_appeal_12_2012.pdf,official_courts,data/legal-sources/library/case-law/courts/sc/sc_appeal_12_2012.pdf.txt,13959,13959,13959,0,,True
courts-sc-sc_appeal_130_2012.pdf,official_courts,data/legal-sources/library/case-law/courts/sc/sc_appeal_130_2012.pdf.txt,12920,12920,12920,0,,True
courts-sc-sc_appeal_134_2012.pdf,official_courts,data/legal-sources/library/case-law/courts/sc/sc_appeal_134_2012.pdf.txt,31627,31627,31633,0,,True
courts-sc-sc_appeal_138_2012.pdf,official_courts,data/legal-sources/library/case-law/courts/sc/sc_appeal_138_2012.pdf.txt,10549,10549,10551,0,,True
courts-sc-sc_appeal_140_2012.pdf,official_courts,data/legal-sources/library/case-law/courts/sc/sc_appeal_140_2012.pdf.txt,19946,19946,20128,0,,True
courts-sc-sc_appeal_141_2012.pdf,official_courts,data/legal-sources/library/case-law/courts/sc/sc_appeal_141_2012.pdf.txt,20652,20652,20466,0,,True
courts-sc-sc_appeal_143_2012.pdf,official_courts,data/legal-sources/library/case-law/courts/sc/sc_appeal_143_2012.pdf.txt,10542,10542,10542,0,,True
courts-sc-sc_appeal_144_2012.pdf,official_courts,data/legal-sources/library/case-law/courts/sc/sc_appeal_144_2012.pdf.txt,9401,9401,9401,0,,True
courts-sc-sc_appeal_145_2012.pdf,official_courts,data/legal-sources/library/case-law/courts/sc/sc_appeal_145_2012.pdf.txt,18615,18615,18617,0,,True
courts-sc-sc_appeal_14_2012.pdf,official_courts,data/legal-sources/library/case-law/courts/sc/sc_appeal_14_2012.pdf.txt,33920,33920,33920,0,,True
courts-sc-sc_appeal_151_2012.pdf,official_courts,data/legal-sources/library/case-law/courts/sc/sc_appeal_151_2012.pdf.txt,12416,12416,12308,0,,True
courts-sc-sc_appeal_152_2012.pdf,official_courts,data/legal-sources/library/case-law/courts/sc/sc_appeal_152_2012.pdf.txt,16377,16377,16379,0,,True
courts-sc-sc_appeal_154_2012.pdf,official_courts,data/legal-sources/library/case-law/courts/sc/sc_appeal_154_2012.pdf.txt,34043,34043,34049,0,,True
courts-sc-sc_appeal_156_2012.pdf,official_courts,data/legal-sources/library/case-law/courts/sc/sc_appeal_156_2012.pdf.txt,15254,15254,15265,0,,True
courts-sc-sc_appeal_15_2012.pdf,official_courts,data/legal-sources/library/case-law/courts/sc/sc_appeal_15_2012.pdf.txt,14894,14894,14894,0,,True
courts-sc-sc_appeal_164_2012.pdf,official_courts,data/legal-sources/library/case-law/courts/sc/sc_appeal_164_2012.pdf.txt,14417,14417,14421,0,,True
courts-sc-sc_appeal_17_2012-1.pdf,official_courts,data/legal-sources/library/case-law/courts/sc/sc_appeal_17_2012-1.pdf.txt,73157,73157,73229,0,,True
courts-sc-sc_appeal_189_2012.pdf,official_courts,data/legal-sources/library/case-law/courts/sc/sc_appeal_189_2012.pdf.txt,17955,17955,17955,0,,True
courts-sc-sc_appeal_194_2012.pdf,official_courts,data/legal-sources/library/case-law/courts/sc/sc_appeal_194_2012.pdf.txt,15555,15555,15555,0,,True
courts-sc-sc_appeal_195_2012-1.pdf,official_courts,data/legal-sources/library/case-law/courts/sc/sc_appeal_195_2012-1.pdf.txt,16436,16436,16438,0,,True
courts-sc-sc_appeal_197_2012.pdf,official_courts,data/legal-sources/library/case-law/courts/sc/sc_appeal_197_2012.pdf.txt,7782,7782,7784,0,,True
courts-sc-sc_appeal_198_2012.pdf,official_courts,data/legal-sources/library/case-law/courts/sc/sc_appeal_198_2012.pdf.txt,20533,20533,20533,0,,True
courts-sc-sc_appeal_19_2012.pdf,official_courts,data/legal-sources/library/case-law/courts/sc/sc_appeal_19_2012.pdf.txt,24389,24389,24399,0,,True
courts-sc-sc_appeal_200_2012.pdf,official_courts,data/legal-sources/library/case-law/courts/sc/sc_appeal_200_2012.pdf.txt,24655,24655,24444,0,,True
courts-sc-sc_appeal_202_2012.pdf,official_courts,data/legal-sources/library/case-law/courts/sc/sc_appeal_202_2012.pdf.txt,19869,19869,19875,0,,True
courts-sc-sc_appeal_20_2012.pdf,official_courts,data/legal-sources/library/case-law/courts/sc/sc_appeal_20_2012.pdf.txt,22486,22486,22494,0,,True
courts-sc-sc_appeal_213_2012.pdf,official_courts,data/legal-sources/library/case-law/courts/sc/sc_appeal_213_2012.pdf.txt,21448,21448,21454,0,,True
courts-sc-sc_appeal_214_2012.pdf,official_courts,data/legal-sources/library/case-law/courts/sc/sc_appeal_214_2012.pdf.txt,17416,17416,17416,0,,True
courts-sc-sc_appeal_218_2012.pdf,official_courts,data/legal-sources/library/case-law/courts/sc/sc_appeal_218_2012.pdf.txt,10329,10329,10329,0,,True
courts-sc-sc_appeal_221_2012.pdf,official_courts,data/legal-sources/library/case-law/courts/sc/sc_appeal_221_2012.pdf.txt,34882,34882,35058,0,,True
courts-sc-sc_appeal_25_2012.pdf,official_courts,data/legal-sources/library/case-law/courts/sc/sc_appeal_25_2012.pdf.txt,31391,31391,31417,0,,True
courts-sc-sc_appeal_27_2012.pdf,official_courts,data/legal-sources/library/case-law/courts/sc/sc_appeal_27_2012.pdf.txt,30270,30270,30027,0,,True
courts-sc-sc_appeal_33a_2012.pdf,official_courts,data/legal-sources/library/case-law/courts/sc/sc_appeal_33a_2012.pdf.txt,24980,24980,24984,0,,True
courts-sc-sc_appeal_36_2012.pdf,official_courts,data/legal-sources/library/case-law/courts/sc/sc_appeal_36_2012.pdf.txt,14063,14063,14063,0,,True
courts-sc-sc_appeal_37_2012.pdf,official_courts,data/legal-sources/library/case-law/courts/sc/sc_appeal_37_2012.pdf.txt,17431,17431,17431,0,,True
courts-sc-sc_appeal_40_2012.pdf,official_courts,data/legal-sources/library/case-law/courts/sc/sc_appeal_40_2012.pdf.txt,24131,24131,24137,0,,True
courts-sc-sc_appeal_43_2012.pdf,official_courts,data/legal-sources/library/case-law/courts/sc/sc_appeal_43_2012.pdf.txt,19012,19012,19014,0,,True
courts-sc-sc_appeal_44_2012.pdf,official_courts,data/legal-sources/library/case-law/courts/sc/sc_appeal_44_2012.pdf.txt,18064,18064,18082,0,,True
courts-sc-sc_appeal_47_2012.pdf,official_courts,data/legal-sources/library/case-law/courts/sc/sc_appeal_47_2012.pdf.txt,19199,19199,19217,0,,True
courts-sc-sc_appeal_48_2012.pdf,official_courts,data/legal-sources/library/case-law/courts/sc/sc_appeal_48_2012.pdf.txt,15483,15483,15487,0,,True
courts-sc-sc_appeal_4_2012.pdf,official_courts,data/legal-sources/library/case-law/courts/sc/sc_appeal_4_2012.pdf.txt,23668,23668,23672,0,,True
courts-sc-sc_appeal_55_2012.pdf,official_courts,data/legal-sources/library/case-law/courts/sc/sc_appeal_55_2012.pdf.txt,56339,56339,56378,0,,True
courts-sc-sc_appeal_59_2012.pdf,official_courts,data/legal-sources/library/case-law/courts/sc/sc_appeal_59_2012.pdf.txt,44912,44912,44927,0,,True
courts-sc-sc_appeal_5_2012.pdf,official_courts,data/legal-sources/library/case-law/courts/sc/sc_appeal_5_2012.pdf.txt,16521,16521,16529,0,,True
courts-sc-sc_appeal_66_2012.pdf,official_courts,data/legal-sources/library/case-law/courts/sc/sc_appeal_66_2012.pdf.txt,8378,8378,8378,0,,True
courts-sc-sc_appeal_69_2012.pdf,official_courts,data/legal-sources/library/case-law/courts/sc/sc_appeal_69_2012.pdf.txt,25812,25812,25928,0,,True
courts-sc-sc_appeal_72_2012.pdf,official_courts,data/legal-sources/library/case-law/courts/sc/sc_appeal_72_2012.pdf.txt,63258,63258,63266,0,,True
courts-sc-sc_appeal_73_2012-1.pdf,official_courts,data/legal-sources/library/case-law/courts/sc/sc_appeal_73_2012-1.pdf.txt,38960,38960,38960,0,,True
courts-sc-sc_appeal_74_2012.pdf,official_courts,data/legal-sources/library/case-law/courts/sc/sc_appeal_74_2012.pdf.txt,9611,9611,9611,0,,True
courts-sc-sc_appeal_76_2012.pdf,official_courts,data/legal-sources/library/case-law/courts/sc/sc_appeal_76_2012.pdf.txt,38936,38936,38946,0,,True
courts-sc-sc_appeal_78_2012.pdf,official_courts,data/legal-sources/library/case-law/courts/sc/sc_appeal_78_2012.pdf.txt,14189,14189,14058,0,,True
courts-sc-sc_appeal_83_2012.pdf,official_courts,data/legal-sources/library/case-law/courts/sc/sc_appeal_83_2012.pdf.txt,6709,6709,6709,0,,True
courts-sc-sc_appeal_92_2012-1.pdf,official_courts,data/legal-sources/library/case-law/courts/sc/sc_appeal_92_2012-1.pdf.txt,14485,14485,14485,0,,True
courts-sc-sc_appeal_93_2012.pdf,official_courts,data/legal-sources/library/case-law/courts/sc/sc_appeal_93_2012.pdf.txt,7596,7596,7596,0,,True
courts-sc-sc_chc_-44_2012.pdf,official_courts,data/legal-sources/library/case-law/courts/sc/sc_chc_-44_2012.pdf.txt,44033,44033,44049,0,,True
courts-sc-sc_chc_appeal_13_2012.pdf,official_courts,data/legal-sources/library/case-law/courts/sc/sc_chc_appeal_13_2012.pdf.txt,10178,10178,10178,0,,True
courts-sc-sc_chc_appeal_20_2012.pdf,official_courts,data/legal-sources/library/case-law/courts/sc/sc_chc_appeal_20_2012.pdf.txt,18607,18607,18609,0,,True
courts-sc-sc_chc_appeal_3_2012.pdf,official_courts,data/legal-sources/library/case-law/courts/sc/sc_chc_appeal_3_2012.pdf.txt,76111,76111,76125,0,,True
courts-sc-sc_chc_appeal_62_2012.pdf,official_courts,data/legal-sources/library/case-law/courts/sc/sc_chc_appeal_62_2012.pdf.txt,69727,69727,69224,0,,True
courts-sc-sc_chc_appeal_7_2012.pdf,official_courts,data/legal-sources/library/case-law/courts/sc/sc_chc_appeal_7_2012.pdf.txt,9794,9794,9794,0,,True
courts-sc-sc_fr_498_2012.pdf,official_courts,data/legal-sources/library/case-law/courts/sc/sc_fr_498_2012.pdf.txt,17992,17992,17994,0,,True
courts-sc-sc_fr_96_2012.pdf,official_courts,data/legal-sources/library/case-law/courts/sc/sc_fr_96_2012.pdf.txt,7681,7681,7681,0,,True
courts-sc-sc_misc_02_2012-1.pdf,official_courts,data/legal-sources/library/case-law/courts/sc/sc_misc_02_2012-1.pdf.txt,40612,40612,40652,0,,True
courts-sc-sc_misc_2_2012-1.pdf,official_courts,data/legal-sources/library/case-law/courts/sc/sc_misc_2_2012-1.pdf.txt,40612,40612,40652,0,,True
courts-sc-sc_tab_2_2012.pdf,official_courts,data/legal-sources/library/case-law/courts/sc/sc_tab_2_2012.pdf.txt,130170,130170,129187,0,,True
courts-sc-sc_appeal_100_2013.pdf,official_courts,data/legal-sources/library/case-law/courts/sc/sc_appeal_100_2013.pdf.txt,14863,14863,14929,0,,True
courts-sc-sc_appeal_101_2013-1.pdf,official_courts,data/legal-sources/library/case-law/courts/sc/sc_appeal_101_2013-1.pdf.txt,17169,17169,17181,0,,True
courts-sc-sc_appeal_102_2013.pdf,official_courts,data/legal-sources/library/case-law/courts/sc/sc_appeal_102_2013.pdf.txt,8708,8708,8708,0,,True
courts-sc-sc_appeal_103_2013.pdf,official_courts,data/legal-sources/library/case-law/courts/sc/sc_appeal_103_2013.pdf.txt,34601,34601,34601,0,,True
courts-sc-sc_appeal_105_2013.pdf,official_courts,data/legal-sources/library/case-law/courts/sc/sc_appeal_105_2013.pdf.txt,30240,30240,30240,0,,True
courts-sc-sc_appeal_106_2013.pdf,official_courts,data/legal-sources/library/case-law/courts/sc/sc_appeal_106_2013.pdf.txt,7146,7146,7146,0,,True
courts-sc-sc_appeal_10_2013.pdf,official_courts,data/legal-sources/library/case-law/courts/sc/sc_appeal_10_2013.pdf.txt,8566,8566,8568,0,,True
courts-sc-sc_appeal_111_2013.pdf,official_courts,data/legal-sources/library/case-law/courts/sc/sc_appeal_111_2013.pdf.txt,31110,31110,30865,0,,True
courts-sc-sc_appeal_115_2013.pdf,official_courts,data/legal-sources/library/case-law/courts/sc/sc_appeal_115_2013.pdf.txt,15520,15520,15375,0,,True
courts-sc-sc_appeal_116_2013.pdf,official_courts,data/legal-sources/library/case-law/courts/sc/sc_appeal_116_2013.pdf.txt,11912,11912,11912,0,,True
courts-sc-sc_appeal_11_2013.pdf,official_courts,data/legal-sources/library/case-law/courts/sc/sc_appeal_11_2013.pdf.txt,36299,36299,36307,0,,True
courts-sc-sc_appeal_120_2013.pdf,official_courts,data/legal-sources/library/case-law/courts/sc/sc_appeal_120_2013.pdf.txt,31936,31936,31942,0,,True
courts-sc-sc_appeal_122_2013.pdf,official_courts,data/legal-sources/library/case-law/courts/sc/sc_appeal_122_2013.pdf.txt,16916,16916,16916,0,,True
courts-sc-sc_appeal_123_2013.pdf,official_courts,data/legal-sources/library/case-law/courts/sc/sc_appeal_123_2013.pdf.txt,40977,40977,40979,0,,True
courts-sc-sc_appeal_127_2013.pdf,official_courts,data/legal-sources/library/case-law/courts/sc/sc_appeal_127_2013.pdf.txt,13108,13108,13112,0,,True
courts-sc-sc_appeal_129_2013.pdf,official_courts,data/legal-sources/library/case-law/courts/sc/sc_appeal_129_2013.pdf.txt,13201,13201,13203,0,,True
courts-sc-sc_appeal_133_2013.pdf,official_courts,data/legal-sources/library/case-law/courts/sc/sc_appeal_133_2013.pdf.txt,37595,37595,37707,0,,True
courts-sc-sc_appeal_134_2013.pdf,official_courts,data/legal-sources/library/case-law/courts/sc/sc_appeal_134_2013.pdf.txt,13333,13333,13337,0,,True
courts-sc-sc_appeal_139_2013.pdf,official_courts,data/legal-sources/library/case-law/courts/sc/sc_appeal_139_2013.pdf.txt,11724,11724,11724,0,,True
courts-sc-sc_appeal_143_2013.pdf,official_courts,data/legal-sources/library/case-law/courts/sc/sc_appeal_143_2013.pdf.txt,14268,14268,14268,0,,True
courts-sc-sc_appeal_145_2013.pdf,official_courts,data/legal-sources/library/case-law/courts/sc/sc_appeal_145_2013.pdf.txt,26504,26504,26285,0,,True
courts-sc-sc_appeal_146_2013.pdf,official_courts,data/legal-sources/library/case-law/courts/sc/sc_appeal_146_2013.pdf.txt,13174,13174,13174,0,,True
courts-sc-sc_appeal_148_2013.pdf,official_courts,data/legal-sources/library/case-law/courts/sc/sc_appeal_148_2013.pdf.txt,7333,7333,7333,0,,True
courts-sc-sc_appeal_149_2013.pdf,official_courts,data/legal-sources/library/case-law/courts/sc/sc_appeal_149_2013.pdf.txt,8510,8510,8510,0,,True
courts-sc-sc_appeal_151_2013.pdf,official_courts,data/legal-sources/library/case-law/courts/sc/sc_appeal_151_2013.pdf.txt,14808,14808,14808,0,,True
courts-sc-sc_appeal_153_2013.pdf,official_courts,data/legal-sources/library/case-law/courts/sc/sc_appeal_153_2013.pdf.txt,35352,35352,35362,0,,True
courts-sc-sc_appeal_158_2013.pdf,official_courts,data/legal-sources/library/case-law/courts/sc/sc_appeal_158_2013.pdf.txt,26402,26402,26410,0,,True
courts-sc-sc_appeal_160_2013.pdf,official_courts,data/legal-sources/library/case-law/courts/sc/sc_appeal_160_2013.pdf.txt,12393,12393,12393,0,,True
courts-sc-sc_appeal_161_2013.pdf,official_courts,data/legal-sources/library/case-law/courts/sc/sc_appeal_161_2013.pdf.txt,14495,14495,14495,0,,True
courts-sc-sc_appeal_162_2013.pdf,official_courts,data/legal-sources/library/case-law/courts/sc/sc_appeal_162_2013.pdf.txt,21766,21766,21579,0,,True
courts-sc-sc_appeal_166_2013.pdf,official_courts,data/legal-sources/library/case-law/courts/sc/sc_appeal_166_2013.pdf.txt,60339,60339,60357,0,,True
courts-sc-sc_appeal_167_2013.pdf,official_courts,data/legal-sources/library/case-law/courts/sc/sc_appeal_167_2013.pdf.txt,36200,36200,36284,0,,True
courts-sc-sc_appeal_169_2013.pdf,official_courts,data/legal-sources/library/case-law/courts/sc/sc_appeal_169_2013.pdf.txt,19414,19414,19414,0,,True
courts-sc-sc_appeal_16_2013.pdf,official_courts,data/legal-sources/library/case-law/courts/sc/sc_appeal_16_2013.pdf.txt,22995,22995,23019,0,,True
courts-sc-sc_appeal_172_2013.pdf,official_courts,data/legal-sources/library/case-law/courts/sc/sc_appeal_172_2013.pdf.txt,33731,33731,33741,0,,True
courts-sc-sc_appeal_178_2013.pdf,official_courts,data/legal-sources/library/case-law/courts/sc/sc_appeal_178_2013.pdf.txt,21887,21887,21909,0,,True
courts-sc-sc_appeal_19_2014_with_sc-_-appeal_72_2013-1.pdf,official_courts,data/legal-sources/library/case-law/courts/sc/sc_appeal_19_2014_with_sc-_-appeal_72_2013-1.pdf.txt,45263,45263,45265,0,,True
courts-sc-sc_appeal_27_2013.pdf,official_courts,data/legal-sources/library/case-law/courts/sc/sc_appeal_27_2013.pdf.txt,14837,14837,14837,0,,True
courts-sc-sc_appeal_28_2013.pdf,official_courts,data/legal-sources/library/case-law/courts/sc/sc_appeal_28_2013.pdf.txt,24992,24992,25250,0,,True
courts-sc-sc_appeal_29_2013.pdf,official_courts,data/legal-sources/library/case-law/courts/sc/sc_appeal_29_2013.pdf.txt,37162,37162,37228,0,,True
courts-sc-sc_appeal_30_2013.pdf,official_courts,data/legal-sources/library/case-law/courts/sc/sc_appeal_30_2013.pdf.txt,51446,51446,51580,0,,True
courts-sc-sc_appeal_31_2013.pdf,official_courts,data/legal-sources/library/case-law/courts/sc/sc_appeal_31_2013.pdf.txt,17085,17085,17085,0,,True
courts-sc-sc_appeal_33_2013-1.pdf,official_courts,data/legal-sources/library/case-law/courts/sc/sc_appeal_33_2013-1.pdf.txt,13381,13381,13383,0,,True
courts-sc-sc_appeal_40_2013.pdf,official_courts,data/legal-sources/library/case-law/courts/sc/sc_appeal_40_2013.pdf.txt,51508,51508,51508,0,,True
courts-sc-sc_appeal_41_2013.pdf,official_courts,data/legal-sources/library/case-law/courts/sc/sc_appeal_41_2013.pdf.txt,15069,15069,15073,0,,True
courts-sc-sc_appeal_46_2013.pdf,official_courts,data/legal-sources/library/case-law/courts/sc/sc_appeal_46_2013.pdf.txt,28532,28532,28626,0,,True
courts-sc-sc_appeal_48_2013.pdf,official_courts,data/legal-sources/library/case-law/courts/sc/sc_appeal_48_2013.pdf.txt,19806,19806,19806,0,,True
courts-sc-sc_appeal_49_2013.pdf,official_courts,data/legal-sources/library/case-law/courts/sc/sc_appeal_49_2013.pdf.txt,30091,30091,29901,0,,True
courts-sc-sc_appeal_50a_2013.pdf,official_courts,data/legal-sources/library/case-law/courts/sc/sc_appeal_50a_2013.pdf.txt,35797,35797,35801,0,,True
courts-sc-sc_appeal_53_2013.pdf,official_courts,data/legal-sources/library/case-law/courts/sc/sc_appeal_53_2013.pdf.txt,9511,9511,9511,0,,True
courts-sc-sc_appeal_55_2013.pdf,official_courts,data/legal-sources/library/case-law/courts/sc/sc_appeal_55_2013.pdf.txt,20308,20308,20308,0,,True
courts-sc-sc_appeal_57_2013.pdf,official_courts,data/legal-sources/library/case-law/courts/sc/sc_appeal_57_2013.pdf.txt,41958,41958,41961,0,,True
courts-sc-sc_appeal_5_2013.pdf,official_courts,data/legal-sources/library/case-law/courts/sc/sc_appeal_5_2013.pdf.txt,17907,17907,17907,0,,True
courts-sc-sc_appeal_61_2013-1.pdf,official_courts,data/legal-sources/library/case-law/courts/sc/sc_appeal_61_2013-1.pdf.txt,24338,24338,24446,0,,True
courts-sc-sc_appeal_66_2013.pdf,official_courts,data/legal-sources/library/case-law/courts/sc/sc_appeal_66_2013.pdf.txt,23117,23117,22986,0,,True
courts-sc-sc_appeal_68_2013.pdf,official_courts,data/legal-sources/library/case-law/courts/sc/sc_appeal_68_2013.pdf.txt,18153,18153,18153,0,,True
courts-sc-sc_appeal_69_2013.pdf,official_courts,data/legal-sources/library/case-law/courts/sc/sc_appeal_69_2013.pdf.txt,40215,40215,39839,0,,True
courts-sc-sc_appeal_6_2013.pdf,official_courts,data/legal-sources/library/case-law/courts/sc/sc_appeal_6_2013.pdf.txt,8335,8335,8335,0,,True
courts-sc-sc_appeal_70_2013.pdf,official_courts,data/legal-sources/library/case-law/courts/sc/sc_appeal_70_2013.pdf.txt,18332,18332,18332,0,,True
courts-sc-sc_appeal_73_2013.pdf,official_courts,data/legal-sources/library/case-law/courts/sc/sc_appeal_73_2013.pdf.txt,17798,17798,17798,0,,True
courts-sc-sc_appeal_75_2013.pdf,official_courts,data/legal-sources/library/case-law/courts/sc/sc_appeal_75_2013.pdf.txt,8911,8911,8911,0,,True
courts-sc-sc_appeal_77_2013.pdf,official_courts,data/legal-sources/library/case-law/courts/sc/sc_appeal_77_2013.pdf.txt,69448,69448,69532,0,,True
courts-sc-sc_appeal_78_2013.pdf,official_courts,data/legal-sources/library/case-law/courts/sc/sc_appeal_78_2013.pdf.txt,9299,9299,9299,0,,True
courts-sc-sc_appeal_81_2013.pdf,official_courts,data/legal-sources/library/case-law/courts/sc/sc_appeal_81_2013.pdf.txt,6515,6515,6535,0,,True
courts-sc-sc_appeal_83_2013.pdf,official_courts,data/legal-sources/library/case-law/courts/sc/sc_appeal_83_2013.pdf.txt,17358,17358,17358,0,,True
courts-sc-sc_appeal_8_2013.pdf,official_courts,data/legal-sources/library/case-law/courts/sc/sc_appeal_8_2013.pdf.txt,10581,10581,10581,0,,True
courts-sc-sc_appeal_91_2013.pdf,official_courts,data/legal-sources/library/case-law/courts/sc/sc_appeal_91_2013.pdf.txt,18912,18912,18912,0,,True
courts-sc-sc_appeal_92_93_2013.pdf,official_courts,data/legal-sources/library/case-law/courts/sc/sc_appeal_92_93_2013.pdf.txt,22202,22202,22206,0,,True
courts-sc-sc_appeal_94_2013-1.pdf,official_courts,data/legal-sources/library/case-law/courts/sc/sc_appeal_94_2013-1.pdf.txt,10466,10466,10466,0,,True
courts-sc-sc_appeal_96_2013.pdf,official_courts,data/legal-sources/library/case-law/courts/sc/sc_appeal_96_2013.pdf.txt,18243,18243,18249,0,,True
courts-sc-sc_appeal_99_2013.pdf,official_courts,data/legal-sources/library/case-law/courts/sc/sc_appeal_99_2013.pdf.txt,8911,8911,8911,0,,True
courts-sc-sc_chc_appeal_19_2013-1.pdf,official_courts,data/legal-sources/library/case-law/courts/sc/sc_chc_appeal_19_2013-1.pdf.txt,34109,34109,34109,0,,True
courts-sc-sc_chc_appeal_22_2013.pdf,official_courts,data/legal-sources/library/case-law/courts/sc/sc_chc_appeal_22_2013.pdf.txt,33648,33648,33652,0,,True
courts-sc-sc_chc_appeal_23_2013.pdf,official_courts,data/legal-sources/library/case-law/courts/sc/sc_chc_appeal_23_2013.pdf.txt,22295,22295,22122,0,,True
courts-sc-sc_chc_appeal_30_2013.pdf,official_courts,data/legal-sources/library/case-law/courts/sc/sc_chc_appeal_30_2013.pdf.txt,39044,39044,39092,0,,True
courts-sc-sc_chc_appeal_48_2013.pdf,official_courts,data/legal-sources/library/case-law/courts/sc/sc_chc_appeal_48_2013.pdf.txt,28769,28769,28775,0,,True
courts-sc-sc_chc_appeal_56_2013-1.pdf,official_courts,data/legal-sources/library/case-law/courts/sc/sc_chc_appeal_56_2013-1.pdf.txt,8414,8414,8414,0,,True
courts-sc-sc_chc_appeal_5_2013.pdf,official_courts,data/legal-sources/library/case-law/courts/sc/sc_chc_appeal_5_2013.pdf.txt,28222,28222,28330,0,,True
courts-sc-sc_chc_appeal_64_2013.pdf,official_courts,data/legal-sources/library/case-law/courts/sc/sc_chc_appeal_64_2013.pdf.txt,35998,35998,35719,0,,True
courts-sc-sc_chc_appeal_69_2013-1.pdf,official_courts,data/legal-sources/library/case-law/courts/sc/sc_chc_appeal_69_2013-1.pdf.txt,38411,38411,38174,0,,True
courts-sc-sc_chc_appeal_72_2013.pdf,official_courts,data/legal-sources/library/case-law/courts/sc/sc_chc_appeal_72_2013.pdf.txt,24597,24597,24398,0,,True
courts-sc-sc_fr_158_2013.pdf,official_courts,data/legal-sources/library/case-law/courts/sc/sc_fr_158_2013.pdf.txt,28935,28935,28945,0,,True
courts-sc-sc_fr_236_2013.pdf,official_courts,data/legal-sources/library/case-law/courts/sc/sc_fr_236_2013.pdf.txt,23080,23080,23080,0,,True
courts-sc-sc_fr_237_2013.pdf,official_courts,data/legal-sources/library/case-law/courts/sc/sc_fr_237_2013.pdf.txt,23058,23058,23058,0,,True
courts-sc-sc_fr_238_2013.pdf,official_courts,data/legal-sources/library/case-law/courts/sc/sc_fr_238_2013.pdf.txt,23060,23060,23060,0,,True
courts-sc-sc_fr_24_2013.pdf,official_courts,data/legal-sources/library/case-law/courts/sc/sc_fr_24_2013.pdf.txt,15940,15940,15940,0,,True
courts-sc-sc_fr_350_2013.pdf,official_courts,data/legal-sources/library/case-law/courts/sc/sc_fr_350_2013.pdf.txt,14928,14928,14930,0,,True
courts-sc-sc_fr_37_2013-1.pdf,official_courts,data/legal-sources/library/case-law/courts/sc/sc_fr_37_2013-1.pdf.txt,6890,6890,6890,0,,True
courts-sc-sc_fr_39_2013.pdf,official_courts,data/legal-sources/library/case-law/courts/sc/sc_fr_39_2013.pdf.txt,14358,14358,14358,0,,True
courts-sc-sc_hc_cala_306_2013.pdf,official_courts,data/legal-sources/library/case-law/courts/sc/sc_hc_cala_306_2013.pdf.txt,16164,16164,16178,0,,True
courts-sc-sc_hcla_42_2013.pdf,official_courts,data/legal-sources/library/case-law/courts/sc/sc_hcla_42_2013.pdf.txt,12334,12334,12334,0,,True
courts-sc-ac_appeal_217_2014-1.pdf,official_courts,data/legal-sources/library/case-law/courts/sc/ac_appeal_217_2014-1.pdf.txt,47507,47507,47553,0,,True
courts-sc-sc_appeal_08_2014-1.pdf,official_courts,data/legal-sources/library/case-law/courts/sc/sc_appeal_08_2014-1.pdf.txt,62269,62269,62283,0,,True
courts-sc-sc_appeal_104_2014.pdf,official_courts,data/legal-sources/library/case-law/courts/sc/sc_appeal_104_2014.pdf.txt,31577,31577,31583,0,,True
courts-sc-sc_appeal_108_2014.pdf,official_courts,data/legal-sources/library/case-law/courts/sc/sc_appeal_108_2014.pdf.txt,13498,13498,13498,0,,True
courts-sc-sc_appeal_110_2014-1.pdf,official_courts,data/legal-sources/library/case-law/courts/sc/sc_appeal_110_2014-1.pdf.txt,14719,14719,14719,0,,True
courts-sc-sc_appeal_111_2014.pdf,official_courts,data/legal-sources/library/case-law/courts/sc/sc_appeal_111_2014.pdf.txt,28512,28512,28528,0,,True
courts-sc-sc_appeal_113_2014.pdf,official_courts,data/legal-sources/library/case-law/courts/sc/sc_appeal_113_2014.pdf.txt,21731,21731,21731,0,,True
courts-sc-sc_appeal_116_2014.pdf,official_courts,data/legal-sources/library/case-law/courts/sc/sc_appeal_116_2014.pdf.txt,17940,17940,17940,0,,True
courts-sc-sc_appeal_118_2014.pdf,official_courts,data/legal-sources/library/case-law/courts/sc/sc_appeal_118_2014.pdf.txt,7915,7915,7915,0,,True
courts-sc-sc_appeal_119_2014.pdf,official_courts,data/legal-sources/library/case-law/courts/sc/sc_appeal_119_2014.pdf.txt,11814,11814,11818,0,,True
courts-sc-sc_appeal_11_2014.pdf,official_courts,data/legal-sources/library/case-law/courts/sc/sc_appeal_11_2014.pdf.txt,17663,17663,17685,0,,True
courts-sc-sc_appeal_120_2014.pdf,official_courts,data/legal-sources/library/case-law/courts/sc/sc_appeal_120_2014.pdf.txt,58514,58514,58676,0,,True
courts-sc-sc_appeal_124_2014.pdf,official_courts,data/legal-sources/library/case-law/courts/sc/sc_appeal_124_2014.pdf.txt,16871,16871,16705,0,,True
courts-sc-sc_appeal_127_2014.pdf,official_courts,data/legal-sources/library/case-law/courts/sc/sc_appeal_127_2014.pdf.txt,33266,33266,33266,0,,True
courts-sc-sc_appeal_129_2014.pdf,official_courts,data/legal-sources/library/case-law/courts/sc/sc_appeal_129_2014.pdf.txt,46104,46104,46222,0,,True
courts-sc-sc_appeal_132_2014.pdf,official_courts,data/legal-sources/library/case-law/courts/sc/sc_appeal_132_2014.pdf.txt,31173,31173,30888,0,,True
courts-sc-sc_appeal_134_2014.pdf,official_courts,data/legal-sources/library/case-law/courts/sc/sc_appeal_134_2014.pdf.txt,44166,44166,44288,0,,True
courts-sc-sc_appeal_13_2014.pdf,official_courts,data/legal-sources/library/case-law/courts/sc/sc_appeal_13_2014.pdf.txt,50946,50946,50946,0,,True
courts-sc-sc_appeal_147_2014.pdf,official_courts,data/legal-sources/library/case-law/courts/sc/sc_appeal_147_2014.pdf.txt,58084,58084,58088,0,,True
courts-sc-sc_appeal_149_2014.pdf,official_courts,data/legal-sources/library/case-law/courts/sc/sc_appeal_149_2014.pdf.txt,27123,27123,27125,0,,True
courts-sc-sc_appeal_14_2014.pdf,official_courts,data/legal-sources/library/case-law/courts/sc/sc_appeal_14_2014.pdf.txt,27399,27399,27467,0,,True
courts-sc-sc_appeal_158_2014.pdf,official_courts,data/legal-sources/library/case-law/courts/sc/sc_appeal_158_2014.pdf.txt,13306,13306,13308,0,,True
courts-sc-sc_appeal_160_2014.pdf,official_courts,data/legal-sources/library/case-law/courts/sc/sc_appeal_160_2014.pdf.txt,8787,8787,8789,0,,True
courts-sc-sc_appeal_162_2014-1.pdf,official_courts,data/legal-sources/library/case-law/courts/sc/sc_appeal_162_2014-1.pdf.txt,14681,14681,14789,0,,True
courts-sc-sc_appeal_165_2014.pdf,official_courts,data/legal-sources/library/case-law/courts/sc/sc_appeal_165_2014.pdf.txt,10231,10231,10231,0,,True
courts-sc-sc_appeal_168_2014.pdf,official_courts,data/legal-sources/library/case-law/courts/sc/sc_appeal_168_2014.pdf.txt,16384,16384,16384,0,,True
courts-sc-sc_appeal_170_2014.pdf,official_courts,data/legal-sources/library/case-law/courts/sc/sc_appeal_170_2014.pdf.txt,18669,18669,18669,0,,True
courts-sc-sc_appeal_172_2014_am1.pdf,official_courts,data/legal-sources/library/case-law/courts/sc/sc_appeal_172_2014_am1.pdf.txt,29605,29605,29631,0,,True
courts-sc-sc_appeal_174_2014.pdf,official_courts,data/legal-sources/library/case-law/courts/sc/sc_appeal_174_2014.pdf.txt,24911,24911,24911,0,,True
courts-sc-sc_appeal_176_2014.pdf,official_courts,data/legal-sources/library/case-law/courts/sc/sc_appeal_176_2014.pdf.txt,18158,18158,18174,0,,True
courts-sc-sc_appeal_179_2014.pdf,official_courts,data/legal-sources/library/case-law/courts/sc/sc_appeal_179_2014.pdf.txt,9182,9182,9184,0,,True
courts-sc-sc_appeal_181_2014.pdf,official_courts,data/legal-sources/library/case-law/courts/sc/sc_appeal_181_2014.pdf.txt,36799,36799,36805,0,,True
courts-sc-sc_appeal_182_2014.pdf,official_courts,data/legal-sources/library/case-law/courts/sc/sc_appeal_182_2014.pdf.txt,30670,30670,30670,0,,True
courts-sc-sc_appeal_183_2014.pdf,official_courts,data/legal-sources/library/case-law/courts/sc/sc_appeal_183_2014.pdf.txt,16274,16274,16276,0,,True
courts-sc-sc_appeal_184_2014.pdf,official_courts,data/legal-sources/library/case-law/courts/sc/sc_appeal_184_2014.pdf.txt,37977,37977,38109,0,,True
courts-sc-sc_appeal_185_2014-1.pdf,official_courts,data/legal-sources/library/case-law/courts/sc/sc_appeal_185_2014-1.pdf.txt,19869,19869,19869,0,,True
courts-sc-sc_appeal_188_2014.pdf,official_courts,data/legal-sources/library/case-law/courts/sc/sc_appeal_188_2014.pdf.txt,29638,29638,29646,0,,True
courts-sc-sc_appeal_189_2014.pdf,official_courts,data/legal-sources/library/case-law/courts/sc/sc_appeal_189_2014.pdf.txt,10854,10854,10757,0,,True
courts-sc-sc_appeal_193_2014.pdf,official_courts,data/legal-sources/library/case-law/courts/sc/sc_appeal_193_2014.pdf.txt,12226,12226,12228,0,,True
courts-sc-sc_appeal_194_2014.pdf,official_courts,data/legal-sources/library/case-law/courts/sc/sc_appeal_194_2014.pdf.txt,8578,8578,8578,0,,True
courts-sc-sc_appeal_198_2014.pdf,official_courts,data/legal-sources/library/case-law/courts/sc/sc_appeal_198_2014.pdf.txt,84229,84229,84289,0,,True
courts-sc-sc_appeal_205_2014.pdf,official_courts,data/legal-sources/library/case-law/courts/sc/sc_appeal_205_2014.pdf.txt,15669,15669,15675,0,,True
courts-sc-sc_appeal_208_2014.pdf,official_courts,data/legal-sources/library/case-law/courts/sc/sc_appeal_208_2014.pdf.txt,6187,6187,6197,0,,True
courts-sc-sc_appeal_209_2014.pdf,official_courts,data/legal-sources/library/case-law/courts/sc/sc_appeal_209_2014.pdf.txt,14138,14138,14142,0,,True
courts-sc-sc_appeal_211_2014.pdf,official_courts,data/legal-sources/library/case-law/courts/sc/sc_appeal_211_2014.pdf.txt,18051,18051,18057,0,,True
courts-sc-sc_appeal_218_2014.pdf,official_courts,data/legal-sources/library/case-law/courts/sc/sc_appeal_218_2014.pdf.txt,14258,14258,14262,0,,True
courts-sc-sc_appeal_219_2014.pdf,official_courts,data/legal-sources/library/case-law/courts/sc/sc_appeal_219_2014.pdf.txt,33947,33947,33944,0,,True
courts-sc-sc_appeal_225_2014.pdf,official_courts,data/legal-sources/library/case-law/courts/sc/sc_appeal_225_2014.pdf.txt,37156,37156,37158,0,,True
courts-sc-sc_appeal_226_2014.pdf,official_courts,data/legal-sources/library/case-law/courts/sc/sc_appeal_226_2014.pdf.txt,24531,24531,24533,0,,True
courts-sc-sc_appeal_231_2014.pdf,official_courts,data/legal-sources/library/case-law/courts/sc/sc_appeal_231_2014.pdf.txt,18731,18731,18731,0,,True
courts-sc-sc_appeal_235_2014.pdf,official_courts,data/legal-sources/library/case-law/courts/sc/sc_appeal_235_2014.pdf.txt,20601,20601,20601,0,,True
courts-sc-sc_appeal_239_2014.pdf,official_courts,data/legal-sources/library/case-law/courts/sc/sc_appeal_239_2014.pdf.txt,14845,14845,14845,0,,True
courts-sc-sc_appeal_23_2014.pdf,official_courts,data/legal-sources/library/case-law/courts/sc/sc_appeal_23_2014.pdf.txt,16192,16192,16192,0,,True
courts-sc-sc_appeal_240_2014.pdf,official_courts,data/legal-sources/library/case-law/courts/sc/sc_appeal_240_2014.pdf.txt,21701,21701,21879,0,,True
courts-sc-sc_appeal_243_2014.pdf,official_courts,data/legal-sources/library/case-law/courts/sc/sc_appeal_243_2014.pdf.txt,12023,12023,12023,0,,True
courts-sc-sc_appeal_244_2014.pdf,official_courts,data/legal-sources/library/case-law/courts/sc/sc_appeal_244_2014.pdf.txt,142611,142611,142699,0,,True
courts-sc-sc_appeal_245_2014.pdf,official_courts,data/legal-sources/library/case-law/courts/sc/sc_appeal_245_2014.pdf.txt,18933,18933,18933,0,,True
courts-sc-sc_appeal_253_2014.pdf,official_courts,data/legal-sources/library/case-law/courts/sc/sc_appeal_253_2014.pdf.txt,43175,43175,43185,0,,True
courts-sc-sc_appeal_28_2014.pdf,official_courts,data/legal-sources/library/case-law/courts/sc/sc_appeal_28_2014.pdf.txt,9054,9054,9054,0,,True
courts-sc-sc_appeal_29_2014.pdf,official_courts,data/legal-sources/library/case-law/courts/sc/sc_appeal_29_2014.pdf.txt,27840,27840,27842,0,,True
courts-sc-sc_appeal_34_2014.pdf,official_courts,data/legal-sources/library/case-law/courts/sc/sc_appeal_34_2014.pdf.txt,21047,21047,21049,0,,True
courts-sc-sc_appeal_36_2014.pdf,official_courts,data/legal-sources/library/case-law/courts/sc/sc_appeal_36_2014.pdf.txt,25974,25974,25996,0,,True
courts-sc-sc_appeal_37_2014.pdf,official_courts,data/legal-sources/library/case-law/courts/sc/sc_appeal_37_2014.pdf.txt,24284,24284,24286,0,,True
courts-sc-sc_appeal_38_2014-1.pdf,official_courts,data/legal-sources/library/case-law/courts/sc/sc_appeal_38_2014-1.pdf.txt,51146,51146,51148,0,,True
courts-sc-sc_appeal_39_2014.pdf,official_courts,data/legal-sources/library/case-law/courts/sc/sc_appeal_39_2014.pdf.txt,47125,47125,47126,0,,True
courts-sc-sc_appeal_40_2014.pdf,official_courts,data/legal-sources/library/case-law/courts/sc/sc_appeal_40_2014.pdf.txt,47348,47348,47354,0,,True
courts-sc-sc_appeal_46_2014.pdf,official_courts,data/legal-sources/library/case-law/courts/sc/sc_appeal_46_2014.pdf.txt,27634,27634,27634,0,,True
courts-sc-sc_appeal_48_2014.pdf,official_courts,data/legal-sources/library/case-law/courts/sc/sc_appeal_48_2014.pdf.txt,18302,18302,18302,0,,True
courts-sc-sc_appeal_49_2014.pdf,official_courts,data/legal-sources/library/case-law/courts/sc/sc_appeal_49_2014.pdf.txt,20009,20009,20009,0,,True
courts-sc-sc_appeal_50_2014.pdf,official_courts,data/legal-sources/library/case-law/courts/sc/sc_appeal_50_2014.pdf.txt,9373,9373,9373,0,,True
courts-sc-sc_appeal_52_2014.pdf,official_courts,data/legal-sources/library/case-law/courts/sc/sc_appeal_52_2014.pdf.txt,32558,32558,32562,0,,True
courts-sc-sc_appeal_57_2014.pdf,official_courts,data/legal-sources/library/case-law/courts/sc/sc_appeal_57_2014.pdf.txt,5915,5915,5915,0,,True
courts-sc-sc_appeal_58_2014-2.pdf,official_courts,data/legal-sources/library/case-law/courts/sc/sc_appeal_58_2014-2.pdf.txt,7595,7595,7595,0,,True
courts-sc-sc_appeal_59_2014.pdf,official_courts,data/legal-sources/library/case-law/courts/sc/sc_appeal_59_2014.pdf.txt,12512,12512,12516,0,,True
courts-sc-sc_appeal_60_2014.pdf,official_courts,data/legal-sources/library/case-law/courts/sc/sc_appeal_60_2014.pdf.txt,22825,22825,22831,0,,True
courts-sc-sc_appeal_64_2014.pdf,official_courts,data/legal-sources/library/case-law/courts/sc/sc_appeal_64_2014.pdf.txt,13804,13804,13804,0,,True
courts-sc-sc_appeal_68_2014.pdf,official_courts,data/legal-sources/library/case-law/courts/sc/sc_appeal_68_2014.pdf.txt,85155,85155,85181,0,,True
courts-sc-sc_appeal_71_2014.pdf,official_courts,data/legal-sources/library/case-law/courts/sc/sc_appeal_71_2014.pdf.txt,19377,19377,19377,0,,True
courts-sc-sc_appeal_75_2014.pdf,official_courts,data/legal-sources/library/case-law/courts/sc/sc_appeal_75_2014.pdf.txt,8002,8002,8002,0,,True
courts-sc-sc_appeal_77_2014.pdf,official_courts,data/legal-sources/library/case-law/courts/sc/sc_appeal_77_2014.pdf.txt,22694,22694,22694,0,,True
courts-sc-sc_appeal_80_2014.pdf,official_courts,data/legal-sources/library/case-law/courts/sc/sc_appeal_80_2014.pdf.txt,27770,27770,27503,0,,True
courts-sc-sc_appeal_82_2014.pdf,official_courts,data/legal-sources/library/case-law/courts/sc/sc_appeal_82_2014.pdf.txt,14202,14202,14236,0,,True
courts-sc-sc_appeal_83_2014.pdf,official_courts,data/legal-sources/library/case-law/courts/sc/sc_appeal_83_2014.pdf.txt,16651,16651,16663,0,,True
courts-sc-sc_appeal_87_2014.pdf,official_courts,data/legal-sources/library/case-law/courts/sc/sc_appeal_87_2014.pdf.txt,55751,55751,55783,0,,True
courts-sc-sc_appeal_92_2014.pdf,official_courts,data/legal-sources/library/case-law/courts/sc/sc_appeal_92_2014.pdf.txt,16160,16160,16162,0,,True
courts-sc-sc_appeal_97_2014.pdf,official_courts,data/legal-sources/library/case-law/courts/sc/sc_appeal_97_2014.pdf.txt,23667,23667,23667,0,,True
courts-sc-sc_appeal_98_2014.pdf,official_courts,data/legal-sources/library/case-law/courts/sc/sc_appeal_98_2014.pdf.txt,8939,8939,8835,0,,True
courts-sc-sc_chc_appeal_11_2014.pdf,official_courts,data/legal-sources/library/case-law/courts/sc/sc_chc_appeal_11_2014.pdf.txt,34556,34556,34327,0,,True
courts-sc-sc_chc_appeal_17_2014.pdf,official_courts,data/legal-sources/library/case-law/courts/sc/sc_chc_appeal_17_2014.pdf.txt,29522,29522,29291,0,,True
courts-sc-sc_chc_appeal_1_2014.pdf,official_courts,data/legal-sources/library/case-law/courts/sc/sc_chc_appeal_1_2014.pdf.txt,37917,37917,37929,0,,True
courts-sc-sc_chc_appeal_22_2014.pdf,official_courts,data/legal-sources/library/case-law/courts/sc/sc_chc_appeal_22_2014.pdf.txt,46037,46037,46037,0,,True
courts-sc-sc_chc_appeal_44_2014.pdf,official_courts,data/legal-sources/library/case-law/courts/sc/sc_chc_appeal_44_2014.pdf.txt,16723,16723,16615,0,,True
courts-sc-sc_chc_appeal_45_2014.pdf,official_courts,data/legal-sources/library/case-law/courts/sc/sc_chc_appeal_45_2014.pdf.txt,10756,10756,10662,0,,True
courts-sc-sc_fr_31_2014.pdf,official_courts,data/legal-sources/library/case-law/courts/sc/sc_fr_31_2014.pdf.txt,17072,17072,17072,0,,True
courts-sc-sc_hc_cala_127_128_2014.pdf,official_courts,data/legal-sources/library/case-law/courts/sc/sc_hc_cala_127_128_2014.pdf.txt,21093,21093,21095,0,,True
courts-sc-sc_hc_cala_449_2014.pdf,official_courts,data/legal-sources/library/case-law/courts/sc/sc_hc_cala_449_2014.pdf.txt,42381,42381,42399,0,,True
courts-sc-sc_spl_3_2014.pdf,official_courts,data/legal-sources/library/case-law/courts/sc/sc_spl_3_2014.pdf.txt,30942,30942,31000,0,,True
courts-sc-sc_appeal_101_2015-1.pdf,official_courts,data/legal-sources/library/case-law/courts/sc/sc_appeal_101_2015-1.pdf.txt,4221,4221,4221,0,,True
courts-sc-sc_appeal_104_2015.pdf,official_courts,data/legal-sources/library/case-law/courts/sc/sc_appeal_104_2015.pdf.txt,24253,24253,24379,0,,True
courts-sc-sc_appeal_105_2015.pdf,official_courts,data/legal-sources/library/case-law/courts/sc/sc_appeal_105_2015.pdf.txt,5830,5830,5830,0,,True
courts-sc-sc_appeal_107_2015.pdf,official_courts,data/legal-sources/library/case-law/courts/sc/sc_appeal_107_2015.pdf.txt,59670,59670,59688,0,,True
courts-sc-sc_appeal_115_2015.pdf,official_courts,data/legal-sources/library/case-law/courts/sc/sc_appeal_115_2015.pdf.txt,24497,24497,24505,0,,True
courts-sc-sc_appeal_119_2015.pdf,official_courts,data/legal-sources/library/case-law/courts/sc/sc_appeal_119_2015.pdf.txt,41357,41357,41357,0,,True
courts-sc-sc_appeal_121_2015.pdf,official_courts,data/legal-sources/library/case-law/courts/sc/sc_appeal_121_2015.pdf.txt,4784,4784,4784,0,,True
courts-sc-sc_appeal_123_2015.pdf,official_courts,data/legal-sources/library/case-law/courts/sc/sc_appeal_123_2015.pdf.txt,11706,11706,11706,0,,True
courts-sc-sc_appeal_124_2015.pdf,official_courts,data/legal-sources/library/case-law/courts/sc/sc_appeal_124_2015.pdf.txt,15483,15483,15282,0,,True
courts-sc-sc_appeal_125_2015.pdf,official_courts,data/legal-sources/library/case-law/courts/sc/sc_appeal_125_2015.pdf.txt,14546,14546,14546,0,,True
courts-sc-sc_appeal_126_2015.pdf,official_courts,data/legal-sources/library/case-law/courts/sc/sc_appeal_126_2015.pdf.txt,34186,34186,33924,0,,True
courts-sc-sc_appeal_132_2015.pdf,official_courts,data/legal-sources/library/case-law/courts/sc/sc_appeal_132_2015.pdf.txt,6573,6573,6573,0,,True
courts-sc-sc_appeal_135_2015.pdf,official_courts,data/legal-sources/library/case-law/courts/sc/sc_appeal_135_2015.pdf.txt,15248,15248,15248,0,,True
courts-sc-sc_appeal_144_2015.pdf,official_courts,data/legal-sources/library/case-law/courts/sc/sc_appeal_144_2015.pdf.txt,32413,32413,32437,0,,True
courts-sc-sc_appeal_146_2015.pdf,official_courts,data/legal-sources/library/case-law/courts/sc/sc_appeal_146_2015.pdf.txt,24635,24635,24434,0,,True
courts-sc-sc_appeal_150_2015.pdf,official_courts,data/legal-sources/library/case-law/courts/sc/sc_appeal_150_2015.pdf.txt,23915,23915,23919,0,,True
courts-sc-sc_appeal_151_2015.pdf,official_courts,data/legal-sources/library/case-law/courts/sc/sc_appeal_151_2015.pdf.txt,18099,18099,17952,0,,True
courts-sc-sc_appeal_156_2015.pdf,official_courts,data/legal-sources/library/case-law/courts/sc/sc_appeal_156_2015.pdf.txt,7611,7611,7611,0,,True
courts-sc-sc_appeal_159_2015.pdf,official_courts,data/legal-sources/library/case-law/courts/sc/sc_appeal_159_2015.pdf.txt,26434,26434,26434,0,,True
courts-sc-sc_appeal_15_2015.pdf,official_courts,data/legal-sources/library/case-law/courts/sc/sc_appeal_15_2015.pdf.txt,34188,34188,34294,0,,True
courts-sc-sc_appeal_160_2015.pdf,official_courts,data/legal-sources/library/case-law/courts/sc/sc_appeal_160_2015.pdf.txt,32859,32859,32861,0,,True
courts-sc-sc_appeal_161_2015.pdf,official_courts,data/legal-sources/library/case-law/courts/sc/sc_appeal_161_2015.pdf.txt,11601,11601,11601,0,,True
courts-sc-sc_appeal_165_2015.pdf,official_courts,data/legal-sources/library/case-law/courts/sc/sc_appeal_165_2015.pdf.txt,18187,18187,18197,0,,True
courts-sc-sc_appeal_169_2015.pdf,official_courts,data/legal-sources/library/case-law/courts/sc/sc_appeal_169_2015.pdf.txt,88963,88963,88276,0,,True
courts-sc-sc_appeal_172_2015.pdf,official_courts,data/legal-sources/library/case-law/courts/sc/sc_appeal_172_2015.pdf.txt,15185,15185,15185,0,,True
courts-sc-sc_appeal_174_2015.pdf,official_courts,data/legal-sources/library/case-law/courts/sc/sc_appeal_174_2015.pdf.txt,6577,6577,6577,0,,True
courts-sc-sc_appeal_179_2015.pdf,official_courts,data/legal-sources/library/case-law/courts/sc/sc_appeal_179_2015.pdf.txt,19542,19542,19542,0,,True
courts-sc-sc_appeal_17_2015.pdf,official_courts,data/legal-sources/library/case-law/courts/sc/sc_appeal_17_2015.pdf.txt,21304,21304,21304,0,,True
courts-sc-sc_appeal_181_182_2015.pdf,official_courts,data/legal-sources/library/case-law/courts/sc/sc_appeal_181_182_2015.pdf.txt,27602,27602,27317,0,,True
courts-sc-sc_appeal_185_2015.pdf,official_courts,data/legal-sources/library/case-law/courts/sc/sc_appeal_185_2015.pdf.txt,22919,22919,22919,0,,True
courts-sc-sc_appeal_189_2015.pdf,official_courts,data/legal-sources/library/case-law/courts/sc/sc_appeal_189_2015.pdf.txt,35497,35497,35254,0,,True
courts-sc-sc_appeal_196_2015-1.pdf,official_courts,data/legal-sources/library/case-law/courts/sc/sc_appeal_196_2015-1.pdf.txt,20311,20311,20315,0,,True
courts-sc-sc_appeal_197_2015.pdf,official_courts,data/legal-sources/library/case-law/courts/sc/sc_appeal_197_2015.pdf.txt,37886,37886,37892,0,,True
courts-sc-sc_appeal_210_2015.pdf,official_courts,data/legal-sources/library/case-law/courts/sc/sc_appeal_210_2015.pdf.txt,49122,49122,49142,0,,True
courts-sc-sc_appeal_211_2015.pdf,official_courts,data/legal-sources/library/case-law/courts/sc/sc_appeal_211_2015.pdf.txt,28743,28743,28763,0,,True
courts-sc-sc_appeal_22_2015.pdf,official_courts,data/legal-sources/library/case-law/courts/sc/sc_appeal_22_2015.pdf.txt,8533,8533,8533,0,,True
courts-sc-sc_appeal_24_2015.pdf,official_courts,data/legal-sources/library/case-law/courts/sc/sc_appeal_24_2015.pdf.txt,15301,15301,15301,0,,True
courts-sc-sc_appeal_2_2015.pdf,official_courts,data/legal-sources/library/case-law/courts/sc/sc_appeal_2_2015.pdf.txt,54827,54827,54835,0,,True
courts-sc-sc_appeal_30_2015.pdf,official_courts,data/legal-sources/library/case-law/courts/sc/sc_appeal_30_2015.pdf.txt,8170,8170,8170,0,,True
courts-sc-sc_appeal_34_2015.pdf,official_courts,data/legal-sources/library/case-law/courts/sc/sc_appeal_34_2015.pdf.txt,20270,20270,20270,0,,True
courts-sc-sc_appeal_40_2015.pdf,official_courts,data/legal-sources/library/case-law/courts/sc/sc_appeal_40_2015.pdf.txt,15646,15646,15503,0,,True
courts-sc-sc_appeal_42_2015_46_2015-1.pdf,official_courts,data/legal-sources/library/case-law/courts/sc/sc_appeal_42_2015_46_2015-1.pdf.txt,29794,29794,29806,0,,True
courts-sc-sc_appeal_43_2015.pdf,official_courts,data/legal-sources/library/case-law/courts/sc/sc_appeal_43_2015.pdf.txt,11321,11321,11321,0,,True
courts-sc-sc_appeal_44_2015.pdf,official_courts,data/legal-sources/library/case-law/courts/sc/sc_appeal_44_2015.pdf.txt,18380,18380,18380,0,,True
courts-sc-sc_appeal_47_2015.pdf,official_courts,data/legal-sources/library/case-law/courts/sc/sc_appeal_47_2015.pdf.txt,24246,24246,24254,0,,True
courts-sc-sc_appeal_4_2015_1.pdf,official_courts,data/legal-sources/library/case-law/courts/sc/sc_appeal_4_2015_1.pdf.txt,52943,52943,52945,0,,True
courts-sc-sc_appeal_50_2015-1.pdf,official_courts,data/legal-sources/library/case-law/courts/sc/sc_appeal_50_2015-1.pdf.txt,26079,26079,26115,0,,True
courts-sc-sc_appeal_51_2015.pdf,official_courts,data/legal-sources/library/case-law/courts/sc/sc_appeal_51_2015.pdf.txt,15327,15327,15327,0,,True
courts-sc-sc_appeal_54_2015.pdf,official_courts,data/legal-sources/library/case-law/courts/sc/sc_appeal_54_2015.pdf.txt,14119,14119,14119,0,,True
courts-sc-sc_appeal_55_2015.pdf,official_courts,data/legal-sources/library/case-law/courts/sc/sc_appeal_55_2015.pdf.txt,5739,5739,5739,0,,True
courts-sc-sc_appeal_56_2015.pdf,official_courts,data/legal-sources/library/case-law/courts/sc/sc_appeal_56_2015.pdf.txt,25582,25582,25584,0,,True
courts-sc-sc_appeal_59_2015.pdf,official_courts,data/legal-sources/library/case-law/courts/sc/sc_appeal_59_2015.pdf.txt,17235,17235,17235,0,,True
courts-sc-sc_appeal_66_64_2015.pdf,official_courts,data/legal-sources/library/case-law/courts/sc/sc_appeal_66_64_2015.pdf.txt,17611,17611,17598,0,,True
courts-sc-sc_appeal_67_2015.pdf,official_courts,data/legal-sources/library/case-law/courts/sc/sc_appeal_67_2015.pdf.txt,16188,16188,16188,0,,True
courts-sc-sc_appeal_68_2015.pdf,official_courts,data/legal-sources/library/case-law/courts/sc/sc_appeal_68_2015.pdf.txt,41809,41809,42113,0,,True
courts-sc-sc_appeal_69_2015-1.pdf,official_courts,data/legal-sources/library/case-law/courts/sc/sc_appeal_69_2015-1.pdf.txt,22372,22372,22374,0,,True
courts-sc-sc_appeal_70_2015.pdf,official_courts,data/legal-sources/library/case-law/courts/sc/sc_appeal_70_2015.pdf.txt,41823,41823,41504,0,,True
courts-sc-sc_appeal_84_2015.pdf,official_courts,data/legal-sources/library/case-law/courts/sc/sc_appeal_84_2015.pdf.txt,27129,27129,27135,0,,True
courts-sc-sc_appeal_8_2015.pdf,official_courts,data/legal-sources/library/case-law/courts/sc/sc_appeal_8_2015.pdf.txt,18579,18579,18579,0,,True
courts-sc-sc_appeal_93_2015.pdf,official_courts,data/legal-sources/library/case-law/courts/sc/sc_appeal_93_2015.pdf.txt,50753,50753,50893,0,,True
courts-sc-sc_appeal_95_2015.pdf,official_courts,data/legal-sources/library/case-law/courts/sc/sc_appeal_95_2015.pdf.txt,18295,18295,18299,0,,True
courts-sc-sc_appeal_97_2015-1.pdf,official_courts,data/legal-sources/library/case-law/courts/sc/sc_appeal_97_2015-1.pdf.txt,15993,15993,15995,0,,True
courts-sc-sc_chc_appeal_10_2015.pdf,official_courts,data/legal-sources/library/case-law/courts/sc/sc_chc_appeal_10_2015.pdf.txt,19242,19242,19250,0,,True
courts-sc-sc_chc_appeal_14_2015.pdf,official_courts,data/legal-sources/library/case-law/courts/sc/sc_chc_appeal_14_2015.pdf.txt,9540,9540,9456,0,,True
courts-sc-sc_chc_appeal_25_2015-1.pdf,official_courts,data/legal-sources/library/case-law/courts/sc/sc_chc_appeal_25_2015-1.pdf.txt,22963,22963,22735,0,,True
courts-sc-sc_fr_141_2015.pdf,official_courts,data/legal-sources/library/case-law/courts/sc/sc_fr_141_2015.pdf.txt,182474,182474,182506,0,,True
courts-sc-sc_fr_162_2015.pdf,official_courts,data/legal-sources/library/case-law/courts/sc/sc_fr_162_2015.pdf.txt,11764,11764,11633,0,,True
courts-sc-sc_fr_19_2015.pdf,official_courts,data/legal-sources/library/case-law/courts/sc/sc_fr_19_2015.pdf.txt,12440,12440,12440,0,,True
courts-sc-sc_fr_1_2015.pdf,official_courts,data/legal-sources/library/case-law/courts/sc/sc_fr_1_2015.pdf.txt,20906,20906,20910,0,,True
courts-sc-sc_fr_311_2015_and_sc_fr_318_2015-3.pdf,official_courts,data/legal-sources/library/case-law/courts/sc/sc_fr_311_2015_and_sc_fr_318_2015-3.pdf.txt,139465,139465,139489,0,,True
courts-sc-sc_hc_cala_119_2015.pdf,official_courts,data/legal-sources/library/case-law/courts/sc/sc_hc_cala_119_2015.pdf.txt,40963,40963,40963,0,,True
courts-sc-sc_appeal_100_2016.pdf,official_courts,data/legal-sources/library/case-law/courts/sc/sc_appeal_100_2016.pdf.txt,5413,5413,5413,0,,True
courts-sc-sc_appeal_101_2016.pdf,official_courts,data/legal-sources/library/case-law/courts/sc/sc_appeal_101_2016.pdf.txt,12849,12849,12849,0,,True
courts-sc-sc_appeal_106_2016.pdf,official_courts,data/legal-sources/library/case-law/courts/sc/sc_appeal_106_2016.pdf.txt,18951,18951,18959,0,,True
courts-sc-sc_appeal_107_2016.pdf,official_courts,data/legal-sources/library/case-law/courts/sc/sc_appeal_107_2016.pdf.txt,13103,13103,13133,0,,True
courts-sc-sc_appeal_10_2016_ed1.pdf,official_courts,data/legal-sources/library/case-law/courts/sc/sc_appeal_10_2016_ed1.pdf.txt,32187,32187,31832,0,,True
courts-sc-sc_appeal_110_2016.pdf,official_courts,data/legal-sources/library/case-law/courts/sc/sc_appeal_110_2016.pdf.txt,26130,26130,26126,0,,True
courts-sc-sc_appeal_118_2016.pdf,official_courts,data/legal-sources/library/case-law/courts/sc/sc_appeal_118_2016.pdf.txt,34057,34057,34059,0,,True
courts-sc-sc_appeal_125_2016.pdf,official_courts,data/legal-sources/library/case-law/courts/sc/sc_appeal_125_2016.pdf.txt,25335,25335,25335,0,,True
courts-sc-sc_appeal_126_2016.pdf,official_courts,data/legal-sources/library/case-law/courts/sc/sc_appeal_126_2016.pdf.txt,17014,17014,16857,0,,True
courts-sc-sc_appeal_128_2016.pdf,official_courts,data/legal-sources/library/case-law/courts/sc/sc_appeal_128_2016.pdf.txt,18078,18078,18078,0,,True
courts-sc-sc_appeal_131_2016.pdf,official_courts,data/legal-sources/library/case-law/courts/sc/sc_appeal_131_2016.pdf.txt,6036,6036,6036,0,,True
courts-sc-sc_appeal_134_2016.pdf,official_courts,data/legal-sources/library/case-law/courts/sc/sc_appeal_134_2016.pdf.txt,22073,22073,22085,0,,True
courts-sc-sc_appeal_135_2016.pdf,official_courts,data/legal-sources/library/case-law/courts/sc/sc_appeal_135_2016.pdf.txt,24814,24814,24858,0,,True
courts-sc-sc_appeal_138_2016.pdf,official_courts,data/legal-sources/library/case-law/courts/sc/sc_appeal_138_2016.pdf.txt,12712,12712,12712,0,,True
courts-sc-sc_appeal_143_2016.pdf,official_courts,data/legal-sources/library/case-law/courts/sc/sc_appeal_143_2016.pdf.txt,11595,11595,11499,0,,True
courts-sc-sc_appeal_144_2016.pdf,official_courts,data/legal-sources/library/case-law/courts/sc/sc_appeal_144_2016.pdf.txt,58193,58193,58211,0,,True
courts-sc-sc_appeal_150_2016.pdf,official_courts,data/legal-sources/library/case-law/courts/sc/sc_appeal_150_2016.pdf.txt,22413,22413,22413,0,,True
courts-sc-sc_appeal_151_2016.pdf,official_courts,data/legal-sources/library/case-law/courts/sc/sc_appeal_151_2016.pdf.txt,28555,28555,28569,0,,True
courts-sc-sc_appeal_153_2016.pdf,official_courts,data/legal-sources/library/case-law/courts/sc/sc_appeal_153_2016.pdf.txt,25408,25408,25207,0,,True
courts-sc-sc_appeal_154_2016.pdf,official_courts,data/legal-sources/library/case-law/courts/sc/sc_appeal_154_2016.pdf.txt,30230,30230,30232,0,,True
courts-sc-sc_appeal_161_2016-1.pdf,official_courts,data/legal-sources/library/case-law/courts/sc/sc_appeal_161_2016-1.pdf.txt,20549,20549,20549,0,,True
courts-sc-sc_appeal_163_2016.pdf,official_courts,data/legal-sources/library/case-law/courts/sc/sc_appeal_163_2016.pdf.txt,17882,17882,17884,0,,True
courts-sc-sc_appeal_165_2016.pdf,official_courts,data/legal-sources/library/case-law/courts/sc/sc_appeal_165_2016.pdf.txt,5573,5573,5573,0,,True
courts-sc-sc_appeal_166_2016.pdf,official_courts,data/legal-sources/library/case-law/courts/sc/sc_appeal_166_2016.pdf.txt,34016,34016,34016,0,,True
courts-sc-sc_appeal_168_2016.pdf,official_courts,data/legal-sources/library/case-law/courts/sc/sc_appeal_168_2016.pdf.txt,19486,19486,19355,0,,True
courts-sc-sc_appeal_171_2016.pdf,official_courts,data/legal-sources/library/case-law/courts/sc/sc_appeal_171_2016.pdf.txt,12546,12546,12462,0,,True
courts-sc-sc_appeal_172_2016.pdf,official_courts,data/legal-sources/library/case-law/courts/sc/sc_appeal_172_2016.pdf.txt,24572,24572,24574,0,,True
courts-sc-sc_appeal_175_2016.pdf,official_courts,data/legal-sources/library/case-law/courts/sc/sc_appeal_175_2016.pdf.txt,19544,19544,19544,0,,True
courts-sc-sc_appeal_176_2016.pdf,official_courts,data/legal-sources/library/case-law/courts/sc/sc_appeal_176_2016.pdf.txt,13044,13044,13044,0,,True
courts-sc-sc_appeal_179_2016.pdf,official_courts,data/legal-sources/library/case-law/courts/sc/sc_appeal_179_2016.pdf.txt,21843,21843,21849,0,,True
courts-sc-sc_appeal_17_2016.pdf,official_courts,data/legal-sources/library/case-law/courts/sc/sc_appeal_17_2016.pdf.txt,17415,17415,17419,0,,True
courts-sc-sc_appeal_183_2016.pdf,official_courts,data/legal-sources/library/case-law/courts/sc/sc_appeal_183_2016.pdf.txt,17591,17591,17591,0,,True
courts-sc-sc_appeal_190_2016.pdf,official_courts,data/legal-sources/library/case-law/courts/sc/sc_appeal_190_2016.pdf.txt,27285,27285,27096,0,,True
courts-sc-sc_appeal_1_2016.pdf,official_courts,data/legal-sources/library/case-law/courts/sc/sc_appeal_1_2016.pdf.txt,25035,25035,25047,0,,True
courts-sc-sc_appeal_202_2016.pdf,official_courts,data/legal-sources/library/case-law/courts/sc/sc_appeal_202_2016.pdf.txt,5147,5147,5149,0,,True
courts-sc-sc_appeal_203_2016.pdf,official_courts,data/legal-sources/library/case-law/courts/sc/sc_appeal_203_2016.pdf.txt,5222,5222,5222,0,,True
courts-sc-sc_appeal_205_2016.pdf,official_courts,data/legal-sources/library/case-law/courts/sc/sc_appeal_205_2016.pdf.txt,7608,7608,7608,0,,True
courts-sc-sc_appeal_218_2016.pdf,official_courts,data/legal-sources/library/case-law/courts/sc/sc_appeal_218_2016.pdf.txt,12586,12586,12583,0,,True
courts-sc-sc_appeal_221_2016.pdf,official_courts,data/legal-sources/library/case-law/courts/sc/sc_appeal_221_2016.pdf.txt,20120,20120,19877,0,,True
courts-sc-sc_appeal_222_2016.pdf,official_courts,data/legal-sources/library/case-law/courts/sc/sc_appeal_222_2016.pdf.txt,33346,33346,33081,0,,True
courts-sc-sc_appeal_227_2016.pdf,official_courts,data/legal-sources/library/case-law/courts/sc/sc_appeal_227_2016.pdf.txt,34527,34527,34527,0,,True
courts-sc-sc_appeal_235_2016.pdf,official_courts,data/legal-sources/library/case-law/courts/sc/sc_appeal_235_2016.pdf.txt,23627,23627,23629,0,,True
courts-sc-sc_appeal_239_2016.pdf,official_courts,data/legal-sources/library/case-law/courts/sc/sc_appeal_239_2016.pdf.txt,35699,35699,35709,0,,True
courts-sc-sc_appeal_241_2016.pdf,official_courts,data/legal-sources/library/case-law/courts/sc/sc_appeal_241_2016.pdf.txt,36025,36025,36033,0,,True
courts-sc-sc_appeal_242_2016_amd1-1.pdf,official_courts,data/legal-sources/library/case-law/courts/sc/sc_appeal_242_2016_amd1-1.pdf.txt,17191,17191,17191,0,,True
courts-sc-sc_appeal_26_2016.pdf,official_courts,data/legal-sources/library/case-law/courts/sc/sc_appeal_26_2016.pdf.txt,48377,48377,48383,0,,True
courts-sc-sc_appeal_28_2016.pdf,official_courts,data/legal-sources/library/case-law/courts/sc/sc_appeal_28_2016.pdf.txt,17599,17599,17461,0,,True
courts-sc-sc_appeal_30_2016.pdf,official_courts,data/legal-sources/library/case-law/courts/sc/sc_appeal_30_2016.pdf.txt,111596,111596,111573,0,,True
courts-sc-sc_appeal_36_2016.pdf,official_courts,data/legal-sources/library/case-law/courts/sc/sc_appeal_36_2016.pdf.txt,21892,21892,21892,0,,True
courts-sc-sc_appeal_38_2016.pdf,official_courts,data/legal-sources/library/case-law/courts/sc/sc_appeal_38_2016.pdf.txt,25760,25760,25559,0,,True
courts-sc-sc_appeal_3_2016.pdf,official_courts,data/legal-sources/library/case-law/courts/sc/sc_appeal_3_2016.pdf.txt,12451,12451,12466,0,,True
courts-sc-sc_appeal_40_2016.pdf,official_courts,data/legal-sources/library/case-law/courts/sc/sc_appeal_40_2016.pdf.txt,6268,6268,6268,0,,True
courts-sc-sc_appeal_43_2016.pdf,official_courts,data/legal-sources/library/case-law/courts/sc/sc_appeal_43_2016.pdf.txt,50402,50402,50510,0,,True
courts-sc-sc_appeal_44_2016.pdf,official_courts,data/legal-sources/library/case-law/courts/sc/sc_appeal_44_2016.pdf.txt,48773,48773,48781,0,,True
courts-sc-sc_appeal_4_2016-1.pdf,official_courts,data/legal-sources/library/case-law/courts/sc/sc_appeal_4_2016-1.pdf.txt,11918,11918,11918,0,,True
courts-sc-sc_appeal_55_2016.pdf,official_courts,data/legal-sources/library/case-law/courts/sc/sc_appeal_55_2016.pdf.txt,22684,22684,22471,0,,True
courts-sc-sc_appeal_57_2016.pdf,official_courts,data/legal-sources/library/case-law/courts/sc/sc_appeal_57_2016.pdf.txt,66480,66480,66486,0,,True
courts-sc-sc_appeal_67-2016.pdf,official_courts,data/legal-sources/library/case-law/courts/sc/sc_appeal_67-2016.pdf.txt,11201,11201,11201,0,,True
courts-sc-sc_appeal_76_2016.pdf,official_courts,data/legal-sources/library/case-law/courts/sc/sc_appeal_76_2016.pdf.txt,56709,56709,56757,0,,True
courts-sc-sc_appeal_84_2016.pdf,official_courts,data/legal-sources/library/case-law/courts/sc/sc_appeal_84_2016.pdf.txt,12652,12652,12568,0,,True
courts-sc-sc_appeal_90_2016.pdf,official_courts,data/legal-sources/library/case-law/courts/sc/sc_appeal_90_2016.pdf.txt,20854,20854,20854,0,,True
courts-sc-sc_appeal_95_2016.pdf,official_courts,data/legal-sources/library/case-law/courts/sc/sc_appeal_95_2016.pdf.txt,11587,11587,11589,0,,True
courts-sc-sc_appeal_96_97_2016.pdf,official_courts,data/legal-sources/library/case-law/courts/sc/sc_appeal_96_97_2016.pdf.txt,27345,27345,27415,0,,True
courts-sc-sc_appeal_99_2016.pdf,official_courts,data/legal-sources/library/case-law/courts/sc/sc_appeal_99_2016.pdf.txt,13214,13214,13214,0,,True
courts-sc-sc_appeal_9_2016.pdf,official_courts,data/legal-sources/library/case-law/courts/sc/sc_appeal_9_2016.pdf.txt,17131,17131,16958,0,,True
courts-sc-sc_chc_appeal_14_2016.pdf,official_courts,data/legal-sources/library/case-law/courts/sc/sc_chc_appeal_14_2016.pdf.txt,7250,7250,7250,0,,True
courts-sc-sc_chc_appeal_9_2016.pdf,official_courts,data/legal-sources/library/case-law/courts/sc/sc_chc_appeal_9_2016.pdf.txt,7773,7773,7773,0,,True
courts-sc-sc_cont_3_2016.pdf,official_courts,data/legal-sources/library/case-law/courts/sc/sc_cont_3_2016.pdf.txt,47300,47300,47314,0,,True
courts-sc-sc_fr_207_2016.pdf,official_courts,data/legal-sources/library/case-law/courts/sc/sc_fr_207_2016.pdf.txt,19748,19748,19916,0,,True
courts-sc-sc_fr_241_2016.pdf,official_courts,data/legal-sources/library/case-law/courts/sc/sc_fr_241_2016.pdf.txt,15185,15185,15042,0,,True
courts-sc-sc_fr_311_2016-1.pdf,official_courts,data/legal-sources/library/case-law/courts/sc/sc_fr_311_2016-1.pdf.txt,22134,22134,21941,0,,True
courts-sc-sc_fr_335_2016.pdf,official_courts,data/legal-sources/library/case-law/courts/sc/sc_fr_335_2016.pdf.txt,10011,10011,10011,0,,True
courts-sc-sc_fr_356_2016.pdf,official_courts,data/legal-sources/library/case-law/courts/sc/sc_fr_356_2016.pdf.txt,27821,27821,27821,0,,True
courts-sc-sc_fr_442_2016.pdf,official_courts,data/legal-sources/library/case-law/courts/sc/sc_fr_442_2016.pdf.txt,23748,23748,23751,0,,True
courts-sc-sc_hc_cala_184_2016.pdf,official_courts,data/legal-sources/library/case-law/courts/sc/sc_hc_cala_184_2016.pdf.txt,10252,10252,10252,0,,True
courts-sc-sc_hc_cala_187_2016.pdf,official_courts,data/legal-sources/library/case-law/courts/sc/sc_hc_cala_187_2016.pdf.txt,47093,47093,47201,0,,True
courts-sc-sc_hc_cala_367_2016.pdf,official_courts,data/legal-sources/library/case-law/courts/sc/sc_hc_cala_367_2016.pdf.txt,6336,6336,6336,0,,True
courts-sc-sc_misc_1_2016.pdf,official_courts,data/legal-sources/library/case-law/courts/sc/sc_misc_1_2016.pdf.txt,19672,19672,19672,0,,True
courts-sc-sc_misc_2_2016.pdf,official_courts,data/legal-sources/library/case-law/courts/sc/sc_misc_2_2016.pdf.txt,30347,30347,30066,0,,True
courts-sc-sc_spl_la_210_2016.pdf,official_courts,data/legal-sources/library/case-law/courts/sc/sc_spl_la_210_2016.pdf.txt,8013,8013,8013,0,,True
courts-sc-sc_app_88_2017.pdf,official_courts,data/legal-sources/library/case-law/courts/sc/sc_app_88_2017.pdf.txt,23354,23354,23358,0,,True
courts-sc-sc_appeal_101_2017.pdf,official_courts,data/legal-sources/library/case-law/courts/sc/sc_appeal_101_2017.pdf.txt,12158,12158,12158,0,,True
courts-sc-sc_appeal_107_2017.pdf,official_courts,data/legal-sources/library/case-law/courts/sc/sc_appeal_107_2017.pdf.txt,13455,13455,13455,0,,True
courts-sc-sc_appeal_117_2017.pdf,official_courts,data/legal-sources/library/case-law/courts/sc/sc_appeal_117_2017.pdf.txt,37941,37941,38005,0,,True
courts-sc-sc_appeal_119_2017_120_2017.pdf,official_courts,data/legal-sources/library/case-law/courts/sc/sc_appeal_119_2017_120_2017.pdf.txt,112647,112647,112050,0,,True
courts-sc-sc_appeal_122_2017.pdf,official_courts,data/legal-sources/library/case-law/courts/sc/sc_appeal_122_2017.pdf.txt,35783,35783,35879,0,,True
courts-sc-sc_appeal_127_2017.pdf,official_courts,data/legal-sources/library/case-law/courts/sc/sc_appeal_127_2017.pdf.txt,23287,23287,23293,0,,True
courts-sc-sc_appeal_140_2017.pdf,official_courts,data/legal-sources/library/case-law/courts/sc/sc_appeal_140_2017.pdf.txt,7785,7785,7773,0,,True
courts-sc-sc_appeal_141_2017.pdf,official_courts,data/legal-sources/library/case-law/courts/sc/sc_appeal_141_2017.pdf.txt,8607,8607,8607,0,,True
courts-sc-sc_appeal_144_2017.pdf,official_courts,data/legal-sources/library/case-law/courts/sc/sc_appeal_144_2017.pdf.txt,7437,7437,7437,0,,True
courts-sc-sc_appeal_147_2017.pdf,official_courts,data/legal-sources/library/case-law/courts/sc/sc_appeal_147_2017.pdf.txt,17734,17734,17734,0,,True
courts-sc-sc_appeal_154_2017.pdf,official_courts,data/legal-sources/library/case-law/courts/sc/sc_appeal_154_2017.pdf.txt,11545,11545,11541,0,,True
courts-sc-sc_appeal_158_2017.pdf,official_courts,data/legal-sources/library/case-law/courts/sc/sc_appeal_158_2017.pdf.txt,18398,18398,18183,0,,True
courts-sc-sc_appeal_162_2017.pdf,official_courts,data/legal-sources/library/case-law/courts/sc/sc_appeal_162_2017.pdf.txt,19980,19980,19809,0,,True
courts-sc-sc_appeal_166_2017.pdf,official_courts,data/legal-sources/library/case-law/courts/sc/sc_appeal_166_2017.pdf.txt,30578,30578,30576,0,,True
courts-sc-sc_appeal_172_2017.pdf,official_courts,data/legal-sources/library/case-law/courts/sc/sc_appeal_172_2017.pdf.txt,60297,60297,60297,0,,True
courts-sc-sc_appeal_186_2017.pdf,official_courts,data/legal-sources/library/case-law/courts/sc/sc_appeal_186_2017.pdf.txt,27161,27161,27161,0,,True
courts-sc-sc_appeal_189_2017.pdf,official_courts,data/legal-sources/library/case-law/courts/sc/sc_appeal_189_2017.pdf.txt,9962,9962,9962,0,,True
courts-sc-sc_appeal_197_2017.pdf,official_courts,data/legal-sources/library/case-law/courts/sc/sc_appeal_197_2017.pdf.txt,16555,16555,16410,0,,True
courts-sc-sc_appeal_199_2017.pdf,official_courts,data/legal-sources/library/case-law/courts/sc/sc_appeal_199_2017.pdf.txt,34239,34239,34359,0,,True
courts-sc-sc_appeal_208_2017.pdf,official_courts,data/legal-sources/library/case-law/courts/sc/sc_appeal_208_2017.pdf.txt,20251,20251,20251,0,,True
courts-sc-sc_appeal_212_2017.pdf,official_courts,data/legal-sources/library/case-law/courts/sc/sc_appeal_212_2017.pdf.txt,30820,30820,30562,0,,True
courts-sc-sc_appeal_213_2017.pdf,official_courts,data/legal-sources/library/case-law/courts/sc/sc_appeal_213_2017.pdf.txt,8021,8021,8021,0,,True
courts-sc-sc_appeal_21_2017.pdf,official_courts,data/legal-sources/library/case-law/courts/sc/sc_appeal_21_2017.pdf.txt,27025,27025,26840,0,,True
courts-sc-sc_appeal_220_2017.pdf,official_courts,data/legal-sources/library/case-law/courts/sc/sc_appeal_220_2017.pdf.txt,80515,80515,80519,0,,True
courts-sc-sc_appeal_231_2017.pdf,official_courts,data/legal-sources/library/case-law/courts/sc/sc_appeal_231_2017.pdf.txt,27516,27516,27518,0,,True
courts-sc-sc_appeal_232_2017.pdf,official_courts,data/legal-sources/library/case-law/courts/sc/sc_appeal_232_2017.pdf.txt,10079,10079,10079,0,,True
courts-sc-sc_appeal_233_2017.pdf,official_courts,data/legal-sources/library/case-law/courts/sc/sc_appeal_233_2017.pdf.txt,8269,8269,8268,0,,True
courts-sc-sc_appeal_237_2017.pdf,official_courts,data/legal-sources/library/case-law/courts/sc/sc_appeal_237_2017.pdf.txt,28378,28378,28384,0,,True
courts-sc-sc_appeal_248_2017.pdf,official_courts,data/legal-sources/library/case-law/courts/sc/sc_appeal_248_2017.pdf.txt,27075,27075,27085,0,,True
courts-sc-sc_appeal_249_2017.pdf,official_courts,data/legal-sources/library/case-law/courts/sc/sc_appeal_249_2017.pdf.txt,28804,28804,28822,0,,True
courts-sc-sc_appeal_28_2017.pdf,official_courts,data/legal-sources/library/case-law/courts/sc/sc_appeal_28_2017.pdf.txt,16444,16444,16450,0,,True
courts-sc-sc_appeal_31_2017.pdf,official_courts,data/legal-sources/library/case-law/courts/sc/sc_appeal_31_2017.pdf.txt,37843,37843,37863,0,,True
courts-sc-sc_appeal_43_2017.pdf,official_courts,data/legal-sources/library/case-law/courts/sc/sc_appeal_43_2017.pdf.txt,9677,9677,9677,0,,True
courts-sc-sc_appeal_45_2017.pdf,official_courts,data/legal-sources/library/case-law/courts/sc/sc_appeal_45_2017.pdf.txt,8588,8588,8596,0,,True
courts-sc-sc_appeal_46_2017.pdf,official_courts,data/legal-sources/library/case-law/courts/sc/sc_appeal_46_2017.pdf.txt,39326,39326,39336,0,,True
courts-sc-sc_appeal_47_2017.pdf,official_courts,data/legal-sources/library/case-law/courts/sc/sc_appeal_47_2017.pdf.txt,19502,19502,19502,0,,True
courts-sc-sc_appeal_48_2017.pdf,official_courts,data/legal-sources/library/case-law/courts/sc/sc_appeal_48_2017.pdf.txt,17741,17741,17741,0,,True
courts-sc-sc_appeal_49_2017.pdf,official_courts,data/legal-sources/library/case-law/courts/sc/sc_appeal_49_2017.pdf.txt,26924,26924,26678,0,,True
courts-sc-sc_appeal_53_2017.pdf,official_courts,data/legal-sources/library/case-law/courts/sc/sc_appeal_53_2017.pdf.txt,16351,16351,16351,0,,True
courts-sc-sc_appeal_71_2017.pdf,official_courts,data/legal-sources/library/case-law/courts/sc/sc_appeal_71_2017.pdf.txt,104391,104391,104587,0,,True
courts-sc-sc_appeal_74_2017.pdf,official_courts,data/legal-sources/library/case-law/courts/sc/sc_appeal_74_2017.pdf.txt,16605,16605,16482,0,,True
courts-sc-sc_appeal_75_2017.pdf,official_courts,data/legal-sources/library/case-law/courts/sc/sc_appeal_75_2017.pdf.txt,5927,5927,5927,0,,True
courts-sc-sc_appeal_77_2017.pdf,official_courts,data/legal-sources/library/case-law/courts/sc/sc_appeal_77_2017.pdf.txt,26703,26703,26721,0,,True
courts-sc-sc_appeal_79_2017.pdf,official_courts,data/legal-sources/library/case-law/courts/sc/sc_appeal_79_2017.pdf.txt,35786,35786,35790,0,,True
courts-sc-sc_appeal_87_2017.pdf,official_courts,data/legal-sources/library/case-law/courts/sc/sc_appeal_87_2017.pdf.txt,14159,14159,14159,0,,True
courts-sc-sc_appeal_89_2017-1.pdf,official_courts,data/legal-sources/library/case-law/courts/sc/sc_appeal_89_2017-1.pdf.txt,46888,46888,46890,0,,True
courts-sc-sc_appeal_8_2017.pdf,official_courts,data/legal-sources/library/case-law/courts/sc/sc_appeal_8_2017.pdf.txt,33744,33744,33477,0,,True
courts-sc-sc_appeal_93_2017.pdf,official_courts,data/legal-sources/library/case-law/courts/sc/sc_appeal_93_2017.pdf.txt,17284,17284,17284,0,,True
courts-sc-sc_appeal_94_2017.pdf,official_courts,data/legal-sources/library/case-law/courts/sc/sc_appeal_94_2017.pdf.txt,27707,27707,27482,0,,True
courts-sc-sc_appeal_98_2017.pdf,official_courts,data/legal-sources/library/case-law/courts/sc/sc_appeal_98_2017.pdf.txt,31776,31776,31543,0,,True
courts-sc-sc_appeal_9_2017.pdf,official_courts,data/legal-sources/library/case-law/courts/sc/sc_appeal_9_2017.pdf.txt,11743,11743,11743,0,,True
courts-sc-sc_chc_appeal_10_2017.pdf,official_courts,data/legal-sources/library/case-law/courts/sc/sc_chc_appeal_10_2017.pdf.txt,6869,6869,6869,0,,True
courts-sc-sc_chc_appeal_45_2017-.pdf,official_courts,data/legal-sources/library/case-law/courts/sc/sc_chc_appeal_45_2017-.pdf.txt,35059,35059,34752,0,,True
courts-sc-sc_chc_appeal_48_2017.pdf,official_courts,data/legal-sources/library/case-law/courts/sc/sc_chc_appeal_48_2017.pdf.txt,19026,19026,19030,0,,True
courts-sc-sc_fr_171_2017.pdf,official_courts,data/legal-sources/library/case-law/courts/sc/sc_fr_171_2017.pdf.txt,18628,18628,18471,0,,True
courts-sc-sc_fr_307_2017.pdf,official_courts,data/legal-sources/library/case-law/courts/sc/sc_fr_307_2017.pdf.txt,14237,14237,14237,0,,True
courts-sc-sc_fr_374_2017.pdf,official_courts,data/legal-sources/library/case-law/courts/sc/sc_fr_374_2017.pdf.txt,39725,39725,39737,0,,True
courts-sc-sc_fr_43_2017.pdf,official_courts,data/legal-sources/library/case-law/courts/sc/sc_fr_43_2017.pdf.txt,18437,18437,18445,0,,True
courts-sc-sc_fr_459_2017.pdf,official_courts,data/legal-sources/library/case-law/courts/sc/sc_fr_459_2017.pdf.txt,19365,19365,19365,0,,True
courts-sc-sc_fr_70_2017.pdf,official_courts,data/legal-sources/library/case-law/courts/sc/sc_fr_70_2017.pdf.txt,10575,10575,10575,0,,True
courts-sc-sc_tab_1a_1f_2017.pdf,official_courts,data/legal-sources/library/case-law/courts/sc/sc_tab_1a_1f_2017.pdf.txt,412431,412431,412552,0,,True
courts-sc-sc_appeal_101_2018.pdf,official_courts,data/legal-sources/library/case-law/courts/sc/sc_appeal_101_2018.pdf.txt,29076,29076,29076,0,,True
courts-sc-sc_appeal_110_2018.pdf,official_courts,data/legal-sources/library/case-law/courts/sc/sc_appeal_110_2018.pdf.txt,17618,17618,17618,0,,True
courts-sc-sc_appeal_114_2018.pdf,official_courts,data/legal-sources/library/case-law/courts/sc/sc_appeal_114_2018.pdf.txt,38517,38517,38629,0,,True
courts-sc-sc_appeal_115_2018.pdf,official_courts,data/legal-sources/library/case-law/courts/sc/sc_appeal_115_2018.pdf.txt,13253,13253,13145,0,,True
courts-sc-sc_appeal_125_2018.pdf,official_courts,data/legal-sources/library/case-law/courts/sc/sc_appeal_125_2018.pdf.txt,21618,21618,21634,0,,True
courts-sc-sc_appeal_131_2018.pdf,official_courts,data/legal-sources/library/case-law/courts/sc/sc_appeal_131_2018.pdf.txt,8075,8075,8071,0,,True
courts-sc-sc_appeal_132_2018.pdf,official_courts,data/legal-sources/library/case-law/courts/sc/sc_appeal_132_2018.pdf.txt,22775,22775,22775,0,,True
courts-sc-sc_appeal_13_2018.pdf,official_courts,data/legal-sources/library/case-law/courts/sc/sc_appeal_13_2018.pdf.txt,19584,19584,19421,0,,True
courts-sc-sc_appeal_142_2018.pdf,official_courts,data/legal-sources/library/case-law/courts/sc/sc_appeal_142_2018.pdf.txt,11334,11334,11200,0,,True
courts-sc-sc_appeal_148_2018.pdf,official_courts,data/legal-sources/library/case-law/courts/sc/sc_appeal_148_2018.pdf.txt,42927,42927,42933,0,,True
courts-sc-sc_appeal_153_2018.pdf,official_courts,data/legal-sources/library/case-law/courts/sc/sc_appeal_153_2018.pdf.txt,20038,20038,20038,0,,True
courts-sc-sc_appeal_154_2018-1.pdf,official_courts,data/legal-sources/library/case-law/courts/sc/sc_appeal_154_2018-1.pdf.txt,29505,29505,29231,0,,True
courts-sc-sc_appeal_162_2018.pdf,official_courts,data/legal-sources/library/case-law/courts/sc/sc_appeal_162_2018.pdf.txt,9227,9227,9227,0,,True
courts-sc-sc_appeal_166_2018.pdf,official_courts,data/legal-sources/library/case-law/courts/sc/sc_appeal_166_2018.pdf.txt,13990,13990,13990,0,,True
courts-sc-sc_appeal_169_2018.pdf,official_courts,data/legal-sources/library/case-law/courts/sc/sc_appeal_169_2018.pdf.txt,6562,6562,6572,0,,True
courts-sc-sc_appeal_175_2018.pdf,official_courts,data/legal-sources/library/case-law/courts/sc/sc_appeal_175_2018.pdf.txt,53644,53644,53738,0,,True
courts-sc-sc_appeal_179_2018.pdf,official_courts,data/legal-sources/library/case-law/courts/sc/sc_appeal_179_2018.pdf.txt,32423,32423,32370,0,,True
courts-sc-sc_appeal_17_2018.pdf,official_courts,data/legal-sources/library/case-law/courts/sc/sc_appeal_17_2018.pdf.txt,30640,30640,30397,0,,True
courts-sc-sc_appeal_181_2018.pdf,official_courts,data/legal-sources/library/case-law/courts/sc/sc_appeal_181_2018.pdf.txt,25249,25249,24972,0,,True
courts-sc-sc_appeal_189_2018.pdf,official_courts,data/legal-sources/library/case-law/courts/sc/sc_appeal_189_2018.pdf.txt,26294,26294,26294,0,,True
courts-sc-sc_appeal_191_2018.pdf,official_courts,data/legal-sources/library/case-law/courts/sc/sc_appeal_191_2018.pdf.txt,8331,8331,8331,0,,True
courts-sc-sc_appeal_194_2018.pdf,official_courts,data/legal-sources/library/case-law/courts/sc/sc_appeal_194_2018.pdf.txt,45168,45168,45170,0,,True
courts-sc-sc_appeal_199_2018.pdf,official_courts,data/legal-sources/library/case-law/courts/sc/sc_appeal_199_2018.pdf.txt,32625,32625,32340,0,,True
courts-sc-sc_appeal_1_2018.pdf,official_courts,data/legal-sources/library/case-law/courts/sc/sc_appeal_1_2018.pdf.txt,11936,11936,11936,0,,True
courts-sc-sc_appeal_22_2018.pdf,official_courts,data/legal-sources/library/case-law/courts/sc/sc_appeal_22_2018.pdf.txt,15345,15345,15186,0,,True
courts-sc-sc_appeal_25_2018.pdf,official_courts,data/legal-sources/library/case-law/courts/sc/sc_appeal_25_2018.pdf.txt,32323,32323,32327,0,,True
courts-sc-sc_appeal_27_2018.pdf,official_courts,data/legal-sources/library/case-law/courts/sc/sc_appeal_27_2018.pdf.txt,33998,33998,33998,0,,True
courts-sc-sc_appeal_30_2018.pdf,official_courts,data/legal-sources/library/case-law/courts/sc/sc_appeal_30_2018.pdf.txt,21371,21371,21375,0,,True
courts-sc-sc_appeal_35_2018.pdf,official_courts,data/legal-sources/library/case-law/courts/sc/sc_appeal_35_2018.pdf.txt,44563,44563,44565,0,,True
courts-sc-sc_appeal_36_-2018.pdf,official_courts,data/legal-sources/library/case-law/courts/sc/sc_appeal_36_-2018.pdf.txt,45169,45169,45179,0,,True
courts-sc-sc_appeal_40_2018.pdf,official_courts,data/legal-sources/library/case-law/courts/sc/sc_appeal_40_2018.pdf.txt,28530,28530,28532,0,,True
courts-sc-sc_appeal_42_2018.pdf,official_courts,data/legal-sources/library/case-law/courts/sc/sc_appeal_42_2018.pdf.txt,71104,71104,71134,0,,True
courts-sc-sc_appeal_46_2018.pdf,official_courts,data/legal-sources/library/case-law/courts/sc/sc_appeal_46_2018.pdf.txt,74646,74646,74660,0,,True
courts-sc-sc_appeal_47_2018.pdf,official_courts,data/legal-sources/library/case-law/courts/sc/sc_appeal_47_2018.pdf.txt,17758,17758,17758,0,,True
courts-sc-sc_appeal_49_2018.pdf,official_courts,data/legal-sources/library/case-law/courts/sc/sc_appeal_49_2018.pdf.txt,19468,19468,19468,0,,True
courts-sc-sc_appeal_50_2018.pdf,official_courts,data/legal-sources/library/case-law/courts/sc/sc_appeal_50_2018.pdf.txt,27865,27865,27875,0,,True
courts-sc-sc_appeal_52_2018.pdf,official_courts,data/legal-sources/library/case-law/courts/sc/sc_appeal_52_2018.pdf.txt,32119,32119,32119,0,,True
courts-sc-sc_appeal_54_2018.pdf,official_courts,data/legal-sources/library/case-law/courts/sc/sc_appeal_54_2018.pdf.txt,33635,33635,33635,0,,True
courts-sc-sc_appeal_56_2018.pdf,official_courts,data/legal-sources/library/case-law/courts/sc/sc_appeal_56_2018.pdf.txt,44905,44905,44987,0,,True
courts-sc-sc_appeal_58_2018.pdf,official_courts,data/legal-sources/library/case-law/courts/sc/sc_appeal_58_2018.pdf.txt,15208,15208,15208,0,,True
courts-sc-sc_appeal_59_2018.pdf,official_courts,data/legal-sources/library/case-law/courts/sc/sc_appeal_59_2018.pdf.txt,27263,27263,27050,0,,True
courts-sc-sc_appeal_67_2018.pdf,official_courts,data/legal-sources/library/case-law/courts/sc/sc_appeal_67_2018.pdf.txt,23468,23468,23225,0,,True
courts-sc-sc_appeal_77_2018.pdf,official_courts,data/legal-sources/library/case-law/courts/sc/sc_appeal_77_2018.pdf.txt,40113,40113,40113,0,,True
courts-sc-sc_appeal_78_2018.pdf,official_courts,data/legal-sources/library/case-law/courts/sc/sc_appeal_78_2018.pdf.txt,19740,19740,19740,0,,True
courts-sc-sc_appeal_80_2018.pdf,official_courts,data/legal-sources/library/case-law/courts/sc/sc_appeal_80_2018.pdf.txt,7820,7820,7820,0,,True
courts-sc-sc_appeal_88_2018.pdf,official_courts,data/legal-sources/library/case-law/courts/sc/sc_appeal_88_2018.pdf.txt,16442,16442,16442,0,,True
courts-sc-sc_appeal_89_2018.pdf,official_courts,data/legal-sources/library/case-law/courts/sc/sc_appeal_89_2018.pdf.txt,50205,50205,49830,0,,True
courts-sc-sc_appeal_8_2018.pdf,official_courts,data/legal-sources/library/case-law/courts/sc/sc_appeal_8_2018.pdf.txt,17574,17574,17574,0,,True
courts-sc-sc_appeal_95_2018.pdf,official_courts,data/legal-sources/library/case-law/courts/sc/sc_appeal_95_2018.pdf.txt,11404,11404,11404,0,,True
courts-sc-sc_chc_appeal_26_2018.pdf,official_courts,data/legal-sources/library/case-law/courts/sc/sc_chc_appeal_26_2018.pdf.txt,41069,41069,40741,0,,True
courts-sc-sc_fr_24_2018.pdf,official_courts,data/legal-sources/library/case-law/courts/sc/sc_fr_24_2018.pdf.txt,38351,38351,38375,0,,True
courts-sc-sc_fr_30_2018.pdf,official_courts,data/legal-sources/library/case-law/courts/sc/sc_fr_30_2018.pdf.txt,22714,22714,22714,0,,True
courts-sc-sc_fr_38_2018.pdf,official_courts,data/legal-sources/library/case-law/courts/sc/sc_fr_38_2018.pdf.txt,19278,19278,19282,0,,True
courts-sc-sc_fr_62_2018.pdf,official_courts,data/legal-sources/library/case-law/courts/sc/sc_fr_62_2018.pdf.txt,25022,25022,25022,0,,True
courts-sc-sc_appeal_102_2019.pdf,official_courts,data/legal-sources/library/case-law/courts/sc/sc_appeal_102_2019.pdf.txt,3754,3754,3762,0,,True
courts-sc-sc_appeal_111_2019.pdf,official_courts,data/legal-sources/library/case-law/courts/sc/sc_appeal_111_2019.pdf.txt,16192,16192,16053,0,,True
courts-sc-sc_appeal_113_2019.pdf,official_courts,data/legal-sources/library/case-law/courts/sc/sc_appeal_113_2019.pdf.txt,39747,39747,39749,0,,True
courts-sc-sc_appeal_117_2019.pdf,official_courts,data/legal-sources/library/case-law/courts/sc/sc_appeal_117_2019.pdf.txt,15023,15023,15031,0,,True
courts-sc-sc_appeal_121_2019-1.pdf,official_courts,data/legal-sources/library/case-law/courts/sc/sc_appeal_121_2019-1.pdf.txt,20531,20531,20318,0,,True
courts-sc-sc_appeal_128_2019.pdf,official_courts,data/legal-sources/library/case-law/courts/sc/sc_appeal_128_2019.pdf.txt,22336,22336,22340,0,,True
courts-sc-sc_appeal_12_2019.pdf,official_courts,data/legal-sources/library/case-law/courts/sc/sc_appeal_12_2019.pdf.txt,33835,33835,33841,0,,True
courts-sc-sc_appeal_133_2019.pdf,official_courts,data/legal-sources/library/case-law/courts/sc/sc_appeal_133_2019.pdf.txt,12689,12689,12689,0,,True
courts-sc-sc_appeal_135_2019_with_149_2019.pdf,official_courts,data/legal-sources/library/case-law/courts/sc/sc_appeal_135_2019_with_149_2019.pdf.txt,25575,25575,25572,0,,True
courts-sc-sc_appeal_137_2019.pdf,official_courts,data/legal-sources/library/case-law/courts/sc/sc_appeal_137_2019.pdf.txt,37844,37844,37846,0,,True
courts-sc-sc_appeal_140_2019.pdf,official_courts,data/legal-sources/library/case-law/courts/sc/sc_appeal_140_2019.pdf.txt,91656,91656,91662,0,,True
courts-sc-sc_appeal_148_2019.pdf,official_courts,data/legal-sources/library/case-law/courts/sc/sc_appeal_148_2019.pdf.txt,92005,92005,92013,0,,True
courts-sc-sc_appeal_151_2019.pdf,official_courts,data/legal-sources/library/case-law/courts/sc/sc_appeal_151_2019.pdf.txt,39495,39495,39595,0,,True
courts-sc-sc_appeal_159_2019.pdf,official_courts,data/legal-sources/library/case-law/courts/sc/sc_appeal_159_2019.pdf.txt,15641,15641,15510,0,,True
courts-sc-sc_appeal_161_2019.pdf,official_courts,data/legal-sources/library/case-law/courts/sc/sc_appeal_161_2019.pdf.txt,10437,10437,10437,0,,True
courts-sc-sc_appeal_162-2019_am1.pdf,official_courts,data/legal-sources/library/case-law/courts/sc/sc_appeal_162-2019_am1.pdf.txt,28305,28305,28231,0,,True
courts-sc-sc_appeal_163_2019.pdf,official_courts,data/legal-sources/library/case-law/courts/sc/sc_appeal_163_2019.pdf.txt,23828,23828,23830,0,,True
courts-sc-sc_appeal_166_2019.pdf,official_courts,data/legal-sources/library/case-law/courts/sc/sc_appeal_166_2019.pdf.txt,23189,23189,23002,0,,True
courts-sc-sc_appeal_171_2019.pdf,official_courts,data/legal-sources/library/case-law/courts/sc/sc_appeal_171_2019.pdf.txt,81427,81427,81437,0,,True
courts-sc-sc_appeal_175_2019.pdf,official_courts,data/legal-sources/library/case-law/courts/sc/sc_appeal_175_2019.pdf.txt,29129,29129,28872,0,,True
courts-sc-sc_appeal_23_2019.pdf,official_courts,data/legal-sources/library/case-law/courts/sc/sc_appeal_23_2019.pdf.txt,22555,22555,22555,0,,True
courts-sc-sc_appeal_24_2019.pdf,official_courts,data/legal-sources/library/case-law/courts/sc/sc_appeal_24_2019.pdf.txt,10264,10264,10264,0,,True
courts-sc-sc_appeal_2_2019.pdf,official_courts,data/legal-sources/library/case-law/courts/sc/sc_appeal_2_2019.pdf.txt,16636,16636,16636,0,,True
courts-sc-sc_appeal_31_2019.pdf,official_courts,data/legal-sources/library/case-law/courts/sc/sc_appeal_31_2019.pdf.txt,24024,24024,23839,0,,True
courts-sc-sc_appeal_32_2019.pdf,official_courts,data/legal-sources/library/case-law/courts/sc/sc_appeal_32_2019.pdf.txt,6828,6828,6828,0,,True
courts-sc-sc_appeal_33_2019.pdf,official_courts,data/legal-sources/library/case-law/courts/sc/sc_appeal_33_2019.pdf.txt,28899,28899,28899,0,,True
courts-sc-sc_appeal_36_2019.pdf,official_courts,data/legal-sources/library/case-law/courts/sc/sc_appeal_36_2019.pdf.txt,4697,4697,4697,0,,True
courts-sc-sc_appeal_37_2019.pdf,official_courts,data/legal-sources/library/case-law/courts/sc/sc_appeal_37_2019.pdf.txt,3878,3878,3878,0,,True
courts-sc-sc_appeal_43_2019.pdf,official_courts,data/legal-sources/library/case-law/courts/sc/sc_appeal_43_2019.pdf.txt,22262,22262,22067,0,,True
courts-sc-sc_appeal_44_2019.pdf,official_courts,data/legal-sources/library/case-law/courts/sc/sc_appeal_44_2019.pdf.txt,12358,12358,12358,0,,True
courts-sc-sc_appeal_53_2019.pdf,official_courts,data/legal-sources/library/case-law/courts/sc/sc_appeal_53_2019.pdf.txt,29456,29456,29231,0,,True
courts-sc-sc_appeal_54_2019.pdf,official_courts,data/legal-sources/library/case-law/courts/sc/sc_appeal_54_2019.pdf.txt,25049,25049,25155,0,,True
courts-sc-sc_appeal_57_2019.pdf,official_courts,data/legal-sources/library/case-law/courts/sc/sc_appeal_57_2019.pdf.txt,13012,13012,13014,0,,True
courts-sc-sc_appeal_58_2019.pdf,official_courts,data/legal-sources/library/case-law/courts/sc/sc_appeal_58_2019.pdf.txt,18006,18006,18010,0,,True
courts-sc-sc_appeal_69_2019-1.pdf,official_courts,data/legal-sources/library/case-law/courts/sc/sc_appeal_69_2019-1.pdf.txt,10991,10991,10990,0,,True
courts-sc-sc_appeal_77_2019.pdf,official_courts,data/legal-sources/library/case-law/courts/sc/sc_appeal_77_2019.pdf.txt,34095,34095,34099,0,,True
courts-sc-sc_appeal_79_2019.pdf,official_courts,data/legal-sources/library/case-law/courts/sc/sc_appeal_79_2019.pdf.txt,7753,7753,7763,0,,True
courts-sc-sc_appeal_84_2019.pdf,official_courts,data/legal-sources/library/case-law/courts/sc/sc_appeal_84_2019.pdf.txt,26925,26925,26925,0,,True
courts-sc-sc_appeal_89_2019.pdf,official_courts,data/legal-sources/library/case-law/courts/sc/sc_appeal_89_2019.pdf.txt,23614,23614,23443,0,,True
courts-sc-sc_appeal_94_and_95_2019.pdf,official_courts,data/legal-sources/library/case-law/courts/sc/sc_appeal_94_and_95_2019.pdf.txt,24646,24646,24333,0,,True
courts-sc-sc_appeal_98_2019.pdf,official_courts,data/legal-sources/library/case-law/courts/sc/sc_appeal_98_2019.pdf.txt,7987,7987,7987,0,,True
courts-sc-sc_chc-appeal_54_2019.pdf,official_courts,data/legal-sources/library/case-law/courts/sc/sc_chc-appeal_54_2019.pdf.txt,25047,25047,24877,0,,True
courts-sc-sc_chc_appeal_47_2019.pdf,official_courts,data/legal-sources/library/case-law/courts/sc/sc_chc_appeal_47_2019.pdf.txt,6403,6403,6407,0,,True
courts-sc-sc_chc_appeal_6_2019.pdf,official_courts,data/legal-sources/library/case-law/courts/sc/sc_chc_appeal_6_2019.pdf.txt,24155,24155,23922,0,,True
courts-sc-sc_fr_152_2019.pdf,official_courts,data/legal-sources/library/case-law/courts/sc/sc_fr_152_2019.pdf.txt,17748,17748,17748,0,,True
courts-sc-sc_fr_17_2019.pdf,official_courts,data/legal-sources/library/case-law/courts/sc/sc_fr_17_2019.pdf.txt,73028,73028,73032,0,,True
courts-sc-sc_fr_21_2019.pdf,official_courts,data/legal-sources/library/case-law/courts/sc/sc_fr_21_2019.pdf.txt,37382,37382,37382,0,,True
courts-sc-sc_fr_39_2019.pdf,official_courts,data/legal-sources/library/case-law/courts/sc/sc_fr_39_2019.pdf.txt,34163,34163,33850,0,,True
courts-sc-sc_fr_448_2019.pdf,official_courts,data/legal-sources/library/case-law/courts/sc/sc_fr_448_2019.pdf.txt,11761,11761,11763,0,,True
courts-sc-sc_hc_cala_303_2019-1.pdf,official_courts,data/legal-sources/library/case-law/courts/sc/sc_hc_cala_303_2019-1.pdf.txt,26491,26491,26553,0,,True
courts-sc-sc_appeal-_-93-_-2020.pdf,official_courts,data/legal-sources/library/case-law/courts/sc/sc_appeal-_-93-_-2020.pdf.txt,37099,37099,37099,0,,True
courts-sc-sc_appeal_100_2020.pdf,official_courts,data/legal-sources/library/case-law/courts/sc/sc_appeal_100_2020.pdf.txt,72332,72332,72334,0,,True
courts-sc-sc_appeal_10_2020.pdf,official_courts,data/legal-sources/library/case-law/courts/sc/sc_appeal_10_2020.pdf.txt,44139,44139,44143,0,,True
courts-sc-sc_appeal_113_2020.pdf,official_courts,data/legal-sources/library/case-law/courts/sc/sc_appeal_113_2020.pdf.txt,6264,6264,6264,0,,True
courts-sc-sc_appeal_116_2020.pdf,official_courts,data/legal-sources/library/case-law/courts/sc/sc_appeal_116_2020.pdf.txt,144245,144245,144293,0,,True
courts-sc-sc_appeal_117_2020.pdf,official_courts,data/legal-sources/library/case-law/courts/sc/sc_appeal_117_2020.pdf.txt,144221,144221,144269,0,,True
courts-sc-sc_appeal_13_2020.pdf,official_courts,data/legal-sources/library/case-law/courts/sc/sc_appeal_13_2020.pdf.txt,18379,18379,18383,0,,True
courts-sc-sc_appeal_14_2020.pdf,official_courts,data/legal-sources/library/case-law/courts/sc/sc_appeal_14_2020.pdf.txt,23525,23525,23338,0,,True
courts-sc-sc_appeal_19_2020.pdf,official_courts,data/legal-sources/library/case-law/courts/sc/sc_appeal_19_2020.pdf.txt,5778,5778,5778,0,,True
courts-sc-sc_appeal_27_2020.pdf,official_courts,data/legal-sources/library/case-law/courts/sc/sc_appeal_27_2020.pdf.txt,28234,28234,28240,0,,True
courts-sc-sc_appeal_33_2020.pdf,official_courts,data/legal-sources/library/case-law/courts/sc/sc_appeal_33_2020.pdf.txt,12498,12498,12498,0,,True
courts-sc-sc_appeal_38_2020.pdf,official_courts,data/legal-sources/library/case-law/courts/sc/sc_appeal_38_2020.pdf.txt,22927,22927,22711,0,,True
courts-sc-sc_appeal_3_2020.pdf,official_courts,data/legal-sources/library/case-law/courts/sc/sc_appeal_3_2020.pdf.txt,23280,23280,23292,0,,True
courts-sc-sc_appeal_44_2020-1.pdf,official_courts,data/legal-sources/library/case-law/courts/sc/sc_appeal_44_2020-1.pdf.txt,28646,28646,28419,0,,True
courts-sc-sc_appeal_46_2020.pdf,official_courts,data/legal-sources/library/case-law/courts/sc/sc_appeal_46_2020.pdf.txt,43570,43570,43578,0,,True
courts-sc-sc_appeal_47_2020.pdf,official_courts,data/legal-sources/library/case-law/courts/sc/sc_appeal_47_2020.pdf.txt,43874,43874,43882,0,,True
courts-sc-sc_appeal_48_2020.pdf,official_courts,data/legal-sources/library/case-law/courts/sc/sc_appeal_48_2020.pdf.txt,20174,20174,19973,0,,True
courts-sc-sc_appeal_49_2020.pdf,official_courts,data/legal-sources/library/case-law/courts/sc/sc_appeal_49_2020.pdf.txt,11572,11572,11488,0,,True
courts-sc-sc_appeal_51_2020-1.pdf,official_courts,data/legal-sources/library/case-law/courts/sc/sc_appeal_51_2020-1.pdf.txt,28035,28035,28141,0,,True
courts-sc-sc_appeal_54_2020.pdf,official_courts,data/legal-sources/library/case-law/courts/sc/sc_appeal_54_2020.pdf.txt,27874,27874,27884,0,,True
courts-sc-sc_appeal_55_2020.pdf,official_courts,data/legal-sources/library/case-law/courts/sc/sc_appeal_55_2020.pdf.txt,70223,70223,70239,0,,True
courts-sc-sc_appeal_56_2020.pdf,official_courts,data/legal-sources/library/case-law/courts/sc/sc_appeal_56_2020.pdf.txt,23574,23574,23576,0,,True
courts-sc-sc_appeal_59_2020.pdf,official_courts,data/legal-sources/library/case-law/courts/sc/sc_appeal_59_2020.pdf.txt,14056,14056,13885,0,,True
courts-sc-sc_appeal_60_2020.pdf,official_courts,data/legal-sources/library/case-law/courts/sc/sc_appeal_60_2020.pdf.txt,18028,18028,18028,0,,True
courts-sc-sc_appeal_69_2020.pdf,official_courts,data/legal-sources/library/case-law/courts/sc/sc_appeal_69_2020.pdf.txt,12987,12987,12987,0,,True
courts-sc-sc_appeal_70_2020.pdf,official_courts,data/legal-sources/library/case-law/courts/sc/sc_appeal_70_2020.pdf.txt,7755,7755,7755,0,,True
courts-sc-sc_appeal_74_2020.pdf,official_courts,data/legal-sources/library/case-law/courts/sc/sc_appeal_74_2020.pdf.txt,51442,51442,51454,0,,True
courts-sc-sc_appeal_7_2020.pdf,official_courts,data/legal-sources/library/case-law/courts/sc/sc_appeal_7_2020.pdf.txt,6634,6634,6634,0,,True
courts-sc-sc_appeal_81_2020.pdf,official_courts,data/legal-sources/library/case-law/courts/sc/sc_appeal_81_2020.pdf.txt,8732,8732,8742,0,,True
courts-sc-sc_appeal_82_2020.pdf,official_courts,data/legal-sources/library/case-law/courts/sc/sc_appeal_82_2020.pdf.txt,48747,48747,48757,0,,True
courts-sc-sc_appeal_91_2020.pdf,official_courts,data/legal-sources/library/case-law/courts/sc/sc_appeal_91_2020.pdf.txt,25689,25689,25691,0,,True
courts-sc-sc_chc_appeal_22_2020.pdf,official_courts,data/legal-sources/library/case-law/courts/sc/sc_chc_appeal_22_2020.pdf.txt,8773,8773,8677,0,,True
courts-sc-sc_fr_13_2020.pdf,official_courts,data/legal-sources/library/case-law/courts/sc/sc_fr_13_2020.pdf.txt,26260,26260,26263,0,,True
courts-sc-sc_appeal_103_2021.pdf,official_courts,data/legal-sources/library/case-law/courts/sc/sc_appeal_103_2021.pdf.txt,20755,20755,20598,0,,True
courts-sc-sc_appeal_112_2021.pdf,official_courts,data/legal-sources/library/case-law/courts/sc/sc_appeal_112_2021.pdf.txt,25096,25096,25100,0,,True
courts-sc-sc_appeal_11_2021.pdf,official_courts,data/legal-sources/library/case-law/courts/sc/sc_appeal_11_2021.pdf.txt,238408,238408,238434,0,,True
courts-sc-sc_appeal_121_2021.pdf,official_courts,data/legal-sources/library/case-law/courts/sc/sc_appeal_121_2021.pdf.txt,46977,46977,46987,0,,True
courts-sc-sc_appeal_18_2021.pdf,official_courts,data/legal-sources/library/case-law/courts/sc/sc_appeal_18_2021.pdf.txt,24706,24706,24706,0,,True
courts-sc-sc_appeal_29_2021.pdf,official_courts,data/legal-sources/library/case-law/courts/sc/sc_appeal_29_2021.pdf.txt,18401,18401,18256,0,,True
courts-sc-sc_appeal_2_2021.pdf,official_courts,data/legal-sources/library/case-law/courts/sc/sc_appeal_2_2021.pdf.txt,22548,22548,22548,0,,True
courts-sc-sc_appeal_32_2021.pdf,official_courts,data/legal-sources/library/case-law/courts/sc/sc_appeal_32_2021.pdf.txt,7744,7744,7748,0,,True
courts-sc-sc_appeal_35_2021-1.pdf,official_courts,data/legal-sources/library/case-law/courts/sc/sc_appeal_35_2021-1.pdf.txt,12167,12167,12167,0,,True
courts-sc-sc_appeal_48_2021.pdf,official_courts,data/legal-sources/library/case-law/courts/sc/sc_appeal_48_2021.pdf.txt,80953,80953,80981,0,,True
courts-sc-sc_appeal_51_2021.pdf,official_courts,data/legal-sources/library/case-law/courts/sc/sc_appeal_51_2021.pdf.txt,18328,18328,18332,0,,True
courts-sc-sc_appeal_53_2021.pdf,official_courts,data/legal-sources/library/case-law/courts/sc/sc_appeal_53_2021.pdf.txt,35873,35873,35666,0,,True
courts-sc-sc_appeal_58_2021.pdf,official_courts,data/legal-sources/library/case-law/courts/sc/sc_appeal_58_2021.pdf.txt,15664,15664,15556,0,,True
courts-sc-sc_appeal_59_2021.pdf,official_courts,data/legal-sources/library/case-law/courts/sc/sc_appeal_59_2021.pdf.txt,15836,15836,15836,0,,True
courts-sc-sc_appeal_60_2021.pdf,official_courts,data/legal-sources/library/case-law/courts/sc/sc_appeal_60_2021.pdf.txt,20066,20066,20068,0,,True
courts-sc-sc_appeal_63_2021.pdf,official_courts,data/legal-sources/library/case-law/courts/sc/sc_appeal_63_2021.pdf.txt,20301,20301,20128,0,,True
courts-sc-sc_appeal_6_2021.pdf,official_courts,data/legal-sources/library/case-law/courts/sc/sc_appeal_6_2021.pdf.txt,9573,9573,9583,0,,True
courts-sc-sc_appeal_74_2021.pdf,official_courts,data/legal-sources/library/case-law/courts/sc/sc_appeal_74_2021.pdf.txt,32291,32291,32295,0,,True
courts-sc-sc_appeal_76_2021.pdf,official_courts,data/legal-sources/library/case-law/courts/sc/sc_appeal_76_2021.pdf.txt,9963,9963,9963,0,,True
courts-sc-sc_appeal_78_2021.pdf,official_courts,data/legal-sources/library/case-law/courts/sc/sc_appeal_78_2021.pdf.txt,21562,21562,21562,0,,True
courts-sc-sc_appeal_7_2021.pdf,official_courts,data/legal-sources/library/case-law/courts/sc/sc_appeal_7_2021.pdf.txt,10681,10681,10679,0,,True
courts-sc-sc_appeal_82_2021.pdf,official_courts,data/legal-sources/library/case-law/courts/sc/sc_appeal_82_2021.pdf.txt,36811,36811,36815,0,,True
courts-sc-sc_appeal_85_2021.pdf,official_courts,data/legal-sources/library/case-law/courts/sc/sc_appeal_85_2021.pdf.txt,148739,148739,148845,0,,True
courts-sc-sc_appeal_8_2021-1.pdf,official_courts,data/legal-sources/library/case-law/courts/sc/sc_appeal_8_2021-1.pdf.txt,38783,38783,38465,0,,True
courts-sc-sc_appeal_95_2021.pdf,official_courts,data/legal-sources/library/case-law/courts/sc/sc_appeal_95_2021.pdf.txt,24488,24488,24490,0,,True
courts-sc-sc_fr_212_2021.pdf,official_courts,data/legal-sources/library/case-law/courts/sc/sc_fr_212_2021.pdf.txt,30935,30935,30937,0,,True
courts-sc-sc_fr_23_2021.pdf,official_courts,data/legal-sources/library/case-law/courts/sc/sc_fr_23_2021.pdf.txt,29858,29858,29587,0,,True
courts-sc-sc_fr_278_2021.pdf,official_courts,data/legal-sources/library/case-law/courts/sc/sc_fr_278_2021.pdf.txt,59143,59143,59147,0,,True
courts-sc-sc_fr_298_2021.pdf,official_courts,data/legal-sources/library/case-law/courts/sc/sc_fr_298_2021.pdf.txt,35417,35417,35487,0,,True
courts-sc-sc_fr_46_2021.pdf,official_courts,data/legal-sources/library/case-law/courts/sc/sc_fr_46_2021.pdf.txt,84200,84200,84209,0,,True
courts-sc-sc-_-appeal-_-39-_-2022_amd2.pdf,official_courts,data/legal-sources/library/case-law/courts/sc/sc-_-appeal-_-39-_-2022_amd2.pdf.txt,20954,20954,20958,0,,True
courts-sc-sc_appeal_108_2022-1.pdf,official_courts,data/legal-sources/library/case-law/courts/sc/sc_appeal_108_2022-1.pdf.txt,16562,16562,16670,0,,True
courts-sc-sc_appeal_109_2022.pdf,official_courts,data/legal-sources/library/case-law/courts/sc/sc_appeal_109_2022.pdf.txt,26764,26764,26549,0,,True
courts-sc-sc_appeal_124_2022.pdf,official_courts,data/legal-sources/library/case-law/courts/sc/sc_appeal_124_2022.pdf.txt,16092,16092,15996,0,,True
courts-sc-sc_appeal_137_2022.pdf,official_courts,data/legal-sources/library/case-law/courts/sc/sc_appeal_137_2022.pdf.txt,7919,7919,7919,0,,True
courts-sc-sc_appeal_139_2022.pdf,official_courts,data/legal-sources/library/case-law/courts/sc/sc_appeal_139_2022.pdf.txt,19810,19810,19679,0,,True
courts-sc-sc_appeal_155_2022.pdf,official_courts,data/legal-sources/library/case-law/courts/sc/sc_appeal_155_2022.pdf.txt,15265,15265,15267,0,,True
courts-sc-sc_appeal_16_2022.pdf,official_courts,data/legal-sources/library/case-law/courts/sc/sc_appeal_16_2022.pdf.txt,35477,35477,35505,0,,True
courts-sc-sc_appeal_1_2022.pdf,official_courts,data/legal-sources/library/case-law/courts/sc/sc_appeal_1_2022.pdf.txt,18300,18300,18300,0,,True
courts-sc-sc_appeal_23_2022ed1.pdf,official_courts,data/legal-sources/library/case-law/courts/sc/sc_appeal_23_2022ed1.pdf.txt,17673,17673,17673,0,,True
courts-sc-sc_appeal_24_2022.pdf,official_courts,data/legal-sources/library/case-law/courts/sc/sc_appeal_24_2022.pdf.txt,19730,19730,19557,0,,True
courts-sc-sc_appeal_34_2022.pdf,official_courts,data/legal-sources/library/case-law/courts/sc/sc_appeal_34_2022.pdf.txt,33314,33314,33320,0,,True
courts-sc-sc_appeal_46_2022.pdf,official_courts,data/legal-sources/library/case-law/courts/sc/sc_appeal_46_2022.pdf.txt,28467,28467,28226,0,,True
courts-sc-sc_appeal_48_2022.pdf,official_courts,data/legal-sources/library/case-law/courts/sc/sc_appeal_48_2022.pdf.txt,41096,41096,41163,0,,True
courts-sc-sc_appeal_51_2022.pdf,official_courts,data/legal-sources/library/case-law/courts/sc/sc_appeal_51_2022.pdf.txt,6514,6514,6514,0,,True
courts-sc-sc_appeal_54_2022.pdf,official_courts,data/legal-sources/library/case-law/courts/sc/sc_appeal_54_2022.pdf.txt,13889,13889,13889,0,,True
courts-sc-sc_appeal_66_2022.pdf,official_courts,data/legal-sources/library/case-law/courts/sc/sc_appeal_66_2022.pdf.txt,15666,15666,15666,0,,True
courts-sc-sc_appeal_78_2022.pdf,official_courts,data/legal-sources/library/case-law/courts/sc/sc_appeal_78_2022.pdf.txt,23665,23665,23665,0,,True
courts-sc-sc_appeal_80_2022.pdf,official_courts,data/legal-sources/library/case-law/courts/sc/sc_appeal_80_2022.pdf.txt,13992,13992,14000,0,,True
courts-sc-sc_appeal_81_2022.pdf,official_courts,data/legal-sources/library/case-law/courts/sc/sc_appeal_81_2022.pdf.txt,23773,23773,23773,0,,True
courts-sc-sc_appeal_93_2022.pdf,official_courts,data/legal-sources/library/case-law/courts/sc/sc_appeal_93_2022.pdf.txt,27732,27732,27489,0,,True
courts-sc-sc_chc_appeal_19_2022.pdf,official_courts,data/legal-sources/library/case-law/courts/sc/sc_chc_appeal_19_2022.pdf.txt,10977,10977,10846,0,,True
courts-sc-sc_chc_appeal_43_2022.pdf,official_courts,data/legal-sources/library/case-law/courts/sc/sc_chc_appeal_43_2022.pdf.txt,39498,39498,39506,0,,True
courts-sc-sc_fr_204_2022.pdf,official_courts,data/legal-sources/library/case-law/courts/sc/sc_fr_204_2022.pdf.txt,12689,12689,12689,0,,True
courts-sc-sc_fr_351_2022.pdf,official_courts,data/legal-sources/library/case-law/courts/sc/sc_fr_351_2022.pdf.txt,96976,96976,96374,0,,True
courts-sc-sc_rule_4_2022.pdf,official_courts,data/legal-sources/library/case-law/courts/sc/sc_rule_4_2022.pdf.txt,17254,17254,17254,0,,True
courts-sc-sc_rule_8_2022.pdf,official_courts,data/legal-sources/library/case-law/courts/sc/sc_rule_8_2022.pdf.txt,13972,13972,13974,0,,True
courts-sc-sc_appeal_135_2023.pdf,official_courts,data/legal-sources/library/case-law/courts/sc/sc_appeal_135_2023.pdf.txt,26285,26285,26092,0,,True
courts-sc-sc_appeal_148_2023.pdf,official_courts,data/legal-sources/library/case-law/courts/sc/sc_appeal_148_2023.pdf.txt,7659,7659,7660,0,,True
courts-sc-sc_appeal_151_2023.pdf,official_courts,data/legal-sources/library/case-law/courts/sc/sc_appeal_151_2023.pdf.txt,12645,12645,12537,0,,True
courts-sc-sc_appeal_177_2023.pdf,official_courts,data/legal-sources/library/case-law/courts/sc/sc_appeal_177_2023.pdf.txt,22214,22214,22214,0,,True
courts-sc-sc_appeal_27_2023.pdf,official_courts,data/legal-sources/library/case-law/courts/sc/sc_appeal_27_2023.pdf.txt,46928,46928,46942,0,,True
courts-sc-sc_appeal_31_2023.pdf,official_courts,data/legal-sources/library/case-law/courts/sc/sc_appeal_31_2023.pdf.txt,20285,20285,20106,0,,True
courts-sc-sc_appeal_49_2023.pdf,official_courts,data/legal-sources/library/case-law/courts/sc/sc_appeal_49_2023.pdf.txt,94431,94431,94449,0,,True
courts-sc-sc_appeal_56_2023.pdf,official_courts,data/legal-sources/library/case-law/courts/sc/sc_appeal_56_2023.pdf.txt,21929,21929,21935,0,,True
courts-sc-sc_appeal_6_2023_ed1.pdf,official_courts,data/legal-sources/library/case-law/courts/sc/sc_appeal_6_2023_ed1.pdf.txt,25827,25827,25827,0,,True
courts-sc-sc_appeal_71_72_2023.pdf,official_courts,data/legal-sources/library/case-law/courts/sc/sc_appeal_71_72_2023.pdf.txt,12128,12128,12128,0,,True
courts-sc-sc_chc_appeal_38_2023.pdf,official_courts,data/legal-sources/library/case-law/courts/sc/sc_chc_appeal_38_2023.pdf.txt,15531,15531,15533,0,,True
courts-sc-sc_fr_286_2023.pdf,official_courts,data/legal-sources/library/case-law/courts/sc/sc_fr_286_2023.pdf.txt,63333,63333,63333,0,,True
courts-sc-sc_rule_3_2023.pdf,official_courts,data/legal-sources/library/case-law/courts/sc/sc_rule_3_2023.pdf.txt,12272,12272,12176,0,,True
courts-sc-sc_rule_5_2023.pdf,official_courts,data/legal-sources/library/case-law/courts/sc/sc_rule_5_2023.pdf.txt,7855,7855,7795,0,,True
courts-sc-sc_appeal_122_2024.pdf,official_courts,data/legal-sources/library/case-law/courts/sc/sc_appeal_122_2024.pdf.txt,12034,12034,11938,0,,True
courts-sc-sc_appeal_13_2024_ed2.pdf,official_courts,data/legal-sources/library/case-law/courts/sc/sc_appeal_13_2024_ed2.pdf.txt,28583,28583,28605,0,,True
courts-sc-sc_appeal_29_2024.pdf,official_courts,data/legal-sources/library/case-law/courts/sc/sc_appeal_29_2024.pdf.txt,8695,8695,8697,0,,True
courts-sc-sc_appeal_30_2024.pdf,official_courts,data/legal-sources/library/case-law/courts/sc/sc_appeal_30_2024.pdf.txt,22126,22126,21967,0,,True
courts-sc-sc_appeal_39_2024.pdf,official_courts,data/legal-sources/library/case-law/courts/sc/sc_appeal_39_2024.pdf.txt,17064,17064,17064,0,,True
courts-sc-sc_appeal_41_2024-2.pdf,official_courts,data/legal-sources/library/case-law/courts/sc/sc_appeal_41_2024-2.pdf.txt,18137,18137,17984,0,,True
courts-sc-sc_appeal_41_2024.pdf,official_courts,data/legal-sources/library/case-law/courts/sc/sc_appeal_41_2024.pdf.txt,18137,18137,17984,0,,True
courts-sc-sc_appeal_43_2024.pdf,official_courts,data/legal-sources/library/case-law/courts/sc/sc_appeal_43_2024.pdf.txt,70698,70698,70712,0,,True
courts-sc-sc_appeal_51_2024.pdf,official_courts,data/legal-sources/library/case-law/courts/sc/sc_appeal_51_2024.pdf.txt,36442,36442,36464,0,,True
courts-sc-sc_appeal_52_2024.pdf,official_courts,data/legal-sources/library/case-law/courts/sc/sc_appeal_52_2024.pdf.txt,18235,18235,18241,0,,True
courts-sc-sc_appeal_59_2024.pdf,official_courts,data/legal-sources/library/case-law/courts/sc/sc_appeal_59_2024.pdf.txt,39969,39969,40027,0,,True
courts-sc-sc_appeal_62_2024.pdf,official_courts,data/legal-sources/library/case-law/courts/sc/sc_appeal_62_2024.pdf.txt,11942,11942,11858,0,,True
courts-sc-sc_appeal_78_2024.pdf,official_courts,data/legal-sources/library/case-law/courts/sc/sc_appeal_78_2024.pdf.txt,24621,24621,24645,0,,True
courts-sc-sc_cont_2_2024.pdf,official_courts,data/legal-sources/library/case-law/courts/sc/sc_cont_2_2024.pdf.txt,19858,19858,19858,0,,True
courts-sc-sc_fr_66_2024-1.pdf,official_courts,data/legal-sources/library/case-law/courts/sc/sc_fr_66_2024-1.pdf.txt,8154,8154,8154,0,,True
courts-sc-sc_rule_4_2024-1.pdf,official_courts,data/legal-sources/library/case-law/courts/sc/sc_rule_4_2024-1.pdf.txt,38788,38788,38507,0,,True
courts-sc-sc_appeal_122_2025.pdf,official_courts,data/legal-sources/library/case-law/courts/sc/sc_appeal_122_2025.pdf.txt,16649,16649,16504,0,,True
courts-sc-sc_appeal_152_2025.pdf,official_courts,data/legal-sources/library/case-law/courts/sc/sc_appeal_152_2025.pdf.txt,26576,26576,26582,0,,True
courts-sc-sc_appeal_175_2025.pdf,official_courts,data/legal-sources/library/case-law/courts/sc/sc_appeal_175_2025.pdf.txt,6809,6809,6809,0,,True
courts-sc-sc_appeal_178_2025.pdf,official_courts,data/legal-sources/library/case-law/courts/sc/sc_appeal_178_2025.pdf.txt,7725,7725,7725,0,,True
courts-sc-sc_appeal_185_2025.pdf,official_courts,data/legal-sources/library/case-law/courts/sc/sc_appeal_185_2025.pdf.txt,20650,20650,20449,0,,True
courts-sc-sc_appeal_191_192_2025-1.pdf,official_courts,data/legal-sources/library/case-law/courts/sc/sc_appeal_191_192_2025-1.pdf.txt,14888,14888,14743,0,,True
courts-sc-sc_appeal_1_2025-1.pdf,official_courts,data/legal-sources/library/case-law/courts/sc/sc_appeal_1_2025-1.pdf.txt,48209,48209,48209,0,,True
courts-sc-sc_appeal_38_2025.pdf,official_courts,data/legal-sources/library/case-law/courts/sc/sc_appeal_38_2025.pdf.txt,31376,31376,31382,0,,True
courts-sc-sc_appeal_65_2025-2.pdf,official_courts,data/legal-sources/library/case-law/courts/sc/sc_appeal_65_2025-2.pdf.txt,91747,91747,91755,0,,True
courts-sc-sc_appeal_67_2025.pdf,official_courts,data/legal-sources/library/case-law/courts/sc/sc_appeal_67_2025.pdf.txt,27695,27695,27528,0,,True
courts-sc-sc_appeal_84_2025_ed.pdf,official_courts,data/legal-sources/library/case-law/courts/sc/sc_appeal_84_2025_ed.pdf.txt,29258,29258,29029,0,,True
courts-sc-sc_appeal_94_2025.pdf,official_courts,data/legal-sources/library/case-law/courts/sc/sc_appeal_94_2025.pdf.txt,26561,26561,26353,0,,True
courts-sc-sc_appeal_95_2025.pdf,official_courts,data/legal-sources/library/case-law/courts/sc/sc_appeal_95_2025.pdf.txt,7226,7226,7226,0,,True
courts-sc-sc_appeal_96_2025.pdf,official_courts,data/legal-sources/library/case-law/courts/sc/sc_appeal_96_2025.pdf.txt,35690,35690,35694,0,,True
