case_id,citation,court,year,reported,parties,disposition
commonlii-LKCA-1872-1,3 NLR 271,LKCA,1872,True,Parasatty Ammah Et Al. v. Setupulle,set-aside
commonlii-LKCA-1872-2,3 NLR 278,LKCA,1872,True,Supramanian Chetty v. Gunewardene Et Al,
commonlii-LKCA-1872-5,3 NLR 274,LKCA,1872,True,Kannappen v. Mylipody,set-aside
commonlii-LKCA-1873-1,3 NLR 148,LKCA,1873,True,Ibrahim Saibo and Another v. The Oriental Bank Corporation,affirmed
commonlii-LKCA-1875-1,1 NLR 131,LKCA,1875,True,Silva v. Mack,set-aside
commonlii-LKCA-1876-1,3 NLR 282,LKCA,1876,True,"In Re Duncan Anderson & Co. (In Liquidation) Ex.Parte, Bishop Et Al",affirmed
commonlii-LKCA-1878-1,3 NLR 221,LKCA,1878,True,Sivanadian v. Samarawikkrama,
commonlii-LKCA-1878-4,1 NLR 99,LKCA,1878,True,Perera v. Rodrigo,set-aside
commonlii-LKCA-1878-5,2 NLR 322,LKCA,1878,True,Sastry Valaider Aronegary and His Wife v. Sembecutty Vaigalie Et Al,affirmed
commonlii-LKCA-1880-1,5 NLR 65,LKCA,1880,True,Le Mesurier v. Attorney General,set-aside
commonlii-LKCA-1883-1,6 NLR 152,LKCA,1883,True,Pettachy Chetty v. Mohamado Yusoof,dismissed
commonlii-LKCA-1883-2,39 NLR 505,LKCA,1883,True,Abeywardene Et Al. v. Tyrell Et Al,allowed
commonlii-LKCA-1884-2,37 NLR 201,LKCA,1884,True,Fernando Et Al v. Alwis Et Al,dismissed
commonlii-LKCA-1885-1,2 NLR 187,LKCA,1885,True,The Queen v. Gunatilleke,
commonlii-LKCA-1886-2,1 NLR 346,LKCA,1886,True,Mohamadu Lebbe v. Umma Natchia,set-aside
commonlii-LKCA-1887-1,2 NLR 83,LKCA,1887,True,Muttiah v. Dias,set-aside
commonlii-LKCA-1889-1,1 NLR 120,LKCA,1889,True,Antho Pulle v. Christoffel Pulle,
commonlii-LKCA-1889-2,5 NLR 188,LKCA,1889,True,Andris Silva v. Ranmenika,affirmed
commonlii-LKCA-1890-1,10 NLR 33,LKCA,1890,True,Peris v. Perera Et Al,dismissed
commonlii-LKCA-1890-3,25 NLR 201,LKCA,1890,True,Murugesu Et Al. v. Kasinather,set-aside
commonlii-LKCA-1893-2,1 NLR 268,LKCA,1893,True,Dona Maria v. Don Paules De Silva,affirmed
commonlii-LKCA-1893-3,23 NLR 417,LKCA,1893,True,Suppramaniam Et Al. v. Erampakurukal Et Al,dismissed
commonlii-LKCA-1893-5,10 NLR 214,LKCA,1893,True,Tillekeratne v. Silva Et Al,allowed
commonlii-LKCA-1893-6,1 NLR 351,LKCA,1893,True,Mohammadu Lebbe Et Al. v. Koreen Et Al,remitted
commonlii-LKCA-1893-7,(1989) 1 Sri LR 173,LKCA,1893,True,Karunadasa Rajapaksa v. Podiappuhamy,dismissed
commonlii-LKCA-1894-1,1 NLR 51,LKCA,1894,True,"Meideen v. Banda (Walatappa Chetty, Claimant)",
commonlii-LKCA-1894-3,1 NLR 100,LKCA,1894,True,Murugappa Chetty v. Samarasekara Et Al,set-aside
commonlii-LKCA-1894-7,3 NLR 341,LKCA,1894,True,Jayawardane v. Nikulas Et Al,
commonlii-LKCA-1895-15,3 NLR 158,LKCA,1895,True,Wijeratne v. Hendrick,set-aside
commonlii-LKCA-1895-2,2 NLR 9,LKCA,1895,True,Wikramatillaka v. Marikar,set-aside
commonlii-LKCA-1895-20,3 NLR 160,LKCA,1895,True,De Silva v. Harmanis Et Al,set-aside
commonlii-LKCA-1895-23,1 NLR 206,LKCA,1895,True,Buddharakita Terunnanse v. Gunasekara,
commonlii-LKCA-1895-24,1 NLR 329,LKCA,1895,True,Pieris Appuhami v. Boteju,set-aside
commonlii-LKCA-1895-26,1 NLR 228,LKCA,1895,True,Nicholas De Silva v. Shaik Ali,remitted
commonlii-LKCA-1895-27,2 NLR 19,LKCA,1895,True,Abeyedere v. Marikar Et Al,dismissed
commonlii-LKCA-1895-33,1 NLR 217,LKCA,1895,True,Goonewardana v. Rajapakse,
commonlii-LKCA-1895-4,1 NLR 243,LKCA,1895,True,Hayman Thornhill,dismissed
commonlii-LKCA-1895-41,1 NLR 14,LKCA,1895,True,Silva v. Hendrick Appu,affirmed
commonlii-LKCA-1895-43,1 NLR 297,LKCA,1895,True,Somasundaram v. Ibrahim Saibu,
commonlii-LKCA-1895-44,1 NLR 255,LKCA,1895,True,Soysa v. Alwis,
commonlii-LKCA-1895-45,1 NLR 200,LKCA,1895,True,Terunnanse v. Menike,
commonlii-LKCA-1895-46,1 NLR 333,LKCA,1895,True,Velappa Chetty v. Meydin,
commonlii-LKCA-1895-48,1 NLR 213,LKCA,1895,True,Perumal v. Terunnanse,
commonlii-LKCA-1895-49,3 NLR 195,LKCA,1895,True,Kapuruhamy v. Hendrick Et Al,
commonlii-LKCA-1895-51,2 NLR 26,LKCA,1895,True,Hadjiar v. Hendrick Appu Et Al,dismissed
commonlii-LKCA-1895-53,1 NLR 348,LKCA,1895,True,Babasuriya v. Charles,dismissed
commonlii-LKCA-1895-59,1 NLR 257,LKCA,1895,True,Armitage Et Al. v. Brown,set-aside
commonlii-LKCA-1895-64,6 NLR 267,LKCA,1895,True,Madduma Banda v. Appuhamy,remitted
commonlii-LKCA-1895-67,1 NLR 311,LKCA,1895,True,Vansanden v. Mack,
commonlii-LKCA-1895-68,1 NLR 28,LKCA,1895,True,Silva v. Silva,set-aside
commonlii-LKCA-1895-70,2 NLR 86,LKCA,1895,True,Mudianse v. Mudianse,
commonlii-LKCA-1895-77,1 NLR 288,LKCA,1895,True,Siman Appu v. Christian Appu,set-aside
commonlii-LKCA-1896-17,2 NLR 238,LKCA,1896,True,Tissera v. Tissera,
commonlii-LKCA-1896-18,2 NLR 207,LKCA,1896,True,Edley v. Koelman,dismissed
commonlii-LKCA-1896-2,2 NLR 225,LKCA,1896,True,Mell v. Fernando,dismissed
commonlii-LKCA-1896-20,2 NLR 126,LKCA,1896,True,"In the Matter of the Last Will and Testament of the Late Venasi Ellupalayar, Deceased",affirmed
commonlii-LKCA-1896-23,2 NLR 255,LKCA,1896,True,Charles v. Ramaiya Et Al,
commonlii-LKCA-1896-24,2 NLR 40,LKCA,1896,True,Fernando v. Soysa,remitted
commonlii-LKCA-1896-25,2 NLR 252,LKCA,1896,True,In the Matter of Of the Last Will and Testament of Don Cornelis Dias,remitted
commonlii-LKCA-1896-29,2 NLR 121,LKCA,1896,True,Perera v. Brampy Et Al,
commonlii-LKCA-1896-3,2 NLR 139,LKCA,1896,True,Rodrigo v. Livera,
commonlii-LKCA-1896-31,5 NLR 252,LKCA,1896,True,Silva v. Mendis,remitted
commonlii-LKCA-1896-34,21 NLR 33,LKCA,1896,True,Appuhamy v. Sanchihamy,set-aside
commonlii-LKCA-1896-35,2 NLR 193,LKCA,1896,True,In the Matter of the Insolvency of Hector Cross Buchanan and Fredrrick William Bois,
commonlii-LKCA-1896-36,15 NLR 125,LKCA,1896,True,Webster v. Bosanquet,allowed
commonlii-LKCA-1896-41,2 NLR 33,LKCA,1896,True,Casipillai v. Ramanater,
commonlii-LKCA-1896-43,1 NLR 282,LKCA,1896,True,Holmes v. Alia Marikar,set-aside
commonlii-LKCA-1896-44,2 NLR 199,LKCA,1896,True,Arnolis v. Muttu Menika,
commonlii-LKCA-1896-47,2 NLR 6,LKCA,1896,True,The Queen v. Appuwa,
commonlii-LKCA-1896-48,2 NLR 233,LKCA,1896,True,Dias v. Kaithan Et Al,
commonlii-LKCA-1896-49,2 NLR 190,LKCA,1896,True,Hormusjee v. Cassim,dismissed
commonlii-LKCA-1896-5,1 NLR 362,LKCA,1896,True,Peris Et Al. v. Perera Et Al,set-aside
commonlii-LKCA-1896-50,1 NLR 308,LKCA,1896,True,De Silva Et Al. v. Weerasinghe,set-aside
commonlii-LKCA-1896-51,2 NLR 124,LKCA,1896,True,Meerasaibo v. Philippal,set-aside
commonlii-LKCA-1896-52,2 NLR 218,LKCA,1896,True,Markar v. Hassen,allowed
commonlii-LKCA-1896-59,2 NLR 290,LKCA,1896,True,Tirimandura v. Dissanaike,set-aside
commonlii-LKCA-1896-6,2 NLR 242,LKCA,1896,True,Edirishamy Et Al v. De Silva,set-aside
commonlii-LKCA-1896-60,2 NLR 244,LKCA,1896,True,Juanis Et Al. v. Dissanaike Et Al,set-aside
commonlii-LKCA-1896-61,2 NLR 175,LKCA,1896,True,Andris Appu v. Silva Et Al,set-aside
commonlii-LKCA-1896-62,2 NLR 159,LKCA,1896,True,Babahamy Et Al. v. Alexander,
commonlii-LKCA-1896-63,2 NLR 111,LKCA,1896,True,Bandirala v. Saibo Et Al,set-aside
commonlii-LKCA-1896-64,2 NLR 94,LKCA,1896,True,Ramen Chetty v. Campbell,
commonlii-LKCA-1896-65,2 NLR 200,LKCA,1896,True,Cassim Et Al. v. Peria Tamby Et Al,remitted
commonlii-LKCA-1896-66,7 NLR 247,LKCA,1896,True,Sedohami v. Mahomadu Ali,set-aside
commonlii-LKCA-1896-68,2 NLR 257,LKCA,1896,True,Fernando v. Marshall,affirmed
commonlii-LKCA-1896-69,3 NLR 317,LKCA,1896,True,"In the Matter of the Last Will of the Late Gamage Don Samuel and His Wife Tibbotuwawegamage Babahami:Gamage Don Siman and Others, Petitioners, Respondent: Gamage Punchibaba and Eleven Others Respondent: Gamage Lokuhamy, Repondent,Appellant",
commonlii-LKCA-1896-71,2 NLR 309,LKCA,1896,True,Fernando v. Jayawardena,
commonlii-LKCA-1897-1,3 NLR 6,LKCA,1897,True,Fernando Et Al. v. Cannangara Et Al,set-aside
commonlii-LKCA-1897-12,3 NLR 99,LKCA,1897,True,Fernando v. Fernando,set-aside
commonlii-LKCA-1897-15,4 NLR 201,LKCA,1897,True,Moysa Fernando v. Alice Fernando,affirmed
commonlii-LKCA-1897-2,3 NLR 15,LKCA,1897,True,Silva v. Fernando Et Al,set-aside
commonlii-LKCA-1897-21,3 NLR 137,LKCA,1897,True,Amerasekera v. Ran Menika Et Al,
commonlii-LKCA-1897-23,3 NLR 129,LKCA,1897,True,Batagama Appuhami v. Dingiri Menika,set-aside
commonlii-LKCA-1897-28,2 NLR 360,LKCA,1897,True,Ranghamy Et Al v. Bastian Vederala,
commonlii-LKCA-1897-31,2 NLR 369,LKCA,1897,True,Fernando v. Perera Et Al,
commonlii-LKCA-1897-33,2 NLR 370,LKCA,1897,True,Perera v. Perera,
commonlii-LKCA-1897-34,3 NLR 48,LKCA,1897,True,Isaac Perera v. Baba Appu,affirmed
commonlii-LKCA-1897-35,3 NLR 200,LKCA,1897,True,Sathianaden Et Al. v. Matthes Pulle Et Al,set-aside
commonlii-LKCA-1897-38,3 NLR 25,LKCA,1897,True,Allis v. Mendis Et Al,set-aside
commonlii-LKCA-1897-39,2 NLR 295,LKCA,1897,True,Lushington v. Saarasinghe,affirmed
commonlii-LKCA-1897-40,2 NLR 313,LKCA,1897,True,Tillekeratne v. Abeyesekere Et Al,
commonlii-LKCA-1897-43,2 NLR 311,LKCA,1897,True,Loku Banda v. Assen,
commonlii-LKCA-1897-44,2 NLR 276,LKCA,1897,True,Karonchihami v. Angohami Et Al,
commonlii-LKCA-1897-45,50 NLR 492,LKCA,1897,True,Lapaya v. Suruwamie,dismissed
commonlii-LKCA-1897-47,2 NLR 368,LKCA,1897,True,Samaranaike v. Samaraweera,
commonlii-LKCA-1897-49,3 NLR 81,LKCA,1897,True,The Attorne General v. Kiriya,
commonlii-LKCA-1897-5,3 NLR 34,LKCA,1897,True,Brampy v. Peris,set-aside
commonlii-LKCA-1897-50,3 NLR 12,LKCA,1897,True,Nona Baba v. Namohamy Et Al,affirmed
commonlii-LKCA-1897-51,5 NLR 48,LKCA,1897,True,Eramanis v. Dantu,set-aside
commonlii-LKCA-1897-53,2 NLR 355,LKCA,1897,True,"In the Matter of the Last Will and Testament of H.A. Evatt, Deceased",
commonlii-LKCA-1897-56,2 NLR 270,LKCA,1897,True,Matthes Appuhamy v. Raymond Et Al,
commonlii-LKCA-1897-9,3 NLR 5,LKCA,1897,True,Allis v. Sigera,
commonlii-LKCA-1898-14,3 NLR 161,LKCA,1898,True,De Silva v. De Silva Et Al,
commonlii-LKCA-1898-15,5 NLR 377,LKCA,1898,True,Fernando v. Perera,set-aside
commonlii-LKCA-1898-20,3 NLR 232,LKCA,1898,True,Supperamanian v. Mohammadu Alliar Et Al,
commonlii-LKCA-1898-21,3 NLR 144,LKCA,1898,True,Kapuruhami v. Hendrick Et Al,
commonlii-LKCA-1898-22,3 NLR 116,LKCA,1898,True,Ibrahim Saibu v. Muhamadu,dismissed
commonlii-LKCA-1898-28,3 NLR 218,LKCA,1898,True,Saibo v. Andris Et Al,
commonlii-LKCA-1898-29,3 NLR 248,LKCA,1898,True,Silva Et Al. v. Dassanayake,
commonlii-LKCA-1898-3,3 NLR 204,LKCA,1898,True,Davith v. Nadoris,
commonlii-LKCA-1898-30,3 NLR 208,LKCA,1898,True,Queen v. Tilakaratna,affirmed
commonlii-LKCA-1898-32,3 NLR 206,LKCA,1898,True,Queen v. De Abrew,dismissed
commonlii-LKCA-1898-35,3 NLR 110,LKCA,1898,True,Ratwatta v. Habana Et Al,dismissed
commonlii-LKCA-1898-36,3 NLR 105,LKCA,1898,True,Wambeck v. Le Mesurier,
commonlii-LKCA-1898-38,3 NLR 133,LKCA,1898,True,Silva v. Abayagunawardana Et Al,set-aside
commonlii-LKCA-1898-40,3 NLR 213,LKCA,1898,True,Maduanwala v. Ekneligoda,affirmed
commonlii-LKCA-1898-5,3 NLR 252,LKCA,1898,True,Vythilingam v. Muttiah,set-aside
commonlii-LKCA-1899-1,7 NLR 239,LKCA,1899,True,Saibo v. James Appu Et Al,set-aside
commonlii-LKCA-1899-11,3 NLR 373,LKCA,1899,True,Jayawardena v. Wijeyesinha Et Al,set-aside
commonlii-LKCA-1899-14,6 NLR 275,LKCA,1899,True,Siyadoris v. Hendrick,affirmed
commonlii-LKCA-1899-15,3 NLR 348,LKCA,1899,True,De Cross Et Al. v. Fernando,
commonlii-LKCA-1899-18,11 NLR 102,LKCA,1899,True,Pinhamy v. Pieris,allowed
commonlii-LKCA-1899-19,3 NLR 321,LKCA,1899,True,Fernando Et Al v. Mohamadu Saibo Et Al,
commonlii-LKCA-1899-2,3 NLR 350,LKCA,1899,True,Ekanayaka v. Appu Et Al,set-aside
commonlii-LKCA-1899-20,50 NLR 97,LKCA,1899,True,Nagalingam v. Thanabalasingham,dismissed
commonlii-LKCA-1899-21,5 NLR 268,LKCA,1899,True,Gooneratne v. Don Philip,dismissed
commonlii-LKCA-1899-22,3 NLR 376,LKCA,1899,True,Kiri Menika Et Al. v. Mutu Menika,affirmed
commonlii-LKCA-1899-24,7 NLR 91,LKCA,1899,True,Naguda Marikar v. Mohammadu,affirmed
commonlii-LKCA-1899-25,3 NLR 330,LKCA,1899,True,Menik Ettana Et Al. v. Allis Appu,
commonlii-LKCA-1899-26,4 NLR 189,LKCA,1899,True,Fernando v. Fernando,set-aside
commonlii-LKCA-1899-27,3 NLR 347,LKCA,1899,True,Ramalingam Et Al. v. Puthathai,affirmed
commonlii-LKCA-1899-4,7 NLR 216,LKCA,1899,True,Ferdinandis v. Don Davith,dismissed
commonlii-LKCA-1899-5,3 NLR 363,LKCA,1899,True,Carpen Chetty v. Louis Siedle,
commonlii-LKCA-1900-1,4 NLR 88,LKCA,1900,True,Pullenayagam v. Fernando,
commonlii-LKCA-1900-11,10 NLR 209,LKCA,1900,True,Mudianse Et Al. v. Sellandyar Et Al,dismissed
commonlii-LKCA-1900-13,5 NLR 196,LKCA,1900,True,Soysa v. Weerasuriya,
commonlii-LKCA-1900-15,5 NLR 56,LKCA,1900,True,Nachiar v. Fernando,set-aside
commonlii-LKCA-1900-16,5 NLR 281,LKCA,1900,True,"Ellis v. Dias.Creasy, E.B",affirmed
commonlii-LKCA-1900-2,7 NLR 353,LKCA,1900,True,Bilinda v. Ukku,set-aside
commonlii-LKCA-1900-4,4 NLR 35,LKCA,1900,True,Aitken Spence Amp Co v. Fernando,allowed
commonlii-LKCA-1900-5,4 NLR 290,LKCA,1900,True,De Mel v. Fernando,allowed
commonlii-LKCA-1900-7,5 NLR 29,LKCA,1900,True,Kathirikamasegara v. Mudaliyar,set-aside
commonlii-LKCA-1900-9,5 NLR 26,LKCA,1900,True,Gunatilake v. Silva,
commonlii-LKCA-1901-10,5 NLR 146,LKCA,1901,True,Kadija Umma v. Abdul Rahim,
commonlii-LKCA-1901-11,5 NLR 98,LKCA,1901,True,Attorney General v. Wanduragola,
commonlii-LKCA-1901-12,5 NLR 226,LKCA,1901,True,Ram Menika v. Appuhamy,
commonlii-LKCA-1901-13,5 NLR 31,LKCA,1901,True,Bastian Pillai v. Anapillai,
commonlii-LKCA-1901-15,5 NLR 95,LKCA,1901,True,Jaganadan Pillai v. Perera,
commonlii-LKCA-1901-18,7 NLR 102,LKCA,1901,True,Punchirala v. Appuhamy,
commonlii-LKCA-1901-2,5 NLR 34,LKCA,1901,True,Baba Sinno v. Sasira,
commonlii-LKCA-1901-24,5 NLR 75,LKCA,1901,True,Carolis Appuhamy v. Sinho Appu,set-aside
commonlii-LKCA-1901-25,5 NLR 210,LKCA,1901,True,Dabare v. Martelis Appu,affirmed
commonlii-LKCA-1901-26,41 NLR 1,LKCA,1901,True,Nadarajan Chettiar v. Sathanandan Et Al,dismissed
commonlii-LKCA-1901-3,5 NLR 165,LKCA,1901,True,Bastian v. Anapillai,allowed
commonlii-LKCA-1901-30,5 NLR 44,LKCA,1901,True,Ellis v. Careem,allowed
commonlii-LKCA-1901-32,5 NLR 77,LKCA,1901,True,Nagoor Pitche v. Pakeer Et Al,
commonlii-LKCA-1901-33,5 NLR 142,LKCA,1901,True,Mack v. Wickremaratne,
commonlii-LKCA-1901-38,5 NLR 184,LKCA,1901,True,Silva v. Loku Banda,set-aside
commonlii-LKCA-1901-4,5 NLR 172,LKCA,1901,True,Samarasinha v. Kurukulasuriya,affirmed
commonlii-LKCA-1901-5,5 NLR 230,LKCA,1901,True,Theodoris Fernando v. Rosalin Fernando,dismissed
commonlii-LKCA-1902-12,7 NLR 333,LKCA,1902,True,Amadoris v. Nenda,set-aside
commonlii-LKCA-1902-13,5 NLR 259,LKCA,1902,True,Croos v. Goonewardene Hamine,dismissed
commonlii-LKCA-1902-15,6 NLR 279,LKCA,1902,True,Gordion Appuhamy v. Maria Culas,dismissed
commonlii-LKCA-1902-17,6 NLR 21,LKCA,1902,True,Madar Lebbe v. Nagamma,
commonlii-LKCA-1902-2,6 NLR 338,LKCA,1902,True,Cave Co. v. Erskine,set-aside
commonlii-LKCA-1902-22,6 NLR 101,LKCA,1902,True,Kalu Menika v. Kerala,allowed
commonlii-LKCA-1902-23,7 NLR 76,LKCA,1902,True,Lucia Guneratne v. De Alwis,allowed
commonlii-LKCA-1902-29,5 NLR 273,LKCA,1902,True,Gunasekera Hamini v. Don Baron,allowed
commonlii-LKCA-1902-30,6 NLR 98,LKCA,1902,True,Re Last Will of Sego Tamby,
commonlii-LKCA-1902-32,6 NLR 173,LKCA,1902,True,Aysa Umma v. Noordeen,dismissed
commonlii-LKCA-1902-39,5 NLR 330,LKCA,1902,True,Fernando v. Tegis Appu,
commonlii-LKCA-1902-40,5 NLR 345,LKCA,1902,True,Silva v. Registrar General,set-aside
commonlii-LKCA-1902-41,5 NLR 307,LKCA,1902,True,Perera v. Casim,
commonlii-LKCA-1902-42,6 NLR 158,LKCA,1902,True,Ellawala v. Fernando,dismissed
commonlii-LKCA-1902-43,6 NLR 45,LKCA,1902,True,Ukku v. Bonda,
commonlii-LKCA-1902-44,6 NLR 108,LKCA,1902,True,"Annmalai Pillai v. Perera, Suppramanian Chetty, Added Party",allowed
commonlii-LKCA-1902-45,6 NLR 1,LKCA,1902,True,Sinchi Appu v. Wijegunasekera,set-aside
commonlii-LKCA-1902-46,6 NLR 92,LKCA,1902,True,Silva v. Silva,
commonlii-LKCA-1902-48,5 NLR 367,LKCA,1902,True,Seeni Muttu v. Meera Saibo,allowed
commonlii-LKCA-1902-49,5 NLR 383,LKCA,1902,True,Uduma Lebbe v. Seyadin Marikkar,allowed
commonlii-LKCA-1902-5,5 NLR 247,LKCA,1902,True,Hendrick Appu v. Siriwardane,
commonlii-LKCA-1902-56,6 NLR 263,LKCA,1902,True,Sami Appu v. Disanayake,
commonlii-LKCA-1902-57,5 NLR 369,LKCA,1902,True,Fernando v. Menikrala,
commonlii-LKCA-1902-58,5 NLR 262,LKCA,1902,True,Silva v. Silva,
commonlii-LKCA-1902-6,6 NLR 371,LKCA,1902,True,Re Last Will of the Late W. F. Morriss,
commonlii-LKCA-1902-7,11 NLR 50,LKCA,1902,True,"Muttiah Chetty v. Maricar Et Al., Ex Parte Hydroos Lebbe Maricar,Substituted Plaintiff",set-aside
commonlii-LKCA-1902-8,24 NLR 311,LKCA,1902,True,Arunasalam Chetty v. Bilinda,dismissed
commonlii-LKCA-1903-10,6 NLR 161,LKCA,1903,True,Anthonisz v. Derolis,dismissed
commonlii-LKCA-1903-12,7 NLR 304,LKCA,1903,True,Dingiri Appuhamy v. Siyatu,set-aside
commonlii-LKCA-1903-14,6 NLR 373,LKCA,1903,True,Gunaratne v. Perera Hamine,set-aside
commonlii-LKCA-1903-22,7 NLR 163,LKCA,1903,True,Daniel v. Saranelis Appu,remitted
commonlii-LKCA-1903-23,7 NLR 357,LKCA,1903,True,Ranghami v. Kirihamy,affirmed
commonlii-LKCA-1903-26,7 NLR 274,LKCA,1903,True,De Mel v. Dharmaratne,affirmed
commonlii-LKCA-1903-27,7 NLR 123,LKCA,1903,True,De Silva v. Thomis Appu,dismissed
commonlii-LKCA-1903-3,6 NLR 354,LKCA,1903,True,Samaranayaka v. Sidembbem Chetty,affirmed
commonlii-LKCA-1903-32,8 NLR 160,LKCA,1903,True,Narayan Chetty v. Jusey Silva,dismissed
commonlii-LKCA-1903-34,6 NLR 209,LKCA,1903,True,"Rammenika, W.M. v. Kiri Banda, R.M",set-aside
commonlii-LKCA-1903-35,6 NLR 225,LKCA,1903,True,Silva v. Silva,dismissed
commonlii-LKCA-1903-36,7 NLR 5,LKCA,1903,True,Silva v. Sinno Appu,set-aside
commonlii-LKCA-1903-37,8 NLR 34,LKCA,1903,True,Gauder v. Gauder,dismissed
commonlii-LKCA-1903-38,9 NLR 237,LKCA,1903,True,Fernando v. Fernando,dismissed
commonlii-LKCA-1903-39,8 NLR 209,LKCA,1903,True,Arnasalam v. Marikar,dismissed
commonlii-LKCA-1903-4,6 NLR 361,LKCA,1903,True,Ukku Menika Et Al. v. Lape,dismissed
commonlii-LKCA-1903-41,7 NLR 81,LKCA,1903,True,Brodie v. Attorney General,allowed
commonlii-LKCA-1903-42,8 NLR 97,LKCA,1903,True,Van Reeth v. De Silva,set-aside
commonlii-LKCA-1903-43,7 NLR 10,LKCA,1903,True,Mudalihami v. Punchirala,set-aside
commonlii-LKCA-1903-49,7 NLR 339,LKCA,1903,True,Kanappa Chetty v. Walathappa Chetty,
commonlii-LKCA-1903-5,7 NLR 147,LKCA,1903,True,Fernando v. Fernando,set-aside
commonlii-LKCA-1903-50,7 NLR 70,LKCA,1903,True,Attorney General v. De Mel,
commonlii-LKCA-1903-51,7 NLR 23,LKCA,1903,True,Kadija Umma v. Meera Lebbe,
commonlii-LKCA-1903-52,7 NLR 107,LKCA,1903,True,Dondris v. Kudatchi,
commonlii-LKCA-1903-53,6 NLR 212,LKCA,1903,True,Fernando v. Weerakon,dismissed
commonlii-LKCA-1903-54,6 NLR 233,LKCA,1903,True,Wellappu v. Mudalihami,set-aside
commonlii-LKCA-1903-55,6 NLR 328,LKCA,1903,True,Ferdinandus v. Fernando,dismissed
commonlii-LKCA-1903-56,6 NLR 216,LKCA,1903,True,Kapoor Saibo v. Mudalihami Baas,dismissed
commonlii-LKCA-1903-59,42 NLR 436,LKCA,1903,True,Anees v. Bank of Chettinad,dismissed
commonlii-LKCA-1903-6,7 NLR 230,LKCA,1903,True,De Zilva v. Cassim,dismissed
commonlii-LKCA-1903-60,6 NLR 163,LKCA,1903,True,Annamal v. Saibo Lebbe,dismissed
commonlii-LKCA-1903-61,9 NLR 293,LKCA,1903,True,Fernando Et Al. v. Fernando Et. Al,dismissed
commonlii-LKCA-1903-62,6 NLR 344,LKCA,1903,True,Ibanu Agen v. Abeyasekera,dismissed
commonlii-LKCA-1903-65,7 NLR 173,LKCA,1903,True,Perera v. Perera,set-aside
commonlii-LKCA-1903-66,6 NLR 364,LKCA,1903,True,Mustapha Lebbe v. Martinus,dismissed
commonlii-LKCA-1903-68,6 NLR 270,LKCA,1903,True,Re Insolvency of Benedict De Croos,
commonlii-LKCA-1903-69,6 NLR 299,LKCA,1903,True,Ukku v. Kalu,dismissed
commonlii-LKCA-1903-7,7 NLR 299,LKCA,1903,True,Gunaratne v. Hamine,set-aside
commonlii-LKCA-1903-71,7 NLR 16,LKCA,1903,True,Panis Appuhamy v. Selenchi Appu Et Al,
commonlii-LKCA-1903-72,7 NLR 139,LKCA,1903,True,Sinnatamby v. Nallatamby,dismissed
commonlii-LKCA-1903-73,7 NLR 242,LKCA,1903,True,Appuhamy v. Hudu Banda,allowed
commonlii-LKCA-1903-74,7 NLR 100,LKCA,1903,True,Dinga V.Hapuwa,allowed
commonlii-LKCA-1903-78,7 NLR 364,LKCA,1903,True,Rankiri v. Ukku,dismissed
commonlii-LKCA-1903-79,6 NLR 236,LKCA,1903,True,Perera v. David Appu,dismissed
commonlii-LKCA-1903-8,6 NLR 194,LKCA,1903,True,Re Estate of Usuph Lebbe and His Wife Serja,
commonlii-LKCA-1903-82,9 NLR 246,LKCA,1903,True,Nagamma v. Sathappa Chetty Et Al,set-aside
commonlii-LKCA-1903-83,8 NLR 179,LKCA,1903,True,Pieris v. Pieris,set-aside
commonlii-LKCA-1903-84,6 NLR 197,LKCA,1903,True,Kirihamy Muhandirama v. Dingiri Appu,
commonlii-LKCA-1903-85,6 NLR 220,LKCA,1903,True,Meyappa Chetty v. Rawther,set-aside
commonlii-LKCA-1903-87,7 NLR 208,LKCA,1903,True,Serasingha v. Ibrahim Saibo,
commonlii-LKCA-1903-88,6 NLR 321,LKCA,1903,True,Peris v. Peris,
commonlii-LKCA-1903-89,7 NLR 345,LKCA,1903,True,Raman Chetty v. Abdul Rasac,
commonlii-LKCA-1903-90,7 NLR 135,LKCA,1903,True,Silva v. Gimarah,
commonlii-LKCA-1903-91,6 NLR 356,LKCA,1903,True,Ssuppaiya v. Tambaiya,set-aside
commonlii-LKCA-1903-92,7 NLR 198,LKCA,1903,True,Wijeyewardene v. Aponso,dismissed
commonlii-LKCA-1903-93,6 NLR 306,LKCA,1903,True,Muttaiya Chetty v. Karupaiya Kankani,set-aside
commonlii-LKCA-1903-94,6 NLR 285,LKCA,1903,True,Muttiah Chetty v. Karupaiya Kankani,
commonlii-LKCA-1903-96,10 NLR 90,LKCA,1903,True,Wijewarden v. Schubert Et Al,
commonlii-LKCA-1903-97,10 NLR 167,LKCA,1903,True,Baban Appu v. Gunewardene Et Al,allowed
commonlii-LKCA-1903-98,7 NLR 266,LKCA,1903,True,Alwis v. Juanis Appuhami,remitted
commonlii-LKCA-1904-1,10 NLR 119,LKCA,1904,True,Perera v. Kriekenbeck Et Al,dismissed
commonlii-LKCA-1904-11,8 NLR 110,LKCA,1904,True,Rosenbrg v. Silva,dismissed
commonlii-LKCA-1904-13,50 NLR 52,LKCA,1904,True,Silva Et Al. v. Kavanihamy,allowed
commonlii-LKCA-1904-15,7 NLR 245,LKCA,1904,True,Ismail v. Silva,dismissed
commonlii-LKCA-1904-17,7 NLR 330,LKCA,1904,True,Silva v. Aberan,
commonlii-LKCA-1904-20,9 NLR 177,LKCA,1904,True,Gould v. Innasitamby,set-aside
commonlii-LKCA-1904-22,7 NLR 133,LKCA,1904,True,Katherina v. Jandris,
commonlii-LKCA-1904-23,7 NLR 262,LKCA,1904,True,Fonseka v. Peiris Et Al,dismissed
commonlii-LKCA-1904-26,10 NLR 100,LKCA,1904,True,Loku Banda v. Dehigama Kumarihami,
commonlii-LKCA-1904-27,8 NLR 118,LKCA,1904,True,Perera v. Thaliff,
commonlii-LKCA-1904-29,7 NLR 225,LKCA,1904,True,Hallock v. Bandappu,dismissed
commonlii-LKCA-1904-3,7 NLR 279,LKCA,1904,True,Saminathan Chetty v. Silva,dismissed
commonlii-LKCA-1904-30,8 NLR 59,LKCA,1904,True,Samsi Lebbe v. Fernando,set-aside
commonlii-LKCA-1904-31,8 NLR 261,LKCA,1904,True,Kaluhamy v. Appuhamy,dismissed
commonlii-LKCA-1904-32,10 NLR 196,LKCA,1904,True,Louis Appuhami v. Punchi Baba,allowed
commonlii-LKCA-1904-33,10 NLR 183,LKCA,1904,True,Orloff Et Al. v. Grebe Et Al,
commonlii-LKCA-1904-35,8 NLR 121,LKCA,1904,True,Letchemanan v. Sanmugam,set-aside
commonlii-LKCA-1904-38,7 NLR 151,LKCA,1904,True,Suppiah v. Thambiah,set-aside
commonlii-LKCA-1904-39,8 NLR 174,LKCA,1904,True,Visuvanther v. Tiyagaraja,affirmed
commonlii-LKCA-1904-8,7 NLR 280,LKCA,1904,True,Mirando v. Kiduru Mohamadu,set-aside
commonlii-LKCA-1905-1,8 NLR 372,LKCA,1905,True,Manthira Nadan v. Kulanthavel,affirmed
commonlii-LKCA-1905-10,10 NLR 260,LKCA,1905,True,Catherina v. Silva,dismissed
commonlii-LKCA-1905-14,8 NLR 358,LKCA,1905,True,Podda v. Pabuli,set-aside
commonlii-LKCA-1905-16,8 NLR 380,LKCA,1905,True,Sadris Appu Et Al. v. Cornelis Appu Et Al,dismissed
commonlii-LKCA-1905-17,9 NLR 7,LKCA,1905,True,De Kroes v. Don Johannes,
commonlii-LKCA-1905-18,8 NLR 350,LKCA,1905,True,Aysa Umma v. Noordeen,dismissed
commonlii-LKCA-1905-19,8 NLR 283,LKCA,1905,True,Jayawardene v. Jayawardene,set-aside
commonlii-LKCA-1905-2,48 NLR 365,LKCA,1905,True,Dingiri Appu v. Punchi Appuhamy Et Al,dismissed
commonlii-LKCA-1905-20,8 NLR 307,LKCA,1905,True,Manchohamy v. Appuhamy,set-aside
commonlii-LKCA-1905-22,10 NLR 97,LKCA,1905,True,Segoe Mohideen v. Ismail Lebbe Maricar,allowed
commonlii-LKCA-1905-26,8 NLR 82,LKCA,1905,True,Rabot v. De Silva,dismissed
commonlii-LKCA-1905-28,9 NLR 110,LKCA,1905,True,Silva Et Al. v. Silva Et Al,set-aside
commonlii-LKCA-1905-3,8 NLR 375,LKCA,1905,True,Ponniah v. Payhamy,
commonlii-LKCA-1905-31,8 NLR 152,LKCA,1905,True,Re Jayawardana,
commonlii-LKCA-1905-32,11 NLR 44,LKCA,1905,True,Babun Appu v. Simon Appu,allowed
commonlii-LKCA-1905-33,10 NLR 221,LKCA,1905,True,Saparamadu v. Saparamadu Et Al,dismissed
commonlii-LKCA-1905-34,9 NLR 241,LKCA,1905,True,Fernando v. Fernando,affirmed
commonlii-LKCA-1905-35,14 NLR 138,LKCA,1905,True,Pillay v. Fernando,dismissed
commonlii-LKCA-1905-36,9 NLR 26,LKCA,1905,True,Gargial Et Al. v. Somasundram Chetty,set-aside
commonlii-LKCA-1905-38,8 NLR 107,LKCA,1905,True,Kumara Heneya v. Kiri Banda,set-aside
commonlii-LKCA-1905-39,11 NLR 62,LKCA,1905,True,Endris v. Adrian Appu,allowed
commonlii-LKCA-1905-4,9 NLR 48,LKCA,1905,True,Ponnambalam v. Paramanayagam,
commonlii-LKCA-1905-41,8 NLR 265,LKCA,1905,True,Cooke v. Freeman,set-aside
commonlii-LKCA-1905-42,8 NLR 330,LKCA,1905,True,Ahamado Natchia v. Muhamado Natchia,set-aside
commonlii-LKCA-1905-43,8 NLR 62,LKCA,1905,True,Sabapathi v. Sivaprakasam,set-aside
commonlii-LKCA-1905-5,9 NLR 350,LKCA,1905,True,Kulendoeveloe v. Kandeperumal,
commonlii-LKCA-1905-6,8 NLR 176,LKCA,1905,True,King v. Silva,set-aside
commonlii-LKCA-1905-8,9 NLR 59,LKCA,1905,True,Selenchi Appuhami v. Lavinia Et Al,
commonlii-LKCA-1906-1,11 NLR 95,LKCA,1906,True,Eranee Et Al. v. Nusserwanjee,dismissed
commonlii-LKCA-1906-10,9 NLR 168,LKCA,1906,True,Cantlay v. Elkington,
commonlii-LKCA-1906-15,11 NLR 325,LKCA,1906,True,Mohamed Bhoy Et Al. v. Maria Dias Et Al,allowed
commonlii-LKCA-1906-16,9 NLR 316,LKCA,1906,True,Pless Pol v. Lady De Soysa Et Al,dismissed
commonlii-LKCA-1906-17,10 NLR 18,LKCA,1906,True,Gunesekere v. Teberis Et Al,dismissed
commonlii-LKCA-1906-18,9 NLR 336,LKCA,1906,True,Poowatchy Umma Et Al. v. Cassim Maricar Et Al,affirmed
commonlii-LKCA-1906-2,9 NLR 90,LKCA,1906,True,Guneratne v. Appuhami,allowed
commonlii-LKCA-1906-20,9 NLR 289,LKCA,1906,True,Ahamado Lebbe v. Maris Appu Et Al,dismissed
commonlii-LKCA-1906-22,9 NLR 166,LKCA,1906,True,Don Jacovis v. Perera,
commonlii-LKCA-1906-23,9 NLR 1,LKCA,1906,True,Fernando v. Fernando,allowed
commonlii-LKCA-1906-25,9 NLR 190,LKCA,1906,True,Muttiah v. Baur,dismissed
commonlii-LKCA-1906-26,9 NLR 359,LKCA,1906,True,Peiris v. Weerasinghe Et Al,allowed
commonlii-LKCA-1906-28,9 NLR 346,LKCA,1906,True,Supramanian Chetty v. Siriwardana Et Al,set-aside
commonlii-LKCA-1906-29,9 NLR 114,LKCA,1906,True,Silva Et Al. v. Silva Et Al,
commonlii-LKCA-1906-3,9 NLR 276,LKCA,1906,True,Corea v. Pieris,allowed
commonlii-LKCA-1906-32,9 NLR 366,LKCA,1906,True,Wijanaike v. De Silva,dismissed
commonlii-LKCA-1906-34,10 NLR 343,LKCA,1906,True,"Dissan Appu v. Babahami Et Al,",allowed
commonlii-LKCA-1906-35,10 NLR 304,LKCA,1906,True,Ratwatte v. Dullewe,dismissed
commonlii-LKCA-1906-36,9 NLR 257,LKCA,1906,True,"Casim, Et Al. v. Dingihamy Et Al",dismissed
commonlii-LKCA-1906-37,9 NLR 189,LKCA,1906,True,Pieris v. Pieris,set-aside
commonlii-LKCA-1906-38,9 NLR 131,LKCA,1906,True,Dingiri Menika v. Dingiri Menika,set-aside
commonlii-LKCA-1906-4,9 NLR 282,LKCA,1906,True,Atchy Kannu Et Al. v. Nagamma,
commonlii-LKCA-1906-40,9 NLR 14,LKCA,1906,True,Pieris v. Pieris,affirmed
commonlii-LKCA-1906-41,9 NLR 251,LKCA,1906,True,Babey Nona Et Al. v. Silva,set-aside
commonlii-LKCA-1906-42,8 NLR 361,LKCA,1906,True,Dasanaike v. Dassanaike,affirmed
commonlii-LKCA-1906-43,9 NLR 217,LKCA,1906,True,Perera v. Perera,set-aside
commonlii-LKCA-1906-45,10 NLR 234,LKCA,1906,True,Silva v. Silva Et Al,dismissed
commonlii-LKCA-1906-47,9 NLR 98,LKCA,1906,True,"The General Ceylon Tea Estates Co.,Ltd. v. Pulle",
commonlii-LKCA-1906-49,9 NLR 77,LKCA,1906,True,Mendis v. Fernando,
commonlii-LKCA-1906-5,10 NLR 332,LKCA,1906,True,Haramanis v. Haramanis,allowed
commonlii-LKCA-1906-50,9 NLR 331,LKCA,1906,True,Ahamado Natchia Et Al. v. Muhamado Natchia Et Al,
commonlii-LKCA-1906-51,9 NLR 202,LKCA,1906,True,Tikiri Kumarihamy v. De Silva Et Al,set-aside
commonlii-LKCA-1906-52,10 NLR 351,LKCA,1906,True,John Sinno v. Julis Appu,dismissed
commonlii-LKCA-1906-53,10 NLR 230,LKCA,1906,True,Perera v. Perera Et Al,dismissed
commonlii-LKCA-1906-54,10 NLR 52,LKCA,1906,True,Saravanamuttu v. Sinappa Aiyar Et Al,dismissed
commonlii-LKCA-1906-58,9 NLR 231,LKCA,1906,True,Peiris v. Peiris,dismissed
commonlii-LKCA-1906-59,9 NLR 368,LKCA,1906,True,Ponniah v. Nugu Lebbe,allowed
commonlii-LKCA-1906-6,10 NLR 44,LKCA,1906,True,Silva v. Nona Hamine,dismissed
commonlii-LKCA-1906-62,10 NLR 7,LKCA,1906,True,Chandrawarnum Et Al. v. The Public Service Mutual Provident Association,dismissed
commonlii-LKCA-1906-63,9 NLR 183,LKCA,1906,True,Ohlmus v. Ohlmus,dismissed
commonlii-LKCA-1906-64,9 NLR 150,LKCA,1906,True,Mutappa Chetty v. Fernando,dismissed
commonlii-LKCA-1906-65,8 NLR 313,LKCA,1906,True,The Ceylon Steamship Co. v. De John and Sons,dismissed
commonlii-LKCA-1906-66,11 NLR 187,LKCA,1906,True,Amarasinghe Appuhamy v. Boteju,allowed
commonlii-LKCA-1906-67,8 NLR 337,LKCA,1906,True,Kantamma v. Kanapathipillay,dismissed
commonlii-LKCA-1906-8,9 NLR 161,LKCA,1906,True,"Hay v. The Official Administrator of the Estate of the Late R. W. Nunn, Deceased",affirmed
commonlii-LKCA-1906-9,10 NLR 73,LKCA,1906,True,Silva v. Weerasuriya,dismissed
commonlii-LKCA-1907-1,10 NLR 339,LKCA,1907,True,Lebbe Marikar v. Sainu Et Al,dismissed
commonlii-LKCA-1907-10,10 NLR 263,LKCA,1907,True,Attorney General v. Smith,allowed
commonlii-LKCA-1907-13,11 NLR 17,LKCA,1907,True,Carolis Et Al. v. Don Davith,allowed
commonlii-LKCA-1907-14,11 NLR 39,LKCA,1907,True,Dantuwa v. Setuwa,dismissed
commonlii-LKCA-1907-15,10 NLR 347,LKCA,1907,True,Uduma Levvai v. Mayatin Vava Et Al,allowed
commonlii-LKCA-1907-19,10 NLR 371,LKCA,1907,True,Muttiah Chetty v. Dingiria Et Al,dismissed
commonlii-LKCA-1907-2,10 NLR 206,LKCA,1907,True,Idroos Leebe v. Maricar,dismissed
commonlii-LKCA-1907-23,11 NLR 254,LKCA,1907,True,Pate v. Pate,allowed
commonlii-LKCA-1907-24,11 NLR 41,LKCA,1907,True,Rajakariar v. The Provincial Road Committee of Jaffna,dismissed
commonlii-LKCA-1907-27,10 NLR 178,LKCA,1907,True,Isla Maricar v. Andris Appu,allowed
commonlii-LKCA-1907-28,11 NLR 182,LKCA,1907,True,Appuhamy Et Al. v. Mohammado Lebbe,dismissed
commonlii-LKCA-1907-3,10 NLR 252,LKCA,1907,True,Pless Pol v. De Soysa,allowed
commonlii-LKCA-1907-30,10 NLR 312,LKCA,1907,True,Silva Et Al. v. Singho Et Al,allowed
commonlii-LKCA-1907-5,10 NLR 369,LKCA,1907,True,King v. Lavena Maricar,dismissed
commonlii-LKCA-1907-8,10 NLR 193,LKCA,1907,True,Silindu v. Akura,remitted
commonlii-LKCA-1908-1,12 NLR 1,LKCA,1908,True,Senanayeke v. Dissanayeke,allowed
commonlii-LKCA-1908-10,11 NLR 71,LKCA,1908,True,Suppramaniapillai v. Kalikutty,allowed
commonlii-LKCA-1908-19,11 NLR 210,LKCA,1908,True,Pedro Costa v. Fernando Et Al,dismissed
commonlii-LKCA-1908-2,11 NLR 161,LKCA,1908,True,Silva v. Silva,allowed
commonlii-LKCA-1908-20,12 NLR 26,LKCA,1908,True,Perera v. Avishamy,dismissed
commonlii-LKCA-1908-22,11 NLR 190,LKCA,1908,True,"Government Agent, Western Province v. Cooray",allowed
commonlii-LKCA-1908-23,11 NLR 272,LKCA,1908,True,Martelis Appu v. Jayewardene Et Al,remitted
commonlii-LKCA-1908-25,11 NLR 316,LKCA,1908,True,"Darley, Butler & Co. v. Silva",dismissed
commonlii-LKCA-1908-26,11 NLR 33,LKCA,1908,True,Lewis v. Ukku Dureya,dismissed
commonlii-LKCA-1908-27,11 NLR 150,LKCA,1908,True,Davith Appuhamy v. Perera,allowed
commonlii-LKCA-1908-31,11 NLR 165,LKCA,1908,True,Danchiya v. Dissanchi,dismissed
commonlii-LKCA-1908-33,11 NLR 151,LKCA,1908,True,"The Government Agent,Western Province v. Palaniappa Chetty",dismissed
commonlii-LKCA-1908-34,11 NLR 212,LKCA,1908,True,Ukku v. Rankiri,allowed
commonlii-LKCA-1908-39,9 NLR 126,LKCA,1908,True,Geddes v. Vairavy Et Al,
commonlii-LKCA-1908-40,12 NLR 40,LKCA,1908,True,Kurukal v. Kurukal,
commonlii-LKCA-1908-42,11 NLR 147,LKCA,1908,True,Vanderpoorten v. Scott,dismissed
commonlii-LKCA-1908-45,11 NLR 309,LKCA,1908,True,Abubakker Lebbe v. Ismail Lebbe,dismissed
commonlii-LKCA-1908-46,11 NLR 294,LKCA,1908,True,Punchi Banda (Executor of the Last Will of Bandara Menika) v. Yusubu Lebbe,allowed
commonlii-LKCA-1908-48,11 NLR 226,LKCA,1908,True,Ukkuhamy v. Bala Etana,allowed
commonlii-LKCA-1908-49,11 NLR 333,LKCA,1908,True,Fonseka Et Al. v. Babunona,allowed
commonlii-LKCA-1908-50,11 NLR 157,LKCA,1908,True,Juanis Appuhamy Et Al. v. Juan Silva,dismissed
commonlii-LKCA-1908-51,11 NLR 154,LKCA,1908,True,Silva v. Philipps,dismissed
commonlii-LKCA-1908-53,11 NLR 36,LKCA,1908,True,Salohamy v. Weerasekera,dismissed
commonlii-LKCA-1908-55,11 NLR 185,LKCA,1908,True,Bandaranaike v. Bandaranaike,allowed
commonlii-LKCA-1908-56,11 NLR 20,LKCA,1908,True,Catherinahami Et Al. v. Babahamy,allowed
commonlii-LKCA-1908-57,6 NLR 246,LKCA,1908,True,Mather v. Tamotharam Pillai,set-aside
commonlii-LKCA-1908-58,11 NLR 168,LKCA,1908,True,"Darley, Butler & Co. v. Fernando",dismissed
commonlii-LKCA-1908-6,13 NLR 4,LKCA,1908,True,Sockalingam Chetty v. Gunawardene,allowed
commonlii-LKCA-1908-60,11 NLR 105,LKCA,1908,True,Dingiriya v. Payne,allowed
commonlii-LKCA-1908-61,11 NLR 360,LKCA,1908,True,Sumangala Unnanse v. Dhammarakkita Et Al,dismissed
commonlii-LKCA-1908-62,11 NLR 337,LKCA,1908,True,"The Government Agent, Western Province v. Frederick Perera",affirmed
commonlii-LKCA-1908-64,12 NLR 16,LKCA,1908,True,The Ceylon Land and Produce Co. Ltd. v. Malcolmson,dismissed
commonlii-LKCA-1908-65,11 NLR 217,LKCA,1908,True,Ponnamma v. Weerasuriya,allowed
commonlii-LKCA-1908-66,11 NLR 220,LKCA,1908,True,Karunawardana v. Wijesuriya,dismissed
commonlii-LKCA-1908-69,11 NLR 83,LKCA,1908,True,Letchimanen Chetty v. Muttusamy Pillai,allowed
commonlii-LKCA-1908-8,11 NLR 69,LKCA,1908,True,"Sinniah Chetty v. Kumarappa Chetty, Ex Parte E.C. Jobsz",dismissed
commonlii-LKCA-1909-1,12 NLR 87,LKCA,1909,True,Perera v. Amarasooriya,affirmed
commonlii-LKCA-1909-10,14 NLR 475,LKCA,1909,True,Suppaiya v. Ponniah Et Al,set-aside
commonlii-LKCA-1909-11,12 NLR 289,LKCA,1909,True,Suthukkumah v. Vacchiravagee,allowed
commonlii-LKCA-1909-13,12 NLR 83,LKCA,1909,True,The Assistant Government Agent v. Fernando,dismissed
commonlii-LKCA-1909-14,12 NLR 382,LKCA,1909,True,Appuhamy v. Dionis,allowed
commonlii-LKCA-1909-15,12 NLR 126,LKCA,1909,True,Ahamado v. Lebbe Maricar,allowed
commonlii-LKCA-1909-17,12 NLR 181,LKCA,1909,True,Bastian Silva v. Mariano Silva,allowed
commonlii-LKCA-1909-18,12 NLR 114,LKCA,1909,True,Byrde v. Carpen Chetty,allowed
commonlii-LKCA-1909-21,13 NLR 161,LKCA,1909,True,Kantaiyer v. Ramu,allowed
commonlii-LKCA-1909-25,12 NLR 184,LKCA,1909,True,Mohamed Cassim v. Sinne Lebbe Maricar,allowed
commonlii-LKCA-1909-26,12 NLR 134,LKCA,1909,True,Mudianse v. Wilson,set-aside
commonlii-LKCA-1909-28,12 NLR 362,LKCA,1909,True,Peries v. Cooray,allowed
commonlii-LKCA-1909-29,12 NLR 102,LKCA,1909,True,Saram Appuhamy v. Martinahami,allowed
commonlii-LKCA-1909-30,13 NLR 33,LKCA,1909,True,Silva v. Silva Et Al,dismissed
commonlii-LKCA-1909-31,12 NLR 139,LKCA,1909,True,Weerappa Chetty v. Arunaselam Chetty,allowed
commonlii-LKCA-1909-33,12 NLR 364,LKCA,1909,True,Jayesekere v. Wanigaratna,dismissed
commonlii-LKCA-1909-35,12 NLR 298,LKCA,1909,True,Ramasamy Pulle v. De Silva,allowed
commonlii-LKCA-1909-38,12 NLR 313,LKCA,1909,True,Affefudeen v. Periatamby,dismissed
commonlii-LKCA-1909-39,12 NLR 357,LKCA,1909,True,King v. Abe Sekera,set-aside
commonlii-LKCA-1909-42,12 NLR 74,LKCA,1909,True,Tikiri Kumarihamy v. De Silva,dismissed
commonlii-LKCA-1909-43,12 NLR 105,LKCA,1909,True,Babanissa v. Kaluhami,affirmed
commonlii-LKCA-1909-47,12 NLR 373,LKCA,1909,True,Abeyesundere v. Abeyesundere,dismissed
commonlii-LKCA-1909-48,12 NLR 241,LKCA,1909,True,Wijewardene v. Abdul Hamid,dismissed
commonlii-LKCA-1909-49,12 NLR 316,LKCA,1909,True,Samarakoon v. Jayewardene,allowed
commonlii-LKCA-1909-50,12 NLR 200,LKCA,1909,True,Fernando Et Uxor v. Ammal,allowed
commonlii-LKCA-1909-55,12 NLR 291,LKCA,1909,True,Dissanaike v. Elwes,allowed
commonlii-LKCA-1909-56,12 NLR 111,LKCA,1909,True,Ranhotia v. Bilinda,dismissed
commonlii-LKCA-1909-57,12 NLR 147,LKCA,1909,True,Corea v. Peiris,dismissed
commonlii-LKCA-1909-58,12 NLR 259,LKCA,1909,True,Manuel Naide v. Adrian Hamy,allowed
commonlii-LKCA-1909-59,12 NLR 300,LKCA,1909,True,Jayasinghe Bandar v. Elias Appuhami,allowed
commonlii-LKCA-1909-6,12 NLR 67,LKCA,1909,True,Cracklaw v. Clements,
commonlii-LKCA-1909-60,12 NLR 330,LKCA,1909,True,Abdul Aziz v. Abdul Rahim,allowed
commonlii-LKCA-1909-62,12 NLR 309,LKCA,1909,True,Fernando v. Proctor,dismissed
commonlii-LKCA-1909-63,12 NLR 321,LKCA,1909,True,Samuel Appu v. Lord Elphinstone,dismissed
commonlii-LKCA-1909-65,12 NLR 320,LKCA,1909,True,Soysa v. Wijesekera,dismissed
commonlii-LKCA-1909-66,12 NLR 120,LKCA,1909,True,Thenappa Chetty v. Veerappa Chetty,dismissed
commonlii-LKCA-1909-67,12 NLR 287,LKCA,1909,True,Ponniah v. Dingiri Amma,allowed
commonlii-LKCA-1909-9,12 NLR 212,LKCA,1909,True,John & Co. v. De Mel,dismissed
commonlii-LKCA-1910-1,13 NLR 259,LKCA,1910,True,Bindua v. Unity Et Al,dismissed
commonlii-LKCA-1910-2,23 NLR 97,LKCA,1910,True,Seelachchy v. Visuvanathan Chetty,dismissed
commonlii-LKCA-1910-20,13 NLR 85,LKCA,1910,True,Perera v. Soysa,dismissed
commonlii-LKCA-1910-21,14 NLR 400,LKCA,1910,True,Dammaratna Unnanse v. Sumangala Unnanse Et Al,dismissed
commonlii-LKCA-1910-23,13 NLR 273,LKCA,1910,True,Babappu v. Don Andris,set-aside
commonlii-LKCA-1910-25,14 NLR 8,LKCA,1910,True,Appuhamy v. Appuhamy,allowed
commonlii-LKCA-1910-26,13 NLR 212,LKCA,1910,True,Corea v. Pieris Et Al,allowed
commonlii-LKCA-1910-28,13 NLR 261,LKCA,1910,True,In Re the Last Will of Tissera Appuhamy Tissera Et Al. v. Gunatilleka Hamine,allowed
commonlii-LKCA-1910-30,13 NLR 70,LKCA,1910,True,Mohotte v. Dissanayaka Et Al,dismissed
commonlii-LKCA-1910-34,14 NLR 47,LKCA,1910,True,Rowel v. Jayawardene,allowed
commonlii-LKCA-1910-35,14 NLR 20,LKCA,1910,True,Sebastian Perera v. Jusey Perera,dismissed
commonlii-LKCA-1910-36,13 NLR 219,LKCA,1910,True,Sekady Pulle v. The Fiscal Central Province,allowed
commonlii-LKCA-1910-37,13 NLR 293,LKCA,1910,True,Silva Et Al. v. Appuhamy Et Al,allowed
commonlii-LKCA-1910-38,13 NLR 173,LKCA,1910,True,Silva Et Al. v. Singho Et Al,allowed
commonlii-LKCA-1910-40,13 NLR 87,LKCA,1910,True,Silva v. Silva Et Al,allowed
commonlii-LKCA-1910-41,13 NLR 297,LKCA,1910,True,Sinno Appu v. Andris Et Al,affirmed
commonlii-LKCA-1910-43,13 NLR 193,LKCA,1910,True,Punchirala v. Mohideen Et Al,
commonlii-LKCA-1910-45,13 NLR 237,LKCA,1910,True,Sendris Appu v. Santakahamy,dismissed
commonlii-LKCA-1910-46,13 NLR 65,LKCA,1910,True,Ammal v. Kanagany,dismissed
commonlii-LKCA-1910-48,13 NLR 195,LKCA,1910,True,Wijesooria v. Ibrahimsa,dismissed
commonlii-LKCA-1910-49,13 NLR 187,LKCA,1910,True,Mohamadu Marikar v. Ibrahim Naina,dismissed
commonlii-LKCA-1910-50,13 NLR 129,LKCA,1910,True,"Munasinghe Et Al. v. The Assistant Government Agent, Puttalam",set-aside
commonlii-LKCA-1910-51,13 NLR 301,LKCA,1910,True,Wijemanne v. Schokman,dismissed
commonlii-LKCA-1910-52,13 NLR 157,LKCA,1910,True,Chinnappa Et Al. v. Kanakar Et Al,dismissed
commonlii-LKCA-1910-53,13 NLR 321,LKCA,1910,True,Kapuruhamy Et Al v. Appuhamy,allowed
commonlii-LKCA-1910-54,13 NLR 74,LKCA,1910,True,Velupillai v. Sivakamipillai,dismissed
commonlii-LKCA-1910-55,13 NLR 166,LKCA,1910,True,Kanapathipillai v. Kannachi Et Al,allowed
commonlii-LKCA-1910-56,14 NLR 152,LKCA,1910,True,Caruppen Chftty v. Wijesinghe,set-aside
commonlii-LKCA-1910-57,13 NLR 309,LKCA,1910,True,Odris Et Al. v. Mendis Et Al,dismissed
commonlii-LKCA-1910-58,13 NLR 225,LKCA,1910,True,Alagiawanna Gurunnanse v. Don Hendrick Et Al,remitted
commonlii-LKCA-1910-59,15 NLR 33,LKCA,1910,True,John Gosnell &Co. Ltd. v. Sivaprakasam,dismissed
commonlii-LKCA-1910-6,14 NLR 79,LKCA,1910,True,Goonasekera Et Al. v. Adirian Et Al,allowed
commonlii-LKCA-1910-60,13 NLR 361,LKCA,1910,True,Somasunderam Chetty v. Todd Et Al,dismissed
commonlii-LKCA-1910-61,13 NLR 112,LKCA,1910,True,Guruhamy v. Subaseris Et Al,set-aside
commonlii-LKCA-1910-62,15 NLR 392,LKCA,1910,True,Costa Et Al. v. Silva Et Al,allowed
commonlii-LKCA-1910-63,13 NLR 353,LKCA,1910,True,Samaradiwakara Et Al. v. De Saram,affirmed
commonlii-LKCA-1910-64,14 NLR 38,LKCA,1910,True,Weerasinghe v. Gunatilleke,dismissed
commonlii-LKCA-1910-65,13 NLR 104,LKCA,1910,True,Issan Appu Et Al. v. Gura,dismissed
commonlii-LKCA-1910-67,13 NLR 201,LKCA,1910,True,Ponnammal v. Pattaye Et Al,dismissed
commonlii-LKCA-1910-68,14 NLR 26,LKCA,1910,True,Umaitai v. Thamotharampillai,dismissed
commonlii-LKCA-1910-69,13 NLR 176,LKCA,1910,True,Meera Saibo Et Al. v. Punchirala Et Al,dismissed
commonlii-LKCA-1910-7,13 NLR 81,LKCA,1910,True,Perera v. Silva Et Al,dismissed
commonlii-LKCA-1910-71,13 NLR 291,LKCA,1910,True,Peiris Et Al. v. Perera,dismissed
commonlii-LKCA-1910-72,13 NLR 269,LKCA,1910,True,Ponnusamy v. Veeragattipillai Et Al,allowed
commonlii-LKCA-1910-75,13 NLR 182,LKCA,1910,True,Muttupillai v. Chinnapillai Et Al,dismissed
commonlii-LKCA-1910-76,13 NLR 346,LKCA,1910,True,King v. Fernando,allowed
commonlii-LKCA-1910-77,14 NLR 1,LKCA,1910,True,Bacho Appu v. Ramblan,allowed
commonlii-LKCA-1910-78,14 NLR 30,LKCA,1910,True,Moorthiapillai v. Sivakaminathapillai,allowed
commonlii-LKCA-1910-79,14 NLR 45,LKCA,1910,True,Babunona Et Al. v. Cornelis Appu,set-aside
commonlii-LKCA-1910-8,14 NLR 52,LKCA,1910,True,Sultan v. Packeer,dismissed
commonlii-LKCA-1910-80,14 NLR 35,LKCA,1910,True,Poronchihamy v. Davithamy,set-aside
commonlii-LKCA-1910-83,14 NLR 340,LKCA,1910,True,Cowell v. Casie Chetty,dismissed
commonlii-LKCA-1910-84,13 NLR 264,LKCA,1910,True,Goonawardana v. Mohideen Koya & Co,allowed
commonlii-LKCA-1910-9,13 NLR 376,LKCA,1910,True,Weerasooriya Et Al. v. Weerasooriya Et Al,dismissed
commonlii-LKCA-1911-102,14 NLR 175,LKCA,1911,True,Ranhamy v. Wijehamy,dismissed
commonlii-LKCA-1911-105,15 NLR 157,LKCA,1911,True,Mohammadu Sali v. Isa Natchia Et Al,dismissed
commonlii-LKCA-1911-109,14 NLR 101,LKCA,1911,True,Fernando v. Mendis Et Al,allowed
commonlii-LKCA-1911-11,14 NLR 347,LKCA,1911,True,Don Andris v. Jameshamy,dismissed
commonlii-LKCA-1911-110,14 NLR 229,LKCA,1911,True,Suppiah v. Ponnampalam,dismissed
commonlii-LKCA-1911-113,14 NLR 60,LKCA,1911,True,Nagaretnam v. Alagaretnam Et Al,dismissed
commonlii-LKCA-1911-12,15 NLR 46,LKCA,1911,True,Ibrahim Neina v. Kosumma Et Al,allowed
commonlii-LKCA-1911-19,14 NLR 202,LKCA,1911,True,Jane Young v. Loku Nona Et Al,dismissed
commonlii-LKCA-1911-23,14 NLR 444,LKCA,1911,True,Weerakoon v. Appuhamy,dismissed
commonlii-LKCA-1911-25,15 NLR 43,LKCA,1911,True,Eliatamby v. Appukutty,dismissed
commonlii-LKCA-1911-29,14 NLR 437,LKCA,1911,True,Bastian v. Andris Et Al,dismissed
commonlii-LKCA-1911-3,14 NLR 219,LKCA,1911,True,Carolis v. Perera Et Al,allowed
commonlii-LKCA-1911-32,15 NLR 88,LKCA,1911,True,Fernando Et Al. v. Mathew Et Al,dismissed
commonlii-LKCA-1911-35,14 NLR 329,LKCA,1911,True,Muttu Menika v. Appuhamy,dismissed
commonlii-LKCA-1911-38,14 NLR 177,LKCA,1911,True,Ramanathan Chetty v. Cassim Et Al,dismissed
commonlii-LKCA-1911-39,14 NLR 134,LKCA,1911,True,Ramanathan Chetty v. Tambyah Et Al,set-aside
commonlii-LKCA-1911-4,14 NLR 113,LKCA,1911,True,Eliashamy v. Punchi Banda Et Al,set-aside
commonlii-LKCA-1911-41,15 NLR 65,LKCA,1911,True,Corea v. Appuhamy Et Al,allowed
commonlii-LKCA-1911-43,14 NLR 155,LKCA,1911,True,Fernando Et Al v. Fernando Et Al,set-aside
commonlii-LKCA-1911-44,14 NLR 331,LKCA,1911,True,Moldrich v. Labrooy,allowed
commonlii-LKCA-1911-45,15 NLR 79,LKCA,1911,True,Silva Et Al. v. Silva Et Al,affirmed
commonlii-LKCA-1911-46,14 NLR 467,LKCA,1911,True,Appuhamy v. Perera Et Al,dismissed
commonlii-LKCA-1911-5,14 NLR 238,LKCA,1911,True,Gopalsamy v. Ramasamy Pulle Et Al,
commonlii-LKCA-1911-53,14 NLR 489,LKCA,1911,True,Lushington v. Carolis Et Al,allowed
commonlii-LKCA-1911-54,14 NLR 90,LKCA,1911,True,Alwis v. Fernando Et Al,dismissed
commonlii-LKCA-1911-55,14 NLR 268,LKCA,1911,True,De Silva v. Siyadoris Et Al,allowed
commonlii-LKCA-1911-6,15 NLR 57,LKCA,1911,True,Pless Pol v. Lady De Soysa Et Al,dismissed
commonlii-LKCA-1911-63,14 NLR 295,LKCA,1911,True,Affefudeen v. Periatamby,allowed
commonlii-LKCA-1911-64,14 NLR 279,LKCA,1911,True,Abdul Rahiman Et Al. v. Kani Umma Et Al,dismissed
commonlii-LKCA-1911-65,14 NLR 110,LKCA,1911,True,Amerasekera v. Rajapakse,dismissed
commonlii-LKCA-1911-66,14 NLR 181,LKCA,1911,True,Kiri Banda v. Ukku Banda,dismissed
commonlii-LKCA-1911-67,15 NLR 479,LKCA,1911,True,Manchihamy v. Abeysekere Et Al,dismissed
commonlii-LKCA-1911-68,14 NLR 307,LKCA,1911,True,Abeyratna v. Fernando Et Al,dismissed
commonlii-LKCA-1911-69,14 NLR 310,LKCA,1911,True,Fernando Et Al v. Salgodo Et Al,dismissed
commonlii-LKCA-1911-7,14 NLR 441,LKCA,1911,True,Raki Et Al. v. Casie Lebbe Et Al,allowed
commonlii-LKCA-1911-70,14 NLR 301,LKCA,1911,True,Nugara Et Al. v. Gonsal,allowed
commonlii-LKCA-1911-71,14 NLR 321,LKCA,1911,True,Samaradiwakara Et Al v. De Sarah Et Al,allowed
commonlii-LKCA-1911-72,14 NLR 417,LKCA,1911,True,Aserappa v. Weeratunga Et Al,dismissed
commonlii-LKCA-1911-73,15 NLR 63,LKCA,1911,True,Tikiri Banda v. Loku Banda Et Al,set-aside
commonlii-LKCA-1911-75,15 NLR 14,LKCA,1911,True,Pronchihamy v. Don Davit,allowed
commonlii-LKCA-1911-78,14 NLR 314,LKCA,1911,True,Kandavanam v. Hoole Et Al,dismissed
commonlii-LKCA-1911-80,15 NLR 193,LKCA,1911,True,Banda v. Hetuhamy Et Al,dismissed
commonlii-LKCA-1911-82,15 NLR 371,LKCA,1911,True,Komalie v. Kiri,dismissed
commonlii-LKCA-1911-85,14 NLR 412,LKCA,1911,True,Fernando v. Fernando Et Al,dismissed
commonlii-LKCA-1911-86,14 NLR 292,LKCA,1911,True,Massilamany v. Santiago,dismissed
commonlii-LKCA-1911-87,14 NLR 276,LKCA,1911,True,Natchia v. Pitche,set-aside
commonlii-LKCA-1911-89,14 NLR 486,LKCA,1911,True,Karthikesu Et Al. v. Ponnachy,dismissed
commonlii-LKCA-1911-90,14 NLR 65,LKCA,1911,True,Goonatilleke v. Jayasekera Et Al,dismissed
commonlii-LKCA-1911-91,14 NLR 464,LKCA,1911,True,Shariffa Umma Et Al. v. Rahamathu Umma,affirmed
commonlii-LKCA-1911-93,14 NLR 282,LKCA,1911,True,Fernando Et Al. v. Sleman Et Al,set-aside
commonlii-LKCA-1911-94,15 NLR 135,LKCA,1911,True,Sultan v. Sivanadian Et Al,dismissed
commonlii-LKCA-1911-96,14 NLR 166,LKCA,1911,True,Fernando Et Al. v. Fernando Et Al,allowed
commonlii-LKCA-1911-99,14 NLR 284,LKCA,1911,True,Kirihamy v. Kiri Banda Et Al,dismissed
commonlii-LKCA-1912-1,15 NLR 445,LKCA,1912,True,Ferreira v. Haniffa Et Al,allowed
commonlii-LKCA-1912-10,15 NLR 311,LKCA,1912,True,Appuhamy v. Nona,affirmed
commonlii-LKCA-1912-100,15 NLR 358,LKCA,1912,True,Theivanipillai v. Arumugam Et Al,dismissed
commonlii-LKCA-1912-101,16 NLR 138,LKCA,1912,True,Raki v. Lebbe Et Al,dismissed
commonlii-LKCA-1912-102,15 NLR 177,LKCA,1912,True,Kanapathipillai v. Mohamadutamby Levai Et Al,allowed
commonlii-LKCA-1912-103,15 NLR 148,LKCA,1912,True,Paaris Et Al. v. Perera,dismissed
commonlii-LKCA-1912-106,16 NLR 26,LKCA,1912,True,Costa v. Livera,set-aside
commonlii-LKCA-1912-107,15 NLR 257,LKCA,1912,True,"Karunaratne v. Gabriel, Appuhamy Et Al",dismissed
commonlii-LKCA-1912-109,15 NLR 97,LKCA,1912,True,Appuhamy v. Singho Et Al,set-aside
commonlii-LKCA-1912-11,15 NLR 253,LKCA,1912,True,Arumugam v. Thampu Et Al,allowed
commonlii-LKCA-1912-110,15 NLR 507,LKCA,1912,True,Marikar v. De Rosairo,dismissed
commonlii-LKCA-1912-111,52 NLR 230,LKCA,1912,True,Anthony Gaspar Et Al. v. Bishop of Jaffna,
commonlii-LKCA-1912-16,15 NLR 335,LKCA,1912,True,Ramanathen Chetty v. Sarkuman,dismissed
commonlii-LKCA-1912-18,15 NLR 106,LKCA,1912,True,King v. Fernando,set-aside
commonlii-LKCA-1912-19,15 NLR 347,LKCA,1912,True,Abeyaratna v. Perera,set-aside
commonlii-LKCA-1912-24,15 NLR 239,LKCA,1912,True,Silva v. Fonseka,dismissed
commonlii-LKCA-1912-27,16 NLR 43,LKCA,1912,True,Silva v. Babunhamy,dismissed
commonlii-LKCA-1912-28,15 NLR 199,LKCA,1912,True,Vyrupulle v. Perera Et Al,dismissed
commonlii-LKCA-1912-31,15 NLR 302,LKCA,1912,True,Abraham v. Nonno,allowed
commonlii-LKCA-1912-39,15 NLR 275,LKCA,1912,True,Hassen Hadjiar v. Levane Mariear,dismissed
commonlii-LKCA-1912-40,15 NLR 429,LKCA,1912,True,Muttu Menika v. Fernando Et Al,dismissed
commonlii-LKCA-1912-41,15 NLR 319,LKCA,1912,True,Natchia Et Al. v. Natchia Et Al,set-aside
commonlii-LKCA-1912-42,15 NLR 414,LKCA,1912,True,Perera v. Abeyratna Et Al,set-aside
commonlii-LKCA-1912-43,15 NLR 438,LKCA,1912,True,Perera v. Pesonahami Et Al,dismissed
commonlii-LKCA-1912-45,15 NLR 146,LKCA,1912,True,Silva v. Silva Et Al,set-aside
commonlii-LKCA-1912-46,16 NLR 29,LKCA,1912,True,Uduma Lebbe v. Uduma Lebbe,set-aside
commonlii-LKCA-1912-47,15 NLR 321,LKCA,1912,True,Fernando v. Christiana,set-aside
commonlii-LKCA-1912-48,16 NLR 207,LKCA,1912,True,Harmanis v. Amarasekera,set-aside
commonlii-LKCA-1912-49,23 NLR 129,LKCA,1912,True,Appuhamy Et. Al. v. The Doloswala Tea and Rubber Company,set-aside
commonlii-LKCA-1912-5,15 NLR 339,LKCA,1912,True,Cathiravelu v. Dadabhoy,set-aside
commonlii-LKCA-1912-53,16 NLR 144,LKCA,1912,True,Weerakoon v. Juris,affirmed
commonlii-LKCA-1912-55,16 NLR 65,LKCA,1912,True,Jayasuria Et Al v. Sinno Appu Et Al,dismissed
commonlii-LKCA-1912-56,15 NLR 289,LKCA,1912,True,Rae Sands v. Kadibhoy,dismissed
commonlii-LKCA-1912-58,15 NLR 280,LKCA,1912,True,Jayawardene v. Amerasekera,dismissed
commonlii-LKCA-1912-62,15 NLR 132,LKCA,1912,True,Silva v. Bastian Et Al,allowed
commonlii-LKCA-1912-63,15 NLR 259,LKCA,1912,True,Sinno Appu v. Dingirihamy Et Al,dismissed
commonlii-LKCA-1912-68,16 NLR 1,LKCA,1912,True,Weeresekera v. Carlina,dismissed
commonlii-LKCA-1912-69,16 NLR 123,LKCA,1912,True,Gunasekera v. Dissanayake,dismissed
commonlii-LKCA-1912-70,15 NLR 263,LKCA,1912,True,Bandia v. Ungu Et Al,set-aside
commonlii-LKCA-1912-71,15 NLR 481,LKCA,1912,True,Charleshamy v. Jane Nona Et Al,allowed
commonlii-LKCA-1912-72,15 NLR 366,LKCA,1912,True,Fonseka Et Al. v. Narayanan Chetty,set-aside
commonlii-LKCA-1912-73,15 NLR 466,LKCA,1912,True,Mohammed Bhoy Et Al. v. Lebbe Marikar Et Al,dismissed
commonlii-LKCA-1912-74,15 NLR 379,LKCA,1912,True,Tissera Et Al. v. Goonetilleke Et Al,dismissed
commonlii-LKCA-1912-75,16 NLR 71,LKCA,1912,True,Lebbe v. Thameen,allowed
commonlii-LKCA-1912-76,15 NLR 265,LKCA,1912,True,Fernando v. Gunatilleke,dismissed
commonlii-LKCA-1912-77,15 NLR 154,LKCA,1912,True,Kuda Etana v. Ran Etana Et Al,dismissed
commonlii-LKCA-1912-78,15 NLR 323,LKCA,1912,True,Robert v. Abeywardene Et Al,set-aside
commonlii-LKCA-1912-79,16 NLR 6,LKCA,1912,True,Selembram v. Perumal,set-aside
commonlii-LKCA-1912-80,16 NLR 150,LKCA,1912,True,Seneviratne v. Candappapulle,
commonlii-LKCA-1912-81,15 NLR 493,LKCA,1912,True,Wijetunga v. Wijetunga,set-aside
commonlii-LKCA-1912-82,15 NLR 305,LKCA,1912,True,Sidambaram v. Punchi Banda Et Al,dismissed
commonlii-LKCA-1912-83,15 NLR 440,LKCA,1912,True,Appuhamy v. Appuhamy Et Al,set-aside
commonlii-LKCA-1912-84,15 NLR 241,LKCA,1912,True,Sinno Appu v. Podi Nona Et Al,set-aside
commonlii-LKCA-1912-85,15 NLR 327,LKCA,1912,True,Perera v. Joseph Et Al,set-aside
commonlii-LKCA-1912-88,16 NLR 238,LKCA,1912,True,Appuhamy v. Kiri Menika,dismissed
commonlii-LKCA-1912-9,15 NLR 491,LKCA,1912,True,Fonseka v. Fernando,dismissed
commonlii-LKCA-1912-90,16 NLR 53,LKCA,1912,True,Mudiyanse v. Babda Et Al,set-aside
commonlii-LKCA-1912-91,15 NLR 407,LKCA,1912,True,Ram Menika Et Al. v. Banda Lekam Et Al,dismissed
commonlii-LKCA-1912-92,16 NLR 129,LKCA,1912,True,Agar v. Ranewake,dismissed
commonlii-LKCA-1912-93,15 NLR 313,LKCA,1912,True,Perera v. Peries Et Al,dismissed
commonlii-LKCA-1912-95,15 NLR 286,LKCA,1912,True,Ramen Chetty v. Silva,dismissed
commonlii-LKCA-1912-98,15 NLR 398,LKCA,1912,True,Fernando Et Al. v. Fonseka Et Al,
commonlii-LKCA-1912-99,15 NLR 297,LKCA,1912,True,Silva v. Appuhamy,dismissed
commonlii-LKCA-1913-1,16 NLR 413,LKCA,1913,True,Wickremesinghe v. Wijetunge,affirmed
commonlii-LKCA-1913-10,17 NLR 97,LKCA,1913,True,Madar Saibo Et Al v. Sirajudeen Et Al,affirmed
commonlii-LKCA-1913-101,17 NLR 191,LKCA,1913,True,Marikar v. Mohamed Et Al,dismissed
commonlii-LKCA-1913-103,17 NLR 1,LKCA,1913,True,Appuhamy v. Tikiri Menika,dismissed
commonlii-LKCA-1913-105,18 NLR 105,LKCA,1913,True,Tikiri Banda v. Appuhamy Et Al,dismissed
commonlii-LKCA-1913-107,16 NLR 315,LKCA,1913,True,Silva v. Silva,dismissed
commonlii-LKCA-1913-108,17 NLR 67,LKCA,1913,True,Silva v. Soysa Et Al,dismissed
commonlii-LKCA-1913-109,17 NLR 135,LKCA,1913,True,Perera v. Alvis,allowed
commonlii-LKCA-1913-11,17 NLR 65,LKCA,1913,True,Maria Et Al. v. Fernando Et Al,dismissed
commonlii-LKCA-1913-110,16 NLR 378,LKCA,1913,True,Ummah v. Pathumma,dismissed
commonlii-LKCA-1913-112,16 NLR 438,LKCA,1913,True,Bernard v. Fernando,affirmed
commonlii-LKCA-1913-113,17 NLR 269,LKCA,1913,True,Kelaart v. Mortier Et Al,dismissed
commonlii-LKCA-1913-114,16 NLR 393,LKCA,1913,True,Subaseris v. Prolis,set-aside
commonlii-LKCA-1913-117,17 NLR 29,LKCA,1913,True,Kandaiah v. Seenitamby Et Al,dismissed
commonlii-LKCA-1913-118,16 NLR 303,LKCA,1913,True,Silva v. Silva,set-aside
commonlii-LKCA-1913-123,16 NLR 431,LKCA,1913,True,Joronis Appu v. Peris,set-aside
commonlii-LKCA-1913-125,16 NLR 478,LKCA,1913,True,Sendirigapitiya v. Demalamane,affirmed
commonlii-LKCA-1913-127,16 NLR 245,LKCA,1913,True,Babaihamy v. Danchihamy Et Al,set-aside
commonlii-LKCA-1913-128,17 NLR 93,LKCA,1913,True,Menika v. Adakappa Chetty,dismissed
commonlii-LKCA-1913-129,16 NLR 356,LKCA,1913,True,Wirasinghe v. Rajapakse,set-aside
commonlii-LKCA-1913-13,16 NLR 389,LKCA,1913,True,Senaratna v. Jane Nona,dismissed
commonlii-LKCA-1913-14,17 NLR 15,LKCA,1913,True,Silva v. Fernando,set-aside
commonlii-LKCA-1913-16,16 NLR 89,LKCA,1913,True,Silva v. Silva,set-aside
commonlii-LKCA-1913-17,17 NLR 118,LKCA,1913,True,Soysa v. Soysa,affirmed
commonlii-LKCA-1913-19,16 NLR 161,LKCA,1913,True,The Colombo Electric Tramway Co. v. The Attorney General Et Al,dismissed
commonlii-LKCA-1913-20,41 NLR 251,LKCA,1913,True,Kudhoos v. Joonoos,dismissed
commonlii-LKCA-1913-22,16 NLR 362,LKCA,1913,True,Maricar v. Ismail,dismissed
commonlii-LKCA-1913-23,16 NLR 360,LKCA,1913,True,Punchirala v. Appuhamy,dismissed
commonlii-LKCA-1913-24,16 NLR 257,LKCA,1913,True,Samichi v. Pieris,
commonlii-LKCA-1913-26,17 NLR 123,LKCA,1913,True,Ayanahamy v. Silva,set-aside
commonlii-LKCA-1913-33,17 NLR 33,LKCA,1913,True,Jamis v. Suppa Umma Et Al,
commonlii-LKCA-1913-38,16 NLR 408,LKCA,1913,True,Dhammajoti v. Sobita,
commonlii-LKCA-1913-40,16 NLR 485,LKCA,1913,True,Banda v. Mahatmaya,affirmed
commonlii-LKCA-1913-42,17 NLR 109,LKCA,1913,True,Silva v. Kindersley,set-aside
commonlii-LKCA-1913-48,16 NLR 463,LKCA,1913,True,Bodia v. Hawadia,affirmed
commonlii-LKCA-1913-50,16 NLR 210,LKCA,1913,True,Elyatamby v. Valliammai,allowed
commonlii-LKCA-1913-54,16 NLR 289,LKCA,1913,True,Mutturamen v. Massilamany,allowed
commonlii-LKCA-1913-59,17 NLR 143,LKCA,1913,True,Goonewardene v. Goonewardene,dismissed
commonlii-LKCA-1913-6,17 NLR 173,LKCA,1913,True,Abdul Caffoor v. Pattumuttu,dismissed
commonlii-LKCA-1913-60,16 NLR 306,LKCA,1913,True,Perera v. Pelmadulla Rubber and Tea Co,allowed
commonlii-LKCA-1913-63,17 NLR 26,LKCA,1913,True,Vaitianathen v. Meenatchi Et Al,dismissed
commonlii-LKCA-1913-65,16 NLR 79,LKCA,1913,True,Banda v. Cader,dismissed
commonlii-LKCA-1913-67,16 NLR 368,LKCA,1913,True,Mohamadu v. Hussim,set-aside
commonlii-LKCA-1913-68,17 NLR 14,LKCA,1913,True,Vyramuttu v. Suduappu Et Al,dismissed
commonlii-LKCA-1913-7,16 NLR 385,LKCA,1913,True,Appusinno v. Balasuriya,set-aside
commonlii-LKCA-1913-73,16 NLR 337,LKCA,1913,True,Fernando v. Ramanathan Et Al,remitted
commonlii-LKCA-1913-75,16 NLR 376,LKCA,1913,True,Seneratna v. Siriwardene,set-aside
commonlii-LKCA-1913-76,17 NLR 146,LKCA,1913,True,Sapapathipillai v. Tirumanchanam,
commonlii-LKCA-1913-77,16 NLR 453,LKCA,1913,True,Silva v. Babuhamy,allowed
commonlii-LKCA-1913-8,16 NLR 429,LKCA,1913,True,Goonaratna v. Fernando,allowed
commonlii-LKCA-1913-80,17 NLR 91,LKCA,1913,True,Murugasu Et Al. v. Aruliah,dismissed
commonlii-LKCA-1913-84,17 NLR 61,LKCA,1913,True,Anohamy Et Al. v. Pedris Et Al,affirmed
commonlii-LKCA-1913-85,16 NLR 481,LKCA,1913,True,Daniel v. Silva,dismissed
commonlii-LKCA-1913-86,17 NLR 11,LKCA,1913,True,Kirimenika v. Duraya Et Al,allowed
commonlii-LKCA-1913-88,16 NLR 425,LKCA,1913,True,Khan v. Maricar,dismissed
commonlii-LKCA-1913-89,16 NLR 117,LKCA,1913,True,Mudiyanse v. Appuhamy,set-aside
commonlii-LKCA-1913-9,17 NLR 49,LKCA,1913,True,"Hevawitarane Et Al. v. Dangan Rubber Co.,Ltd",
commonlii-LKCA-1913-95,16 NLR 369,LKCA,1913,True,Wirasinghe v. Rubeyat Umma,set-aside
commonlii-LKCA-1913-96,16 NLR 502,LKCA,1913,True,Dias v. Jansen,set-aside
commonlii-LKCA-1913-97,16 NLR 474,LKCA,1913,True,Perera v. Silva,dismissed
commonlii-LKCA-1913-98,16 NLR 99,LKCA,1913,True,Rabot Et Al v. Neina Marikar Et Al,set-aside
commonlii-LKCA-1913-99,16 NLR 120,LKCA,1913,True,Abeyasundara v. Hinni Hamy,affirmed
commonlii-LKCA-1914-10,17 NLR 257,LKCA,1914,True,Somasundarem Chetty v. Arunasalem Chetty,
commonlii-LKCA-1914-11,17 NLR 218,LKCA,1914,True,Soysa v. Jayawardene,dismissed
commonlii-LKCA-1914-12,17 NLR 181,LKCA,1914,True,Usubu Lebbe v. Gabriel Et Al,dismissed
commonlii-LKCA-1914-13,17 NLR 169,LKCA,1914,True,Wickramanayaka v. Abeywardene Et Al,set-aside
commonlii-LKCA-1914-14,18 NLR 150,LKCA,1914,True,Fernando Et Al. v. Perera Et Al,
commonlii-LKCA-1914-15,17 NLR 385,LKCA,1914,True,Soysa v. Soysa,dismissed
commonlii-LKCA-1914-17,18 NLR 88,LKCA,1914,True,Abanchi Appu v. Fernando,
commonlii-LKCA-1914-2,17 NLR 156,LKCA,1914,True,Arunasalem v. Ramasamy,dismissed
commonlii-LKCA-1914-21,17 NLR 364,LKCA,1914,True,Kapuruhamy v. Appuhamy Et Al,set-aside
commonlii-LKCA-1914-25,18 NLR 187,LKCA,1914,True,Samaraweera Et Al. v. Mohotti Et Al,
commonlii-LKCA-1914-28,18 NLR 76,LKCA,1914,True,Wadurala v. The Sunderland Rubber Co,dismissed
commonlii-LKCA-1914-29,17 NLR 212,LKCA,1914,True,Adoris Et Al v. Perera,allowed
commonlii-LKCA-1914-3,17 NLR 404,LKCA,1914,True,Balasuriya v. Appuhami,set-aside
commonlii-LKCA-1914-30,17 NLR 392,LKCA,1914,True,Appuhamy v. Adirian,dismissed
commonlii-LKCA-1914-33,17 NLR 460,LKCA,1914,True,Cooray v. Perera,dismissed
commonlii-LKCA-1914-36,18 NLR 380,LKCA,1914,True,Fernando v. Fernando,set-aside
commonlii-LKCA-1914-37,18 NLR 29,LKCA,1914,True,Fernando v. Nagappa Chetty,set-aside
commonlii-LKCA-1914-4,18 NLR 93,LKCA,1914,True,Botejue Et Al. v. Jayatileke,set-aside
commonlii-LKCA-1914-41,18 NLR 120,LKCA,1914,True,Rustomjee Et Al v. Khan Et Al,dismissed
commonlii-LKCA-1914-43,18 NLR 171,LKCA,1914,True,Sidamparam Chetty v. Jayawardene,allowed
commonlii-LKCA-1914-46,17 NLR 328,LKCA,1914,True,Silva v. Mudalihamy,dismissed
commonlii-LKCA-1914-47,17 NLR 183,LKCA,1914,True,Yapahamine Et Al v. Weerasuriya,dismissed
commonlii-LKCA-1914-48,17 NLR 287,LKCA,1914,True,Goonewardene v. Silva,set-aside
commonlii-LKCA-1914-49,17 NLR 297,LKCA,1914,True,Sanchi Appu v. Marthelis Et Al,set-aside
commonlii-LKCA-1914-50,18 NLR 57,LKCA,1914,True,Livera Et Al v. Abeyesinghe Et Al,allowed
commonlii-LKCA-1914-51,17 NLR 279,LKCA,1914,True,Soysa Et Al v. Mohideen,dismissed
commonlii-LKCA-1914-52,18 NLR 82,LKCA,1914,True,Eliyas v. Savunhamy,dismissed
commonlii-LKCA-1914-53,17 NLR 161,LKCA,1914,True,Fernando v. Perera,set-aside
commonlii-LKCA-1914-56,17 NLR 490,LKCA,1914,True,The Attorney General v. Silva,set-aside
commonlii-LKCA-1914-57,18 NLR 47,LKCA,1914,True,Guneris v. Karunaratne,dismissed
commonlii-LKCA-1914-60,17 NLR 417,LKCA,1914,True,Mohamad Ali v. Weerasuriya,dismissed
commonlii-LKCA-1914-62,17 NLR 507,LKCA,1914,True,Hamine v. Goonewardene,dismissed
commonlii-LKCA-1914-63,18 NLR 91,LKCA,1914,True,Jayawardene v. Jayasinghe,allowed
commonlii-LKCA-1914-66,17 NLR 486,LKCA,1914,True,Perera v. Fernando,allowed
commonlii-LKCA-1914-7,17 NLR 453,LKCA,1914,True,Muttupilla v. Bowes,dismissed
commonlii-LKCA-1914-70,17 NLR 407,LKCA,1914,True,Carron v. Manuel,dismissed
commonlii-LKCA-1914-71,17 NLR 289,LKCA,1914,True,Livera Et Al v. Gunaratna,dismissed
commonlii-LKCA-1914-72,17 NLR 481,LKCA,1914,True,Mariku v. Fernando,dismissed
commonlii-LKCA-1914-75,17 NLR 397,LKCA,1914,True,Charisa v. Coudert,set-aside
commonlii-LKCA-1914-76,17 NLR 368,LKCA,1914,True,Goonetilleke v. Abeyagoonesekera,allowed
commonlii-LKCA-1914-78,17 NLR 357,LKCA,1914,True,Rosairo v. Abraham,set-aside
commonlii-LKCA-1914-83,17 NLR 201,LKCA,1914,True,Dingiri Banda v. Medduma Banda Et Al,dismissed
commonlii-LKCA-1914-84,17 NLR 361,LKCA,1914,True,Kiriya v. Ukku Et Al,dismissed
commonlii-LKCA-1914-89,17 NLR 238,LKCA,1914,True,Appuhamy Et Al v. Silva,set-aside
commonlii-LKCA-1914-9,17 NLR 206,LKCA,1914,True,Silva v. Perera,dismissed
commonlii-LKCA-1914-90,17 NLR 372,LKCA,1914,True,Dawbarn v. Ryall,remitted
commonlii-LKCA-1914-91,17 NLR 76,LKCA,1914,True,James Et Al v. Carolis Et Al,dismissed
commonlii-LKCA-1914-92,17 NLR 271,LKCA,1914,True,Appuhamy v. Punchihamy,dismissed
commonlii-LKCA-1914-93,17 NLR 309,LKCA,1914,True,Hanifa Et Al v. Ismail Et Al,affirmed
commonlii-LKCA-1915-1,18 NLR 229,LKCA,1915,True,Suppramaniam Et Al v. Symons Et Al,dismissed
commonlii-LKCA-1915-10,19 NLR 38,LKCA,1915,True,Brito v. Muthunayagam,set-aside
commonlii-LKCA-1915-12,18 NLR 302,LKCA,1915,True,"Fradd v. Brown & Co., Ltd",set-aside
commonlii-LKCA-1915-16,18 NLR 397,LKCA,1915,True,Seman v. Silva,dismissed
commonlii-LKCA-1915-17,18 NLR 152,LKCA,1915,True,The Attorney General v. Punchirala,dismissed
commonlii-LKCA-1915-19,18 NLR 353,LKCA,1915,True,Lebbe v. Christie Et Al,dismissed
commonlii-LKCA-1915-20,50 NLR 289,LKCA,1915,True,Manomani v. Velupillai,allowed
commonlii-LKCA-1915-23,18 NLR 478,LKCA,1915,True,Raman Chetty Et Al v. Mohideen,set-aside
commonlii-LKCA-1915-25,18 NLR 164,LKCA,1915,True,Silva v. De Mel,set-aside
commonlii-LKCA-1915-26,18 NLR 241,LKCA,1915,True,Siva Et Al. v. Gunawardena,dismissed
commonlii-LKCA-1915-35,18 NLR 472,LKCA,1915,True,Babun Appu v. Uparis,dismissed
commonlii-LKCA-1915-36,18 NLR 233,LKCA,1915,True,Aserappa Et Al. v. Julihamy Et Al,set-aside
commonlii-LKCA-1915-37,50 NLR 169,LKCA,1915,True,Pabilina v. Barunaratne,allowed
commonlii-LKCA-1915-38,18 NLR 269,LKCA,1915,True,Jayawardene v. Silva,allowed
commonlii-LKCA-1915-39,18 NLR 461,LKCA,1915,True,Fernando v. Kurera Et Al,dismissed
commonlii-LKCA-1915-4,18 NLR 430,LKCA,1915,True,De Soysa v. The Attorney General,dismissed
commonlii-LKCA-1915-40,18 NLR 508,LKCA,1915,True,Amerasekera v. Amerasekera,set-aside
commonlii-LKCA-1915-41,18 NLR 264,LKCA,1915,True,Canthiah v. Muttiah Chetty,dismissed
commonlii-LKCA-1915-42,18 NLR 454,LKCA,1915,True,Andrishamy v. Silva,allowed
commonlii-LKCA-1915-43,18 NLR 222,LKCA,1915,True,Abeyesinghe v. Perera Et Al,set-aside
commonlii-LKCA-1915-44,18 NLR 174,LKCA,1915,True,Silva Et Al. v. Silva Et Al,set-aside
commonlii-LKCA-1915-45,18 NLR 133,LKCA,1915,True,Dodwell & Co. v. John Et Al,allowed
commonlii-LKCA-1915-46,18 NLR 465,LKCA,1915,True,Kalu v. Kiria,dismissed
commonlii-LKCA-1915-47,18 NLR 294,LKCA,1915,True,Punchihamy Et Al. v. Punchihamy Et Al,allowed
commonlii-LKCA-1915-48,18 NLR 168,LKCA,1915,True,Wijesinghe Et Al. v. Charles,dismissed
commonlii-LKCA-1915-49,18 NLR 408,LKCA,1915,True,Samaraweera v. Cunji Moosa Et Al,allowed
commonlii-LKCA-1915-5,18 NLR 219,LKCA,1915,True,Geris Appu v. Silva,dismissed
commonlii-LKCA-1915-51,18 NLR 330,LKCA,1915,True,Pathumma v. Sinna Lebbe Et Al,set-aside
commonlii-LKCA-1915-53,18 NLR 503,LKCA,1915,True,Ramasamy Chettyv. Marikar,set-aside
commonlii-LKCA-1915-55,18 NLR 370,LKCA,1915,True,Babiyale v. Nando Et Al,allowed
commonlii-LKCA-1915-57,18 NLR 273,LKCA,1915,True,Sinnatamby v. Johnpulle Et Al,dismissed
commonlii-LKCA-1915-59,18 NLR 501,LKCA,1915,True,Siriattu v. Ran Menika,dismissed
commonlii-LKCA-1915-6,18 NLR 161,LKCA,1915,True,Louis v. Dingiri,set-aside
commonlii-LKCA-1915-60,18 NLR 435,LKCA,1915,True,Chellappa Et Al v. Kumarasamy Et Al,dismissed
commonlii-LKCA-1915-61,18 NLR 348,LKCA,1915,True,Tambapillai v. Chinnatamby Et Al,dismissed
commonlii-LKCA-1915-7,18 NLR 510,LKCA,1915,True,Muttu Menika v. Muttu Menika,set-aside
commonlii-LKCA-1916-1,19 NLR 314,LKCA,1916,True,Soysa v. Soysa Et Al,dismissed
commonlii-LKCA-1916-15,19 NLR 129,LKCA,1916,True,"Suppramania Chetty Et Al. v. The Fiscal, Western Province",dismissed
commonlii-LKCA-1916-16,19 NLR 154,LKCA,1916,True,Appuhamy v. Theodoris Et Al,set-aside
commonlii-LKCA-1916-18,19 NLR 59,LKCA,1916,True,Siyatu v. Banda,dismissed
commonlii-LKCA-1916-19,19 NLR 54,LKCA,1916,True,King v. Appu,set-aside
commonlii-LKCA-1916-20,19 NLR 25,LKCA,1916,True,Wass v. Samaranayake,allowed
commonlii-LKCA-1916-26,19 NLR 212,LKCA,1916,True,Hadjiar Et Al. v. Don Et Al,allowed
commonlii-LKCA-1916-27,19 NLR 215,LKCA,1916,True,Hamidu v. Kirihamy Et Al,dismissed
commonlii-LKCA-1916-28,19 NLR 235,LKCA,1916,True,Heenhami v. Mohotihami,dismissed
commonlii-LKCA-1916-30,19 NLR 120,LKCA,1916,True,Mudiyanse Et Al. v. Silva Et Al,remitted
commonlii-LKCA-1916-33,19 NLR 33,LKCA,1916,True,Sithamparam v. Ponan,set-aside
commonlii-LKCA-1916-34,19 NLR 298,LKCA,1916,True,Kiri Menika Et Al. v. Appuhamy Et Al,dismissed
commonlii-LKCA-1916-35,19 NLR 159,LKCA,1916,True,Peterson v. Fernando,dismissed
commonlii-LKCA-1916-37,19 NLR 104,LKCA,1916,True,Vyravan Chetty v. Fernando,allowed
commonlii-LKCA-1916-39,19 NLR 193,LKCA,1916,True,Fernando Et Al v. Fernando,set-aside
commonlii-LKCA-1916-4,19 NLR 413,LKCA,1916,True,Abeyesekera v. Alahakoon Et Al,
commonlii-LKCA-1916-41,19 NLR 287,LKCA,1916,True,Tikirale v. Pavistinahamy,dismissed
commonlii-LKCA-1916-43,19 NLR 272,LKCA,1916,True,Juan Appu v. Pelo Appu Et Al,allowed
commonlii-LKCA-1916-44,19 NLR 90,LKCA,1916,True,Mirando v. Coudert,dismissed
commonlii-LKCA-1916-45,19 NLR 308,LKCA,1916,True,Perera v. Lebbe,set-aside
commonlii-LKCA-1916-48,19 NLR 47,LKCA,1916,True,Silva v. Silva,dismissed
commonlii-LKCA-1916-51,19 NLR 277,LKCA,1916,True,Misso v. Hadjear,set-aside
commonlii-LKCA-1916-52,19 NLR 210,LKCA,1916,True,Fernando v. Fernando,set-aside
commonlii-LKCA-1916-53,19 NLR 284,LKCA,1916,True,Tikira v. Belinda,set-aside
commonlii-LKCA-1916-55,19 NLR 369,LKCA,1916,True,Pedris Et Al. v. Fernando Et Al,allowed
commonlii-LKCA-1916-56,19 NLR 305,LKCA,1916,True,Silva v. Salman,allowed
commonlii-LKCA-1916-57,19 NLR 257,LKCA,1916,True,Ponnamah v. Kanagasuriyam,
commonlii-LKCA-1916-6,19 NLR 289,LKCA,1916,True,Ibrahim v. Beebee Et Al,dismissed
commonlii-LKCA-1916-63,19 NLR 63,LKCA,1916,True,Ukkuwa v. Banduwa,dismissed
commonlii-LKCA-1916-64,19 NLR 426,LKCA,1916,True,Silva v. Mohamadu,dismissed
commonlii-LKCA-1916-65,19 NLR 266,LKCA,1916,True,Appuhamy v. Gunasekera,dismissed
commonlii-LKCA-1916-66,19 NLR 175,LKCA,1916,True,Abdul Rahiman Et Al. v. Ussan Umma Et Al,
commonlii-LKCA-1916-67,19 NLR 246,LKCA,1916,True,Cader v. Pitcha,dismissed
commonlii-LKCA-1916-68,19 NLR 1,LKCA,1916,True,Bandara v. Baba Et Al,allowed
commonlii-LKCA-1916-69,18 NLR 469,LKCA,1916,True,Appuhamy Et Al v. Goonatilleke,dismissed
commonlii-LKCA-1916-7,19 NLR 79,LKCA,1916,True,Meyappa Chetty v. Weerasooriya,dismissed
commonlii-LKCA-1916-71,19 NLR 281,LKCA,1916,True,Fernando v. Peris,set-aside
commonlii-LKCA-1916-73,19 NLR 344,LKCA,1916,True,Sangarapillai v. Kandiah Et Al,set-aside
commonlii-LKCA-1916-9,19 NLR 207,LKCA,1916,True,Thaha v. Saibo,dismissed
commonlii-LKCA-1917-1,20 NLR 1,LKCA,1917,True,Nagur Pitchi v. Usoof,dismissed
commonlii-LKCA-1917-10,20 NLR 140,LKCA,1917,True,Wimalasuriya v. Wickramaratna,dismissed
commonlii-LKCA-1917-12,19 NLR 417,LKCA,1917,True,"The Chartered Bank of India, Australia, and China, Ltd. v. Palaniappa Chetty Et Al",dismissed
commonlii-LKCA-1917-13,20 NLR 30,LKCA,1917,True,Juan Appu v. Weerasena,dismissed
commonlii-LKCA-1917-16,20 NLR 33,LKCA,1917,True,Nannitamby v. Vaytilingam Et Al,dismissed
commonlii-LKCA-1917-17,20 NLR 143,LKCA,1917,True,Pedrupilla V Dionisa,dismissed
commonlii-LKCA-1917-20,19 NLR 385,LKCA,1917,True,Thambaiyar Et Al v. Paramusamy Aiyar Et Al,dismissed
commonlii-LKCA-1917-21,19 NLR 468,LKCA,1917,True,Uparis v. Subasinghe Et Al,set-aside
commonlii-LKCA-1917-22,20 NLR 218,LKCA,1917,True,Silva v. Wiratunga,set-aside
commonlii-LKCA-1917-24,20 NLR 89,LKCA,1917,True,Dassanayake v. Tillekeratne,set-aside
commonlii-LKCA-1917-25,19 NLR 441,LKCA,1917,True,Saibo v. Baba Et Al,dismissed
commonlii-LKCA-1917-31,19 NLR 403,LKCA,1917,True,Appuhamy v. Samaranayake,dismissed
commonlii-LKCA-1917-35,19 NLR 473,LKCA,1917,True,Sulaikamummah Et Al. v. Ahamadulevvai,dismissed
commonlii-LKCA-1917-36,20 NLR 92,LKCA,1917,True,Wijesiriwardane v. Gunasekera Et Al,set-aside
commonlii-LKCA-1917-37,20 NLR 27,LKCA,1917,True,Fernando v. Shewakram,dismissed
commonlii-LKCA-1917-38,20 NLR 97,LKCA,1917,True,Fonseka v. Cornelis,dismissed
commonlii-LKCA-1917-40,19 NLR 481,LKCA,1917,True,Costa Et Al. v. Silva Et Al,set-aside
commonlii-LKCA-1917-43,19 NLR 406,LKCA,1917,True,Janis Appu v. Baba Appu Et Al,dismissed
commonlii-LKCA-1917-44,19 NLR 401,LKCA,1917,True,The Baptist Missionary Society v. Wijekoon,dismissed
commonlii-LKCA-1917-45,19 NLR 361,LKCA,1917,True,Appuhamy Et Al. v. Menike Et Al,dismissed
commonlii-LKCA-1917-46,19 NLR 353,LKCA,1917,True,Punchi Menike v. Appuhamy Et Al,dismissed
commonlii-LKCA-1917-47,20 NLR 12,LKCA,1917,True,Tikiri Menika v. Menika,dismissed
commonlii-LKCA-1917-48,19 NLR 461,LKCA,1917,True,Muheeth v. Nadarajapillai Et Al,dismissed
commonlii-LKCA-1917-49,20 NLR 476,LKCA,1917,True,Adicappa Chetty v. Negris,allowed
commonlii-LKCA-1917-5,20 NLR 126,LKCA,1917,True,Wijesekera v. Rawal,dismissed
commonlii-LKCA-1917-50,19 NLR 508,LKCA,1917,True,Nagahawatte v. Gunasekere Et Al,allowed
commonlii-LKCA-1917-51,20 NLR 147,LKCA,1917,True,Silva v. Wijesinghe,dismissed
commonlii-LKCA-1917-53,19 NLR 485,LKCA,1917,True,Tamel Et Al. v. Anohamy Et Al,dismissed
commonlii-LKCA-1917-54,20 NLR 119,LKCA,1917,True,Fernando v. Perera,set-aside
commonlii-LKCA-1917-55,19 NLR 449,LKCA,1917,True,Wijeyewardene v. Jayawardene,dismissed
commonlii-LKCA-1917-57,20 NLR 204,LKCA,1917,True,Murugupillai v. Poothatamby,affirmed
commonlii-LKCA-1917-6,20 NLR 62,LKCA,1917,True,Babun Appu Et Al. v. Waidasekera,dismissed
commonlii-LKCA-1917-7,19 NLR 493,LKCA,1917,True,De Soysa v. The Attorney General,allowed
commonlii-LKCA-1917-8,19 NLR 378,LKCA,1917,True,Ramanathan v. Don Carolis,allowed
commonlii-LKCA-1918-1,21 NLR 12,LKCA,1918,True,Tillekeratne v. Bastian,dismissed
commonlii-LKCA-1918-10,20 NLR 332,LKCA,1918,True,Falalloon v. Cassim,
commonlii-LKCA-1918-14,21 NLR 1,LKCA,1918,True,Evarts v. Chellamma,dismissed
commonlii-LKCA-1918-15,16 NLR 496,LKCA,1918,True,National Bank of India v. Stevenson,dismissed
commonlii-LKCA-1918-17,20 NLR 353,LKCA,1918,True,Dissanayake v. Rajapakse,dismissed
commonlii-LKCA-1918-18,20 NLR 385,LKCA,1918,True,Saranankara Unnanse Et Al. v. Indajoti Unnanse Et Al,
commonlii-LKCA-1918-2,20 NLR 257,LKCA,1918,True,King v. Vallayan Sittambaram,set-aside
commonlii-LKCA-1918-21,20 NLR 349,LKCA,1918,True,King v. Silva,allowed
commonlii-LKCA-1918-22,20 NLR 206,LKCA,1918,True,Dodwell & Co. Ltd. v. John Et Al,
commonlii-LKCA-1918-25,17 NLR 120,LKCA,1918,True,Mohideen Et Al v. Appuhamy Et Al,affirmed
commonlii-LKCA-1918-26,21 NLR 117,LKCA,1918,True,Peris v. Silva,dismissed
commonlii-LKCA-1918-27,20 NLR 345,LKCA,1918,True,Rupasinghe v. Fernando,dismissed
commonlii-LKCA-1918-28,20 NLR 170,LKCA,1918,True,Suppramaniam Chetty v. Weerasekera,allowed
commonlii-LKCA-1918-29,22 NLR 87,LKCA,1918,True,Weerasuriya v. Croos,dismissed
commonlii-LKCA-1918-3,20 NLR 321,LKCA,1918,True,Arunasalem v. Somasunderam,dismissed
commonlii-LKCA-1918-31,21 NLR 43,LKCA,1918,True,Marsden v. Habibhoy,allowed
commonlii-LKCA-1918-32,21 NLR 38,LKCA,1918,True,Nadaraja v. Ramalingam,dismissed
commonlii-LKCA-1918-33,21 NLR 410,LKCA,1918,True,Salman v. Obias,dismissed
commonlii-LKCA-1918-35,16 NLR 33,LKCA,1918,True,Meyappa Chetty v. Ramanathan,dismissed
commonlii-LKCA-1918-36,21 NLR 161,LKCA,1918,True,Subramaniam v. Abeywardene,
commonlii-LKCA-1918-38,20 NLR 244,LKCA,1918,True,Fernando v. Fernando,dismissed
commonlii-LKCA-1918-4,20 NLR 378,LKCA,1918,True,Fernando v. Unnanse,allowed
commonlii-LKCA-1918-42,20 NLR 359,LKCA,1918,True,The Baptist Missionary Society Corporation v. Jayawardene Et Al,dismissed
commonlii-LKCA-1918-43,20 NLR 301,LKCA,1918,True,Rajapaksa v. Fernando,dismissed
commonlii-LKCA-1918-44,20 NLR 369,LKCA,1918,True,Saparamadu v. Saparamadu,dismissed
commonlii-LKCA-1918-47,20 NLR 449,LKCA,1918,True,Craib v. Loku Appu Et Al,allowed
commonlii-LKCA-1918-48,45 NLR 259,LKCA,1918,True,Appuhamy v. Mathes,dismissed
commonlii-LKCA-1918-49,20 NLR 463,LKCA,1918,True,Perera v. Perera,
commonlii-LKCA-1918-5,20 NLR 417,LKCA,1918,True,In Re the Estate of P.H. Nicholas Holsinger v. Nicholas,
commonlii-LKCA-1918-51,18 NLR 494,LKCA,1918,True,Sankara Ayar v. Becket,allowed
commonlii-LKCA-1918-52,20 NLR 372,LKCA,1918,True,Neelakutty v. Alvar Et Al,dismissed
commonlii-LKCA-1918-56,20 NLR 410,LKCA,1918,True,Fernando Et Al. v. Fernando Et Al,
commonlii-LKCA-1918-57,21 NLR 149,LKCA,1918,True,Wickramaratna v. Wickramaratna,
commonlii-LKCA-1918-6,20 NLR 289,LKCA,1918,True,Jayavickreme Et Al. v. Amarasuriya,allowed
commonlii-LKCA-1918-61,20 NLR 404,LKCA,1918,True,Abeyasekara v. Gunasekera,allowed
commonlii-LKCA-1918-63,20 NLR 478,LKCA,1918,True,Katirasapillai v. Kanagasabai,dismissed
commonlii-LKCA-1918-7,20 NLR 158,LKCA,1918,True,Jinadasa v. Duraya,set-aside
commonlii-LKCA-1918-8,20 NLR 343,LKCA,1918,True,Lebbe v. Banda Et Al,remitted
commonlii-LKCA-1918-9,20 NLR 327,LKCA,1918,True,Brito v. Muttunayagam,
commonlii-LKCA-1919-10,21 NLR 79,LKCA,1919,True,Fernando v. Perera Hamine,dismissed
commonlii-LKCA-1919-12,21 NLR 255,LKCA,1919,True,Davarakkita v. Dhammaratne,dismissed
commonlii-LKCA-1919-17,21 NLR 51,LKCA,1919,True,The Attorney General v. Punchirala,allowed
commonlii-LKCA-1919-18,21 NLR 137,LKCA,1919,True,Ahamado v. Fernando,dismissed
commonlii-LKCA-1919-2,21 NLR 158,LKCA,1919,True,Fernando v. Fernando,
commonlii-LKCA-1919-20,21 NLR 173,LKCA,1919,True,Appuhamy v. Naide,dismissed
commonlii-LKCA-1919-22,21 NLR 94,LKCA,1919,True,Fernando v. Perera,set-aside
commonlii-LKCA-1919-24,21 NLR 97,LKCA,1919,True,Muttu Raman Chetty v. Mohammadu,set-aside
commonlii-LKCA-1919-25,21 NLR 335,LKCA,1919,True,Poochy v. Walloopillai,set-aside
commonlii-LKCA-1919-26,20 NLR 481,LKCA,1919,True,The Alim Will Case,dismissed
commonlii-LKCA-1919-29,21 NLR 452,LKCA,1919,True,Kathonis v. Silva,
commonlii-LKCA-1919-3,21 NLR 129,LKCA,1919,True,Silindahamy v. Peiris,dismissed
commonlii-LKCA-1919-31,21 NLR 415,LKCA,1919,True,Fernando v. Rodrigo,dismissed
commonlii-LKCA-1919-33,21 NLR 289,LKCA,1919,True,Mohamed Ezak v. Marikar,dismissed
commonlii-LKCA-1919-34,21 NLR 286,LKCA,1919,True,Weeraratne v. Ranmenike,allowed
commonlii-LKCA-1919-35,21 NLR 81,LKCA,1919,True,Perera v. Don Manuel,dismissed
commonlii-LKCA-1919-36,22 NLR 179,LKCA,1919,True,Eheliyagoda Et Al. v. Samaradiwakara,allowed
commonlii-LKCA-1919-39,21 NLR 241,LKCA,1919,True,Tissera v. Fraser,allowed
commonlii-LKCA-1919-41,21 NLR 114,LKCA,1919,True,Fernando v. Soysa,set-aside
commonlii-LKCA-1919-42,21 NLR 165,LKCA,1919,True,Nonai v. Appuhamy,dismissed
commonlii-LKCA-1919-43,21 NLR 249,LKCA,1919,True,"Gunaratna v. Local Board, Kalutara",dismissed
commonlii-LKCA-1919-44,21 NLR 134,LKCA,1919,True,Banda v. Pattison,dismissed
commonlii-LKCA-1919-46,21 NLR 257,LKCA,1919,True,Gunatilleke v. Fernando,allowed
commonlii-LKCA-1919-48,21 NLR 62,LKCA,1919,True,Perera v. Mariano,set-aside
commonlii-LKCA-1919-49,21 NLR 65,LKCA,1919,True,Pinnwardene v. Fernando,dismissed
commonlii-LKCA-1919-50,21 NLR 124,LKCA,1919,True,Edoris v. Adrian,set-aside
commonlii-LKCA-1919-51,21 NLR 252,LKCA,1919,True,Soysa v. Podi Sinno,set-aside
commonlii-LKCA-1919-55,21 NLR 449,LKCA,1919,True,Mohothihamy v. Menika,dismissed
commonlii-LKCA-1919-57,21 NLR 156,LKCA,1919,True,Buultjens v. Carolis Appu,remitted
commonlii-LKCA-1919-59,21 NLR 349,LKCA,1919,True,King v. Ratnam,set-aside
commonlii-LKCA-1919-60,21 NLR 182,LKCA,1919,True,Arana v. Ibrahim Lebbe,dismissed
commonlii-LKCA-1919-61,21 NLR 197,LKCA,1919,True,Noneihamy v. Silva,dismissed
commonlii-LKCA-1919-62,21 NLR 343,LKCA,1919,True,Palaniappa Chetty v. Matchado,
commonlii-LKCA-1919-63,21 NLR 284,LKCA,1919,True,Meydeen v. Abubaker,dismissed
commonlii-LKCA-1919-64,21 NLR 84,LKCA,1919,True,Mohamadu v. Marikar,dismissed
commonlii-LKCA-1919-65,21 NLR 221,LKCA,1919,True,Pathumma v. Cassim,dismissed
commonlii-LKCA-1919-66,21 NLR 112,LKCA,1919,True,Dias v. Carlinahamy,allowed
commonlii-LKCA-1919-67,21 NLR 108,LKCA,1919,True,Galgamuwa v. Weerasekera,dismissed
commonlii-LKCA-1919-68,21 NLR 225,LKCA,1919,True,Mohamed v. Warind,dismissed
commonlii-LKCA-1919-69,21 NLR 321,LKCA,1919,True,Alwis v. Perera,allowed
commonlii-LKCA-1919-70,21 NLR 317,LKCA,1919,True,"Walker, Sons & Co., Ltd. v. Kandyan",
commonlii-LKCA-1919-75,21 NLR 337,LKCA,1919,True,In Re Sithamparapillai,dismissed
commonlii-LKCA-1919-76,21 NLR 208,LKCA,1919,True,Croos v. Croos,set-aside
commonlii-LKCA-1919-8,21 NLR 215,LKCA,1919,True,Fernando v. Hamidu,dismissed
commonlii-LKCA-1919-9,21 NLR 203,LKCA,1919,True,Gunatilleke v. Ramasamypillai,allowed
commonlii-LKCA-1920-1,22 NLR 91,LKCA,1920,True,Kadiravelpillai v. Paaris,allowed
commonlii-LKCA-1920-10,22 NLR 361,LKCA,1920,True,Herath Sinno v. Appuhami,set-aside
commonlii-LKCA-1920-100,21 NLR 327,LKCA,1920,True,Ponniah v. Kandiah,allowed
commonlii-LKCA-1920-101,22 NLR 377,LKCA,1920,True,Silva Et Al. v. Silva Et Al,set-aside
commonlii-LKCA-1920-12,22 NLR 254,LKCA,1920,True,Siriwardana v. Banda Et Al,dismissed
commonlii-LKCA-1920-13,21 NLR 397,LKCA,1920,True,Hadjiar v. Raheem,dismissed
commonlii-LKCA-1920-16,22 NLR 374,LKCA,1920,True,Ismail v. Ratnapala,dismissed
commonlii-LKCA-1920-18,22 NLR 4,LKCA,1920,True,Andrado v. Silva Et Al,dismissed
commonlii-LKCA-1920-19,21 NLR 353,LKCA,1920,True,Hamid v. Special Officer,dismissed
commonlii-LKCA-1920-20,22 NLR 406,LKCA,1920,True,Unnanse Et Al. v. De Hoedt Et Al,allowed
commonlii-LKCA-1920-21,21 NLR 389,LKCA,1920,True,Arunasalam Chetty v. Somasundram Chetty,dismissed
commonlii-LKCA-1920-22,22 NLR 307,LKCA,1920,True,Abeyesinghe v. Rakkama,allowed
commonlii-LKCA-1920-23,22 NLR 303,LKCA,1920,True,Alwis v. Gunatilleke,remitted
commonlii-LKCA-1920-26,22 NLR 100,LKCA,1920,True,Arunachalam Chetty v. Hamdoon Et Al,dismissed
commonlii-LKCA-1920-29,22 NLR 329,LKCA,1920,True,Muttunayagam v. Brito Et Al,dismissed
commonlii-LKCA-1920-31,22 NLR 62,LKCA,1920,True,Perera v. Brito,dismissed
commonlii-LKCA-1920-32,21 NLR 360,LKCA,1920,True,Rodrigo v. Karunaratna,allowed
commonlii-LKCA-1920-33,22 NLR 184,LKCA,1920,True,Silva v. Lokumahatmaya,dismissed
commonlii-LKCA-1920-34,22 NLR 97,LKCA,1920,True,Suppiah v. Croos,dismissed
commonlii-LKCA-1920-35,25 NLR 383,LKCA,1920,True,Suppiah v. Sinniah,affirmed
commonlii-LKCA-1920-36,22 NLR 33,LKCA,1920,True,Victoria v. The Attorney General,dismissed
commonlii-LKCA-1920-37,22 NLR 43,LKCA,1920,True,Wijeratne v. The China Mutual Life Insurance Company,allowed
commonlii-LKCA-1920-38,22 NLR 129,LKCA,1920,True,Jabbar v. Marikar Et Al,dismissed
commonlii-LKCA-1920-39,22 NLR 223,LKCA,1920,True,Kanapathypillai v. Nagalingam,
commonlii-LKCA-1920-44,21 NLR 431,LKCA,1920,True,Campbell & Co v. Wijesekere,dismissed
commonlii-LKCA-1920-45,22 NLR 189,LKCA,1920,True,Charles v. Baba Et Al,allowed
commonlii-LKCA-1920-46,22 NLR 23,LKCA,1920,True,Fernando Et Al. v. Sumangala Terunnanse Et Al,allowed
commonlii-LKCA-1920-47,22 NLR 14,LKCA,1920,True,Peter v. Cooray,set-aside
commonlii-LKCA-1920-49,22 NLR 65,LKCA,1920,True,Silva v. Thediris,
commonlii-LKCA-1920-50,22 NLR 195,LKCA,1920,True,Vyramuttu v. Dissanayake,dismissed
commonlii-LKCA-1920-51,21 NLR 330,LKCA,1920,True,In Re the Estate of Dingirala,set-aside
commonlii-LKCA-1920-52,22 NLR 159,LKCA,1920,True,Pathumma v. Rahimath,dismissed
commonlii-LKCA-1920-53,21 NLR 479,LKCA,1920,True,Loku Menika v. Dingirimahatmaya,set-aside
commonlii-LKCA-1920-6,22 NLR 39,LKCA,1920,True,Silva v. Fernando,allowed
commonlii-LKCA-1920-60,22 NLR 260,LKCA,1920,True,Fernando Et Al. v. Fernando Et Al,dismissed
commonlii-LKCA-1920-62,22 NLR 225,LKCA,1920,True,Suppiahpillai v. Ramanathan,dismissed
commonlii-LKCA-1920-66,22 NLR 334,LKCA,1920,True,In Re the Application of Misso,remitted
commonlii-LKCA-1920-67,22 NLR 127,LKCA,1920,True,Kumarihamy Et Al. v. Kumarihamy Et Al,
commonlii-LKCA-1920-68,22 NLR 21,LKCA,1920,True,Punchi Mahatmaya v. Waloopillai,set-aside
commonlii-LKCA-1920-70,22 NLR 370,LKCA,1920,True,Fernando v. Hendrick Et Al,set-aside
commonlii-LKCA-1920-71,22 NLR 54,LKCA,1920,True,Umma Et Al. v. Arumugam,allowed
commonlii-LKCA-1920-74,22 NLR 50,LKCA,1920,True,Bulner v. Shockman,dismissed
commonlii-LKCA-1920-75,29 NLR 284,LKCA,1920,True,Balkis v. Perera Et Al,dismissed
commonlii-LKCA-1920-76,22 NLR 77,LKCA,1920,True,Cornelis Et Al. v. Wattuhamy,
commonlii-LKCA-1920-77,22 NLR 115,LKCA,1920,True,Mendis Et Al. v. Dawood,dismissed
commonlii-LKCA-1920-78,21 NLR 446,LKCA,1920,True,Peris v. Soysa,set-aside
commonlii-LKCA-1920-8,21 NLR 510,LKCA,1920,True,Nanayakkara v. Juan Appu,dismissed
commonlii-LKCA-1920-82,21 NLR 501,LKCA,1920,True,Perianan Chetty v. Fernando,dismissed
commonlii-LKCA-1920-88,22 NLR 119,LKCA,1920,True,Lee v. Chandrawarnam,dismissed
commonlii-LKCA-1920-89,22 NLR 155,LKCA,1920,True,Caldera v. Santiagopillai,dismissed
commonlii-LKCA-1920-90,22 NLR 137,LKCA,1920,True,Marikar v. Marikar,allowed
commonlii-LKCA-1920-91,22 NLR 176,LKCA,1920,True,Sanchi Appu v. Jeeris Appu,allowed
commonlii-LKCA-1920-92,22 NLR 107,LKCA,1920,True,Weeraman v. De Silva,dismissed
commonlii-LKCA-1920-93,22 NLR 219,LKCA,1920,True,Wirawardane Et Al. v. Ratnaike,dismissed
commonlii-LKCA-1920-94,22 NLR 193,LKCA,1920,True,Kasipathy v. Kanapathipillai,dismissed
commonlii-LKCA-1920-95,21 NLR 332,LKCA,1920,True,In Re the Estate of Malachais,remitted
commonlii-LKCA-1920-97,22 NLR 146,LKCA,1920,True,Singho v. Wijesinghe Et Al,set-aside
commonlii-LKCA-1920-98,22 NLR 125,LKCA,1920,True,Peries v. Munasinghe,dismissed
commonlii-LKCA-1920-99,22 NLR 198,LKCA,1920,True,Nalliah v. Ponnnamah,dismissed
commonlii-LKCA-1921-100,23 NLR 185,LKCA,1921,True,Tambipillai Et Al v. Nagalingam Et Al,dismissed
commonlii-LKCA-1921-12,22 NLR 381,LKCA,1921,True,"The Demodera Tea Co., Ltd. v. Pedric Appu",dismissed
commonlii-LKCA-1921-15,23 NLR 18,LKCA,1921,True,Amerasekera v. Perera Et Al,set-aside
commonlii-LKCA-1921-19,23 NLR 24,LKCA,1921,True,Piyadasa Et Al. v. Deevamitta Et Al,dismissed
commonlii-LKCA-1921-21,22 NLR 323,LKCA,1921,True,Unnanse Et Al. v. Unnanse,dismissed
commonlii-LKCA-1921-22,23 NLR 261,LKCA,1921,True,Maraliya v. Gunasekera Et Al,dismissed
commonlii-LKCA-1921-3,23 NLR 70,LKCA,1921,True,Nagahawatte Et Al. v. Wettesinghe Et Al,allowed
commonlii-LKCA-1921-30,22 NLR 438,LKCA,1921,True,Maracair v. Maricair,dismissed
commonlii-LKCA-1921-34,22 NLR 281,LKCA,1921,True,Velupillai v. Marimuttu Et Al,dismissed
commonlii-LKCA-1921-35,23 NLR 88,LKCA,1921,True,Appuhamy v. Dissanayake,remitted
commonlii-LKCA-1921-37,22 NLR 476,LKCA,1921,True,Ismail Et Al. v. Ismail,dismissed
commonlii-LKCA-1921-39,23 NLR 481,LKCA,1921,True,Senanayake v. Selastina Hamine Et Al,allowed
commonlii-LKCA-1921-4,23 NLR 243,LKCA,1921,True,Abdul Cader v. Omardeen,dismissed
commonlii-LKCA-1921-40,23 NLR 157,LKCA,1921,True,Banda v. Weresekera Et Al,allowed
commonlii-LKCA-1921-42,23 NLR 473,LKCA,1921,True,Appuhamy Et Al. v. Agidahamy,
commonlii-LKCA-1921-47,23 NLR 486,LKCA,1921,True,"The Sunnygama Co., Ltd. v. Fonseka",allowed
commonlii-LKCA-1921-48,22 NLR 494,LKCA,1921,True,Jayasinghe Et Al. v. Jayasundera,dismissed
commonlii-LKCA-1921-49,22 NLR 295,LKCA,1921,True,Naina Lebbe v. Maraikar Et Al,allowed
commonlii-LKCA-1921-5,23 NLR 65,LKCA,1921,True,Ali Marikar v. Omardeen,
commonlii-LKCA-1921-50,23 NLR 235,LKCA,1921,True,Ponnamperume v. Goonesekera Et Al,dismissed
commonlii-LKCA-1921-51,22 NLR 433,LKCA,1921,True,Thyagaraja v. Thyagaraja Et Al,allowed
commonlii-LKCA-1921-52,22 NLR 427,LKCA,1921,True,Sivacolundu v. Noormaliya,allowed
commonlii-LKCA-1921-53,23 NLR 266,LKCA,1921,True,Fernando v. Fernando,allowed
commonlii-LKCA-1921-54,23 NLR 204,LKCA,1921,True,Silva v. Arumugam,dismissed
commonlii-LKCA-1921-55,22 NLR 417,LKCA,1921,True,Adaicappa Chetty v. Caruppen Chetty,dismissed
commonlii-LKCA-1921-56,23 NLR 91,LKCA,1921,True,Cader v. Hamidu Et Al,allowed
commonlii-LKCA-1921-57,22 NLR 414,LKCA,1921,True,Dineshamy v. Sidoris,dismissed
commonlii-LKCA-1921-59,23 NLR 228,LKCA,1921,True,Punchirala v. Kiri Banda Et Al,allowed
commonlii-LKCA-1921-6,23 NLR 453,LKCA,1921,True,Feranando v. Feranando,
commonlii-LKCA-1921-60,22 NLR 472,LKCA,1921,True,Seneviratna v. Halangoda Et Al,set-aside
commonlii-LKCA-1921-61,22 NLR 316,LKCA,1921,True,Theevanapillai Et Al. v. Sinnapillai,dismissed
commonlii-LKCA-1921-62,22 NLR 385,LKCA,1921,True,Gunatilleke v. Fernando,dismissed
commonlii-LKCA-1921-63,22 NLR 497,LKCA,1921,True,Attapattu v. Jayawardene Et Al,dismissed
commonlii-LKCA-1921-64,23 NLR 74,LKCA,1921,True,Soysa v. Cecelia Et Al,dismissed
commonlii-LKCA-1921-65,23 NLR 26,LKCA,1921,True,Assistant Government Agent Kandy v. Kalu Banda Et Al,dismissed
commonlii-LKCA-1921-66,23 NLR 1,LKCA,1921,True,Vyramuttu v. Mootatamby Et Al,set-aside
commonlii-LKCA-1921-7,23 NLR 479,LKCA,1921,True,Helenis v. Hendrick Et Al,set-aside
commonlii-LKCA-1921-70,23 NLR 143,LKCA,1921,True,Ferdinando v. Ferdinando,dismissed
commonlii-LKCA-1921-72,22 NLR 481,LKCA,1921,True,Periyanayagampillai v. Silva Et Al,set-aside
commonlii-LKCA-1921-73,23 NLR 457,LKCA,1921,True,Arunasalam v. Ramanather,
commonlii-LKCA-1921-74,23 NLR 193,LKCA,1921,True,Nanayakkara v. Andris,dismissed
commonlii-LKCA-1921-77,23 NLR 20,LKCA,1921,True,"Sunnygama Co., Ltd. v. Fonseka",allowed
commonlii-LKCA-1921-78,23 NLR 281,LKCA,1921,True,Appuhamy Et Al. v. Banda,allowed
commonlii-LKCA-1921-8,23 NLR 455,LKCA,1921,True,Kanapathipillai v. Kannakai Et Al,dismissed
commonlii-LKCA-1921-80,23 NLR 272,LKCA,1921,True,Kirihamy v. Mudiyanse,set-aside
commonlii-LKCA-1921-82,23 NLR 445,LKCA,1921,True,Meydeen v. Ghouse Et Al,dismissed
commonlii-LKCA-1921-83,23 NLR 283,LKCA,1921,True,Tiyadoris Et Al. v. Sadishamy,dismissed
commonlii-LKCA-1921-85,23 NLR 95,LKCA,1921,True,Heema v. Punchibaba,dismissed
commonlii-LKCA-1921-86,23 NLR 176,LKCA,1921,True,Perera v. Kapuruhamy,set-aside
commonlii-LKCA-1921-87,23 NLR 257,LKCA,1921,True,Sampasivam v. Manikkam Et Al,set-aside
commonlii-LKCA-1921-9,23 NLR 189,LKCA,1921,True,Meinkhamy v. Pinhamy,
commonlii-LKCA-1921-90,22 NLR 345,LKCA,1921,True,Jayasundara v. Godage,dismissed
commonlii-LKCA-1921-91,23 NLR 483,LKCA,1921,True,Fernando v. Fernando,dismissed
commonlii-LKCA-1921-94,22 NLR 510,LKCA,1921,True,Kirimenika v. Menikhamy,remitted
commonlii-LKCA-1921-95,23 NLR 245,LKCA,1921,True,Ramanaden v. Fernando Et Al,allowed
commonlii-LKCA-1921-97,23 NLR 80,LKCA,1921,True,Hendrick Singho v. Kalanis Appu Et Al,dismissed
commonlii-LKCA-1921-98,23 NLR 209,LKCA,1921,True,Katiritamby Et Al v. Parupathipillai Et Al,dismissed
commonlii-LKCA-1921-99,23 NLR 467,LKCA,1921,True,Appuhamy v. Weeratunga Et Al,remitted
commonlii-LKCA-1922-101,23 NLR 339,LKCA,1922,True,Gunawardene v. Dias,allowed
commonlii-LKCA-1922-105,24 NLR 109,LKCA,1922,True,Appuhamy v. Kumarihamy,dismissed
commonlii-LKCA-1922-106,50 NLR 276,LKCA,1922,True,"Banda, K.A. v. Angurala Et Al",dismissed
commonlii-LKCA-1922-107,24 NLR 149,LKCA,1922,True,Kirihenaya v. Jotiya,dismissed
commonlii-LKCA-1922-111,23 NLR 415,LKCA,1922,True,Appuhamy v. Nonis,allowed
commonlii-LKCA-1922-112,29 NLR 89,LKCA,1922,True,Mohammed Cassim v. Mohammed Hassen,allowed
commonlii-LKCA-1922-113,24 NLR 193,LKCA,1922,True,Don Davith v. Don Davith,dismissed
commonlii-LKCA-1922-114,24 NLR 121,LKCA,1922,True,Fernando v. Peris,dismissed
commonlii-LKCA-1922-115,25 NLR 433,LKCA,1922,True,Wickremesinghe Et Al. v. Ensohamy Et Al,dismissed
commonlii-LKCA-1922-116,23 NLR 485,LKCA,1922,True,Peiris v. Eperanjina Et Al,dismissed
commonlii-LKCA-1922-117,24 NLR 158,LKCA,1922,True,Robert v. Silva,dismissed
commonlii-LKCA-1922-119,24 NLR 379,LKCA,1922,True,Habeebu v. Silva,dismissed
commonlii-LKCA-1922-120,24 NLR 166,LKCA,1922,True,Dullewe v. Dullewe,
commonlii-LKCA-1922-122,24 NLR 414,LKCA,1922,True,Appuhamy v. Appuhamy,dismissed
commonlii-LKCA-1922-123,23 NLR 279,LKCA,1922,True,Kirthisinge v. Perera Et Al,dismissed
commonlii-LKCA-1922-124,23 NLR 372,LKCA,1922,True,Silva v. Letchiman Chetty,dismissed
commonlii-LKCA-1922-126,24 NLR 178,LKCA,1922,True,Orr v. Gunatilleke,set-aside
commonlii-LKCA-1922-127,24 NLR 283,LKCA,1922,True,Appuhamy v. Wirasinghe,set-aside
commonlii-LKCA-1922-128,24 NLR 274,LKCA,1922,True,Mudalihamy v. Banda,allowed
commonlii-LKCA-1922-130,23 NLR 489,LKCA,1922,True,Fernando Et Al v. Mendis,dismissed
commonlii-LKCA-1922-132,23 NLR 383,LKCA,1922,True,Samaranayake v. Dissanayake,set-aside
commonlii-LKCA-1922-14,23 NLR 502,LKCA,1922,True,Perera v. Samarakoon,allowed
commonlii-LKCA-1922-15,23 NLR 443,LKCA,1922,True,Punchiamma Et Al. v. Theobold,
commonlii-LKCA-1922-16,24 NLR 217,LKCA,1922,True,Appuhamy v. Banda,dismissed
commonlii-LKCA-1922-17,24 NLR 188,LKCA,1922,True,Mendis v. Jinadassa Et Al,
commonlii-LKCA-1922-2,24 NLR 36,LKCA,1922,True,The Government Agent Central Province v. Letchiman Chetty,dismissed
commonlii-LKCA-1922-24,24 NLR 222,LKCA,1922,True,Appuhamy v. Baby Singho,dismissed
commonlii-LKCA-1922-25,24 NLR 239,LKCA,1922,True,Mohideen v. Isey,
commonlii-LKCA-1922-3,24 NLR 42,LKCA,1922,True,Maraliya v. Fernando,set-aside
commonlii-LKCA-1922-30,24 NLR 464,LKCA,1922,True,Silva v. Vipulasenasabha,dismissed
commonlii-LKCA-1922-33,23 NLR 289,LKCA,1922,True,Hamine Etena v. The Assistant Government Agent,dismissed
commonlii-LKCA-1922-34,24 NLR 1,LKCA,1922,True,Mudalihamy v. Kirihamy,dismissed
commonlii-LKCA-1922-35,24 NLR 112,LKCA,1922,True,The Attorney General v. Appuhamy,dismissed
commonlii-LKCA-1922-37,23 NLR 301,LKCA,1922,True,Abdulla v. Menika Et Al,dismissed
commonlii-LKCA-1922-4,24 NLR 123,LKCA,1922,True,Banda v. Appuhamy,allowed
commonlii-LKCA-1922-40,24 NLR 225,LKCA,1922,True,Gunawardene v. Visvanathan,set-aside
commonlii-LKCA-1922-41,23 NLR 406,LKCA,1922,True,Mohomado Lebbe v. Ahamado Ali Et Al,
commonlii-LKCA-1922-5,24 NLR 210,LKCA,1922,True,Banda v. Dharmaratne,set-aside
commonlii-LKCA-1922-50,24 NLR 97,LKCA,1922,True,Silva v. Obeyesekera,remitted
commonlii-LKCA-1922-51,24 NLR 50,LKCA,1922,True,Suppramaniam Chetty v. Jayawardene Et Al,dismissed
commonlii-LKCA-1922-52,23 NLR 399,LKCA,1922,True,Ahamparapillai v. Podi Singho,set-aside
commonlii-LKCA-1922-53,24 NLR 143,LKCA,1922,True,Hamidu v. Gunasekera,set-aside
commonlii-LKCA-1922-54,24 NLR 157,LKCA,1922,True,Singho Appu v. Hendrick Appu,allowed
commonlii-LKCA-1922-57,23 NLR 342,LKCA,1922,True,Mudiyanse v. Vanderpoorten,dismissed
commonlii-LKCA-1922-58,23 NLR 411,LKCA,1922,True,Bandra v. Elapatha Et Al,set-aside
commonlii-LKCA-1922-68,24 NLR 428,LKCA,1922,True,Appu v. Silva,dismissed
commonlii-LKCA-1922-69,24 NLR 453,LKCA,1922,True,Meerasaibu v. Theivanayagampillai,allowed
commonlii-LKCA-1922-72,24 NLR 183,LKCA,1922,True,Silva v. Silva,set-aside
commonlii-LKCA-1922-75,24 NLR 138,LKCA,1922,True,Fernando v. Fernando,dismissed
commonlii-LKCA-1922-76,24 NLR 277,LKCA,1922,True,John Sinno v. Weerawardene,dismissed
commonlii-LKCA-1922-77,23 NLR 506,LKCA,1922,True,Saidu v. Samidu,allowed
commonlii-LKCA-1922-78,23 NLR 385,LKCA,1922,True,The Liquidators of the Enemy Firm of Freudenberg & Co. v. Somasundaram,set-aside
commonlii-LKCA-1922-79,24 NLR 231,LKCA,1922,True,Murugappa Chetty v. The Commmissioner of Stamps,dismissed
commonlii-LKCA-1922-80,23 NLR 449,LKCA,1922,True,Nanduwa Et Al v. Bhai Et Al,allowed
commonlii-LKCA-1922-81,23 NLR 370,LKCA,1922,True,Fernando v. Marsal Appu Et Al,dismissed
commonlii-LKCA-1922-83,24 NLR 170,LKCA,1922,True,Ranasinghe v. Fernando,remitted
commonlii-LKCA-1922-84,24 NLR 286,LKCA,1922,True,Peter v. Carolis,allowed
commonlii-LKCA-1922-85,24 NLR 476,LKCA,1922,True,Cracklaw v. Ukkurala,dismissed
commonlii-LKCA-1922-86,24 NLR 175,LKCA,1922,True,Ellapata v. Fernando,set-aside
commonlii-LKCA-1922-87,25 NLR 500,LKCA,1922,True,Meurling v. Gimarahamy Et Al,dismissed
commonlii-LKCA-1922-88,24 NLR 449,LKCA,1922,True,Appuhamy v. Jayasooriya,dismissed
commonlii-LKCA-1922-89,23 NLR 333,LKCA,1922,True,Hadjiar v. Meyappa,allowed
commonlii-LKCA-1922-90,24 NLR 140,LKCA,1922,True,Hettiaratchi v. Suriaratchi,allowed
commonlii-LKCA-1922-91,23 NLR 376,LKCA,1922,True,Sethuhamy Et Al. v. Kiri Banda Et Al,allowed
commonlii-LKCA-1922-92,24 NLR 62,LKCA,1922,True,The Government Agent Central Province v. Silva,dismissed
commonlii-LKCA-1922-94,24 NLR 236,LKCA,1922,True,Haniffa v. Mohamado,dismissed
commonlii-LKCA-1922-95,24 NLR 203,LKCA,1922,True,Andris v. Punchihamy,dismissed
commonlii-LKCA-1922-96,24 NLR 205,LKCA,1922,True,Ceylon Mutual Provident Asssociation v. Mendis,dismissed
commonlii-LKCA-1922-97,24 NLR 245,LKCA,1922,True,Bandaranayake v. Bandaranayake,dismissed
commonlii-LKCA-1922-99,23 NLR 249,LKCA,1922,True,Fernando v. Silva Et Al,dismissed
commonlii-LKCA-1924-1,26 NLR 367,LKCA,1924,True,Rex v. Seenytamby,
commonlii-LKCA-1924-10,26 NLR 257,LKCA,1924,True,Gunananda Unnanse v. Dewarakkita Unnanse,dismissed
commonlii-LKCA-1924-11,25 NLR 430,LKCA,1924,True,Appuhamy v. Ramanathan,allowed
commonlii-LKCA-1924-12,25 NLR 504,LKCA,1924,True,Cassim v. Babunhamy,dismissed
commonlii-LKCA-1924-13,26 NLR 185,LKCA,1924,True,"Colombo Stores, Ltd. v. Silva",allowed
commonlii-LKCA-1924-14,26 NLR 472,LKCA,1924,True,De Zoysa v. De Zoysa,set-aside
commonlii-LKCA-1924-15,26 NLR 449,LKCA,1924,True,Falkner Et Al. v. Soysa,allowed
commonlii-LKCA-1924-16,26 NLR 292,LKCA,1924,True,Fernando v. Fernando,dismissed
commonlii-LKCA-1924-17,26 NLR 426,LKCA,1924,True,Horatala v. Sanchi Et Al,allowed
commonlii-LKCA-1924-18,26 NLR 71,LKCA,1924,True,Ibrahim v. Bawa Sahib Et Al,set-aside
commonlii-LKCA-1924-2,26 NLR 397,LKCA,1924,True,Franciscus v. Koys,dismissed
commonlii-LKCA-1924-20,26 NLR 431,LKCA,1924,True,Mohamado Abdulla v. Kuludin Nachiya,dismissed
commonlii-LKCA-1924-22,26 NLR 353,LKCA,1924,True,Sheriff v. Pitche Umma Et Al,set-aside
commonlii-LKCA-1924-23,27 NLR 89,LKCA,1924,True,Sittamparanather Kurukal v. Ratnasabapathy Kurukal,dismissed
commonlii-LKCA-1924-24,26 NLR 467,LKCA,1924,True,Subramaniam Chetty v. Naidu,
commonlii-LKCA-1924-25,27 NLR 65,LKCA,1924,True,Vairavan Chetty v. Ukku Banda,set-aside
commonlii-LKCA-1924-26,26 NLR 310,LKCA,1924,True,Walker v. Mohideen,allowed
commonlii-LKCA-1924-27,26 NLR 97,LKCA,1924,True,Silva Et Al. v. Banda Et Al,
commonlii-LKCA-1924-29,26 NLR 374,LKCA,1924,True,Silva Et Al. v. Isohamy,allowed
commonlii-LKCA-1924-30,60 NLR 30,LKCA,1924,True,Kandiah v. Village Committee of Atchuvely,allowed
commonlii-LKCA-1924-33,26 NLR 223,LKCA,1924,True,Appuhamy v. Davith Appu,allowed
commonlii-LKCA-1924-35,27 NLR 70,LKCA,1924,True,Andris v. Siriya,set-aside
commonlii-LKCA-1924-36,25 NLR 417,LKCA,1924,True,Fernando Et Al. v. Rodrigo,set-aside
commonlii-LKCA-1924-39,26 NLR 129,LKCA,1924,True,Carlinhamy v. Juanis Et Al,allowed
commonlii-LKCA-1924-40,26 NLR 198,LKCA,1924,True,Jayasekera v. Perera,set-aside
commonlii-LKCA-1924-42,26 NLR 119,LKCA,1924,True,Garvin v. Abayawardene,allowed
commonlii-LKCA-1924-45,26 NLR 181,LKCA,1924,True,Abeyaratna v. Jagaris,dismissed
commonlii-LKCA-1924-46,27 NLR 321,LKCA,1924,True,Fernando v. Fernando,dismissed
commonlii-LKCA-1924-47,27 NLR 219,LKCA,1924,True,Poulier v. Alles,dismissed
commonlii-LKCA-1924-48,26 NLR 52,LKCA,1924,True,Soosaipillai v. Fernando,set-aside
commonlii-LKCA-1924-49,26 NLR 193,LKCA,1924,True,Wijeyewardene v. Jayawardene,set-aside
commonlii-LKCA-1924-51,27 NLR 15,LKCA,1924,True,Karthigasu Ambalawanar v. Subramaniar Kathiravelu,set-aside
commonlii-LKCA-1924-52,27 NLR 173,LKCA,1924,True,Velupillai Arumogam v. Saravanamuttu Ponnasamy,
commonlii-LKCA-1924-56,25 NLR 427,LKCA,1924,True,Samara Et Al. v. Elves,dismissed
commonlii-LKCA-1924-57,26 NLR 385,LKCA,1924,True,Saravanamuttu v. Solamuttu,set-aside
commonlii-LKCA-1924-59,26 NLR 106,LKCA,1924,True,Soysa v. Soysa,dismissed
commonlii-LKCA-1924-60,26 NLR 277,LKCA,1924,True,Beebe v. Pitche,dismissed
commonlii-LKCA-1924-61,25 NLR 477,LKCA,1924,True,Cassim v. De Vos Et Al,dismissed
commonlii-LKCA-1924-63,26 NLR 69,LKCA,1924,True,Sinnatamby Et Al. v. Anthonypillai Et Al,
commonlii-LKCA-1924-64,26 NLR 406,LKCA,1924,True,Lamatena v. Rahaman Doole,allowed
commonlii-LKCA-1924-67,26 NLR 225,LKCA,1924,True,Senaratna v. Perera Et Al,dismissed
commonlii-LKCA-1924-68,26 NLR 89,LKCA,1924,True,Pedris Et Al. v. Batcha Et Al,dismissed
commonlii-LKCA-1925-13,26 NLR 459,LKCA,1925,True,Abeysundera v. Babuna Et Al,set-aside
commonlii-LKCA-1925-14,27 NLR 289,LKCA,1925,True,De Silva v. De Silva,dismissed
commonlii-LKCA-1925-15,27 NLR 245,LKCA,1925,True,"In the Matter of An Application of Fernano, L.S",
commonlii-LKCA-1925-16,27 NLR 269,LKCA,1925,True,Ramen Chetty v. Siriwardene,dismissed
commonlii-LKCA-1925-17,27 NLR 33,LKCA,1925,True,Hamidu Lebbe v. Ganitha,allowed
commonlii-LKCA-1925-18,27 NLR 252,LKCA,1925,True,Haniffa Umma v. Parack,dismissed
commonlii-LKCA-1925-2,27 NLR 185,LKCA,1925,True,Horne v. Marikar,allowed
commonlii-LKCA-1925-24,26 NLR 446,LKCA,1925,True,Seyambo Natchia v. Osman,dismissed
commonlii-LKCA-1925-28,27 NLR 203,LKCA,1925,True,Arumugam Valiamma v. Kanagaratnam,allowed
commonlii-LKCA-1925-3,27 NLR 336,LKCA,1925,True,Muttiah Chetty v. Ukkurala Korala,dismissed
commonlii-LKCA-1925-33,27 NLR 503,LKCA,1925,True,Fernando v. Rosalina Kunna,allowed
commonlii-LKCA-1925-34,27 NLR 166,LKCA,1925,True,John Sinno v. Luvis Appu,dismissed
commonlii-LKCA-1925-35,26 NLR 489,LKCA,1925,True,Silva v. Kekulawela,dismissed
commonlii-LKCA-1925-36,27 NLR 27,LKCA,1925,True,Udalgama v. Madawala,dismissed
commonlii-LKCA-1925-37,27 NLR 52,LKCA,1925,True,Peiris v. Kiri Banda,allowed
commonlii-LKCA-1925-38,27 NLR 8,LKCA,1925,True,Dharmalingam v. Kumarihamy,allowed
commonlii-LKCA-1925-4,27 NLR 406,LKCA,1925,True,Wimalasurendra v. Dias,dismissed
commonlii-LKCA-1925-41,26 NLR 481,LKCA,1925,True,Joseph Et Al. v. Maria Vendt Et Al,set-aside
commonlii-LKCA-1925-42,27 NLR 361,LKCA,1925,True,Appuhamy v. Gamarala,allowed
commonlii-LKCA-1925-43,61 NLR 298,LKCA,1925,True,Land Commissioner v. Kathirkaman Pillai,
commonlii-LKCA-1925-44,27 NLR 150,LKCA,1925,True,Nafia Umma v. Abdul Aziz,dismissed
commonlii-LKCA-1925-45,26 NLR 417,LKCA,1925,True,Wanduragala v. Senmanda Et Al,set-aside
commonlii-LKCA-1925-46,26 NLR 433,LKCA,1925,True,Abdul Hamidu v. Perera,allowed
commonlii-LKCA-1925-47,27 NLR 231,LKCA,1925,True,Idroos v. Sherief,dismissed
commonlii-LKCA-1925-48,27 NLR 353,LKCA,1925,True,Soosiappa Pillai v. Bastian Fernando,dismissed
commonlii-LKCA-1925-50,27 NLR 1,LKCA,1925,True,Punchihamy v. Premaratne Hamine,dismissed
commonlii-LKCA-1925-51,28 NLR 196,LKCA,1925,True,Ratwatte Basnaike Nilame v. De Silva Et Al,allowed
commonlii-LKCA-1925-52,27 NLR 158,LKCA,1925,True,"In the Matter of An Appeal Under Section 32 of the Stamp Ordinance, No. 22 of 1909",allowed
commonlii-LKCA-1925-9,26 NLR 451,LKCA,1925,True,The Attorney General v. De Croos Et Al,allowed
commonlii-LKCA-1926-1,28 NLR 1,LKCA,1926,True,Arsecularatne v. Perera,dismissed
commonlii-LKCA-1926-10,28 NLR 321,LKCA,1926,True,Pate v. Mack,dismissed
commonlii-LKCA-1926-11,28 NLR 440,LKCA,1926,True,Appuhamy v. Appuhamy,dismissed
commonlii-LKCA-1926-13,28 NLR 88,LKCA,1926,True,Pietetsz v. Bastian Fernando Et Al,dismissed
commonlii-LKCA-1926-17,27 NLR 439,LKCA,1926,True,Silva Hamine v. Wijekoon,set-aside
commonlii-LKCA-1926-19,27 NLR 483,LKCA,1926,True,Perera v. Mudalali,dismissed
commonlii-LKCA-1926-2,28 NLR 260,LKCA,1926,True,Bulner v. Rajapakse,allowed
commonlii-LKCA-1926-22,28 NLR 283,LKCA,1926,True,Johannes v. Podi Singho,allowed
commonlii-LKCA-1926-23,28 NLR 401,LKCA,1926,True,Podi Sinno v. Alwis,dismissed
commonlii-LKCA-1926-24,27 NLR 390,LKCA,1926,True,King v. Belinda,allowed
commonlii-LKCA-1926-25,28 NLR 353,LKCA,1926,True,Muttunayagam v. Senathiraja,
commonlii-LKCA-1926-27,28 NLR 228,LKCA,1926,True,Goonesekera v. Pieris,
commonlii-LKCA-1926-28,28 NLR 397,LKCA,1926,True,Guneratne v. Yapa,dismissed
commonlii-LKCA-1926-29,28 NLR 316,LKCA,1926,True,Ibrahim Natcha v. Abdul Cader,dismissed
commonlii-LKCA-1926-31,28 NLR 167,LKCA,1926,True,The Commissioner of Stamps v. Cornelis Heart Randeni,dismissed
commonlii-LKCA-1926-32,28 NLR 186,LKCA,1926,True,Annie Tillakratne v. Coomarasingham,allowed
commonlii-LKCA-1926-33,28 NLR 92,LKCA,1926,True,Abdul Cader v. Habibu Umma,dismissed
commonlii-LKCA-1926-34,28 NLR 253,LKCA,1926,True,Bibile v. Mahaduraya,dismissed
commonlii-LKCA-1926-35,27 NLR 507,LKCA,1926,True,Peter Appuhamy v. Mudalihamy,allowed
commonlii-LKCA-1926-37,27 NLR 459,LKCA,1926,True,Michelin & Co v. Don Leo,dismissed
commonlii-LKCA-1926-38,28 NLR 97,LKCA,1926,True,Punchi Hamine v. Ukku Menika,dismissed
commonlii-LKCA-1926-39,27 NLR 433,LKCA,1926,True,Kandappa v. Charles Appu,dismissed
commonlii-LKCA-1926-40,27 NLR 449,LKCA,1926,True,Ukku Banda v. Paulis Singho,allowed
commonlii-LKCA-1926-41,28 NLR 65,LKCA,1926,True,Assistant Government Agent v. Abdul Rahiman,allowed
commonlii-LKCA-1926-42,28 NLR 115,LKCA,1926,True,Silva v. Jayawardena,dismissed
commonlii-LKCA-1926-45,28 NLR 140,LKCA,1926,True,Nugapitiya v. Joseph,allowed
commonlii-LKCA-1926-47,28 NLR 203,LKCA,1926,True,Dingiriya v. Ukku Amma,allowed
commonlii-LKCA-1926-48,28 NLR 463,LKCA,1926,True,Kalu Banda v. Mudianse,allowed
commonlii-LKCA-1926-49,28 NLR 266,LKCA,1926,True,Menikhamy v. Suddana,dismissed
commonlii-LKCA-1926-5,29 NLR 132,LKCA,1926,True,Abubacker v. Tikiri Banda,dismissed
commonlii-LKCA-1926-50,28 NLR 449,LKCA,1926,True,Peris Et Al. v. Sinnamuthu Et Al,allowed
commonlii-LKCA-1926-52,28 NLR 136,LKCA,1926,True,Abdul Rahim v. Hamidu Lebbe,dismissed
commonlii-LKCA-1926-53,28 NLR 292,LKCA,1926,True,Fernando v. Atukorale,dismissed
commonlii-LKCA-1926-54,28 NLR 33,LKCA,1926,True,Hewawasan v. Gunaesekere,allowed
commonlii-LKCA-1926-55,27 NLR 260,LKCA,1926,True,Paulu v. Rengishamy,set-aside
commonlii-LKCA-1926-56,28 NLR 179,LKCA,1926,True,Rajapakse v. Warusa,set-aside
commonlii-LKCA-1926-58,28 NLR 158,LKCA,1926,True,Sopie Nona Abeyadeera v. Podisingho,allowed
commonlii-LKCA-1926-59,28 NLR 257,LKCA,1926,True,De Silva v. Dheerananda Thero,dismissed
commonlii-LKCA-1926-6,28 NLR 286,LKCA,1926,True,Cornelis Appuhamy v. Appuhamy,allowed
commonlii-LKCA-1926-60,28 NLR 26,LKCA,1926,True,Brampy Singho v. Booth,dismissed
commonlii-LKCA-1926-61,35 NLR 232,LKCA,1926,True,Fernando Et Al. v. Jayasinghe Et Al,allowed
commonlii-LKCA-1926-62,28 NLR 84,LKCA,1926,True,Induwati Dissanayake v. Don Alwis Appuhamy,dismissed
commonlii-LKCA-1926-63,28 NLR 337,LKCA,1926,True,De Silva v. Vaduganathan Chetty,
commonlii-LKCA-1926-64,27 NLR 193,LKCA,1926,True,Kalimuthu v. Muthusamy,allowed
commonlii-LKCA-1926-7,28 NLR 234,LKCA,1926,True,Fernanado v. Rosa Maria,dismissed
commonlii-LKCA-1926-9,28 NLR 175,LKCA,1926,True,Hamid v. Zeynambu,allowed
commonlii-LKCA-1927-11,29 NLR 216,LKCA,1927,True,Seyedu Lebbe v. Loku Banda,dismissed
commonlii-LKCA-1927-14,29 NLR 108,LKCA,1927,True,Kandiah Et. Al. v. Thavar Et. Al,allowed
commonlii-LKCA-1927-15,29 NLR 193,LKCA,1927,True,Leelavathie v. Dingiri Banda,dismissed
commonlii-LKCA-1927-16,29 NLR 242,LKCA,1927,True,Perera v. Novishamy,allowed
commonlii-LKCA-1927-18,29 NLR 373,LKCA,1927,True,Silva v. Silva,allowed
commonlii-LKCA-1927-19,28 NLR 452,LKCA,1927,True,Vanderporten v. Ameresekere,allowed
commonlii-LKCA-1927-2,29 NLR 61,LKCA,1927,True,Marikar v. Perera,set-aside
commonlii-LKCA-1927-20,28 NLR 422,LKCA,1927,True,"Hall v. Pelmadulla Valley Tea and Rubber Co., Ltd",dismissed
commonlii-LKCA-1927-25,28 NLR 329,LKCA,1927,True,Gunerathamy v. Manuel Appuhamy,dismissed
commonlii-LKCA-1927-26,29 NLR 289,LKCA,1927,True,Parampalam v. Arunachalam,allowed
commonlii-LKCA-1927-27,28 NLR 412,LKCA,1927,True,Mudalihamy v. Dingiri Menika,dismissed
commonlii-LKCA-1927-29,28 NLR 492,LKCA,1927,True,Fernando v. Cadiravelu,
commonlii-LKCA-1927-30,29 NLR 65,LKCA,1927,True,Narayanan Chetty v. James Finlay & Co,allowed
commonlii-LKCA-1927-33,29 NLR 381,LKCA,1927,True,Menik Etana v. Kiri Appu,dismissed
commonlii-LKCA-1927-35,29 NLR 316,LKCA,1927,True,Fernando v. Fernando,allowed
commonlii-LKCA-1927-41,41 NLR 42,LKCA,1927,True,Sockalingam Chettiar v. Munasinghe Et Al,dismissed
commonlii-LKCA-1927-42,32 NLR 172,LKCA,1927,True,Zakir v. Usoof Ismail,dismissed
commonlii-LKCA-1927-44,28 NLR 502,LKCA,1927,True,Siwanadian Chetty v. Talawasingham,set-aside
commonlii-LKCA-1927-45,29 NLR 335,LKCA,1927,True,Munesinghe v. Jeronis Et Al,set-aside
commonlii-LKCA-1927-46,29 NLR 84,LKCA,1927,True,Meera Saibo v. Ayan Sinnavan,allowed
commonlii-LKCA-1927-47,29 NLR 139,LKCA,1927,True,Punchi Banda v. Ibrahim Et Al,allowed
commonlii-LKCA-1927-48,50 NLR 367,LKCA,1927,True,Sabapathypillai v. Sinnatamby,allowed
commonlii-LKCA-1927-5,29 NLR 174,LKCA,1927,True,Sorlentina v. De Krester,dismissed
commonlii-LKCA-1927-50,29 NLR 177,LKCA,1927,True,De Silva v. Lapaya Et Al,set-aside
commonlii-LKCA-1927-54,29 NLR 357,LKCA,1927,True,Dingiri Banda Et Al. v. Podi Bandara,set-aside
commonlii-LKCA-1927-6,28 NLR 350,LKCA,1927,True,De Silva v. De Silva,
commonlii-LKCA-1927-8,29 NLR 257,LKCA,1927,True,Imperial Bank of India v. Abeyesinghe,allowed
commonlii-LKCA-1928-1,30 NLR 11,LKCA,1928,True,Suweneris v. Mohamed,dismissed
commonlii-LKCA-1928-14,29 NLR 361,LKCA,1928,True,Attadassi Unnanse v. Rewata Unnanse,dismissed
commonlii-LKCA-1928-15,37 NLR 19,LKCA,1928,True,Ranasinghe Et Al v. Dhammananda Et Al,dismissed
commonlii-LKCA-1928-19,30 NLR 385,LKCA,1928,True,Dassanaike v. Dassanaike,allowed
commonlii-LKCA-1928-21,29 NLR 367,LKCA,1928,True,"Government Agent, Sabaragamuwa v. Asirwathan Et Al",dismissed
commonlii-LKCA-1928-23,31 NLR 65,LKCA,1928,True,Mahawoof Et Al. v. Marikkar,allowed
commonlii-LKCA-1928-24,31 NLR 94,LKCA,1928,True,Perera v. Silva,allowed
commonlii-LKCA-1928-29,29 NLR 446,LKCA,1928,True,Vagadasalem v. Chettiar,allowed
commonlii-LKCA-1928-33,30 NLR 225,LKCA,1928,True,Mohammed v. Mohamad Et Al,allowed
commonlii-LKCA-1928-34,24 NLR 441,LKCA,1928,True,Ketcho v. Wijewardene,dismissed
commonlii-LKCA-1928-37,29 NLR 431,LKCA,1928,True,Attorney General v. Pana Adappa Chetty,allowed
commonlii-LKCA-1928-38,29 NLR 349,LKCA,1928,True,Wijeysinghe v. Velohamy,dismissed
commonlii-LKCA-1928-39,30 NLR 61,LKCA,1928,True,Cathiresan Chetty v. Natchhiappa Chetty Et Al,allowed
commonlii-LKCA-1928-40,30 NLR 36,LKCA,1928,True,"Commissioner of Stamps v. Dickapttiya Tea and Rubber Co., Ltd",
commonlii-LKCA-1928-41,30 NLR 129,LKCA,1928,True,Dias v. Special Officer,dismissed
commonlii-LKCA-1928-42,30 NLR 197,LKCA,1928,True,Ratranhamy v. Singho Et Al,dismissed
commonlii-LKCA-1928-43,24 NLR 293,LKCA,1928,True,Boteju v. Fernando,dismissed
commonlii-LKCA-1928-44,31 NLR 104,LKCA,1928,True,Meiya Nona v. Davith Vedarala,allowed
commonlii-LKCA-1928-45,30 NLR 121,LKCA,1928,True,Veerapillai v. Kantar,set-aside
commonlii-LKCA-1928-47,30 NLR 114,LKCA,1928,True,Mathes v. Rodrigo,allowed
commonlii-LKCA-1928-48,24 NLR 481,LKCA,1928,True,Valliamma v. Lowe,allowed
commonlii-LKCA-1928-53,30 NLR 188,LKCA,1928,True,Paramanathan Et Al. v. Saravanamuttu,allowed
commonlii-LKCA-1928-56,30 NLR 216,LKCA,1928,True,Dyson v. Kadirasan Chetty,dismissed
commonlii-LKCA-1928-58,29 NLR 506,LKCA,1928,True,De Silva v. Perera,allowed
commonlii-LKCA-1928-59,29 NLR 401,LKCA,1928,True,Muheeth v. Abdul Wareek,set-aside
commonlii-LKCA-1928-6,30 NLR 59,LKCA,1928,True,"The Imperial Bank of India, Ltd. v. Perera Et Al",allowed
commonlii-LKCA-1928-62,30 NLR 226,LKCA,1928,True,Ranasinghe v. Carolis Et Al,allowed
commonlii-LKCA-1928-63,29 NLR 347,LKCA,1928,True,Ibrahim Saibo v. Pallaku Lebbe,dismissed
commonlii-LKCA-1928-65,30 NLR 403,LKCA,1928,True,In Re Sebastian Perera,set-aside
commonlii-LKCA-1928-67,29 NLR 449,LKCA,1928,True,Ahamadu Lebbe v. Amina Umma,allowed
commonlii-LKCA-1928-69,30 NLR 27,LKCA,1928,True,Adaicappa Chetty v. Perera Et Al,dismissed
commonlii-LKCA-1928-70,30 NLR 251,LKCA,1928,True,Arumugam Pulle v. Duraya,allowed
commonlii-LKCA-1928-71,30 NLR 257,LKCA,1928,True,De Zoysa v. Bandiya Et Al,dismissed
commonlii-LKCA-1928-73,24 NLR 508,LKCA,1928,True,Kahalid v. Pakeer,dismissed
commonlii-LKCA-1928-74,30 NLR 106,LKCA,1928,True,Segu Madar v. Howumma Et Al,dismissed
commonlii-LKCA-1928-75,30 NLR 100,LKCA,1928,True,Godage v. Dias,set-aside
commonlii-LKCA-1928-77,30 NLR 314,LKCA,1928,True,Abdul Aziz v. Thamby Appu Et Al,allowed
commonlii-LKCA-1928-78,29 NLR 509,LKCA,1928,True,Rajapakse v. Dassanayake,dismissed
commonlii-LKCA-1928-79,30 NLR 355,LKCA,1928,True,Punchi Banda v. Perera Et Al,dismissed
commonlii-LKCA-1928-82,30 NLR 247,LKCA,1928,True,Daniel Appuhamy v. Arnolis Appu,dismissed
commonlii-LKCA-1928-84,30 NLR 112,LKCA,1928,True,Selohamy v. Goonewardene,dismissed
commonlii-LKCA-1928-85,29 NLR 310,LKCA,1928,True,Silva v. Davith Et Al,dismissed
commonlii-LKCA-1928-9,26 NLR 65,LKCA,1928,True,Somethara Unnanse v. Samaliya,set-aside
commonlii-LKCA-1928-90,30 NLR 164,LKCA,1928,True,Umma Saloomar v. Hassim,dismissed
commonlii-LKCA-1928-92,29 NLR 337,LKCA,1928,True,Goonetileke v. Government Agent,dismissed
commonlii-LKCA-1928-93,30 NLR 56,LKCA,1928,True,Fernando Et Al. v. De Silva,allowed
commonlii-LKCA-1928-94,30 NLR 278,LKCA,1928,True,Saparamadu Appuhamy v. Anthony Pulle Et Al,
commonlii-LKCA-1928-95,29 NLR 301,LKCA,1928,True,Iya Mattayer v. Kanapathipillai,dismissed
commonlii-LKCA-1928-97,24 NLR 396,LKCA,1928,True,Hollandia and Anglo-Swiss Condensed Milk Co. v. The Nestle and Anglo-Swiss Condensed Milk,allowed
commonlii-LKCA-1928-98,30 NLR 86,LKCA,1928,True,Joseph Et Al. v. Maartensz Et Al,dismissed
commonlii-LKCA-1928-99,30 NLR 97,LKCA,1928,True,Rattaranhamy v. Appunaide Et Al,allowed
commonlii-LKCA-1929-10,35 NLR 133,LKCA,1929,True,Thornton Et Al. v. Emanuel Et Al,dismissed
commonlii-LKCA-1929-100,31 NLR 321,LKCA,1929,True,Karunaratne v. Commissioner of Stamps,allowed
commonlii-LKCA-1929-101,31 NLR 356,LKCA,1929,True,Eliyavan v. Velan,dismissed
commonlii-LKCA-1929-102,31 NLR 266,LKCA,1929,True,Francis Daniel David v. David,allowed
commonlii-LKCA-1929-103,31 NLR 257,LKCA,1929,True,Thamotheram v. Nagalingam,allowed
commonlii-LKCA-1929-104,31 NLR 55,LKCA,1929,True,"Hall v. Pelmadulla Valley Tea and Rubber Company, Limited",dismissed
commonlii-LKCA-1929-11,56 NLR 529,LKCA,1929,True,Herat v. Amunugama,allowed
commonlii-LKCA-1929-13,31 NLR 60,LKCA,1929,True,Doloswela Rubber & Tea Estate Co v. Swaris Appu Et Al,dismissed
commonlii-LKCA-1929-19,31 NLR 285,LKCA,1929,True,Annamalai Chetty v. Ludovici,allowed
commonlii-LKCA-1929-21,31 NLR 47,LKCA,1929,True,Sinnamy Aiyer v. Balampikai Amma,allowed
commonlii-LKCA-1929-22,30 NLR 426,LKCA,1929,True,Dharmadasa v. Abdul Cader,dismissed
commonlii-LKCA-1929-23,30 NLR 389,LKCA,1929,True,Tudawe v. Keppitigala Rubber Estate Co,dismissed
commonlii-LKCA-1929-24,31 NLR 161,LKCA,1929,True,Terunanse v. Terunanse,allowed
commonlii-LKCA-1929-25,31 NLR 177,LKCA,1929,True,Abeysekere v. Maraliya,
commonlii-LKCA-1929-32,31 NLR 168,LKCA,1929,True,Meis Singho v. Josie Perera,dismissed
commonlii-LKCA-1929-34,31 NLR 489,LKCA,1929,True,Perera v. Perera,set-aside
commonlii-LKCA-1929-35,30 NLR 305,LKCA,1929,True,Ukku Amma v. Punchi Ukku,allowed
commonlii-LKCA-1929-36,31 NLR 9,LKCA,1929,True,Goonewardene v. Goonewardene,dismissed
commonlii-LKCA-1929-38,30 NLR 435,LKCA,1929,True,Tikira v. Tikira,dismissed
commonlii-LKCA-1929-39,31 NLR 378,LKCA,1929,True,Walpola v. Cooke,dismissed
commonlii-LKCA-1929-40,30 NLR 345,LKCA,1929,True,Nugawela v. George,allowed
commonlii-LKCA-1929-45,30 NLR 479,LKCA,1929,True,King v. Heval,set-aside
commonlii-LKCA-1929-47,31 NLR 225,LKCA,1929,True,De Silva v. Isan Appu Et Al,dismissed
commonlii-LKCA-1929-48,31 NLR 73,LKCA,1929,True,Don v. Don,dismissed
commonlii-LKCA-1929-50,30 NLR 457,LKCA,1929,True,Shaw & Sons v. Suliman Et Al,dismissed
commonlii-LKCA-1929-51,30 NLR 244,LKCA,1929,True,James v. Daniel Et Al,allowed
commonlii-LKCA-1929-53,30 NLR 266,LKCA,1929,True,Carolis v. Simon Et Al,allowed
commonlii-LKCA-1929-54,31 NLR 196,LKCA,1929,True,Palipane v. Taldena,dismissed
commonlii-LKCA-1929-55,31 NLR 38,LKCA,1929,True,Markandan v. Aiyar,allowed
commonlii-LKCA-1929-56,31 NLR 129,LKCA,1929,True,Abdul Lebbe v. Abideen,allowed
commonlii-LKCA-1929-6,31 NLR 80,LKCA,1929,True,Commissioner of Stamps v. Banda,allowed
commonlii-LKCA-1929-64,31 NLR 327,LKCA,1929,True,Sockalingam Chetty v. Marakayar,dismissed
commonlii-LKCA-1929-65,30 NLR 462,LKCA,1929,True,Elwes v. Van Starrex,dismissed
commonlii-LKCA-1929-66,31 NLR 28,LKCA,1929,True,Lebbe v. Banda,allowed
commonlii-LKCA-1929-69,31 NLR 241,LKCA,1929,True,Stewart Et Al. v. Senanayake,dismissed
commonlii-LKCA-1929-7,31 NLR 172,LKCA,1929,True,Kandiah v. Karthigesu,
commonlii-LKCA-1929-71,31 NLR 296,LKCA,1929,True,Selvathurai v. Somasunderam,allowed
commonlii-LKCA-1929-75,30 NLR 498,LKCA,1929,True,Ahamath Et Al. v. Sariffa Umma,dismissed
commonlii-LKCA-1929-76,31 NLR 237,LKCA,1929,True,Maricar v. Umma,dismissed
commonlii-LKCA-1929-78,31 NLR 193,LKCA,1929,True,De Silva v. Lokuhamy,allowed
commonlii-LKCA-1929-79,31 NLR 107,LKCA,1929,True,Fernando v. Fernando,allowed
commonlii-LKCA-1929-80,31 NLR 236,LKCA,1929,True,Perera v. Isabel Hamy,allowed
commonlii-LKCA-1929-81,30 NLR 289,LKCA,1929,True,Aratchillagey Appuhamy v. Tikiri Naide Et Al,allowed
commonlii-LKCA-1929-83,30 NLR 492,LKCA,1929,True,Vyramuttu Et Al. v. Periyatamby Et Al,allowed
commonlii-LKCA-1929-84,30 NLR 468,LKCA,1929,True,Gunasekera v. Rodrigo Et Al,allowed
commonlii-LKCA-1929-86,30 NLR 417,LKCA,1929,True,"Gordon & Gotch, Ltd. v. Rodrigo Et Al",dismissed
commonlii-LKCA-1929-87,30 NLR 421,LKCA,1929,True,De Alwis v. Appuhamy,remitted
commonlii-LKCA-1929-9,31 NLR 220,LKCA,1929,True,Nonohamy v. Punchihamy,allowed
commonlii-LKCA-1929-91,30 NLR 328,LKCA,1929,True,Wijyetilleke v. Ranasinghe,allowed
commonlii-LKCA-1929-94,30 NLR 317,LKCA,1929,True,De Silva Et Al. v. Wagapadigedera,dismissed
commonlii-LKCA-1929-96,31 NLR 126,LKCA,1929,True,Fernando v. Fernando,dismissed
commonlii-LKCA-1930-13,31 NLR 385,LKCA,1930,True,Adaicappa Chetty v. Thos. Cook & Son,allowed
commonlii-LKCA-1930-14,31 NLR 366,LKCA,1930,True,"Municipal Council, Kandy v. Abeyesekere",dismissed
commonlii-LKCA-1930-16,32 NLR 241,LKCA,1930,True,Gunananda v. Deepalankara,dismissed
commonlii-LKCA-1930-19,31 NLR 426,LKCA,1930,True,Allis Appu v. Anderson,allowed
commonlii-LKCA-1930-20,31 NLR 438,LKCA,1930,True,Daniel v. Rasiah,dismissed
commonlii-LKCA-1930-25,32 NLR 107,LKCA,1930,True,Muttuwa v. Silva Et Al,allowed
commonlii-LKCA-1930-34,31 NLR 270,LKCA,1930,True,Somasunderam Chetty Et Al. v. Vander Poorten,allowed
commonlii-LKCA-1930-40,32 NLR 74,LKCA,1930,True,Udalagama v. Tikiri Banda,allowed
commonlii-LKCA-1930-41,32 NLR 69,LKCA,1930,True,Waas v. Perera Et Al,dismissed
commonlii-LKCA-1930-43,32 NLR 19,LKCA,1930,True,Carthelis Et Al. v. Perera Et Al,dismissed
commonlii-LKCA-1930-45,32 NLR 97,LKCA,1930,True,Senaratne Et Al. v. Nandias Silva,allowed
commonlii-LKCA-1930-46,32 NLR 28,LKCA,1930,True,De Silva Et Al. v. Rodrigue Et Al,remitted
commonlii-LKCA-1930-47,32 NLR 105,LKCA,1930,True,Griaux v. Jayawardene,allowed
commonlii-LKCA-1930-48,32 NLR 98,LKCA,1930,True,Gurusingha Hamine v. Pathumma Natchiya Et Al,dismissed
commonlii-LKCA-1930-49,32 NLR 155,LKCA,1930,True,Sitty Naima v. Gany Bawa,dismissed
commonlii-LKCA-1930-5,32 NLR 49,LKCA,1930,True,"The Hon, the Attorney General v. Mount",
commonlii-LKCA-1930-53,31 NLR 413,LKCA,1930,True,Dorasamy v. Fernando,dismissed
commonlii-LKCA-1930-55,31 NLR 353,LKCA,1930,True,Dharmasena v. Lewis Et Al,dismissed
commonlii-LKCA-1930-56,32 NLR 41,LKCA,1930,True,Tucker v. Appuhamy,dismissed
commonlii-LKCA-1930-59,31 NLR 333,LKCA,1930,True,Muttiah v. Podisingho Appuhamy,dismissed
commonlii-LKCA-1930-60,32 NLR 10,LKCA,1930,True,Usoof Ismail v. Mohamed Zair,allowed
commonlii-LKCA-1930-61,32 NLR 117,LKCA,1930,True,King v. Perera,dismissed
commonlii-LKCA-1930-62,31 NLR 319,LKCA,1930,True,Feron v. Ismail Lebbe Marikar,allowed
commonlii-LKCA-1930-63,32 NLR 211,LKCA,1930,True,Mailvaganam v. Kandiah,allowed
commonlii-LKCA-1930-64,32 NLR 289,LKCA,1930,True,Danoris v. Basnayake Et Al,allowed
commonlii-LKCA-1930-65,31 NLR 478,LKCA,1930,True,Ran Naide v. Punchi Banda,set-aside
commonlii-LKCA-1930-67,32 NLR 331,LKCA,1930,True,Caroline v. Eddie Et Al,
commonlii-LKCA-1930-7,32 NLR 61,LKCA,1930,True,Mohamadu v. Jamis Baas,allowed
commonlii-LKCA-1930-70,32 NLR 35,LKCA,1930,True,Thamboo v. Philippu Pillai Et Al,allowed
commonlii-LKCA-1930-71,32 NLR 145,LKCA,1930,True,Eminona v. Mohideen Et Al,allowed
commonlii-LKCA-1930-72,31 NLR 481,LKCA,1930,True,Grigoris v. Arnolis,allowed
commonlii-LKCA-1930-73,31 NLR 338,LKCA,1930,True,Samichiappu v. Don Swaris Appuhamy,set-aside
commonlii-LKCA-1930-75,32 NLR 166,LKCA,1930,True,Fernando Et Al. v. Dona Maria Et Al,allowed
commonlii-LKCA-1930-76,32 NLR 44,LKCA,1930,True,Suppu Namasivayam v. Kanapathipillai,dismissed
commonlii-LKCA-1930-79,32 NLR 81,LKCA,1930,True,Silva v. Salo Nona Et Al,set-aside
commonlii-LKCA-1930-80,36 NLR 145,LKCA,1930,True,Tarrant Et Al. v. Marikar,dismissed
commonlii-LKCA-1932-1,35 NLR 92,LKCA,1932,True,Dias v. Kachinona,allowed
commonlii-LKCA-1932-10,33 NLR 249,LKCA,1932,True,Hong Kong and Shanghai Bank Et Al. v. Krishnapillai,allowed
commonlii-LKCA-1932-11,34 NLR 252,LKCA,1932,True,Rantebe v. Peiris Silva,allowed
commonlii-LKCA-1932-12,34 NLR 348,LKCA,1932,True,Terunnanse v. Don Aron Et Al,dismissed
commonlii-LKCA-1932-13,33 NLR 319,LKCA,1932,True,Sokalingam Chettiar v. Ramanayake Et. Al,allowed
commonlii-LKCA-1932-14,33 NLR 358,LKCA,1932,True,Bank of Chettinad v. Palmadan Chetty,allowed
commonlii-LKCA-1932-15,34 NLR 238,LKCA,1932,True,Hussan v. Peiris Et Al,allowed
commonlii-LKCA-1932-19,34 NLR 108,LKCA,1932,True,Dias Et Al. v. Silva,dismissed
commonlii-LKCA-1932-20,34 NLR 266,LKCA,1932,True,"Waharaka Investment Co., Ltd. v. Commissioner of Stamps",allowed
commonlii-LKCA-1932-21,34 NLR 344,LKCA,1932,True,Jinadasa v. Silva,dismissed
commonlii-LKCA-1932-22,34 NLR 169,LKCA,1932,True,Vaitalingham v. Holland Colombo Trading Society,dismissed
commonlii-LKCA-1932-25,33 NLR 200,LKCA,1932,True,Jandiris Et Al. v. Deve Renta Et Al,allowed
commonlii-LKCA-1932-26,34 NLR 225,LKCA,1932,True,King v. Godamune,
commonlii-LKCA-1932-27,34 NLR 188,LKCA,1932,True,De Silva v. Senaratne,dismissed
commonlii-LKCA-1932-3,34 NLR 328,LKCA,1932,True,Abraham Singho v. Harmanis Appu,set-aside
commonlii-LKCA-1932-31,34 NLR 179,LKCA,1932,True,Mohamed v. Asiya Umma,allowed
commonlii-LKCA-1932-32,33 NLR 379,LKCA,1932,True,Mohamed Sheriff v. Muttu Natchia,
commonlii-LKCA-1932-33,34 NLR 82,LKCA,1932,True,Amarasekere v. Podi Menika Et Al,set-aside
commonlii-LKCA-1932-34,34 NLR 111,LKCA,1932,True,"Chairman , M.C., Colombo v. Abdul Rahim",dismissed
commonlii-LKCA-1932-35,34 NLR 198,LKCA,1932,True,Ismail v. Marikar,dismissed
commonlii-LKCA-1932-36,34 NLR 69,LKCA,1932,True,Kirthiratne v. Salgado,dismissed
commonlii-LKCA-1932-37,33 NLR 265,LKCA,1932,True,Kusmawathi Et Al. v. Weerasinghe,dismissed
commonlii-LKCA-1932-38,34 NLR 46,LKCA,1932,True,Udumalevvai Et Al v. Mustapha,dismissed
commonlii-LKCA-1932-4,42 NLR 226,LKCA,1932,True,De Silva v. Jayakoddy,allowed
commonlii-LKCA-1932-42,34 NLR 147,LKCA,1932,True,In Re De Saram,allowed
commonlii-LKCA-1932-44,37 NLR 29,LKCA,1932,True,Raman Chetty v. Allopatham Et Al,allowed
commonlii-LKCA-1932-48,34 NLR 89,LKCA,1932,True,Chelliah Et Al. v. Kuttapitiye Tea and Rubber Co,allowed
commonlii-LKCA-1932-49,34 NLR 379,LKCA,1932,True,Ranhami Et Al v. Kirihami Et Al,allowed
commonlii-LKCA-1932-50,41 NLR 49,LKCA,1932,True,Ramalingam Chettiar v. Mohamed Adjwad Et Al,set-aside
commonlii-LKCA-1932-52,34 NLR 145,LKCA,1932,True,Silva Et Al v. Silva,dismissed
commonlii-LKCA-1932-53,34 NLR 106,LKCA,1932,True,Ramanathan Chettiar v. Kurera Et Al,dismissed
commonlii-LKCA-1932-54,33 NLR 313,LKCA,1932,True,Fernando v. Fernando,allowed
commonlii-LKCA-1932-55,33 NLR 361,LKCA,1932,True,Sangaramorthy Et Al. v. Candappa Et Al,dismissed
commonlii-LKCA-1932-56,34 NLR 57,LKCA,1932,True,Sahul Hamid v. Mohideen Nachiya,dismissed
commonlii-LKCA-1932-57,34 NLR 176,LKCA,1932,True,De Silva v. Odiris,allowed
commonlii-LKCA-1932-58,36 NLR 33,LKCA,1932,True,Mudalihamy v. Appuhamy,dismissed
commonlii-LKCA-1932-59,33 NLR 346,LKCA,1932,True,Fernando v. Senerat,dismissed
commonlii-LKCA-1932-6,34 NLR 193,LKCA,1932,True,Cader v. Fernando,dismissed
commonlii-LKCA-1932-60,34 NLR 262,LKCA,1932,True,Bandara v. Punchi Banda,dismissed
commonlii-LKCA-1932-61,34 NLR 191,LKCA,1932,True,Sabapathy v. Velupillai,allowed
commonlii-LKCA-1932-66,34 NLR 37,LKCA,1932,True,Sinniah v. Eliakutty,allowed
commonlii-LKCA-1932-67,34 NLR 113,LKCA,1932,True,De Silva v. Nonohamy Et Al,
commonlii-LKCA-1932-69,35 NLR 105,LKCA,1932,True,Kandappa v. Arupalavanam Et Al,allowed
commonlii-LKCA-1932-71,35 NLR 154,LKCA,1932,True,Fernando v. Fernando,allowed
commonlii-LKCA-1932-8,34 NLR 219,LKCA,1932,True,Hoare & Co. v. Rajaratnam,allowed
commonlii-LKCA-1932-9,34 NLR 139,LKCA,1932,True,Bartlett v. Rengasamy,dismissed
commonlii-LKCA-1933-10,35 NLR 157,LKCA,1933,True,Hayley Et Al. v. Nugawela,allowed
commonlii-LKCA-1933-12,35 NLR 190,LKCA,1933,True,The Bank of Chettinad. Ltd. v. Thambiah Et Al,dismissed
commonlii-LKCA-1933-13,35 NLR 145,LKCA,1933,True,Strong v. Marikar,dismissed
commonlii-LKCA-1933-14,35 NLR 94,LKCA,1933,True,Brooke Bond v. De Silva,allowed
commonlii-LKCA-1933-15,35 NLR 183,LKCA,1933,True,Perera v. Wickremaratne Et At,allowed
commonlii-LKCA-1933-17,34 NLR 296,LKCA,1933,True,Silva v. Caruppen Chettiar,dismissed
commonlii-LKCA-1933-19,36 NLR 30,LKCA,1933,True,Charles v. Themanis Et Al,set-aside
commonlii-LKCA-1933-20,35 NLR 221,LKCA,1933,True,Emee Nona v. Winson,allowed
commonlii-LKCA-1933-24,35 NLR 1,LKCA,1933,True,Kannangara v. Silva Et Al,allowed
commonlii-LKCA-1933-25,34 NLR 438,LKCA,1933,True,Paulusz v. Perera,set-aside
commonlii-LKCA-1933-26,35 NLR 331,LKCA,1933,True,Ismail v. Mohamed,allowed
commonlii-LKCA-1933-27,35 NLR 57,LKCA,1933,True,Sultan v. Peiris,
commonlii-LKCA-1933-29,55 NLR 481,LKCA,1933,True,"Attorney General v. Ramaswamy Iyengar, V",dismissed
commonlii-LKCA-1933-3,41 NLR 37,LKCA,1933,True,De Silva v. Rambukpota,dismissed
commonlii-LKCA-1933-30,35 NLR 393,LKCA,1933,True,Commissioner of Stamps v. Logan Et Al,allowed
commonlii-LKCA-1933-32,35 NLR 246,LKCA,1933,True,Pate v. Perera Et Al,allowed
commonlii-LKCA-1933-33,34 NLR 257,LKCA,1933,True,Sekappa Chetty Et Al. v. Murugappa Chetty Et Al,dismissed
commonlii-LKCA-1933-36,35 NLR 119,LKCA,1933,True,Newnham v. Gomis,dismissed
commonlii-LKCA-1933-4,35 NLR 257,LKCA,1933,True,Perera v. Tissera Et Al,allowed
commonlii-LKCA-1933-40,39 NLR 77,LKCA,1933,True,Wright v. Munasinghe Et Al,allowed
commonlii-LKCA-1933-41,35 NLR 352,LKCA,1933,True,Carron v. Fernando Et Al,dismissed
commonlii-LKCA-1933-42,35 NLR 337,LKCA,1933,True,Mohamadu v. Dingiri Menike Et Al,allowed
commonlii-LKCA-1933-43,35 NLR 179,LKCA,1933,True,Mudiyanse v. Punchimenika Et Al,set-aside
commonlii-LKCA-1933-44,35 NLR 31,LKCA,1933,True,Sangarapillai v. Devarajah Mudaliyar,dismissed
commonlii-LKCA-1933-45,35 NLR 309,LKCA,1933,True,Goonesekere v. Ramapillai,allowed
commonlii-LKCA-1933-47,35 NLR 417,LKCA,1933,True,"Ceylon Exports, Ltd. v. Abeysundere",allowed
commonlii-LKCA-1933-5,35 NLR 255,LKCA,1933,True,Ramanathan Chettiar v. Ratnasingham,allowed
commonlii-LKCA-1933-50,35 NLR 389,LKCA,1933,True,Motte v. Ayideen,set-aside
commonlii-LKCA-1933-51,36 NLR 196,LKCA,1933,True,Majeeda v. Paramanayagam,dismissed
commonlii-LKCA-1933-53,35 NLR 323,LKCA,1933,True,Charles Appu v. Dias Abeysinghe,dismissed
commonlii-LKCA-1933-54,35 NLR 243,LKCA,1933,True,Seeman Pillai v. Sadanathakurukal,
commonlii-LKCA-1933-55,35 NLR 404,LKCA,1933,True,Vythiampillai v. Sadanatha,allowed
commonlii-LKCA-1933-57,37 NLR 91,LKCA,1933,True,Deutrom v. Deutrom Et Al,dismissed
commonlii-LKCA-1933-58,35 NLR 372,LKCA,1933,True,Tikiri Menika v. Louisa Alwis,dismissed
commonlii-LKCA-1933-60,35 NLR 33,LKCA,1933,True,Sockalingam Chettiar Et Al. v. Ramanayake Et Al,allowed
commonlii-LKCA-1933-61,35 NLR 239,LKCA,1933,True,Vellasamy Pulle v. Mohideen,dismissed
commonlii-LKCA-1933-62,35 NLR 369,LKCA,1933,True,Jayasinghe v. Jayatileke,allowed
commonlii-LKCA-1933-63,35 NLR 89,LKCA,1933,True,Chettiar v. Coonghe,allowed
commonlii-LKCA-1933-64,35 NLR 302,LKCA,1933,True,Phipps v. Bracegyrdle,set-aside
commonlii-LKCA-1933-66,35 NLR 313,LKCA,1933,True,Avitchy Chettiar v. Rasamma,allowed
commonlii-LKCA-1933-8,35 NLR 329,LKCA,1933,True,Appuhamy v. Appuhamy,allowed
commonlii-LKCA-1933-9,35 NLR 321,LKCA,1933,True,Alvarappa Pillal v. Perera,allowed
commonlii-LKCA-1934-1,36 NLR 105,LKCA,1934,True,Selvadurai v. Tambiah Et Al,allowed
commonlii-LKCA-1934-10,37 NLR 393,LKCA,1934,True,The Ceylon Turf Club v. The Colombo Municipal Council,dismissed
commonlii-LKCA-1934-11,36 NLR 422,LKCA,1934,True,Sadhananda Terunanse v. Sumanatissa Et Al,allowed
commonlii-LKCA-1934-14,35 NLR 342,LKCA,1934,True,Kailasan Pillai v. Palaniappa Chettiar,allowed
commonlii-LKCA-1934-2,41 NLR 265,LKCA,1934,True,Thamotherampillai v. Kanapathipillai,allowed
commonlii-LKCA-1934-22,36 NLR 337,LKCA,1934,True,Thevagnanasekaram v. Kuppammal Et Al,dismissed
commonlii-LKCA-1934-26,36 NLR 57,LKCA,1934,True,De Silva v. King,dismissed
commonlii-LKCA-1934-27,36 NLR 124,LKCA,1934,True,Fradd v. Fernando,allowed
commonlii-LKCA-1934-29,36 NLR 191,LKCA,1934,True,Perera Et Al. v. Peiris Et Al,dismissed
commonlii-LKCA-1934-32,36 NLR 390,LKCA,1934,True,Murugiah v. Bastian Fernando,set-aside
commonlii-LKCA-1934-35,36 NLR 122,LKCA,1934,True,Gunadasa v. Appuhamy Et Al,allowed
commonlii-LKCA-1934-36,36 NLR 400,LKCA,1934,True,Sundra Ammal v. Jusey Appu,allowed
commonlii-LKCA-1934-37,36 NLR 139,LKCA,1934,True,Weeraratne Et Al. v. Abeywardene,set-aside
commonlii-LKCA-1934-38,36 NLR 367,LKCA,1934,True,Neiyappa Chettiar v. Seyadu Lebbe Et Al,dismissed
commonlii-LKCA-1934-39,38 NLR 71,LKCA,1934,True,Nagoor Pitche v. Kawala Umma,dismissed
commonlii-LKCA-1934-4,36 NLR 281,LKCA,1934,True,Sethukavalar v. Alvapillai,dismissed
commonlii-LKCA-1934-40,36 NLR 113,LKCA,1934,True,Punchi Appuhamy v. Dharmaratne,set-aside
commonlii-LKCA-1934-41,36 NLR 137,LKCA,1934,True,Punchimenika v. Ukku Banda,dismissed
commonlii-LKCA-1934-42,36 NLR 110,LKCA,1934,True,Sockalingam Chettiar Et Al. v. Wijeygunawardene,dismissed
commonlii-LKCA-1934-43,35 NLR 289,LKCA,1934,True,Subasinghe Et Al. v. Palaniappa Pillai,dismissed
commonlii-LKCA-1934-44,36 NLR 18,LKCA,1934,True,Bennett v. De Saram,dismissed
commonlii-LKCA-1934-45,36 NLR 322,LKCA,1934,True,Uparis Et Al. v. Robert Et Al,allowed
commonlii-LKCA-1934-47,36 NLR 54,LKCA,1934,True,Don David v. Don Simon,dismissed
commonlii-LKCA-1934-48,35 NLR 211,LKCA,1934,True,Eliyatamby Et Al. v. Kanapathy Veeragathie,set-aside
commonlii-LKCA-1934-49,36 NLR 38,LKCA,1934,True,Umma Sheefa v. Colombo Municipal Council,allowed
commonlii-LKCA-1934-5,36 NLR 326,LKCA,1934,True,Jayawardene v. Abdul Cader,set-aside
commonlii-LKCA-1934-50,37 NLR 141,LKCA,1934,True,Punchi Appu v. Aralis Appu Et Al,allowed
commonlii-LKCA-1934-51,36 NLR 132,LKCA,1934,True,Fradd v. Fernando,
commonlii-LKCA-1934-52,36 NLR 169,LKCA,1934,True,Assen Cutty v. Brooke Bond,set-aside
commonlii-LKCA-1934-54,36 NLR 404,LKCA,1934,True,Thevagnanasekaram v. Kuppammal Et Al,
commonlii-LKCA-1934-58,37 NLR 51,LKCA,1934,True,Ibrahim v. Hong Kong and Shanghai Bank,dismissed
commonlii-LKCA-1934-60,36 NLR 330,LKCA,1934,True,Thamboo v. Annammah Et Al,allowed
commonlii-LKCA-1934-61,36 NLR 267,LKCA,1934,True,Tikiri Appu v. Dingirala,dismissed
commonlii-LKCA-1934-62,41 NLR 82,LKCA,1934,True,Bartleet & Co. v. Commissioner of Stamps,dismissed
commonlii-LKCA-1934-63,35 NLR 306,LKCA,1934,True,Ameresinghe v. Perera,dismissed
commonlii-LKCA-1934-66,36 NLR 208,LKCA,1934,True,Selliah Pillai v. Rupasinghe,allowed
commonlii-LKCA-1934-68,(1996) 2 Sri LR 320,LKCA,1934,True,Luwis Singho and Others v. Ponnamperuma,dismissed
commonlii-LKCA-1935-1,37 NLR 165,LKCA,1935,True,De Silva v. Juwa,dismissed
commonlii-LKCA-1935-11,37 NLR 263,LKCA,1935,True,Arunachalam Chettiar v. Ramanathan Chettiar,allowed
commonlii-LKCA-1935-12,37 NLR 250,LKCA,1935,True,Perera Et Al v. Toussaint,allowed
commonlii-LKCA-1935-13,29 NLR 225,LKCA,1935,True,Annamalay Chetty v. Thronhill,
commonlii-LKCA-1935-16,37 NLR 376,LKCA,1935,True,Hadjiar Et Al v. Kuddoos Et Al,set-aside
commonlii-LKCA-1935-18,37 NLR 310,LKCA,1935,True,Pandithan Chettiar v. Singhappuhamy,dismissed
commonlii-LKCA-1935-19,38 NLR 51,LKCA,1935,True,Pedrick v. Kitchil,dismissed
commonlii-LKCA-1935-2,36 NLR 358,LKCA,1935,True,Annamaly Chettiar v. Thronhill,dismissed
commonlii-LKCA-1935-20,37 NLR 163,LKCA,1935,True,Pereira v. Aboothahir,set-aside
commonlii-LKCA-1935-23,37 NLR 319,LKCA,1935,True,Saibo Et Al. v. Abuthahir Et Al,dismissed
commonlii-LKCA-1935-27,37 NLR 245,LKCA,1935,True,Silva v. Ratnayake,dismissed
commonlii-LKCA-1935-28,37 NLR 286,LKCA,1935,True,Ambalavanar v. Kurunathan,allowed
commonlii-LKCA-1935-3,37 NLR 89,LKCA,1935,True,Arunachalam Chettiar v. Ramanathan Chettiar,dismissed
commonlii-LKCA-1935-30,37 NLR 388,LKCA,1935,True,Silva v. Silva,allowed
commonlii-LKCA-1935-31,37 NLR 270,LKCA,1935,True,Siri Kantha Et Al v. Thiagarajah,dismissed
commonlii-LKCA-1935-34,37 NLR 381,LKCA,1935,True,Soosaipillai v. Vaitalingam Et Al,dismissed
commonlii-LKCA-1935-35,37 NLR 157,LKCA,1935,True,Perera v. Silva,allowed
commonlii-LKCA-1935-36,38 NLR 416,LKCA,1935,True,Punchisingho v. De Silva,dismissed
commonlii-LKCA-1935-38,36 NLR 445,LKCA,1935,True,Ramanathan Chettiar v. Ibrahim Et Al,set-aside
commonlii-LKCA-1935-39,37 NLR 70,LKCA,1935,True,Sabapathy v. Mohamed Yoosoof Et Al,dismissed
commonlii-LKCA-1935-40,41 NLR 182,LKCA,1935,True,Dharmawardene v. Abeywardene,allowed
commonlii-LKCA-1935-41,37 NLR 198,LKCA,1935,True,Muhseen Et Al. v. Habeeb Et Al,dismissed
commonlii-LKCA-1935-44,37 NLR 229,LKCA,1935,True,Samarasinghe v. Wickremesinghe,dismissed
commonlii-LKCA-1935-45,36 NLR 442,LKCA,1935,True,Thambirajah v. Sinnamma Et Al,set-aside
commonlii-LKCA-1935-49,37 NLR 1,LKCA,1935,True,Noor Umma v. Abdul Hameed,dismissed
commonlii-LKCA-1935-5,42 NLR 344,LKCA,1935,True,Perera v. Perera Et Al,set-aside
commonlii-LKCA-1935-51,36 NLR 369,LKCA,1935,True,Marshall v. Seneviratne,dismissed
commonlii-LKCA-1935-57,37 NLR 304,LKCA,1935,True,Dias v. Fernando,dismissed
commonlii-LKCA-1935-58,37 NLR 179,LKCA,1935,True,Wijewardene v. Peiris Et Al,dismissed
commonlii-LKCA-1935-59,36 NLR 393,LKCA,1935,True,De Silva v. Commissioner of Stamps,dismissed
commonlii-LKCA-1935-61,42 NLR 19,LKCA,1935,True,Kandasamy Pillai v. Selvadurai,allowed
commonlii-LKCA-1935-9,37 NLR 109,LKCA,1935,True,Piyaratne Unanse v. Nandina,set-aside
commonlii-LKCA-1936-11,38 NLR 162,LKCA,1936,True,"Nadarajah v. H. Don Carolis & Sons, Ltd",dismissed
commonlii-LKCA-1936-14,38 NLR 385,LKCA,1936,True,Kumarihamy v. Punchi Menika,dismissed
commonlii-LKCA-1936-16,38 NLR 264,LKCA,1936,True,Ameen v. Patimuttu,dismissed
commonlii-LKCA-1936-19,37 NLR 345,LKCA,1936,True,Kumarihamy v. Dissanayake Et Al,allowed
commonlii-LKCA-1936-22,38 NLR 92,LKCA,1936,True,Vengadasalam Chetty v. Ana Fernando,set-aside
commonlii-LKCA-1936-23,41 NLR 547,LKCA,1936,True,Vanderlan Et Al. v. Vanderlan,dismissed
commonlii-LKCA-1936-24,38 NLR 84,LKCA,1936,True,Gunatileke v. The Municipal Council Colombo,dismissed
commonlii-LKCA-1936-27,38 NLR 430,LKCA,1936,True,"The Times of Ceylon Company, Ltd. v. The Attorney General",dismissed
commonlii-LKCA-1936-28,38 NLR 225,LKCA,1936,True,Wickremesinghe v. Seneviratne,allowed
commonlii-LKCA-1936-30,39 NLR 135,LKCA,1936,True,Jayawardene Et Al. v. Jayawardene,allowed
commonlii-LKCA-1936-31,38 NLR 271,LKCA,1936,True,Kalenderumma v. Marikar Et Al,allowed
commonlii-LKCA-1936-32,38 NLR 201,LKCA,1936,True,Peria Karuppan Chettiar v. Commisioner of Stamps,dismissed
commonlii-LKCA-1936-33,38 NLR 79,LKCA,1936,True,Baby Nona v. Carolis Appuhamy,dismissed
commonlii-LKCA-1936-34,38 NLR 165,LKCA,1936,True,Pedrick Appuhamy v. Ekman Singho Et Al,allowed
commonlii-LKCA-1936-36,38 NLR 333,LKCA,1936,True,Mather v. Somasunderam Et Al,dismissed
commonlii-LKCA-1936-4,39 NLR 464,LKCA,1936,True,Vellupillai v. The Chairman Urban District Council,allowed
commonlii-LKCA-1936-40,38 NLR 405,LKCA,1936,True,Almeida v. Amit,dismissed
commonlii-LKCA-1936-44,39 NLR 153,LKCA,1936,True,"Saibo v. New India Insurance Co., Ltd",
commonlii-LKCA-1936-45,38 NLR 295,LKCA,1936,True,Silva v. Leiris Appu,dismissed
commonlii-LKCA-1936-47,38 NLR 37,LKCA,1936,True,Zainabu Natchia v. Usuf Mohamadu,dismissed
commonlii-LKCA-1936-48,38 NLR 410,LKCA,1936,True,Sinnapodian v. Muttan Et Al,allowed
commonlii-LKCA-1936-49,38 NLR 57,LKCA,1936,True,Murugappa Chetty v. Alpisingho Et Al,allowed
commonlii-LKCA-1936-5,41 NLR 466,LKCA,1936,True,Fernando v. Coomaraswamy,dismissed
commonlii-LKCA-1936-50,38 NLR 125,LKCA,1936,True,Ukkuwa v. Fernando,
commonlii-LKCA-1936-51,41 NLR 361,LKCA,1936,True,De Silva Et Al. v. De Silva,dismissed
commonlii-LKCA-1936-52,37 NLR 433,LKCA,1936,True,Silva v. Silva,allowed
commonlii-LKCA-1936-55,38 NLR 1,LKCA,1936,True,Sangarapillai v. Devaraja Mudaliyar Et Al,dismissed
commonlii-LKCA-1936-56,38 NLR 33,LKCA,1936,True,Kadappa Chettiar v. Ramanayake Et Al,allowed
commonlii-LKCA-1936-57,37 NLR 369,LKCA,1936,True,"Kegalla, A.G.A. v. Wijewardene Et Al",allowed
commonlii-LKCA-1936-58,39 NLR 43,LKCA,1936,True,Arunachalam Chettiar v. Paulis Appuhamy,set-aside
commonlii-LKCA-1936-60,38 NLR 96,LKCA,1936,True,Ponniah Et Al. v. Jameel Et Al,allowed
commonlii-LKCA-1936-61,42 NLR 422,LKCA,1936,True,Daniel v. Cooray,allowed
commonlii-LKCA-1936-62,38 NLR 111,LKCA,1936,True,Fernando v. Babanissa Et Al,allowed
commonlii-LKCA-1936-63,38 NLR 150,LKCA,1936,True,Peiris v. Weerasekere,allowed
commonlii-LKCA-1936-64,39 NLR 259,LKCA,1936,True,Salee Et Al. v. Natchia Et Al,
commonlii-LKCA-1936-65,42 NLR 12,LKCA,1936,True,Fernando v. Fernando Et Al,dismissed
commonlii-LKCA-1936-69,38 NLR 308,LKCA,1936,True,Sadirisa v. Attadasi Thero,allowed
commonlii-LKCA-1936-72,38 NLR 403,LKCA,1936,True,Karunaratne v. Inhabitants of Mampe,allowed
commonlii-LKCA-1936-74,39 NLR 255,LKCA,1936,True,Paiva v. Marikar Et Al,allowed
commonlii-LKCA-1936-8,39 NLR 19,LKCA,1936,True,Letchiman v. Murugappa Chettiar,allowed
commonlii-LKCA-1937-1,39 NLR 489,LKCA,1937,True,Chithrapoopalapillai v. Chinniah Et Al,allowed
commonlii-LKCA-1937-11,39 NLR 45,LKCA,1937,True,John Appuhamy v. William Appuhamy,allowed
commonlii-LKCA-1937-14,39 NLR 251,LKCA,1937,True,Sumanatissa v. Guneratne,allowed
commonlii-LKCA-1937-15,39 NLR 430,LKCA,1937,True,Dhammasiri Therunnanse v. Sudiranando Therunnanse,dismissed
commonlii-LKCA-1937-17,39 NLR 236,LKCA,1937,True,Piyaratne Unnanse v. Sonuththara Unnanse,allowed
commonlii-LKCA-1937-18,38 NLR 420,LKCA,1937,True,Mohamed Lebbe v. Cader Lebbe,dismissed
commonlii-LKCA-1937-2,39 NLR 164,LKCA,1937,True,Julius Et Al v. Podisingho Et Al,allowed
commonlii-LKCA-1937-20,41 NLR 201,LKCA,1937,True,De Silva v. Kanakeratne,allowed
commonlii-LKCA-1937-21,41 NLR 320,LKCA,1937,True,Dias v. Silva,allowed
commonlii-LKCA-1937-22,39 NLR 145,LKCA,1937,True,Fernando Et Al. v. Fernando,allowed
commonlii-LKCA-1937-23,41 NLR 18,LKCA,1937,True,Hendrick v. Habbakkala,allowed
commonlii-LKCA-1937-27,39 NLR 143,LKCA,1937,True,Thangamma v. Nagalingam,allowed
commonlii-LKCA-1937-28,39 NLR 5,LKCA,1937,True,Vanderpoorten v. Peiris,allowed
commonlii-LKCA-1937-3,40 NLR 572,LKCA,1937,True,Chelliah Et Al. v. Sinnatamby Et Al,dismissed
commonlii-LKCA-1937-30,39 NLR 316,LKCA,1937,True,Muthaliph v. Mansoor Et Al,dismissed
commonlii-LKCA-1937-33,39 NLR 25,LKCA,1937,True,Wimalasekere v. Dingirimahatmaya Et Al,set-aside
commonlii-LKCA-1937-34,39 NLR 478,LKCA,1937,True,Wickremanayake v. John Appuhamy,dismissed
commonlii-LKCA-1937-36,39 NLR 97,LKCA,1937,True,"Hull,Blyth &Co. v. Valiappa Chettiar",allowed
commonlii-LKCA-1937-37,40 NLR 427,LKCA,1937,True,Coomaraswamy v. Fernando,dismissed
commonlii-LKCA-1937-39,39 NLR 325,LKCA,1937,True,Saminathan Pillai v. Dingiri Amma Et Al,allowed
commonlii-LKCA-1937-4,40 NLR 65,LKCA,1937,True,Avichchy Chettiar v. Perera,allowed
commonlii-LKCA-1937-42,39 NLR 275,LKCA,1937,True,Karunanayake v. Karunanayake,set-aside
commonlii-LKCA-1937-43,39 NLR 544,LKCA,1937,True,Kanapathipillai v. Kasinather Et Al,allowed
commonlii-LKCA-1937-44,40 NLR 47,LKCA,1937,True,Sivarasipillai v. Anthonypillai,allowed
commonlii-LKCA-1937-46,39 NLR 49,LKCA,1937,True,Martin Et Al. v. Commissioner of Stamp,allowed
commonlii-LKCA-1937-47,38 NLR 313,LKCA,1937,True,"Ramaswamy Chettiar, N. v. The Attorney General",dismissed
commonlii-LKCA-1937-48,39 NLR 175,LKCA,1937,True,Samarasinghe v. Secretary District Court Matara,allowed
commonlii-LKCA-1937-50,39 NLR 249,LKCA,1937,True,Menchina Hamine v. James Appu,allowed
commonlii-LKCA-1937-51,40 NLR 549,LKCA,1937,True,Iragunather Et Al. v. Ammal,allowed
commonlii-LKCA-1937-53,41 NLR 275,LKCA,1937,True,Cassim v. Suppiah Pulle,allowed
commonlii-LKCA-1937-55,40 NLR 7,LKCA,1937,True,De Silva v. De Alwis,dismissed
commonlii-LKCA-1937-6,39 NLR 416,LKCA,1937,True,Jury v. Attorney General Et Al,affirmed
commonlii-LKCA-1937-60,39 NLR 68,LKCA,1937,True,Chelliah Pillai v. Devadasan Et Al,allowed
commonlii-LKCA-1937-61,39 NLR 168,LKCA,1937,True,Tochina v. Daniel,dismissed
commonlii-LKCA-1937-64,39 NLR 358,LKCA,1937,True,Dias v. De Silva,dismissed
commonlii-LKCA-1937-65,39 NLR 113,LKCA,1937,True,Shorter & Co. v. Mohamed,dismissed
commonlii-LKCA-1937-66,39 NLR 118,LKCA,1937,True,Tillainathan v. Nagalingam,set-aside
commonlii-LKCA-1937-68,41 NLR 65,LKCA,1937,True,Zeinudeen v. Samsadeen Et Al,
commonlii-LKCA-1937-69,40 NLR 92,LKCA,1937,True,Golagoda v. Mohideen,allowed
commonlii-LKCA-1937-70,39 NLR 284,LKCA,1937,True,Jayaratne Et Al. v. Zoysa,allowed
commonlii-LKCA-1937-71,39 NLR 272,LKCA,1937,True,Seneviratne v. Kanakaratne,set-aside
commonlii-LKCA-1937-72,39 NLR 105,LKCA,1937,True,Ammal Et Al. v. Ibrahim Et Al,allowed
commonlii-LKCA-1937-73,39 NLR 573,LKCA,1937,True,Wickramasuriya Et Al. v. De Silva Et Al,dismissed
commonlii-LKCA-1937-75,40 NLR 307,LKCA,1937,True,Raymond v. Wijeywardene,allowed
commonlii-LKCA-1937-76,39 NLR 80,LKCA,1937,True,Savarimuttu v. Annamah,allowed
commonlii-LKCA-1937-77,39 NLR 73,LKCA,1937,True,Thamby Lebbe Et Al. v. Jamaldeen,allowed
commonlii-LKCA-1937-8,39 NLR 121,LKCA,1937,True,Sinnappoo v. Theivanai Et Al,
commonlii-LKCA-1937-81,39 NLR 35,LKCA,1937,True,Thirunayakar v. Thirunayakar,dismissed
commonlii-LKCA-1937-82,39 NLR 498,LKCA,1937,True,Perera v. Soysa,dismissed
commonlii-LKCA-1937-84,39 NLR 169,LKCA,1937,True,De Silva v. De Silva,dismissed
commonlii-LKCA-1937-85,41 NLR 557,LKCA,1937,True,Punchimahatmaya v. The Attorney General,allowed
commonlii-LKCA-1937-88,39 NLR 61,LKCA,1937,True,Tambiah v. Sangarajah,set-aside
commonlii-LKCA-1937-9,39 NLR 282,LKCA,1937,True,Tambiah v. Sangarajah,
commonlii-LKCA-1937-91,38 NLR 393,LKCA,1937,True,Chellapah v. Mcheyzer Et Al,allowed
commonlii-LKCA-1937-92,39 NLR 494,LKCA,1937,True,Rajasuriar v. Rajasuriar Et Al,dismissed
commonlii-LKCA-1938-1,42 NLR 60,LKCA,1938,True,Tissera Et Al. v. Tissera,allowed
commonlii-LKCA-1938-10,39 NLR 553,LKCA,1938,True,Balasubramaniam v. Valliappar Chettiar,allowed
commonlii-LKCA-1938-16,39 NLR 361,LKCA,1938,True,Seelananda Thero v. Rajapakse,dismissed
commonlii-LKCA-1938-19,40 NLR 443,LKCA,1938,True,Fernando v. Fernando Et Al,dismissed
commonlii-LKCA-1938-2,40 NLR 330,LKCA,1938,True,Niblett v. Cooray,dismissed
commonlii-LKCA-1938-20,40 NLR 228,LKCA,1938,True,De Silva Et Al. v. De Silva,set-aside
commonlii-LKCA-1938-21,40 NLR 262,LKCA,1938,True,Piyatissa Terunnanse v. Saranapala Terunnanse,allowed
commonlii-LKCA-1938-22,40 NLR 235,LKCA,1938,True,Premaratne v. Indasara,allowed
commonlii-LKCA-1938-23,40 NLR 41,LKCA,1938,True,Dias v. Ratnapala Terunnanse,allowed
commonlii-LKCA-1938-25,40 NLR 379,LKCA,1938,True,Cader v. Joonoos Et Al,allowed
commonlii-LKCA-1938-26,48 NLR 422,LKCA,1938,True,Carolis Appuhamy Et Al. v. Silva,allowed
commonlii-LKCA-1938-30,41 NLR 371,LKCA,1938,True,Ramen Chettiar v. Vyraven Chettiar,allowed
commonlii-LKCA-1938-32,40 NLR 347,LKCA,1938,True,Bartleet & Company v. Ebrahim Lebbe Marikar,dismissed
commonlii-LKCA-1938-33,40 NLR 232,LKCA,1938,True,Lucyhamy v. Perera Et Al,dismissed
commonlii-LKCA-1938-36,40 NLR 382,LKCA,1938,True,Mohamed Anvar v. Arumugam Chettiar,allowed
commonlii-LKCA-1938-37,40 NLR 114,LKCA,1938,True,Visaladchypillai v. Sivapakkiammal,dismissed
commonlii-LKCA-1938-39,39 NLR 481,LKCA,1938,True,Rajaratnam v. The Commissioner of Stamps,allowed
commonlii-LKCA-1938-41,40 NLR 518,LKCA,1938,True,De Livera Et Al. v. Abeysinghe Et Al,allowed
commonlii-LKCA-1938-47,40 NLR 162,LKCA,1938,True,De Silva Et Al v. Sangananda Unanse Et Al,allowed
commonlii-LKCA-1938-48,40 NLR 539,LKCA,1938,True,Fonseka v. Fonseka,set-aside
commonlii-LKCA-1938-5,40 NLR 253,LKCA,1938,True,Tambimuttu v. Ratnasingham Et Al,set-aside
commonlii-LKCA-1938-51,40 NLR 135,LKCA,1938,True,Cader Et Al v. Mohamed Et Al,dismissed
commonlii-LKCA-1938-52,40 NLR 59,LKCA,1938,True,Wijeygoonewardene v. De Silva,allowed
commonlii-LKCA-1938-53,40 NLR 153,LKCA,1938,True,Dias v. Alahakoon Et Al,allowed
commonlii-LKCA-1938-55,42 NLR 146,LKCA,1938,True,Gabrial v. Adikaran,dismissed
commonlii-LKCA-1938-56,40 NLR 396,LKCA,1938,True,Beebee Ammal v. Ibrahim Saibo,allowed
commonlii-LKCA-1938-58,50 NLR 253,LKCA,1938,True,Brampy Appuhamy v. Gunasekere,allowed
commonlii-LKCA-1938-59,40 NLR 251,LKCA,1938,True,De Silva v. Margaret Nona,dismissed
commonlii-LKCA-1938-60,40 NLR 305,LKCA,1938,True,Velauther Et Al. v. Arumogam,dismissed
commonlii-LKCA-1938-61,40 NLR 130,LKCA,1938,True,Gunatileke v. Lipton Limited,allowed
commonlii-LKCA-1938-64,40 NLR 145,LKCA,1938,True,Muttucarpen Chettiar v. Mohamed Salim Et Al,allowed
commonlii-LKCA-1938-72,40 NLR 562,LKCA,1938,True,Masson v. Mathes,dismissed
commonlii-LKCA-1938-73,40 NLR 86,LKCA,1938,True,Amarasuriya v. Ramanathan Chettiar,allowed
commonlii-LKCA-1938-74,40 NLR 318,LKCA,1938,True,Wijeyesekere v. Vaithianathan,dismissed
commonlii-LKCA-1938-76,40 NLR 450,LKCA,1938,True,Cornelis Appuhamy v. Kiri Banda Et Al,allowed
commonlii-LKCA-1938-82,40 NLR 455,LKCA,1938,True,De Mel Et Al. v. Amarasinghe,dismissed
commonlii-LKCA-1938-83,40 NLR 54,LKCA,1938,True,"Peiris v. Inhabitants of Village Committee, Paluwa Peruwa",dismissed
commonlii-LKCA-1939-12,42 NLR 25,LKCA,1939,True,Aiyadurai v. Chittambalam,allowed
commonlii-LKCA-1939-21,41 NLR 115,LKCA,1939,True,Mapalathan v. Elayavan,
commonlii-LKCA-1939-23,40 NLR 409,LKCA,1939,True,Palaniappa Chettiar v. Hasssen Lebbe Et Al,allowed
commonlii-LKCA-1939-26,41 NLR 102,LKCA,1939,True,Rabbia Umma v. Noordeen Et Al,allowed
commonlii-LKCA-1939-29,41 NLR 12,LKCA,1939,True,Valiappa Chettiar v. Suppiah Pillai Et Al,set-aside
commonlii-LKCA-1939-30,40 NLR 217,LKCA,1939,True,Wijeyewardene v. Podisingho Et Al,dismissed
commonlii-LKCA-1939-33,41 NLR 153,LKCA,1939,True,Jayasena v. Karlinahamy,set-aside
commonlii-LKCA-1939-36,41 NLR 260,LKCA,1939,True,De Silva v. William Et Al,dismissed
commonlii-LKCA-1939-37,41 NLR 68,LKCA,1939,True,Jayasekere v. Jayasekere,dismissed
commonlii-LKCA-1939-38,41 NLR 22,LKCA,1939,True,Sheriff v. Pathumuttu Et Al,allowed
commonlii-LKCA-1939-39,41 NLR 233,LKCA,1939,True,Sardiya v. Ranasinghe Hamine,allowed
commonlii-LKCA-1939-41,41 NLR 351,LKCA,1939,True,Gunasekere v. Gunasekere Et Al,allowed
commonlii-LKCA-1939-42,41 NLR 106,LKCA,1939,True,Velan Alvan v. Ponny Et Al,allowed
commonlii-LKCA-1939-43,40 NLR 363,LKCA,1939,True,Amaratunga v. Alwis,allowed
commonlii-LKCA-1939-44,40 NLR 487,LKCA,1939,True,Hawke Et Al. v. Sabapathy Et Al,set-aside
commonlii-LKCA-1939-45,42 NLR 539,LKCA,1939,True,De Silva v. Kuruppu,allowed
commonlii-LKCA-1939-48,40 NLR 224,LKCA,1939,True,Rowan v. Commissioner,dismissed
commonlii-LKCA-1939-50,41 NLR 91,LKCA,1939,True,Upasakappu v. Dias Et Al,allowed
commonlii-LKCA-1939-51,40 NLR 340,LKCA,1939,True,Wijeyesekere v. Meegama,set-aside
commonlii-LKCA-1939-54,41 NLR 15,LKCA,1939,True,Haneef v. Dingiri Amma,dismissed
commonlii-LKCA-1939-56,41 NLR 161,LKCA,1939,True,Siripala v. Kalutara U.D.C,allowed
commonlii-LKCA-1939-57,41 NLR 56,LKCA,1939,True,De Silva v. Rosinahamy Et Al,allowed
commonlii-LKCA-1939-58,42 NLR 371,LKCA,1939,True,Amarasekera v. Arunasalam Chetty,allowed
commonlii-LKCA-1939-60,41 NLR 569,LKCA,1939,True,Jayasundera v. Andris Et Al,allowed
commonlii-LKCA-1939-61,40 NLR 265,LKCA,1939,True,Kadija Umma v. Mohamed Sulaiman,
commonlii-LKCA-1939-67,41 NLR 208,LKCA,1939,True,Fernando v. Fernando,allowed
commonlii-LKCA-1939-69,40 NLR 495,LKCA,1939,True,Don Simon Peter Et Al. v. James Fernando Et Al,dismissed
commonlii-LKCA-1939-70,41 NLR 324,LKCA,1939,True,Meiyappa Chettiar v. Ramaswamy Chettiar,allowed
commonlii-LKCA-1939-71,41 NLR 385,LKCA,1939,True,"Highland Tea Company, Limited. v. Commissioner of Stamps",allowed
commonlii-LKCA-1939-9,41 NLR 236,LKCA,1939,True,Dhammadara Thero v. Sederanhamy Et Al,dismissed
commonlii-LKCA-1940-12,41 NLR 193,LKCA,1940,True,Perera v. Jones Et Al,dismissed
commonlii-LKCA-1940-15,41 NLR 562,LKCA,1940,True,Swaris v. Perera,dismissed
commonlii-LKCA-1940-16,44 NLR 409,LKCA,1940,True,Marikar v. Suppramaniam Chettair,
commonlii-LKCA-1940-25,41 NLR 539,LKCA,1940,True,Therobald v. Commissioner of Income Tax,dismissed
commonlii-LKCA-1940-26,41 NLR 499,LKCA,1940,True,Attorney General v. Ediriwickramasuriya,allowed
commonlii-LKCA-1940-31,42 NLR 95,LKCA,1940,True,Perera v. Perera,allowed
commonlii-LKCA-1940-32,42 NLR 41,LKCA,1940,True,Casie Chetty v. Mohamed Saleem Et Al,set-aside
commonlii-LKCA-1940-34,41 NLR 454,LKCA,1940,True,Fernando v. Themis Appuhamy,dismissed
commonlii-LKCA-1940-38,41 NLR 522,LKCA,1940,True,Roweena Umma v. Rohuma Umma,dismissed
commonlii-LKCA-1940-39,41 NLR 519,LKCA,1940,True,Hendrick Et Al. v. Sarnelis Et Al,dismissed
commonlii-LKCA-1940-41,42 NLR 54,LKCA,1940,True,In Re De Mel Et Al,allowed
commonlii-LKCA-1940-5,60 NLR 433,LKCA,1940,True,Vander Poorten v. Government Agent,dismissed
commonlii-LKCA-1940-6,48 NLR 49,LKCA,1940,True,Sreenivasaraghava Iyengar v. Jainambeebee Ammal Et Al,dismissed
commonlii-LKCA-1940-8,41 NLR 419,LKCA,1940,True,De Saram v. De Silva Et Al,set-aside
commonlii-LKCA-1941-11,42 NLR 453,LKCA,1941,True,Sobitha Thera v. Wimalabuddhi Thera Et Al,allowed
commonlii-LKCA-1941-12,42 NLR 573,LKCA,1941,True,Subramaniampillai v. Wickremasekere Et Al,dismissed
commonlii-LKCA-1941-14,43 NLR 102,LKCA,1941,True,Karunaratne Et Al. v. Mohideen Et Al,allowed
commonlii-LKCA-1941-15,43 NLR 286,LKCA,1941,True,Marikar Et Al. v. Cader,
commonlii-LKCA-1941-19,42 NLR 311,LKCA,1941,True,Siyadoris v. Danoris Et Al,dismissed
commonlii-LKCA-1941-2,43 NLR 91,LKCA,1941,True,Olagappa Chettiar v. Reith,allowed
commonlii-LKCA-1941-21,50 NLR 46,LKCA,1941,True,Jayawickreme Et Al. v. Don Lewis,set-aside
commonlii-LKCA-1941-22,43 NLR 63,LKCA,1941,True,Candappa v. Subramanian Et Al,allowed
commonlii-LKCA-1941-23,42 NLR 516,LKCA,1941,True,Kallamma Et Al. v. Sellasamy,dismissed
commonlii-LKCA-1941-26,42 NLR 353,LKCA,1941,True,Wanigaratne Et Al. v. Selohamy Et Al,allowed
commonlii-LKCA-1941-28,42 NLR 382,LKCA,1941,True,Punchibanda v. Punchibanda Et Al,set-aside
commonlii-LKCA-1941-3,42 NLR 403,LKCA,1941,True,Haniffa v. Cader Et Al,allowed
commonlii-LKCA-1941-30,42 NLR 393,LKCA,1941,True,Noordeen Et Al. v. Badoordeen Et Al,set-aside
commonlii-LKCA-1941-31,42 NLR 505,LKCA,1941,True,Rettiar v. Wijenaike,dismissed
commonlii-LKCA-1941-33,42 NLR 289,LKCA,1941,True,Ambalavanar v. Ponnamma Et Al,allowed
commonlii-LKCA-1941-34,42 NLR 558,LKCA,1941,True,Tambiah v. Kasipillai,allowed
commonlii-LKCA-1941-37,50 NLR 124,LKCA,1941,True,Subramaniam Et Al. v. Sivaguru,set-aside
commonlii-LKCA-1941-39,43 NLR 83,LKCA,1941,True,Hethuhamy v. Boteju,dismissed
commonlii-LKCA-1941-4,43 NLR 89,LKCA,1941,True,Suriyagoda v. William Appuhamy,dismissed
commonlii-LKCA-1941-42,42 NLR 428,LKCA,1941,True,Abdul Cafoor v. Packir Saibo,dismissed
commonlii-LKCA-1941-43,42 NLR 551,LKCA,1941,True,Mustapha v. Umma Kania,dismissed
commonlii-LKCA-1941-45,43 NLR 68,LKCA,1941,True,Lenorahamy v. Abraham,allowed
commonlii-LKCA-1941-47,43 NLR 566,LKCA,1941,True,De Silva v. Weerappa Chettiar,set-aside
commonlii-LKCA-1941-48,42 NLR 299,LKCA,1941,True,Ranmenika v. Appuhamy,allowed
commonlii-LKCA-1941-49,42 NLR 475,LKCA,1941,True,Banda v. Banda Et Al,dismissed
commonlii-LKCA-1941-5,43 NLR 59,LKCA,1941,True,Udumanachy v. Meeralevve,dismissed
commonlii-LKCA-1941-51,42 NLR 411,LKCA,1941,True,In Re Estate of Harry Douglas Graham,allowed
commonlii-LKCA-1941-53,43 NLR 42,LKCA,1941,True,The Public Trustee v. Walles,dismissed
commonlii-LKCA-1941-8,43 NLR 49,LKCA,1941,True,Indian Bank Ltd. v. Charted Bank Et Al,dismissed
commonlii-LKCA-1942-1,43 NLR 174,LKCA,1942,True,Gunasekere v. Kannangara,allowed
commonlii-LKCA-1942-11,44 NLR 90,LKCA,1942,True,Maruthappah v. Zouhar,allowed
commonlii-LKCA-1942-14,43 NLR 493,LKCA,1942,True,Arumogam v. Vaithialingam,allowed
commonlii-LKCA-1942-22,44 NLR 202,LKCA,1942,True,Sundarampillai v. Salha Umma,dismissed
commonlii-LKCA-1942-24,43 NLR 399,LKCA,1942,True,Warnasuriya v. Wickeramesinghe,allowed
commonlii-LKCA-1942-25,44 NLR 65,LKCA,1942,True,Fernando v. Fernando,set-aside
commonlii-LKCA-1942-28,43 NLR 472,LKCA,1942,True,Zacharian v. Fernando,allowed
commonlii-LKCA-1942-30,44 NLR 153,LKCA,1942,True,Kumarihamy v. Maitripala,allowed
commonlii-LKCA-1942-31,43 NLR 477,LKCA,1942,True,Aiyathurai v. Thuraisingahm Et Al,allowed
commonlii-LKCA-1942-39,43 NLR 281,LKCA,1942,True,Belgaswatte v. Ukkubanda,dismissed
commonlii-LKCA-1942-4,43 NLR 361,LKCA,1942,True,Ramalingampillai v. Adjuward Et Al,set-aside
commonlii-LKCA-1942-40,43 NLR 409,LKCA,1942,True,De Saram Et Al v. Vander Poorten,allowed
commonlii-LKCA-1942-41,43 NLR 544,LKCA,1942,True,Hamid v. Colombo Apothecaries Company Limited,dismissed
commonlii-LKCA-1942-42,44 NLR 170,LKCA,1942,True,Letchuman Chettiar.V Municipal Council,
commonlii-LKCA-1942-44,43 NLR 481,LKCA,1942,True,Vander Poorten v. The Commissioner of Income Tax,allowed
commonlii-LKCA-1942-47,44 NLR 1,LKCA,1942,True,Somasunderam Pillai Et Al. v. Charavanamuttu Et Al,allowed
commonlii-LKCA-1942-52,44 NLR 86,LKCA,1942,True,Gunaratne v. Perera Et Al,allowed
commonlii-LKCA-1942-55,43 NLR 499,LKCA,1942,True,Mutturaman Chettiar Et Al. v. Kumarappa Chettiar Et Al,allowed
commonlii-LKCA-1942-57,43 NLR 193,LKCA,1942,True,Aliya Marikar Abuthahir v. Aliya Marikar Mohammed Sally,dismissed
commonlii-LKCA-1942-58,43 NLR 265,LKCA,1942,True,Kumarihamy v. Weeragama Et Al,allowed
commonlii-LKCA-1942-59,43 NLR 233,LKCA,1942,True,Mohamed v. Sinnemuttu,dismissed
commonlii-LKCA-1942-6,43 NLR 261,LKCA,1942,True,Marikar Et Al. v. Puchi Bandara Et Al,allowed
commonlii-LKCA-1942-61,43 NLR 469,LKCA,1942,True,Abeysirigoonewardene v. Abeysirigoonewardene,allowed
commonlii-LKCA-1942-62,43 NLR 429,LKCA,1942,True,Piyasena v. Ukkuwa,allowed
commonlii-LKCA-1942-63,44 NLR 62,LKCA,1942,True,Podimahatmaya Et Al. v. Hendrick Appuhamy Et Al,allowed
commonlii-LKCA-1942-64,43 NLR 547,LKCA,1942,True,Punchi Et Al. v. Bandi Menika,allowed
commonlii-LKCA-1942-65,43 NLR 352,LKCA,1942,True,Palaniappa Chetty v. Mercantile Bank of India Et Al,set-aside
commonlii-LKCA-1942-66,44 NLR 49,LKCA,1942,True,Setha v. Muttuwa,
commonlii-LKCA-1942-7,43 NLR 121,LKCA,1942,True,Palaniappa Chettiar Et Al. v. Mercantile Bank,dismissed
commonlii-LKCA-1942-73,43 NLR 423,LKCA,1942,True,Motha v. Fernando,allowed
commonlii-LKCA-1942-75,43 NLR 387,LKCA,1942,True,Kader v. Marrikar Et Al,allowed
commonlii-LKCA-1942-76,44 NLR 42,LKCA,1942,True,Kanapathipillai v. Kaniah,allowed
commonlii-LKCA-1942-79,43 NLR 575,LKCA,1942,True,Weerasinghe v. Perera Et Al,dismissed
commonlii-LKCA-1942-80,44 NLR 25,LKCA,1942,True,Saibo v. Mohideen,
commonlii-LKCA-1942-83,43 NLR 185,LKCA,1942,True,Chinniah v. Fernando,allowed
commonlii-LKCA-1942-84,43 NLR 333,LKCA,1942,True,Punchi Appuhamy v. Rambukpotha,dismissed
commonlii-LKCA-1943-10,44 NLR 245,LKCA,1943,True,Alaris v. Wijeysekere,
commonlii-LKCA-1943-12,44 NLR 313,LKCA,1943,True,Perera v. Boteju,allowed
commonlii-LKCA-1943-13,44 NLR 365,LKCA,1943,True,Executor of Last Will of Rambukwella Siddhartha v. Sumana Thero,dismissed
commonlii-LKCA-1943-14,44 NLR 184,LKCA,1943,True,Abeytunge v. Siyadoris Et Al,allowed
commonlii-LKCA-1943-17,45 NLR 38,LKCA,1943,True,Chartered Bank v. De Fonseka,allowed
commonlii-LKCA-1943-19,44 NLR 529,LKCA,1943,True,Exnelligoda Kumarihamy v. Medankara Thero,dismissed
commonlii-LKCA-1943-21,44 NLR 223,LKCA,1943,True,Silva v. Wickremesinghe,allowed
commonlii-LKCA-1943-22,44 NLR 330,LKCA,1943,True,Sokalingam Chetty v. Kalimuttu Chetty,dismissed
commonlii-LKCA-1943-23,50 NLR 12,LKCA,1943,True,Saravanamuttu v. Vallipuram,dismissed
commonlii-LKCA-1943-25,48 NLR 374,LKCA,1943,True,Arunachalam v. Muttutamby Et Al,set-aside
commonlii-LKCA-1943-27,44 NLR 559,LKCA,1943,True,Nadar v. Fonseka,allowed
commonlii-LKCA-1943-28,44 NLR 375,LKCA,1943,True,"National Bank of India, Ltd. v. Arthur Fernando",allowed
commonlii-LKCA-1943-3,45 NLR 45,LKCA,1943,True,Ceylon Theatres v. Dombal,dismissed
commonlii-LKCA-1943-35,44 NLR 550,LKCA,1943,True,Silva Et Al. v. Ismail Et Al,dismissed
commonlii-LKCA-1943-36,44 NLR 350,LKCA,1943,True,Nagaratnam Et Al. v. Kandiah Et Al,set-aside
commonlii-LKCA-1943-37,44 NLR 470,LKCA,1943,True,Rajah v. Nadarajah Et Al,dismissed
commonlii-LKCA-1943-41,44 NLR 373,LKCA,1943,True,Punchi Naide v. Dingihamy,dismissed
commonlii-LKCA-1943-42,44 NLR 539,LKCA,1943,True,Bandulhamy Et Al. v. Tikirihamy Et Al,allowed
commonlii-LKCA-1943-44,44 NLR 276,LKCA,1943,True,Appuhamy v. Holloway,dismissed
commonlii-LKCA-1943-48,44 NLR 549,LKCA,1943,True,Wijeysinghe v. Mohotty Et Al,allowed
commonlii-LKCA-1943-49,45 NLR 68,LKCA,1943,True,Heras Singho v. Arnolis Appuhamy,
commonlii-LKCA-1943-5,44 NLR 193,LKCA,1943,True,Suppammal v. Govinda Chetty,allowed
commonlii-LKCA-1943-52,45 NLR 1,LKCA,1943,True,Bodiga v. Nagoor,dismissed
commonlii-LKCA-1943-53,44 NLR 499,LKCA,1943,True,Kandiah Et Al. v. Sivakanupillai Et Al,dismissed
commonlii-LKCA-1943-55,44 NLR 265,LKCA,1943,True,Thangamma v. Ponnambalam,allowed
commonlii-LKCA-1943-56,44 NLR 393,LKCA,1943,True,Bandara Et Al. v. Dingiri Menika Et Al,dismissed
commonlii-LKCA-1943-57,44 NLR 385,LKCA,1943,True,Jasohamy Et Al. v. Podihamy Et Al,dismissed
commonlii-LKCA-1943-58,44 NLR 455,LKCA,1943,True,Wijeyserkere v. Wijeysuriya,allowed
commonlii-LKCA-1943-59,44 NLR 291,LKCA,1943,True,Paliamappar Chettiar v. Amarasena,allowed
commonlii-LKCA-1943-60,44 NLR 517,LKCA,1943,True,Navartne v. Jayatunge,dismissed
commonlii-LKCA-1943-61,44 NLR 307,LKCA,1943,True,Cassim v. Natchia,allowed
commonlii-LKCA-1943-62,44 NLR 524,LKCA,1943,True,Lila Umma v. Majeed,allowed
commonlii-LKCA-1943-63,44 NLR 488,LKCA,1943,True,"Denis Et Al. v. Warren, Et Al",dismissed
commonlii-LKCA-1943-69,44 NLR 508,LKCA,1943,True,Don Valentine Samaranayake v. Kalu Aratchigey Cornelis Et Al,dismissed
commonlii-LKCA-1943-70,45 NLR 34,LKCA,1943,True,Molagoda Kumarihamy v. Kempitiya,allowed
commonlii-LKCA-1943-71,44 NLR 166,LKCA,1943,True,Nagaratnam v. Thassim,dismissed
commonlii-LKCA-1943-72,44 NLR 397,LKCA,1943,True,Saurmma Et Al. v. Mohamadu Lebbe,allowed
commonlii-LKCA-1944-11,46 NLR 68,LKCA,1944,True,Odirishamy v. Elaris,dismissed
commonlii-LKCA-1944-12,45 NLR 527,LKCA,1944,True,Pelis v. Samichchi,dismissed
commonlii-LKCA-1944-15,50 NLR 433,LKCA,1944,True,Weerasooria v. Vander Poorten Et Al,allowed
commonlii-LKCA-1944-16,45 NLR 488,LKCA,1944,True,Amarasuriya v. Don Elaris,dismissed
commonlii-LKCA-1944-17,45 NLR 406,LKCA,1944,True,Fernando v. Jayasekera,dismissed
commonlii-LKCA-1944-2,45 NLR 337,LKCA,1944,True,Albert Perera v. Marimuttu Canniah,allowed
commonlii-LKCA-1944-20,45 NLR 485,LKCA,1944,True,Jayawardene v. Malaka,allowed
commonlii-LKCA-1944-21,45 NLR 358,LKCA,1944,True,Tissera v. William,dismissed
commonlii-LKCA-1944-22,45 NLR 230,LKCA,1944,True,The Attorney General v. Valliyamma Atchie,dismissed
commonlii-LKCA-1944-23,45 NLR 297,LKCA,1944,True,Puspakanthy v. Dr. Balendra,allowed
commonlii-LKCA-1944-24,45 NLR 529,LKCA,1944,True,Wijeyesuriya v. Samarasuriya,allowed
commonlii-LKCA-1944-27,45 NLR 169,LKCA,1944,True,"Valliammai Atchi v. Abdul Majeed, O.L.M",dismissed
commonlii-LKCA-1944-29,45 NLR 565,LKCA,1944,True,Cader Lebbe v. Thenuwarahenaya,dismissed
commonlii-LKCA-1944-3,48 NLR 196,LKCA,1944,True,Jayasundera Et Al. v. Perera,dismissed
commonlii-LKCA-1944-30,45 NLR 156,LKCA,1944,True,Carolis v. Alwis,dismissed
commonlii-LKCA-1944-31,45 NLR 265,LKCA,1944,True,De Saram v. Kadijar,allowed
commonlii-LKCA-1944-32,46 NLR 44,LKCA,1944,True,Peduru Fernando Et Al. v. Mary Fernando Et Al,allowed
commonlii-LKCA-1944-33,46 NLR 1,LKCA,1944,True,Sheriff v. Yoosuf,allowed
commonlii-LKCA-1944-34,45 NLR 571,LKCA,1944,True,De Silva v. Peries,dismissed
commonlii-LKCA-1944-36,45 NLR 511,LKCA,1944,True,Gany v. Hay,dismissed
commonlii-LKCA-1944-37,45 NLR 346,LKCA,1944,True,Hapumali v. Ukkua,dismissed
commonlii-LKCA-1944-38,45 NLR 457,LKCA,1944,True,Arulampikai v. Thambu,allowed
commonlii-LKCA-1944-40,46 NLR 59,LKCA,1944,True,Fan Eyre v. The Public Trustee Et Al,
commonlii-LKCA-1944-43,45 NLR 499,LKCA,1944,True,Haturusinghe v. Ukku Amma,allowed
commonlii-LKCA-1944-44,45 NLR 164,LKCA,1944,True,Peiris v. Seneviratne,dismissed
commonlii-LKCA-1944-45,45 NLR 311,LKCA,1944,True,Perera v. Jayamanne,allowed
commonlii-LKCA-1944-46,45 NLR 241,LKCA,1944,True,Velupillai v. Kandiah,allowed
commonlii-LKCA-1944-47,45 NLR 395,LKCA,1944,True,Baronchi v. Ariyadasa,allowed
commonlii-LKCA-1944-48,45 NLR 569,LKCA,1944,True,Velupillai v. De Silva,dismissed
commonlii-LKCA-1944-5,45 NLR 443,LKCA,1944,True,Sangarapillai v. Prasad,dismissed
commonlii-LKCA-1944-50,45 NLR 210,LKCA,1944,True,Perera v. Attale,
commonlii-LKCA-1944-51,45 NLR 332,LKCA,1944,True,Weerappa Chettiar v. Rambukpotha Kumarihamy,dismissed
commonlii-LKCA-1944-52,50 NLR 162,LKCA,1944,True,Muthumenika Et.Al. v. Appuhamy,
commonlii-LKCA-1944-55,45 NLR 365,LKCA,1944,True,Gunawardene Haminey v. Charles Appuhamy,dismissed
commonlii-LKCA-1944-56,45 NLR 455,LKCA,1944,True,Cooray v. Perera,dismissed
commonlii-LKCA-1944-57,45 NLR 249,LKCA,1944,True,Jayasinghe v. Keell and Waldock,
commonlii-LKCA-1944-58,45 NLR 254,LKCA,1944,True,"Opalgalla Tea and Rubber Estates, Ltd. v. Hussain",allowed
commonlii-LKCA-1944-6,48 NLR 217,LKCA,1944,True,Ram Menika v. Kiri Banda,allowed
commonlii-LKCA-1944-68,45 NLR 481,LKCA,1944,True,Molagoda v. Molagoda,allowed
commonlii-LKCA-1944-69,45 NLR 463,LKCA,1944,True,Ratnayake v. Asiyath Umma,allowed
commonlii-LKCA-1944-7,45 NLR 452,LKCA,1944,True,Wickremasinghe v. William,allowed
commonlii-LKCA-1944-70,45 NLR 97,LKCA,1944,True,Jayaratne v. Gunaratana Thero,dismissed
commonlii-LKCA-1944-71,45 NLR 348,LKCA,1944,True,"Amarasuriya v. Perera, S.I",allowed
commonlii-LKCA-1944-72,46 NLR 38,LKCA,1944,True,Jayasekera Hamine v. Agida Hamine,allowed
commonlii-LKCA-1944-73,45 NLR 100,LKCA,1944,True,Silva v. Fernando,dismissed
commonlii-LKCA-1944-74,45 NLR 356,LKCA,1944,True,Siriwardene v. Perera,allowed
commonlii-LKCA-1944-75,46 NLR 212,LKCA,1944,True,Sittamparampillai v. Navaratnam Et Al,allowed
commonlii-LKCA-1944-76,45 NLR 409,LKCA,1944,True,Seenivasagam v. Vaithylingam,dismissed
commonlii-LKCA-1944-79,45 NLR 367,LKCA,1944,True,Perumal v. Harding,dismissed
commonlii-LKCA-1944-80,45 NLR 465,LKCA,1944,True,Sanmugampillai v. Anjappa Kone,dismissed
commonlii-LKCA-1944-81,46 NLR 20,LKCA,1944,True,Saibo v. Jayawarddena,allowed
commonlii-LKCA-1944-82,45 NLR 403,LKCA,1944,True,Siripina v. Ekanaika,allowed
commonlii-LKCA-1944-9,45 NLR 469,LKCA,1944,True,Kandavanam v. Chelliah,allowed
commonlii-LKCA-1945-10,46 NLR 519,LKCA,1945,True,Fernando Et Al. v. Jinalankara Tissa Thero,dismissed
commonlii-LKCA-1945-14,46 NLR 433,LKCA,1945,True,De Zoysz v. Wijesinghe,allowed
commonlii-LKCA-1945-19,46 NLR 377,LKCA,1945,True,Bala Menika v. Abeysena,dismissed
commonlii-LKCA-1945-2,50 NLR 369,LKCA,1945,True,Banda v. Karohamy,dismissed
commonlii-LKCA-1945-20,46 NLR 560,LKCA,1945,True,De Silva v. Wijeratne,allowed
commonlii-LKCA-1945-21,46 NLR 316,LKCA,1945,True,Deniel Silva v. Jayasekers Et Al,dismissed
commonlii-LKCA-1945-22,46 NLR 176,LKCA,1945,True,Dhammananda Thero v. Pemananda Thero,allowed
commonlii-LKCA-1945-25,46 NLR 302,LKCA,1945,True,Kanagaratnam v. Ananthathurai,set-aside
commonlii-LKCA-1945-27,46 NLR 97,LKCA,1945,True,Roche Et Al. v. Keerthiratne Et Al,dismissed
commonlii-LKCA-1945-30,46 NLR 116,LKCA,1945,True,Pabilis Appuhamy Et Al. v. Peiris,allowed
commonlii-LKCA-1945-31,46 NLR 398,LKCA,1945,True,William Perera v. Theresia Perera Et Al,allowed
commonlii-LKCA-1945-32,46 NLR 321,LKCA,1945,True,Fernando v. The King,dismissed
commonlii-LKCA-1945-33,46 NLR 265,LKCA,1945,True,Mitchell v. Fernando Et Al,allowed
commonlii-LKCA-1945-35,46 NLR 568,LKCA,1945,True,"Dharmadasa v. Sachchohamy,Et Al",allowed
commonlii-LKCA-1945-38,46 NLR 294,LKCA,1945,True,Ratnayake v. Gunatileke,dismissed
commonlii-LKCA-1945-39,46 NLR 415,LKCA,1945,True,Suleha Umma v. Nagoor Mohamado,set-aside
commonlii-LKCA-1945-4,46 NLR 529,LKCA,1945,True,Carthelis Appuhamy v. Siriwaedena Et Al,set-aside
commonlii-LKCA-1945-40,46 NLR 391,LKCA,1945,True,Tirimanne Et Al. v. Theobald,dismissed
commonlii-LKCA-1945-44,47 NLR 19,LKCA,1945,True,Suffiyan v. Andris Appu,
commonlii-LKCA-1945-47,46 NLR 385,LKCA,1945,True,Soysa Et Al. v. Miskin Et Al,allowed
commonlii-LKCA-1945-48,46 NLR 463,LKCA,1945,True,Leanagunawardene v. Balahamy Et Al,set-aside
commonlii-LKCA-1945-49,46 NLR 481,LKCA,1945,True,Appuhamy v. Martin Et Al,remitted
commonlii-LKCA-1945-50,46 NLR 246,LKCA,1945,True,Coomaraswamy v. Vinayagamoorthy Et Al,allowed
commonlii-LKCA-1945-51,46 NLR 346,LKCA,1945,True,Dias v. Wickremesinghe,set-aside
commonlii-LKCA-1945-52,46 NLR 505,LKCA,1945,True,Bastian Appuhamy v. Haramanis Appuhamy,dismissed
commonlii-LKCA-1945-55,46 NLR 337,LKCA,1945,True,Siman Naide v. Aslin Nona,set-aside
commonlii-LKCA-1945-56,46 NLR 370,LKCA,1945,True,Ahamado Muheyadin v. Thambiappah,allowed
commonlii-LKCA-1945-57,46 NLR 145,LKCA,1945,True,Saram v. Thiruchelvam,dismissed
commonlii-LKCA-1945-58,46 NLR 461,LKCA,1945,True,Appuahmy v. Weeratunge,allowed
commonlii-LKCA-1945-59,47 NLR 30,LKCA,1945,True,Hendrick v. Gimarahamine,
commonlii-LKCA-1945-6,46 NLR 361,LKCA,1945,True,Navaratnam v. Navaratnam,dismissed
commonlii-LKCA-1945-60,46 NLR 457,LKCA,1945,True,Manchenayake v. Perera Et Al,allowed
commonlii-LKCA-1945-61,47 NLR 77,LKCA,1945,True,Narayanan Chettiar Et Al v. Kaliappa Chettiar Et Al,dismissed
commonlii-LKCA-1945-63,46 NLR 273,LKCA,1945,True,Sideris Et Al. v. Simon Et Al,allowed
commonlii-LKCA-1945-64,46 NLR 540,LKCA,1945,True,Subrammaniam v. Sivaraja Et Al,allowed
commonlii-LKCA-1945-65,46 NLR 373,LKCA,1945,True,Tennekoon v. Podisingho Et Al,dismissed
commonlii-LKCA-1945-66,46 NLR 313,LKCA,1945,True,Carthelis Appuhamy v. Saiya Nona Et Al,allowed
commonlii-LKCA-1945-7,46 NLR 563,LKCA,1945,True,Ranatunge Et Al. v. John Perera,allowed
commonlii-LKCA-1945-72,46 NLR 137,LKCA,1945,True,Sumangala v. Appuhamy,allowed
commonlii-LKCA-1945-73,46 NLR 162,LKCA,1945,True,Karthigesu Et Al. v. Parupathy Et Al,allowed
commonlii-LKCA-1945-74,46 NLR 241,LKCA,1945,True,Arumugam Pillai v. Velupillai Periyatamby Et Al,dismissed
commonlii-LKCA-1946-1,47 NLR 439,LKCA,1946,True,De Zoysa v. Gunasekera Et Al,set-aside
commonlii-LKCA-1946-11,47 NLR 418,LKCA,1946,True,Chandranayaka Hamine Et Al v. Gunasekere Et Al,set-aside
commonlii-LKCA-1946-15,47 NLR 304,LKCA,1946,True,Chandrawimala Therunnanse v. Siyadoris Et Al,allowed
commonlii-LKCA-1946-17,47 NLR 228,LKCA,1946,True,Jinarathana Thero v. Somaratne Thero,dismissed
commonlii-LKCA-1946-2,47 NLR 515,LKCA,1946,True,Mackeen Et Al v. Pulle Et Al,dismissed
commonlii-LKCA-1946-20,47 NLR 132,LKCA,1946,True,Ebert Silva v. Wijesekere,allowed
commonlii-LKCA-1946-21,47 NLR 415,LKCA,1946,True,Hinni Appu Et Al v. Gunaratne,allowed
commonlii-LKCA-1946-23,52 NLR 409,LKCA,1946,True,Menchinahamy v. Muniweera Et Al,
commonlii-LKCA-1946-24,47 NLR 542,LKCA,1946,True,Murugesu v. Thambipillai Et Al,allowed
commonlii-LKCA-1946-26,47 NLR 503,LKCA,1946,True,Podihamy Et Al v. Seimon Appu,dismissed
commonlii-LKCA-1946-30,47 NLR 509,LKCA,1946,True,Abeyesinghe Et Al v. Abeyasinghe,allowed
commonlii-LKCA-1946-31,47 NLR 564,LKCA,1946,True,Arnolis Singho v. Mary Nona,allowed
commonlii-LKCA-1946-32,47 NLR 322,LKCA,1946,True,Cooray Et Al v. Samaranayake,dismissed
commonlii-LKCA-1946-33,47 NLR 107,LKCA,1946,True,Ummu Ham Et Al v. Koch,set-aside
commonlii-LKCA-1946-36,47 NLR 121,LKCA,1946,True,"Periacaruppen Chettiar v. Messrs. Proprietors and Agents, Ltd., Et Al",dismissed
commonlii-LKCA-1946-38,47 NLR 457,LKCA,1946,True,Nona Kumara v. Abdul Cader,allowed
commonlii-LKCA-1946-39,47 NLR 65,LKCA,1946,True,Ramanayake v. Nagappa Chettiar Et Al,allowed
commonlii-LKCA-1946-40,47 NLR 105,LKCA,1946,True,Ahamadulevvepody v. Uthumlevve,allowed
commonlii-LKCA-1946-41,47 NLR 110,LKCA,1946,True,Eliyathamby v. Mirando,dismissed
commonlii-LKCA-1946-42,48 NLR 34,LKCA,1946,True,"Kumarappa Chettiar, Et Al. v. Gunawathie Et Al",dismissed
commonlii-LKCA-1946-43,47 NLR 78,LKCA,1946,True,Marthelis Appuhamy v. Peiris Et Al,dismissed
commonlii-LKCA-1946-44,47 NLR 171,LKCA,1946,True,Siti Kadija Et Al v. De Saram Et Al,allowed
commonlii-LKCA-1946-45,47 NLR 141,LKCA,1946,True,Ummukulathumma Et Al v. Uthumalebbe,dismissed
commonlii-LKCA-1946-47,47 NLR 114,LKCA,1946,True,Hamid v. Badurdeen,dismissed
commonlii-LKCA-1946-50,47 NLR 385,LKCA,1946,True,The Attorney General v. Wijesuriya,allowed
commonlii-LKCA-1946-54,50 NLR 346,LKCA,1946,True,Pablis v. Euginahamy,allowed
commonlii-LKCA-1946-55,47 NLR 409,LKCA,1946,True,Costa Et Al v. Reith,dismissed
commonlii-LKCA-1946-57,47 NLR 177,LKCA,1946,True,Amarasekera Appuhamy v. Mary Nona,dismissed
commonlii-LKCA-1946-58,47 NLR 361,LKCA,1946,True,Mudaliyar Wijetunga v. Duwalage Rossie Et Al,
commonlii-LKCA-1946-59,47 NLR 32,LKCA,1946,True,Sinnammah v. Nallanathar,dismissed
commonlii-LKCA-1946-6,47 NLR 350,LKCA,1946,True,Sadirisa v. Abeyesinghe,set-aside
commonlii-LKCA-1946-60,47 NLR 561,LKCA,1946,True,Uthumalevai Et Al v. Avva Umma,allowed
commonlii-LKCA-1946-64,47 NLR 297,LKCA,1946,True,Fernando v. Thamel Et Al,dismissed
commonlii-LKCA-1946-67,47 NLR 393,LKCA,1946,True,Wijeyeratne v. Mendis Appu Et Al,dismissed
commonlii-LKCA-1946-68,47 NLR 180,LKCA,1946,True,Aiyasathumma Et Al v. Retnasingham,allowed
commonlii-LKCA-1946-70,47 NLR 481,LKCA,1946,True,Ukku Banda Et Al v. Ukku Banda,set-aside
commonlii-LKCA-1946-72,47 NLR 325,LKCA,1946,True,Kathirgamar v. Iyer,allowed
commonlii-LKCA-1946-74,47 NLR 376,LKCA,1946,True,Nathurmal Gianchand Et Al v. Makaty,allowed
commonlii-LKCA-1946-77,47 NLR 169,LKCA,1946,True,Fernando v. Peiris,allowed
commonlii-LKCA-1946-78,47 NLR 301,LKCA,1946,True,Chandrawathie Et Al. v. Peeris Appuhamy,allowed
commonlii-LKCA-1946-79,47 NLR 397,LKCA,1946,True,Abeysuriya Et Al v. Gunawardene Et Al,allowed
commonlii-LKCA-1946-80,47 NLR 31,LKCA,1946,True,Gunawardene v. Baby Nona Et Al,allowed
commonlii-LKCA-1946-82,47 NLR 354,LKCA,1946,True,Sinnathamby Et Al v. Kathirgamu,dismissed
commonlii-LKCA-1946-84,47 NLR 230,LKCA,1946,True,Asia Umma Et Al. v. Cader Lebbe,allowed
commonlii-LKCA-1946-85,47 NLR 433,LKCA,1946,True,Gunaratne v. Thelenis Et Al,dismissed
commonlii-LKCA-1946-86,47 NLR 558,LKCA,1946,True,Hameed v. Anamalay,dismissed
commonlii-LKCA-1946-92,47 NLR 537,LKCA,1946,True,Piyaratana Nayaka Thero v. Dhammananda Nayaka Thero,allowed
commonlii-LKCA-1947-12,49 NLR 20,LKCA,1947,True,Ango Nona v. Muththirulappa Pillai Et Al,set-aside
commonlii-LKCA-1947-18,48 NLR 94,LKCA,1947,True,John Singho v. Beet An Singo Et Al,
commonlii-LKCA-1947-19,48 NLR 353,LKCA,1947,True,Loku Menika v. Selenduhamy,dismissed
commonlii-LKCA-1947-20,49 NLR 76,LKCA,1947,True,Marikar v. Marliya,allowed
commonlii-LKCA-1947-21,48 NLR 379,LKCA,1947,True,Mary Fernando v. Francis Fernando,dismissed
commonlii-LKCA-1947-23,48 NLR 282,LKCA,1947,True,Nazeer Et Al. v. Hassim,set-aside
commonlii-LKCA-1947-25,48 NLR 169,LKCA,1947,True,Rowlands v. Rowlands,dismissed
commonlii-LKCA-1947-31,48 NLR 344,LKCA,1947,True,Peeris v. Appuhamy,dismissed
commonlii-LKCA-1947-32,48 NLR 112,LKCA,1947,True,Simpson v. Omeru Lebbe,dismissed
commonlii-LKCA-1947-33,49 NLR 25,LKCA,1947,True,Tillakaratna Et Al. v. De Silva Et Al,allowed
commonlii-LKCA-1947-34,48 NLR 77,LKCA,1947,True,Meera Pulle v. Gooneratne,affirmed
commonlii-LKCA-1947-35,48 NLR 110,LKCA,1947,True,Appuhamy Et Al. v. Thailammal,allowed
commonlii-LKCA-1947-38,48 NLR 548,LKCA,1947,True,Perera v. Moraes,dismissed
commonlii-LKCA-1947-39,48 NLR 553,LKCA,1947,True,"The Village Committee, Mape-Kesbewa v. Silva",dismissed
commonlii-LKCA-1947-40,48 NLR 220,LKCA,1947,True,Uduma Lebbe Et Al. v. Kiribanda,dismissed
commonlii-LKCA-1947-43,48 NLR 438,LKCA,1947,True,Kiri Mudiyanse v. The Attorney General,allowed
commonlii-LKCA-1947-44,48 NLR 357,LKCA,1947,True,"Ehiya Lebbe v. Majeed, A",dismissed
commonlii-LKCA-1947-48,48 NLR 136,LKCA,1947,True,The Attorney General v. Krishnapillai,set-aside
commonlii-LKCA-1947-49,48 NLR 510,LKCA,1947,True,Arumugaperumal v. The Attorney General,allowed
commonlii-LKCA-1947-52,48 NLR 529,LKCA,1947,True,Noorul Naleefa v. Marikar Hadjiar,allowed
commonlii-LKCA-1947-55,48 NLR 289,LKCA,1947,True,Valliyammai Atchi v. Abdul Majeed,dismissed
commonlii-LKCA-1947-56,48 NLR 505,LKCA,1947,True,Samaranayake v. Seneviratne,dismissed
commonlii-LKCA-1947-57,48 NLR 130,LKCA,1947,True,Punchi Appuhamy v. Hewapedige,allowed
commonlii-LKCA-1947-6,48 NLR 155,LKCA,1947,True,Supramaniam Chettiar v. Saundaranayagam,allowed
commonlii-LKCA-1947-60,48 NLR 318,LKCA,1947,True,Mohideen Et Al. v. Punchi Banda,dismissed
commonlii-LKCA-1947-62,48 NLR 97,LKCA,1947,True,"The Municipal Council of Colombo v. Letchiman Chettair, K.M.N.S.P.[Privy Council Decision]",allowed
commonlii-LKCA-1947-65,49 NLR 21,LKCA,1947,True,Nachchia v. Mohideen Kader,allowed
commonlii-LKCA-1947-69,49 NLR 231,LKCA,1947,True,Sabaratnam Et Al. v. Indo Lanka Provident Insurance Co,dismissed
commonlii-LKCA-1947-71,48 NLR 345,LKCA,1947,True,John Singho v. Pedris Hamy Et Al,set-aside
commonlii-LKCA-1947-72,48 NLR 455,LKCA,1947,True,Marikar v. Siththie Maleeha,allowed
commonlii-LKCA-1947-73,48 NLR 519,LKCA,1947,True,Amerasinghe v. De Alwis,dismissed
commonlii-LKCA-1947-74,48 NLR 320,LKCA,1947,True,Fernando v. Wijesooriya Et Al,allowed
commonlii-LKCA-1947-77,48 NLR 472,LKCA,1947,True,Talagala v. Gangodawila,dismissed
commonlii-LKCA-1947-79,50 NLR 293,LKCA,1947,True,Sachchithananthan v. Sivaguru,dismissed
commonlii-LKCA-1947-83,48 NLR 560,LKCA,1947,True,Peries Et Al. v. Perera Et Al,allowed
commonlii-LKCA-1948-10,50 NLR 409,LKCA,1948,True,Peiris v. De Mel,allowed
commonlii-LKCA-1948-100,49 NLR 357,LKCA,1948,True,Kanagalingam v. Kamalawathie Et Al,allowed
commonlii-LKCA-1948-101,50 NLR 49,LKCA,1948,True,Annam v. Kathiravelupillai,
commonlii-LKCA-1948-102,50 NLR 280,LKCA,1948,True,Singaravelu v. Ponnan Et Al,dismissed
commonlii-LKCA-1948-103,50 NLR 526,LKCA,1948,True,Vellaiyan v. Valliyam Et Al,dismissed
commonlii-LKCA-1948-104,50 NLR 121,LKCA,1948,True,The Archbishop of Colombo v. Veerapathirapillai,allowed
commonlii-LKCA-1948-105,50 NLR 361,LKCA,1948,True,Ananthathurai v. Kanagaratnam,dismissed
commonlii-LKCA-1948-12,49 NLR 145,LKCA,1948,True,Bagsoobhoy v. The Ceylon Wharfage Co. Ltd,allowed
commonlii-LKCA-1948-15,49 NLR 219,LKCA,1948,True,De Silva Et Al. v. De Silva Et Al,set-aside
commonlii-LKCA-1948-16,50 NLR 197,LKCA,1948,True,Dharmadasa v. Meraya,allowed
commonlii-LKCA-1948-2,50 NLR 8,LKCA,1948,True,Catherine Perera Et Al. v. The Missionary Apostolic of Halpatota,dismissed
commonlii-LKCA-1948-20,50 NLR 519,LKCA,1948,True,Girantha v. Maria,set-aside
commonlii-LKCA-1948-21,49 NLR 265,LKCA,1948,True,Hinnihamy Et Al. v. Carolis,dismissed
commonlii-LKCA-1948-22,49 NLR 522,LKCA,1948,True,Jane Nona v. Gunawardene,allowed
commonlii-LKCA-1948-25,50 NLR 59,LKCA,1948,True,Kudoos Bhai v. Visvalingam,allowed
commonlii-LKCA-1948-26,49 NLR 193,LKCA,1948,True,"Sangarapillai v. Indo Lanka Provident Insurance Co., Ltd",allowed
commonlii-LKCA-1948-27,50 NLR 284,LKCA,1948,True,Sopihamy v. Dias,set-aside
commonlii-LKCA-1948-32,49 NLR 329,LKCA,1948,True,Perera Et Al. v. Thomas Sinno Et Al,allowed
commonlii-LKCA-1948-33,49 NLR 286,LKCA,1948,True,Vaz v. Haniffa,dismissed
commonlii-LKCA-1948-36,51 NLR 6,LKCA,1948,True,Sediris v. Dingirimenika Et Al,allowed
commonlii-LKCA-1948-37,50 NLR 513,LKCA,1948,True,Penderlan Et Al. v. Penderlan,dismissed
commonlii-LKCA-1948-38,50 NLR 566,LKCA,1948,True,Palingu Menika v. Mudianse,allowed
commonlii-LKCA-1948-39,50 NLR 176,LKCA,1948,True,Thidoris Perera Et Al. v. Eliza Nona,dismissed
commonlii-LKCA-1948-40,52 NLR 145,LKCA,1948,True,Waduganathan Chettiar v. Gunasena,dismissed
commonlii-LKCA-1948-47,50 NLR 471,LKCA,1948,True,Chelliah Kurukkal v. Vengadasalam,allowed
commonlii-LKCA-1948-49,50 NLR 303,LKCA,1948,True,Cader Saibo v. Ahamadu,allowed
commonlii-LKCA-1948-50,49 NLR 481,LKCA,1948,True,Elaine Muthumani v. Muthumani Et Al,dismissed
commonlii-LKCA-1948-51,49 NLR 517,LKCA,1948,True,Francina Et Al. v. Gunawardene,allowed
commonlii-LKCA-1948-52,50 NLR 93,LKCA,1948,True,Cader v. Nicholas Appuhamy,dismissed
commonlii-LKCA-1948-53,50 NLR 20,LKCA,1948,True,Fernando v. Marshall,dismissed
commonlii-LKCA-1948-55,50 NLR 172,LKCA,1948,True,Wijesekere Et Al. v. Jayawardene,allowed
commonlii-LKCA-1948-56,49 NLR 154,LKCA,1948,True,Colonne v. Senaratne Et Al,
commonlii-LKCA-1948-57,49 NLR 97,LKCA,1948,True,"Jayawardene, Et Al. v. Warnasuriya",allowed
commonlii-LKCA-1948-58,49 NLR 341,LKCA,1948,True,Podimenika Et Al. v. Anthony Appuhamy,dismissed
commonlii-LKCA-1948-59,50 NLR 337,LKCA,1948,True,Lakshmanan Chettiar v. Muttiah Chettiar,allowed
commonlii-LKCA-1948-61,49 NLR 254,LKCA,1948,True,Perera v. Perera,dismissed
commonlii-LKCA-1948-63,51 NLR 392,LKCA,1948,True,Ahamado Muheyadin v. Thembiappah,dismissed
commonlii-LKCA-1948-64,51 NLR 63,LKCA,1948,True,Appu Naide v. Heen Menika Et Al,dismissed
commonlii-LKCA-1948-65,49 NLR 268,LKCA,1948,True,Sellappu v. Punchi Banda,allowed
commonlii-LKCA-1948-67,50 NLR 243,LKCA,1948,True,Ukku v. Horathala,allowed
commonlii-LKCA-1948-7,49 NLR 225,LKCA,1948,True,Setha v. Weerakoon,dismissed
commonlii-LKCA-1948-70,50 NLR 498,LKCA,1948,True,Kirthisinghe v. The Archbishop of Colombo,allowed
commonlii-LKCA-1948-71,50 NLR 143,LKCA,1948,True,Babun Nona Et Al. v. Starrex,allowed
commonlii-LKCA-1948-73,50 NLR 546,LKCA,1948,True,Jayasinghe v. Ramanathan Chettiar,allowed
commonlii-LKCA-1948-76,49 NLR 257,LKCA,1948,True,Almeda Et Al. v. Disanayaka Et Al,dismissed
commonlii-LKCA-1948-77,49 NLR 300,LKCA,1948,True,Somasunderam v. Manickam,dismissed
commonlii-LKCA-1948-78,50 NLR 490,LKCA,1948,True,Kiri Banda v. Weerappa Chettyar,dismissed
commonlii-LKCA-1948-79,50 NLR 192,LKCA,1948,True,Sammy Singho v. Henry Silva,allowed
commonlii-LKCA-1948-80,50 NLR 73,LKCA,1948,True,Mary Nona Et Al. v. Edward De Silva,allowed
commonlii-LKCA-1948-81,49 NLR 121,LKCA,1948,True,Nadarajah Et Al. v. Kanapathy Et Al,allowed
commonlii-LKCA-1948-82,49 NLR 217,LKCA,1948,True,Fernando Et Al. v. Chittambaram Chettiar,dismissed
commonlii-LKCA-1948-83,49 NLR 337,LKCA,1948,True,Selvaguru v. Thyalpager Et Al,dismissed
commonlii-LKCA-1948-86,49 NLR 461,LKCA,1948,True,Atukorale v. Navaratnam,
commonlii-LKCA-1948-89,49 NLR 473,LKCA,1948,True,Gunasena v. Sangaralingam Pillay & Co,dismissed
commonlii-LKCA-1948-90,50 NLR 181,LKCA,1948,True,Hameedu Lebbe Et Al. v. Adam Saibo,allowed
commonlii-LKCA-1948-95,50 NLR 138,LKCA,1948,True,Peiris v. Ratnabarthi Aratchy,allowed
commonlii-LKCA-1948-96,49 NLR 350,LKCA,1948,True,Adonis Fernando Et Al. v. Livera Supreme Court,allowed
commonlii-LKCA-1948-98,49 NLR 274,LKCA,1948,True,Noordeen Lebbe v. Shahul Hameed,allowed
commonlii-LKCA-1948-99,49 NLR 525,LKCA,1948,True,De Vaas v. Mendis Supreme Court,allowed
commonlii-LKCA-1949-14,52 NLR 490,LKCA,1949,True,Rockland Distilleries v. Azeez,dismissed
commonlii-LKCA-1949-17,51 NLR 500,LKCA,1949,True,Thangammah v. Kanagasabai,allowed
commonlii-LKCA-1949-18,51 NLR 138,LKCA,1949,True,Wanigasuriya v. Hinduma Co Operative Society Et Al,allowed
commonlii-LKCA-1949-19,50 NLR 510,LKCA,1949,True,William Singho v. Silva,allowed
commonlii-LKCA-1949-22,52 NLR 474,LKCA,1949,True,Saravanamuttu v. Murugesu,dismissed
commonlii-LKCA-1949-23,51 NLR 121,LKCA,1949,True,Perera (G. A. N. W. P.) v. Fernando Et Al,dismissed
commonlii-LKCA-1949-31,53 NLR 9,LKCA,1949,True,Sinnapody Et Al v. Mannikan Et Al,dismissed
commonlii-LKCA-1949-33,51 NLR 81,LKCA,1949,True,Lewis Appu v. Perera,dismissed
commonlii-LKCA-1949-34,51 NLR 289,LKCA,1949,True,Ponniah Et Al. v. Chelliah Et Al,dismissed
commonlii-LKCA-1949-35,50 NLR 349,LKCA,1949,True,Fernando v. Rasheed,allowed
commonlii-LKCA-1949-36,51 NLR 97,LKCA,1949,True,Perera Et Al. v. De Fonseka Et Al,dismissed
commonlii-LKCA-1949-37,51 NLR 467,LKCA,1949,True,Thinoris De Silva v. Weerasiri,set-aside
commonlii-LKCA-1949-38,53 NLR 323,LKCA,1949,True,Doraiswami Kurukkal v. Thambipillai Et Al,affirmed
commonlii-LKCA-1949-39,51 NLR 199,LKCA,1949,True,"Associated Cement Companies Ltd., Bombay v. Commissioner of Income Tax",dismissed
commonlii-LKCA-1949-4,51 NLR 193,LKCA,1949,True,Public Trustee v. Uduruwana,dismissed
commonlii-LKCA-1949-41,50 NLR 478,LKCA,1949,True,Bandara Manike v. Imbuldeniya,dismissed
commonlii-LKCA-1949-42,51 NLR 430,LKCA,1949,True,Biso Menika v. Punchiamma,dismissed
commonlii-LKCA-1949-44,50 NLR 419,LKCA,1949,True,Karunasena v. Cooray,allowed
commonlii-LKCA-1949-45,51 NLR 516,LKCA,1949,True,Kathirgamu v. Nadarajah,allowed
commonlii-LKCA-1949-49,51 NLR 254,LKCA,1949,True,Ukku Amma Et Al. v. Jema Et Al,dismissed
commonlii-LKCA-1949-51,50 NLR 484,LKCA,1949,True,Nanayakkara v. Abeygunawardene,dismissed
commonlii-LKCA-1949-52,51 NLR 299,LKCA,1949,True,Ismail Lebbe v. Haniffa,set-aside
commonlii-LKCA-1949-55,51 NLR 276,LKCA,1949,True,Punhimahatmaya v. Medagama,allowed
commonlii-LKCA-1949-56,51 NLR 355,LKCA,1949,True,Carolisappu v. Anagihamy Et Al,dismissed
commonlii-LKCA-1949-6,52 NLR 59,LKCA,1949,True,Ponna v. Muthuwa Et Al,dismissed
commonlii-LKCA-1949-60,51 NLR 145,LKCA,1949,True,Vander Poorten v. Vander Poorten Et Al,
commonlii-LKCA-1949-61,50 NLR 564,LKCA,1949,True,Fernando Et Al. v. Jayasuriya,allowed
commonlii-LKCA-1949-62,53 NLR 5,LKCA,1949,True,Senathiraja v. Marimuttu,set-aside
commonlii-LKCA-1949-8,51 NLR 549,LKCA,1949,True,Edirisinghe v. District Judge of Matara,
commonlii-LKCA-1950-1,52 NLR 396,LKCA,1950,True,Nallakaruppen Chettiar Et Al. v. Hepponstall,allowed
commonlii-LKCA-1950-11,53 NLR 18,LKCA,1950,True,Thomas Silva v. Hemalatha Hamine,dismissed
commonlii-LKCA-1950-14,51 NLR 372,LKCA,1950,True,Punnananda v. Weliwitiye Soratha,dismissed
commonlii-LKCA-1950-18,53 NLR 364,LKCA,1950,True,Arulanantham Et Al v. Attorney General,dismissed
commonlii-LKCA-1950-25,52 NLR 115,LKCA,1950,True,Elpi Nona v. Punchi Singho Et Al,allowed
commonlii-LKCA-1950-26,51 NLR 337,LKCA,1950,True,Sirisoma Et Al. v. Sarnelis Appuhamy Et Al,
commonlii-LKCA-1950-27,52 NLR 1,LKCA,1950,True,Mackie Et Al. v. The Attorney General,allowed
commonlii-LKCA-1950-28,53 NLR 377,LKCA,1950,True,Silva v. Silva,dismissed
commonlii-LKCA-1950-29,52 NLR 426,LKCA,1950,True,Moosajee v. Fernando,dismissed
commonlii-LKCA-1950-3,52 NLR 393,LKCA,1950,True,Kumarajeeva v. Susana Fernando Et Al,allowed
commonlii-LKCA-1950-31,53 NLR 89,LKCA,1950,True,Suppiah Et Al v. Situnayake,allowed
commonlii-LKCA-1950-35,52 NLR 204,LKCA,1950,True,Fernandopulle v. Perera Appuhamy,allowed
commonlii-LKCA-1950-38,56 NLR 345,LKCA,1950,True,Adamjee v. Sadeen,dismissed
commonlii-LKCA-1950-39,51 NLR 509,LKCA,1950,True,Idroos Sathuk v. Sittie Leyaudeen.Et Al,dismissed
commonlii-LKCA-1950-4,52 NLR 49,LKCA,1950,True,Abeykoon Hamine v. Appuhamy,set-aside
commonlii-LKCA-1950-40,52 NLR 171,LKCA,1950,True,Jayatunge Et Al. v. Ramasamy Chettiar,allowed
commonlii-LKCA-1950-41,51 NLR 553,LKCA,1950,True,Seneviratne v. Seneviratne,dismissed
commonlii-LKCA-1950-42,52 NLR 169,LKCA,1950,True,Vallipuram Et Al. v. Gasperson Et Al,allowed
commonlii-LKCA-1950-44,51 NLR 317,LKCA,1950,True,Thevchanamoorthy Et Al. v. Appakuddy Et Al,allowed
commonlii-LKCA-1950-45,52 NLR 108,LKCA,1950,True,Valliappa Chettiar V J. Vander Poorten,dismissed
commonlii-LKCA-1950-47,52 NLR 314,LKCA,1950,True,Ausadahamy Et Al. v. Tikiri Banda,dismissed
commonlii-LKCA-1950-48,51 NLR 575,LKCA,1950,True,Romanis v. Haramanissa,dismissed
commonlii-LKCA-1950-49,51 NLR 361,LKCA,1950,True,"Wijesuriya, H.E. v. Attorney General",dismissed
commonlii-LKCA-1950-51,52 NLR 51,LKCA,1950,True,Dias v. Peries,allowed
commonlii-LKCA-1950-61,53 NLR 299,LKCA,1950,True,Natchire v. Lewis Hamy Et Al,allowed
commonlii-LKCA-1950-62,53 NLR 183,LKCA,1950,True,Perera v. Dias,dismissed
commonlii-LKCA-1950-63,52 NLR 97,LKCA,1950,True,Muttalibu v. Hameed,dismissed
commonlii-LKCA-1950-65,52 NLR 332,LKCA,1950,True,Dona Elishamy Et Al. v. Don Julis Appuhamy,
commonlii-LKCA-1950-68,51 NLR 308,LKCA,1950,True,Perera v. John Appuhamy,allowed
commonlii-LKCA-1950-69,53 NLR 150,LKCA,1950,True,Sivasubramaniam v. Alagamuttu,dismissed
commonlii-LKCA-1950-7,52 NLR 62,LKCA,1950,True,Kathirithamby Et Al. v. Subramaniam,dismissed
commonlii-LKCA-1950-71,52 NLR 225,LKCA,1950,True,Thambapillai v. Nagamanipillai Et Al,set-aside
commonlii-LKCA-1950-74,53 NLR 334,LKCA,1950,True,Sooranammah v. Amirnathapillai Et Al,
commonlii-LKCA-1950-76,52 NLR 193,LKCA,1950,True,Marikkar v. Lebbe,dismissed
commonlii-LKCA-1950-77,(2000) 2 Sri LR 40,LKCA,1950,True,Appuhamy and Another v. Menike and Others,dismissed
commonlii-LKCA-1951-1,53 NLR 1,LKCA,1951,True,Mohammado Cassim v. Mahmood Lebbe,
commonlii-LKCA-1951-11,54 NLR 207,LKCA,1951,True,Peeris v. Savunhamy,allowed
commonlii-LKCA-1951-12,52 NLR 207,LKCA,1951,True,Sivagurunathan v. Doresamy Et Al,
commonlii-LKCA-1951-16,79 NLR 289,LKCA,1951,True,Dhammananda Thero v. Saddananda Thero,
commonlii-LKCA-1951-19,53 NLR 497,LKCA,1951,True,Danasekara v. Ranmenika Et Al,dismissed
commonlii-LKCA-1951-2,53 NLR 97,LKCA,1951,True,Muttucumarasamy v. Sathasivam Et Al,allowed
commonlii-LKCA-1951-20,52 NLR 269,LKCA,1951,True,Hamid v. Marikar Et Al,dismissed
commonlii-LKCA-1951-22,52 NLR 462,LKCA,1951,True,Justin Fernando v. Abdul Rahaman,allowed
commonlii-LKCA-1951-23,54 NLR 137,LKCA,1951,True,Kandiah v. Saraswathy,set-aside
commonlii-LKCA-1951-25,52 NLR 477,LKCA,1951,True,"Lanka Estates Agency, Ltd. v. Corea",allowed
commonlii-LKCA-1951-27,53 NLR 273,LKCA,1951,True,Nadarajah v. Paththakuddy,allowed
commonlii-LKCA-1951-3,52 NLR 289,LKCA,1951,True,Siyaneris v. Jayasinghe Udenis De Silva,allowed
commonlii-LKCA-1951-30,53 NLR 121,LKCA,1951,True,Sellappah v. Sinnadurai Et Al,dismissed
commonlii-LKCA-1951-34,53 NLR 241,LKCA,1951,True,Wijensinghe v. Sonnadara,allowed
commonlii-LKCA-1951-4,53 NLR 515,LKCA,1951,True,Appuhamy v. Edwin,allowed
commonlii-LKCA-1951-47,53 NLR 302,LKCA,1951,True,Ibrahim v. Alagammah Et Al,allowed
commonlii-LKCA-1951-48,53 NLR 119,LKCA,1951,True,Kandappu v. Veeragathy Et Al,dismissed
commonlii-LKCA-1951-49,52 NLR 221,LKCA,1951,True,Manuelpillai v. Nallamma,dismissed
commonlii-LKCA-1951-50,53 NLR 217,LKCA,1951,True,West v. Abeyawardena,allowed
commonlii-LKCA-1951-51,53 NLR 289,LKCA,1951,True,Attorney General v. Hale,dismissed
commonlii-LKCA-1951-52,53 NLR 354,LKCA,1951,True,Kobbekaduwa v. Seneviratneet Al,dismissed
commonlii-LKCA-1951-53,53 NLR 457,LKCA,1951,True,Sangarakkita Thero v. Buddarakkita Thero,dismissed
commonlii-LKCA-1951-55,53 NLR 169,LKCA,1951,True,Hewavitharna v. Chandrawathie Et Al,set-aside
commonlii-LKCA-1951-56,53 NLR 475,LKCA,1951,True,Mrs. Noor Mohideen Et Al v. Hadood Sadoon Et Al,dismissed
commonlii-LKCA-1951-57,53 NLR 179,LKCA,1951,True,"Francisco v. Swadeshi Industrial Works, Ltd",dismissed
commonlii-LKCA-1951-58,53 NLR 361,LKCA,1951,True,Kiri Banda v. Punchiappuhamy Et Al,set-aside
commonlii-LKCA-1951-59,54 NLR 28,LKCA,1951,True,Thangavelauthan v. Saverimuttu,set-aside
commonlii-LKCA-1951-6,54 NLR 337,LKCA,1951,True,"Chelliah, S.K. v. Wijenathan, M",set-aside
commonlii-LKCA-1951-66,52 NLR 278,LKCA,1951,True,Fernando v. Samaraweera,allowed
commonlii-LKCA-1951-7,53 NLR 15,LKCA,1951,True,Mariam Beevi Et Al v. Ruqqiah Umma,set-aside
commonlii-LKCA-1951-73,52 NLR 191,LKCA,1951,True,Wimalasuriya v. Ponniah,allowed
commonlii-LKCA-1951-74,53 NLR 495,LKCA,1951,True,Mohamed Cassim v. Abdul Jabbar Et Al,allowed
commonlii-LKCA-1951-75,52 NLR 499,LKCA,1951,True,Jayaratne v. Ranapura,dismissed
commonlii-LKCA-1951-76,53 NLR 444,LKCA,1951,True,Karunaratne v. Sirimalie,
commonlii-LKCA-1951-77,53 NLR 472,LKCA,1951,True,Velupillai Et Al v. Pulendra Et Al,allowed
commonlii-LKCA-1951-78,53 NLR 347,LKCA,1951,True,Lucia Perera v. Martin Perera Et Al,allowed
commonlii-LKCA-1951-8,52 NLR 536,LKCA,1951,True,Abdul Cader v. Sittinisa,set-aside
commonlii-LKCA-1951-81,53 NLR 490,LKCA,1951,True,Arumugam Et Al v. Arumugam,allowed
commonlii-LKCA-1951-83,54 NLR 110,LKCA,1951,True,Rasammah v. Karthigesu,dismissed
commonlii-LKCA-1951-84,53 NLR 247,LKCA,1951,True,Velupillai Et Al v. Manomany,allowed
commonlii-LKCA-1951-9,53 NLR 488,LKCA,1951,True,Carthelis Appuhamy v. Siriwardena,dismissed
commonlii-LKCA-1952-10,54 NLR 361,LKCA,1952,True,"Selvaguru, T. v. Thaialpagar, G",dismissed
commonlii-LKCA-1952-13,54 NLR 113,LKCA,1952,True,Bastiam Pillai v. Anna Fernando,allowed
commonlii-LKCA-1952-15,53 NLR 337,LKCA,1952,True,David v. Mendis Et Al,dismissed
commonlii-LKCA-1952-18,54 NLR 145,LKCA,1952,True,Public Trustee v. Mrs. N. Seneviratne,dismissed
commonlii-LKCA-1952-19,55 NLR 1,LKCA,1952,True,"Bahar, B.J.H. v. Burah, T.K",set-aside
commonlii-LKCA-1952-20,54 NLR 428,LKCA,1952,True,"Baptist, B.K. v. Ekanayake",set-aside
commonlii-LKCA-1952-29,54 NLR 185,LKCA,1952,True,Waduganathan Chettiar v. Sena Abdul Cassim,dismissed
commonlii-LKCA-1952-31,54 NLR 484,LKCA,1952,True,"Appu Naide v. V. Dingiri Naide, V",allowed
commonlii-LKCA-1952-32,54 NLR 169,LKCA,1952,True,Olive Hughes v. Perera Et Al,allowed
commonlii-LKCA-1952-34,54 NLR 154,LKCA,1952,True,Alles v. Krishnan,dismissed
commonlii-LKCA-1952-37,55 NLR 176,LKCA,1952,True,"Sivasambu, S. v. Kathiresar Ambagar",allowed
commonlii-LKCA-1952-4,54 NLR 446,LKCA,1952,True,Jainudeen v. Murugiah,allowed
commonlii-LKCA-1952-43,53 NLR 536,LKCA,1952,True,Girigoris Perera v. Rosaline Perera,dismissed
commonlii-LKCA-1952-44,54 NLR 416,LKCA,1952,True,"Jeyasingham, R. v. De Almedia, M",allowed
commonlii-LKCA-1952-45,54 NLR 512,LKCA,1952,True,"Solomon, W.R.A. v. Don William Singho, W.A",set-aside
commonlii-LKCA-1952-48,54 NLR 174,LKCA,1952,True,Mohaideen v. Maricair,allowed
commonlii-LKCA-1952-49,53 NLR 505,LKCA,1952,True,Attorney General v. Valliyammai Atchi,dismissed
commonlii-LKCA-1952-50,54 NLR 249,LKCA,1952,True,"Banda, R.M. v. Alitamby, A",allowed
commonlii-LKCA-1952-52,54 NLR 49,LKCA,1952,True,Weerasuriya v. Fuard,allowed
commonlii-LKCA-1952-53,53 NLR 448,LKCA,1952,True,V.A.Appuhamy v. Belin Nona,allowed
commonlii-LKCA-1952-54,54 NLR 121,LKCA,1952,True,"Nagalingam, A. v. Thanabalasingham, A",allowed
commonlii-LKCA-1952-59,54 NLR 130,LKCA,1952,True,Archbishop of Colombo v. Don Alexander,allowed
commonlii-LKCA-1952-6,54 NLR 563,LKCA,1952,True,"Pannananda Thero, P. v. Piyaratna Thero",set-aside
commonlii-LKCA-1952-60,54 NLR 181,LKCA,1952,True,Dadalle Dharmalankara Thero v. Ahamadulebbe Marikkar,dismissed
commonlii-LKCA-1952-70,54 NLR 241,LKCA,1952,True,"Kanagasabai, S.C. v. Velupillai",dismissed
commonlii-LKCA-1952-71,54 NLR 440,LKCA,1952,True,Saparamadu v. Sanderatne,set-aside
commonlii-LKCA-1952-72,55 NLR 133,LKCA,1952,True,Ramalingam v. V. Mangaleswari,allowed
commonlii-LKCA-1952-73,54 NLR 1,LKCA,1952,True,David Perera v. Endiris Singho,dismissed
commonlii-LKCA-1952-74,54 NLR 197,LKCA,1952,True,Ratnayake v. Mary Nona,allowed
commonlii-LKCA-1952-76,54 NLR 559,LKCA,1952,True,"Latifa Umma, K.H.L.M.L. v. Jemaldeen",allowed
commonlii-LKCA-1952-77,54 NLR 462,LKCA,1952,True,"Muthuvel, K. v. Markandu, N.A",allowed
commonlii-LKCA-1952-78,55 NLR 14,LKCA,1952,True,"Thesigar, A.T.P. v. Ganeshalingam, V",dismissed
commonlii-LKCA-1952-79,54 NLR 343,LKCA,1952,True,Maud David v. Grace Roberts,dismissed
commonlii-LKCA-1952-80,(1984) 1 Sri LR 78,LKCA,1952,True,Somawathie v. Simon Perera,dismissed
commonlii-LKCA-1953-10,55 NLR 335,LKCA,1953,True,"C. A. Odiris Silva & Sons, Ltd. v. Jayawardene, P",dismissed
commonlii-LKCA-1953-13,55 NLR 236,LKCA,1953,True,Setun Bibee v. Abusally Marikar,allowed
commonlii-LKCA-1953-16,55 NLR 124,LKCA,1953,True,"Jafferjee, A.A. v. Cyril De Zoysa",allowed
commonlii-LKCA-1953-2,55 NLR 319,LKCA,1953,True,"Naganathar, C. v. Velautham, S",allowed
commonlii-LKCA-1953-21,54 NLR 529,LKCA,1953,True,"Attorney General v. Silva, A.D",allowed
commonlii-LKCA-1953-24,54 NLR 270,LKCA,1953,True,Noorul Muheetha v. Sittie Leyaudeen,dismissed
commonlii-LKCA-1953-25,55 NLR 274,LKCA,1953,True,"Don Abraham, G. v. Samarakkody, C.C.D",dismissed
commonlii-LKCA-1953-26,55 NLR 496,LKCA,1953,True,Ramaswami Iyengar v. V. Attorney General,allowed
commonlii-LKCA-1953-28,55 NLR 316,LKCA,1953,True,"Thepanisa, P. v. Haramanisa, P",dismissed
commonlii-LKCA-1953-29,54 NLR 553,LKCA,1953,True,Bridget Antony v. Imelda Weerasekera,dismissed
commonlii-LKCA-1953-32,55 NLR 108,LKCA,1953,True,"Dissanayake, L.A. v. Punchi Menikke, G.M",allowed
commonlii-LKCA-1953-34,55 NLR 343,LKCA,1953,True,"Ratwatte, P.B. v. Arthur Silva, P",dismissed
commonlii-LKCA-1953-35,54 NLR 457,LKCA,1953,True,"Perera, M.S. v. Unantenna",allowed
commonlii-LKCA-1953-36,55 NLR 180,LKCA,1953,True,"Abdul W. M. N. Hameen v. Sugathadasa, H.S.P",allowed
commonlii-LKCA-1953-38,55 NLR 152,LKCA,1953,True,"Chettinad Corporation Ltd. v. Zaneek, A.M.M",set-aside
commonlii-LKCA-1953-47,55 NLR 130,LKCA,1953,True,Swami Sivagnanda v. Bishop of Kandy,dismissed
commonlii-LKCA-1953-54,55 NLR 539,LKCA,1953,True,"Kumarasingha, D.N.W.A. v. Andirishamy, H",
commonlii-LKCA-1953-55,56 NLR 83,LKCA,1953,True,Sedarahamy Et Al. v. Abubucker Et Al,dismissed
commonlii-LKCA-1953-59,55 NLR 185,LKCA,1953,True,"Vythilingam v. V. Vairamuttu, K",allowed
commonlii-LKCA-1953-9,55 NLR 289,LKCA,1953,True,Sithamparanather Mailvaganam v. Kumaraswamy Kurukkal Ramanatha Aiyar,allowed
commonlii-LKCA-1954-1,55 NLR 562,LKCA,1954,True,"Simeon Silva, E. v. Sivasupramaniam Ambalam, A.K.N",allowed
commonlii-LKCA-1954-100,56 NLR 370,LKCA,1954,True,Misso v. Mohamedally Et Al,allowed
commonlii-LKCA-1954-101,57 NLR 494,LKCA,1954,True,Hendrick Et Al. v. Podinona,dismissed
commonlii-LKCA-1954-102,56 NLR 182,LKCA,1954,True,Silinduhamy Et Al. v. Weeraperuma,
commonlii-LKCA-1954-103,55 NLR 523,LKCA,1954,True,"Sameem, M.U.M. v. Dep. W.W",dismissed
commonlii-LKCA-1954-104,56 NLR 376,LKCA,1954,True,Sivagurunathan Et Al. v. Visaladchi Et Al,allowed
commonlii-LKCA-1954-105,55 NLR 298,LKCA,1954,True,V. Sivapiragasam v. Vellaiyan.S,allowed
commonlii-LKCA-1954-106,57 NLR 463,LKCA,1954,True,Murugesoe Et Al. v. Chelliah Et Al,allowed
commonlii-LKCA-1954-107,56 NLR 563,LKCA,1954,True,Theobald Et Al. v. Arambepola Et Al,allowed
commonlii-LKCA-1954-11,55 NLR 249,LKCA,1954,True,Waharaka Sobitha Unnanse v. Amunugama Piyaratana Unnanse,affirmed
commonlii-LKCA-1954-12,56 NLR 425,LKCA,1954,True,Waseela Umma v. Sally Et Al,set-aside
commonlii-LKCA-1954-13,55 NLR 347,LKCA,1954,True,"Bastian Silva, G.P. v. William Silva, W.G.M",
commonlii-LKCA-1954-17,55 NLR 345,LKCA,1954,True,"Anglo Ceylon and General Estates Co., Ltd. v. Abusalie",allowed
commonlii-LKCA-1954-2,57 NLR 515,LKCA,1954,True,Soothiratnam Et Al. v. Annamma,set-aside
commonlii-LKCA-1954-20,55 NLR 313,LKCA,1954,True,Kirikitta Saranankara Thero v. Medegama Dhammananda Thero,allowed
commonlii-LKCA-1954-28,56 NLR 145,LKCA,1954,True,Jayalath Et Al. v. Abdul Razak Et Al,dismissed
commonlii-LKCA-1954-3,57 NLR 300,LKCA,1954,True,Coorey v. Jayawickrema,allowed
commonlii-LKCA-1954-30,56 NLR 439,LKCA,1954,True,Justin De Silva v. Niculas,allowed
commonlii-LKCA-1954-31,58 NLR 97,LKCA,1954,True,Nandawathie De Silva v. Yasawathie De Silva,set-aside
commonlii-LKCA-1954-35,55 NLR 544,LKCA,1954,True,"Sirimala Veda, R.T. v. Siripala, P.T",allowed
commonlii-LKCA-1954-36,57 NLR 252,LKCA,1954,True,Thambipillai v. Canagaratne,set-aside
commonlii-LKCA-1954-41,56 NLR 241,LKCA,1954,True,Agnes Perera v. Edward Perera,dismissed
commonlii-LKCA-1954-42,56 NLR 95,LKCA,1954,True,Chellan v. Ponnan Et Al,allowed
commonlii-LKCA-1954-43,56 NLR 250,LKCA,1954,True,Githohamy Et Al. v. Karanagoda Et Al,allowed
commonlii-LKCA-1954-44,56 NLR 73,LKCA,1954,True,Jayatilleke Et Al. v. Siriwardena Et Al,allowed
commonlii-LKCA-1954-45,56 NLR 546,LKCA,1954,True,Liyanage v. Thegiris,dismissed
commonlii-LKCA-1954-46,56 NLR 176,LKCA,1954,True,Murugiah v. Jainudeen,dismissed
commonlii-LKCA-1954-5,56 NLR 221,LKCA,1954,True,Sarnelis Appuhamy v. Ram Iswara,allowed
commonlii-LKCA-1954-53,57 NLR 427,LKCA,1954,True,Kodikara v. Fernando,allowed
commonlii-LKCA-1954-54,55 NLR 529,LKCA,1954,True,"Saverimuttu, S. v. Thangavelautham, P",dismissed
commonlii-LKCA-1954-56,56 NLR 39,LKCA,1954,True,Singarayer v. Attorney General,allowed
commonlii-LKCA-1954-6,55 NLR 426,LKCA,1954,True,"Selvam, A.G. v. Kuddipillai, N",set-aside
commonlii-LKCA-1954-62,55 NLR 433,LKCA,1954,True,"Wijeratne, W.M.D.D.G. v. Gabriel, K.D",set-aside
commonlii-LKCA-1954-65,56 NLR 265,LKCA,1954,True,Baiya v. Karunasekera,set-aside
commonlii-LKCA-1954-66,57 NLR 541,LKCA,1954,True,Thassim v. Suleiman,dismissed
commonlii-LKCA-1954-67,55 NLR 385,LKCA,1954,True,Raliya Umma v. Mohamed,dismissed
commonlii-LKCA-1954-69,57 NLR 486,LKCA,1954,True,Kida Silva v. Builis Silva,set-aside
commonlii-LKCA-1954-70,58 NLR 185,LKCA,1954,True,Krishnapillai v. Manicam,allowed
commonlii-LKCA-1954-71,56 NLR 418,LKCA,1954,True,Nuhman Et Al. v. Abdul Nakeem Et Al,set-aside
commonlii-LKCA-1954-72,56 NLR 12,LKCA,1954,True,Fuard v. Weerasuriya,dismissed
commonlii-LKCA-1954-73,55 NLR 387,LKCA,1954,True,"Suwaris, S.L. v. Samarajeeva, E.D",
commonlii-LKCA-1954-74,55 NLR 558,LKCA,1954,True,"Harriet Samarasekera Vlakshami Munasinghe, L",set-aside
commonlii-LKCA-1954-75,55 NLR 369,LKCA,1954,True,"Premathiratne, K.L. v. Elo Fernando, N",
commonlii-LKCA-1954-77,55 NLR 260,LKCA,1954,True,"Kannammah v. Sanmugalingam, T",set-aside
commonlii-LKCA-1954-79,56 NLR 511,LKCA,1954,True,Lokubanda Arachchi Et Al. v. Mohamed Et Al,allowed
commonlii-LKCA-1954-8,57 NLR 27,LKCA,1954,True,Muththal Achy v. Murugappa Chettiar Et Al,allowed
commonlii-LKCA-1954-80,56 NLR 1,LKCA,1954,True,Edwin De Silva v. Karunadasa De Silva,allowed
commonlii-LKCA-1954-82,56 NLR 243,LKCA,1954,True,Charles Appuhamy v. Abeyesekera,dismissed
commonlii-LKCA-1954-83,55 NLR 337,LKCA,1954,True,"Dias, M.M. v. Vincent Gomes, P",allowed
commonlii-LKCA-1954-85,55 NLR 277,LKCA,1954,True,"Heenatigala, W. v. Bird, L.G",allowed
commonlii-LKCA-1954-86,56 NLR 465,LKCA,1954,True,Kanagaletchumy Et Al. v. Marikair,dismissed
commonlii-LKCA-1954-89,55 NLR 367,LKCA,1954,True,"Sideek, A.H.M. v. Sainambu Natchia, A.R.M",allowed
commonlii-LKCA-1954-91,56 NLR 161,LKCA,1954,True,Suppiah Chettiyar Et Al. v. Samarakoon,allowed
commonlii-LKCA-1954-94,56 NLR 111,LKCA,1954,True,Visvalingam v. Gajaweera,allowed
commonlii-LKCA-1954-96,55 NLR 575,LKCA,1954,True,"Wijesekera, G.H.D. v. Kanapathipillai, K",dismissed
commonlii-LKCA-1954-99,56 NLR 44,LKCA,1954,True,"Kumaraswamy, K. v. Subramaniam, K",allowed
commonlii-LKCA-1955-10,57 NLR 130,LKCA,1955,True,Subramaniam v. Kumaraswamy Et Al,
commonlii-LKCA-1955-18,57 NLR 372,LKCA,1955,True,Jinaratana Thero v. Dhammaratana Thero,dismissed
commonlii-LKCA-1955-19,57 NLR 445,LKCA,1955,True,Nandarama v. Rathanapala,dismissed
commonlii-LKCA-1955-2,57 NLR 376,LKCA,1955,True,Babee Et Al v. Naida Et Al,allowed
commonlii-LKCA-1955-20,56 NLR 413,LKCA,1955,True,Pemananda Thero v. Thomas Perera,allowed
commonlii-LKCA-1955-21,56 NLR 322,LKCA,1955,True,Rev. Moragolle Sumangala v. Rev. Kiribamune Piyadassi,allowed
commonlii-LKCA-1955-24,57 NLR 228,LKCA,1955,True,Mohamed Et Al. v. Abdul Gafoor,allowed
commonlii-LKCA-1955-29,57 NLR 166,LKCA,1955,True,Nallathamby Et Al. v. Somasunderam-Kurukkal,allowed
commonlii-LKCA-1955-3,57 NLR 241,LKCA,1955,True,Kandavanam Et Al. v. Kandaswamy Et Al,allowed
commonlii-LKCA-1955-30,58 NLR 75,LKCA,1955,True,Raman v. Manickam,allowed
commonlii-LKCA-1955-36,56 NLR 491,LKCA,1955,True,Fernando Et Al. v. Podi Nona Et Al,allowed
commonlii-LKCA-1955-37,58 NLR 83,LKCA,1955,True,Gunasekara v. Silva,set-aside
commonlii-LKCA-1955-38,56 NLR 402,LKCA,1955,True,Rodrigo v. Narayanasamy,dismissed
commonlii-LKCA-1955-39,57 NLR 559,LKCA,1955,True,Dingiri Naide Et Al. v. Kirimenike,dismissed
commonlii-LKCA-1955-4,57 NLR 97,LKCA,1955,True,Thambipillai Et Al. v. Muthucumaraswamy Et Al,
commonlii-LKCA-1955-41,56 NLR 361,LKCA,1955,True,Amarasekara v. Abeygunawardena,allowed
commonlii-LKCA-1955-45,57 NLR 1,LKCA,1955,True,Thaheer Et Al. v. Abdeen,allowed
commonlii-LKCA-1955-50,58 NLR 438,LKCA,1955,True,Ahayani Umma v. Kamaldeen,dismissed
commonlii-LKCA-1955-51,57 NLR 134,LKCA,1955,True,Heen Banda v. Sinniah Et Al,dismissed
commonlii-LKCA-1955-53,57 NLR 42,LKCA,1955,True,Fernando v. Attorney General,dismissed
commonlii-LKCA-1955-54,56 NLR 337,LKCA,1955,True,Setuwa Et Al. v. Ukku Et Al,allowed
commonlii-LKCA-1955-59,56 NLR 477,LKCA,1955,True,Annamalai Chettiar v. Greasy Et Al,set-aside
commonlii-LKCA-1955-60,57 NLR 283,LKCA,1955,True,Charles Perera v. De Costa,dismissed
commonlii-LKCA-1955-62,56 NLR 574,LKCA,1955,True,De Silva v. Abeyaratne,set-aside
commonlii-LKCA-1955-63,56 NLR 381,LKCA,1955,True,Jayasinghe v. Goolam Hussein Et Al,allowed
commonlii-LKCA-1955-65,57 NLR 108,LKCA,1955,True,Munidasa v. Richard Appuhamy,allowed
commonlii-LKCA-1955-67,58 NLR 169,LKCA,1955,True,Pathirana v. Jayasundara,dismissed
commonlii-LKCA-1955-69,56 NLR 357,LKCA,1955,True,Silva Et Al. v. Muniamma,allowed
commonlii-LKCA-1955-7,58 NLR 566,LKCA,1955,True,Abilian v. Davith Singho,allowed
commonlii-LKCA-1955-71,58 NLR 387,LKCA,1955,True,Thambipillai v. Muthucumarasamy,allowed
commonlii-LKCA-1955-73,57 NLR 260,LKCA,1955,True,Sinna Marikair v. Thangaratnam,affirmed
commonlii-LKCA-1955-74,56 NLR 553,LKCA,1955,True,"Subbiahpillai v. M. A. Sheriff & Co., Ltd",allowed
commonlii-LKCA-1955-75,58 NLR 462,LKCA,1955,True,Ratnayake v. Amarasekere,dismissed
commonlii-LKCA-1955-76,57 NLR 25,LKCA,1955,True,Weerakoon Et Al. v. Waas Et Al,allowed
commonlii-LKCA-1955-77,56 NLR 498,LKCA,1955,True,Dharmaratne v. Fernando,allowed
commonlii-LKCA-1955-78,60 NLR 46,LKCA,1955,True,Mohotti Appu v. Wijewardene,allowed
commonlii-LKCA-1955-79,57 NLR 361,LKCA,1955,True,Dharmawathie Hamine v. Kira,dismissed
commonlii-LKCA-1955-8,57 NLR 72,LKCA,1955,True,Careem v. Uvais,
commonlii-LKCA-1955-80,57 NLR 332,LKCA,1955,True,Saravanamuttu v. Nadarajah,dismissed
commonlii-LKCA-1955-82,57 NLR 396,LKCA,1955,True,Potuhera v. Ukku Menika,dismissed
commonlii-LKCA-1956-1,58 NLR 162,LKCA,1956,True,Abdul Cader v. Munasinghe,allowed
commonlii-LKCA-1956-11,58 NLR 78,LKCA,1956,True,Cassaly v. Buhary,set-aside
commonlii-LKCA-1956-13,60 NLR 340,LKCA,1956,True,Edwin v. Dias,dismissed
commonlii-LKCA-1956-14,59 NLR 60,LKCA,1956,True,Gabriel Perera v. Chandrasekera,allowed
commonlii-LKCA-1956-15,59 NLR 476,LKCA,1956,True,H. W. Amarasuriya Estates Ltd. v. Ratnayake,set-aside
commonlii-LKCA-1956-16,60 NLR 229,LKCA,1956,True,Marshal Perera v. Elizabeth Fernando,set-aside
commonlii-LKCA-1956-17,57 NLR 511,LKCA,1956,True,Mathew v. Mathew,set-aside
commonlii-LKCA-1956-18,57 NLR 440,LKCA,1956,True,"Perera Et Al.,V. Perera",allowed
commonlii-LKCA-1956-20,60 NLR 448,LKCA,1956,True,Sirimalie v. Pinchi Ukku,set-aside
commonlii-LKCA-1956-22,58 NLR 89,LKCA,1956,True,Syadu Varusai v. Weerasekeram,dismissed
commonlii-LKCA-1956-23,57 NLR 562,LKCA,1956,True,Urban Council of Dehiwela Mount Lavinia Et Al. v. Andy Silva,allowed
commonlii-LKCA-1956-26,59 NLR 518,LKCA,1956,True,Alwis v. Pieris Appuhamy,allowed
commonlii-LKCA-1956-27,60 NLR 474,LKCA,1956,True,Charles v. Juse Appu,allowed
commonlii-LKCA-1956-28,58 NLR 133,LKCA,1956,True,Fernando v. Perera,set-aside
commonlii-LKCA-1956-29,59 NLR 208,LKCA,1956,True,Halahakone v. Fernando,set-aside
commonlii-LKCA-1956-30,58 NLR 41,LKCA,1956,True,Kanapathipillai v. Meerasaibo,allowed
commonlii-LKCA-1956-31,57 NLR 521,LKCA,1956,True,Thomas Et Al. v. Fernando,allowed
commonlii-LKCA-1956-32,58 NLR 114,LKCA,1956,True,Fernando v. Jossie,allowed
commonlii-LKCA-1956-33,58 NLR 303,LKCA,1956,True,De Silva v. Zoysa,allowed
commonlii-LKCA-1956-34,59 NLR 14,LKCA,1956,True,Nomis Perera v. Masinghe,allowed
commonlii-LKCA-1956-37,60 NLR 35,LKCA,1956,True,Sabaratnam v. Kandavanam,remitted
commonlii-LKCA-1956-38,60 NLR 560,LKCA,1956,True,Wijegoonetilleke v. Wijegoonetilleke,dismissed
commonlii-LKCA-1956-44,58 NLR 33,LKCA,1956,True,Caffoor v. Hamza,allowed
commonlii-LKCA-1956-45,57 NLR 449,LKCA,1956,True,Packirmuhaiyadeen Et Al. v. Asiaumma Et Al,allowed
commonlii-LKCA-1956-47,58 NLR 126,LKCA,1956,True,Davoodbhoy v. Farook,dismissed
commonlii-LKCA-1956-49,59 NLR 348,LKCA,1956,True,Marian v. Jesuthasan,dismissed
commonlii-LKCA-1956-50,58 NLR 217,LKCA,1956,True,Mohamedaly Adamjee v. Hadad Sadeen,allowed
commonlii-LKCA-1956-52,58 NLR 489,LKCA,1956,True,Salishamy v. Salishamy,set-aside
commonlii-LKCA-1956-53,58 NLR 287,LKCA,1956,True,Kirigeris Appuhamy v. Nazir,set-aside
commonlii-LKCA-1956-56,58 NLR 337,LKCA,1956,True,Dayanganie v. Somawathie,dismissed
commonlii-LKCA-1956-57,59 NLR 543,LKCA,1956,True,Podimenike Kumarihamy v. Abeykoon Banda,allowed
commonlii-LKCA-1956-60,58 NLR 361,LKCA,1956,True,The Colombo Apothecaries Company Limited v. Peiris,allowed
commonlii-LKCA-1956-62,60 NLR 262,LKCA,1956,True,Bandara Menika v. De Silva,allowed
commonlii-LKCA-1956-63,57 NLR 327,LKCA,1956,True,Britto v. Heenatigala,allowed
commonlii-LKCA-1956-66,58 NLR 159,LKCA,1956,True,Meera v. Jayawardene,allowed
commonlii-LKCA-1956-68,58 NLR 476,LKCA,1956,True,Ratnasingham v. Catheraswamy,dismissed
commonlii-LKCA-1956-69,58 NLR 367,LKCA,1956,True,Sabapathipillai v. Ramupillai,
commonlii-LKCA-1956-7,58 NLR 246,LKCA,1956,True,Seyed Mohamed v. Perera,allowed
commonlii-LKCA-1956-73,60 NLR 566,LKCA,1956,True,Elias v. Joseph,set-aside
commonlii-LKCA-1956-74,59 NLR 245,LKCA,1956,True,Pieris v. Wilbert,allowed
commonlii-LKCA-1956-78,60 NLR 330,LKCA,1956,True,Girigoris v. Maria Nona,dismissed
commonlii-LKCA-1956-79,58 NLR 145,LKCA,1956,True,De Silva v. Silva,dismissed
commonlii-LKCA-1956-8,57 NLR 518,LKCA,1956,True,Dhammaloka Thero v. Saranapala Thero,allowed
commonlii-LKCA-1956-84,58 NLR 310,LKCA,1956,True,De La Harpe v. Wickremaratne,
commonlii-LKCA-1956-86,58 NLR 385,LKCA,1956,True,Velupillai v. Subasinghe,dismissed
commonlii-LKCA-1956-87,60 NLR 493,LKCA,1956,True,Aiyadurai v. Kathirasipillai,allowed
commonlii-LKCA-1956-88,60 NLR 415,LKCA,1956,True,Ponniah v. Ponniah,allowed
commonlii-LKCA-1956-90,58 NLR 331,LKCA,1956,True,Ratgama Pannasekera Nayaka Thero v. Caldera,allowed
commonlii-LKCA-1956-91,58 NLR 545,LKCA,1956,True,Perera v. Kiri Honda,dismissed
commonlii-LKCA-1956-92,(1984) 1 Sri LR 243,LKCA,1956,True,Alithamby & Others v. Bastianpillai,dismissed
commonlii-LKCA-1957-1,61 NLR 459,LKCA,1957,True,Medonza v. Kiel,allowed
commonlii-LKCA-1957-100,58 NLR 501,LKCA,1957,True,De Soysa v. Fonseka,dismissed
commonlii-LKCA-1957-101,61 NLR 302,LKCA,1957,True,Rosalin Fernando v. Alwis,allowed
commonlii-LKCA-1957-102,59 NLR 540,LKCA,1957,True,Durairajan v. Mailvaganam,allowed
commonlii-LKCA-1957-103,58 NLR 394,LKCA,1957,True,Markandu v. Rajadurai,dismissed
commonlii-LKCA-1957-15,58 NLR 457,LKCA,1957,True,Mohamedally v. Misso,dismissed
commonlii-LKCA-1957-16,59 NLR 364,LKCA,1957,True,Fonseka v. Perera,allowed
commonlii-LKCA-1957-18,59 NLR 289,LKCA,1957,True,Panditha Watugedera Amaraseeha Thero v. Tittagalle Sasanatilake Thero,allowed
commonlii-LKCA-1957-19,60 NLR 256,LKCA,1957,True,Sri Pannaloka Thero v. Jinorasa Thero,allowed
commonlii-LKCA-1957-2,61 NLR 145,LKCA,1957,True,Emjay Insurance Co. Ltd. v. James Perera,allowed
commonlii-LKCA-1957-24,61 NLR 16,LKCA,1957,True,Arumugam v. Somasunderam,allowed
commonlii-LKCA-1957-27,58 NLR 560,LKCA,1957,True,James v. Medduma Kumarihamy,allowed
commonlii-LKCA-1957-28,61 NLR 352,LKCA,1957,True,Jayasuriya v. Ubaid,set-aside
commonlii-LKCA-1957-29,60 NLR 68,LKCA,1957,True,Kanakasabai v. Cader,set-aside
commonlii-LKCA-1957-30,59 NLR 214,LKCA,1957,True,Lucihamy v. Ciciliyanahamy,allowed
commonlii-LKCA-1957-36,59 NLR 361,LKCA,1957,True,Pitchchohamy De Silva v. Siyaneris,allowed
commonlii-LKCA-1957-40,59 NLR 376,LKCA,1957,True,Sellammah v. Sellamuttu,allowed
commonlii-LKCA-1957-43,59 NLR 90,LKCA,1957,True,Ukku v. Sidoris,set-aside
commonlii-LKCA-1957-46,61 NLR 282,LKCA,1957,True,Kanagaratnam v. Suppiah,allowed
commonlii-LKCA-1957-47,59 NLR 307,LKCA,1957,True,Podi Appuhamy v. Daniel Appuhamy,allowed
commonlii-LKCA-1957-48,59 NLR 160,LKCA,1957,True,Mohamed Cassim v. Zaneera Umma,allowed
commonlii-LKCA-1957-49,59 NLR 117,LKCA,1957,True,Kailayar v. Kandiah,allowed
commonlii-LKCA-1957-5,59 NLR 119,LKCA,1957,True,Chelliah v. Selvanayagam,
commonlii-LKCA-1957-50,58 NLR 537,LKCA,1957,True,Sabaratnam v. Kandavanam,dismissed
commonlii-LKCA-1957-51,58 NLR 505,LKCA,1957,True,Perera v. Abeysekera,dismissed
commonlii-LKCA-1957-52,61 NLR 355,LKCA,1957,True,Subramaniam v. Thanarase,allowed
commonlii-LKCA-1957-55,61 NLR 223,LKCA,1957,True,Wijesinghe v. Kulatunga,dismissed
commonlii-LKCA-1957-56,61 NLR 333,LKCA,1957,True,Murugappen v. Canagasabey,dismissed
commonlii-LKCA-1957-58,58 NLR 481,LKCA,1957,True,Nagammai Achi v. Lakshamanan Chettiar,allowed
commonlii-LKCA-1957-61,58 NLR 313,LKCA,1957,True,Abeyawardene v. West,allowed
commonlii-LKCA-1957-62,59 NLR 265,LKCA,1957,True,Krishnaswamy v. Thillaiyampalam,allowed
commonlii-LKCA-1957-63,59 NLR 49,LKCA,1957,True,Attorney General v. Arunachalam Chettiar,dismissed
commonlii-LKCA-1957-64,59 NLR 169,LKCA,1957,True,Fernando v. Cooray,allowed
commonlii-LKCA-1957-65,61 NLR 177,LKCA,1957,True,Joseph Fernando v. Pearlin Fernando,set-aside
commonlii-LKCA-1957-66,60 NLR 40,LKCA,1957,True,Abeygunawardene v. Deonis Silva,dismissed
commonlii-LKCA-1957-67,59 NLR 227,LKCA,1957,True,Mohideen v. Sulaiman,allowed
commonlii-LKCA-1957-68,58 NLR 494,LKCA,1957,True,Sinnepillaipody v. Muhamaduthamby,dismissed
commonlii-LKCA-1957-69,59 NLR 270,LKCA,1957,True,Wijesuriya v. Peiris Et Al,allowed
commonlii-LKCA-1957-72,58 NLR 486,LKCA,1957,True,Vellaithamby v. The Attorney General,dismissed
commonlii-LKCA-1957-75,58 NLR 553,LKCA,1957,True,Sivanathan v. Vanderpoorten,set-aside
commonlii-LKCA-1957-76,59 NLR 350,LKCA,1957,True,Sellathangam v. Assanarlebbe,allowed
commonlii-LKCA-1957-77,58 NLR 409,LKCA,1957,True,Abdul Hafeel v. Muttu Barhool,allowed
commonlii-LKCA-1957-83,58 NLR 469,LKCA,1957,True,Razik v. Esufally,dismissed
commonlii-LKCA-1957-87,61 NLR 36,LKCA,1957,True,Jayah v. Saheeda,dismissed
commonlii-LKCA-1957-89,59 NLR 253,LKCA,1957,True,Ferdinands v. De Alwis,set-aside
commonlii-LKCA-1957-90,59 NLR 546,LKCA,1957,True,Juliana Hamine v. Don Thomas,allowed
commonlii-LKCA-1957-91,60 NLR 269,LKCA,1957,True,Siriya v. Amalee,set-aside
commonlii-LKCA-1957-92,58 NLR 416,LKCA,1957,True,Subramaniam v. Thangavadivelu,dismissed
commonlii-LKCA-1957-93,59 NLR 529,LKCA,1957,True,Perera v. Wijesuriya,dismissed
commonlii-LKCA-1957-98,61 NLR 193,LKCA,1957,True,Jayatilleke v. Amerasinghe,allowed
commonlii-LKCA-1957-99,59 NLR 498,LKCA,1957,True,Maheswary v. Ponnudurai,dismissed
commonlii-LKCA-1958-11,59 NLR 412,LKCA,1958,True,Morontuduwe Sri Naneswara Dhammananda Nayake Thero v. Baddegama Piyaratana Nayaka Thereo,dismissed
commonlii-LKCA-1958-12,68 NLR 512,LKCA,1958,True,Pannavasa Thero v. Sudassi Thero,dismissed
commonlii-LKCA-1958-13,60 NLR 182,LKCA,1958,True,Surasena v. Rewatha Thero,allowed
commonlii-LKCA-1958-14,60 NLR 276,LKCA,1958,True,Vajirawansa Thero v. Abraham Silva,dismissed
commonlii-LKCA-1958-15,62 NLR 302,LKCA,1958,True,Mendis v. Paramaswami,dismissed
commonlii-LKCA-1958-17,60 NLR 1,LKCA,1958,True,Kandiah v. Vairamuttu,allowed
commonlii-LKCA-1958-18,59 NLR 313,LKCA,1958,True,Ladamuttu Pillai v. Attorney General,allowed
commonlii-LKCA-1958-19,60 NLR 346,LKCA,1958,True,Luinona v. Gunasekara,set-aside
commonlii-LKCA-1958-2,60 NLR 193,LKCA,1958,True,Herath v. Attorney General,allowed
commonlii-LKCA-1958-20,61 NLR 402,LKCA,1958,True,Nazeer Ahamed v. Bank of Ceylon,set-aside
commonlii-LKCA-1958-21,60 NLR 289,LKCA,1958,True,Pelis v. Silva,allowed
commonlii-LKCA-1958-22,59 NLR 555,LKCA,1958,True,Perera v. Martin,allowed
commonlii-LKCA-1958-23,60 NLR 379,LKCA,1958,True,Podihamy v. Jan Singho,allowed
commonlii-LKCA-1958-24,62 NLR 1,LKCA,1958,True,Rajakaruna v. Gunawardena,allowed
commonlii-LKCA-1958-25,60 NLR 291,LKCA,1958,True,Sellammah v. Attorney General,allowed
commonlii-LKCA-1958-28,59 NLR 433,LKCA,1958,True,Siripala v. Magie Nona,set-aside
commonlii-LKCA-1958-30,61 NLR 481,LKCA,1958,True,Weerapperuma v. De Silva,allowed
commonlii-LKCA-1958-33,60 NLR 481,LKCA,1958,True,Gunawardene v. Samarakoon,dismissed
commonlii-LKCA-1958-34,60 NLR 297,LKCA,1958,True,Sediris Appuhamy v. James Apuuhamy,allowed
commonlii-LKCA-1958-35,65 NLR 353,LKCA,1958,True,Nambuwasan v. Deonis Appu,dismissed
commonlii-LKCA-1958-36,59 NLR 385,LKCA,1958,True,Abdeen v. Thaheer,dismissed
commonlii-LKCA-1958-37,61 NLR 566,LKCA,1958,True,Fernando v. Piyadasa,dismissed
commonlii-LKCA-1958-4,61 NLR 97,LKCA,1958,True,Lairis Appu v. Tennakoon Kumarihamy,dismissed
commonlii-LKCA-1958-40,59 NLR 341,LKCA,1958,True,Fernando v. Fernando,dismissed
commonlii-LKCA-1958-42,60 NLR 113,LKCA,1958,True,Nagaratnam v. John,allowed
commonlii-LKCA-1958-44,62 NLR 158,LKCA,1958,True,Cooray v. Wijesuriya,allowed
commonlii-LKCA-1958-46,61 NLR 133,LKCA,1958,True,Wijesekera v. Weliwitigoda,dismissed
commonlii-LKCA-1958-47,60 NLR 352,LKCA,1958,True,Karunadasa v. Abdul Hameed,allowed
commonlii-LKCA-1958-48,59 NLR 505,LKCA,1958,True,Amunugama v. Herath,dismissed
commonlii-LKCA-1958-50,61 NLR 337,LKCA,1958,True,Rajasekaram v. Rajaratnam,allowed
commonlii-LKCA-1958-52,60 NLR 265,LKCA,1958,True,Land Commissioner v. Jayawardene,dismissed
commonlii-LKCA-1958-61,60 NLR 116,LKCA,1958,True,Meinona v. Uparis,dismissed
commonlii-LKCA-1958-62,60 NLR 337,LKCA,1958,True,Brampy Appuhamy v. Menis Appuhamy,set-aside
commonlii-LKCA-1958-63,61 NLR 167,LKCA,1958,True,Kasturiaracci v. Pini,dismissed
commonlii-LKCA-1958-64,59 NLR 400,LKCA,1958,True,Siriwardene v. Jauasumana,allowed
commonlii-LKCA-1958-65,61 NLR 421,LKCA,1958,True,Thambiah v. Sinnathamby,dismissed
commonlii-LKCA-1958-67,59 NLR 450,LKCA,1958,True,Carolis Appuhamy v. Ford Footwear Ltd,dismissed
commonlii-LKCA-1958-68,60 NLR 157,LKCA,1958,True,Municipal Council of Negombo v. Benedict Fernando,allowed
commonlii-LKCA-1958-7,60 NLR 188,LKCA,1958,True,Pathinayake v. Kannangara,remitted
commonlii-LKCA-1958-70,61 NLR 173,LKCA,1958,True,Usoof v. Nadarajah Chettiar,set-aside
commonlii-LKCA-1958-71,60 NLR 381,LKCA,1958,True,"Usoof v. National Bank of India, Ltd",allowed
commonlii-LKCA-1958-72,60 NLR 409,LKCA,1958,True,Appusingho v. Leelawathie,dismissed
commonlii-LKCA-1958-73,62 NLR 118,LKCA,1958,True,Perera v. Don Simon,
commonlii-LKCA-1958-74,61 NLR 348,LKCA,1958,True,Abraham Silva v. Chandrawimala,dismissed
commonlii-LKCA-1959-1,66 NLR 375,LKCA,1959,True,Ponnuthurai v. Juhar,dismissed
commonlii-LKCA-1959-10,61 NLR 412,LKCA,1959,True,Mohamed v. Sitti Cadija,dismissed
commonlii-LKCA-1959-12,61 NLR 310,LKCA,1959,True,Podihamine v. Joranis Perera,
commonlii-LKCA-1959-13,61 NLR 32,LKCA,1959,True,Rajapakse v. Hendrick Singho,dismissed
commonlii-LKCA-1959-14,61 NLR 452,LKCA,1959,True,Samarakone v. Public Trustee,
commonlii-LKCA-1959-16,61 NLR 49,LKCA,1959,True,Thenuwara v. Thenuwara,
commonlii-LKCA-1959-17,61 NLR 19,LKCA,1959,True,Wijemanne v. Costa,dismissed
commonlii-LKCA-1959-18,60 NLR 350,LKCA,1959,True,Dharmawanasa Thero v. Ukku Babda,allowed
commonlii-LKCA-1959-19,61 NLR 76,LKCA,1959,True,Saranajothi Thera v. Dharmarama Thera,allowed
commonlii-LKCA-1959-21,79 NLR 1,LKCA,1959,True,Indian Bank Ltd. v. Sri Lanka Shipping Co. Ltd,allowed
commonlii-LKCA-1959-23,61 NLR 385,LKCA,1959,True,Mendis Silva v. The Ceylon State Mortgage Bank,dismissed
commonlii-LKCA-1959-27,66 NLR 529,LKCA,1959,True,Kanagammah v. Kumarakulasingham,set-aside
commonlii-LKCA-1959-3,63 NLR 173,LKCA,1959,True,Abeyaratne v. Wijemanne,allowed
commonlii-LKCA-1959-31,61 NLR 109,LKCA,1959,True,Seelawathie Perera v. Don Peter,dismissed
commonlii-LKCA-1959-37,61 NLR 164,LKCA,1959,True,Sarathamany v. Koddaimunai Co-Operative Stores Society Ltd,dismissed
commonlii-LKCA-1959-38,61 NLR 361,LKCA,1959,True,Abdul Majeed v. Ummu Zaneera,dismissed
commonlii-LKCA-1959-39,61 NLR 73,LKCA,1959,True,Francis Assisi v. Tampoe,dismissed
commonlii-LKCA-1959-4,61 NLR 277,LKCA,1959,True,Kuruneru v. Alim Hadjiar,allowed
commonlii-LKCA-1959-40,61 NLR 121,LKCA,1959,True,In Re De La Motte,
commonlii-LKCA-1959-41,62 NLR 509,LKCA,1959,True,In Re Ensa,
commonlii-LKCA-1959-49,63 NLR 236,LKCA,1959,True,Fernando v. Perera,allowed
commonlii-LKCA-1959-50,61 NLR 138,LKCA,1959,True,Lesin v. Karunaratne,dismissed
commonlii-LKCA-1959-52,63 NLR 97,LKCA,1959,True,Davoodbhoy v. Farook,allowed
commonlii-LKCA-1959-53,60 NLR 562,LKCA,1959,True,Dewandara v. Fernando,dismissed
commonlii-LKCA-1959-55,62 NLR 461,LKCA,1959,True,Kanapathipillai v. Subramaniam,allowed
commonlii-LKCA-1959-56,62 NLR 209,LKCA,1959,True,Gunesekera v. Albert,allowed
commonlii-LKCA-1959-60,60 NLR 532,LKCA,1959,True,Kirihamy v. Sadi Kumarihamy,allowed
commonlii-LKCA-1959-61,62 NLR 68,LKCA,1959,True,Kumarasamy v. Banda,dismissed
commonlii-LKCA-1959-64,60 NLR 490,LKCA,1959,True,Nanayakkara v. Pablis Silva,allowed
commonlii-LKCA-1959-65,62 NLR 471,LKCA,1959,True,Pedrick v. Mendis,dismissed
commonlii-LKCA-1959-66,61 NLR 497,LKCA,1959,True,Piyadasa v. Panditharatna Hamine,allowed
commonlii-LKCA-1959-68,66 NLR 10,LKCA,1959,True,Saido Hadjiar v. Amina Beebee,allowed
commonlii-LKCA-1959-69,62 NLR 572,LKCA,1959,True,Petisingho v. Ratnaweera,dismissed
commonlii-LKCA-1959-7,63 NLR 226,LKCA,1959,True,Deerasooriya v. Vanderpoorten,dismissed
commonlii-LKCA-1959-72,60 NLR 389,LKCA,1959,True,Cooray v. Samarasinghe,dismissed
commonlii-LKCA-1959-73,61 NLR 241,LKCA,1959,True,Fernando v. Sivasubramaniam,set-aside
commonlii-LKCA-1960-1,62 NLR 145,LKCA,1960,True,Attorney General v. Herath,allowed
commonlii-LKCA-1960-13,62 NLR 154,LKCA,1960,True,Goonetilleke v. Goonetilleke,
commonlii-LKCA-1960-16,64 NLR 569,LKCA,1960,True,Thangarajasingham v. Iyampillai,set-aside
commonlii-LKCA-1960-19,62 NLR 193,LKCA,1960,True,Piyaratana Thera v. Pemananda Thera,dismissed
commonlii-LKCA-1960-2,62 NLR 169,LKCA,1960,True,Land Commissioner v. Ladamuttu Pillai,allowed
commonlii-LKCA-1960-22,62 NLR 5,LKCA,1960,True,"Beatrice Perera v. Perera, N.A",dismissed
commonlii-LKCA-1960-26,51 NLR 443,LKCA,1960,True,John v. Charles De Silva,set-aside
commonlii-LKCA-1960-27,63 NLR 193,LKCA,1960,True,Kandasamy v. Kumarasekaram,allowed
commonlii-LKCA-1960-29,64 NLR 214,LKCA,1960,True,Nagamuttu v. Kumarasegaram,set-aside
commonlii-LKCA-1960-3,65 NLR 100,LKCA,1960,True,Samarakone v. Public Trustee,dismissed
commonlii-LKCA-1960-30,63 NLR 169,LKCA,1960,True,Perera v. Dingiri Menika,set-aside
commonlii-LKCA-1960-34,62 NLR 505,LKCA,1960,True,Samuel v. Dharmasiri,dismissed
commonlii-LKCA-1960-35,63 NLR 25,LKCA,1960,True,Sathuk v. Layaudeen,dismissed
commonlii-LKCA-1960-37,62 NLR 313,LKCA,1960,True,Bandahamy v. Senanayake,dismissed
commonlii-LKCA-1960-39,61 NLR 553,LKCA,1960,True,Suppiah v. Kanagaratnam,dismissed
commonlii-LKCA-1960-40,61 NLR 529,LKCA,1960,True,Hassanally v. Cassim,allowed
commonlii-LKCA-1960-41,66 NLR 41,LKCA,1960,True,Urban Council of Weligama v. Asuraf,dismissed
commonlii-LKCA-1960-43,62 NLR 121,LKCA,1960,True,Silva v. Attornney General,affirmed
commonlii-LKCA-1960-46,62 NLR 559,LKCA,1960,True,Muttammah v. Thiyagarajah,dismissed
commonlii-LKCA-1960-48,62 NLR 101,LKCA,1960,True,Siriwardena v. Charles Singho,allowed
commonlii-LKCA-1960-49,63 NLR 407,LKCA,1960,True,Adamjee Lukmanjee & Sons Ltd. v. Abdul Careem Hallaje,allowed
commonlii-LKCA-1960-5,63 NLR 182,LKCA,1960,True,Abdul Cader v. Sheriff,
commonlii-LKCA-1960-52,62 NLR 433,LKCA,1960,True,Karunawathie Menike v. Edmund Perera,dismissed
commonlii-LKCA-1960-53,62 NLR 183,LKCA,1960,True,Land Commissioner v. Jayewardene,allowed
commonlii-LKCA-1960-57,62 NLR 224,LKCA,1960,True,Annapillai v. Eswaralingam,allowed
commonlii-LKCA-1960-59,63 NLR 335,LKCA,1960,True,Appuhamy v. Appusingho,set-aside
commonlii-LKCA-1960-6,62 NLR 474,LKCA,1960,True,Ahamadulebbai v. Jubariummah,
commonlii-LKCA-1960-60,64 NLR 208,LKCA,1960,True,Bininda v. Sediris Singho,dismissed
commonlii-LKCA-1960-61,76 NLR 127,LKCA,1960,True,Burah v. Premadasa,allowed
commonlii-LKCA-1960-62,63 NLR 405,LKCA,1960,True,Dingirimahatmaya.P.M v. Ratnasekera.D.A,allowed
commonlii-LKCA-1960-64,63 NLR 278,LKCA,1960,True,Morontuduwe Sri Gnaneswara Dhammananda Nayake Thera v. Baddegama Piyaratna Nayake Thera,
commonlii-LKCA-1960-67,63 NLR 48,LKCA,1960,True,Cornelis Singho v. Perera,dismissed
commonlii-LKCA-1960-68,62 NLR 465,LKCA,1960,True,Narasingham v. Sinnathamby,dismissed
commonlii-LKCA-1960-70,63 NLR 134,LKCA,1960,True,Ponniah v. Paramanathar,allowed
commonlii-LKCA-1960-71,65 NLR 542,LKCA,1960,True,Seenivasagan v. Subramaniam,allowed
commonlii-LKCA-1960-72,62 NLR 447,LKCA,1960,True,Kandappa Chettiar v. Janakiammah,dismissed
commonlii-LKCA-1961-11,63 NLR 56,LKCA,1961,True,Cafoor v. Commisioner of Income Tax,dismissed
commonlii-LKCA-1961-12,64 NLR 249,LKCA,1961,True,Dharmadasa v. Piyadasa Perera,allowed
commonlii-LKCA-1961-14,63 NLR 416,LKCA,1961,True,Emelda Fernando v. Elaris Fernando,allowed
commonlii-LKCA-1961-15,63 NLR 68,LKCA,1961,True,Hevavitharana v. Themis De Silva,set-aside
commonlii-LKCA-1961-16,67 NLR 65,LKCA,1961,True,M.A.C.Maleeha Nona v. C.M. Mahumood,
commonlii-LKCA-1961-2,66 NLR 33,LKCA,1961,True,Rosaline Nona v. Mango Nona,allowed
commonlii-LKCA-1961-23,65 NLR 125,LKCA,1961,True,Hussaima v. Ummu Zaneera,dismissed
commonlii-LKCA-1961-24,66 NLR 484,LKCA,1961,True,Hoole v. Natarajan,dismissed
commonlii-LKCA-1961-25,63 NLR 289,LKCA,1961,True,Sellathurai v. Annaledchumy,dismissed
commonlii-LKCA-1961-3,63 NLR 73,LKCA,1961,True,Salih v. Valliammai Atchi,allowed
commonlii-LKCA-1961-30,65 NLR 346,LKCA,1961,True,Theivanapillai v. Nalliah,allowed
commonlii-LKCA-1961-31,65 NLR 294,LKCA,1961,True,Charles Perera v. Motha,allowed
commonlii-LKCA-1961-32,65 NLR 230,LKCA,1961,True,Marikar v. Sakeena Umma,allowed
commonlii-LKCA-1961-33,63 NLR 501,LKCA,1961,True,Noris v. Charles,allowed
commonlii-LKCA-1961-35,62 NLR 553,LKCA,1961,True,De Silva v. Rangohamy,allowed
commonlii-LKCA-1961-36,63 NLR 49,LKCA,1961,True,Nadesan v. Ramasamy,allowed
commonlii-LKCA-1961-37,63 NLR 88,LKCA,1961,True,Mangaleswari v. Selvadurai,allowed
commonlii-LKCA-1961-38,63 NLR 83,LKCA,1961,True,Don Edwin v. Commissioner For Workmen'S Compensation,dismissed
commonlii-LKCA-1961-4,63 NLR 337,LKCA,1961,True,The Government of United States of America v. The Ship,
commonlii-LKCA-1961-40,63 NLR 139,LKCA,1961,True,Babi v. Dantuwa,dismissed
commonlii-LKCA-1961-41,64 NLR 163,LKCA,1961,True,Dingiri Amma v. Ratnatilaka,set-aside
commonlii-LKCA-1961-43,63 NLR 137,LKCA,1961,True,Aron Singho v. Samuel Silva,allowed
commonlii-LKCA-1961-48,65 NLR 282,LKCA,1961,True,Fernando v. Dabrera,allowed
commonlii-LKCA-1961-49,66 NLR 251,LKCA,1961,True,Muthu Ramaie v. Athimulam,dismissed
commonlii-LKCA-1961-50,66 NLR 304,LKCA,1961,True,Appiah v. Sellathurai,allowed
commonlii-LKCA-1961-52,64 NLR 198,LKCA,1961,True,Ratnam v. Perera,dismissed
commonlii-LKCA-1961-53,63 NLR 377,LKCA,1961,True,Logus v. Lawrence,dismissed
commonlii-LKCA-1961-54,63 NLR 241,LKCA,1961,True,Kasinathan v. Thamotharam Pillai,dismissed
commonlii-LKCA-1961-55,63 NLR 217,LKCA,1961,True,Srikandan v. Abilin Nona,allowed
commonlii-LKCA-1962-15,63 NLR 8,LKCA,1962,True,Attorney General v. Fonseka,allowed
commonlii-LKCA-1962-16,64 NLR 396,LKCA,1962,True,Eswaralingam.S v. Sivagnanasundaram.N,
commonlii-LKCA-1962-19,65 NLR 388,LKCA,1962,True,Okandeyaye Wangeesa Thera v. Mulgirigala Sunanda Thera,dismissed
commonlii-LKCA-1962-2,64 NLR 372,LKCA,1962,True,Samsudeen v. Eagle Star Insurance Co. Ltd,allowed
commonlii-LKCA-1962-20,65 NLR 351,LKCA,1962,True,Uduwe Wimala Ransi v. Mathew,dismissed
commonlii-LKCA-1962-28,64 NLR 283,LKCA,1962,True,Dissanayake v. Agricultural and Industrial Credit Corporation,set-aside
commonlii-LKCA-1962-29,64 NLR 289,LKCA,1962,True,Jeganathan v. Ramanathan,allowed
commonlii-LKCA-1962-30,64 NLR 542,LKCA,1962,True,Mudiyanse v. Pemawathie,dismissed
commonlii-LKCA-1962-31,64 NLR 293,LKCA,1962,True,Mukthar v. Ismail,allowed
commonlii-LKCA-1962-34,70 NLR 467,LKCA,1962,True,Ramanathan v. Perera,dismissed
commonlii-LKCA-1962-35,64 NLR 25,LKCA,1962,True,"The Bank of Ceylon, Jaffna v. Chelliahpillai",allowed
commonlii-LKCA-1962-37,64 NLR 404,LKCA,1962,True,Fernando v. Fernando,allowed
commonlii-LKCA-1962-38,66 NLR 457,LKCA,1962,True,Obeyesekere v. Endories,allowed
commonlii-LKCA-1962-39,64 NLR 405,LKCA,1962,True,Paulis Singho v. William Singho,allowed
commonlii-LKCA-1962-4,66 NLR 383,LKCA,1962,True,Siriwardane v. Amunugama Gunaratna Thero,allowed
commonlii-LKCA-1962-40,65 NLR 239,LKCA,1962,True,Perera v. Wijekoon,allowed
commonlii-LKCA-1962-41,65 NLR 451,LKCA,1962,True,Victor Perera v. Jinadasa,set-aside
commonlii-LKCA-1962-45,65 NLR 181,LKCA,1962,True,William Silva v. Attadasi Thero,set-aside
commonlii-LKCA-1962-48,64 NLR 366,LKCA,1962,True,Rajeswararanee v. Sunthararasa,allowed
commonlii-LKCA-1962-5,65 NLR 356,LKCA,1962,True,Dissanayake v. Leelawathie Kumarihamy,allowed
commonlii-LKCA-1962-51,65 NLR 49,LKCA,1962,True,Chellamah v. Kanapathy,allowed
commonlii-LKCA-1962-52,65 NLR 169,LKCA,1962,True,Seneviratne v. Mendis,dismissed
commonlii-LKCA-1962-56,65 NLR 538,LKCA,1962,True,Concannon v. Vanderpoorten,dismissed
commonlii-LKCA-1962-59,64 NLR 407,LKCA,1962,True,Izadeen Mohamed v. Singer Sewing Machine Co,dismissed
commonlii-LKCA-1962-6,71 NLR 256,LKCA,1962,True,Gunaratnam v. Sellammah,set-aside
commonlii-LKCA-1962-63,64 NLR 486,LKCA,1962,True,Sally Mohamed v. Syed Mohamed,allowed
commonlii-LKCA-1962-66,65 NLR 570,LKCA,1962,True,Herath v. Aslyn Nona,allowed
commonlii-LKCA-1962-67,63 NLR 556,LKCA,1962,True,Sivakumaran v. Rajasegaram,dismissed
commonlii-LKCA-1962-68,65 NLR 261,LKCA,1962,True,Perera v. Zainudeen,allowed
commonlii-LKCA-1962-69,64 NLR 265,LKCA,1962,True,Jayasundera v. Weerapperuma,set-aside
commonlii-LKCA-1962-7,65 NLR 145,LKCA,1962,True,Malliya v. Ariyaratne,
commonlii-LKCA-1962-70,64 NLR 97,LKCA,1962,True,Lairis Appu v. Tennakoon Kumarihamy,dismissed
commonlii-LKCA-1962-72,64 NLR 492,LKCA,1962,True,Diyes Singho v. Hearath,allowed
commonlii-LKCA-1962-73,65 NLR 529,LKCA,1962,True,Karunanayake v. Gunasekara,
commonlii-LKCA-1962-74,65 NLR 93,LKCA,1962,True,Cornelis v. Fernando,set-aside
commonlii-LKCA-1962-75,65 NLR 306,LKCA,1962,True,Nagasamy v. Appathurai,allowed
commonlii-LKCA-1963-1,65 NLR 142,LKCA,1963,True,Eliatamby v. Kumarasegaram,allowed
commonlii-LKCA-1963-10,65 NLR 196,LKCA,1963,True,Venerable Vagiswaracharya Morontuduwe Sri Naneswara Dhammananda Nayaka Thero v. Venerable Kalukondayawe Pannasekera Nayaka Thero,dismissed
commonlii-LKCA-1963-11,66 NLR 394,LKCA,1963,True,Warakapitiya Sangananda Terunnanse v. Meeruppe Sumanatissa Terunnanse,allowed
commonlii-LKCA-1963-18,64 NLR 529,LKCA,1963,True,Daryanani v. Eastern Silk Emporium Ltd,dismissed
commonlii-LKCA-1963-21,66 NLR 162,LKCA,1963,True,Kalu Banda v. David Appuhamy,allowed
commonlii-LKCA-1963-22,64 NLR 461,LKCA,1963,True,Lebbe v. Sandanam,allowed
commonlii-LKCA-1963-24,64 NLR 517,LKCA,1963,True,Senanayaka v. Gamage,set-aside
commonlii-LKCA-1963-28,68 NLR 40,LKCA,1963,True,Dingiri Appu v. Mohottihamy,allowed
commonlii-LKCA-1963-29,66 NLR 57,LKCA,1963,True,Isohamy v. Haramanis,set-aside
commonlii-LKCA-1963-3,68 NLR 4,LKCA,1963,True,Tharmalingam v. Chandrasegaram,set-aside
commonlii-LKCA-1963-30,66 NLR 324,LKCA,1963,True,Rajentheram v. Sivarajah,allowed
commonlii-LKCA-1963-31,66 NLR 88,LKCA,1963,True,Waris Perera v. Pabilinahamy,allowed
commonlii-LKCA-1963-34,68 NLR 411,LKCA,1963,True,Abideen Hadjiar v. Aiysha Umma,allowed
commonlii-LKCA-1963-46,66 NLR 217,LKCA,1963,True,Charleshamy v. Carlina,allowed
commonlii-LKCA-1963-47,66 NLR 49,LKCA,1963,True,"Kanapathipillai, S. v. Vethanayagam, E",allowed
commonlii-LKCA-1963-48,67 NLR 17,LKCA,1963,True,"Katto,J.G. v. M.J. Piyoris Appu",allowed
commonlii-LKCA-1963-49,66 NLR 209,LKCA,1963,True,Chelliah Muhandiram v. Ethirmanasingham,allowed
commonlii-LKCA-1963-50,65 NLR 421,LKCA,1963,True,Mohideen Hadjiar v. Ganeshan,dismissed
commonlii-LKCA-1963-51,65 NLR 467,LKCA,1963,True,Rasammah v. Govindar Manar,allowed
commonlii-LKCA-1963-52,65 NLR 399,LKCA,1963,True,Sudharman Silva v. Senahamy,allowed
commonlii-LKCA-1963-54,66 NLR 215,LKCA,1963,True,Noris Appuhamy v. Neris Singho,allowed
commonlii-LKCA-1963-56,65 NLR 536,LKCA,1963,True,John Singho v. Herath Mudiyanselage Appuhamy,allowed
commonlii-LKCA-1963-57,64 NLR 548,LKCA,1963,True,Punchi Banda v. Nagasena,allowed
commonlii-LKCA-1963-58,65 NLR 241,LKCA,1963,True,Ponnupillai v. Kumaravetpillai,allowed
commonlii-LKCA-1963-64,65 NLR 574,LKCA,1963,True,Sanoon v. Theyvanderarajah,dismissed
commonlii-LKCA-1963-65,66 NLR 46,LKCA,1963,True,Wimalasena v. Seinuldeen,affirmed
commonlii-LKCA-1963-67,65 NLR 87,LKCA,1963,True,Murugesapillai v. Muttiah,allowed
commonlii-LKCA-1963-8,66 NLR 178,LKCA,1963,True,Kamburugamuwa Piyananda Terunnanse v. Uyangoda Sumanajothi Terunnanse,allowed
commonlii-LKCA-1964-1,66 NLR 567,LKCA,1964,True,Karunaratna v. Amarisa,dismissed
commonlii-LKCA-1964-10,66 NLR 433,LKCA,1964,True,Baddegama Sri Ratnasara Thera v. Basheer,allowed
commonlii-LKCA-1964-11,67 NLR 559,LKCA,1964,True,U.Deerananda Thero v. D. Ratnasara Thero,allowed
commonlii-LKCA-1964-15,66 NLR 241,LKCA,1964,True,Odiris Appuhamy v. Caroline Nona,allowed
commonlii-LKCA-1964-2,67 NLR 505,LKCA,1964,True,P.Ratnayake v. Caspersz,allowed
commonlii-LKCA-1964-25,66 NLR 68,LKCA,1964,True,Singaram v. Sarifdeen,allowed
commonlii-LKCA-1964-27,69 NLR 440,LKCA,1964,True,E.H.Francisco v. A.A. Don Sebastian,allowed
commonlii-LKCA-1964-3,66 NLR 193,LKCA,1964,True,Somasunderam v. Wijeratne,dismissed
commonlii-LKCA-1964-39,66 NLR 302,LKCA,1964,True,Kalpage v. Gunawardane,allowed
commonlii-LKCA-1964-43,70 NLR 379,LKCA,1964,True,Samuel v. Chettiar,allowed
commonlii-LKCA-1964-44,66 NLR 337,LKCA,1964,True,W. Perera v. C. Ranatunge,set-aside
commonlii-LKCA-1964-6,67 NLR 521,LKCA,1964,True,S.Upageeris v. M. Odanis,set-aside
commonlii-LKCA-1965-14,69 NLR 520,LKCA,1965,True,Achchikuddy v. S.Krishnar Et Al,set-aside
commonlii-LKCA-1965-15,70 NLR 139,LKCA,1965,True,Buyzer v. Ariyaratna,set-aside
commonlii-LKCA-1965-16,69 NLR 225,LKCA,1965,True,J.E.Senanayake v. V.H.L. Anthonisz,allowed
commonlii-LKCA-1965-20,67 NLR 524,LKCA,1965,True,N.Daluwatta v. M.B. Senanayake,dismissed
commonlii-LKCA-1965-22,68 NLR 226,LKCA,1965,True,Peter Perera v. Simon Appu,dismissed
commonlii-LKCA-1965-28,68 NLR 206,LKCA,1965,True,William Silva v. Sirisena,set-aside
commonlii-LKCA-1965-30,68 NLR 324,LKCA,1965,True,Edirisuriya v. Wijedoru,allowed
commonlii-LKCA-1965-32,68 NLR 300,LKCA,1965,True,Haseena Umma v. Jamaldeen,allowed
commonlii-LKCA-1965-33,69 NLR 223,LKCA,1965,True,Kirigoris K V v. Eddinhamy S.J.A,allowed
commonlii-LKCA-1965-34,69 NLR 287,LKCA,1965,True,Rajapakse Estates Co. Ltd. v. L. Dulsin,set-aside
commonlii-LKCA-1965-35,69 NLR 169,LKCA,1965,True,A.M.Lairis Appu v. D.Peiris,allowed
commonlii-LKCA-1965-36,69 NLR 236,LKCA,1965,True,A.U.Nasheen v. M.S.Sithy,allowed
commonlii-LKCA-1965-37,68 NLR 517,LKCA,1965,True,Almeida v. De Zoysa,dismissed
commonlii-LKCA-1965-41,69 NLR 492,LKCA,1965,True,D.Stephen v. D.Elandi,allowed
commonlii-LKCA-1965-42,69 NLR 212,LKCA,1965,True,H.M.Ukku Amma v. A.M. Dingiri Menika,allowed
commonlii-LKCA-1965-43,70 NLR 520,LKCA,1965,True,Tammitta v. Palipane,dismissed
commonlii-LKCA-1965-48,69 NLR 281,LKCA,1965,True,Giffry v. De Silva,allowed
commonlii-LKCA-1965-49,68 NLR 19,LKCA,1965,True,Ismail.H.M v. Sheriff.S.L.M.M,allowed
commonlii-LKCA-1965-5,67 NLR 488,LKCA,1965,True,Mrs.N.Biyanwila v. Mrs.A. Amarsekere,dismissed
commonlii-LKCA-1965-51,68 NLR 230,LKCA,1965,True,Natarajah v. Naidu,allowed
commonlii-LKCA-1965-52,70 NLR 185,LKCA,1965,True,Sediris Singho v. Wijesinghe,dismissed
commonlii-LKCA-1965-54,72 NLR 193,LKCA,1965,True,Robosingho Mudalali v. Jayawardene,dismissed
commonlii-LKCA-1965-58,67 NLR 97,LKCA,1965,True,Cinemas Ltd. v. Ceylon Theatres Ltd,
commonlii-LKCA-1965-59,69 NLR 275,LKCA,1965,True,M.R.D.Pieiris v. K.R.Abeysinghe,allowed
commonlii-LKCA-1965-60,68 NLR 36,LKCA,1965,True,Mariam Beebee v. Seyed Mohamed,set-aside
commonlii-LKCA-1965-61,68 NLR 385,LKCA,1965,True,Nonnohamy v. Odiris Appu,allowed
commonlii-LKCA-1965-62,68 NLR 145,LKCA,1965,True,Rasah.R v. Thambipillai,dismissed
commonlii-LKCA-1965-63,67 NLR 529,LKCA,1965,True,S.B.D.T.Karunaratne v. H.T.S.. Perera,allowed
commonlii-LKCA-1965-64,68 NLR 289,LKCA,1965,True,Perera v. Henry,dismissed
commonlii-LKCA-1965-65,70 NLR 15,LKCA,1965,True,Chandrasiri v. Wickramsinghe,allowed
commonlii-LKCA-1965-66,69 NLR 389,LKCA,1965,True,T.S.Nagaratnam v. V.N. Shanmugam,allowed
commonlii-LKCA-1965-67,(1984) 1 Sri LR 69,LKCA,1965,True,Heenbanda and Another v. Tikiri Banda,dismissed
commonlii-LKCA-1965-68,(1984) 1 Sri LR 299,LKCA,1965,True,Appuhamy v. Premalal and Eight Others,dismissed
commonlii-LKCA-1965-8,67 NLR 457,LKCA,1965,True,B.Daniel Silva v. K.H.G. Johanis Appuhamy,allowed
commonlii-LKCA-1965-9,68 NLR 161,LKCA,1965,True,Don Cornelis v. De Soysa & Co. Ltd,dismissed
commonlii-LKCA-1966-1,69 NLR 73,LKCA,1966,True,K.Thiagarajah v. P.Karthigesu,allowed
commonlii-LKCA-1966-16,69 NLR 237,LKCA,1966,True,C.Y.S.Perera v. Thillairajah,dismissed
commonlii-LKCA-1966-18,71 NLR 315,LKCA,1966,True,Ponnudurai v. Sithamparapillai,allowed
commonlii-LKCA-1966-22,69 NLR 38,LKCA,1966,True,Elaris v. Kuruppu,allowed
commonlii-LKCA-1966-24,69 NLR 40,LKCA,1966,True,S.K.Sellathurai v. Yogammah,dismissed
commonlii-LKCA-1966-27,69 NLR 205,LKCA,1966,True,A.Samarasinghe v. W.F. Balasuriya,dismissed
commonlii-LKCA-1966-28,69 NLR 414,LKCA,1966,True,A.P.Gunasekera v. R.A. Lewis Appuhamy,allowed
commonlii-LKCA-1966-29,68 NLR 433,LKCA,1966,True,Attorney General v. Jayewardene,dismissed
commonlii-LKCA-1966-39,69 NLR 164,LKCA,1966,True,Mrs.W.I.S.Fernando v. H.M.De Silva,dismissed
commonlii-LKCA-1966-4,69 NLR 97,LKCA,1966,True,M.P.Munasinghe v. C.P.Vidanage,allowed
commonlii-LKCA-1966-49,68 NLR 313,LKCA,1966,True,Leelawathie v. Weeraman,set-aside
commonlii-LKCA-1966-50,71 NLR 132,LKCA,1966,True,Vallipuranathar v. Sellar,set-aside
commonlii-LKCA-1966-52,70 NLR 84,LKCA,1966,True,Agathesu v. Ulukesu,allowed
commonlii-LKCA-1966-53,69 NLR 145,LKCA,1966,True,S.Vijayaratnam v. S.Rajadurai,set-aside
commonlii-LKCA-1966-54,(1982) 2 Sri LR 440,LKCA,1966,True,Brown and Company v. Steuart Industries Ltd,dismissed
commonlii-LKCA-1966-55,(1984) 1 Sri LR 411,LKCA,1966,True,Weerasinghe v. Nagahawatte and Others,dismissed
commonlii-LKCA-1966-6,69 NLR 433,LKCA,1966,True,Vivekasirenmany v. V. Ramasamy,dismissed
commonlii-LKCA-1966-8,70 NLR 31,LKCA,1966,True,Ceylon Estate Agency and Warehousing Co. Ltd. v. De Alvis,allowed
commonlii-LKCA-1967-1,80 NLR 273,LKCA,1967,True,Karagampitiya Jinaratana Thero v. Pusselle Pannananda Thero,allowed
commonlii-LKCA-1967-16,73 NLR 105,LKCA,1967,True,Kandiah v. Kandasamy,allowed
commonlii-LKCA-1967-17,69 NLR 475,LKCA,1967,True,A.Nagarajah v. A. Jebaratnarajah,
commonlii-LKCA-1967-2,69 NLR 548,LKCA,1967,True,M.Jacolis Appu Et Al. v. W.A. David Perera,allowed
commonlii-LKCA-1967-23,71 NLR 58,LKCA,1967,True,Government Agent Kalutara v. Gunaratna,allowed
commonlii-LKCA-1967-24,69 NLR 481,LKCA,1967,True,M.H.M.Shafeek v. G.H.G.Solomon De Silva,allowed
commonlii-LKCA-1967-26,71 NLR 52,LKCA,1967,True,Peeris v. Kirilamaya,allowed
commonlii-LKCA-1967-27,72 NLR 136,LKCA,1967,True,Arumugasamy Iyer v. Muttucumaroo Iyer,dismissed
commonlii-LKCA-1967-28,70 NLR 524,LKCA,1967,True,Gunawardena v. Bandaranayaka,set-aside
commonlii-LKCA-1967-3,70 NLR 97,LKCA,1967,True,Wijewardene v. Gomes,allowed
commonlii-LKCA-1967-33,70 NLR 217,LKCA,1967,True,Moosajee v. Carolis Silva,allowed
commonlii-LKCA-1967-38,70 NLR 79,LKCA,1967,True,Arnolis Perera v. David Perera,allowed
commonlii-LKCA-1967-40,70 NLR 328,LKCA,1967,True,Johanahamy v. Susiripala,affirmed
commonlii-LKCA-1967-43,69 NLR 332,LKCA,1967,True,A.T.Piyadasa v. M. Piyasena,allowed
commonlii-LKCA-1967-45,70 NLR 440,LKCA,1967,True,Attorney General v. De Livera,allowed
commonlii-LKCA-1967-47,70 NLR 284,LKCA,1967,True,Margaret Nona v. Bazeer,dismissed
commonlii-LKCA-1967-48,74 NLR 5,LKCA,1967,True,Mary v. Kurera,dismissed
commonlii-LKCA-1967-5,71 NLR 214,LKCA,1967,True,"Paul, E. De Costa and Sons v. Gunaratne",affirmed
commonlii-LKCA-1967-50,70 NLR 447,LKCA,1967,True,Attorney General v. Peris,allowed
commonlii-LKCA-1967-52,69 NLR 329,LKCA,1967,True,W.Fernando v. Sybil De Silva,dismissed
commonlii-LKCA-1967-54,70 NLR 203,LKCA,1967,True,"Tikiri Bandara, W.R.W.M. v. Gunawardena, P",dismissed
commonlii-LKCA-1967-55,72 NLR 20,LKCA,1967,True,Abdul Latiff v. Seyed Mohamed,allowed
commonlii-LKCA-1967-57,71 NLR 230,LKCA,1967,True,Dhamminda Nayake Thero v. The Ceylon Theaters Ltd,allowed
commonlii-LKCA-1967-61,69 NLR 396,LKCA,1967,True,M.David Silva v. S.K.Madanayake,dismissed
commonlii-LKCA-1967-70,70 NLR 8,LKCA,1967,True,Don Lewis v. Dissanayake,dismissed
commonlii-LKCA-1967-71,70 NLR 25,LKCA,1967,True,Jayatilleke.M.W.A.P v. Somadasa.P.G,allowed
commonlii-LKCA-1967-72,69 NLR 460,LKCA,1967,True,M.R.Don Peiris v. M.P.C. Marasinghe,set-aside
commonlii-LKCA-1967-73,71 NLR 338,LKCA,1967,True,Perera v. Jayatunga,dismissed
commonlii-LKCA-1967-74,69 NLR 543,LKCA,1967,True,Simon Singho v. Magie Nona,
commonlii-LKCA-1967-75,74 NLR 109,LKCA,1967,True,Thomas Singho v. Cornelis,set-aside
commonlii-LKCA-1967-76,71 NLR 125,LKCA,1967,True,Tikiri v. Lamaya,dismissed
commonlii-LKCA-1967-77,72 NLR 16,LKCA,1967,True,Lewis Perera v. Janefernando,allowed
commonlii-LKCA-1967-78,70 NLR 165,LKCA,1967,True,Arunasalam v. Ayadurai,set-aside
commonlii-LKCA-1967-79,69 NLR 532,LKCA,1967,True,V.Murugesu v. T. Subramaniam,dismissed
commonlii-LKCA-1967-9,70 NLR 457,LKCA,1967,True,Gunasekara v. The Queen,set-aside
commonlii-LKCA-1968-1,73 NLR 409,LKCA,1968,True,Morais v. Victoria,dismissed
commonlii-LKCA-1968-11,71 NLR 369,LKCA,1968,True,Atukorale v. Atukorale,dismissed
commonlii-LKCA-1968-12,71 NLR 90,LKCA,1968,True,Board of Directiors of Savings Bank v. Nagodavitane,allowed
commonlii-LKCA-1968-13,73 NLR 486,LKCA,1968,True,Cooray v. Mathes,dismissed
commonlii-LKCA-1968-14,71 NLR 344,LKCA,1968,True,Fernando v. Fernando,set-aside
commonlii-LKCA-1968-18,70 NLR 361,LKCA,1968,True,Navaratnam v. Siriwardena,dismissed
commonlii-LKCA-1968-20,71 NLR 241,LKCA,1968,True,Rajaratnam v. Chinnakone,dismissed
commonlii-LKCA-1968-22,70 NLR 308,LKCA,1968,True,Walles v. Hector Silva,allowed
commonlii-LKCA-1968-24,71 NLR 73,LKCA,1968,True,Hussain v. Naina,set-aside
commonlii-LKCA-1968-25,74 NLR 105,LKCA,1968,True,Jane Nona v. Dingirimahatmaya,allowed
commonlii-LKCA-1968-26,72 NLR 12,LKCA,1968,True,Soysa v. Jupiter Cigarette and Tobacco Co. Ltd,allowed
commonlii-LKCA-1968-27,71 NLR 424,LKCA,1968,True,Mohideen v. Mustapha,dismissed
commonlii-LKCA-1968-3,71 NLR 465,LKCA,1968,True,Abeysekera v. De Livera,allowed
commonlii-LKCA-1968-31,76 NLR 470,LKCA,1968,True,Pararajasekeram v. Vijayaratnam,allowed
commonlii-LKCA-1968-34,71 NLR 217,LKCA,1968,True,Sawdoon Umma v. Fernando,
commonlii-LKCA-1968-35,70 NLR 553,LKCA,1968,True,Giran Appuhamy v. Ariyasinghe,allowed
commonlii-LKCA-1968-36,71 NLR 512,LKCA,1968,True,The Solicitor General v. Ava Umma,set-aside
commonlii-LKCA-1968-37,70 NLR 385,LKCA,1968,True,Peiris v. Laviris Appu,dismissed
commonlii-LKCA-1968-40,71 NLR 289,LKCA,1968,True,Dullewe v. Dullewe,allowed
commonlii-LKCA-1968-41,71 NLR 433,LKCA,1968,True,Kekulandara v. Molagoda,set-aside
commonlii-LKCA-1968-53,71 NLR 97,LKCA,1968,True,Sheriff v. Laila,dismissed
commonlii-LKCA-1968-60,70 NLR 337,LKCA,1968,True,Ceylon Theatres Ltd. v. Cinemas Ltd,allowed
commonlii-LKCA-1968-61,76 NLR 206,LKCA,1968,True,Jayaneris v. Somawathie,set-aside
commonlii-LKCA-1968-62,74 NLR 14,LKCA,1968,True,Somaratne v. Munasinghe,set-aside
commonlii-LKCA-1968-8,70 NLR 313,LKCA,1968,True,Meeruppe Sumanatissa Terunnanse v. Warakapitiya Pangnananda Terunnanse,allowed
commonlii-LKCA-1969-1,72 NLR 457,LKCA,1969,True,De Costa v. Bank of Ceylon,allowed
commonlii-LKCA-1969-13,72 NLR 347,LKCA,1969,True,Dingiri Amma v. Appuhamy,dismissed
commonlii-LKCA-1969-14,75 NLR 231,LKCA,1969,True,Fernando v. Ronald,allowed
commonlii-LKCA-1969-16,72 NLR 426,LKCA,1969,True,Joseph v. Thiruchelvam,dismissed
commonlii-LKCA-1969-18,61 NLR 116,LKCA,1969,True,Dias v. Dias,dismissed
commonlii-LKCA-1969-19,72 NLR 200,LKCA,1969,True,Garlis Singho v. Geeger Singho,
commonlii-LKCA-1969-20,74 NLR 153,LKCA,1969,True,Ranasinghe v. Ariyaratne Epa,set-aside
commonlii-LKCA-1969-27,72 NLR 152,LKCA,1969,True,"Nona, S.P. v. Engalthinahamy, H",dismissed
commonlii-LKCA-1969-30,73 NLR 145,LKCA,1969,True,Cooray v. Naraindas,set-aside
commonlii-LKCA-1969-33,72 NLR 409,LKCA,1969,True,Sujatha Kumarihamy v. Dingiri Amma,allowed
commonlii-LKCA-1969-34,72 NLR 440,LKCA,1969,True,Charles Silva v. Manchanayake,dismissed
commonlii-LKCA-1969-37,72 NLR 132,LKCA,1969,True,Padmanaba v. Jayasekera,allowed
commonlii-LKCA-1969-42,72 NLR 110,LKCA,1969,True,Odiris v. Andrayas,allowed
commonlii-LKCA-1969-43,72 NLR 97,LKCA,1969,True,Mellaaratchy v. Naidoo,dismissed
commonlii-LKCA-1969-45,77 NLR 181,LKCA,1969,True,Sinnathurai v. Tharamalingam,dismissed
commonlii-LKCA-1969-46,(1996) 2 Sri LR 62,LKCA,1969,True,Mohamed v. Lebbe and Others,allowed
commonlii-LKCA-1969-6,76 NLR 500,LKCA,1969,True,Arumugam v. Valliamma,set-aside
commonlii-LKCA-1969-9,72 NLR 25,LKCA,1969,True,"Jayawardene v. Silva, V.P",dismissed
commonlii-LKCA-1970-10,73 NLR 309,LKCA,1970,True,Anis v. Silva,dismissed
commonlii-LKCA-1970-11,73 NLR 49,LKCA,1970,True,Cathirina v. Jamis,allowed
commonlii-LKCA-1970-12,76 NLR 310,LKCA,1970,True,Chellappah v. Selladurai,allowed
commonlii-LKCA-1970-19,74 NLR 9,LKCA,1970,True,Yoosoof v. Rajaratnam,dismissed
commonlii-LKCA-1970-2,74 NLR 196,LKCA,1970,True,Patmanathan v. Thuraisingham,allowed
commonlii-LKCA-1970-23,73 NLR 313,LKCA,1970,True,Tuckers Ltd v. Ceylon Merchantile Union,
commonlii-LKCA-1970-24,76 NLR 193,LKCA,1970,True,Mercantile Credit Ltd. v. Silva,allowed
commonlii-LKCA-1970-26,73 NLR 270,LKCA,1970,True,Francis v. Joseph,allowed
commonlii-LKCA-1970-3,73 NLR 53,LKCA,1970,True,Sithamparanathan v. Mathuranayagam,dismissed
commonlii-LKCA-1970-31,74 NLR 302,LKCA,1970,True,Perera v. Premawathie,allowed
commonlii-LKCA-1970-32,75 NLR 1,LKCA,1970,True,Mudiyanse v. Imihamillage Appuhamy,set-aside
commonlii-LKCA-1970-33,73 NLR 385,LKCA,1970,True,Munasinghe v. People'S Bank,dismissed
commonlii-LKCA-1970-35,73 NLR 268,LKCA,1970,True,Pina v. Ahamadu Lebbe,allowed
commonlii-LKCA-1970-36,76 NLR 203,LKCA,1970,True,Tikiri Banda v. Dingiri Banda,set-aside
commonlii-LKCA-1970-37,73 NLR 422,LKCA,1970,True,Appuhamy v. Keerala,allowed
commonlii-LKCA-1970-38,73 NLR 134,LKCA,1970,True,Suriyabandara v. De Fransz,
commonlii-LKCA-1970-46,73 NLR 361,LKCA,1970,True,Ranasinghe v. Marikar,dismissed
commonlii-LKCA-1970-49,74 NLR 361,LKCA,1970,True,Siriwardena v. Mudiyanselage Appuhamy,allowed
commonlii-LKCA-1970-50,74 NLR 296,LKCA,1970,True,Tilakasiri Menike v. Dingiri Banda,dismissed
commonlii-LKCA-1970-52,74 NLR 129,LKCA,1970,True,Abeysuriya v. Dionisappu,set-aside
commonlii-LKCA-1970-55,73 NLR 433,LKCA,1970,True,Marasinghe v. Samarasinghe,dismissed
commonlii-LKCA-1970-56,73 NLR 463,LKCA,1970,True,Goonewardene v. Beddawela,allowed
commonlii-LKCA-1971-1,75 NLR 488,LKCA,1971,True,Nagappan v. Lankabarana,dismissed
commonlii-LKCA-1971-12,76 NLR 73,LKCA,1971,True,Dhammatilaka Thero v. Dhammaratana Thero,dismissed
commonlii-LKCA-1971-14,77 NLR 289,LKCA,1971,True,Weragama v. Bandara,allowed
commonlii-LKCA-1971-17,76 NLR 444,LKCA,1971,True,De Alwis v. De Alwis,allowed
commonlii-LKCA-1971-18,77 NLR 127,LKCA,1971,True,Fernando v. Dabarera,allowed
commonlii-LKCA-1971-22,76 NLR 313,LKCA,1971,True,Sellappah v. Vaithilingam,set-aside
commonlii-LKCA-1971-24,74 NLR 307,LKCA,1971,True,Theivanaipillai v. Nalliah,set-aside
commonlii-LKCA-1971-26,75 NLR 193,LKCA,1971,True,Chelliah v. Sivasamboo,allowed
commonlii-LKCA-1971-27,75 NLR 133,LKCA,1971,True,Perera v. Mary Nona,set-aside
commonlii-LKCA-1971-28,76 NLR 45,LKCA,1971,True,Rosalin Perera.N v. Rosalin Nona.M,set-aside
commonlii-LKCA-1971-29,74 NLR 241,LKCA,1971,True,Jupiter Cigarette & Tobacco Co. Ltd v. Soysa,dismissed
commonlii-LKCA-1971-31,74 NLR 563,LKCA,1971,True,Fernando v. Rosalin,dismissed
commonlii-LKCA-1971-38,74 NLR 385,LKCA,1971,True,Rowlands v. The Attorney General,dismissed
commonlii-LKCA-1971-4,75 NLR 228,LKCA,1971,True,Kathiramanthamby v. Lebbethamby,set-aside
commonlii-LKCA-1971-40,77 NLR 195,LKCA,1971,True,Kariapperuma v. Kotelawalla,allowed
commonlii-LKCA-1971-41,74 NLR 145,LKCA,1971,True,Sandanam v. Jamaldeen,allowed
commonlii-LKCA-1971-46,74 NLR 567,LKCA,1971,True,Praisoody v. Gurunathapillai,allowed
commonlii-LKCA-1971-49,76 NLR 268,LKCA,1971,True,Nadarajan v. Obeysekera,dismissed
commonlii-LKCA-1971-5,74 NLR 327,LKCA,1971,True,Silva v. De Mel,allowed
commonlii-LKCA-1971-51,74 NLR 529,LKCA,1971,True,Comissioner of Inland Revenue v. Rajaratnam,dismissed
commonlii-LKCA-1971-53,74 NLR 155,LKCA,1971,True,Sumanasiri v. Tillekeratne Banda,allowed
commonlii-LKCA-1971-58,75 NLR 56,LKCA,1971,True,De Silva v. Reddiyar,allowed
commonlii-LKCA-1971-59,75 NLR 349,LKCA,1971,True,Madanayake v. Senaratne,allowed
commonlii-LKCA-1971-64,74 NLR 433,LKCA,1971,True,Jandi v. Pinidiya,set-aside
commonlii-LKCA-1971-66,74 NLR 545,LKCA,1971,True,Perera v. Amarasena,allowed
commonlii-LKCA-1971-67,74 NLR 140,LKCA,1971,True,Fernando v. Mahantila,
commonlii-LKCA-1971-68,76 NLR 413,LKCA,1971,True,Suraweera v. Jayasena,set-aside
commonlii-LKCA-1971-69,74 NLR 331,LKCA,1971,True,Pathmanathan v. Aiyathurai,dismissed
commonlii-LKCA-1971-70,77 NLR 121,LKCA,1971,True,Surabiel Singho v. Dharamasena,allowed
commonlii-LKCA-1971-71,74 NLR 308,LKCA,1971,True,Wimalawathie v. Opanayake,allowed
commonlii-LKCA-1971-72,(1980) 2 Sri LR 220,LKCA,1971,True,Gunewardene v. Cabral and Others,dismissed
commonlii-LKCA-1972-10,77 NLR 270,LKCA,1972,True,Belin Nona v. Petara,set-aside
commonlii-LKCA-1972-11,75 NLR 532,LKCA,1972,True,Arnolis v. Hendrick,dismissed
commonlii-LKCA-1972-13,75 NLR 546,LKCA,1972,True,Fernando v. Perera,dismissed
commonlii-LKCA-1972-22,76 NLR 183,LKCA,1972,True,Thangiah v. Yoonus,dismissed
commonlii-LKCA-1972-23,76 NLR 235,LKCA,1972,True,Rasamanickam v. Alfred,
commonlii-LKCA-1972-24,75 NLR 496,LKCA,1972,True,Mohamed v. Mohamed,dismissed
commonlii-LKCA-1972-25,76 NLR 511,LKCA,1972,True,Perera v. Kularatne,allowed
commonlii-LKCA-1972-5,75 NLR 145,LKCA,1972,True,Morais v. Victoria,dismissed
commonlii-LKCA-1972-8,75 NLR 461,LKCA,1972,True,Ramagiri v. Karonchihamy,set-aside
commonlii-LKCA-1972-9,77 NLR 275,LKCA,1972,True,"Sherman De Silva & Co., Ltd. v. De Silva",allowed
commonlii-LKCA-1973-1,76 NLR 433,LKCA,1973,True,Wijewickreme v. Fernando,dismissed
commonlii-LKCA-1973-11,77 NLR 188,LKCA,1973,True,Dinoris Appuhamy v. Sophie Nona,allowed
commonlii-LKCA-1973-12,76 NLR 481,LKCA,1973,True,Jeyasuriya v. Jeeris,allowed
commonlii-LKCA-1973-2,76 NLR 427,LKCA,1973,True,Jayawickrema v. Silva,dismissed
commonlii-LKCA-1973-21,76 NLR 385,LKCA,1973,True,Naidu v. Mudalige,allowed
commonlii-LKCA-1973-31,76 NLR 221,LKCA,1973,True,Ariyaratne v. Lapie,dismissed
commonlii-LKCA-1973-32,77 NLR 103,LKCA,1973,True,Dionis v. William Singho,allowed
commonlii-LKCA-1973-33,77 NLR 169,LKCA,1973,True,Heenappuhamy v. Charles,allowed
commonlii-LKCA-1973-37,(1982) 1 Sri LR 392,LKCA,1973,True,Pathirana v. Ahangama,allowed
commonlii-LKCA-1973-38,(1996) 2 Sri LR 56,LKCA,1973,True,Weragoda and Others v. Peiris and Others,dismissed
commonlii-LKCA-1973-7,78 NLR 81,LKCA,1973,True,De Silva v. Molligoda,dismissed
commonlii-LKCA-1974-1,78 NLR 264,LKCA,1974,True,Ebert v. Additional Public Trustee,
commonlii-LKCA-1974-10,77 NLR 356,LKCA,1974,True,Gunawardena v. Bastian,
commonlii-LKCA-1974-11,77 NLR 358,LKCA,1974,True,Pathuma Natchiya v. Haniffa,dismissed
commonlii-LKCA-1974-12,77 NLR 337,LKCA,1974,True,Karunapala v. The State,allowed
commonlii-LKCA-1974-14,77 NLR 102,LKCA,1974,True,Bandara v. Piyasena,allowed
commonlii-LKCA-1974-15,78 NLR 40,LKCA,1974,True,Haniffa v. Abdul Wahab,allowed
commonlii-LKCA-1974-16,77 NLR 154,LKCA,1974,True,Kanapathipillai v. Kanapathipillai,set-aside
commonlii-LKCA-1974-18,79 NLR 481,LKCA,1974,True,Gunatillake v. Muriel Silva & Others,set-aside
commonlii-LKCA-1974-19,77 NLR 271,LKCA,1974,True,Gooneratne v. Gooneratne,dismissed
commonlii-LKCA-1974-2,80 NLR 1,LKCA,1974,True,"Sirisena and Others v. Honourable.H.S.R.B. Kobbekaduwa,Minister of Agriculture and Lands",remitted
commonlii-LKCA-1974-20,77 NLR 300,LKCA,1974,True,Sivanandan v. Sinnapillai,allowed
commonlii-LKCA-1974-22,77 NLR 220,LKCA,1974,True,Fernandes v. Perera,allowed
commonlii-LKCA-1974-3,79 NLR 241,LKCA,1974,True,Wanigasekera v. Republic of Sri Lanka,affirmed
commonlii-LKCA-1975-11,78 NLR 327,LKCA,1975,True,Attorney General v. Wimaladharma,allowed
commonlii-LKCA-1975-13,78 NLR 313,LKCA,1975,True,Silva v. Sai Nona,allowed
commonlii-LKCA-1975-16,78 NLR 239,LKCA,1975,True,Perera v. People'S Bank,dismissed
commonlii-LKCA-1975-17,78 NLR 297,LKCA,1975,True,Goonesekera v. Leelaratne,dismissed
commonlii-LKCA-1975-18,80 NLR 186,LKCA,1975,True,Ariyanandhi v. Mohamed Sideek,allowed
commonlii-LKCA-1975-19,78 NLR 213,LKCA,1975,True,Jayatunga v. Rosalinahamy,allowed
commonlii-LKCA-1975-2,79 NLR 102,LKCA,1975,True,Rodrigo v. Ranasinghe,dismissed
commonlii-LKCA-1975-22,78 NLR 193,LKCA,1975,True,Wijesena v. Fernando,dismissed
commonlii-LKCA-1975-23,77 NLR 501,LKCA,1975,True,Mudiyanse v. Punchi Banda Ranaweera,
commonlii-LKCA-1975-25,78 NLR 388,LKCA,1975,True,Edirisuriya v. Edirisuriya,dismissed
commonlii-LKCA-1975-26,78 NLR 394,LKCA,1975,True,Registrar General v. Sangarapillai,allowed
commonlii-LKCA-1975-4,78 NLR 4,LKCA,1975,True,Fernando v. The Village Council of Andiambalama,set-aside
commonlii-LKCA-1975-6,78 NLR 457,LKCA,1975,True,Nesaratnam v. Vaithilingam,allowed
commonlii-LKCA-1976-11,79 NLR 397,LKCA,1976,True,Thamotharampillai v. Somasunderam,allowed
commonlii-LKCA-1976-12,79 NLR 90,LKCA,1976,True,Wimalasuriya v. Jayaweerasingam,dismissed
commonlii-LKCA-1976-13,78 NLR 404,LKCA,1976,True,Appuhamy v. Gallella,allowed
commonlii-LKCA-1976-15,78 NLR 445,LKCA,1976,True,Pakir Saibu v. Kairul Rasika,dismissed
commonlii-LKCA-1976-17,78 NLR 529,LKCA,1976,True,Gunasena v. Ukku Menika,allowed
commonlii-LKCA-1976-18,79 NLR 85,LKCA,1976,True,"John Singho, P.M. v. The Attorney General",dismissed
commonlii-LKCA-1976-19,78 NLR 500,LKCA,1976,True,Ranasinghe v. De Silva,allowed
commonlii-LKCA-1976-21,79 NLR 361,LKCA,1976,True,Balasunderam v. Raman,dismissed
commonlii-LKCA-1976-22,79 NLR 409,LKCA,1976,True,Wijeratne v. Public Trustee,allowed
commonlii-LKCA-1976-23,(1984) 1 Sri LR 263,LKCA,1976,True,Dias v. De Mel and Another,set-aside
commonlii-LKCA-1976-24,(1982) 1 Sri LR 349,LKCA,1976,True,Hilda Jayasinghe v. Francis Samarawickrema,set-aside
commonlii-LKCA-1976-3,79 NLR 545,LKCA,1976,True,Fernando v. Republic of Sri Lanka,dismissed
commonlii-LKCA-1976-7,78 NLR 471,LKCA,1976,True,Saranapala Terunnanse v. Sortha Thero,allowed
commonlii-LKCA-1976-9,78 NLR 481,LKCA,1976,True,Mercantile Bank Ltd. v. Anver,allowed
commonlii-LKCA-1977-1,80 NLR 198,LKCA,1977,True,Selestina Fernando v. Cyril Fernando and Another,set-aside
commonlii-LKCA-1977-11,79 NLR 202,LKCA,1977,True,Mohamed Muthalib v. Abbas,allowed
commonlii-LKCA-1977-12,80 NLR 225,LKCA,1977,True,Michael Gunasekera and Others v. Abeywickrema Jayatillake,dismissed
commonlii-LKCA-1977-15,79 NLR 99,LKCA,1977,True,Peiris v. Peiris,allowed
commonlii-LKCA-1977-17,78 NLR 547,LKCA,1977,True,Sediris v. Roslin,allowed
commonlii-LKCA-1977-2,79 NLR 145,LKCA,1977,True,Dhammadaja Thero v. Wimalajothi Thero,dismissed
commonlii-LKCA-1977-23,(1986) 2 Sri LR 208,LKCA,1977,True,Magilin Perera v. Abraham Perera,allowed
commonlii-LKCA-1977-4,80 NLR 256,LKCA,1977,True,Samaranayake.D.A v. Ran Menika.U,allowed
commonlii-LKCA-1977-6,79 NLR 439,LKCA,1977,True,Amarawansa Istavira v. Wimaladhamma Thero,dismissed
commonlii-LKCA-1977-9,80 NLR 287,LKCA,1977,True,Windsor.J.K v. Singho.K.H.S and Another,dismissed
commonlii-LKCA-1978-1,79 NLR 313,LKCA,1978,True,L.C.Fernando v. The Republic of Sri Lanka,allowed
commonlii-LKCA-1978-4,(1982) 1 Sri LR 256,LKCA,1978,True,Gunawardena v. Ferdinandis,
commonlii-LKCA-1978-5,(1992) 1 Sri LR 157,LKCA,1978,True,Ceylon Plywoods Corporation v. Samastha Lanka G.N.S.M. Amp Rajya Sanstha Sevaka Sangamaya,allowed
commonlii-LKCA-1978-6,(1993) 2 Sri LR 11,LKCA,1978,True,Heenatiyana Nanda Tissa Thero and Another v. Weerapura,allowed
commonlii-LKCA-1980-18,(1980) 2 Sri LR 145,LKCA,1980,True,Hently Garments Ltd. v. J.S.A. Fernando,allowed
commonlii-LKCA-1980-21,(1980) 2 Sri LR 136,LKCA,1980,True,Wilisindahamy v. Karunawathie and Others,allowed
commonlii-LKCA-1980-23,(1980) 2 Sri LR 196,LKCA,1980,True,Piyadasa De Silva v. Gunasekera,allowed
commonlii-LKCA-1980-26,(1980) 2 Sri LR 110,LKCA,1980,True,Andradi v. Wijeyeratne,remitted
commonlii-LKCA-1980-34,(1980) 2 Sri LR 11,LKCA,1980,True,Ceylon State Mortgage Bank v. Ranasinghe,allowed
commonlii-LKCA-1980-37,(1980) 2 Sri LR 304,LKCA,1980,True,Krishnamoorthy v. Kumarasamy and Another,allowed
commonlii-LKCA-1980-40,(1980) 2 Sri LR 243,LKCA,1980,True,"Farook v. Gunawardene, Government Agent, Amparai",
commonlii-LKCA-1980-41,(1980) 2 Sri LR 183,LKCA,1980,True,Walpita v. Dharmasena and Others,dismissed
commonlii-LKCA-1980-44,(1980) 2 Sri LR 65,LKCA,1980,True,Suby and Another v. T. Suby Ltd,dismissed
commonlii-LKCA-1980-45,(1980) 2 Sri LR 214,LKCA,1980,True,Maniapillai and Others v. Sivasamy,dismissed
commonlii-LKCA-1980-5,(1981) 2 Sri LR 287,LKCA,1980,True,Felix Dias Bandaranayake v. The State Film Corporation and Another,remitted
commonlii-LKCA-1980-8,(1980) 2 Sri LR 48,LKCA,1980,True,Fernando v. Dias and Others,set-aside
commonlii-LKCA-1980-9,(1980) 2 Sri LR 97,LKCA,1980,True,Gordon Frazer & Co. Ltd. v. Lady Gymara Fernando,allowed
commonlii-LKCA-1981-1,24 NLR 365,LKCA,1981,True,In Re An Application Under Ordinance No. 20 of 1919 Against Cantlay,
commonlii-LKCA-1981-14,(1981) 2 Sri LR 132,LKCA,1981,True,Jeyasingham v. Jeyasingham,dismissed
commonlii-LKCA-1981-21,(1981) 2 Sri LR 335,LKCA,1981,True,Bhai Beeki v. A. M. M. Naeem,
commonlii-LKCA-1981-23,(1981) 2 Sri LR 141,LKCA,1981,True,"Podi Nona v. Urban Council, Horana",dismissed
commonlii-LKCA-1981-24,(1981) 2 Sri LR 499,LKCA,1981,True,Luciya v. Somaratne,dismissed
commonlii-LKCA-1981-26,(1981) 2 Sri LR 401,LKCA,1981,True,"The State Graphite Corporation (State Mining and Mineral Development Corporation) v. Fernando, K.S.D.P. and Another",
commonlii-LKCA-1981-31,(1982) 1 Sri LR 206,LKCA,1981,True,"Perera, A.W. v. Belin Menike",set-aside
commonlii-LKCA-1981-33,(1981) 2 Sri LR 29,LKCA,1981,True,Rasheed Ali v. Mohamed Ali and Others,dismissed
commonlii-LKCA-1981-34,(1981) 2 Sri LR 74,LKCA,1981,True,Saleem v. Balakumar,
commonlii-LKCA-1981-36,(1981) 2 Sri LR 232,LKCA,1981,True,The Mahakande Housing Company Ltd. v. Duhilamomal and Others,allowed
commonlii-LKCA-1981-40,(1982) 1 Sri LR 39,LKCA,1981,True,Punchi Menika and Another v. Kirimudyanse and Antother,dismissed
commonlii-LKCA-1981-46,(1984) 1 Sri LR 118,LKCA,1981,True,Latiff v. The Land Reform Commission,
commonlii-LKCA-1981-5,(1981) 2 Sri LR 119,LKCA,1981,True,Ceylon Carriers Ltd. v. Peiris,remitted
commonlii-LKCA-1981-6,(1981) 2 Sri LR 7,LKCA,1981,True,De Silva and Others v. Seneviratne and Another,dismissed
commonlii-LKCA-1982-1,33 NLR 295,LKCA,1982,True,Rafeeka Et Al. v. Mohamad Sathuck,dismissed
commonlii-LKCA-1982-10,(1982) 1 Sri LR 265,LKCA,1982,True,"Fernando, R.M.L. v. Ganitha",dismissed
commonlii-LKCA-1982-14,(1982) 2 Sri LR 460,LKCA,1982,True,Jayasuriya v. Samaranayake,dismissed
commonlii-LKCA-1982-17,(1982) 1 Sri LR 21,LKCA,1982,True,Wickremaratne v. Thavendrarajah,dismissed
commonlii-LKCA-1982-22,(1991) 1 Sri LR 243,LKCA,1982,True,Abdul Hasheeb v. Mendis Perera and Others,set-aside
commonlii-LKCA-1982-24,(1993) 1 Sri LR 299,LKCA,1982,True,Karunaratne v. Ranasinghe Hamine (Since Deceased and Substituted By S.R.A. Karunawathie) and Others,set-aside
commonlii-LKCA-1982-27,(1982) 2 Sri LR 633,LKCA,1982,True,Ibrahim v. Annamma,allowed
commonlii-LKCA-1982-6,(1982) 2 Sri LR 525,LKCA,1982,True,Sangapala Thero v. Telwatta Nagitha Thero,dismissed
commonlii-LKCA-1983-13,(1983) 2 Sri LR 407,LKCA,1983,True,Karunawathie v. Robo Singho,allowed
commonlii-LKCA-1983-14,(1984) 1 Sri LR 44,LKCA,1983,True,Appuhamy v. Irene Dias Bandaranaike,dismissed
commonlii-LKCA-1983-17,(1999) 2 Sri LR 360,LKCA,1983,True,"Hussan v. Authorised Officer, Colombo Rent Board",set-aside
commonlii-LKCA-1983-18,(1983) 2 Sri LR 298,LKCA,1983,True,Charlis Silva v. Ariyadasa,allowed
commonlii-LKCA-1983-19,(1983) 2 Sri LR 424,LKCA,1983,True,Wijesekera v. Seneviratne,allowed
commonlii-LKCA-1983-21,(1983) 2 Sri LR 493,LKCA,1983,True,Arlis Appuhamy v. Kahavidane,dismissed
commonlii-LKCA-1983-22,(1983) 2 Sri LR 399,LKCA,1983,True,Maria Perera v. Albert Perera,allowed
commonlii-LKCA-1983-23,(1984) 1 Sri LR 57,LKCA,1983,True,Piyasena Perera v. Margret Perera and Two Others,set-aside
commonlii-LKCA-1983-24,(1983) 2 Sri LR 429,LKCA,1983,True,Kuruneru v. Haththotuwa,dismissed
commonlii-LKCA-1983-7,(1984) 1 Sri LR 129,LKCA,1983,True,Stassen Exports Limited v. Hebtlilabhoy Co. Ltd,set-aside
commonlii-LKCA-1983-8,(1983) 2 Sri LR 441,LKCA,1983,True,Rampala and Others v. Moosajees Limited and Another,dismissed
commonlii-LKCA-1984-18,(1984) 2 Sri LR 45,LKCA,1984,True,Kumaranatunga v. Jayakody and Another,
commonlii-LKCA-1984-24,(1985) 2 Sri LR 35,LKCA,1984,True,Dharmasena v. Alles and Others,dismissed
commonlii-LKCA-1984-26,(1984) 2 Sri LR 197,LKCA,1984,True,Muzamil and Others v. Rehabilitian of Property and Industries Authority(Repia) and Others,
commonlii-LKCA-1984-27,(1984) 1 Sri LR 145,LKCA,1984,True,Weerasinghe v. Ran Banda and Two Others,dismissed
commonlii-LKCA-1984-28,(1985) 1 Sri LR 39,LKCA,1984,True,Perera v. People'S Bank Land Redemption Department and Others,
commonlii-LKCA-1984-3,(1985) 1 Sri LR 19,LKCA,1984,True,Rev. Kiralagama Sumanatissa Thero v. Aluwihare and Another,dismissed
commonlii-LKCA-1984-31,(1985) 1 Sri LR 44,LKCA,1984,True,Medonza v. De Silva,dismissed
commonlii-LKCA-1984-33,(1984) 2 Sri LR 225,LKCA,1984,True,Piyadasa Alias Jinadasa v. Mohamed Osman,dismissed
commonlii-LKCA-1984-38,(1985) 2 Sri LR 25,LKCA,1984,True,Mustapha Asma Umma v. Rajapaksa,dismissed
commonlii-LKCA-1984-39,(1984) 2 Sri LR 231,LKCA,1984,True,Abeywardena and Others v. Euginahamy and Others,allowed
commonlii-LKCA-1984-40,(1984) 1 Sri LR 224,LKCA,1984,True,Mercin v. Edwin and Others,allowed
commonlii-LKCA-1985-1,71 NLR 7,LKCA,1985,True,Jayasinghe v. Ranso Nona,set-aside
commonlii-LKCA-1985-15,(1985) 2 Sri LR 275,LKCA,1985,True,Amarawansa Thero v. Panditha Galwehera Amaragnana Thero,allowed
commonlii-LKCA-1985-16,(1985) 2 Sri LR 40,LKCA,1985,True,Sirinivasa Thero v. Wimaladhamma Thero,dismissed
commonlii-LKCA-1985-17,(1986) 1 Sri LR 211,LKCA,1985,True,Bertie Fernando and Others v. Missie Fernando and Others,allowed
commonlii-LKCA-1985-22,(1985) 2 Sri LR 1,LKCA,1985,True,Abdul Cader v. Nagaratnam,dismissed
commonlii-LKCA-1985-24,(1991) 2 Sri LR 14,LKCA,1985,True,Wijewardena and Another Vs. Ellawala,allowed
commonlii-LKCA-1985-33,(1985) 1 Sri LR 265,LKCA,1985,True,Chinta Devi v. Glacio Limited,allowed
commonlii-LKCA-1985-34,(1985) 2 Sri LR 249,LKCA,1985,True,Kandasamy v. Sinnathamby,dismissed
commonlii-LKCA-1985-35,(1985) 2 Sri LR 292,LKCA,1985,True,Wright and Three Others v. People'S Bank,dismissed
commonlii-LKCA-1985-39,(1985) 2 Sri LR 237,LKCA,1985,True,Podinona v. Herathhamy and Others,dismissed
commonlii-LKCA-1985-43,(1985) 1 Sri LR 397,LKCA,1985,True,Halangoda v. Madugalla and Others,dismissed
commonlii-LKCA-1985-55,(1985) 1 Sri LR 121,LKCA,1985,True,Wahab v. Jayah,dismissed
commonlii-LKCA-1985-57,(1985) 1 Sri LR 229,LKCA,1985,True,Violet Perera Nee Clerk v. Bupa Hewawasam and Others,dismissed
commonlii-LKCA-1985-58,(1985) 2 Sri LR 245,LKCA,1985,True,Dharmaratane Thero v. Siyadoris and Others,dismissed
commonlii-LKCA-1985-65,(1985) 1 Sri LR 197,LKCA,1985,True,Shums v. People'S Bank and Others,remitted
commonlii-LKCA-1985-9,(1985) 2 Sri LR 197,LKCA,1985,True,Pavisthinahamy v. Rev. Akurala Seelawansa Thero,allowed
commonlii-LKCA-1986-20,(1986) 2 Sri LR 177,LKCA,1986,True,"Brown & Co., Ltd. v. G.S.Fernando",allowed
commonlii-LKCA-1986-21,(1987) 1 Sri LR 57,LKCA,1986,True,Dharmawardena v. Walwattage,allowed
commonlii-LKCA-1986-22,(1996) 1 Sri LR 346,LKCA,1986,True,Mercantile Credit Limited. v. Sirimawathie and Others,set-aside
commonlii-LKCA-1986-28,(1986) 1 Sri LR 245,LKCA,1986,True,Ratnayake v. Bandara,dismissed
commonlii-LKCA-1986-29,(1987) 1 Sri LR 94,LKCA,1986,True,Shanmugalingam & Another v. Vaitheswara Kurukkal and Others,allowed
commonlii-LKCA-1986-3,(1986) 1 Sri LR 190,LKCA,1986,True,Wickremaratne and Another v. Alpenis Perera,allowed
commonlii-LKCA-1986-32,(1987) 1 Sri LR 141,LKCA,1986,True,Georgina Paris v. Catherine Theresa Florence,allowed
commonlii-LKCA-1986-37,(1986) 1 Sri LR 48,LKCA,1986,True,Azhar Ghouse v. Chamed Ghouse and Others,dismissed
commonlii-LKCA-1986-39,(1986) 1 Sri LR 378,LKCA,1986,True,Samarapala v. Jagoda,dismissed
commonlii-LKCA-1986-4,(1986) 2 Sri LR 325,LKCA,1986,True,Wijeyakoon v. Wijeyakoon,dismissed
commonlii-LKCA-1986-6,(1986) 2 Sri LR 185,LKCA,1986,True,Samsudeen v. Farook,allowed
commonlii-LKCA-1986-8,(1987) 1 Sri LR 151,LKCA,1986,True,Ratanajothi Thero v. Somarathana Thero,allowed
commonlii-LKCA-1987-1,(1987) 2 Sri LR 78,LKCA,1987,True,Alfred Fernando v. Julian Fernando,dismissed
commonlii-LKCA-1987-11,(1987) 2 Sri LR 411,LKCA,1987,True,Land Reform Commission v. Rev. Ganegama Sangarakkita Thero,dismissed
commonlii-LKCA-1987-13,(1987) 2 Sri LR 299,LKCA,1987,True,Ratnayake v. Chandratilake and Othres,dismissed
commonlii-LKCA-1987-14,(1987) 1 Sri LR 288,LKCA,1987,True,Dias Nagahawatte v. Alwis Appuhamy,dismissed
commonlii-LKCA-1987-15,(1992) 1 Sri LR 275,LKCA,1987,True,"Kathiresan v. Sirimevan Bibile, Chairman, Board of Review, Ceiling On Housing Property Law and Others",
commonlii-LKCA-1987-16,(1987) 2 Sri LR 8,LKCA,1987,True,Fernando v. Illukkumbura and Another,
commonlii-LKCA-1987-17,(1987) 2 Sri LR 109,LKCA,1987,True,Saranelis and Another v. Agnes Nona,dismissed
commonlii-LKCA-1987-18,(1987) 2 Sri LR 179,LKCA,1987,True,Wijesinghe v. Karunadasa,dismissed
commonlii-LKCA-1987-2,(1988) 1 Sri LR 334,LKCA,1987,True,Punyawathie v. Uvais,allowed
commonlii-LKCA-1987-22,(1987) 1 Sri LR 357,LKCA,1987,True,Sanmugam and Another v. Thambiaiyah,dismissed
commonlii-LKCA-1987-25,(1987) 2 Sri LR 54,LKCA,1987,True,O.S. Perera v. Attorney General,allowed
commonlii-LKCA-1987-27,(1987) 2 Sri LR 184,LKCA,1987,True,Thiyagarasa v. Arunodayam,allowed
commonlii-LKCA-1987-29,(1987) 1 Sri LR 261,LKCA,1987,True,Charles De Silva v. Ariyawathie De Silva and Another,allowed
commonlii-LKCA-1987-30,(1987) 1 Sri LR 242,LKCA,1987,True,Gunasekera and Another v. Uyangodage,allowed
commonlii-LKCA-1987-34,(1982) 1 Sri LR 65,LKCA,1987,True,Ruparatne v. Manufacturers Life Insurance Co. of Canada,allowed
commonlii-LKCA-1987-36,(1988) 1 Sri LR 351,LKCA,1987,True,M.M.Perera v. D.M. J.Desilva,allowed
commonlii-LKCA-1987-37,(1987) 1 Sri LR 247,LKCA,1987,True,Wijenathan v. The Bishop of Chilaw,allowed
commonlii-LKCA-1987-40,(1987) 2 Sri LR 66,LKCA,1987,True,Wijesundera and Others v. Constantine Dasa and Another,dismissed
commonlii-LKCA-1987-9,(1987) 2 Sri LR 190,LKCA,1987,True,Kumarasena v. Data Management Systems Ltd,allowed
commonlii-LKCA-1988-10,(1988) 2 Sri LR 283,LKCA,1988,True,Duwegama Indajothi Sthavira and Others v. Paragastota Rewatha Sthavira,affirmed
commonlii-LKCA-1988-11,(1988) 1 Sri LR 292,LKCA,1988,True,Ananda Thero v. Appuhamy and Others,allowed
commonlii-LKCA-1988-15,(1993) 1 Sri LR 272,LKCA,1988,True,Damayanthi Abeywardene and Another v. Hemalatha Abeywardene and Others,allowed
commonlii-LKCA-1988-16,(1988) 2 Sri LR 228,LKCA,1988,True,Eugin Fernando v. Charles Perera and Others,dismissed
commonlii-LKCA-1988-19,(1989) 1 Sri LR 283,LKCA,1988,True,Lady Benwell v. The Attorney General and Another,
commonlii-LKCA-1988-21,(1988) 1 Sri LR 283,LKCA,1988,True,Vithana v. Jane Nona,set-aside
commonlii-LKCA-1988-25,(1989) 1 Sri LR 63,LKCA,1988,True,Noorul Asin and Other v. Podinona De Soysa and Others,dismissed
commonlii-LKCA-1988-26,(1988) 2 Sri LR 55,LKCA,1988,True,"Vaidhianathan and Another v. Mohideen, Idross and Others",dismissed
commonlii-LKCA-1988-34,(1988) 2 Sri LR 200,LKCA,1988,True,Gamini Ranasagalla Corea v. Ernestina Corea and Others,allowed
commonlii-LKCA-1988-4,(1988) 2 Sri LR 1,LKCA,1988,True,Hameed v. Deen and Others,dismissed
commonlii-LKCA-1988-43,(1988) 2 Sri LR 8,LKCA,1988,True,Gunasekera v. Soothanona,dismissed
commonlii-LKCA-1988-44,(1988) 2 Sri LR 299,LKCA,1988,True,Koralage v. Marikkar Mohamed and Others,set-aside
commonlii-LKCA-1988-45,(1988) 2 Sri LR 119,LKCA,1988,True,Kandiah v. Land Reform Commission and Two Others,
commonlii-LKCA-1988-47,(1989) 1 Sri LR 81,LKCA,1988,True,Sameen and Another v. Ceylon Hotels Ltd,dismissed
commonlii-LKCA-1988-49,(1988) 2 Sri LR 246,LKCA,1988,True,Albert v. Ratnayake,
commonlii-LKCA-1988-5,(1988) 2 Sri LR 129,LKCA,1988,True,Podihamy v. Elaris and Others,dismissed
commonlii-LKCA-1988-50,(1988) 1 Sri LR 248,LKCA,1988,True,Marshal Perera and Others v. Dona Aginis and Another,dismissed
commonlii-LKCA-1988-51,(1988) 2 Sri LR 264,LKCA,1988,True,Shelton De Silva v. Charles De Silva,allowed
commonlii-LKCA-1988-9,(1988) 2 Sri LR 61,LKCA,1988,True,Bandattara Jananada Maha Thero v. Devinuwara Siri Sunanda Thero,dismissed
commonlii-LKCA-1989-15,(1990) 1 Sri LR 246,LKCA,1989,True,Lily Perera v. Chandani Perera and Others,dismissed
commonlii-LKCA-1989-16,(1989) 1 Sri LR 325,LKCA,1989,True,Suriapperuma v. Senanayake,dismissed
commonlii-LKCA-1989-20,(1990) 1 Sri LR 8,LKCA,1989,True,Esabella Perera Hamine v. Emalia Perera Hamine,dismissed
commonlii-LKCA-1989-22,(1989) 2 Sri LR 180,LKCA,1989,True,Samarasinghe v. Samarasinghe,
commonlii-LKCA-1989-23,(1990) 1 Sri LR 27,LKCA,1989,True,Sumanadewa and Another v. Sediris and Another,
commonlii-LKCA-1989-25,(1989) 1 Sri LR 182,LKCA,1989,True,"Hebtulabhoy, M.S. & Co. Ltd. v. Stassen Exports Ltd. and Another",set-aside
commonlii-LKCA-1989-28,(1989) 1 Sri LR 358,LKCA,1989,True,Noris Singho v. Jokinu Fernando,dismissed
commonlii-LKCA-1989-32,(1989) 1 Sri LR 332,LKCA,1989,True,Dharmasiri v. Roslin Perera and Others,dismissed
commonlii-LKCA-1989-35,(1989) 1 Sri LR 361,LKCA,1989,True,Yapa v. Dissanayake Sedara,dismissed
commonlii-LKCA-1989-41,(1989) 2 Sri LR 350,LKCA,1989,True,Jamis v. Kannangara,set-aside
commonlii-LKCA-1989-45,(1989) 2 Sri LR 105,LKCA,1989,True,Sopaya Silva and Another v. Magilin Silva,allowed
commonlii-LKCA-1989-8,(1989)2 Sri LR 366,LKCA,1989,True,Nanayakkara v. Jayasooriya and Another,set-aside
commonlii-LKCA-1990-12,(1990) 2 Sri LR 186,LKCA,1990,True,Pilapitiya v. Buddadasa and Another,dismissed
commonlii-LKCA-1990-17,(1990) 2 Sri LR 283,LKCA,1990,True,Dias v. De Mel and Another,set-aside
commonlii-LKCA-1990-22,(1990) 2 Sri LR 168,LKCA,1990,True,Noordeen Lebbe v. Mohamadu Ameer and Others,remitted
commonlii-LKCA-1990-36,(1991) 1 Sri LR 91,LKCA,1990,True,National Savings Bank v. Chandrasiri,dismissed
commonlii-LKCA-1990-39,(1990) 1 Sri LR 415,LKCA,1990,True,Attorney General v. Chandran and Another,set-aside
commonlii-LKCA-1990-55,(1990) 2 Sri LR 319,LKCA,1990,True,Thambirajah v. Abdul Kudoos Dorai and Others,affirmed
commonlii-LKCA-1990-61,(1990) 2 Sri LR 244,LKCA,1990,True,Ariyasena v. Gunatilake,
commonlii-LKCA-1990-65,(1990) 2 Sri LR 302,LKCA,1990,True,Carlo Perera v. Lakshman Perera,set-aside
commonlii-LKCA-1991-1,13 NLR 181,LKCA,1991,True,Ibrahim Didi Et Al. v. Alli Didi,allowed
commonlii-LKCA-1991-13,(1991) 2 Sri LR 183,LKCA,1991,True,Iranganie v. Abeyratne and Others,
commonlii-LKCA-1991-18,(1992) 1 Sri LR 36,LKCA,1991,True,Paaris and Another v. Bridget Fernando,dismissed
commonlii-LKCA-1991-19,(1992) 1 Sri LR 49,LKCA,1991,True,Peter Singho v. Costa,dismissed
commonlii-LKCA-1991-20,(1992) 1 Sri LR 39,LKCA,1991,True,Somasiri v. Ceylon Petroleum Corporation,allowed
commonlii-LKCA-1991-22,(1991) 1 Sri LR 203,LKCA,1991,True,Wickremaratne v. Wickremaratne,set-aside
commonlii-LKCA-1991-27,(1991) 1 Sri LR 279,LKCA,1991,True,Bernard Perera v. Wijeyatunga,dismissed
commonlii-LKCA-1991-28,(1991) 2 Sri LR 7,LKCA,1991,True,Kithsiri Perera Vs. Dayasiri Perera,dismissed
commonlii-LKCA-1991-29,(1995) 2 Sri LR 212,LKCA,1991,True,Wickremaratne v. Samarawickrema and Others,dismissed
commonlii-LKCA-1991-31,(1992) 1 Sri LR 108,LKCA,1991,True,Piyadasa v. Bindliva Alias Gnasekera,dismissed
commonlii-LKCA-1991-41,(1991) 2 Sri LR 129,LKCA,1991,True,Kingsley Fernando v. Dayaratne and Others,
commonlii-LKCA-1991-48,(1994) 3 Sri LR 1,LKCA,1991,True,Muthukrishna v. Gomes and Others,
commonlii-LKCA-1991-50,(1992) 1 Sri LR 314,LKCA,1991,True,Sulaiman v. Aboobakkar,
commonlii-LKCA-1991-51,(1991) 1 Sri LR 282,LKCA,1991,True,Ameera Jabir v. Yasmin Jabir Nee Nazick,dismissed
commonlii-LKCA-1991-54,(1991) 1 Sri LR 212,LKCA,1991,True,Sendiris v. Assistant Commissioner of Agrarian Services and Another,
commonlii-LKCA-1991-55,(1992) 1 Sri LR 5,LKCA,1991,True,Costa v. Rowell,allowed
commonlii-LKCA-1991-56,(1991) 1 Sri LR 97,LKCA,1991,True,Nanayakkara v. University of Peradeniya,
commonlii-LKCA-1992-1,(1993) 1 Sri LR 145,LKCA,1992,True,Ramanayake v. Sampath Bank Ltd. and Others,dismissed
commonlii-LKCA-1992-15,(1992) 2 Sri LR 156,LKCA,1992,True,Sarath Kumara Perera V.Keerthiwansa and Others,dismissed
commonlii-LKCA-1992-23,(1993) 1 Sri LR 71,LKCA,1992,True,Don Percy Nanayakkara v. The Republic of Sri Lanka,dismissed
commonlii-LKCA-1992-25,(1993) 2 Sri LR 41,LKCA,1992,True,Environmental Foundation Ltd. v. The Land Commissioner and Others,
commonlii-LKCA-1992-31,(1993) 2 Sri LR 387,LKCA,1992,True,Ibrahim Rahumathuma v. Peoples Bank and Other,
commonlii-LKCA-1992-36,(1992) 1 Sri LR 361,LKCA,1992,True,Abeyratne and Another v. Manchanayake,dismissed
commonlii-LKCA-1993-19,(1994) 3 Sri LR 339,LKCA,1993,True,Premasiri and Others v. Kodikara and Another,allowed
commonlii-LKCA-1993-26,(1994) 3 Sri LR 270,LKCA,1993,True,Sitthi Maleeha and Another v. Nihal Ignatius Perera and Others,set-aside
commonlii-LKCA-1993-27,(1994) 3 Sri LR 168,LKCA,1993,True,Malwatta v. Gunasekera and Others,dismissed
commonlii-LKCA-1993-28,(1994) 3 Sri LR 262,LKCA,1993,True,W.G Roslin v. H.B. Maryhamy,set-aside
commonlii-LKCA-1993-31,(1993) 2 Sri LR 125,LKCA,1993,True,Sirisena v. Nandawathie,dismissed
commonlii-LKCA-1993-33,(1994) 3 Sri LR 230,LKCA,1993,True,Weerasinghe v. Podimahatmaya and Others,
commonlii-LKCA-1994-24,(1994) 2 Sri LR 203,LKCA,1994,True,Amarasinghe v. Wanigasuriya,set-aside
commonlii-LKCA-1994-35,(1994) 2 Sri LR 117,LKCA,1994,True,Punchi Nona v. Padumasena and Others,set-aside
commonlii-LKCA-1994-37,(1995) 2 Sri LR 221,LKCA,1994,True,Martin Singho and Two Others v. Nanda Peiris and Two Others,dismissed
commonlii-LKCA-1994-38,(1995) 2 Sri LR 245,LKCA,1994,True,Singham v. Wigneswaramoorthy,allowed
commonlii-LKCA-1994-39,(1995) 2 Sri LR 352,LKCA,1994,True,Peter Atapattu and Others v. People'S Bank and Others,
commonlii-LKCA-1995-13,(1995) 2 Sri LR 304,LKCA,1995,True,"Hyderabad Industries Ltd. v. Idac Trading (Pvt) Ltd., and Two Others",set-aside
commonlii-LKCA-1995-17,(1996) 2 Sri LR 1,LKCA,1995,True,Lafir v. Gunapathy,dismissed
commonlii-LKCA-1995-2,(1995) 2 Sri LR 25,LKCA,1995,True,Adlin Fernando and Another v. Lionel Fernando and Others,set-aside
commonlii-LKCA-1995-31,(1995) 2 Sri LR 104,LKCA,1995,True,Abeysinghe v. Abeysekera,set-aside
commonlii-LKCA-1995-34,(1995) 1 Sri LR 259,LKCA,1995,True,Dharmalatha v. David De Silva,set-aside
commonlii-LKCA-1995-36,(1995) 1 Sri LR 1,LKCA,1995,True,Leelasena v. Ranasinghe and Others,
commonlii-LKCA-1995-8,(1995) 2 Sri LR 53,LKCA,1995,True,Anz Grindlay'S Bank v. Ministry of Labour and Others,
commonlii-LKCA-1996-12,(1997) 1 Sri LR 373,LKCA,1996,True,Abdul Munaf v. Mohamed Yusuf,
commonlii-LKCA-1996-22,(1997) 2 Sri LR 281,LKCA,1996,True,Loku Menika and Others v. Gunasekare,allowed
commonlii-LKCA-1996-23,(1997) 2 Sri LR 260,LKCA,1996,True,Talawatugoda Siri Ratna Thero and Another v. Athukorale,dismissed
commonlii-LKCA-1996-31,(1996) 2 Sri LR 95,LKCA,1996,True,Wickremasuriya v. Dedoleena and Others (Substituted),dismissed
commonlii-LKCA-1996-35,(1996) 2 Sri LR 124,LKCA,1996,True,Mohamed v. Land Reform Commission and Another,set-aside
commonlii-LKCA-1996-37,(1997) 1 Sri LR 197,LKCA,1996,True,Mary Beatrie and Others v. Seneviratne,dismissed
commonlii-LKCA-1996-39,(1996) 2 Sri LR 406,LKCA,1996,True,Karunawathie and 2 Others v. Gunadasa,allowed
commonlii-LKCA-1996-40,(1996) 2 Sri LR 66,LKCA,1996,True,Thilagaratnam v. Athpunathan and Others,dismissed
commonlii-LKCA-1996-6,(1997) 2 Sri LR 267,LKCA,1996,True,Wanigaratne and Another v. Wanigaratne,
commonlii-LKCA-1997-18,(1997) 2 Sri LR 337,LKCA,1997,True,Ghani v. Nadaraja,allowed
commonlii-LKCA-1997-2,(1997) 2 Sri LR 382,LKCA,1997,True,Deeman Silva v. Silva and Others,allowed
commonlii-LKCA-1997-20,(1997) 3 Sri LR 113,LKCA,1997,True,Cynthia De Alwis v. Marjorie D'Alwis and Two Others,set-aside
commonlii-LKCA-1997-21,(1997) 3 Sri LR 373,LKCA,1997,True,Chandrasena v. Leela Nona and Others,allowed
commonlii-LKCA-1997-24,(1997) 3 Sri LR 379,LKCA,1997,True,Beatrice Dep v. Lalani Meemaduwa,
commonlii-LKCA-1997-25,(1998) 2 Sri LR 16,LKCA,1997,True,Cinemas Limited v. Sounderarajan,
commonlii-LKCA-1997-26,(1998) 1 Sri LR 107,LKCA,1997,True,De Costa and Others v. De Costa and Others,
commonlii-LKCA-1997-28,(1997) 3 Sri LR 393,LKCA,1997,True,Gunasena v. Kandage and Others,dismissed
commonlii-LKCA-1997-31,(1997) 3 Sri LR 410,LKCA,1997,True,Jayasinghe v. Gnanawathie Menike,dismissed
commonlii-LKCA-1997-33,(2001) 3 Sri LR 25,LKCA,1997,True,Mohinudeen and Others v. Bank of Ceylon,dismissed
commonlii-LKCA-1997-35,(1997) 3 Sri LR 202,LKCA,1997,True,Pure Beverages Ltd. v. Shanil Fernando,
commonlii-LKCA-1997-37,(1998) 3 Sri LR 77,LKCA,1997,True,Ranjanie De Soysa v. Edward Cooray and Others,dismissed
commonlii-LKCA-1997-40,(1998) 1 Sri LR 41,LKCA,1997,True,Victor and Another v. Cyril De Silva,dismissed
commonlii-LKCA-1997-41,(1997) 2 Sri LR 323,LKCA,1997,True,Wijesuriya v. Senaratne,
commonlii-LKCA-1997-42,(1997) 2 Sri LR 356,LKCA,1997,True,Maria Fernando and Another v. Anthony Fernando,dismissed
commonlii-LKCA-1997-48,(1998) 2 Sri LR 305,LKCA,1997,True,Gnanasambandam v. Bin Adaham and Another,dismissed
commonlii-LKCA-1997-49,(1997) 1 Sri LR 169,LKCA,1997,True,Thisa Nona and Three Others v. Premadasa,allowed
commonlii-LKCA-1997-59,(1997) 3 Sri LR 386,LKCA,1997,True,Attanayake v. Aladin,dismissed
commonlii-LKCA-1997-61,(1998) 1 Sri LR 112,LKCA,1997,True,Pattividana v. Samaranayake,allowed
commonlii-LKCA-1997-65,(1997) 1 Sri LR 225,LKCA,1997,True,Perera v. Ramiah,allowed
commonlii-LKCA-1997-67,(1998) 1 Sri LR 1,LKCA,1997,True,Bhojraj v. Abdulla,allowed
commonlii-LKCA-1997-71,(1997) 3 Sri LR 231,LKCA,1997,True,Francis Wanigasekera and Another v. Pathirana,dismissed
commonlii-LKCA-1997-73,(1997) 2 Sri LR 173,LKCA,1997,True,Land Reform Commission v. Hussain and Others,dismissed
commonlii-LKCA-1997-74,(1997) 2 Sri LR 345,LKCA,1997,True,Esufali v. Jiffry,allowed
commonlii-LKCA-1997-79,(1998) 3 Sri LR 72,LKCA,1997,True,Jayawardene v. Bandaranayake and Others,dismissed
commonlii-LKCA-1997-85,(1997) 2 Sri LR 311,LKCA,1997,True,Piyasena v. Don Vansue,allowed
commonlii-LKCA-1998-21,(1998) 3 Sri LR 4,LKCA,1998,True,Sumanawathie v. Mahinda,
commonlii-LKCA-1998-22,(1999) 3 Sri LR 367,LKCA,1998,True,Lebbe v. Umma,dismissed
commonlii-LKCA-1998-30,(1998) 3 Sri LR 294,LKCA,1998,True,Fathima v. Mohideen and Another,set-aside
commonlii-LKCA-1998-31,(1999) 3 Sri LR 301,LKCA,1998,True,Gnananathan v. Premawardane,allowed
commonlii-LKCA-1998-32,(1998) 3 Sri LR 301,LKCA,1998,True,Harold Fernando v. Fonseka and Others,
commonlii-LKCA-1998-34,(1999) 1 Sri LR 139,LKCA,1998,True,Muthucumarana v. Wimalaratne and Another,
commonlii-LKCA-1998-35,(1999) 1 Sri LR 240,LKCA,1998,True,Nadarajah v. Daniel,set-aside
commonlii-LKCA-1998-47,(1999) 3 Sri LR 281,LKCA,1998,True,Sumanasekare v. Peiris,allowed
commonlii-LKCA-1998-5,(1998) 3 Sri LR 37,LKCA,1998,True,Fernando v. Wickremasinghe,
commonlii-LKCA-1998-50,(1999) 3 Sri LR 1,LKCA,1998,True,Muthubanda and Another v. Gunaratne,allowed
commonlii-LKCA-1998-51,(1998) 3 Sri LR 46,LKCA,1998,True,Tikiri Banda v. Pathuma Beebee and Others,dismissed
commonlii-LKCA-1998-52,(1998) 1 Sri LR 407,LKCA,1998,True,Abeysinghe v. Attorney General,dismissed
commonlii-LKCA-1998-55,(1999) 3 Sri LR 57,LKCA,1998,True,Ratnayake v. De Silva,dismissed
commonlii-LKCA-1998-6,(1998) 3 Sri LR 19,LKCA,1998,True,Sirinatha v. Sirisena and Others,allowed
commonlii-LKCA-1999-1,(2000) 2 Sri LR 196,LKCA,1999,True,Malani v. Somapala and Another,
commonlii-LKCA-1999-10,(1999) 3 Sri LR 345,LKCA,1999,True,Fauz v. Gyi and Others,
commonlii-LKCA-1999-15,(2000) 2 Sri LR 235,LKCA,1999,True,Soysa v. Silva and Others,set-aside
commonlii-LKCA-1999-2,(1999) 3 Sri LR 153,LKCA,1999,True,Peiris and Others v. Chandrasena and Others,dismissed
commonlii-LKCA-1999-28,(2000) 2 Sri LR 162,LKCA,1999,True,Patabendi v. Edirisuriya and Others,allowed
commonlii-LKCA-1999-3,(1999) 1 Sri LR 205,LKCA,1999,True,Croos and Another v. Dabrera,
commonlii-LKCA-1999-30,(1999) 1 Sri LR 219,LKCA,1999,True,Brunswick Exports Ltd. v. Hatton National Bank Ltd,set-aside
commonlii-LKCA-1999-32,(1999) 3 Sri LR 416,LKCA,1999,True,Baby v. Banda and Others,set-aside
commonlii-LKCA-1999-38,(1999) 3 Sri LR 38,LKCA,1999,True,Kevitiyagala Ananda Thero v. Uliyankaduwala Wimalasara Thero,dismissed
commonlii-LKCA-1999-39,(1999) 1 Sri LR 365,LKCA,1999,True,Gunasekera and Another v. Latiff,
commonlii-LKCA-1999-4,(1999) 1 Sri LR 358,LKCA,1999,True,Panadura Finance & Enterprises Ltd. v. Perera and Another,
commonlii-LKCA-1999-45,(1999) 3 Sri LR 201,LKCA,1999,True,Chandrasena v. Piyasena and Others,allowed
commonlii-LKCA-1999-50,(1999) 1 Sri LR 90,LKCA,1999,True,Lakmini Ratwatte Welgama v. Anoja Devi Wijesundera and Another,dismissed
commonlii-LKCA-1999-51,(1999) 3 Sri LR 386,LKCA,1999,True,Mackie & Sons v. Mackie & Another,dismissed
commonlii-LKCA-1999-65,(2000) 3 Sri LR 322,LKCA,1999,True,Indian Overseas Bank v. Ramadas & Others,allowed
commonlii-LKCA-1999-66,(1999) 3 Sri LR 259,LKCA,1999,True,Perera v. Fernando,allowed
commonlii-LKCA-1999-68,(1999) 3 Sri LR 328,LKCA,1999,True,Mendis v. Chulanie,dismissed
commonlii-LKCA-1999-70,(1999) 3 Sri LR 144,LKCA,1999,True,Abeykoon and Another v. National Savings Bank,dismissed
commonlii-LKCA-1999-74,(2000) 2 Sri LR 225,LKCA,1999,True,Ranasinghe v. Somalin and Others,allowed
commonlii-LKCA-1999-76,(1999) 3 Sri LR 391,LKCA,1999,True,Kalu Banda v. Upali,
commonlii-LKCA-1999-77,(1999) 3 Sri LR 130,LKCA,1999,True,Wijayawardane v. Malini Wijayawardane,allowed
commonlii-LKCA-1999-80,(1999) 3 Sri LR 85,LKCA,1999,True,Anthony Appu v. Margret Fernando and Others,set-aside
commonlii-LKCA-1999-81,(2001) 3 Sri LR 308,LKCA,1999,True,Abeyratne v. Rosalin,dismissed
commonlii-LKCA-1999-82,(2000) 2 Sri LR 352,LKCA,1999,True,David v. Gnanawathie,allowed
commonlii-LKCA-1999-83,(2000) 3 Sri LR 23,LKCA,1999,True,Seeman v. David,allowed
commonlii-LKCA-1999-84,(1999) 3 Sri LR 235,LKCA,1999,True,Tudor v. Anulawathie and Others,allowed
commonlii-LKCA-1999-9,(2000) 2 Sri LR 10,LKCA,1999,True,De Alwis v. Wichremasinghe and Others,set-aside
commonlii-LKCA-2000-1,(2000) 3 Sri LR 380,LKCA,2000,True,Edirisinghe v. Charlis Singho,allowed
commonlii-LKCA-2000-12,(2000) 2 Sri LR 29,LKCA,2000,True,Peoples Bank v. Hewawasam,set-aside
commonlii-LKCA-2000-13,(2001) 3 Sri LR 246,LKCA,2000,True,Thabrew v. Rev Kosgoda Mangala and Others,allowed
commonlii-LKCA-2000-15,(2000) 2 Sri LR 413,LKCA,2000,True,Fernando v. Lakshman Perera,set-aside
commonlii-LKCA-2000-16,(2000) 3 Sri LR 367,LKCA,2000,True,Colombage v. Jiffry and Others,set-aside
commonlii-LKCA-2000-19,(2003) 2 Sri LR 197,LKCA,2000,True,Careem v. Sivasubramaniam and Another,
commonlii-LKCA-2000-20,(2002) 2 Sri LR 43,LKCA,2000,True,Gunasekera v. Punchimenike and Others,allowed
commonlii-LKCA-2000-24,(2001) 3 Sri LR 252,LKCA,2000,True,Keerthiwansa v. Urban Council Horana and 3 Others,
commonlii-LKCA-2000-28,(2000) 3 Sri LR 159,LKCA,2000,True,Somindra v. Surasena Others,set-aside
commonlii-LKCA-2000-3,(2002) 2 Sri LR 133,LKCA,2000,True,Madawala v. Ratnayake,dismissed
commonlii-LKCA-2000-33,(2000) 2 Sri LR 367,LKCA,2000,True,T.C.I. Hotels(Lanka)Ltd. v. Marina Overseas Corporation,
commonlii-LKCA-2000-39,(2001) 2 Sri LR 124,LKCA,2000,True,Vernon Boteju v. Public Trustee,dismissed
commonlii-LKCA-2000-45,(2001) 2 Sri LR 44,LKCA,2000,True,Thamel v. Fernando and Others,allowed
commonlii-LKCA-2000-47,(2001) 2 Sri LR 371,LKCA,2000,True,Senanayake v. Siriwardene,allowed
commonlii-LKCA-2000-48,(2001) 2 Sri LR 288,LKCA,2000,True,Siriwardene v. Wirawanathan,dismissed
commonlii-LKCA-2000-49,(2002) 2 Sri LR 347,LKCA,2000,True,Somalatha and Others v. Wickremasinghe and Others,dismissed
commonlii-LKCA-2000-5,(2000) 3 Sri LR 93,LKCA,2000,True,Perera and Others v. Adline and Others,
commonlii-LKCA-2000-51,(2001) 3 Sri LR 317,LKCA,2000,True,Kulapala and Another v. Somawathie,dismissed
commonlii-LKCA-2000-55,(2001) 2 Sri LR 1,LKCA,2000,True,Richard and Another v. Seibel Nona and Others,set-aside
commonlii-LKCA-2000-56,(2000) 2 Sri LR 145,LKCA,2000,True,Pieris v. Wijeratne and Others,set-aside
commonlii-LKCA-2000-60,(2000) 1 Sri LR 139,LKCA,2000,True,Premawardena v. Indrakumar,dismissed
commonlii-LKCA-2000-61,(2002) 2 Sri LR 121,LKCA,2000,True,Fernando v. De Silva and Others,
commonlii-LKCA-2000-65,(2001) 2 Sri LR 113,LKCA,2000,True,Gunawardane and Others v. Indian Overseas Bank,dismissed
commonlii-LKCA-2000-68,(2002) 2 Sri LR 15,LKCA,2000,True,Saparamadu and Another v. People'S Bank,dismissed
commonlii-LKCA-2000-9,(2001) 2 Sri LR 355,LKCA,2000,True,Calendar v. Fernando,allowed
commonlii-LKCA-2001-1,(2002) 2 Sri LR 384,LKCA,2001,True,Siriyawathe v. Alwis and Others,allowed
commonlii-LKCA-2001-103,(2002) 2 Sri LR 57,LKCA,2001,True,Mannayake v. Piyaseeli,dismissed
commonlii-LKCA-2001-11,(2002) 2 Sri LR 359,LKCA,2001,True,Carthelis v. Ranasinghe,allowed
commonlii-LKCA-2001-19,(2001) 3 Sri LR 154,LKCA,2001,True,Piyadasa v. Suraweera,set-aside
commonlii-LKCA-2001-22,(2002) 2 Sri LR 52,LKCA,2001,True,Munasinghe v. Somapala,allowed
commonlii-LKCA-2001-26,(2001) 2 Sri LR 156,LKCA,2001,True,Australanka Exporters Pvt Ltd. v. Indian Bank,set-aside
commonlii-LKCA-2001-28,(2002) 2 Sri LR 1,LKCA,2001,True,Caroline Perera and Another v. Martin Perera and Another,dismissed
commonlii-LKCA-2001-34,(2002) 3 Sri LR 243,LKCA,2001,True,Gunawardena v. Ran Menike and Others,allowed
commonlii-LKCA-2001-37,(2001) 2 Sri LR 224,LKCA,2001,True,Munidasa & Others v. Nandasena,set-aside
commonlii-LKCA-2001-40,(2002) 1 Sri LR 160,LKCA,2001,True,Nilamdeen v. Dayananda and Others,dismissed
commonlii-LKCA-2001-45,(2001) 3 Sri LR 56,LKCA,2001,True,Ramani Karunanayake v. Girlie Wimalaratne,
commonlii-LKCA-2001-47,(2001) 3 Sri LR 72,LKCA,2001,True,Seneviratne v. Fernando and Others,dismissed
commonlii-LKCA-2001-5,(2001) 2 Sri LR 403,LKCA,2001,True,Mallika Fernando v. Nagesh Fernando,
commonlii-LKCA-2001-63,(2002) 2 Sri LR 409,LKCA,2001,True,De Silva v. De Croos,allowed
commonlii-LKCA-2001-68,(2002) 1 Sri LR 33,LKCA,2001,True,Wickramsinghe v. Corrine De Zoysa,dismissed
commonlii-LKCA-2001-69,(2002) 3 Sri LR 39,LKCA,2001,True,Stephen v. Hettiarachchi and Another,allowed
commonlii-LKCA-2001-7,(2002) 3 Sri LR 29,LKCA,2001,True,Lanka Loha Holding (Pvt.) Ltd. v. The Attorney General,set-aside
commonlii-LKCA-2001-73,(2002) 2 Sri LR 371,LKCA,2001,True,Somaratna v. Luwis Nona,dismissed
commonlii-LKCA-2001-79,(2001) 3 Sri LR 161,LKCA,2001,True,Wickremratne v. Jayaratne and Other,
commonlii-LKCA-2001-81,(2001) 3 Sri LR 8,LKCA,2001,True,Somawathie v. Mangalika,
commonlii-LKCA-2001-82,(2002) 1 Sri LR 138,LKCA,2001,True,State Bank of India v. Rajapakse,allowed
commonlii-LKCA-2001-83,(2002) 1 Sri LR 50,LKCA,2001,True,Wijewardane v. De Soysa,dismissed
commonlii-LKCA-2001-84,(2001) 1 Sri LR 413,LKCA,2001,True,Ali v. Abdeen,set-aside
commonlii-LKCA-2001-89,(2001) 3 Sri LR 365,LKCA,2001,True,Rev Indurewe Dhammananda v. Piyatissa and Another,dismissed
commonlii-LKCA-2001-91,(2002) 1 Sri LR 93,LKCA,2001,True,Wijeyaratne and Another v. Somawathie,dismissed
commonlii-LKCA-2001-94,(2002) 1 Sri LR 65,LKCA,2001,True,Ratnayake and Others v. Kumarihamy and Others,dismissed
commonlii-LKCA-2001-95,(2002) 3 Sri LR 1,LKCA,2001,True,Udalagama and Others v. Kempitiya,allowed
commonlii-LKCA-2001-96,(2002) 1 Sri LR 1,LKCA,2001,True,Virasinghe v. Virasinghe and Others,dismissed
commonlii-LKCA-2001-97,(2004) 1 Sri LR 48,LKCA,2001,True,Faleel v. Argeen and Others,allowed
commonlii-LKCA-2001-98,(2002) 2 Sri LR 218,LKCA,2001,True,Dharmasiri v. Wickrematunga,dismissed
commonlii-LKCA-2001-99,(2002) 1 Sri LR 148,LKCA,2001,True,Leisa and Another v. Simon and Another,allowed
commonlii-LKCA-2002-17,(2003) 3 Sri LR 137,LKCA,2002,True,Chandrasena V.Nandawathie and Another,
commonlii-LKCA-2002-18,(2002) 3 Sri LR 343,LKCA,2002,True,Edirisinghe v. Wimalawardane and Another,allowed
commonlii-LKCA-2002-2,(2002) 2 Sri LR 253,LKCA,2002,True,Sirisena v. Mutukumarana and Others,allowed
commonlii-LKCA-2002-21,(2002) 3 Sri LR 261,LKCA,2002,True,Jayasena v. Dayasena,dismissed
commonlii-LKCA-2002-22,(2003) 2 Sri LR 190,LKCA,2002,True,Jayatilake v. Liyanage and Another,allowed
commonlii-LKCA-2002-26,(2003) 2 Sri LR 182,LKCA,2002,True,Ramachandran v. Commercial Leasing Co. Ltd. and Another,
commonlii-LKCA-2002-27,(2002) 3 Sri LR 49,LKCA,2002,True,Rodrigo v. Balasuriya and Others,allowed
commonlii-LKCA-2002-30,(2002) 3 Sri LR 163,LKCA,2002,True,Susil Perera v. Kelly and Others,
commonlii-LKCA-2002-47,(2003) 2 Sri LR 144,LKCA,2002,True,Hemathilake v. Allina and Others,dismissed
commonlii-LKCA-2002-50,(2002) 3 Sri LR 414,LKCA,2002,True,Piyaratne v. Ceciliyana De Silva and Another,dismissed
commonlii-LKCA-2002-51,(2002) 3 Sri LR 393,LKCA,2002,True,Premathilake V.A.I. Perera,dismissed
commonlii-LKCA-2002-58,(2002) 1 Sri LR 417,LKCA,2002,True,Mercantile Credit Ltd. v. Sumanapala and Another,dismissed
commonlii-LKCA-2002-59,(2003) 2 Sri LR 255,LKCA,2002,True,Sirisena v. Eyelyn De Silva,allowed
commonlii-LKCA-2002-60,(2003) 2 Sri LR 262,LKCA,2002,True,Palipane v. Palipane and Others,dismissed
commonlii-LKCA-2002-61,(2003) 2 Sri LR 128,LKCA,2002,True,Lewis Singho v. Kusumawathie and Others,allowed
commonlii-LKCA-2002-62,(2002) 2 Sri LR 307,LKCA,2002,True,Wijesundera v. Neela Wickramasinghe,allowed
commonlii-LKCA-2002-64,(2002) 3 Sri LR 271,LKCA,2002,True,Sapin Singho v. Luwis Singho and Others,allowed
commonlii-LKCA-2002-65,(2002) 3 Sri LR 169,LKCA,2002,True,Umma v. Zubair and Another,dismissed
commonlii-LKCA-2002-66,(2003) 2 Sri LR 362,LKCA,2002,True,Wijeratne and Another V Punchi Appu and Others,dismissed
commonlii-LKCA-2002-74,(2003) 2 Sri LR 118,LKCA,2002,True,Jane Nona and Another v. Padmakumara and Others,dismissed
commonlii-LKCA-2002-76,(2002) 3 Sri LR 201,LKCA,2002,True,Nandawathie Silva v. Manuratne,allowed
commonlii-LKCA-2002-79,(2003) 2 Sri LR 123,LKCA,2002,True,Dondenu v. Earnest Perera,dismissed
commonlii-LKCA-2002-88,(2003) 3 Sri LR 96,LKCA,2002,True,Gunaratna v. Nandawathie,dismissed
commonlii-LKCA-2002-89,(2003) 2 Sri LR 202,LKCA,2002,True,Piyadasa v. Sudu Banda,allowed
commonlii-LKCA-2002-90,(2003) 3 Sri LR 315,LKCA,2002,True,Tilakaratne v. Jayatilaka and Others,allowed
commonlii-LKCA-2002-93,(2003) 3 Sri LR 295,LKCA,2002,True,Bandaranayake v. Karunawathie,dismissed
commonlii-LKCA-2003-12,(2003) 2 Sri LR 152,LKCA,2003,True,Kularatne v. Samarawickrema and Another,allowed
commonlii-LKCA-2003-24,(2003) 3 Sri LR 125,LKCA,2003,True,Towfeek v. Martin,dismissed
commonlii-LKCA-2003-25,(2003) 1 Sri LR 374,LKCA,2003,True,Wijesundara v. Wijesundara,
commonlii-LKCA-2003-39,(2003) 3 Sri LR 128,LKCA,2003,True,Development Finance Corporation (D.F.C.C. Bank Ltd) v. Somaweera,set-aside
commonlii-LKCA-2003-4,(2003) 3 Sri LR 179,LKCA,2003,True,Ashokan v. Commissioner of National Housing,
commonlii-LKCA-2003-46,(2003) 2 Sri LR 321,LKCA,2003,True,Samarakoon V Samarakoon and Another,dismissed
commonlii-LKCA-2003-47,(2003) 3 Sri LR 49,LKCA,2003,True,Hewage v. Weerasena and Others,dismissed
commonlii-LKCA-2003-54,(2003) 2 Sri LR 376,LKCA,2003,True,Rahumath Umma V Anser and Others,dismissed
commonlii-LKCA-2003-55,(2003) 2 Sri LR 268,LKCA,2003,True,Dingiri Mahatmaya and Others v. Samaraweera and Others,dismissed
commonlii-LKCA-2003-56,(2003) 3 Sri LR 273,LKCA,2003,True,Piyaseeli v. Mendis and Others,allowed
commonlii-LKCA-2003-57,(2003) 3 Sri LR 324,LKCA,2003,True,Sumanawathie and Another v. Andreas and Others,allowed
commonlii-LKCA-2003-58,(2004) 1 Sri LR 174,LKCA,2003,True,Premaratne and Another v. Amaradasa and Others,allowed
commonlii-LKCA-2003-63,(2003) 3 Sri LR 196,LKCA,2003,True,Munidasa Silva v. Lasantha Fernando,dismissed
commonlii-LKCA-2003-65,(2004) 1 Sri LR 37,LKCA,2003,True,Jayasiriwardene v. Piyaratne,allowed
commonlii-LKCA-2003-66,(2003) 2 Sri LR 341,LKCA,2003,True,Majubudeen and Others V Simon Perera,allowed
commonlii-LKCA-2003-67,(2003) 3 Sri LR 258,LKCA,2003,True,Amarasekera v. Somapala,allowed
commonlii-LKCA-2003-68,(2004) 2 Sri LR 55,LKCA,2003,True,Ceylon Petroleum Corporation v. Mashood,allowed
commonlii-LKCA-2003-69,(2004) 2 Sri LR 154,LKCA,2003,True,Ranasinghe V Somawathie and Others,dismissed
commonlii-LKCA-2003-71,(2003) 3 Sri LR 211,LKCA,2003,True,Easwary v. Sivanathan and Others,dismissed
commonlii-LKCA-2003-98,(2006) 1 Sri LR 35,LKCA,2003,True,Pathmasiri And Another v. Baby And Another,dismissed
commonlii-LKCA-2003-99,(2006) 3 Sri LR 348,LKCA,2003,True,Chandra Bose v. De Alwis And Others,dismissed
commonlii-LKCA-2004-15,(2005) 1 Sri LR 162,LKCA,2004,True,Sivapalanathan Vs Raj Gopal,allowed
commonlii-LKCA-2004-17,(2004) 2 Sri LR 1,LKCA,2004,True,Umma Anina v. Jawahar,
commonlii-LKCA-2004-21,(2003) 3 Sri LR 355,LKCA,2004,True,Wilbert v. Javasiriwardena and Others,allowed
commonlii-LKCA-2004-26,(2004) 2 Sri LR 137,LKCA,2004,True,Ran Banda and Another V Piyadasa and Others,dismissed
commonlii-LKCA-2004-27,(2004) 1 Sri LR 195,LKCA,2004,True,Raleeha v. Bee Bee,allowed
commonlii-LKCA-2004-28,(2004) 2 Sri LR 151,LKCA,2004,True,Juduwara & Others . V L.B. Finance Co. Ltd,dismissed
commonlii-LKCA-2004-30,(2005) 1 Sri LR 229,LKCA,2004,True,Sri Lanka Insurance Corporation Ltd Vs Chrysantha Fernando,dismissed
commonlii-LKCA-2004-31,(2005) 1 Sri LR 270,LKCA,2004,True,Sirisena Perera and Another Vs Vinson Perera,
commonlii-LKCA-2004-32,(2003) 3 Sri LR 278,LKCA,2004,True,Sumanawathie v. Bandiya and Others,dismissed
commonlii-LKCA-2004-33,(2005) 1 Sri LR 206,LKCA,2004,True,Mitrapalaand Another Vs Tikonissingho,dismissed
commonlii-LKCA-2004-37,(2004) 2 Sri LR 63,LKCA,2004,True,Satchithanandasivam V People'S Bank,dismissed
commonlii-LKCA-2004-38,(2004) 1 Sri LR 379,LKCA,2004,True,Rohan De Soyza v. Jinendradasa,allowed
commonlii-LKCA-2004-41,(2004) 2 Sri LR 67,LKCA,2004,True,Charles Perera and Another V Kotigala,dismissed
commonlii-LKCA-2004-42,(2004) 2 Sri LR 11,LKCA,2004,True,Pinona v. Dewanarayana and Others,dismissed
commonlii-LKCA-2004-51,(2004) 2 Sri LR 97,LKCA,2004,True,Chittambalam V Demel,
commonlii-LKCA-2004-57,(2005) 1 Sri LR 167,LKCA,2004,True,Harjani and Another Vs.Indian Overseas Bank and Others,
commonlii-LKCA-2004-62,(2005) 2 Sri LR 127,LKCA,2004,True,Tissera And Others v. Leelawathie And Others,set-aside
commonlii-LKCA-2004-66,(2005) 2 Sri LR 253,LKCA,2004,True,Gunasekera v. Archbishop Of Colombo And Others,set-aside
commonlii-LKCA-2004-70,(2006) 1 Sri LR 4,LKCA,2004,True,Chandrawathie v. Wimaladasa And Others,
commonlii-LKCA-2004-73,(2006) 1 Sri LR 60,LKCA,2004,True,Yapa v. People's Bank And Another,
commonlii-LKCA-2004-8,(2005) 1 Sri LR 290,LKCA,2004,True,Jayasinghe and Another Vs Pedris and Another,
commonlii-LKCA-2005-12,(2005) 2 Sri LR 243,LKCA,2005,True,Wijeratne Bandara v. Director General Of Prevention Of Bribery And Corruption,dismissed
commonlii-LKCA-2005-18,(2005) 3 Sri LR 21,LKCA,2005,True,Anitex Washing Plants (Pvt.) Ltd. v. G. D. S. Chemicals (Pvt.) Ltd. And Another,allowed
commonlii-LKCA-2005-2,(2005) 1 Sri LR 390,LKCA,2005,True,Gunasekera Vs Wickremasinghe,dismissed
commonlii-LKCA-2005-20,(2005) 3 Sri LR 25,LKCA,2005,True,Maduluwawe Sobitha Thero v. Joslin And Others,set-aside
commonlii-LKCA-2005-27,(2005) 3 Sri LR 76,LKCA,2005,True,Senaratne And Another v. Wijelatha,set-aside
commonlii-LKCA-2005-33,(2005) 3 Sri LR 97,LKCA,2005,True,Nizam v. National Development Bank,set-aside
commonlii-LKCA-2005-35,(2005) 3 Sri LR 127,LKCA,2005,True,Leelawathie v. Abeykoon And Others,allowed
commonlii-LKCA-2005-37,(2005) 3 Sri LR 113,LKCA,2005,True,Rev.Maussagolle Dharmarakkitha Thero And Another v. Registrar Of Lands And Others,
commonlii-LKCA-2005-39,(2005) 3 Sri LR 138,LKCA,2005,True,Dayarathne v. State Mortgage And Investment Bank,
commonlii-LKCA-2005-42,(2005) 3 Sri LR 153,LKCA,2005,True,Mangauka v. Sugandi Fernando And Others,
commonlii-LKCA-2005-45,(2005) 3 Sri LR 169,LKCA,2005,True,Dias v. Yasatilaka And Others,allowed
commonlii-LKCA-2005-46,(2005) 3 Sri LR 201,LKCA,2005,True,Sobanahamy v. Somadasa,allowed
commonlii-LKCA-2005-47,(2005) 3 Sri LR 176,LKCA,2005,True,Carolinenonaandothers v. Pedricksinghoandothers,set-aside
commonlii-LKCA-2005-49,(2005) 3 Sri LR 197,LKCA,2005,True,Basnayake v. Peter And Others,allowed
commonlii-LKCA-2005-52,(2005) 3 Sri LR 230,LKCA,2005,True,Nandawathie v. Jayatilake And Others,set-aside
commonlii-LKCA-2005-56,(2005) 3 Sri LR 237,LKCA,2005,True,Sopi Nona v. Karunadasaandanother,set-aside
commonlii-LKCA-2005-59,(2005) 3 Sri LR 275,LKCA,2005,True,Nandawathie v. Jinasoma,allowed
commonlii-LKCA-2005-68,(2006) 1 Sri LR 241,LKCA,2005,True,Sanjeewa And Another v. Piyatissa And Another,
commonlii-LKCA-2005-72,(2006) 1 Sri LR 285,LKCA,2005,True,Yanoos v. Zlard And Others,
commonlii-LKCA-2005-77,(2006) 1 Sri LR 313,LKCA,2005,True,Hewage v. Public Trustee,
commonlii-LKCA-2005-78,(2006) 1 Sri LR 318,LKCA,2005,True,Abeygunawardena v. Podi Mahathmaa And Another,
commonlii-LKCA-2005-8,(2005) 2 Sri LR 131,LKCA,2005,True,Seylan Bank Ltd v. Piyasena And Another,dismissed
commonlii-LKCA-2005-88,(2006) 3 Sri LR 401,LKCA,2005,True,Jayasundera v. Wijetilake And Others,allowed
commonlii-LKCA-2005-9,(2005) 2 Sri LR 121,LKCA,2005,True,Somasiri v. Faleela And Others,
commonlii-LKCA-2006-11,(2006) 2 Sri LR 39,LKCA,2006,True,Leslin Jayasinghe v. Illangaratne,dismissed
commonlii-LKCA-2006-12,(2006) 2 Sri LR 71,LKCA,2006,True,Anulawathie Menike v. Abhayaratne,dismissed
commonlii-LKCA-2006-15,(2006) 2 Sri LR 101,LKCA,2006,True,Meragala v. People'S Bank And Others,
commonlii-LKCA-2006-16,(2006) 2 Sri LR 87,LKCA,2006,True,Karunaratne Banda v. Dasanayake,allowed
commonlii-LKCA-2006-17,(2006) 2 Sri LR 107,LKCA,2006,True,Ameen And Others v. Mohideen And Others,
commonlii-LKCA-2006-18,(2006) 2 Sri LR 93,LKCA,2006,True,Namalee And Others v. Jinoris,allowed
commonlii-LKCA-2006-20,(2006) 2 Sri LR 113,LKCA,2006,True,Sayoris And Others v. Gitanjali And Others,dismissed
commonlii-LKCA-2006-22,(2006) 2 Sri LR 208,LKCA,2006,True,Hemawathie Sahabandu v. Gunasekera,dismissed
commonlii-LKCA-2006-28,(2006) 2 Sri LR 253,LKCA,2006,True,Grisilda And Others v. Babanona And Others,dismissed
commonlii-LKCA-2006-35,(2006) 2 Sri LR 314,LKCA,2006,True,Seylan Merchant Bank Ltd. v. Savoy Developers (Pvt.) Ltd. And Others,allowed
commonlii-LKCA-2006-36,(2006) 2 Sri LR 309,LKCA,2006,True,Doris Siriwardane And Others v. De Silva,allowed
commonlii-LKCA-2006-49,(2006) 2 Sri LR 393,LKCA,2006,True,Ranasinghe And Another v. Gunasekera And Another,
commonlii-LKCA-2006-5,(2006) 2 Sri LR 29,LKCA,2006,True,Sivayanamaand Another v. People'S Bank And Others,dismissed
commonlii-LKCA-2006-54,(2006) 3 Sri LR 27,LKCA,2006,True,Lebbe v. Umma And Others,dismissed
commonlii-LKCA-2006-6,(2006) 2 Sri LR 17,LKCA,2006,True,Piyadasaand Another v. Babanis And Another,allowed
commonlii-LKCA-2006-67,(2006) 3 Sri LR 152,LKCA,2006,True,Niroshana And Another v. Gunasekera And Another,dismissed
commonlii-LKCA-2006-68,(2006) 3 Sri LR 130,LKCA,2006,True,Dharmaratne v. Dassenaikeand Others,allowed
commonlii-LKCA-2006-73,(2006) 3 Sri LR 188,LKCA,2006,True,Gunasekera v. Chitra De Silva And Another,set-aside
commonlii-LKCA-2006-77,(2006) 3 Sri LR 337,LKCA,2006,True,Jayaratne And Another v. Gunawardane And Another,
commonlii-LKCA-2006-82,(2006) 3 Sri LR 397,LKCA,2006,True,Jeewananda And Another v. Land Reform Commission And Others,
commonlii-LKCA-2007-10,(2007) 1 Sri LR 155,LKCA,2007,True,Jayatissa v. Appuhamy,dismissed
commonlii-LKCA-2007-14,(2007) 1 Sri LR 208,LKCA,2007,True,Arpico Finance Co. Ltd. v. Perera And Others,allowed
commonlii-LKCA-2007-22,(2007) 1 Sri LR 241,LKCA,2007,True,Samarasekera v. Indrani,dismissed
commonlii-LKCA-2007-23,(2007) 1 Sri LR 266,LKCA,2007,True,Kamala Perera v. Llyanapathirana,dismissed
commonlii-LKCA-2007-3,(2007) 1 Sri LR 13,LKCA,2007,True,Ranjith Wanigaratne v. Kaggoda Arachchi,dismissed
commonlii-LKCA-2007-36,(2007) 2 Sri LR 256,LKCA,2007,True,Good Fellows (Pvt.) Ltd v. People's Bank,
commonlii-LKCA-2007-37,(2007) 2 Sri LR 270,LKCA,2007,True,Manoharan v. Payoe And Others,set-aside
commonlii-LKCA-2009-11,(2009) 1 Sri LR 109,LKCA,2009,True,Godamune v. Magilinnona Court Of Appeal Salam,allowed
commonlii-LKCA-2009-13,(2009) 1 Sri LR 151,LKCA,2009,True,Sadhana Dharmabandu v. Mallika Homes Ltd And Others Court Of Appeal Basnayake,
commonlii-LKCA-2009-15,(2009) 1 Sri LR 174,LKCA,2009,True,Gunasinghe v. Podiamma And Others,
commonlii-LKCA-2009-5,(2009) 1 Sri LR 85,LKCA,2009,True,Wanigasooriy A v. Danawathie And Others,allowed
commonlii-LKCA-2009-6,(2009) 1 Sri LR 75,LKCA,2009,True,Peiris And Another v. Siripala,allowed
commonlii-LKCA-2009-7,(2009) 1 Sri LR 95,LKCA,2009,True,Wimalawathie v. Hemawathie And Others,allowed
commonlii-LKSC-1895-1,2 NLR 36,LKSC,1895,True,Mahamado v. Ibhrahim,
commonlii-LKSC-1895-2,2 NLR 66,LKSC,1895,True,"In the Matter of the Last Will and Testament of L. Carolis Dias, Deceased",set-aside
commonlii-LKSC-1896-2,2 NLR 166,LKSC,1896,True,Abdul Cader v. Annamalay,
commonlii-LKSC-1896-4,5 NLR 129,LKSC,1896,True,King v. Harvey,set-aside
commonlii-LKSC-1896-5,2 NLR 198,LKSC,1896,True,Allis v. Babunhamy Et Al,set-aside
commonlii-LKSC-1897-1,2 NLR 330,LKSC,1897,True,The Queen v. Kapurala,
commonlii-LKSC-1898-2,3 NLR 306,LKSC,1898,True,"In the Matter of the Last Will and Testament of Kolambapatabendige Abraham Perera, of Horatudwa, Deceased: K. Haramanis Perera and Another, Application and Pespondants and K. Johana Perera and Eleven Others, Respondents and Appellants",
commonlii-LKSC-1900-1,8 NLR 223,LKSC,1900,True,Ponnamma v. Armugam,dismissed
commonlii-LKSC-1902-1,5 NLR 379,LKSC,1902,True,Samarasinha v. Balahamy,set-aside
commonlii-LKSC-1902-10,65 NLR 18,LKSC,1902,True,Devairakkam v. Samarasinghe,allowed
commonlii-LKSC-1902-11,6 NLR 138,LKSC,1902,True,King v. Seneviratne,set-aside
commonlii-LKSC-1902-12,6 NLR 50,LKSC,1902,True,Sinnatamby v. Meera Levvai,
commonlii-LKSC-1902-7,5 NLR 338,LKSC,1902,True,Rex v. Periyatamby,set-aside
commonlii-LKSC-1902-9,5 NLR 317,LKSC,1902,True,Mendis v. Mohideen,set-aside
commonlii-LKSC-1903-3,10 NLR 175,LKSC,1903,True,Muttiah Chetty v. Don Martines,allowed
commonlii-LKSC-1906-3,8 NLR 300,LKSC,1906,True,In the Matter of the Election of A Councillor Foe the Galupiadda Ward of the Galle Municipality,
commonlii-LKSC-1908-1,11 NLR 75,LKSC,1908,True,Kadija Umma Et Al. v. Meera Lebbe Et Al,affirmed
commonlii-LKSC-1912-1,15 NLR 388,LKSC,1912,True,The Attorney General v. Pedru,dismissed
commonlii-LKSC-1916-1,19 NLR 171,LKSC,1916,True,In Re Application of v. Coomarasamy,allowed
commonlii-LKSC-1917-1,20 NLR 51,LKSC,1917,True,"Banda v. Rosehaugh Tea and Rubber, Co., Ltd",dismissed
commonlii-LKSC-1917-4,20 NLR 123,LKSC,1917,True,Kiri Banda v. Marikar,set-aside
commonlii-LKSC-1918-1,20 NLR 279,LKSC,1918,True,Wickremaratne v. Fernando,
commonlii-LKSC-1918-2,21 NLR 385,LKSC,1918,True,Colombo Hotels Co. Ltd. v. Mootoomull,set-aside
commonlii-LKSC-1920-1,22 NLR 252,LKSC,1920,True,Silva v. Silva,dismissed
commonlii-LKSC-1920-2,22 NLR 331,LKSC,1920,True,In the Matter of An Application of Notary Abeyeratne,dismissed
commonlii-LKSC-1920-3,21 NLR 495,LKSC,1920,True,Rajapakse v. Fernando,dismissed
commonlii-LKSC-1921-1,22 NLR 321,LKSC,1921,True,"Banda v. Rosehaugh Tea Amd Rubber Co., Ltd",dismissed
commonlii-LKSC-1921-2,23 NLR 150,LKSC,1921,True,Hamid Et Al v. The Special Officer Appointed Under the Waste Lands Ordinance,dismissed
commonlii-LKSC-1921-3,23 NLR 67,LKSC,1921,True,"In Re the Application of the K.S.Veeravagu, Notary Pablic",dismissed
commonlii-LKSC-1922-1,24 NLR 472,LKSC,1922,True,Appuhamy v. William Singho,dismissed
commonlii-LKSC-1923-4,24 NLR 351,LKSC,1923,True,In Re the Application of Goonesekera,affirmed
commonlii-LKSC-1924-1,26 NLR 75,LKSC,1924,True,"In Re the Application of Weinman, J.J",dismissed
commonlii-LKSC-1924-4,26 NLR 211,LKSC,1924,True,Application of S. E. Fernando For A Mandamus On the Rubber Controller,
commonlii-LKSC-1924-7,27 NLR 62,LKSC,1924,True,In Re v. Coomaraswamy,dismissed
commonlii-LKSC-1926-1,28 NLR 246,LKSC,1926,True,Kulasekera Appuhamy v. Malluwa,allowed
commonlii-LKSC-1926-2,29 NLR 14,LKSC,1926,True,Attorney General v. Ellawala,
commonlii-LKSC-1927-1,29 NLR 342,LKSC,1927,True,Arsecularatne v. Perera,set-aside
commonlii-LKSC-1927-3,29 NLR 114,LKSC,1927,True,Dinohamy Et Al. v. Balahamy Et. Al,allowed
commonlii-LKSC-1928-1,34 NLR 443,LKSC,1928,True,Adaikappa Chettiar v. Thomas Cook & Sons Ltd,dismissed
commonlii-LKSC-1930-3,32 NLR 78,LKSC,1930,True,Croos v. Attorney General,
commonlii-LKSC-1935-3,37 NLR 33,LKSC,1935,True,"In the Matter of A Rule Under Section 51 of the Courts Ordinance, No. 1 of 1889, On Alexander Francis Molamure Executor of the Last Will and Testament of the Late J. W. Maduwanwala",
commonlii-LKSC-1935-7,41 NLR 297,LKSC,1935,True,Seyyado Ibrahim Saibo Et Al. v. Jainambeebee Ammal Et Al,allowed
commonlii-LKSC-1935-8,37 NLR 190,LKSC,1935,True,The Bank of Chettinad v. Tea Export Controller,
commonlii-LKSC-1936-1,38 NLR 74,LKSC,1936,True,"In the Matter of An Application of Albert Godamune, Proctor, Supreme Court, For the Annual Certificate To Practise As Notary",dismissed
commonlii-LKSC-1936-11,40 NLR 178,LKSC,1936,True,Vinayagamoorthy v. Ponnambalam,
commonlii-LKSC-1936-14,38 NLR 229,LKSC,1936,True,Sockalingam Chettiar v. Ramanayake Et Al,allowed
commonlii-LKSC-1936-15,38 NLR 117,LKSC,1936,True,"Abeyesundera v. Ceylon Exports, Ltd., Et Al",dismissed
commonlii-LKSC-1936-16,38 NLR 298,LKSC,1936,True,Somasunderam v. Attorney General,allowed
commonlii-LKSC-1936-3,38 NLR 63,LKSC,1936,True,Hulme King v. De Silva,dismissed
commonlii-LKSC-1937-1,39 NLR 567,LKSC,1937,True,"Dhammananda, K. v. Davith Ranasinghe",dismissed
commonlii-LKSC-1937-10,39 NLR 271,LKSC,1937,True,Schokman v. Nadar,affirmed
commonlii-LKSC-1938-12,(1989) 1 Sri LR 337,LKSC,1938,True,Edwin and Another v. Sugathadasa De Silva,allowed
commonlii-LKSC-1938-6,40 NLR 102,LKSC,1938,True,Carson &Co. v. Hulme-King,dismissed
commonlii-LKSC-1938-9,40 NLR 392,LKSC,1938,True,"Cadija Umma, I.L.M and Another v. Don Manis Appu, S. and Others",dismissed
commonlii-LKSC-1939-1,40 NLR 467,LKSC,1939,True,Jayawardene v. Jayawardene Et Al,allowed
commonlii-LKSC-1939-2,41 NLR 328,LKSC,1939,True,The Fiscal (C. P.) v. Nalliappa Chettiar,allowed
commonlii-LKSC-1940-5,42 NLR 157,LKSC,1940,True,In Re Part Cargo Ex M v. 'Maro Y',
commonlii-LKSC-1941-13,42 NLR 457,LKSC,1941,True,Sellasamy v. Kaliamma,
commonlii-LKSC-1941-14,42 NLR 241,LKSC,1941,True,"The Associated Newspapers of Ceylon, Ltd. v. Commissioner of Stamps",allowed
commonlii-LKSC-1941-2,42 NLR 449,LKSC,1941,True,Joseph v. Commissioner of Stamps,allowed
commonlii-LKSC-1941-5,42 NLR 561,LKSC,1941,True,"Dr. Saravanamuttu, R. v. Joseph De Silva",
commonlii-LKSC-1941-9,43 NLR 1,LKSC,1941,True,"The Ceylon Investments Co., Ltd. v. The Commissioner of Income Tax",allowed
commonlii-LKSC-1943-16,44 NLR 462,LKSC,1943,True,De Silva and Mendis v. Commissioner of Stamps,allowed
commonlii-LKSC-1944-1,46 NLR 76,LKSC,1944,True,Sellasamy v. Kaliamma Et Al,dismissed
commonlii-LKSC-1944-14,46 NLR 113,LKSC,1944,True,Wille v. Commissioner of Stamps,dismissed
commonlii-LKSC-1944-7,45 NLR 203,LKSC,1944,True,Meera Saibo Ahamado Nordeen v. Meera Saibo Mohamed Badurdeen,allowed
commonlii-LKSC-1944-8,45 NLR 361,LKSC,1944,True,Dias v. Commissioner of Income Tax,dismissed
commonlii-LKSC-1945-16,46 NLR 204,LKSC,1945,True,In the Matter of An Application By W.P.A. Wickeremesinghe To Be Restored To the Roll of Proctors,
commonlii-LKSC-1946-6,47 NLR 249,LKSC,1946,True,Bandara v. Sinnappu,dismissed
commonlii-LKSC-1946-7,47 NLR 347,LKSC,1946,True,Perera v. Podisingho,dismissed
commonlii-LKSC-1947-19,49 NLR 80,LKSC,1947,True,Muhaneiram Et Al. v. Salam Et Al,allowed
commonlii-LKSC-1947-3,48 NLR 172,LKSC,1947,True,De Alwis v. Selvaratnam,set-aside
commonlii-LKSC-1947-4,49 NLR 1,LKSC,1947,True,Perera v. Jayawardene,
commonlii-LKSC-1948-10,50 NLR 1,LKSC,1948,True,In Re Noble,
commonlii-LKSC-1948-2,49 NLR 325,LKSC,1948,True,Buddharakkitha Thero v. The Public Trustee Et Al,
commonlii-LKSC-1948-28,50 NLR 488,LKSC,1948,True,Punchirala v. Banda,dismissed
commonlii-LKSC-1948-34,49 NLR 477,LKSC,1948,True,In Re Swire,
commonlii-LKSC-1948-7,49 NLR 344,LKSC,1948,True,"Podi Singho v. Goonesinha, A.E",
commonlii-LKSC-1948-9,49 NLR 136,LKSC,1948,True,"In Re Beresford Bell, Application For Sole Testamentary Jurisdiction In Respect of the Estate of S. Beresford Bell",
commonlii-LKSC-1949-5,52 NLR 562,LKSC,1949,True,Mohamedu v. Silva,
commonlii-LKSC-1949-9,50 NLR 313,LKSC,1949,True,De Silva v. Senaratne,allowed
commonlii-LKSC-1950-7,52 NLR 95,LKSC,1950,True,Bandiya v. The Land Commissioner,
commonlii-LKSC-1952-10,53 NLR 529,LKSC,1952,True,Commissioner of Income Tax v. Mrs. A. J. Sutherland,dismissed
commonlii-LKSC-1952-17,55 NLR 97,LKSC,1952,True,In Re C. E. De S. Senaratne,
commonlii-LKSC-1953-27,55 NLR 418,LKSC,1953,True,"Ponnambalam, G.G. v. Kunasingham, S.V",
commonlii-LKSC-1954-15,56 NLR 187,LKSC,1954,True,"Cargills (Ceylon), Ltd. v. Commissioner of Stamps",dismissed
commonlii-LKSC-1954-6,56 NLR 351,LKSC,1954,True,Salahudeen v. Commissioner of Stamps,allowed
commonlii-LKSC-1955-20,57 NLR 178,LKSC,1955,True,Leo Et Al. v. The Land Commissioner,
commonlii-LKSC-1956-13,58 NLR 121,LKSC,1956,True,Commissioner of Income Tax v. De Zoysa,dismissed
commonlii-LKSC-1957-20,59 NLR 87,LKSC,1957,True,Ponnambalam v. The Municipal Commissioner,allowed
commonlii-LKSC-1957-22,59 NLR 566,LKSC,1957,True,Hinniappuhamy v. Kumarasingha Et Al,allowed
commonlii-LKSC-1957-23,59 NLR 21,LKSC,1957,True,Pigera v. Mackeen,dismissed
commonlii-LKSC-1958-13,60 NLR 20,LKSC,1958,True,Vethavanam v. Retnam,set-aside
commonlii-LKSC-1958-23,59 NLR 391,LKSC,1958,True,Speldewinde v. De Zosa,dismissed
commonlii-LKSC-1958-27,64 NLR 180,LKSC,1958,True,Wijesuriya v. Moonesinghe,
commonlii-LKSC-1958-30,61 NLR 520,LKSC,1958,True,Singaram v. Shanmugam,
commonlii-LKSC-1959-16,61 NLR 313,LKSC,1959,True,R. M. Fernando v. Commissioner of Income Tax,dismissed
commonlii-LKSC-1959-21,62 NLR 515,LKSC,1959,True,Holland Colombo Ltd. of Colombo v. Subramaniam,allowed
commonlii-LKSC-1961-1,64 NLR 271,LKSC,1961,True,Cargo and Tankship Management Corporation v. The Ship 'Valiant Enterprise',
commonlii-LKSC-1961-16,64 NLR 158,LKSC,1961,True,"Emanis Singho v. Inspector of Police, Dompe",allowed
commonlii-LKSC-1961-19,66 NLR 559,LKSC,1961,True,Bastian v. Benedict,set-aside
commonlii-LKSC-1961-25,63 NLR 409,LKSC,1961,True,Commissioner of Income Tax v. Baddrawathie Fernando Charitable Trust,allowed
commonlii-LKSC-1961-38,62 NLR 534,LKSC,1961,True,Peiris v. Fernando,dismissed
commonlii-LKSC-1962-11,65 NLR 490,LKSC,1962,True,"Esufally v. Assistant Government Agent, Colombo",
commonlii-LKSC-1962-12,68 NLR 558,LKSC,1962,True,Anthony Naide v. Ceylon Tea Plantation Co. Ltd,dismissed
commonlii-LKSC-1962-19,64 NLR 217,LKSC,1962,True,Mahawithana v. Commissioner of Inland Revenue,dismissed
commonlii-LKSC-1962-22,65 NLR 393,LKSC,1962,True,Ram Iswara v. Commissioner of Inland Revenue,dismissed
commonlii-LKSC-1962-37,(1982) 1 Sri LR 273,LKSC,1962,True,Undugoda Jinawansa Thero v. Yatawara Piyaratna Thero,allowed
commonlii-LKSC-1962-4,64 NLR 227,LKSC,1962,True,Solomon v. Mohideen Pathumma,remitted
commonlii-LKSC-1962-9,64 NLR 301,LKSC,1962,True,Hendrick v. Perera,
commonlii-LKSC-1963-2,68 NLR 178,LKSC,1963,True,Hanwelle Piyaratana Thera v. Jinananda Thera,allowed
commonlii-LKSC-1963-21,66 NLR 317,LKSC,1963,True,"Trustee, Chevaller Christian Gomes Charitable Trust v. Deputy Commissioner of Inland Revenue",allowed
commonlii-LKSC-1963-3,65 NLR 138,LKSC,1963,True,Simon Silva v. Debt Conciliation Board,
commonlii-LKSC-1964-12,67 NLR 110,LKSC,1964,True,J.D.Samarakoon v. G.P. Gunawardene,dismissed
commonlii-LKSC-1965-1,68 NLR 506,LKSC,1965,True,Arumugasamy v. Kathirkamanpillai,
commonlii-LKSC-1965-10,68 NLR 17,LKSC,1965,True,Don Sadiris.L v. Heenhamy.L,set-aside
commonlii-LKSC-1965-14,67 NLR 186,LKSC,1965,True,Hilda Perera v. Lawrence Perera,allowed
commonlii-LKSC-1965-26,67 NLR 121,LKSC,1965,True,Ram Iswera v. Commissioner of Inland Revenue,dismissed
commonlii-LKSC-1965-27,68 NLR 305,LKSC,1965,True,Babanisa v. Ukku,allowed
commonlii-LKSC-1965-29,67 NLR 568,LKSC,1965,True,D.Jinadasa v. M. Dingiri Amma,set-aside
commonlii-LKSC-1965-30,68 NLR 495,LKSC,1965,True,Abeywarna v. Saralenchihamy,set-aside
commonlii-LKSC-1966-15,69 NLR 1,LKSC,1966,True,R.G.Samaranayake v. K.Kariawasan,dismissed
commonlii-LKSC-1966-30,68 NLR 241,LKSC,1966,True,Wijesekere v. Perera,allowed
commonlii-LKSC-1967-20,71 NLR 12,LKSC,1967,True,Theivendrarajah v. Sanoon,dismissed
commonlii-LKSC-1967-28,70 NLR 209,LKSC,1967,True,"In Re Samsudeen, K.I",
commonlii-LKSC-1968-11,71 NLR 127,LKSC,1968,True,Abeyratne v. Marambe Kumarihamy,dismissed
commonlii-LKSC-1968-14,76 NLR 102,LKSC,1968,True,Croos Raj Chandra v. Commissioner of Inland Revenue,dismissed
commonlii-LKSC-1968-2,71 NLR 25,LKSC,1968,True,Ram Banda v. River Valleys Development Board,dismissed
commonlii-LKSC-1968-30,71 NLR 142,LKSC,1968,True,Superintendent Nakiadeniya Group v. Cornelishamy,allowed
commonlii-LKSC-1968-33,73 NLR 430,LKSC,1968,True,Punchinona v. Perera,allowed
commonlii-LKSC-1968-4,70 NLR 409,LKSC,1968,True,In Re Ratnagopal,
commonlii-LKSC-1968-7,76 NLR 94,LKSC,1968,True,In Re Dharmalingam,
commonlii-LKSC-1969-19,73 NLR 128,LKSC,1969,True,Rajaratnam v. Commissioner of Inland Revenue,allowed
commonlii-LKSC-1969-4,73 NLR 1,LKSC,1969,True,Nonis v. Peththa,dismissed
commonlii-LKSC-1970-11,74 NLR 1,LKSC,1970,True,Ceylon State Mortgage Bank v. Fernando,dismissed
commonlii-LKSC-1970-23,74 NLR 130,LKSC,1970,True,"Perera v. Kalutara, A.G.A",dismissed
commonlii-LKSC-1970-3,73 NLR 337,LKSC,1970,True,Alwis v. Kulatunge,set-aside
commonlii-LKSC-1971-1,74 NLR 289,LKSC,1971,True,Sinhalese Film Industrial Corporation Ltd. v. Madanayake,dismissed
commonlii-LKSC-1971-12,75 NLR 12,LKSC,1971,True,Dissanayake v. Abeysinghe,dismissed
commonlii-LKSC-1971-18,74 NLR 164,LKSC,1971,True,Gaffoor v. De Almeida,dismissed
commonlii-LKSC-1971-38,(1993) 2 Sri LR 46,LKSC,1971,True,Uvais v. Punyawathie,allowed
commonlii-LKSC-1971-5,74 NLR 364,LKSC,1971,True,Wambeck v. De Silva,dismissed
commonlii-LKSC-1972-11,75 NLR 409,LKSC,1972,True,Senanayake v. De Silva,allowed
commonlii-LKSC-1972-16,76 NLR 57,LKSC,1972,True,Gunawardena.A.A v. Gunawardena.R.K.D,set-aside
commonlii-LKSC-1972-22,(1988) 2 Sri LR 11,LKSC,1972,True,Fonseka v. Candappa,dismissed
commonlii-LKSC-1973-16,77 NLR 131,LKSC,1973,True,Alphonso Appuhamy v. Hettiarachchi,
commonlii-LKSC-1973-19,(1982) 2 Sri LR 684,LKSC,1973,True,State Graphite Corporation v. K.S.P.D. Fernando and Another,dismissed
commonlii-LKSC-1973-2,76 NLR 228,LKSC,1973,True,Subaneris v. Ceylon State Mortgage Bank,
commonlii-LKSC-1974-1,77 NLR 267,LKSC,1974,True,Peiris v. Ellepola,
commonlii-LKSC-1974-3,77 NLR 409,LKSC,1974,True,In Re Hirdaramani and Others,
commonlii-LKSC-1974-7,77 NLR 313,LKSC,1974,True,Rasammah v. Manamperi,
commonlii-LKSC-1975-11,77 NLR 481,LKSC,1975,True,Ceylon Transport Board v. Wijeratne,remitted
commonlii-LKSC-1975-14,78 NLR 231,LKSC,1975,True,Nagalingam v. De Mel,
commonlii-LKSC-1976-12,(1994) 2 Sri LR 171,LKSC,1976,True,Premawathi v. Gnanawathi,allowed
commonlii-LKSC-1977-2,(1981) 1 Sri LR 464,LKSC,1977,True,Asokan v. Palanivelu,dismissed
commonlii-LKSC-1978-4,80 NLR 292,LKSC,1978,True,De Silva.I v. Commissioner General of Inland Revenue,
commonlii-LKSC-1978-6,(1984) 1 Sri LR 83,LKSC,1978,True,Siddeek v. Jacolyn Seneviratne and Three Others,dismissed
commonlii-LKSC-1979-5,(1995) 1 Sri LR 7,LKSC,1979,True,Rodrigo and Others v. St. Anthony'S Hardware Stores Ltd,dismissed
commonlii-LKSC-1980-1,(1982) 1 Sri LR 368,LKSC,1980,True,Biso Menika v. Cyril Alwis and Others,allowed
commonlii-LKSC-1981-1,(1981) 1 Sri LR 353,LKSC,1981,True,Kelaart v. Van Twest,allowed
commonlii-LKSC-1981-11,(1981) 1 Sri LR 178,LKSC,1981,True,In Re Upali Wijesuriya An Attorney At Law,
commonlii-LKSC-1981-12,(1981) 1 Sri LR 226,LKSC,1981,True,Chulalankara Thero v. Lavendris and Others,allowed
commonlii-LKSC-1981-13,(1981) 1 Sri LR 201,LKSC,1981,True,Waharaka Alias Moratota Sobhita Thero v. Amunugama Ratnapala Thero,dismissed
commonlii-LKSC-1981-20,(1981) 1 Sri LR 121,LKSC,1981,True,Ranasinghe v. The Ceylon State Mortgage Bank,allowed
commonlii-LKSC-1981-21,(1981) 1 Sri LR 86,LKSC,1981,True,Abeypala v. Abeyakirthi,dismissed
commonlii-LKSC-1981-23,(1981) 1 Sri LR 476,LKSC,1981,True,Ittepana v. Hemawathie,dismissed
commonlii-LKSC-1981-24,(1981) 1 Sri LR 1,LKSC,1981,True,Jayasundera v. Dantanarayana and Another,dismissed
commonlii-LKSC-1981-25,(1981) 1 Sri LR 52,LKSC,1981,True,Vithana v. Weerasinghe and Another,allowed
commonlii-LKSC-1981-27,(1981) 1 Sri LR 26,LKSC,1981,True,Perumal v. Dharmalingam,allowed
commonlii-LKSC-1981-33,(1981) 1 Sri LR 321,LKSC,1981,True,Asylin Perera v. Nicholas Perera and Others,allowed
commonlii-LKSC-1981-37,(1981) 1 Sri LR 341,LKSC,1981,True,Kiri Puncha v. Kiri Ukku and Others,allowed
commonlii-LKSC-1981-40,(1981) 1 Sri LR 325,LKSC,1981,True,Wijeyeratne v. Wijeyeratne and Others,allowed
commonlii-LKSC-1981-41,(1982) 1 Sri LR 384,LKSC,1981,True,Seelawathie Mallawa v. Millie Keerthiratne,dismissed
commonlii-LKSC-1981-43,(1981) 1 Sri LR 488,LKSC,1981,True,Haniffa v. Razick,allowed
commonlii-LKSC-1981-45,(1981) 1 Sri LR 58,LKSC,1981,True,Nizam v. Mustaffa (S. C. 41/80) Mustaffa v. Nizam(S. C. 53/80),dismissed
commonlii-LKSC-1981-8,(1981) 1 Sri LR 262,LKSC,1981,True,Rasheed Ali v. Mohamed Ali and Others,dismissed
commonlii-LKSC-1982-1,(1982) 2 Sri LR 719,LKSC,1982,True,Gunaratne v. Abdul Gaffoor,allowed
commonlii-LKSC-1982-13,(1982) 2 Sri LR 741,LKSC,1982,True,Ariff v. Kandasamipillai & Others,allowed
commonlii-LKSC-1982-14,(1982) 2 Sri LR 504,LKSC,1982,True,Duhilanomal and Others v. Mahakanda Housing Co. Ltd,dismissed
commonlii-LKSC-1982-16,(1982) 2 Sri LR 584,LKSC,1982,True,"Setunga v. Fernando, W.M.G",allowed
commonlii-LKSC-1982-26,(1982) 2 Sri LR 479,LKSC,1982,True,Wickramaratne v. Thavendrarajah,dismissed
commonlii-LKSC-1982-35,(1982) 2 Sri LR 664,LKSC,1982,True,Bandaranaike v. De Alwis and Others (2),
commonlii-LKSC-1982-37,(1982) 1 Sri LR 332,LKSC,1982,True,Vincent and Others v. James and Others,dismissed
commonlii-LKSC-1982-39,(1982) 2 Sri LR 693,LKSC,1982,True,Ramalingam v. Thangarajah,set-aside
commonlii-LKSC-1983-1,(1984) 1 Sri LR 319,LKSC,1983,True,Ganeshanantham v. Vivienne Goonewardene and Three Others,
commonlii-LKSC-1983-20,(1983) 1 Sri LR 403,LKSC,1983,True,Ceylon Bank Employees Union v. State Mortgage Investment Bank,allowed
commonlii-LKSC-1983-3,(1983) 2 Sri LR 523,LKSC,1983,True,Pannaloka Thero v. Saranankara Thero,allowed
commonlii-LKSC-1983-4,(1983) 1 Sri LR 332,LKSC,1983,True,Gangulwitigama Pannaloka Thero v. Colombo Saranankara Thero and Others,set-aside
commonlii-LKSC-1984-11,(1984) 2 Sri LR 373,LKSC,1984,True,Rev. Maiyawe Saddhananda Thero v. Ratnayake,allowed
commonlii-LKSC-1984-17,(1984) 2 Sri LR 172,LKSC,1984,True,Jayanetti v. The Land Reform Commission and Others,
commonlii-LKSC-1984-19,(1984) 1 Sri LR 1,LKSC,1984,True,Wijeratne and Another v. The People'S Bank and Another,
commonlii-LKSC-1984-2,(1985) 1 Sri LR 35,LKSC,1984,True,Nanayakkara v. Navaratne,dismissed
commonlii-LKSC-1984-21,(1984) 1 Sri LR 274,LKSC,1984,True,Pedris v. Fernando and Another,allowed
commonlii-LKSC-1984-23,(1984) 1 Sri LR 252,LKSC,1984,True,Subramaniam v. Pathmanathan,dismissed
commonlii-LKSC-1984-25,(1984) 1 Sri LR 200,LKSC,1984,True,Fernando v. Sarath,allowed
commonlii-LKSC-1984-5,(1984) 2 Sri LR 253,LKSC,1984,True,Collettes Limited v. Bank of Ceylon,dismissed
commonlii-LKSC-1985-22,(1985) 2 Sri LR 310,LKSC,1985,True,Muzamil and Others v. Rehabilitation of Property and Industries Authority (Repia) and Others,dismissed
commonlii-LKSC-1985-5,(1985) 2 Sri LR 418,LKSC,1985,True,Piyaratane Thero v. Jothiya and Another,allowed
commonlii-LKSC-1985-8,(1985) 2 Sri LR 219,LKSC,1985,True,Arumugam Coomaraswamy v. Andris Appuhamy and Others,allowed
commonlii-LKSC-1986-1,(1987) 1 Sri LR 181,LKSC,1986,True,Emaliyana Perera v. People'S Bank Land Redemption Department and Others,dismissed
commonlii-LKSC-1986-10,(1986) 2 Sri LR 8,LKSC,1986,True,Manikkavasagar v. Kandasamy and Others,allowed
commonlii-LKSC-1986-11,(1986) 2 Sri LR 219,LKSC,1986,True,Theivandran v. Ramanathan Chettiar,allowed
commonlii-LKSC-1986-15,(1986) 2 Sri LR 272,LKSC,1986,True,Mackinnon Mackenzie & Co. v. Grindlays Bank Ltd,allowed
commonlii-LKSC-1986-18,(1986) 1 Sri LR 399,LKSC,1986,True,Marshall Appuhamy and Another v. Punchi Banda,dismissed
commonlii-LKSC-1986-19,(1986) 1 Sri LR 120,LKSC,1986,True,Abeywickrema v. Pathirana and Others,allowed
commonlii-LKSC-1986-22,(1986) 2 Sri LR 36,LKSC,1986,True,Roberts and Another v. Ratnayake and Others,
commonlii-LKSC-1986-25,(1986) 2 Sri LR 374,LKSC,1986,True,Gunapala v. Babynona,allowed
commonlii-LKSC-1986-29,(1986) 2 Sri LR 121,LKSC,1986,True,Jinawathie and Others v. Emalin Perera,dismissed
commonlii-LKSC-1986-31,(1987) 1 Sri LR 161,LKSC,1986,True,Sinnathuray v. Attiken,dismissed
commonlii-LKSC-1986-34,(1986) 2 Sri LR 1,LKSC,1986,True,Seneviratne v. Francis Fonseka Abeykoon,dismissed
commonlii-LKSC-1986-35,(1986) 1 Sri LR 291,LKSC,1986,True,John Wilson v. Perera and Another,dismissed
commonlii-LKSC-1986-38,(1987) 1 Sri LR 41,LKSC,1986,True,Wellington v. Amerasinghe,allowed
commonlii-LKSC-1986-4,(1987) 1 Sri LR 5,LKSC,1986,True,Hotel Galaxy (Pvt) Ltd. and Others v. Mercantile Hotels Management Ltd,allowed
commonlii-LKSC-1986-40,(1986) 2 Sri LR 309,LKSC,1986,True,Paramount Investments Limited. v. Cader,allowed
commonlii-LKSC-1986-7,(1987) 1 Sri LR 314,LKSC,1986,True,"In Re Arthenayake, Attorney At Law",affirmed
commonlii-LKSC-1987-11,(1988) 1 Sri LR 12,LKSC,1987,True,Udeshi and Others v. Mather,allowed
commonlii-LKSC-1987-17,(1987) 1 Sri LR 367,LKSC,1987,True,"Imbuldeniya v. De Silva, D",dismissed
commonlii-LKSC-1987-18,(1987) 2 Sri LR 225,LKSC,1987,True,Abubucker v. Fernando,allowed
commonlii-LKSC-1987-2,(1987) 2 Sri LR 260,LKSC,1987,True,Ratwatte v. Goonesekera,allowed
commonlii-LKSC-1987-22,(1988) 1 Sri LR 25,LKSC,1987,True,Ghouse v. Ghouse,dismissed
commonlii-LKSC-1987-23,(1987) 1 Sri LR 235,LKSC,1987,True,Dona Cecilia v. Cecilia Perera and Others,allowed
commonlii-LKSC-1987-6,(1987) 2 Sri LR 1,LKSC,1987,True,Lalitha Perera v. Pamakanthi,dismissed
commonlii-LKSC-1987-7,(1987) 2 Sri LR 30,LKSC,1987,True,Manawadu v. The Attorney General,allowed
commonlii-LKSC-1988-14,(1988) 2 Sri LR 142,LKSC,1988,True,Madurasinghe v. Madurasinghe,dismissed
commonlii-LKSC-1988-23,(1988) 2 Sri LR 151,LKSC,1988,True,Weeraratne v. Hon. Percy Colin Thome and Three Others,
commonlii-LKSC-1988-3,(1988) 1 Sri LR 99,LKSC,1988,True,R v. Pallegama Gnanarathana v. Rev. Gaikiriyagama Soratha,allowed
commonlii-LKSC-1988-6,(1988) 1 Sri LR 78,LKSC,1988,True,Wahab v. Jayah,allowed
commonlii-LKSC-1988-8,(1988) 1 Sri LR 204,LKSC,1988,True,Mendis v. Pfizer,dismissed
commonlii-LKSC-1988-9,(1988) 1 Sri LR 86,LKSC,1988,True,Sivagnanalingam v. Suntheralingam,allowed
commonlii-LKSC-1989-11,(1989) 1 Sri LR 155,LKSC,1989,True,Science House (Ceylon) Limited. v. I. P. A. Laboratories Private Limited,dismissed
commonlii-LKSC-1989-13,(1989) 2 Sri LR 161,LKSC,1989,True,Undugodage v. Rasanathan,
commonlii-LKSC-1989-14,(1989) 2 Sri LR 170,LKSC,1989,True,Seelawathie v. Ediriweera,allowed
commonlii-LKSC-1989-17,(1989) 2 Sri LR 95,LKSC,1989,True,Actalina Fonseka and Others v. Dharshani Fonseka and Others,dismissed
commonlii-LKSC-1989-18,(1989) 2 Sri LR 272,LKSC,1989,True,Finnegan v. Gatadari Hotels Lanka Ltd,dismissed
commonlii-LKSC-1989-2,(1989) 2 Sri LR 111,LKSC,1989,True,Sai Nona v. Maggie Silva and Another,dismissed
commonlii-LKSC-1989-23,(1989) 2 Sri LR 151,LKSC,1989,True,Sanmugam and Another v. Thambiaiyah,dismissed
commonlii-LKSC-1989-26,(1990) 1 Sri LR 104,LKSC,1989,True,Shaul Hameed and Another v. Ranasinghe and Others,
commonlii-LKSC-1989-34,(1989) 2 Sri LR 383,LKSC,1989,True,Mudiyanse and Others v. Bandulahamy,dismissed
commonlii-LKSC-1989-37,(1996) 2 Sri LR 191,LKSC,1989,True,Podinona v. Premadasa,allowed
commonlii-LKSC-1989-6,(1989) 2 Sri LR 409,LKSC,1989,True,Martin v. Wijewardene,
commonlii-LKSC-1990-1,(1990) 1 Sri LR 234,LKSC,1990,True,Welakanda Dhammasiddi v. Kamburupitiye Somaloka Thero,dismissed
commonlii-LKSC-1990-13,(1990) 1 Sri LR 190,LKSC,1990,True,Bernedette Valangenberg v. Hapuarachchige Anthony,dismissed
commonlii-LKSC-1990-14,(1990) 1 Sri LR 293,LKSC,1990,True,Wijenaike v. Air Lanka Limited and Others,
commonlii-LKSC-1990-16,(1990) 2 Sri LR 249,LKSC,1990,True,Mendis v. Dublin De Silva and Two Others,
commonlii-LKSC-1990-17,(1990) 1 Sri LR 378,LKSC,1990,True,Sivapathalingam v. Sivasubramaniam,dismissed
commonlii-LKSC-1990-21,(1990) 1 Sri LR 156,LKSC,1990,True,P. B. Ratnayake v. M. S. B. J. Bandara,dismissed
commonlii-LKSC-1990-4,(1990) 1 Sri LR 342,LKSC,1990,True,"Sebastian Fernando v. Katana Multi Purpose Co Operative Society Ltd., and Others",allowed
commonlii-LKSC-1990-6,(1992) 2 Sri LR 223,LKSC,1990,True,Mahinda Rajapaksa v. Kudahetti and Others,
commonlii-LKSC-1991-12,(1992) 2 Sri LR 303,LKSC,1991,True,Dhammika Chandratileke v. Susantha Mahes Moonesinghe,
commonlii-LKSC-1991-14,(1991) 2 Sri LR 224,LKSC,1991,True,Basnagoda Hemaloka v. Sandanangama Attadassi,dismissed
commonlii-LKSC-1991-15,(1991) 2 Sri LR 230,LKSC,1991,True,Pannaloka Thero v. Sangananda Thero,allowed
commonlii-LKSC-1991-16,(1991) 2 Sri LR 153,LKSC,1991,True,The Bishop of Chilaw v. Wijenathan,allowed
commonlii-LKSC-1991-18,(1991) 2 Sri LR 1,LKSC,1991,True,Gunaratne Vs. Translanka Investments Ltd. and Another,dismissed
commonlii-LKSC-1991-26,(1996) 2 Sri LR 209,LKSC,1991,True,Krishna Mining Co. (Ceylon) Ltd. v. Janatha Estates Development Board And,
commonlii-LKSC-1991-29,(1991) 1 Sri LR 11,LKSC,1991,True,Ramupillai v. Festus Perera,
commonlii-LKSC-1991-3,(1993) 2 Sri LR 27,LKSC,1991,True,A.D.H.Perera v. Gunawardena,allowed
commonlii-LKSC-1991-32,(1991) 1 Sri LR 187,LKSC,1991,True,Hubert Fernando v. Kusumananda De Silva,allowed
commonlii-LKSC-1991-33,(1991) 1 Sri LR 115,LKSC,1991,True,Dayawathie and Others v. Gunasekera and Another,allowed
commonlii-LKSC-1991-35,(1991) 2 Sri LR 141,LKSC,1991,True,Malwattage v. Dharmawardena,dismissed
commonlii-LKSC-1991-39,(1991) 2 Sri LR 342,LKSC,1991,True,Sumanasena v. L.M. Herft,dismissed
commonlii-LKSC-1991-4,(1991) 2 Sri LR 45,LKSC,1991,True,Ellawala v. Wijewardena and Another,
commonlii-LKSC-1991-5,(1991) 2 Sri LR 279,LKSC,1991,True,Martin v. Suduhamy,dismissed
commonlii-LKSC-1991-6,(1991) 2 Sri LR 205,LKSC,1991,True,Packiyanathan v. Singarajah,dismissed
commonlii-LKSC-1992-3,(1992) 2 Sri LR 180,LKSC,1992,True,Dona Podi Nona Ranaweera Menike v. Rohini Senanayake,allowed
commonlii-LKSC-1992-34,(1994) 3 Sri LR 216,LKSC,1992,True,"Liyanage v. Municipal Council, Galls",dismissed
commonlii-LKSC-1992-35,(2003) 2 Sri LR 10,LKSC,1992,True,Issadeen v. The Commissioner of National Housing and Others,dismissed
commonlii-LKSC-1992-9,(1994) 3 Sri LR 76,LKSC,1992,True,Weerapura v. Heenatiyane Nanda Tissa Thero and Another [International Buddhist Centre Case),dismissed
commonlii-LKSC-1993-1,(1994) 2 Sri LR 258,LKSC,1993,True,Kularatne and Another v. Gunatilleke,allowed
commonlii-LKSC-1993-19,(1993) 1 Sri LR 313,LKSC,1993,True,Dalton Wijeyeratne v. Hermine Wijeyeratne,allowed
commonlii-LKSC-1993-24,(1993) 2 Sri LR 289,LKSC,1993,True,Nanayakkara v. Warnakulasuriya,allowed
commonlii-LKSC-1993-26,(1993) 1 Sri LR 97,LKSC,1993,True,Livinis Silva and Another v. William Fernando and Another,dismissed
commonlii-LKSC-1993-4,(1993) 1 Sri LR 283,LKSC,1993,True,"De Silva v. Atukorale, Minister of Lands, Irrigation and Mahaweli Development and Another",allowed
commonlii-LKSC-1993-40,(1993) 1 Sri LR 119,LKSC,1993,True,Alwis v. Piyasena Fernando,allowed
commonlii-LKSC-1993-47,(1993) 1 Sri LR 170,LKSC,1993,True,Gunasekera v. Amerasekera,allowed
commonlii-LKSC-1993-49,(1994) 3 Sri LR 245,LKSC,1993,True,Gunasekera v. Tissera and Others,allowed
commonlii-LKSC-1994-1,(1995) 1 Sri LR 122,LKSC,1994,True,Archbishop of Colombo v. The Land Reform Commission and Others,dismissed
commonlii-LKSC-1994-13,(1994) 2 Sri LR 372,LKSC,1994,True,Rev. Polhene Pannaloka v. Rev. Pandita Midigama Pemananda,dismissed
commonlii-LKSC-1994-18,(2002) 3 Sri LR 299,LKSC,1994,True,Alahakone v. Tampoe,allowed
commonlii-LKSC-1994-20,(1994) 2 Sri LR 191,LKSC,1994,True,Haji Omar v. Bodhidasa,dismissed
commonlii-LKSC-1994-34,(1994) 2 Sri LR 29,LKSC,1994,True,Mendis v. Abeysinghe and Another,dismissed
commonlii-LKSC-1994-35,(1994) 2 Sri LR 365,LKSC,1994,True,Sirajudeen and Two Others v. Abbas,dismissed
commonlii-LKSC-1994-40,(1994) 3 Sri LR 369,LKSC,1994,True,Sithi Faiza Shum v. People'S Bank and Others,allowed
commonlii-LKSC-1994-42,(1994) 2 Sri LR 188,LKSC,1994,True,Hettiarachchi v. Hettiarachchi,allowed
commonlii-LKSC-1994-43,(1995) 2 Sri LR 152,LKSC,1994,True,Gunaratne Menike v. Jayatileke Banda,allowed
commonlii-LKSC-1994-7,(1994) 2 Sri LR 349,LKSC,1994,True,Harischandra Peiris v. Hemachandra Peiris,dismissed
commonlii-LKSC-1995-1,(1995) 2 Sri LR 139,LKSC,1995,True,Thalawatugoda Siriratna Thero v. Veherewatte Ariyawansa Thero,dismissed
commonlii-LKSC-1995-10,(1997) 2 Sri LR 122,LKSC,1995,True,Fernando and Others v. Land Reform Commission and Another,dismissed
commonlii-LKSC-1995-3,(1997) 2 Sri LR 393,LKSC,1995,True,"Sumeet Research and Holdings Ltd. v. Elite Radio & Engineering Co., Ltd",allowed
commonlii-LKSC-1995-34,(1997) 1 Sri LR 365,LKSC,1995,True,Madurapperuma and Others v. M. N. Junaid and Others,dismissed
commonlii-LKSC-1995-4,(1996) 1 Sri LR 368,LKSC,1995,True,Ibrahim v. The Board of Trustees of the Jamiul Harirath Jumma Mosque and Others,dismissed
commonlii-LKSC-1995-8,(1996) 1 Sri LR 1,LKSC,1995,True,Violet Perera v. Asilin Nona,allowed
commonlii-LKSC-1996-14,(1996) 1 Sri LR 70,LKSC,1996,True,Jeyaraj Fernandopulle v. Premachandra De Silva and Others,
commonlii-LKSC-1996-15,(1997) 1 Sri LR 176,LKSC,1996,True,Asilin Nona and Another v. Wilbert Silva,dismissed
commonlii-LKSC-1996-16,(1997) 1 Sri LR 103,LKSC,1996,True,Sirimanne v. Kottegoda and Another,allowed
commonlii-LKSC-1996-34,(1997) 1 Sri LR 208,LKSC,1996,True,Atapattu and Others v. People'S Bank and Others,allowed
commonlii-LKSC-1996-43,(1999) 2 Sri LR 159,LKSC,1996,True,Jamis Perera and Another v. Charles Dias and Others,dismissed
commonlii-LKSC-1996-7,(1997) 2 Sri LR 232,LKSC,1996,True,Wickramaratne v. Chandradeva,
commonlii-LKSC-1996-8,(1997) 2 Sri LR 1,LKSC,1996,True,Jayasinghe v. Kiribindu and Others,allowed
commonlii-LKSC-1996-9,(1996) 1 Sri LR 358,LKSC,1996,True,Hariette v. Pathmasiri,dismissed
commonlii-LKSC-1997-47,(1997) 3 Sri LR 93,LKSC,1997,True,"United Tea, Rubber and Local Produce Workers' Union v. Haycarb Limited. and Another",allowed
commonlii-LKSC-1997-51,(1998) 3 Sri LR 119,LKSC,1997,True,"Perera v. Gomes, Attorney At Law",
commonlii-LKSC-1998-10,(1998) 2 Sri LR 196,LKSC,1998,True,Kampane Gunaratna Thero v. Mawadawila Pannasena Thero,dismissed
commonlii-LKSC-1998-17,(1998) 2 Sri LR 229,LKSC,1998,True,Balasubramaniam and Another v. Upali De Silva and Another,allowed
commonlii-LKSC-1998-18,(1998) 3 Sri LR 227,LKSC,1998,True,Beebi Johara v. Warusavithana,
commonlii-LKSC-1998-20,(1998) 3 Sri LR 43,LKSC,1998,True,Gricilda Hewa v. Thomas Hewa,allowed
commonlii-LKSC-1998-21,(1999) 2 Sri LR 76,LKSC,1998,True,Sahul Hameed Abdul Munaf v. Mohamed Lebbe Mohamed Yusuf Alias Ahamed Mohamed Yusuf,dismissed
commonlii-LKSC-1998-3,(1998) 2 Sri LR 105,LKSC,1998,True,Mv & Kalyani & and Another v. Mutiara Shipping Company,allowed
commonlii-LKSC-1998-4,(1998) 3 Sri LR 180,LKSC,1998,True,G.T.E. Directories Lanka (Pvt) Ltd. v. Mukthar Marikkar and Another,allowed
commonlii-LKSC-1998-50,(1998) 1 Sri LR 391,LKSC,1998,True,Gnanapandithen and Another v. Balanayagam and Another,allowed
commonlii-LKSC-1998-6,(1998) 3 Sri LR 232,LKSC,1998,True,Ranjit v. Kusumawathie and Others,dismissed
commonlii-LKSC-1998-61,(1998) 2 Sri LR 41,LKSC,1998,True,Jiffry v. Esufali,dismissed
commonlii-LKSC-1998-65,(1998) 1 Sri LR 255,LKSC,1998,True,Banda v. Soysa,allowed
commonlii-LKSC-1998-66,(1998) 2 Sri LR 24,LKSC,1998,True,Karunasiri v. Ratnasiri Perera,allowed
commonlii-LKSC-1998-67,(1999) 2 Sri LR 163,LKSC,1998,True,Lalitha Padmini v. Jayatunga,dismissed
commonlii-LKSC-1999-11,(1999) 2 Sri LR 293,LKSC,1999,True,Haleema Umma v. Abdul Rahuman,dismissed
commonlii-LKSC-1999-33,(1999) 2 Sri LR 287,LKSC,1999,True,Samarasinghe v. National Savings Bank and Others,
commonlii-LKSC-1999-39,(1999) 2 Sri LR 365,LKSC,1999,True,Hatton National Bank Limited v. Helenluc Garments Ltd. and Others,set-aside
commonlii-LKSC-1999-41,(1999) 2 Sri LR 152,LKSC,1999,True,Asliya Umma v. Thingal Mohamed,allowed
commonlii-LKSC-1999-50,(1999) 2 Sri LR 56,LKSC,1999,True,National Development Bank of Sri Lanka v. Serendib Asia (Pvt) Ltd. and Another,dismissed
commonlii-LKSC-1999-51,(1998) 2 Sri LR 169,LKSC,1999,True,"Paskaralingam By His Attorney At Law v. Perera, P.R.P. and Others",
commonlii-LKSC-1999-52,(2000) 1 Sri LR 17,LKSC,1999,True,Premaratne v. Kodituwakku Arachchi,allowed
commonlii-LKSC-1999-53,(1999) 2 Sri LR 1,LKSC,1999,True,Ranchagoda v. Viola,dismissed
commonlii-LKSC-1999-54,(1999) 2 Sri LR 4,LKSC,1999,True,Dissanayakage Malini v. Mohamed Sabur,dismissed
commonlii-LKSC-1999-8,(1999) 2 Sri LR 218,LKSC,1999,True,Kalegama Ananda Thero v. Makkuddala Gnanissara Thero,dismissed
commonlii-LKSC-2000-11,(2000) 3 Sri LR 326,LKSC,2000,True,Hatton National Bank Limited. v. Sellers Sports(Pvt) Ltd. and Others,allowed
commonlii-LKSC-2000-34,(2000) 1 Sri LR 304,LKSC,2000,True,Jayasinghe and Others v. Jothiwardana and Others,
commonlii-LKSC-2000-4,(2000) 3 Sri LR 200,LKSC,2000,True,Hilda Enid Perera v. Somawathie Lokuge and Another,dismissed
commonlii-LKSC-2000-42,(2001) 1 Sri LR 252,LKSC,2000,True,Hatton National Bank Limited v. Hithanarchchi and Another,allowed
commonlii-LKSC-2000-9,(2001) 1 Sri LR 220,LKSC,2000,True,Merchant Bank of Sri Lanka Ltd. v. Amarasiri De Silva,allowed
commonlii-LKSC-2001-18,(2001) 1 Sri LR 118,LKSC,2001,True,"Pamkayu(M)Snd Bhd(Appearing By Its Attorney, Hemachandra) and Another v. Liyanaarachchi, P., Secretary, Ministry of Transport and Highways and Others",
commonlii-LKSC-2001-2,(2001) 2 Sri LR 409,LKSC,2001,True,Wickremasinghe v. Ceylon Petroleum Corporation and Others,
commonlii-LKSC-2001-24,(2001) 1 Sri LR 365,LKSC,2001,True,Jayakody v. Sri Lanka Insurance and Robinson Hotel Co.Ltd. and Others,
commonlii-LKSC-2001-3,(2002) 1 Sri LR 115,LKSC,2001,True,Lanka Orix Leasing Company Ltd. v. Pinto and Others,dismissed
commonlii-LKSC-2001-30,(2002) 1 Sri LR 169,LKSC,2001,True,Stella Perera and Others v. Margret Silva,allowed
commonlii-LKSC-2001-31,(2002) 1 Sri LR 57,LKSC,2001,True,Senaratne v. Senaratne and Others,allowed
commonlii-LKSC-2001-32,(2001) 1 Sri LR 301,LKSC,2001,True,Nadarajah v. Ghani,allowed
commonlii-LKSC-2001-4,(2002) 2 Sri LR 85,LKSC,2001,True,"Laurentius Van Kessel, Through His Attorney Jayawickrama v. Shobha Samaratunga and Another, Attorneys At Law",
commonlii-LKSC-2001-9,(2003) 2 Sri LR 1,LKSC,2001,True,Narendra v. Seylan Merchant Bank Ltd. and Others,dismissed
commonlii-LKSC-2002-40,(2002) 1 Sri LR 105,LKSC,2002,True,Haji Omar v. Wickramasinghe and Another,allowed
commonlii-LKSC-2002-42,(2002) 1 Sri LR 211,LKSC,2002,True,Gunasekara and Another v. Jayakumar,allowed
commonlii-LKSC-2002-43,(2002) 1 Sri LR 264,LKSC,2002,True,Virasinghe v. Virasinghe and Others,allowed
commonlii-LKSC-2002-46,(2003) 1 Sri LR 133,LKSC,2002,True,Ibrahim v. Faizer and Others,allowed
commonlii-LKSC-2002-7,(2002) 1 Sri LR 316,LKSC,2002,True,"Cassim v. Weerawardene, Commissioner For National Housing and Another",dismissed
commonlii-LKSC-2002-8,(2003) 1 Sri LR 228,LKSC,2002,True,"Ediriweera, Returning Officer For Akuressa Pradeshiya Sabha v. Kapukotuwa, General Secretary, United National Party and Others",allowed
commonlii-LKSC-2003-2,(2004) 1 Sri LR 1,LKSC,2003,True,Ven. Omare Dhammapata Thero v. Rajapakshage Peiris and Others,allowed
commonlii-LKSC-2003-20,(2003) 1 Sri LR 401,LKSC,2003,True,Attanayake v. Ramyawathie,dismissed
commonlii-LKSC-2003-6,(2003) 1 Sri LR 301,LKSC,2003,True,Wanasundara v. Piyadasa and Others,dismissed
commonlii-LKSC-2004-10,(2004) 1 Sri LR 230,LKSC,2004,True,Jayasinghe v. The National Institute of Fisheries and Nautical Engineering (Nifne)And Others,
commonlii-LKSC-2004-20,(2005) 1 Sri LR 108,LKSC,2004,True,Shelton De Silva Vs Shirani Helen Fernando,
commonlii-LKSC-2004-21,(2005) 1 Sri LR 31,LKSC,2004,True,Reginald Fernando Vs Pabilinahamy and Others (Substituted,allowed
commonlii-LKSC-2004-22,(2004) 1 Sri LR 340,LKSC,2004,True,Jayaratne and Another v. Premadasa and Others,allowed
commonlii-LKSC-2004-23,(2005) 1 Sri LR 80,LKSC,2004,True,Seylan Bank Limited Vs. Intertrade Garments (Private) Limited,allowed
commonlii-LKSC-2004-25,(2004) 1 Sri LR 312,LKSC,2004,True,"Rashid v. Rajitha Senaratne, Minister of Lands and Others",allowed
commonlii-LKSC-2004-7,(2005) 1 Sri LR 10,LKSC,2004,True,Somawathi De Zoysa Alias Kumarasinghe v. V.Jayasena Fernando,dismissed
commonlii-LKSC-2005-11,(2006) 1 Sri LR 110,LKSC,2005,True,Welgama v. Wijesundera And Another,allowed
commonlii-LKSC-2005-17,(2006) 1 Sri LR 246,LKSC,2005,True,Wickramasinghe v. Robert Banda And Others,dismissed
commonlii-LKSC-2005-5,(2005) 1 Sri LR 303,LKSC,2005,True,Ratnayake and Others Vs Kumarihamy and Others,dismissed
commonlii-LKSC-2005-7,(2005) 3 Sri LR 1,LKSC,2005,True,"The Manager, Bank Of Ceylon, Hatton v. The Secretary, Hatton Dickoya Urban Council",allowed
commonlii-LKSC-2006-16,(2007) 2 Sri LR 394,LKSC,2006,True,Goonathilaka And Another v. Thollappan,allowed
commonlii-LKSC-2006-5,(2006) 2 Sri LR 169,LKSC,2006,True,Ceylease Financial Services Ltd. v. Sriyalatha And Another,dismissed
commonlii-LKSC-2006-6,(2006) 2 Sri LR 188,LKSC,2006,True,Angela Fernando v. Devadeepthi Fernando And Others,allowed
commonlii-LKSC-2007-1,(2007) 1 Sri LR 59,LKSC,2007,True,Senarath And Others v. Chandrika Bandaranayake Kumaratunga And Others,
commonlii-LKSC-2007-14,(2007) 2 Sri LR 203,LKSC,2007,True,Kumarasinghe v. Dinadasa And Others,dismissed
commonlii-LKSC-2007-2,(2007) 1 Sri LR 101,LKSC,2007,True,Haputhantirige And Others v. Attorney General,
commonlii-LKSC-2007-3,(2007) 1 Sri LR 181,LKSC,2007,True,Hatton National Bank Ltd. v. Jayawardane And Others,allowed
commonlii-LKSC-2008-2,(2008) 1 Sri LR 1,LKSC,2008,True,Sri Lanka Transport Board v. Colombo Metropolitan Bus Company And Others &Nbsp,
commonlii-LKSC-2008-5,(2008) 1 Sri LR 96,LKSC,2008,True,Seylan Bank Ltd. v. Samdo Macky Sp,allowed
commonlii-LKSC-2008-7,(2008) 1 Sri LR 134,LKSC,2008,True,Vasudeva Nanayakkara v. Choksy And Others (John Keells Case),
commonlii-LKSC-2009-10,(2009) 1 Sri LR 293,LKSC,2009,True,Francis Samarawickrema v. Hilda Jayasinghe And Another,allowed
commonlii-LKSC-2009-3,(2009) 1 Sri LR 134,LKSC,2009,True,Selan Bank Plc v. Samanellya Teas (Private) Limited And 3 Others,allowed
commonlii-LKSC-2009-5,(2009) 1 Sri LR 180,LKSC,2009,True,Sivayanama And Another v. People'S Bank And 7 Others,allowed
commonlii-LKSC-2009-8,(2009) 1 Sri LR 232,LKSC,2009,True,"Muktar And Others v. Rathnasiri, Divisional Secretary, Acquiring Officer &Nbsp",dismissed
commonlii-LKSC-2010-3,(2010) 1 Sri LR 41,LKSC,2010,True,Jayasekera Ys. Lakmini And Others,allowed
courts-coa-1.-ca-17-1999-f-11.3.2019.pdf,,COA,2019,False,1 ca 17 1999 f 11 3 2019,dismissed
courts-coa-1095-99-f.pdf,,COA,,False,1095 99 f,
courts-coa-11.-wrt-0434-19.pdf,,COA,,False,11 wrt 0434 19,
courts-coa-12.-ca-636-637-638-99f.pdf,,COA,,False,12 ca 636 637 638 99f,set-aside
courts-coa-13.-ca-836-99-f.pdf,,COA,,False,13 ca 836 99 f,
courts-coa-13.-ca-phc-209_17-judgment.pdf,,COA,,False,13 ca phc 209 17 judgment,dismissed
courts-coa-15.-ca-dcf-1058_2000.pdf,,COA,2000,False,15 ca dcf 1058 2000,dismissed
courts-coa-2.-ca-rev-955-2005-11.3.2019.pdf,,COA,2019,False,2 ca rev 955 2005 11 3 2019,allowed
courts-coa-20.-ca-land-acq-01-2019.pdf,,COA,2019,False,20 ca land acq 01 2019,
courts-coa-25.-dcf-065-98-2.pdf,,COA,,False,25 dcf 065 98 2,affirmed
courts-coa-254-2014-writ-14.01.19.pdf,,COA,2014,False,254 2014 writ 14 01 19,
courts-coa-27.-ca-tax-0008-2007-1.pdf,,COA,2007,False,27 ca tax 0008 2007 1,affirmed
courts-coa-27.-judgement-dcf-710-712-99.pdf,,COA,,False,27 judgement dcf 710 712 99,dismissed
courts-coa-28.-ca-tax-0013-2015-2.pdf,,COA,2015,False,28 ca tax 0013 2015 2,affirmed
courts-coa-30.-rev-130-of-14-judgment.pdf,,COA,,False,30 rev 130 of 14 judgment,set-aside
courts-coa-358-99-27.2.19-puttalam-dc.pdf,,COA,,False,358 99 27 2 19 puttalam dc,dismissed
courts-coa-4.-ca-1366-2000-f-11.3.2019.pdf,,COA,2019,False,4 ca 1366 2000 f 11 3 2019,allowed
courts-coa-43.-corrected-caption.pdf,,COA,,False,43 corrected caption,allowed
courts-coa-5.-121-2018-3.pdf,,COA,2018,False,5 121 2018 3,
courts-coa-541-2023.pdf,,COA,2023,False,541 2023,
courts-coa-60.-dcf-1470-02.pdf,,COA,,False,60 dcf 1470 02,
courts-coa-628-99-dc-negombo-27.2.19-autosaved.pdf,,COA,,False,628 99 dc negombo 27 2 19 autosaved,allowed
courts-coa-85.-writ-241-19.pdf,,COA,,False,85 writ 241 19,dismissed
courts-coa-BOR-0001-2027.03.2026-1.pdf,,COA,2026,False,BOR 0001 2027 03 2026 1,set-aside
courts-coa-BOR-0001-2320.02.2026.pdf,,COA,2026,False,BOR 0001 2320 02 2026,set-aside
courts-coa-bor-02-19-final.pdf,,COA,,False,bor 02 19 final,set-aside
courts-coa-c.-a-rev-558-2001-1.pdf,,COA,2001,False,c a rev 558 2001 1,set-aside
courts-coa-c.a-dc-1045_99.pdf,,COA,,False,c a dc 1045 99,
courts-coa-c.a-dc-1273_2000.pdf,,COA,2000,False,c a dc 1273 2000,allowed
courts-coa-c.a-dc-1289_2000.pdf,,COA,2000,False,c a dc 1289 2000,set-aside
courts-coa-c.a-dc-1317-1999.pdf,,COA,1999,False,c a dc 1317 1999,dismissed
courts-coa-c.a-dc-135-1999f-1.pdf,,COA,1999,False,c a dc 135 1999f 1,allowed
courts-coa-c.a-dc-135-1999f.pdf,,COA,1999,False,c a dc 135 1999f,allowed
courts-coa-c.a-dc-200-2000.pdf,,COA,2000,False,c a dc 200 2000,allowed
courts-coa-c.a-dc-326_1997.pdf,,COA,1997,False,c a dc 326 1997,set-aside
courts-coa-c.a-dc-366_2000.pdf,,COA,2000,False,c a dc 366 2000,
courts-coa-c.a-dc-436-1997.pdf,,COA,1997,False,c a dc 436 1997,dismissed
courts-coa-c.a-dc-466-1999.pdf,,COA,1999,False,c a dc 466 1999,
courts-coa-c.a-dc-474-2000.pdf,,COA,2000,False,c a dc 474 2000,allowed
courts-coa-c.a-dc-505_2000.pdf,,COA,2000,False,c a dc 505 2000,dismissed
courts-coa-c.a-dc-555-1994-1.pdf,,COA,1994,False,c a dc 555 1994 1,allowed
courts-coa-c.a-dc-566-1997.pdf,,COA,1997,False,c a dc 566 1997,dismissed
courts-coa-c.a-dc-575-2000.pdf,,COA,2000,False,c a dc 575 2000,set-aside
courts-coa-c.a-dc-581_1999-07.01.19.pdf,,COA,1999,False,c a dc 581 1999 07 01 19,dismissed
courts-coa-c.a-dc-785-1998.pdf,,COA,1998,False,c a dc 785 1998,dismissed
courts-coa-c.a-dc-812-2000.pdf,,COA,2000,False,c a dc 812 2000,dismissed
courts-coa-c.a-dc-831_2000.pdf,,COA,2000,False,c a dc 831 2000,
courts-coa-c.a-dc-986-1999.pdf,,COA,1999,False,c a dc 986 1999,dismissed
courts-coa-c.a-dc_350_2000.pdf,,COA,2000,False,c a dc 350 2000,dismissed
courts-coa-c.a-dcf-642-99.pdf,,COA,,False,c a dcf 642 99,allowed
courts-coa-c.a-dcf-784-1992.pdf,,COA,1992,False,c a dcf 784 1992,allowed
courts-coa-c.a-dcf-808-1999.pdf,,COA,1999,False,c a dcf 808 1999,dismissed
courts-coa-c.a-dcf-858-1996.pdf,,COA,1996,False,c a dcf 858 1996,allowed
courts-coa-c.a-hc-238-2016.pdf,,COA,2016,False,c a hc 238 2016,dismissed
courts-coa-c.a-lta-272-2003.pdf,,COA,2003,False,c a lta 272 2003,allowed
courts-coa-c.a-mc-rev-28-2016.pdf,,COA,2016,False,c a mc rev 28 2016,dismissed
courts-coa-c.a-phc-07-2012.pdf,,COA,2012,False,c a phc 07 2012,
courts-coa-c.a-phc-123-2008.pdf,,COA,2008,False,c a phc 123 2008,
courts-coa-c.a-phc-141-2015.pdf,,COA,2015,False,c a phc 141 2015,set-aside
courts-coa-c.a-phc-48_2014.pdf,,COA,2014,False,c a phc 48 2014,set-aside
courts-coa-c.a-phc-88-2016.pdf,,COA,2016,False,c a phc 88 2016,set-aside
courts-coa-c.a-phc_155_2014.pdf,,COA,2014,False,c a phc 155 2014,dismissed
courts-coa-c.a-rev-168-2007.pdf,,COA,2007,False,c a rev 168 2007,set-aside
courts-coa-c.a-rev_15_2016.pdf,,COA,2016,False,c a rev 15 2016,dismissed
courts-coa-c.a-ri-05-2018.pdf,,COA,2018,False,c a ri 05 2018,set-aside
courts-coa-c.a-tax-20-2014.pdf,,COA,2014,False,c a tax 20 2014,
courts-coa-c.a-writ-184_2014.pdf,,COA,2014,False,c a writ 184 2014,
courts-coa-c.a-writ-196-2007.pdf,,COA,2007,False,c a writ 196 2007,
courts-coa-c.a-writ-271_2013.pdf,,COA,2013,False,c a writ 271 2013,dismissed
courts-coa-c.a-writ-357-2016.pdf,,COA,2016,False,c a writ 357 2016,dismissed
courts-coa-c.a-writ-374-2015.pdf,,COA,2015,False,c a writ 374 2015,
courts-coa-c.a-writ-386-2015-1.pdf,,COA,2015,False,c a writ 386 2015 1,
courts-coa-c.a.-dc_1043_1997.pdf,,COA,1997,False,c a dc 1043 1997,dismissed
courts-coa-c.a.-dc_1086_1996-f-2.pdf,,COA,1996,False,c a dc 1086 1996 f 2,dismissed
courts-coa-c.a.-dc_1192_1998-f.pdf,,COA,1998,False,c a dc 1192 1998 f,dismissed
courts-coa-c.a.-dc_1233_2000-f.pdf,,COA,2000,False,c a dc 1233 2000 f,dismissed
courts-coa-c.a.-dc_1344_2000.pdf,,COA,2000,False,c a dc 1344 2000,set-aside
courts-coa-c.a.-dc_24_1999.pdf,,COA,1999,False,c a dc 24 1999,set-aside
courts-coa-c.a.-dc_343_95.pdf,,COA,,False,c a dc 343 95,dismissed
courts-coa-c.a.-dc_559_1993.pdf,,COA,1993,False,c a dc 559 1993,dismissed
courts-coa-c.a.-dc_657_2000.pdf,,COA,2000,False,c a dc 657 2000,allowed
courts-coa-c.a.-dc_664_1997.pdf,,COA,1997,False,c a dc 664 1997,allowed
courts-coa-c.a.-dc_664_1999-f.pdf,,COA,1999,False,c a dc 664 1999 f,allowed
courts-coa-c.a.-dc_769-a-b_1996.pdf,,COA,1996,False,c a dc 769 a b 1996,
courts-coa-c.a.-dcf-1232-2000.pdf,,COA,2000,False,c a dcf 1232 2000,dismissed
courts-coa-c.a.-mis-05-2019.pdf,,COA,2019,False,c a mis 05 2019,
courts-coa-c.a.-mis-06-2019.pdf,,COA,2019,False,c a mis 06 2019,
courts-coa-c.a.-phc_51_2013.pdf,,COA,2013,False,c a phc 51 2013,set-aside
courts-coa-c.a.-ri-08-2020.pdf,,COA,2020,False,c a ri 08 2020,set-aside
courts-coa-c.a.-tax_15_2018.pdf,,COA,2018,False,c a tax 15 2018,
courts-coa-c.a.-writ_293_2017.pdf,,COA,2017,False,c a writ 293 2017,
courts-coa-c.a.-writ_342_2012.pdf,,COA,2012,False,c a writ 342 2012,
courts-coa-c.a.writ-272-2014.final_.pdf,,COA,2014,False,c a writ 272 2014 final,
courts-coa-ca-1130-99-10.01.19.pdf,,COA,,False,ca 1130 99 10 01 19,dismissed
courts-coa-ca-1171-1998-f-18.1.2019.pdf,,COA,2019,False,ca 1171 1998 f 18 1 2019,dismissed
courts-coa-ca-118-2001.pdf,,COA,2001,False,ca 118 2001,dismissed
courts-coa-ca-369-1999-f-16.10.2019.pdf,,COA,2019,False,ca 369 1999 f 16 10 2019,affirmed
courts-coa-ca-401-95-10.0119.pdf,,COA,,False,ca 401 95 10 0119,dismissed
courts-coa-ca-417-1998-f-18.1.2019.pdf,,COA,2019,False,ca 417 1998 f 18 1 2019,set-aside
courts-coa-ca-423-2000-f-22.1.2019.pdf,,COA,2019,False,ca 423 2000 f 22 1 2019,dismissed
courts-coa-ca-472-97-16.01.19.pdf,,COA,,False,ca 472 97 16 01 19,allowed
courts-coa-CA-48-49-2021.pdf,,COA,2021,False,CA 48 49 2021,allowed
courts-coa-ca-594-1996-f-22.1.2019.pdf,,COA,2019,False,ca 594 1996 f 22 1 2019,dismissed
courts-coa-ca-623-1998-f-14.1.2019.pdf,,COA,2019,False,ca 623 1998 f 14 1 2019,
courts-coa-ca-648-1999-f-16.1.2019.pdf,,COA,2019,False,ca 648 1999 f 16 1 2019,set-aside
courts-coa-ca-669-670-2000-f-28.10.2019.pdf,,COA,2019,False,ca 669 670 2000 f 28 10 2019,
courts-coa-ca-695-1999-f-23.10.2019.pdf,,COA,2019,False,ca 695 1999 f 23 10 2019,dismissed
courts-coa-ca-789-97-dc-avissawala-31.01.19.pdf,,COA,,False,ca 789 97 dc avissawala 31 01 19,dismissed
courts-coa-ca-793-96-kaluthara-31.01.19.pdf,,COA,,False,ca 793 96 kaluthara 31 01 19,dismissed
courts-coa-ca-821-1996-f-28.10.2019.pdf,,COA,2019,False,ca 821 1996 f 28 10 2019,set-aside
courts-coa-ca-891-2000-f-21.1.2019.pdf,,COA,2019,False,ca 891 2000 f 21 1 2019,set-aside
courts-coa-ca-989-2000-f-16.10.2019.pdf,,COA,2019,False,ca 989 2000 f 16 10 2019,
courts-coa-CA-DC-1198-96.pdf,,COA,,False,CA DC 1198 96,allowed
courts-coa-CA-DC-1308-98.pdf,,COA,,False,CA DC 1308 98,dismissed
courts-coa-ca-dc-embilipitiya-1000-96f.pdf,,COA,,False,ca dc embilipitiya 1000 96f,
courts-coa-ca-dc-galle-993-97f-1.pdf,,COA,,False,ca dc galle 993 97f 1,dismissed
courts-coa-ca-dc-horana-564-96f-1.pdf,,COA,,False,ca dc horana 564 96f 1,dismissed
courts-coa-ca-dc-kuliyapitiya-595-94f.pdf,,COA,,False,ca dc kuliyapitiya 595 94f,dismissed
courts-coa-ca-dc_71_97.pdf,,COA,,False,ca dc 71 97,allowed
courts-coa-ca-dcf-1102-98-28-10-2021.pdf,,COA,2021,False,ca dcf 1102 98 28 10 2021,dismissed
courts-coa-ca-dcf-1132-99-05-10-2021.pdf,,COA,2021,False,ca dcf 1132 99 05 10 2021,dismissed
courts-coa-ca-dcf-1220-2000-20.7.2020.pdf,,COA,2020,False,ca dcf 1220 2000 20 7 2020,dismissed
courts-coa-ca-dcf-447-2000-18.9.2020.pdf,,COA,2020,False,ca dcf 447 2000 18 9 2020,set-aside
courts-coa-ca-dcf-524-a-1999-08.02.2021-prescription.pdf,,COA,2021,False,ca dcf 524 a 1999 08 02 2021 prescription,set-aside
courts-coa-ca-dcf-550-2000-15.9.2020.pdf,,COA,2020,False,ca dcf 550 2000 15 9 2020,set-aside
courts-coa-ca-dcf-699-1998-20.7.2020.pdf,,COA,2020,False,ca dcf 699 1998 20 7 2020,affirmed
courts-coa-ca-dcf-720-2000-10.9.2020.pdf,,COA,2020,False,ca dcf 720 2000 10 9 2020,set-aside
courts-coa-ca-dcf-859-1998.pdf,,COA,1998,False,ca dcf 859 1998,
courts-coa-CA-HCC-0064.18.pdf,,COA,,False,CA HCC 0064 18,allowed
courts-coa-CA-HCC-25-23-Cheaitng-and-Forgery.pdf,,COA,,False,CA HCC 25 23 Cheaitng and Forgery,allowed
courts-coa-CA-PHC-0207-19-1.pdf,,COA,,False,CA PHC 0207 19 1,
courts-coa-CA-PHC-04-21-Final.pdf,,COA,,False,CA PHC 04 21 Final,dismissed
courts-coa-ca-phc-122_18-1.pdf,,COA,,False,ca phc 122 18 1,dismissed
courts-coa-CA-PHC-124-22-Judgment-Final.pdf,,COA,,False,CA PHC 124 22 Judgment Final,dismissed
courts-coa-CA-PHC-126-20-Judgment-Final.pdf,,COA,,False,CA PHC 126 20 Judgment Final,set-aside
courts-coa-CA-PHC-140-20-Judgment-Final.pdf,,COA,,False,CA PHC 140 20 Judgment Final,dismissed
courts-coa-CA-PHC-148-2018-Judgement-Final.pdf,,COA,2018,False,CA PHC 148 2018 Judgement Final,
courts-coa-CA-PHC-175-23-Judgment-Final.pdf,,COA,,False,CA PHC 175 23 Judgment Final,affirmed
courts-coa-ca-phc-22_2004-1.pdf,,COA,2004,False,ca phc 22 2004 1,dismissed
courts-coa-CA-PHC-39-22-Judgement-Final-1.pdf,,COA,,False,CA PHC 39 22 Judgement Final 1,dismissed
courts-coa-CA-PHC-39-22-Judgement-Final.pdf,,COA,,False,CA PHC 39 22 Judgement Final,dismissed
courts-coa-CA-PHC-44-18-final.pdf,,COA,,False,CA PHC 44 18 final,dismissed
courts-coa-CA-PHC-48-16-Judgment-Final.pdf,,COA,,False,CA PHC 48 16 Judgment Final,
courts-coa-CA-PHC-93-24-Judgment-Final.pdf,,COA,,False,CA PHC 93 24 Judgment Final,allowed
courts-coa-ca-rev-1-2002-18.10.2019.pdf,,COA,2019,False,ca rev 1 2002 18 10 2019,set-aside
courts-coa-ca-rev-1582-2006-25.10.2019.pdf,,COA,2019,False,ca rev 1582 2006 25 10 2019,
courts-coa-ca-rev-898-2001-18.10.2019.pdf,,COA,2019,False,ca rev 898 2001 18 10 2019,set-aside
courts-coa-ca-rev.-2028-2001.pdf,,COA,2001,False,ca rev 2028 2001,
courts-coa-ca-ri-20-2017-24.10.2019.pdf,,COA,2019,False,ca ri 20 2017 24 10 2019,set-aside
courts-coa-ca-ri-21-2018-9.1.2018.pdf,,COA,2018,False,ca ri 21 2018 9 1 2018,dismissed
courts-coa-CA-RII-0001-23.pdf,,COA,,False,CA RII 0001 23,
courts-coa-CA-RII-0065-24.pdf,,COA,,False,CA RII 0065 24,
courts-coa-ca-tax-0005-2019-final-interest-income-indian-overseas-bank-15.12.2022.pdf,,COA,2022,False,ca tax 0005 2019 final interest income indian overseas bank 15 12 2022,affirmed
courts-coa-CA-TAX-0007-22.pdf,,COA,,False,CA TAX 0007 22,remitted
courts-coa-CA-TAX-0014-20.pdf,,COA,,False,CA TAX 0014 20,
courts-coa-ca-tax-0018-2019-final-lloc-15.12.2022.pdf,,COA,2022,False,ca tax 0018 2019 final lloc 15 12 2022,
courts-coa-CA-Writ-0183-26-FINAL.pdf,,COA,,False,CA Writ 0183 26 FINAL,
courts-coa-ca-writ-117-2016.pdf,,COA,2016,False,ca writ 117 2016,
courts-coa-CA-Writ-124-2018.pdf,,COA,2018,False,CA Writ 124 2018,set-aside
courts-coa-CA-WRIT-125-2018-.pdf,,COA,2018,False,CA WRIT 125 2018,
courts-coa-ca-writ-137-2017-2.9.2020-.pdf,,COA,2020,False,ca writ 137 2017 2 9 2020,
courts-coa-ca-writ-138-2017-2.9.2020.pdf,,COA,2020,False,ca writ 138 2017 2 9 2020,
courts-coa-ca-writ-150-2018-24.9.2020.pdf,,COA,2020,False,ca writ 150 2018 24 9 2020,
courts-coa-ca-writ-165-2017-2.9.2020-.pdf,,COA,2020,False,ca writ 165 2017 2 9 2020,
courts-coa-CA-Writ-201-22-Judgment-final.pdf,,COA,,False,CA Writ 201 22 Judgment final,
courts-coa-ca-writ-261-2017.pdf,,COA,2017,False,ca writ 261 2017,
courts-coa-CA-WRIT-280-2017-1.pdf,,COA,2017,False,CA WRIT 280 2017 1,
courts-coa-ca-writ-299-2014-16.11.2020.pdf,,COA,2020,False,ca writ 299 2014 16 11 2020,set-aside
courts-coa-ca-writ-328-2015-19.02.2020.pdf,,COA,2020,False,ca writ 328 2015 19 02 2020,
courts-coa-CA-WRIT-337-22-FINAL.pdf,,COA,,False,CA WRIT 337 22 FINAL,
courts-coa-CA-Writ-353-2022.pdf,,COA,2022,False,CA Writ 353 2022,
courts-coa-CA-WRIT-360-20-1.pdf,,COA,,False,CA WRIT 360 20 1,dismissed
courts-coa-ca-writ-434-2016-17.09.2020.pdf,,COA,2020,False,ca writ 434 2016 17 09 2020,
courts-coa-ca-writ-439-2015-2.9.2020.pdf,,COA,2020,False,ca writ 439 2015 2 9 2020,
courts-coa-CA-Writ-453-22-FINAL.pdf,,COA,,False,CA Writ 453 22 FINAL,
courts-coa-ca-writ-52-2016-2.9.2020-.pdf,,COA,2020,False,ca writ 52 2016 2 9 2020,
courts-coa-CA-Writ-742-24-final.pdf,,COA,,False,CA Writ 742 24 final,
courts-coa-CA-Writ-768-24.pdf,,COA,,False,CA Writ 768 24,
courts-coa-ca-writ.387.17-pdf.pdf,,COA,,False,ca writ 387 17 pdf,
courts-coa-CA-WRT-0056-2024.pdf,,COA,2024,False,CA WRT 0056 2024,
courts-coa-CA-WRT-0126-23-1.pdf,,COA,,False,CA WRT 0126 23 1,
courts-coa-CA-WRT-0291-2020.pdf,,COA,2020,False,CA WRT 0291 2020,dismissed
courts-coa-CA-WRT-03-21.pdf,,COA,,False,CA WRT 03 21,
courts-coa-CA-WRT-0385-23-1.pdf,,COA,,False,CA WRT 0385 23 1,
courts-coa-CA-WRT-0391-2020.pdf,,COA,2020,False,CA WRT 0391 2020,dismissed
courts-coa-CA-WRT-0653-23.pdf,,COA,,False,CA WRT 0653 23,
courts-coa-CA-WRT-0805-23.pdf,,COA,,False,CA WRT 0805 23,
courts-coa-ca-wrt-205-20.pdf,,COA,,False,ca wrt 205 20,
courts-coa-CA-WRT-590-23.pdf,,COA,,False,CA WRT 590 23,
courts-coa-CA-WRT-724-23-final.pdf,,COA,,False,CA WRT 724 23 final,
courts-coa-ca-wrt_265.12-final.pdf,,COA,,False,ca wrt 265 12 final,
courts-coa-ca.-apn_91_2003.pdf,,COA,2003,False,ca apn 91 2003,
courts-coa-ca.-phc_106_2009.pdf,,COA,2009,False,ca phc 106 2009,dismissed
courts-coa-ca.-phc_167_2013.pdf,,COA,2013,False,ca phc 167 2013,set-aside
courts-coa-ca.-wrt_161.16.final_.pdf,,COA,,False,ca wrt 161 16 final,dismissed
courts-coa-ca.-wrt_319_2013.pdf,,COA,2013,False,ca wrt 319 2013,
courts-coa-ca.50.14.final_.pdf,,COA,,False,ca 50 14 final,
courts-coa-ca.66.13.final_.pdf,,COA,,False,ca 66 13 final,
courts-coa-CA.PHC_.-0046.2019-27.09.2024.pdf,,COA,2024,False,CA PHC 0046 2019 27 09 2024,
courts-coa-ca.phc_.65.03.final_.pdf,,COA,,False,ca phc 65 03 final,dismissed
courts-coa-CA.PHC_.72.2019-2024.07.12-3.pdf,,COA,2024,False,CA PHC 72 2019 2024 07 12 3,
courts-coa-ca.phc_19_2016.pdf,,COA,2016,False,ca phc 19 2016,affirmed
courts-coa-CA.RII_.41.23-2024.06.28.pdf,,COA,2024,False,CA RII 41 23 2024 06 28,set-aside
courts-coa-CA.WRIT_.170-22.pdf,,COA,,False,CA WRIT 170 22,
courts-coa-CA.WRIT_.206-18-1.pdf,,COA,,False,CA WRIT 206 18 1,
courts-coa-ca.wrt-0045-2016.pdf,,COA,2016,False,ca wrt 0045 2016,
courts-coa-CA.WRT-382.2020-2024.02.09-1.pdf,,COA,2024,False,CA WRT 382 2020 2024 02 09 1,
courts-coa-CA.WRT_.-0016.2019-03.05.2024.pdf,,COA,2024,False,CA WRT 0016 2019 03 05 2024,dismissed
courts-coa-ca_04_2012.pdf,,COA,2012,False,ca 04 2012,dismissed
courts-coa-ca_169_2011.pdf,,COA,2011,False,ca 169 2011,dismissed
courts-coa-ca_1908_2005.pdf,,COA,2005,False,ca 1908 2005,dismissed
courts-coa-ca_388_06.pdf,,COA,,False,ca 388 06,set-aside
courts-coa-ca_462_96.pdf,,COA,,False,ca 462 96,
courts-coa-ca_dc_08_99.pdf,,COA,,False,ca dc 08 99,dismissed
courts-coa-ca_dc_1018_98.pdf,,COA,,False,ca dc 1018 98,allowed
courts-coa-ca_dc_107_1999.pdf,,COA,1999,False,ca dc 107 1999,
courts-coa-ca_dc_1110_2000.pdf,,COA,2000,False,ca dc 1110 2000,set-aside
courts-coa-ca_dc_1160_00.pdf,,COA,,False,ca dc 1160 00,
courts-coa-ca_dc_1187_98.pdf,,COA,,False,ca dc 1187 98,
courts-coa-ca_dc_1217_00.pdf,,COA,,False,ca dc 1217 00,
courts-coa-ca_dc_1234_96.pdf,,COA,,False,ca dc 1234 96,
courts-coa-ca_dc_1249_99.pdf,,COA,,False,ca dc 1249 99,allowed
courts-coa-ca_dc_1277_99.pdf,,COA,,False,ca dc 1277 99,dismissed
courts-coa-ca_dc_1288_99.pdf,,COA,,False,ca dc 1288 99,allowed
courts-coa-ca_dc_1295_1998.pdf,,COA,1998,False,ca dc 1295 1998,dismissed
courts-coa-ca_dc_189_2000.pdf,,COA,2000,False,ca dc 189 2000,
courts-coa-ca_dc_201_1998.pdf,,COA,1998,False,ca dc 201 1998,dismissed
courts-coa-ca_dc_208_98.pdf,,COA,,False,ca dc 208 98,
courts-coa-ca_dc_213_97.pdf,,COA,,False,ca dc 213 97,
courts-coa-ca_dc_242_99.pdf,,COA,,False,ca dc 242 99,allowed
courts-coa-ca_dc_262_2000.pdf,,COA,2000,False,ca dc 262 2000,set-aside
courts-coa-ca_dc_320_96.pdf,,COA,,False,ca dc 320 96,
courts-coa-ca_dc_344_99.pdf,,COA,,False,ca dc 344 99,dismissed
courts-coa-ca_dc_346_97.pdf,,COA,,False,ca dc 346 97,
courts-coa-ca_dc_374_00.pdf,,COA,,False,ca dc 374 00,set-aside
courts-coa-ca_dc_476_1999.pdf,,COA,1999,False,ca dc 476 1999,
courts-coa-ca_dc_479_98.pdf,,COA,,False,ca dc 479 98,set-aside
courts-coa-ca_dc_484_97.pdf,,COA,,False,ca dc 484 97,
courts-coa-ca_dc_509_97.pdf,,COA,,False,ca dc 509 97,dismissed
courts-coa-ca_dc_513_98.pdf,,COA,,False,ca dc 513 98,
courts-coa-ca_dc_520_2000.pdf,,COA,2000,False,ca dc 520 2000,affirmed
courts-coa-ca_dc_529_96.pdf,,COA,,False,ca dc 529 96,dismissed
courts-coa-ca_dc_541_00.pdf,,COA,,False,ca dc 541 00,
courts-coa-ca_dc_542_97.pdf,,COA,,False,ca dc 542 97,
courts-coa-ca_dc_54_99.pdf,,COA,,False,ca dc 54 99,allowed
courts-coa-ca_dc_555_94.pdf,,COA,,False,ca dc 555 94,dismissed
courts-coa-ca_dc_561_2000.pdf,,COA,2000,False,ca dc 561 2000,set-aside
courts-coa-ca_dc_562_2000.pdf,,COA,2000,False,ca dc 562 2000,set-aside
courts-coa-ca_dc_580_1999.pdf,,COA,1999,False,ca dc 580 1999,dismissed
courts-coa-ca_dc_629_97.pdf,,COA,,False,ca dc 629 97,dismissed
courts-coa-ca_dc_643_99.pdf,,COA,,False,ca dc 643 99,dismissed
courts-coa-ca_dc_692_00.pdf,,COA,,False,ca dc 692 00,
courts-coa-ca_dc_702_89.pdf,,COA,,False,ca dc 702 89,dismissed
courts-coa-ca_dc_711_96.pdf,,COA,,False,ca dc 711 96,
courts-coa-ca_dc_712_97.pdf,,COA,,False,ca dc 712 97,dismissed
courts-coa-ca_dc_727_93.pdf,,COA,,False,ca dc 727 93,
courts-coa-ca_dc_730-732_93.pdf,,COA,,False,ca dc 730 732 93,dismissed
courts-coa-ca_dc_73_99.pdf,,COA,,False,ca dc 73 99,dismissed
courts-coa-ca_dc_764_99.pdf,,COA,,False,ca dc 764 99,
courts-coa-ca_dc_778_97.pdf,,COA,,False,ca dc 778 97,allowed
courts-coa-ca_dc_788_97.pdf,,COA,,False,ca dc 788 97,set-aside
courts-coa-ca_dc_791_97.pdf,,COA,,False,ca dc 791 97,dismissed
courts-coa-ca_dc_797-798_96.pdf,,COA,,False,ca dc 797 798 96,dismissed
courts-coa-ca_dc_823_98.pdf,,COA,,False,ca dc 823 98,set-aside
courts-coa-ca_dc_841_00.pdf,,COA,,False,ca dc 841 00,set-aside
courts-coa-ca_dc_844_95.pdf,,COA,,False,ca dc 844 95,dismissed
courts-coa-ca_dc_846_97.pdf,,COA,,False,ca dc 846 97,set-aside
courts-coa-ca_dc_847_97.pdf,,COA,,False,ca dc 847 97,
courts-coa-ca_dc_853_99.pdf,,COA,,False,ca dc 853 99,
courts-coa-ca_dc_855_97.pdf,,COA,,False,ca dc 855 97,
courts-coa-ca_dc_880_97.pdf,,COA,,False,ca dc 880 97,set-aside
courts-coa-ca_dc_882_97.pdf,,COA,,False,ca dc 882 97,
courts-coa-ca_dc_932_97.pdf,,COA,,False,ca dc 932 97,set-aside
courts-coa-ca_dc_955_1996.pdf,,COA,1996,False,ca dc 955 1996,dismissed
courts-coa-ca_dc_98_2001.pdf,,COA,2001,False,ca dc 98 2001,allowed
courts-coa-ca_dc_anuradhapura_1112_98.pdf,,COA,,False,ca dc anuradhapura 1112 98,dismissed
courts-coa-ca_dc_anuradhapura_254_96.pdf,,COA,,False,ca dc anuradhapura 254 96,remitted
courts-coa-ca_dc_avissawella_604_2000.pdf,,COA,2000,False,ca dc avissawella 604 2000,dismissed
courts-coa-ca_dc_awissawella_896_99.pdf,,COA,,False,ca dc awissawella 896 99,dismissed
courts-coa-ca_dc_awissawella_897_99.pdf,,COA,,False,ca dc awissawella 897 99,dismissed
courts-coa-ca_dc_badulla_1162_99.pdf,,COA,,False,ca dc badulla 1162 99,dismissed
courts-coa-ca_dc_badulla_385_1996.pdf,,COA,1996,False,ca dc badulla 385 1996,dismissed
courts-coa-ca_dc_balapitiya_1188_96.pdf,,COA,,False,ca dc balapitiya 1188 96,affirmed
courts-coa-ca_dc_balapitiya_347_00.pdf,,COA,,False,ca dc balapitiya 347 00,remitted
courts-coa-ca_dc_balapitiya_830_98.pdf,,COA,,False,ca dc balapitiya 830 98,allowed
courts-coa-ca_dc_batticaloa_968_96_f.pdf,,COA,,False,ca dc batticaloa 968 96 f,dismissed
courts-coa-ca_dc_colombo_04_97.pdf,,COA,,False,ca dc colombo 04 97,affirmed
courts-coa-ca_dc_colombo_1223_96.pdf,,COA,,False,ca dc colombo 1223 96,set-aside
courts-coa-ca_dc_colombo_16_99.pdf,,COA,,False,ca dc colombo 16 99,set-aside
courts-coa-ca_dc_colombo_326_98.pdf,,COA,,False,ca dc colombo 326 98,allowed
courts-coa-ca_dc_colombo_402_99.pdf,,COA,,False,ca dc colombo 402 99,dismissed
courts-coa-ca_dc_colombo_411_97.pdf,,COA,,False,ca dc colombo 411 97,set-aside
courts-coa-ca_dc_colombo_415_98.pdf,,COA,,False,ca dc colombo 415 98,dismissed
courts-coa-ca_dc_colombo_438_1999.pdf,,COA,1999,False,ca dc colombo 438 1999,set-aside
courts-coa-ca_dc_colombo_481_2000.pdf,,COA,2000,False,ca dc colombo 481 2000,
courts-coa-ca_dc_colombo_713_00.pdf,,COA,,False,ca dc colombo 713 00,set-aside
courts-coa-ca_dc_colombo_75_98.pdf,,COA,,False,ca dc colombo 75 98,allowed
courts-coa-ca_dc_colombo_780_98.pdf,,COA,,False,ca dc colombo 780 98,dismissed
courts-coa-ca_dc_colombo_907_99.pdf,,COA,,False,ca dc colombo 907 99,allowed
courts-coa-ca_dc_galle_1101_98.pdf,,COA,,False,ca dc galle 1101 98,dismissed
courts-coa-ca_dc_galle_1186_98.pdf,,COA,,False,ca dc galle 1186 98,dismissed
courts-coa-ca_dc_galle_1212_98.pdf,,COA,,False,ca dc galle 1212 98,dismissed
courts-coa-ca_dc_galle_123_92.pdf,,COA,,False,ca dc galle 123 92,set-aside
courts-coa-ca_dc_galle_123_99.pdf,,COA,,False,ca dc galle 123 99,dismissed
courts-coa-ca_dc_galle_1248_98.pdf,,COA,,False,ca dc galle 1248 98,dismissed
courts-coa-ca_dc_galle_1252_98.pdf,,COA,,False,ca dc galle 1252 98,dismissed
courts-coa-ca_dc_galle_1292_98.pdf,,COA,,False,ca dc galle 1292 98,dismissed
courts-coa-ca_dc_galle_1330_96.pdf,,COA,,False,ca dc galle 1330 96,set-aside
courts-coa-ca_dc_galle_1331_96.pdf,,COA,,False,ca dc galle 1331 96,dismissed
courts-coa-ca_dc_galle_199_98.pdf,,COA,,False,ca dc galle 199 98,dismissed
courts-coa-ca_dc_galle_412_93.pdf,,COA,,False,ca dc galle 412 93,allowed
courts-coa-ca_dc_galle_563_98.pdf,,COA,,False,ca dc galle 563 98,dismissed
courts-coa-ca_dc_gampaha_1133_00.pdf,,COA,,False,ca dc gampaha 1133 00,dismissed
courts-coa-ca_dc_gampaha_1240_00.pdf,,COA,,False,ca dc gampaha 1240 00,dismissed
courts-coa-ca_dc_gampaha_646_1998.pdf,,COA,1998,False,ca dc gampaha 646 1998,allowed
courts-coa-ca_dc_gampaha_777_1999.pdf,,COA,1999,False,ca dc gampaha 777 1999,dismissed
courts-coa-ca_dc_gampaha_84_98.pdf,,COA,,False,ca dc gampaha 84 98,allowed
courts-coa-ca_dc_gampaha_957_98.pdf,,COA,,False,ca dc gampaha 957 98,dismissed
courts-coa-ca_dc_hambanthota_996_98.pdf,,COA,,False,ca dc hambanthota 996 98,allowed
courts-coa-ca_dc_homagama_1113_98.pdf,,COA,,False,ca dc homagama 1113 98,dismissed
courts-coa-ca_dc_homagama_1470_2002.pdf,,COA,2002,False,ca dc homagama 1470 2002,
courts-coa-ca_dc_horana_1064-1065-1067_98.pdf,,COA,,False,ca dc horana 1064 1065 1067 98,dismissed
courts-coa-ca_dc_horana_1068_98.pdf,,COA,,False,ca dc horana 1068 98,dismissed
courts-coa-ca_dc_horana_1196-ab_96.pdf,,COA,,False,ca dc horana 1196 ab 96,affirmed
courts-coa-ca_dc_horana_246_98.pdf,,COA,,False,ca dc horana 246 98,dismissed
courts-coa-ca_dc_horana_960_98.pdf,,COA,,False,ca dc horana 960 98,dismissed
courts-coa-ca_dc_kalutara_379_97.pdf,,COA,,False,ca dc kalutara 379 97,dismissed
courts-coa-ca_dc_kalutara_534_95.pdf,,COA,,False,ca dc kalutara 534 95,allowed
courts-coa-ca_dc_kalutara_625_95_f.pdf,,COA,,False,ca dc kalutara 625 95 f,affirmed
courts-coa-ca_dc_kalutara_628-628a_98.pdf,,COA,,False,ca dc kalutara 628 628a 98,allowed
courts-coa-ca_dc_kalutara_957_00.pdf,,COA,,False,ca dc kalutara 957 00,dismissed
courts-coa-ca_dc_kaluthara_1050_2000.pdf,,COA,2000,False,ca dc kaluthara 1050 2000,
courts-coa-ca_dc_kandy_1102_98.pdf,,COA,,False,ca dc kandy 1102 98,dismissed
courts-coa-ca_dc_kandy_676_98.pdf,,COA,,False,ca dc kandy 676 98,dismissed
courts-coa-ca_dc_kegalle_1154_00.pdf,,COA,,False,ca dc kegalle 1154 00,dismissed
courts-coa-ca_dc_kegalle_320_99.pdf,,COA,,False,ca dc kegalle 320 99,allowed
courts-coa-ca_dc_kegalle_676_97.pdf,,COA,,False,ca dc kegalle 676 97,dismissed
courts-coa-ca_dc_kegalle_684_98.pdf,,COA,,False,ca dc kegalle 684 98,dismissed
courts-coa-ca_dc_kegalle_710_96.pdf,,COA,,False,ca dc kegalle 710 96,dismissed
courts-coa-ca_dc_kegalle_842_99.pdf,,COA,,False,ca dc kegalle 842 99,dismissed
courts-coa-ca_dc_kuliyapitiya_293_00.pdf,,COA,,False,ca dc kuliyapitiya 293 00,allowed
courts-coa-ca_dc_kuliyapitiya_505_98.pdf,,COA,,False,ca dc kuliyapitiya 505 98,dismissed
courts-coa-ca_dc_kurunegala_117_98.pdf,,COA,,False,ca dc kurunegala 117 98,allowed
courts-coa-ca_dc_kurunegala_185_98.pdf,,COA,,False,ca dc kurunegala 185 98,dismissed
courts-coa-ca_dc_kurunegala_280_1997.pdf,,COA,1997,False,ca dc kurunegala 280 1997,dismissed
courts-coa-ca_dc_kurunegala_69_98.pdf,,COA,,False,ca dc kurunegala 69 98,dismissed
courts-coa-ca_dc_matale_635_1997.pdf,,COA,1997,False,ca dc matale 635 1997,dismissed
courts-coa-ca_dc_matale_827_2000.pdf,,COA,2000,False,ca dc matale 827 2000,affirmed
courts-coa-ca_dc_matara_1816_2006.pdf,,COA,2006,False,ca dc matara 1816 2006,set-aside
courts-coa-ca_dc_matara_63_1998.pdf,,COA,1998,False,ca dc matara 63 1998,allowed
courts-coa-ca_dc_mathugama_367_1998.pdf,,COA,1998,False,ca dc mathugama 367 1998,dismissed
courts-coa-ca_dc_mathugama_40_98.pdf,,COA,,False,ca dc mathugama 40 98,dismissed
courts-coa-ca_dc_mathugama_879_98-1.pdf,,COA,,False,ca dc mathugama 879 98 1,dismissed
courts-coa-ca_dc_mt.lavinia_1125_98.pdf,,COA,,False,ca dc mt lavinia 1125 98,dismissed
courts-coa-ca_dc_mt.lavinia_131_96.pdf,,COA,,False,ca dc mt lavinia 131 96,
courts-coa-ca_dc_mt.lavinia_175_98.pdf,,COA,,False,ca dc mt lavinia 175 98,allowed
courts-coa-ca_dc_mt.lavinia_239_240_95.pdf,,COA,,False,ca dc mt lavinia 239 240 95,set-aside
courts-coa-ca_dc_mt.lavinia_25_94.pdf,,COA,,False,ca dc mt lavinia 25 94,allowed
courts-coa-ca_dc_mt.lavinia_310_98.pdf,,COA,,False,ca dc mt lavinia 310 98,set-aside
courts-coa-ca_dc_mt.lavinia_549_98.pdf,,COA,,False,ca dc mt lavinia 549 98,dismissed
courts-coa-ca_dc_mt.lavinia_619_99.pdf,,COA,,False,ca dc mt lavinia 619 99,affirmed
courts-coa-ca_dc_mt.lavinia_70_97.pdf,,COA,,False,ca dc mt lavinia 70 97,allowed
courts-coa-ca_dc_mt.lavinia_926_99.pdf,,COA,,False,ca dc mt lavinia 926 99,set-aside
courts-coa-ca_dc_mt.lavinia_932_932a_98.pdf,,COA,,False,ca dc mt lavinia 932 932a 98,allowed
courts-coa-ca_dc_negombo_41_2000.pdf,,COA,2000,False,ca dc negombo 41 2000,dismissed
courts-coa-ca_dc_panadura_1291_1999.pdf,,COA,1999,False,ca dc panadura 1291 1999,
courts-coa-ca_dc_rathnapura_729_00.pdf,,COA,,False,ca dc rathnapura 729 00,dismissed
courts-coa-ca_dc_rathnapura_855_98.pdf,,COA,,False,ca dc rathnapura 855 98,allowed
courts-coa-ca_dc_tangalle_876_98.pdf,,COA,,False,ca dc tangalle 876 98,allowed
courts-coa-ca_dc_walasmulla_1118_98.pdf,,COA,,False,ca dc walasmulla 1118 98,allowed
courts-coa-ca_dc_walasmulla_161_1997_f.pdf,,COA,1997,False,ca dc walasmulla 161 1997 f,dismissed
courts-coa-ca_hc_249_2013.pdf,,COA,2013,False,ca hc 249 2013,dismissed
courts-coa-ca_hc_57_58_2006.pdf,,COA,2006,False,ca hc 57 58 2006,dismissed
courts-coa-ca_hc_hambantota_33_2008.pdf,,COA,2008,False,ca hc hambantota 33 2008,dismissed
courts-coa-ca_la_107_2000-f.pdf,,COA,2000,False,ca la 107 2000 f,set-aside
courts-coa-ca_la_156_2004.pdf,,COA,2004,False,ca la 156 2004,allowed
courts-coa-ca_la_15_03.pdf,,COA,,False,ca la 15 03,set-aside
courts-coa-ca_la_420_2003.pdf,,COA,2003,False,ca la 420 2003,allowed
courts-coa-ca_la_498_2006.pdf,,COA,2006,False,ca la 498 2006,set-aside
courts-coa-ca_phc_150_2008.pdf,,COA,2008,False,ca phc 150 2008,allowed
courts-coa-ca_phc_263_2006.pdf,,COA,2006,False,ca phc 263 2006,dismissed
courts-coa-ca_phc_apn_106_15.pdf,,COA,,False,ca phc apn 106 15,set-aside
courts-coa-ca_phc_apn_136_2015.pdf,,COA,2015,False,ca phc apn 136 2015,
courts-coa-ca_phc_apn_141_2013.pdf,,COA,2013,False,ca phc apn 141 2013,allowed
courts-coa-ca_ri_19_2014.pdf,,COA,2014,False,ca ri 19 2014,
courts-coa-ca_ri_927_2008.pdf,,COA,2008,False,ca ri 927 2008,set-aside
courts-coa-ca_rv_1249_2005.pdf,,COA,2005,False,ca rv 1249 2005,set-aside
courts-coa-ca_rv_1447_06.pdf,,COA,,False,ca rv 1447 06,
courts-coa-ca_rv_241_2011.pdf,,COA,2011,False,ca rv 241 2011,set-aside
courts-coa-ca_rv_262_2006.pdf,,COA,2006,False,ca rv 262 2006,dismissed
courts-coa-ca_writ_133_2014.pdf,,COA,2014,False,ca writ 133 2014,
courts-coa-ca_writ_169_2013.pdf,,COA,2013,False,ca writ 169 2013,
courts-coa-ca_writ_189_2014.pdf,,COA,2014,False,ca writ 189 2014,dismissed
courts-coa-ca_writ_19_2012.pdf,,COA,2012,False,ca writ 19 2012,
courts-coa-ca_writ_2084_2004.pdf,,COA,2004,False,ca writ 2084 2004,dismissed
courts-coa-ca_writ_2107_04.pdf,,COA,,False,ca writ 2107 04,set-aside
courts-coa-ca_writ_228_2012.pdf,,COA,2012,False,ca writ 228 2012,
courts-coa-ca_writ_235_2012.pdf,,COA,2012,False,ca writ 235 2012,dismissed
courts-coa-ca_writ_248_2010.pdf,,COA,2010,False,ca writ 248 2010,
courts-coa-ca_writ_275_2012.pdf,,COA,2012,False,ca writ 275 2012,
courts-coa-ca_writ_292_2011.pdf,,COA,2011,False,ca writ 292 2011,
courts-coa-ca_writ_348_2012.pdf,,COA,2012,False,ca writ 348 2012,
courts-coa-ca_writ_441_10.pdf,,COA,,False,ca writ 441 10,
courts-coa-ca_writ_556_2005.pdf,,COA,2005,False,ca writ 556 2005,
courts-coa-ca_writ_57_2012.pdf,,COA,2012,False,ca writ 57 2012,
courts-coa-ca_writ_613_2007.pdf,,COA,2007,False,ca writ 613 2007,
courts-coa-ca_writ_633_2011.pdf,,COA,2011,False,ca writ 633 2011,
courts-coa-ca_writ_649-650_09.pdf,,COA,,False,ca writ 649 650 09,
courts-coa-ca_writ_667_2009.pdf,,COA,2009,False,ca writ 667 2009,
courts-coa-ca_writ_70_2015.pdf,,COA,2015,False,ca writ 70 2015,
courts-coa-ca_writ_744_09.pdf,,COA,,False,ca writ 744 09,
courts-coa-ca_writ_76_2015.pdf,,COA,2015,False,ca writ 76 2015,
courts-coa-cala-459-2006-3.10.2019.pdf,,COA,2019,False,cala 459 2006 3 10 2019,set-aside
courts-coa-cala_dc_kalutara_171_2003.pdf,,COA,2003,False,cala dc kalutara 171 2003,set-aside
courts-coa-cala_dc_mt.lavinia_41_2007.pdf,,COA,2007,False,cala dc mt lavinia 41 2007,allowed
courts-coa-Court-of-Appeal-JUDGMENT-COC-0007.22.pdf,,COA,,False,Court of Appeal JUDGMENT COC 0007 22,
courts-coa-CPA-0102-2522.05.2026.pdf,,COA,2026,False,CPA 0102 2522 05 2026,
courts-coa-d.c._412_1995.pdf,,COA,1995,False,d c 412 1995,
courts-coa-DCF-0541-2000-1.pdf,,COA,2000,False,DCF 0541 2000 1,
courts-coa-dcf_373_1989.pdf,,COA,1989,False,dcf 373 1989,dismissed
courts-coa-HCC-0008-22-Final-Judgment.pdf,,COA,,False,HCC 0008 22 Final Judgment,allowed
courts-coa-HCC-21-20-JUDGMENT-4.pdf,,COA,,False,HCC 21 20 JUDGMENT 4,
courts-coa-HCC-255-23.pdf,,COA,,False,HCC 255 23,dismissed
courts-coa-HCC-277-16-28.02.2024.pdf,,COA,2024,False,HCC 277 16 28 02 2024,allowed
courts-coa-judgement-ca-hcc-267-2009-n-1.pdf,,COA,2009,False,judgement ca hcc 267 2009 n 1,set-aside
courts-coa-LTA-0006-22-JUDGMENT.pdf,,COA,,False,LTA 0006 22 JUDGMENT,
courts-coa-PHC-0030-20-1.pdf,,COA,,False,PHC 0030 20 1,affirmed
courts-coa-PHC-05-2019-Judgment-Final.pdf,,COA,2019,False,PHC 05 2019 Judgment Final,dismissed
courts-coa-PHC-115-18.pdf,,COA,,False,PHC 115 18,allowed
courts-coa-PHC-47-2019.pdf,,COA,2019,False,PHC 47 2019,set-aside
courts-coa-REM-0004-18-1EDITED-pdf.pdf,,COA,,False,REM 0004 18 1EDITED pdf,
courts-coa-RII-0001-2022-FINAL.pdf,,COA,2022,False,RII 0001 2022 FINAL,dismissed
courts-coa-RII-0001-24-EDITEDpdf.pdf,,COA,,False,RII 0001 24 EDITEDpdf,set-aside
courts-coa-RII-0004-23-pdf.pdf,,COA,,False,RII 0004 23 pdf,
courts-coa-RII-0017-20.pdf,,COA,,False,RII 0017 20,dismissed
courts-coa-RII-0020-24-EDITED.pdf,,COA,,False,RII 0020 24 EDITED,
courts-coa-RII-0021-24-Judgment-pdf.pdf,,COA,,False,RII 0021 24 Judgment pdf,set-aside
courts-coa-RII-0028-24-pdf.pdf,,COA,,False,RII 0028 24 pdf,
courts-coa-RII-0038-23-EDITED.pdf,,COA,,False,RII 0038 23 EDITED,set-aside
courts-coa-RII-0047-24-FINAL.pdf,,COA,,False,RII 0047 24 FINAL,
courts-coa-RII-0059-23-final.pdf,,COA,,False,RII 0059 23 final,set-aside
courts-coa-RII-0061-23edited.pdf,,COA,,False,RII 0061 23edited,
courts-coa-RII-0061-24-EDITED-1.pdf,,COA,,False,RII 0061 24 EDITED 1,set-aside
courts-coa-RII-0062-24-Edited-1.pdf,,COA,,False,RII 0062 24 Edited 1,set-aside
courts-coa-RII-0073-24-1EDITED.pdf,,COA,,False,RII 0073 24 1EDITED,dismissed
courts-coa-RII-0098-24-PDF.pdf,,COA,,False,RII 0098 24 PDF,dismissed
courts-coa-RII-03-2017-Judgment-summary-1.pdf,,COA,2017,False,RII 03 2017 Judgment summary 1,
courts-coa-RII-25-18-Judgment-draft-rectified-1.pdf,,COA,,False,RII 25 18 Judgment draft rectified 1,
courts-coa-RII-27-22-JUDGMENT.pdf,,COA,,False,RII 27 22 JUDGMENT,dismissed
courts-coa-RII-35-23-2.pdf,,COA,,False,RII 35 23 2,
courts-coa-RII-39-23-Final-Print.pdf,,COA,,False,RII 39 23 Final Print,set-aside
courts-coa-RII-46-2024-Judgment01-1.pdf,,COA,2024,False,RII 46 2024 Judgment01 1,set-aside
courts-coa-RII-53-2024-Order-on-notice.-etc.-2.pdf,,COA,2024,False,RII 53 2024 Order on notice etc 2,
courts-coa-RII-54-2023-Final.pdf,,COA,2023,False,RII 54 2023 Final,
courts-coa-TAX-03-2020-Judgment.pdf,,COA,2020,False,TAX 03 2020 Judgment,allowed
courts-coa-TAX-05-21.pdf,,COA,,False,TAX 05 21,allowed
courts-coa-TAX-15-20-TAX-22-23-Judgment.pdf,,COA,,False,TAX 15 20 TAX 22 23 Judgment,allowed
courts-coa-TAX-31-2022.pdf,,COA,2022,False,TAX 31 2022,allowed
courts-coa-TAX-96-24.pdf,,COA,,False,TAX 96 24,allowed
courts-coa-Writ-0004-2020.pdf,,COA,2020,False,Writ 0004 2020,
courts-coa-WRIT-0810-24.pdf,,COA,,False,WRIT 0810 24,dismissed
courts-coa-Writ-11-20-1.pdf,,COA,,False,Writ 11 20 1,
courts-coa-Writ-112-2018-Judgment.pdf,,COA,2018,False,Writ 112 2018 Judgment,
courts-coa-Writ-123-20-.pdf,,COA,,False,Writ 123 20,
courts-coa-Writ-143-22.pdf,,COA,,False,Writ 143 22,
courts-coa-Writ-146-2018-1.pdf,,COA,2018,False,Writ 146 2018 1,
courts-coa-Writ-152-24.pdf,,COA,,False,Writ 152 24,set-aside
courts-coa-Writ-182-2024-rectified-and-final-1.pdf,,COA,2024,False,Writ 182 2024 rectified and final 1,
courts-coa-Writ-188-22.pdf,,COA,,False,Writ 188 22,
courts-coa-Writ-416-24-final.pdf,,COA,,False,Writ 416 24 final,
courts-coa-Writ-501-23.pdf,,COA,,False,Writ 501 23,
courts-coa-WRT-0012-19-1.pdf,,COA,,False,WRT 0012 19 1,
courts-coa-WRT-0028-24-Kalutota-Finance-Judgment-Order.pdf,,COA,,False,WRT 0028 24 Kalutota Finance Judgment Order,
courts-coa-WRT-0054-20.pdf,,COA,,False,WRT 0054 20,
courts-coa-WRT-0171-20-06.06.2025.pdf,,COA,2025,False,WRT 0171 20 06 06 2025,
courts-coa-WRT-0247-15.pdf,,COA,,False,WRT 0247 15,
courts-coa-WRT-0365-21.pdf,,COA,,False,WRT 0365 21,set-aside
courts-coa-WRT-0380-18.pdf,,COA,,False,WRT 0380 18,dismissed
courts-coa-WRT-0400-24-05.08.2025.pdf,,COA,2025,False,WRT 0400 24 05 08 2025,
courts-coa-WRT-0529-25-NIPO-Director-General-Final.pdf,,COA,,False,WRT 0529 25 NIPO Director General Final,
courts-coa-WRT-0542-25.pdf,,COA,,False,WRT 0542 25,
courts-coa-WRT-0548-25-30.06.2025.pdf,,COA,2025,False,WRT 0548 25 30 06 2025,
courts-coa-WRT-0643-2021final-1.pdf,,COA,2021,False,WRT 0643 2021final 1,
courts-coa-WRT-113-24-JUDGMENT-1.pdf,,COA,,False,WRT 113 24 JUDGMENT 1,
courts-coa-WRT-113-24-JUDGMENT.pdf,,COA,,False,WRT 113 24 JUDGMENT,
courts-coa-wrt-134-23-1.pdf,,COA,,False,wrt 134 23 1,
courts-coa-WRT-151-21.pdf,,COA,,False,WRT 151 21,
courts-coa-WRT-151-23-JUDGMENT-1.pdf,,COA,,False,WRT 151 23 JUDGMENT 1,
courts-coa-WRT-219-19.pdf,,COA,,False,WRT 219 19,dismissed
courts-coa-WRT-224-20-1.pdf,,COA,,False,WRT 224 20 1,dismissed
courts-coa-wrt-226-18-judgment-1.pdf,,COA,,False,wrt 226 18 judgment 1,dismissed
courts-coa-WRT-260-23-JUDGMENT-1.pdf,,COA,,False,WRT 260 23 JUDGMENT 1,
courts-coa-WRT-294-23-JUDGMENT-1.pdf,,COA,,False,WRT 294 23 JUDGMENT 1,
courts-coa-WRT-300-23-JUDGMENT.pdf,,COA,,False,WRT 300 23 JUDGMENT,
courts-coa-WRT-319-24.pdf,,COA,,False,WRT 319 24,
courts-coa-WRT-320-24.pdf,,COA,,False,WRT 320 24,
courts-coa-WRT-323-24.pdf,,COA,,False,WRT 323 24,
courts-coa-WRT-330-23-JUDGMENT.pdf,,COA,,False,WRT 330 23 JUDGMENT,
courts-coa-WRT-497-23-JUDGMENT.pdf,,COA,,False,WRT 497 23 JUDGMENT,
courts-coa-WRT-505-21.pdf,,COA,,False,WRT 505 21,
courts-coa-WRT-507-23-1.pdf,,COA,,False,WRT 507 23 1,dismissed
courts-coa-WRT-577-23.pdf,,COA,,False,WRT 577 23,dismissed
courts-coa-WRT-620-23-JUDGMENT.pdf,,COA,,False,WRT 620 23 JUDGMENT,
courts-coa-WRT-627-23.pdf,,COA,,False,WRT 627 23,dismissed
courts-coa-WRT-666-23-JUDGEMNT.pdf,,COA,,False,WRT 666 23 JUDGEMNT,
courts-coa-WRT-675-24.pdf,,COA,,False,WRT 675 24,
courts-coa-WRT-741-23.pdf,,COA,,False,WRT 741 23,
courts-coa-WRT-796-25.pdf,,COA,,False,WRT 796 25,
courts-coa-WRT-821-23-JUDGMENT-1.pdf,,COA,,False,WRT 821 23 JUDGMENT 1,allowed
courts-sc-ac_appeal_217_2014-1.pdf,,SC,2014,False,ac appeal 217 2014 1,affirmed
courts-sc-sc-_-appeal-_-39-_-2022_amd2.pdf,,SC,2022,False,sc appeal 39 2022 amd2,set-aside
courts-sc-sc_147_2011-1.pdf,,SC,2011,False,sc 147 2011 1,
courts-sc-sc_app_88_2017.pdf,,SC,2017,False,sc app 88 2017,allowed
courts-sc-sc_appeal-59_2011.pdf,,SC,2011,False,sc appeal 59 2011,allowed
courts-sc-sc_appeal-_-93-_-2020.pdf,,SC,2020,False,sc appeal 93 2020,set-aside
courts-sc-sc_appeal_08_2014-1.pdf,,SC,2014,False,sc appeal 08 2014 1,allowed
courts-sc-sc_appeal_100_2013.pdf,,SC,2013,False,sc appeal 100 2013,dismissed
courts-sc-sc_appeal_100_2016.pdf,,SC,2016,False,sc appeal 100 2016,dismissed
courts-sc-sc_appeal_100_2020.pdf,,SC,2020,False,sc appeal 100 2020,allowed
courts-sc-sc_appeal_101_2009.pdf,,SC,2009,False,sc appeal 101 2009,allowed
courts-sc-sc_appeal_101_2013-1.pdf,,SC,2013,False,sc appeal 101 2013 1,allowed
courts-sc-sc_appeal_101_2015-1.pdf,,SC,2015,False,sc appeal 101 2015 1,dismissed
courts-sc-sc_appeal_101_2016.pdf,,SC,2016,False,sc appeal 101 2016,allowed
courts-sc-sc_appeal_101_2017.pdf,,SC,2017,False,sc appeal 101 2017,dismissed
courts-sc-sc_appeal_101_2018.pdf,,SC,2018,False,sc appeal 101 2018,dismissed
courts-sc-sc_appeal_102_2010.pdf,,SC,2010,False,sc appeal 102 2010,allowed
courts-sc-sc_appeal_102_2011-1.pdf,,SC,2011,False,sc appeal 102 2011 1,
courts-sc-sc_appeal_102_2013.pdf,,SC,2013,False,sc appeal 102 2013,dismissed
courts-sc-sc_appeal_102_2019.pdf,,SC,2019,False,sc appeal 102 2019,affirmed
courts-sc-sc_appeal_103_2011.pdf,,SC,2011,False,sc appeal 103 2011,dismissed
courts-sc-sc_appeal_103_2013.pdf,,SC,2013,False,sc appeal 103 2013,dismissed
courts-sc-sc_appeal_103_2021.pdf,,SC,2021,False,sc appeal 103 2021,dismissed
courts-sc-sc_appeal_104_2005.pdf,,SC,2005,False,sc appeal 104 2005,set-aside
courts-sc-sc_appeal_104_2012.pdf,,SC,2012,False,sc appeal 104 2012,allowed
courts-sc-sc_appeal_104_2014.pdf,,SC,2014,False,sc appeal 104 2014,dismissed
courts-sc-sc_appeal_104_2015.pdf,,SC,2015,False,sc appeal 104 2015,dismissed
courts-sc-sc_appeal_105_2012.pdf,,SC,2012,False,sc appeal 105 2012,allowed
courts-sc-sc_appeal_105_2013.pdf,,SC,2013,False,sc appeal 105 2013,dismissed
courts-sc-sc_appeal_105_2015.pdf,,SC,2015,False,sc appeal 105 2015,
courts-sc-sc_appeal_105a_2008.pdf,,SC,2008,False,sc appeal 105a 2008,dismissed
courts-sc-sc_appeal_106_2013.pdf,,SC,2013,False,sc appeal 106 2013,set-aside
courts-sc-sc_appeal_106_2016.pdf,,SC,2016,False,sc appeal 106 2016,dismissed
courts-sc-sc_appeal_107_2015.pdf,,SC,2015,False,sc appeal 107 2015,dismissed
courts-sc-sc_appeal_107_2016.pdf,,SC,2016,False,sc appeal 107 2016,allowed
courts-sc-sc_appeal_107_2017.pdf,,SC,2017,False,sc appeal 107 2017,
courts-sc-sc_appeal_108_2014.pdf,,SC,2014,False,sc appeal 108 2014,dismissed
courts-sc-sc_appeal_108_2022-1.pdf,,SC,2022,False,sc appeal 108 2022 1,dismissed
courts-sc-sc_appeal_109_2022.pdf,,SC,2022,False,sc appeal 109 2022,allowed
courts-sc-sc_appeal_10_2013.pdf,,SC,2013,False,sc appeal 10 2013,dismissed
courts-sc-sc_appeal_10_2016_ed1.pdf,,SC,2016,False,sc appeal 10 2016 ed1,
courts-sc-sc_appeal_10_2020.pdf,,SC,2020,False,sc appeal 10 2020,allowed
courts-sc-sc_appeal_110_2010.pdf,,SC,2010,False,sc appeal 110 2010,allowed
courts-sc-sc_appeal_110_2014-1.pdf,,SC,2014,False,sc appeal 110 2014 1,allowed
courts-sc-sc_appeal_110_2016.pdf,,SC,2016,False,sc appeal 110 2016,set-aside
courts-sc-sc_appeal_110_2018.pdf,,SC,2018,False,sc appeal 110 2018,dismissed
courts-sc-sc_appeal_111_2013.pdf,,SC,2013,False,sc appeal 111 2013,allowed
courts-sc-sc_appeal_111_2014.pdf,,SC,2014,False,sc appeal 111 2014,allowed
courts-sc-sc_appeal_111_2019.pdf,,SC,2019,False,sc appeal 111 2019,dismissed
courts-sc-sc_appeal_112_2011.pdf,,SC,2011,False,sc appeal 112 2011,allowed
courts-sc-sc_appeal_112_2021.pdf,,SC,2021,False,sc appeal 112 2021,set-aside
courts-sc-sc_appeal_113_2010.pdf,,SC,2010,False,sc appeal 113 2010,dismissed
courts-sc-sc_appeal_113_2014.pdf,,SC,2014,False,sc appeal 113 2014,allowed
courts-sc-sc_appeal_113_2019.pdf,,SC,2019,False,sc appeal 113 2019,allowed
courts-sc-sc_appeal_113_2020.pdf,,SC,2020,False,sc appeal 113 2020,dismissed
courts-sc-sc_appeal_114_2018.pdf,,SC,2018,False,sc appeal 114 2018,dismissed
courts-sc-sc_appeal_115_2013.pdf,,SC,2013,False,sc appeal 115 2013,set-aside
courts-sc-sc_appeal_115_2015.pdf,,SC,2015,False,sc appeal 115 2015,
courts-sc-sc_appeal_115_2018.pdf,,SC,2018,False,sc appeal 115 2018,dismissed
courts-sc-sc_appeal_116_2010.pdf,,SC,2010,False,sc appeal 116 2010,
courts-sc-sc_appeal_116_2013.pdf,,SC,2013,False,sc appeal 116 2013,set-aside
courts-sc-sc_appeal_116_2014.pdf,,SC,2014,False,sc appeal 116 2014,allowed
courts-sc-sc_appeal_116_2020.pdf,,SC,2020,False,sc appeal 116 2020,set-aside
courts-sc-sc_appeal_117_2011.pdf,,SC,2011,False,sc appeal 117 2011,allowed
courts-sc-sc_appeal_117_2012.pdf,,SC,2012,False,sc appeal 117 2012,dismissed
courts-sc-sc_appeal_117_2017.pdf,,SC,2017,False,sc appeal 117 2017,allowed
courts-sc-sc_appeal_117_2019.pdf,,SC,2019,False,sc appeal 117 2019,dismissed
courts-sc-sc_appeal_117_2020.pdf,,SC,2020,False,sc appeal 117 2020,set-aside
courts-sc-sc_appeal_118_2011-1.pdf,,SC,2011,False,sc appeal 118 2011 1,set-aside
courts-sc-sc_appeal_118_2014.pdf,,SC,2014,False,sc appeal 118 2014,set-aside
courts-sc-sc_appeal_118_2016.pdf,,SC,2016,False,sc appeal 118 2016,dismissed
courts-sc-sc_appeal_119_2009.pdf,,SC,2009,False,sc appeal 119 2009,allowed
courts-sc-sc_appeal_119_2014.pdf,,SC,2014,False,sc appeal 119 2014,dismissed
courts-sc-sc_appeal_119_2015.pdf,,SC,2015,False,sc appeal 119 2015,allowed
courts-sc-sc_appeal_119_2017_120_2017.pdf,,SC,2017,False,sc appeal 119 2017 120 2017,dismissed
courts-sc-sc_appeal_11_2013.pdf,,SC,2013,False,sc appeal 11 2013,dismissed
courts-sc-sc_appeal_11_2014.pdf,,SC,2014,False,sc appeal 11 2014,allowed
courts-sc-sc_appeal_11_2021.pdf,,SC,2021,False,sc appeal 11 2021,
courts-sc-sc_appeal_120_2011.pdf,,SC,2011,False,sc appeal 120 2011,dismissed
courts-sc-sc_appeal_120_2012.pdf,,SC,2012,False,sc appeal 120 2012,allowed
courts-sc-sc_appeal_120_2013.pdf,,SC,2013,False,sc appeal 120 2013,allowed
courts-sc-sc_appeal_120_2014.pdf,,SC,2014,False,sc appeal 120 2014,set-aside
courts-sc-sc_appeal_121_2011.pdf,,SC,2011,False,sc appeal 121 2011,allowed
courts-sc-sc_appeal_121_2015.pdf,,SC,2015,False,sc appeal 121 2015,dismissed
courts-sc-sc_appeal_121_2019-1.pdf,,SC,2019,False,sc appeal 121 2019 1,allowed
courts-sc-sc_appeal_121_2021.pdf,,SC,2021,False,sc appeal 121 2021,set-aside
courts-sc-sc_appeal_122_2011.pdf,,SC,2011,False,sc appeal 122 2011,dismissed
courts-sc-sc_appeal_122_2013.pdf,,SC,2013,False,sc appeal 122 2013,dismissed
courts-sc-sc_appeal_122_2017.pdf,,SC,2017,False,sc appeal 122 2017,allowed
courts-sc-sc_appeal_122_2024.pdf,,SC,2024,False,sc appeal 122 2024,dismissed
courts-sc-sc_appeal_122_2025.pdf,,SC,2025,False,sc appeal 122 2025,set-aside
courts-sc-sc_appeal_123_2013.pdf,,SC,2013,False,sc appeal 123 2013,dismissed
courts-sc-sc_appeal_123_2015.pdf,,SC,2015,False,sc appeal 123 2015,allowed
courts-sc-sc_appeal_124_2011.pdf,,SC,2011,False,sc appeal 124 2011,dismissed
courts-sc-sc_appeal_124_2012.pdf,,SC,2012,False,sc appeal 124 2012,dismissed
courts-sc-sc_appeal_124_2014.pdf,,SC,2014,False,sc appeal 124 2014,dismissed
courts-sc-sc_appeal_124_2015.pdf,,SC,2015,False,sc appeal 124 2015,set-aside
courts-sc-sc_appeal_124_2022.pdf,,SC,2022,False,sc appeal 124 2022,set-aside
courts-sc-sc_appeal_125_2010.pdf,,SC,2010,False,sc appeal 125 2010,affirmed
courts-sc-sc_appeal_125_2011.pdf,,SC,2011,False,sc appeal 125 2011,allowed
courts-sc-sc_appeal_125_2012.pdf,,SC,2012,False,sc appeal 125 2012,dismissed
courts-sc-sc_appeal_125_2015.pdf,,SC,2015,False,sc appeal 125 2015,allowed
courts-sc-sc_appeal_125_2016.pdf,,SC,2016,False,sc appeal 125 2016,affirmed
courts-sc-sc_appeal_125_2018.pdf,,SC,2018,False,sc appeal 125 2018,dismissed
courts-sc-sc_appeal_126_2011.pdf,,SC,2011,False,sc appeal 126 2011,affirmed
courts-sc-sc_appeal_126_2012.pdf,,SC,2012,False,sc appeal 126 2012,dismissed
courts-sc-sc_appeal_126_2015.pdf,,SC,2015,False,sc appeal 126 2015,allowed
courts-sc-sc_appeal_126_2016.pdf,,SC,2016,False,sc appeal 126 2016,dismissed
courts-sc-sc_appeal_127_2012.pdf,,SC,2012,False,sc appeal 127 2012,dismissed
courts-sc-sc_appeal_127_2013.pdf,,SC,2013,False,sc appeal 127 2013,dismissed
courts-sc-sc_appeal_127_2014.pdf,,SC,2014,False,sc appeal 127 2014,dismissed
courts-sc-sc_appeal_127_2017.pdf,,SC,2017,False,sc appeal 127 2017,affirmed
courts-sc-sc_appeal_128_2012-1.pdf,,SC,2012,False,sc appeal 128 2012 1,
courts-sc-sc_appeal_128_2016.pdf,,SC,2016,False,sc appeal 128 2016,
courts-sc-sc_appeal_128_2019.pdf,,SC,2019,False,sc appeal 128 2019,allowed
courts-sc-sc_appeal_129_2010.pdf,,SC,2010,False,sc appeal 129 2010,dismissed
courts-sc-sc_appeal_129_2013.pdf,,SC,2013,False,sc appeal 129 2013,
courts-sc-sc_appeal_129_2014.pdf,,SC,2014,False,sc appeal 129 2014,dismissed
courts-sc-sc_appeal_12_2006.pdf,,SC,2006,False,sc appeal 12 2006,dismissed
courts-sc-sc_appeal_12_2012.pdf,,SC,2012,False,sc appeal 12 2012,allowed
courts-sc-sc_appeal_12_2019.pdf,,SC,2019,False,sc appeal 12 2019,set-aside
courts-sc-sc_appeal_130_2012.pdf,,SC,2012,False,sc appeal 130 2012,set-aside
courts-sc-sc_appeal_131_2011.pdf,,SC,2011,False,sc appeal 131 2011,allowed
courts-sc-sc_appeal_131_2016.pdf,,SC,2016,False,sc appeal 131 2016,
courts-sc-sc_appeal_131_2018.pdf,,SC,2018,False,sc appeal 131 2018,affirmed
courts-sc-sc_appeal_132_2009.pdf,,SC,2009,False,sc appeal 132 2009,dismissed
courts-sc-sc_appeal_132_2010.pdf,,SC,2010,False,sc appeal 132 2010,allowed
courts-sc-sc_appeal_132_2014.pdf,,SC,2014,False,sc appeal 132 2014,dismissed
courts-sc-sc_appeal_132_2015.pdf,,SC,2015,False,sc appeal 132 2015,
courts-sc-sc_appeal_132_2018.pdf,,SC,2018,False,sc appeal 132 2018,allowed
courts-sc-sc_appeal_133_2010.pdf,,SC,2010,False,sc appeal 133 2010,allowed
courts-sc-sc_appeal_133_2013.pdf,,SC,2013,False,sc appeal 133 2013,set-aside
courts-sc-sc_appeal_133_2019.pdf,,SC,2019,False,sc appeal 133 2019,dismissed
courts-sc-sc_appeal_134_2012.pdf,,SC,2012,False,sc appeal 134 2012,allowed
courts-sc-sc_appeal_134_2013.pdf,,SC,2013,False,sc appeal 134 2013,
courts-sc-sc_appeal_134_2014.pdf,,SC,2014,False,sc appeal 134 2014,
courts-sc-sc_appeal_134_2016.pdf,,SC,2016,False,sc appeal 134 2016,dismissed
courts-sc-sc_appeal_135_2015.pdf,,SC,2015,False,sc appeal 135 2015,allowed
courts-sc-sc_appeal_135_2016.pdf,,SC,2016,False,sc appeal 135 2016,allowed
courts-sc-sc_appeal_135_2019_with_149_2019.pdf,,SC,2019,False,sc appeal 135 2019 with 149 2019,allowed
courts-sc-sc_appeal_135_2023.pdf,,SC,2023,False,sc appeal 135 2023,dismissed
courts-sc-sc_appeal_137_2019.pdf,,SC,2019,False,sc appeal 137 2019,dismissed
courts-sc-sc_appeal_137_2022.pdf,,SC,2022,False,sc appeal 137 2022,
courts-sc-sc_appeal_138_2009.pdf,,SC,2009,False,sc appeal 138 2009,dismissed
courts-sc-sc_appeal_138_2011.pdf,,SC,2011,False,sc appeal 138 2011,allowed
courts-sc-sc_appeal_138_2012.pdf,,SC,2012,False,sc appeal 138 2012,
courts-sc-sc_appeal_138_2016.pdf,,SC,2016,False,sc appeal 138 2016,set-aside
courts-sc-sc_appeal_139_2011.pdf,,SC,2011,False,sc appeal 139 2011,allowed
courts-sc-sc_appeal_139_2013.pdf,,SC,2013,False,sc appeal 139 2013,dismissed
courts-sc-sc_appeal_139_2022.pdf,,SC,2022,False,sc appeal 139 2022,dismissed
courts-sc-sc_appeal_13_2014.pdf,,SC,2014,False,sc appeal 13 2014,
courts-sc-sc_appeal_13_2018.pdf,,SC,2018,False,sc appeal 13 2018,dismissed
courts-sc-sc_appeal_13_2020.pdf,,SC,2020,False,sc appeal 13 2020,allowed
courts-sc-sc_appeal_13_2024_ed2.pdf,,SC,2024,False,sc appeal 13 2024 ed2,allowed
courts-sc-sc_appeal_140_2011.pdf,,SC,2011,False,sc appeal 140 2011,dismissed
courts-sc-sc_appeal_140_2012.pdf,,SC,2012,False,sc appeal 140 2012,dismissed
courts-sc-sc_appeal_140_2017.pdf,,SC,2017,False,sc appeal 140 2017,set-aside
courts-sc-sc_appeal_140_2019.pdf,,SC,2019,False,sc appeal 140 2019,dismissed
courts-sc-sc_appeal_141_2009.pdf,,SC,2009,False,sc appeal 141 2009,dismissed
courts-sc-sc_appeal_141_2012.pdf,,SC,2012,False,sc appeal 141 2012,allowed
courts-sc-sc_appeal_141_2017.pdf,,SC,2017,False,sc appeal 141 2017,set-aside
courts-sc-sc_appeal_142_2018.pdf,,SC,2018,False,sc appeal 142 2018,allowed
courts-sc-sc_appeal_143_2012.pdf,,SC,2012,False,sc appeal 143 2012,dismissed
courts-sc-sc_appeal_143_2013.pdf,,SC,2013,False,sc appeal 143 2013,affirmed
courts-sc-sc_appeal_143_2016.pdf,,SC,2016,False,sc appeal 143 2016,dismissed
courts-sc-sc_appeal_144_2011.pdf,,SC,2011,False,sc appeal 144 2011,dismissed
courts-sc-sc_appeal_144_2012.pdf,,SC,2012,False,sc appeal 144 2012,
courts-sc-sc_appeal_144_2015.pdf,,SC,2015,False,sc appeal 144 2015,set-aside
courts-sc-sc_appeal_144_2016.pdf,,SC,2016,False,sc appeal 144 2016,dismissed
courts-sc-sc_appeal_144_2017.pdf,,SC,2017,False,sc appeal 144 2017,dismissed
courts-sc-sc_appeal_145_2010.pdf,,SC,2010,False,sc appeal 145 2010,allowed
courts-sc-sc_appeal_145_2012.pdf,,SC,2012,False,sc appeal 145 2012,allowed
courts-sc-sc_appeal_145_2013.pdf,,SC,2013,False,sc appeal 145 2013,dismissed
courts-sc-sc_appeal_146_2010.pdf,,SC,2010,False,sc appeal 146 2010,dismissed
courts-sc-sc_appeal_146_2013.pdf,,SC,2013,False,sc appeal 146 2013,allowed
courts-sc-sc_appeal_146_2015.pdf,,SC,2015,False,sc appeal 146 2015,dismissed
courts-sc-sc_appeal_147_2014.pdf,,SC,2014,False,sc appeal 147 2014,
courts-sc-sc_appeal_147_2017.pdf,,SC,2017,False,sc appeal 147 2017,dismissed
courts-sc-sc_appeal_148_2013.pdf,,SC,2013,False,sc appeal 148 2013,dismissed
courts-sc-sc_appeal_148_2018.pdf,,SC,2018,False,sc appeal 148 2018,set-aside
courts-sc-sc_appeal_148_2019.pdf,,SC,2019,False,sc appeal 148 2019,set-aside
courts-sc-sc_appeal_148_2023.pdf,,SC,2023,False,sc appeal 148 2023,dismissed
courts-sc-sc_appeal_149_2013.pdf,,SC,2013,False,sc appeal 149 2013,dismissed
courts-sc-sc_appeal_149_2014.pdf,,SC,2014,False,sc appeal 149 2014,
courts-sc-sc_appeal_14_2012.pdf,,SC,2012,False,sc appeal 14 2012,allowed
courts-sc-sc_appeal_14_2014.pdf,,SC,2014,False,sc appeal 14 2014,allowed
courts-sc-sc_appeal_14_2020.pdf,,SC,2020,False,sc appeal 14 2020,set-aside
courts-sc-sc_appeal_150_2010.pdf,,SC,2010,False,sc appeal 150 2010,
courts-sc-sc_appeal_150_2011.pdf,,SC,2011,False,sc appeal 150 2011,dismissed
courts-sc-sc_appeal_150_2015.pdf,,SC,2015,False,sc appeal 150 2015,set-aside
courts-sc-sc_appeal_150_2016.pdf,,SC,2016,False,sc appeal 150 2016,dismissed
courts-sc-sc_appeal_151_2011.pdf,,SC,2011,False,sc appeal 151 2011,dismissed
courts-sc-sc_appeal_151_2012.pdf,,SC,2012,False,sc appeal 151 2012,dismissed
courts-sc-sc_appeal_151_2013.pdf,,SC,2013,False,sc appeal 151 2013,allowed
courts-sc-sc_appeal_151_2015.pdf,,SC,2015,False,sc appeal 151 2015,allowed
courts-sc-sc_appeal_151_2016.pdf,,SC,2016,False,sc appeal 151 2016,dismissed
courts-sc-sc_appeal_151_2019.pdf,,SC,2019,False,sc appeal 151 2019,dismissed
courts-sc-sc_appeal_151_2023.pdf,,SC,2023,False,sc appeal 151 2023,allowed
courts-sc-sc_appeal_152_2012.pdf,,SC,2012,False,sc appeal 152 2012,allowed
courts-sc-sc_appeal_152_2025.pdf,,SC,2025,False,sc appeal 152 2025,allowed
courts-sc-sc_appeal_153_2010.pdf,,SC,2010,False,sc appeal 153 2010,
courts-sc-sc_appeal_153_2013.pdf,,SC,2013,False,sc appeal 153 2013,allowed
courts-sc-sc_appeal_153_2016.pdf,,SC,2016,False,sc appeal 153 2016,allowed
courts-sc-sc_appeal_153_2018.pdf,,SC,2018,False,sc appeal 153 2018,dismissed
courts-sc-sc_appeal_154_2012.pdf,,SC,2012,False,sc appeal 154 2012,dismissed
courts-sc-sc_appeal_154_2016.pdf,,SC,2016,False,sc appeal 154 2016,
courts-sc-sc_appeal_154_2017.pdf,,SC,2017,False,sc appeal 154 2017,set-aside
courts-sc-sc_appeal_154_2018-1.pdf,,SC,2018,False,sc appeal 154 2018 1,dismissed
courts-sc-sc_appeal_155_2010.pdf,,SC,2010,False,sc appeal 155 2010,allowed
courts-sc-sc_appeal_155_2011.pdf,,SC,2011,False,sc appeal 155 2011,dismissed
courts-sc-sc_appeal_155_2022.pdf,,SC,2022,False,sc appeal 155 2022,dismissed
courts-sc-sc_appeal_156_2010-1.pdf,,SC,2010,False,sc appeal 156 2010 1,allowed
courts-sc-sc_appeal_156_2012.pdf,,SC,2012,False,sc appeal 156 2012,allowed
courts-sc-sc_appeal_156_2015.pdf,,SC,2015,False,sc appeal 156 2015,dismissed
courts-sc-sc_appeal_157_2011.pdf,,SC,2011,False,sc appeal 157 2011,dismissed
courts-sc-sc_appeal_158_2011-1.pdf,,SC,2011,False,sc appeal 158 2011 1,dismissed
courts-sc-sc_appeal_158_2013.pdf,,SC,2013,False,sc appeal 158 2013,dismissed
courts-sc-sc_appeal_158_2014.pdf,,SC,2014,False,sc appeal 158 2014,allowed
courts-sc-sc_appeal_158_2017.pdf,,SC,2017,False,sc appeal 158 2017,set-aside
courts-sc-sc_appeal_159_2015.pdf,,SC,2015,False,sc appeal 159 2015,set-aside
courts-sc-sc_appeal_159_2019.pdf,,SC,2019,False,sc appeal 159 2019,set-aside
courts-sc-sc_appeal_15_2008.pdf,,SC,2008,False,sc appeal 15 2008,
courts-sc-sc_appeal_15_2009.pdf,,SC,2009,False,sc appeal 15 2009,set-aside
courts-sc-sc_appeal_15_2010.pdf,,SC,2010,False,sc appeal 15 2010,allowed
courts-sc-sc_appeal_15_2012.pdf,,SC,2012,False,sc appeal 15 2012,allowed
courts-sc-sc_appeal_15_2015.pdf,,SC,2015,False,sc appeal 15 2015,set-aside
courts-sc-sc_appeal_160_2013.pdf,,SC,2013,False,sc appeal 160 2013,allowed
courts-sc-sc_appeal_160_2014.pdf,,SC,2014,False,sc appeal 160 2014,dismissed
courts-sc-sc_appeal_160_2015.pdf,,SC,2015,False,sc appeal 160 2015,allowed
courts-sc-sc_appeal_161_2013.pdf,,SC,2013,False,sc appeal 161 2013,allowed
courts-sc-sc_appeal_161_2015.pdf,,SC,2015,False,sc appeal 161 2015,allowed
courts-sc-sc_appeal_161_2016-1.pdf,,SC,2016,False,sc appeal 161 2016 1,dismissed
courts-sc-sc_appeal_161_2019.pdf,,SC,2019,False,sc appeal 161 2019,set-aside
courts-sc-sc_appeal_162-2019_am1.pdf,,SC,2019,False,sc appeal 162 2019 am1,set-aside
courts-sc-sc_appeal_162_2010-1.pdf,,SC,2010,False,sc appeal 162 2010 1,dismissed
courts-sc-sc_appeal_162_2013.pdf,,SC,2013,False,sc appeal 162 2013,dismissed
courts-sc-sc_appeal_162_2014-1.pdf,,SC,2014,False,sc appeal 162 2014 1,allowed
courts-sc-sc_appeal_162_2017.pdf,,SC,2017,False,sc appeal 162 2017,set-aside
courts-sc-sc_appeal_162_2018.pdf,,SC,2018,False,sc appeal 162 2018,
courts-sc-sc_appeal_163_2016.pdf,,SC,2016,False,sc appeal 163 2016,dismissed
courts-sc-sc_appeal_163_2019.pdf,,SC,2019,False,sc appeal 163 2019,set-aside
courts-sc-sc_appeal_164_2012.pdf,,SC,2012,False,sc appeal 164 2012,dismissed
courts-sc-sc_appeal_165_2014.pdf,,SC,2014,False,sc appeal 165 2014,dismissed
courts-sc-sc_appeal_165_2015.pdf,,SC,2015,False,sc appeal 165 2015,dismissed
courts-sc-sc_appeal_165_2016.pdf,,SC,2016,False,sc appeal 165 2016,dismissed
courts-sc-sc_appeal_166_2013.pdf,,SC,2013,False,sc appeal 166 2013,set-aside
courts-sc-sc_appeal_166_2016.pdf,,SC,2016,False,sc appeal 166 2016,set-aside
courts-sc-sc_appeal_166_2017.pdf,,SC,2017,False,sc appeal 166 2017,allowed
courts-sc-sc_appeal_166_2018.pdf,,SC,2018,False,sc appeal 166 2018,set-aside
courts-sc-sc_appeal_166_2019.pdf,,SC,2019,False,sc appeal 166 2019,allowed
courts-sc-sc_appeal_167_2010.pdf,,SC,2010,False,sc appeal 167 2010,dismissed
courts-sc-sc_appeal_167_2013.pdf,,SC,2013,False,sc appeal 167 2013,allowed
courts-sc-sc_appeal_168_2014.pdf,,SC,2014,False,sc appeal 168 2014,allowed
courts-sc-sc_appeal_168_2016.pdf,,SC,2016,False,sc appeal 168 2016,
courts-sc-sc_appeal_169_2010.pdf,,SC,2010,False,sc appeal 169 2010,
courts-sc-sc_appeal_169_2011.pdf,,SC,2011,False,sc appeal 169 2011,dismissed
courts-sc-sc_appeal_169_2013.pdf,,SC,2013,False,sc appeal 169 2013,set-aside
courts-sc-sc_appeal_169_2015.pdf,,SC,2015,False,sc appeal 169 2015,set-aside
courts-sc-sc_appeal_169_2018.pdf,,SC,2018,False,sc appeal 169 2018,dismissed
courts-sc-sc_appeal_16_2009.pdf,,SC,2009,False,sc appeal 16 2009,dismissed
courts-sc-sc_appeal_16_2011.pdf,,SC,2011,False,sc appeal 16 2011,dismissed
courts-sc-sc_appeal_16_2013.pdf,,SC,2013,False,sc appeal 16 2013,set-aside
courts-sc-sc_appeal_16_2022.pdf,,SC,2022,False,sc appeal 16 2022,set-aside
courts-sc-sc_appeal_170_2011.pdf,,SC,2011,False,sc appeal 170 2011,
courts-sc-sc_appeal_170_2014.pdf,,SC,2014,False,sc appeal 170 2014,dismissed
courts-sc-sc_appeal_171_2011.pdf,,SC,2011,False,sc appeal 171 2011,allowed
courts-sc-sc_appeal_171_2016.pdf,,SC,2016,False,sc appeal 171 2016,set-aside
courts-sc-sc_appeal_171_2019.pdf,,SC,2019,False,sc appeal 171 2019,set-aside
courts-sc-sc_appeal_172_2010.pdf,,SC,2010,False,sc appeal 172 2010,dismissed
courts-sc-sc_appeal_172_2013.pdf,,SC,2013,False,sc appeal 172 2013,set-aside
courts-sc-sc_appeal_172_2014_am1.pdf,,SC,2014,False,sc appeal 172 2014 am1,set-aside
courts-sc-sc_appeal_172_2015.pdf,,SC,2015,False,sc appeal 172 2015,set-aside
courts-sc-sc_appeal_172_2016.pdf,,SC,2016,False,sc appeal 172 2016,set-aside
courts-sc-sc_appeal_172_2017.pdf,,SC,2017,False,sc appeal 172 2017,allowed
courts-sc-sc_appeal_173_2011.pdf,,SC,2011,False,sc appeal 173 2011,dismissed
courts-sc-sc_appeal_174_2010.pdf,,SC,2010,False,sc appeal 174 2010,set-aside
courts-sc-sc_appeal_174_2014.pdf,,SC,2014,False,sc appeal 174 2014,dismissed
courts-sc-sc_appeal_174_2015.pdf,,SC,2015,False,sc appeal 174 2015,
courts-sc-sc_appeal_175_2010.pdf,,SC,2010,False,sc appeal 175 2010,dismissed
courts-sc-sc_appeal_175_2016.pdf,,SC,2016,False,sc appeal 175 2016,
courts-sc-sc_appeal_175_2018.pdf,,SC,2018,False,sc appeal 175 2018,dismissed
courts-sc-sc_appeal_175_2019.pdf,,SC,2019,False,sc appeal 175 2019,dismissed
courts-sc-sc_appeal_175_2025.pdf,,SC,2025,False,sc appeal 175 2025,allowed
courts-sc-sc_appeal_176_2014.pdf,,SC,2014,False,sc appeal 176 2014,dismissed
courts-sc-sc_appeal_176_2016.pdf,,SC,2016,False,sc appeal 176 2016,set-aside
courts-sc-sc_appeal_177_2023.pdf,,SC,2023,False,sc appeal 177 2023,set-aside
courts-sc-sc_appeal_178_2011.pdf,,SC,2011,False,sc appeal 178 2011,dismissed
courts-sc-sc_appeal_178_2013.pdf,,SC,2013,False,sc appeal 178 2013,allowed
courts-sc-sc_appeal_178_2025.pdf,,SC,2025,False,sc appeal 178 2025,dismissed
courts-sc-sc_appeal_179_2014.pdf,,SC,2014,False,sc appeal 179 2014,allowed
courts-sc-sc_appeal_179_2015.pdf,,SC,2015,False,sc appeal 179 2015,dismissed
courts-sc-sc_appeal_179_2016.pdf,,SC,2016,False,sc appeal 179 2016,set-aside
courts-sc-sc_appeal_179_2018.pdf,,SC,2018,False,sc appeal 179 2018,set-aside
courts-sc-sc_appeal_17_2012-1.pdf,,SC,2012,False,sc appeal 17 2012 1,allowed
courts-sc-sc_appeal_17_2015.pdf,,SC,2015,False,sc appeal 17 2015,set-aside
courts-sc-sc_appeal_17_2016.pdf,,SC,2016,False,sc appeal 17 2016,allowed
courts-sc-sc_appeal_17_2018.pdf,,SC,2018,False,sc appeal 17 2018,dismissed
courts-sc-sc_appeal_180_2010.pdf,,SC,2010,False,sc appeal 180 2010,dismissed
courts-sc-sc_appeal_180_2011.pdf,,SC,2011,False,sc appeal 180 2011,set-aside
courts-sc-sc_appeal_181_182_2015.pdf,,SC,2015,False,sc appeal 181 182 2015,allowed
courts-sc-sc_appeal_181_2010.pdf,,SC,2010,False,sc appeal 181 2010,
courts-sc-sc_appeal_181_2014.pdf,,SC,2014,False,sc appeal 181 2014,dismissed
courts-sc-sc_appeal_181_2018.pdf,,SC,2018,False,sc appeal 181 2018,
courts-sc-sc_appeal_182_2014.pdf,,SC,2014,False,sc appeal 182 2014,dismissed
courts-sc-sc_appeal_183_2011.pdf,,SC,2011,False,sc appeal 183 2011,dismissed
courts-sc-sc_appeal_183_2014.pdf,,SC,2014,False,sc appeal 183 2014,dismissed
courts-sc-sc_appeal_183_2016.pdf,,SC,2016,False,sc appeal 183 2016,allowed
courts-sc-sc_appeal_184_2014.pdf,,SC,2014,False,sc appeal 184 2014,set-aside
courts-sc-sc_appeal_185_2014-1.pdf,,SC,2014,False,sc appeal 185 2014 1,set-aside
courts-sc-sc_appeal_185_2015.pdf,,SC,2015,False,sc appeal 185 2015,set-aside
courts-sc-sc_appeal_185_2025.pdf,,SC,2025,False,sc appeal 185 2025,allowed
courts-sc-sc_appeal_186_2017.pdf,,SC,2017,False,sc appeal 186 2017,dismissed
courts-sc-sc_appeal_188_2011.pdf,,SC,2011,False,sc appeal 188 2011,dismissed
courts-sc-sc_appeal_188_2014.pdf,,SC,2014,False,sc appeal 188 2014,set-aside
courts-sc-sc_appeal_189_2012.pdf,,SC,2012,False,sc appeal 189 2012,allowed
courts-sc-sc_appeal_189_2014.pdf,,SC,2014,False,sc appeal 189 2014,dismissed
courts-sc-sc_appeal_189_2015.pdf,,SC,2015,False,sc appeal 189 2015,allowed
courts-sc-sc_appeal_189_2017.pdf,,SC,2017,False,sc appeal 189 2017,set-aside
courts-sc-sc_appeal_189_2018.pdf,,SC,2018,False,sc appeal 189 2018,dismissed
courts-sc-sc_appeal_18_2010-1.pdf,,SC,2010,False,sc appeal 18 2010 1,allowed
courts-sc-sc_appeal_18_2021.pdf,,SC,2021,False,sc appeal 18 2021,set-aside
courts-sc-sc_appeal_190_2016.pdf,,SC,2016,False,sc appeal 190 2016,dismissed
courts-sc-sc_appeal_191_192_2025-1.pdf,,SC,2025,False,sc appeal 191 192 2025 1,set-aside
courts-sc-sc_appeal_191_2018.pdf,,SC,2018,False,sc appeal 191 2018,dismissed
courts-sc-sc_appeal_193_2014.pdf,,SC,2014,False,sc appeal 193 2014,set-aside
courts-sc-sc_appeal_194_2011.pdf,,SC,2011,False,sc appeal 194 2011,allowed
courts-sc-sc_appeal_194_2012.pdf,,SC,2012,False,sc appeal 194 2012,dismissed
courts-sc-sc_appeal_194_2014.pdf,,SC,2014,False,sc appeal 194 2014,allowed
courts-sc-sc_appeal_194_2018.pdf,,SC,2018,False,sc appeal 194 2018,
courts-sc-sc_appeal_195_2012-1.pdf,,SC,2012,False,sc appeal 195 2012 1,dismissed
courts-sc-sc_appeal_196_2011.pdf,,SC,2011,False,sc appeal 196 2011,allowed
courts-sc-sc_appeal_196_2015-1.pdf,,SC,2015,False,sc appeal 196 2015 1,set-aside
courts-sc-sc_appeal_197_2012.pdf,,SC,2012,False,sc appeal 197 2012,
courts-sc-sc_appeal_197_2015.pdf,,SC,2015,False,sc appeal 197 2015,dismissed
courts-sc-sc_appeal_197_2017.pdf,,SC,2017,False,sc appeal 197 2017,dismissed
courts-sc-sc_appeal_198_2012.pdf,,SC,2012,False,sc appeal 198 2012,dismissed
courts-sc-sc_appeal_198_2014.pdf,,SC,2014,False,sc appeal 198 2014,dismissed
courts-sc-sc_appeal_199_2017.pdf,,SC,2017,False,sc appeal 199 2017,set-aside
courts-sc-sc_appeal_199_2018.pdf,,SC,2018,False,sc appeal 199 2018,allowed
courts-sc-sc_appeal_19_2008.pdf,,SC,2008,False,sc appeal 19 2008,
courts-sc-sc_appeal_19_2011-1.pdf,,SC,2011,False,sc appeal 19 2011 1,dismissed
courts-sc-sc_appeal_19_2012.pdf,,SC,2012,False,sc appeal 19 2012,dismissed
courts-sc-sc_appeal_19_2014_with_sc-_-appeal_72_2013-1.pdf,,SC,2013,False,sc appeal 19 2014 with sc appeal 72 2013 1,
courts-sc-sc_appeal_19_2020.pdf,,SC,2020,False,sc appeal 19 2020,set-aside
courts-sc-sc_appeal_1_2016.pdf,,SC,2016,False,sc appeal 1 2016,set-aside
courts-sc-sc_appeal_1_2018.pdf,,SC,2018,False,sc appeal 1 2018,set-aside
courts-sc-sc_appeal_1_2022.pdf,,SC,2022,False,sc appeal 1 2022,dismissed
courts-sc-sc_appeal_1_2025-1.pdf,,SC,2025,False,sc appeal 1 2025 1,allowed
courts-sc-sc_appeal_200_2012.pdf,,SC,2012,False,sc appeal 200 2012,
courts-sc-sc_appeal_202_2012.pdf,,SC,2012,False,sc appeal 202 2012,dismissed
courts-sc-sc_appeal_202_2016.pdf,,SC,2016,False,sc appeal 202 2016,set-aside
courts-sc-sc_appeal_203_2016.pdf,,SC,2016,False,sc appeal 203 2016,allowed
courts-sc-sc_appeal_205_2014.pdf,,SC,2014,False,sc appeal 205 2014,affirmed
courts-sc-sc_appeal_205_2016.pdf,,SC,2016,False,sc appeal 205 2016,dismissed
courts-sc-sc_appeal_208_2014.pdf,,SC,2014,False,sc appeal 208 2014,
courts-sc-sc_appeal_208_2017.pdf,,SC,2017,False,sc appeal 208 2017,dismissed
courts-sc-sc_appeal_209_2014.pdf,,SC,2014,False,sc appeal 209 2014,allowed
courts-sc-sc_appeal_20_2011.pdf,,SC,2011,False,sc appeal 20 2011,dismissed
courts-sc-sc_appeal_20_2012.pdf,,SC,2012,False,sc appeal 20 2012,dismissed
courts-sc-sc_appeal_210_2015.pdf,,SC,2015,False,sc appeal 210 2015,allowed
courts-sc-sc_appeal_211_2014.pdf,,SC,2014,False,sc appeal 211 2014,
courts-sc-sc_appeal_211_2015.pdf,,SC,2015,False,sc appeal 211 2015,set-aside
courts-sc-sc_appeal_212_2017.pdf,,SC,2017,False,sc appeal 212 2017,dismissed
courts-sc-sc_appeal_213_2012.pdf,,SC,2012,False,sc appeal 213 2012,dismissed
courts-sc-sc_appeal_213_2017.pdf,,SC,2017,False,sc appeal 213 2017,set-aside
courts-sc-sc_appeal_214_2012.pdf,,SC,2012,False,sc appeal 214 2012,set-aside
courts-sc-sc_appeal_218_2012.pdf,,SC,2012,False,sc appeal 218 2012,dismissed
courts-sc-sc_appeal_218_2014.pdf,,SC,2014,False,sc appeal 218 2014,dismissed
courts-sc-sc_appeal_218_2016.pdf,,SC,2016,False,sc appeal 218 2016,dismissed
courts-sc-sc_appeal_219_2014.pdf,,SC,2014,False,sc appeal 219 2014,set-aside
courts-sc-sc_appeal_21_2005.pdf,,SC,2005,False,sc appeal 21 2005,allowed
courts-sc-sc_appeal_21_2017.pdf,,SC,2017,False,sc appeal 21 2017,dismissed
courts-sc-sc_appeal_220_2017.pdf,,SC,2017,False,sc appeal 220 2017,set-aside
courts-sc-sc_appeal_221_2012.pdf,,SC,2012,False,sc appeal 221 2012,dismissed
courts-sc-sc_appeal_221_2016.pdf,,SC,2016,False,sc appeal 221 2016,
courts-sc-sc_appeal_222_2016.pdf,,SC,2016,False,sc appeal 222 2016,dismissed
courts-sc-sc_appeal_225_2014.pdf,,SC,2014,False,sc appeal 225 2014,allowed
courts-sc-sc_appeal_226_2014.pdf,,SC,2014,False,sc appeal 226 2014,allowed
courts-sc-sc_appeal_227_2016.pdf,,SC,2016,False,sc appeal 227 2016,
courts-sc-sc_appeal_22_2015.pdf,,SC,2015,False,sc appeal 22 2015,
courts-sc-sc_appeal_22_2018.pdf,,SC,2018,False,sc appeal 22 2018,
courts-sc-sc_appeal_231_2014.pdf,,SC,2014,False,sc appeal 231 2014,
courts-sc-sc_appeal_231_2017.pdf,,SC,2017,False,sc appeal 231 2017,set-aside
courts-sc-sc_appeal_232_2017.pdf,,SC,2017,False,sc appeal 232 2017,allowed
courts-sc-sc_appeal_233_2017.pdf,,SC,2017,False,sc appeal 233 2017,dismissed
courts-sc-sc_appeal_235_2014.pdf,,SC,2014,False,sc appeal 235 2014,dismissed
courts-sc-sc_appeal_235_2016.pdf,,SC,2016,False,sc appeal 235 2016,allowed
courts-sc-sc_appeal_237_2017.pdf,,SC,2017,False,sc appeal 237 2017,dismissed
courts-sc-sc_appeal_239_2014.pdf,,SC,2014,False,sc appeal 239 2014,allowed
courts-sc-sc_appeal_239_2016.pdf,,SC,2016,False,sc appeal 239 2016,set-aside
courts-sc-sc_appeal_23_2010.pdf,,SC,2010,False,sc appeal 23 2010,allowed
courts-sc-sc_appeal_23_2014.pdf,,SC,2014,False,sc appeal 23 2014,set-aside
courts-sc-sc_appeal_23_2019.pdf,,SC,2019,False,sc appeal 23 2019,allowed
courts-sc-sc_appeal_23_2022ed1.pdf,,SC,2022,False,sc appeal 23 2022ed1,set-aside
courts-sc-sc_appeal_240_2014.pdf,,SC,2014,False,sc appeal 240 2014,dismissed
courts-sc-sc_appeal_241_2016.pdf,,SC,2016,False,sc appeal 241 2016,affirmed
courts-sc-sc_appeal_242_2016_amd1-1.pdf,,SC,2016,False,sc appeal 242 2016 amd1 1,set-aside
courts-sc-sc_appeal_243_2014.pdf,,SC,2014,False,sc appeal 243 2014,dismissed
courts-sc-sc_appeal_244_2014.pdf,,SC,2014,False,sc appeal 244 2014,affirmed
courts-sc-sc_appeal_245_2014.pdf,,SC,2014,False,sc appeal 245 2014,set-aside
courts-sc-sc_appeal_248_2017.pdf,,SC,2017,False,sc appeal 248 2017,
courts-sc-sc_appeal_249_2017.pdf,,SC,2017,False,sc appeal 249 2017,dismissed
courts-sc-sc_appeal_24_2015.pdf,,SC,2015,False,sc appeal 24 2015,set-aside
courts-sc-sc_appeal_24_2019.pdf,,SC,2019,False,sc appeal 24 2019,set-aside
courts-sc-sc_appeal_24_2022.pdf,,SC,2022,False,sc appeal 24 2022,allowed
courts-sc-sc_appeal_253_2014.pdf,,SC,2014,False,sc appeal 253 2014,
courts-sc-sc_appeal_25_2012.pdf,,SC,2012,False,sc appeal 25 2012,dismissed
courts-sc-sc_appeal_25_2018.pdf,,SC,2018,False,sc appeal 25 2018,dismissed
courts-sc-sc_appeal_26_2016.pdf,,SC,2016,False,sc appeal 26 2016,allowed
courts-sc-sc_appeal_27_2011.pdf,,SC,2011,False,sc appeal 27 2011,dismissed
courts-sc-sc_appeal_27_2012.pdf,,SC,2012,False,sc appeal 27 2012,allowed
courts-sc-sc_appeal_27_2013.pdf,,SC,2013,False,sc appeal 27 2013,dismissed
courts-sc-sc_appeal_27_2018.pdf,,SC,2018,False,sc appeal 27 2018,dismissed
courts-sc-sc_appeal_27_2020.pdf,,SC,2020,False,sc appeal 27 2020,remitted
courts-sc-sc_appeal_27_2023.pdf,,SC,2023,False,sc appeal 27 2023,allowed
courts-sc-sc_appeal_28_2008.pdf,,SC,2008,False,sc appeal 28 2008,set-aside
courts-sc-sc_appeal_28_2013.pdf,,SC,2013,False,sc appeal 28 2013,allowed
courts-sc-sc_appeal_28_2014.pdf,,SC,2014,False,sc appeal 28 2014,affirmed
courts-sc-sc_appeal_28_2016.pdf,,SC,2016,False,sc appeal 28 2016,
courts-sc-sc_appeal_28_2017.pdf,,SC,2017,False,sc appeal 28 2017,
courts-sc-sc_appeal_29_2009.pdf,,SC,2009,False,sc appeal 29 2009,dismissed
courts-sc-sc_appeal_29_2013.pdf,,SC,2013,False,sc appeal 29 2013,dismissed
courts-sc-sc_appeal_29_2014.pdf,,SC,2014,False,sc appeal 29 2014,set-aside
courts-sc-sc_appeal_29_2021.pdf,,SC,2021,False,sc appeal 29 2021,dismissed
courts-sc-sc_appeal_29_2024.pdf,,SC,2024,False,sc appeal 29 2024,allowed
courts-sc-sc_appeal_2_2009.pdf,,SC,2009,False,sc appeal 2 2009,allowed
courts-sc-sc_appeal_2_2015.pdf,,SC,2015,False,sc appeal 2 2015,set-aside
courts-sc-sc_appeal_2_2019.pdf,,SC,2019,False,sc appeal 2 2019,set-aside
courts-sc-sc_appeal_2_2021.pdf,,SC,2021,False,sc appeal 2 2021,allowed
courts-sc-sc_appeal_30_2013.pdf,,SC,2013,False,sc appeal 30 2013,dismissed
courts-sc-sc_appeal_30_2015.pdf,,SC,2015,False,sc appeal 30 2015,dismissed
courts-sc-sc_appeal_30_2016.pdf,,SC,2016,False,sc appeal 30 2016,allowed
courts-sc-sc_appeal_30_2018.pdf,,SC,2018,False,sc appeal 30 2018,allowed
courts-sc-sc_appeal_30_2024.pdf,,SC,2024,False,sc appeal 30 2024,allowed
courts-sc-sc_appeal_31_2010-1.pdf,,SC,2010,False,sc appeal 31 2010 1,set-aside
courts-sc-sc_appeal_31_2010.pdf,,SC,2010,False,sc appeal 31 2010,set-aside
courts-sc-sc_appeal_31_2013.pdf,,SC,2013,False,sc appeal 31 2013,set-aside
courts-sc-sc_appeal_31_2017.pdf,,SC,2017,False,sc appeal 31 2017,affirmed
courts-sc-sc_appeal_31_2019.pdf,,SC,2019,False,sc appeal 31 2019,
courts-sc-sc_appeal_31_2023.pdf,,SC,2023,False,sc appeal 31 2023,allowed
courts-sc-sc_appeal_32_2009.pdf,,SC,2009,False,sc appeal 32 2009,dismissed
courts-sc-sc_appeal_32_2019.pdf,,SC,2019,False,sc appeal 32 2019,set-aside
courts-sc-sc_appeal_32_2021.pdf,,SC,2021,False,sc appeal 32 2021,set-aside
courts-sc-sc_appeal_33_2005.pdf,,SC,2005,False,sc appeal 33 2005,allowed
courts-sc-sc_appeal_33_2009-1.pdf,,SC,2009,False,sc appeal 33 2009 1,allowed
courts-sc-sc_appeal_33_2009-2.pdf,,SC,2009,False,sc appeal 33 2009 2,dismissed
courts-sc-sc_appeal_33_2010.pdf,,SC,2010,False,sc appeal 33 2010,dismissed
courts-sc-sc_appeal_33_2013-1.pdf,,SC,2013,False,sc appeal 33 2013 1,allowed
courts-sc-sc_appeal_33_2019.pdf,,SC,2019,False,sc appeal 33 2019,dismissed
courts-sc-sc_appeal_33_2020.pdf,,SC,2020,False,sc appeal 33 2020,set-aside
courts-sc-sc_appeal_33a_2012.pdf,,SC,2012,False,sc appeal 33a 2012,dismissed
courts-sc-sc_appeal_34_2010.pdf,,SC,2010,False,sc appeal 34 2010,dismissed
courts-sc-sc_appeal_34_2014.pdf,,SC,2014,False,sc appeal 34 2014,dismissed
courts-sc-sc_appeal_34_2015.pdf,,SC,2015,False,sc appeal 34 2015,dismissed
courts-sc-sc_appeal_34_2022.pdf,,SC,2022,False,sc appeal 34 2022,
courts-sc-sc_appeal_35_2018.pdf,,SC,2018,False,sc appeal 35 2018,allowed
courts-sc-sc_appeal_35_2021-1.pdf,,SC,2021,False,sc appeal 35 2021 1,
courts-sc-sc_appeal_36_-2018.pdf,,SC,2018,False,sc appeal 36 2018,dismissed
courts-sc-sc_appeal_36_2011.pdf,,SC,2011,False,sc appeal 36 2011,allowed
courts-sc-sc_appeal_36_2012.pdf,,SC,2012,False,sc appeal 36 2012,dismissed
courts-sc-sc_appeal_36_2014.pdf,,SC,2014,False,sc appeal 36 2014,
courts-sc-sc_appeal_36_2016.pdf,,SC,2016,False,sc appeal 36 2016,allowed
courts-sc-sc_appeal_36_2019.pdf,,SC,2019,False,sc appeal 36 2019,dismissed
courts-sc-sc_appeal_37_2012.pdf,,SC,2012,False,sc appeal 37 2012,set-aside
courts-sc-sc_appeal_37_2014.pdf,,SC,2014,False,sc appeal 37 2014,
courts-sc-sc_appeal_37_2019.pdf,,SC,2019,False,sc appeal 37 2019,affirmed
courts-sc-sc_appeal_37A_2010.pdf,,SC,2010,False,sc appeal 37A 2010,set-aside
courts-sc-sc_appeal_38_2011.pdf,,SC,2011,False,sc appeal 38 2011,set-aside
courts-sc-sc_appeal_38_2014-1.pdf,,SC,2014,False,sc appeal 38 2014 1,allowed
courts-sc-sc_appeal_38_2016.pdf,,SC,2016,False,sc appeal 38 2016,allowed
courts-sc-sc_appeal_38_2020.pdf,,SC,2020,False,sc appeal 38 2020,set-aside
courts-sc-sc_appeal_38_2025.pdf,,SC,2025,False,sc appeal 38 2025,
courts-sc-sc_appeal_38_39_2006.pdf,,SC,2006,False,sc appeal 38 39 2006,set-aside
courts-sc-sc_appeal_39_2014.pdf,,SC,2014,False,sc appeal 39 2014,set-aside
courts-sc-sc_appeal_39_2024.pdf,,SC,2024,False,sc appeal 39 2024,allowed
courts-sc-sc_appeal_3_2016.pdf,,SC,2016,False,sc appeal 3 2016,allowed
courts-sc-sc_appeal_3_2020.pdf,,SC,2020,False,sc appeal 3 2020,dismissed
courts-sc-sc_appeal_40_2012.pdf,,SC,2012,False,sc appeal 40 2012,affirmed
courts-sc-sc_appeal_40_2013.pdf,,SC,2013,False,sc appeal 40 2013,affirmed
courts-sc-sc_appeal_40_2014.pdf,,SC,2014,False,sc appeal 40 2014,set-aside
courts-sc-sc_appeal_40_2015.pdf,,SC,2015,False,sc appeal 40 2015,allowed
courts-sc-sc_appeal_40_2016.pdf,,SC,2016,False,sc appeal 40 2016,set-aside
courts-sc-sc_appeal_40_2018.pdf,,SC,2018,False,sc appeal 40 2018,allowed
courts-sc-sc_appeal_41_2008.pdf,,SC,2008,False,sc appeal 41 2008,dismissed
courts-sc-sc_appeal_41_2013.pdf,,SC,2013,False,sc appeal 41 2013,set-aside
courts-sc-sc_appeal_41_2015_and_sc_chc_37_2008-1.pdf,,SC,2008,False,sc appeal 41 2015 and sc chc 37 2008 1,dismissed
courts-sc-sc_appeal_41_2024-2.pdf,,SC,2024,False,sc appeal 41 2024 2,dismissed
courts-sc-sc_appeal_41_2024.pdf,,SC,2024,False,sc appeal 41 2024,dismissed
courts-sc-sc_appeal_42_2010-1.pdf,,SC,2010,False,sc appeal 42 2010 1,
courts-sc-sc_appeal_42_2015_46_2015-1.pdf,,SC,2015,False,sc appeal 42 2015 46 2015 1,allowed
courts-sc-sc_appeal_42_2018.pdf,,SC,2018,False,sc appeal 42 2018,set-aside
courts-sc-sc_appeal_43_2012.pdf,,SC,2012,False,sc appeal 43 2012,dismissed
courts-sc-sc_appeal_43_2015.pdf,,SC,2015,False,sc appeal 43 2015,dismissed
courts-sc-sc_appeal_43_2016.pdf,,SC,2016,False,sc appeal 43 2016,allowed
courts-sc-sc_appeal_43_2017.pdf,,SC,2017,False,sc appeal 43 2017,dismissed
courts-sc-sc_appeal_43_2019.pdf,,SC,2019,False,sc appeal 43 2019,dismissed
courts-sc-sc_appeal_43_2024.pdf,,SC,2024,False,sc appeal 43 2024,allowed
courts-sc-sc_appeal_44_2006-1.pdf,,SC,2006,False,sc appeal 44 2006 1,dismissed
courts-sc-sc_appeal_44_2012.pdf,,SC,2012,False,sc appeal 44 2012,dismissed
courts-sc-sc_appeal_44_2015.pdf,,SC,2015,False,sc appeal 44 2015,
courts-sc-sc_appeal_44_2016.pdf,,SC,2016,False,sc appeal 44 2016,allowed
courts-sc-sc_appeal_44_2019.pdf,,SC,2019,False,sc appeal 44 2019,allowed
courts-sc-sc_appeal_44_2020-1.pdf,,SC,2020,False,sc appeal 44 2020 1,allowed
courts-sc-sc_appeal_45_2010.pdf,,SC,2010,False,sc appeal 45 2010,set-aside
courts-sc-sc_appeal_45_2011.pdf,,SC,2011,False,sc appeal 45 2011,dismissed
courts-sc-sc_appeal_45_2017.pdf,,SC,2017,False,sc appeal 45 2017,
courts-sc-sc_appeal_46_2013.pdf,,SC,2013,False,sc appeal 46 2013,allowed
courts-sc-sc_appeal_46_2014.pdf,,SC,2014,False,sc appeal 46 2014,allowed
courts-sc-sc_appeal_46_2017.pdf,,SC,2017,False,sc appeal 46 2017,dismissed
courts-sc-sc_appeal_46_2018.pdf,,SC,2018,False,sc appeal 46 2018,dismissed
courts-sc-sc_appeal_46_2020.pdf,,SC,2020,False,sc appeal 46 2020,dismissed
courts-sc-sc_appeal_46_2022.pdf,,SC,2022,False,sc appeal 46 2022,allowed
courts-sc-sc_appeal_47_2012.pdf,,SC,2012,False,sc appeal 47 2012,allowed
courts-sc-sc_appeal_47_2015.pdf,,SC,2015,False,sc appeal 47 2015,dismissed
courts-sc-sc_appeal_47_2017.pdf,,SC,2017,False,sc appeal 47 2017,dismissed
courts-sc-sc_appeal_47_2018.pdf,,SC,2018,False,sc appeal 47 2018,dismissed
courts-sc-sc_appeal_47_2020.pdf,,SC,2020,False,sc appeal 47 2020,dismissed
courts-sc-sc_appeal_48_2010.pdf,,SC,2010,False,sc appeal 48 2010,dismissed
courts-sc-sc_appeal_48_2012.pdf,,SC,2012,False,sc appeal 48 2012,dismissed
courts-sc-sc_appeal_48_2013.pdf,,SC,2013,False,sc appeal 48 2013,dismissed
courts-sc-sc_appeal_48_2014.pdf,,SC,2014,False,sc appeal 48 2014,set-aside
courts-sc-sc_appeal_48_2017.pdf,,SC,2017,False,sc appeal 48 2017,allowed
courts-sc-sc_appeal_48_2020.pdf,,SC,2020,False,sc appeal 48 2020,allowed
courts-sc-sc_appeal_48_2021.pdf,,SC,2021,False,sc appeal 48 2021,dismissed
courts-sc-sc_appeal_48_2022.pdf,,SC,2022,False,sc appeal 48 2022,affirmed
courts-sc-sc_appeal_49_2003-part_I.pdf,,SC,2003,False,sc appeal 49 2003 part I,set-aside
courts-sc-sc_appeal_49_2003-part_II.pdf,,SC,2003,False,sc appeal 49 2003 part II,set-aside
courts-sc-sc_appeal_49_2013.pdf,,SC,2013,False,sc appeal 49 2013,
courts-sc-sc_appeal_49_2014.pdf,,SC,2014,False,sc appeal 49 2014,set-aside
courts-sc-sc_appeal_49_2017.pdf,,SC,2017,False,sc appeal 49 2017,dismissed
courts-sc-sc_appeal_49_2018.pdf,,SC,2018,False,sc appeal 49 2018,set-aside
courts-sc-sc_appeal_49_2020.pdf,,SC,2020,False,sc appeal 49 2020,
courts-sc-sc_appeal_49_2023.pdf,,SC,2023,False,sc appeal 49 2023,allowed
courts-sc-sc_appeal_4_2007.pdf,,SC,2007,False,sc appeal 4 2007,allowed
courts-sc-sc_appeal_4_2010.pdf,,SC,2010,False,sc appeal 4 2010,dismissed
courts-sc-sc_appeal_4_2011.pdf,,SC,2011,False,sc appeal 4 2011,set-aside
courts-sc-sc_appeal_4_2012.pdf,,SC,2012,False,sc appeal 4 2012,dismissed
courts-sc-sc_appeal_4_2015_1.pdf,,SC,2015,False,sc appeal 4 2015 1,allowed
courts-sc-sc_appeal_4_2016-1.pdf,,SC,2016,False,sc appeal 4 2016 1,dismissed
courts-sc-sc_appeal_50_2008.pdf,,SC,2008,False,sc appeal 50 2008,allowed
courts-sc-sc_appeal_50_2014.pdf,,SC,2014,False,sc appeal 50 2014,dismissed
courts-sc-sc_appeal_50_2015-1.pdf,,SC,2015,False,sc appeal 50 2015 1,allowed
courts-sc-sc_appeal_50_2018.pdf,,SC,2018,False,sc appeal 50 2018,dismissed
courts-sc-sc_appeal_50a_2013.pdf,,SC,2013,False,sc appeal 50a 2013,dismissed
courts-sc-sc_appeal_51_2010.pdf,,SC,2010,False,sc appeal 51 2010,
courts-sc-sc_appeal_51_2015.pdf,,SC,2015,False,sc appeal 51 2015,allowed
courts-sc-sc_appeal_51_2020-1.pdf,,SC,2020,False,sc appeal 51 2020 1,dismissed
courts-sc-sc_appeal_51_2021.pdf,,SC,2021,False,sc appeal 51 2021,allowed
courts-sc-sc_appeal_51_2022.pdf,,SC,2022,False,sc appeal 51 2022,dismissed
courts-sc-sc_appeal_51_2024.pdf,,SC,2024,False,sc appeal 51 2024,set-aside
courts-sc-sc_appeal_51_52_2011.pdf,,SC,2011,False,sc appeal 51 52 2011,affirmed
courts-sc-sc_appeal_52_2014.pdf,,SC,2014,False,sc appeal 52 2014,dismissed
courts-sc-sc_appeal_52_2018.pdf,,SC,2018,False,sc appeal 52 2018,dismissed
courts-sc-sc_appeal_52_2024.pdf,,SC,2024,False,sc appeal 52 2024,allowed
courts-sc-sc_appeal_53_2011.pdf,,SC,2011,False,sc appeal 53 2011,allowed
courts-sc-sc_appeal_53_2013.pdf,,SC,2013,False,sc appeal 53 2013,allowed
courts-sc-sc_appeal_53_2017.pdf,,SC,2017,False,sc appeal 53 2017,allowed
courts-sc-sc_appeal_53_2019.pdf,,SC,2019,False,sc appeal 53 2019,allowed
courts-sc-sc_appeal_53_2021.pdf,,SC,2021,False,sc appeal 53 2021,set-aside
courts-sc-sc_appeal_54_2008.pdf,,SC,2008,False,sc appeal 54 2008,dismissed
courts-sc-sc_appeal_54_2015.pdf,,SC,2015,False,sc appeal 54 2015,allowed
courts-sc-sc_appeal_54_2018.pdf,,SC,2018,False,sc appeal 54 2018,set-aside
courts-sc-sc_appeal_54_2019.pdf,,SC,2019,False,sc appeal 54 2019,allowed
courts-sc-sc_appeal_54_2020.pdf,,SC,2020,False,sc appeal 54 2020,set-aside
courts-sc-sc_appeal_54_2022.pdf,,SC,2022,False,sc appeal 54 2022,set-aside
courts-sc-sc_appeal_54a_2008.pdf,,SC,2008,False,sc appeal 54a 2008,allowed
courts-sc-sc_appeal_55_2012.pdf,,SC,2012,False,sc appeal 55 2012,set-aside
courts-sc-sc_appeal_55_2013.pdf,,SC,2013,False,sc appeal 55 2013,allowed
courts-sc-sc_appeal_55_2015.pdf,,SC,2015,False,sc appeal 55 2015,set-aside
courts-sc-sc_appeal_55_2016.pdf,,SC,2016,False,sc appeal 55 2016,allowed
courts-sc-sc_appeal_55_2020.pdf,,SC,2020,False,sc appeal 55 2020,allowed
courts-sc-sc_appeal_56_2010.pdf,,SC,2010,False,sc appeal 56 2010,allowed
courts-sc-sc_appeal_56_2015.pdf,,SC,2015,False,sc appeal 56 2015,set-aside
courts-sc-sc_appeal_56_2018.pdf,,SC,2018,False,sc appeal 56 2018,dismissed
courts-sc-sc_appeal_56_2020.pdf,,SC,2020,False,sc appeal 56 2020,allowed
courts-sc-sc_appeal_56_2023.pdf,,SC,2023,False,sc appeal 56 2023,dismissed
courts-sc-sc_appeal_57_2013.pdf,,SC,2013,False,sc appeal 57 2013,dismissed
courts-sc-sc_appeal_57_2014.pdf,,SC,2014,False,sc appeal 57 2014,dismissed
courts-sc-sc_appeal_57_2016.pdf,,SC,2016,False,sc appeal 57 2016,
courts-sc-sc_appeal_57_2019.pdf,,SC,2019,False,sc appeal 57 2019,dismissed
courts-sc-sc_appeal_58_2014-2.pdf,,SC,2014,False,sc appeal 58 2014 2,
courts-sc-sc_appeal_58_2018.pdf,,SC,2018,False,sc appeal 58 2018,set-aside
courts-sc-sc_appeal_58_2019.pdf,,SC,2019,False,sc appeal 58 2019,dismissed
courts-sc-sc_appeal_58_2021.pdf,,SC,2021,False,sc appeal 58 2021,dismissed
courts-sc-sc_appeal_59_2012.pdf,,SC,2012,False,sc appeal 59 2012,dismissed
courts-sc-sc_appeal_59_2014.pdf,,SC,2014,False,sc appeal 59 2014,dismissed
courts-sc-sc_appeal_59_2015.pdf,,SC,2015,False,sc appeal 59 2015,allowed
courts-sc-sc_appeal_59_2018.pdf,,SC,2018,False,sc appeal 59 2018,dismissed
courts-sc-sc_appeal_59_2020.pdf,,SC,2020,False,sc appeal 59 2020,dismissed
courts-sc-sc_appeal_59_2021.pdf,,SC,2021,False,sc appeal 59 2021,allowed
courts-sc-sc_appeal_59_2024.pdf,,SC,2024,False,sc appeal 59 2024,set-aside
courts-sc-sc_appeal_5_2012.pdf,,SC,2012,False,sc appeal 5 2012,allowed
courts-sc-sc_appeal_5_2013.pdf,,SC,2013,False,sc appeal 5 2013,allowed
courts-sc-sc_appeal_60_2004.pdf,,SC,2004,False,sc appeal 60 2004,allowed
courts-sc-sc_appeal_60_2014.pdf,,SC,2014,False,sc appeal 60 2014,dismissed
courts-sc-sc_appeal_60_2020.pdf,,SC,2020,False,sc appeal 60 2020,allowed
courts-sc-sc_appeal_60_2021.pdf,,SC,2021,False,sc appeal 60 2021,allowed
courts-sc-sc_appeal_61_2008.pdf,,SC,2008,False,sc appeal 61 2008,allowed
courts-sc-sc_appeal_61_2013-1.pdf,,SC,2013,False,sc appeal 61 2013 1,allowed
courts-sc-sc_appeal_62_2024.pdf,,SC,2024,False,sc appeal 62 2024,allowed
courts-sc-sc_appeal_63_2021.pdf,,SC,2021,False,sc appeal 63 2021,allowed
courts-sc-sc_appeal_64_2008.pdf,,SC,2008,False,sc appeal 64 2008,dismissed
courts-sc-sc_appeal_64_2014.pdf,,SC,2014,False,sc appeal 64 2014,dismissed
courts-sc-sc_appeal_65_2025-2.pdf,,SC,2025,False,sc appeal 65 2025 2,allowed
courts-sc-sc_appeal_66_2011.pdf,,SC,2011,False,sc appeal 66 2011,
courts-sc-sc_appeal_66_2012.pdf,,SC,2012,False,sc appeal 66 2012,set-aside
courts-sc-sc_appeal_66_2013.pdf,,SC,2013,False,sc appeal 66 2013,affirmed
courts-sc-sc_appeal_66_2022.pdf,,SC,2022,False,sc appeal 66 2022,dismissed
courts-sc-sc_appeal_66_64_2015.pdf,,SC,2015,False,sc appeal 66 64 2015,allowed
courts-sc-sc_appeal_67-2016.pdf,,SC,2016,False,sc appeal 67 2016,allowed
courts-sc-sc_appeal_67_2015.pdf,,SC,2015,False,sc appeal 67 2015,dismissed
courts-sc-sc_appeal_67_2018.pdf,,SC,2018,False,sc appeal 67 2018,dismissed
courts-sc-sc_appeal_67_2025.pdf,,SC,2025,False,sc appeal 67 2025,allowed
courts-sc-sc_appeal_68_2013.pdf,,SC,2013,False,sc appeal 68 2013,set-aside
courts-sc-sc_appeal_68_2014.pdf,,SC,2014,False,sc appeal 68 2014,affirmed
courts-sc-sc_appeal_68_2015.pdf,,SC,2015,False,sc appeal 68 2015,dismissed
courts-sc-sc_appeal_69_2012.pdf,,SC,2012,False,sc appeal 69 2012,allowed
courts-sc-sc_appeal_69_2013.pdf,,SC,2013,False,sc appeal 69 2013,allowed
courts-sc-sc_appeal_69_2015-1.pdf,,SC,2015,False,sc appeal 69 2015 1,set-aside
courts-sc-sc_appeal_69_2019-1.pdf,,SC,2019,False,sc appeal 69 2019 1,affirmed
courts-sc-sc_appeal_69_2020.pdf,,SC,2020,False,sc appeal 69 2020,allowed
courts-sc-sc_appeal_6_2008.pdf,,SC,2008,False,sc appeal 6 2008,dismissed
courts-sc-sc_appeal_6_2013.pdf,,SC,2013,False,sc appeal 6 2013,dismissed
courts-sc-sc_appeal_6_2021.pdf,,SC,2021,False,sc appeal 6 2021,allowed
courts-sc-sc_appeal_6_2023_ed1.pdf,,SC,2023,False,sc appeal 6 2023 ed1,dismissed
courts-sc-sc_appeal_70_2013.pdf,,SC,2013,False,sc appeal 70 2013,dismissed
courts-sc-sc_appeal_70_2015.pdf,,SC,2015,False,sc appeal 70 2015,allowed
courts-sc-sc_appeal_70_2020.pdf,,SC,2020,False,sc appeal 70 2020,
courts-sc-sc_appeal_71_2007.pdf,,SC,2007,False,sc appeal 71 2007,allowed
courts-sc-sc_appeal_71_2014.pdf,,SC,2014,False,sc appeal 71 2014,allowed
courts-sc-sc_appeal_71_2017.pdf,,SC,2017,False,sc appeal 71 2017,allowed
courts-sc-sc_appeal_71_72_2023.pdf,,SC,2023,False,sc appeal 71 72 2023,set-aside
courts-sc-sc_appeal_72_2012.pdf,,SC,2012,False,sc appeal 72 2012,set-aside
courts-sc-sc_appeal_73_2010.pdf,,SC,2010,False,sc appeal 73 2010,dismissed
courts-sc-sc_appeal_73_2011.pdf,,SC,2011,False,sc appeal 73 2011,set-aside
courts-sc-sc_appeal_73_2012-1.pdf,,SC,2012,False,sc appeal 73 2012 1,allowed
courts-sc-sc_appeal_73_2013.pdf,,SC,2013,False,sc appeal 73 2013,set-aside
courts-sc-sc_appeal_74_2012.pdf,,SC,2012,False,sc appeal 74 2012,allowed
courts-sc-sc_appeal_74_2017.pdf,,SC,2017,False,sc appeal 74 2017,
courts-sc-sc_appeal_74_2020.pdf,,SC,2020,False,sc appeal 74 2020,set-aside
courts-sc-sc_appeal_74_2021.pdf,,SC,2021,False,sc appeal 74 2021,dismissed
courts-sc-sc_appeal_75_2013.pdf,,SC,2013,False,sc appeal 75 2013,allowed
courts-sc-sc_appeal_75_2014.pdf,,SC,2014,False,sc appeal 75 2014,dismissed
courts-sc-sc_appeal_75_2017.pdf,,SC,2017,False,sc appeal 75 2017,affirmed
courts-sc-sc_appeal_76_2011.pdf,,SC,2011,False,sc appeal 76 2011,allowed
courts-sc-sc_appeal_76_2012.pdf,,SC,2012,False,sc appeal 76 2012,allowed
courts-sc-sc_appeal_76_2016.pdf,,SC,2016,False,sc appeal 76 2016,affirmed
courts-sc-sc_appeal_76_2021.pdf,,SC,2021,False,sc appeal 76 2021,set-aside
courts-sc-sc_appeal_77_2013.pdf,,SC,2013,False,sc appeal 77 2013,affirmed
courts-sc-sc_appeal_77_2014.pdf,,SC,2014,False,sc appeal 77 2014,dismissed
courts-sc-sc_appeal_77_2017.pdf,,SC,2017,False,sc appeal 77 2017,affirmed
courts-sc-sc_appeal_77_2018.pdf,,SC,2018,False,sc appeal 77 2018,allowed
courts-sc-sc_appeal_77_2019.pdf,,SC,2019,False,sc appeal 77 2019,allowed
courts-sc-sc_appeal_78_2010.pdf,,SC,2010,False,sc appeal 78 2010,dismissed
courts-sc-sc_appeal_78_2012.pdf,,SC,2012,False,sc appeal 78 2012,allowed
courts-sc-sc_appeal_78_2013.pdf,,SC,2013,False,sc appeal 78 2013,dismissed
courts-sc-sc_appeal_78_2018.pdf,,SC,2018,False,sc appeal 78 2018,dismissed
courts-sc-sc_appeal_78_2021.pdf,,SC,2021,False,sc appeal 78 2021,set-aside
courts-sc-sc_appeal_78_2022.pdf,,SC,2022,False,sc appeal 78 2022,dismissed
courts-sc-sc_appeal_78_2024.pdf,,SC,2024,False,sc appeal 78 2024,allowed
courts-sc-sc_appeal_79_2010.pdf,,SC,2010,False,sc appeal 79 2010,dismissed
courts-sc-sc_appeal_79_2017.pdf,,SC,2017,False,sc appeal 79 2017,allowed
courts-sc-sc_appeal_79_2019.pdf,,SC,2019,False,sc appeal 79 2019,dismissed
courts-sc-sc_appeal_7_2004.pdf,,SC,2004,False,sc appeal 7 2004,set-aside
courts-sc-sc_appeal_7_2020.pdf,,SC,2020,False,sc appeal 7 2020,allowed
courts-sc-sc_appeal_7_2021.pdf,,SC,2021,False,sc appeal 7 2021,set-aside
courts-sc-sc_appeal_80_2004.pdf,,SC,2004,False,sc appeal 80 2004,dismissed
courts-sc-sc_appeal_80_2011.pdf,,SC,2011,False,sc appeal 80 2011,set-aside
courts-sc-sc_appeal_80_2014.pdf,,SC,2014,False,sc appeal 80 2014,allowed
courts-sc-sc_appeal_80_2018.pdf,,SC,2018,False,sc appeal 80 2018,dismissed
courts-sc-sc_appeal_80_2022.pdf,,SC,2022,False,sc appeal 80 2022,allowed
courts-sc-sc_appeal_81_2010.pdf,,SC,2010,False,sc appeal 81 2010,allowed
courts-sc-sc_appeal_81_2013.pdf,,SC,2013,False,sc appeal 81 2013,allowed
courts-sc-sc_appeal_81_2020.pdf,,SC,2020,False,sc appeal 81 2020,set-aside
courts-sc-sc_appeal_81_2022.pdf,,SC,2022,False,sc appeal 81 2022,affirmed
courts-sc-sc_appeal_82_2009.pdf,,SC,2009,False,sc appeal 82 2009,dismissed
courts-sc-sc_appeal_82_2010.pdf,,SC,2010,False,sc appeal 82 2010,allowed
courts-sc-sc_appeal_82_2014.pdf,,SC,2014,False,sc appeal 82 2014,set-aside
courts-sc-sc_appeal_82_2020.pdf,,SC,2020,False,sc appeal 82 2020,set-aside
courts-sc-sc_appeal_82_2021.pdf,,SC,2021,False,sc appeal 82 2021,allowed
courts-sc-sc_appeal_83_2008.pdf,,SC,2008,False,sc appeal 83 2008,set-aside
courts-sc-sc_appeal_83_2011.pdf,,SC,2011,False,sc appeal 83 2011,dismissed
courts-sc-sc_appeal_83_2012.pdf,,SC,2012,False,sc appeal 83 2012,set-aside
courts-sc-sc_appeal_83_2013.pdf,,SC,2013,False,sc appeal 83 2013,set-aside
courts-sc-sc_appeal_83_2014.pdf,,SC,2014,False,sc appeal 83 2014,dismissed
courts-sc-sc_appeal_84_2015.pdf,,SC,2015,False,sc appeal 84 2015,dismissed
courts-sc-sc_appeal_84_2016.pdf,,SC,2016,False,sc appeal 84 2016,set-aside
courts-sc-sc_appeal_84_2019.pdf,,SC,2019,False,sc appeal 84 2019,set-aside
courts-sc-sc_appeal_84_2025_ed.pdf,,SC,2025,False,sc appeal 84 2025 ed,dismissed
courts-sc-sc_appeal_85_2021.pdf,,SC,2021,False,sc appeal 85 2021,set-aside
courts-sc-sc_appeal_85a_2009.pdf,,SC,2009,False,sc appeal 85a 2009,set-aside
courts-sc-sc_appeal_86_2011.pdf,,SC,2011,False,sc appeal 86 2011,dismissed
courts-sc-sc_appeal_87_2002.pdf,,SC,2002,False,sc appeal 87 2002,dismissed
courts-sc-sc_appeal_87_2010.pdf,,SC,2010,False,sc appeal 87 2010,
courts-sc-sc_appeal_87_2011.pdf,,SC,2011,False,sc appeal 87 2011,set-aside
courts-sc-sc_appeal_87_2014.pdf,,SC,2014,False,sc appeal 87 2014,allowed
courts-sc-sc_appeal_87_2017.pdf,,SC,2017,False,sc appeal 87 2017,allowed
courts-sc-sc_appeal_88_2018.pdf,,SC,2018,False,sc appeal 88 2018,affirmed
courts-sc-sc_appeal_89_2010-1.pdf,,SC,2010,False,sc appeal 89 2010 1,affirmed
courts-sc-sc_appeal_89_2010.pdf,,SC,2010,False,sc appeal 89 2010,allowed
courts-sc-sc_appeal_89_2011.pdf,,SC,2011,False,sc appeal 89 2011,set-aside
courts-sc-sc_appeal_89_2017-1.pdf,,SC,2017,False,sc appeal 89 2017 1,allowed
courts-sc-sc_appeal_89_2018.pdf,,SC,2018,False,sc appeal 89 2018,allowed
courts-sc-sc_appeal_89_2019.pdf,,SC,2019,False,sc appeal 89 2019,set-aside
courts-sc-sc_appeal_8_2011.pdf,,SC,2011,False,sc appeal 8 2011,dismissed
courts-sc-sc_appeal_8_2013.pdf,,SC,2013,False,sc appeal 8 2013,set-aside
courts-sc-sc_appeal_8_2015.pdf,,SC,2015,False,sc appeal 8 2015,dismissed
courts-sc-sc_appeal_8_2017.pdf,,SC,2017,False,sc appeal 8 2017,allowed
courts-sc-sc_appeal_8_2018.pdf,,SC,2018,False,sc appeal 8 2018,dismissed
courts-sc-sc_appeal_8_2021-1.pdf,,SC,2021,False,sc appeal 8 2021 1,set-aside
courts-sc-sc_appeal_8a_2009.pdf,,SC,2009,False,sc appeal 8a 2009,affirmed
courts-sc-sc_appeal_8a_2010.pdf,,SC,2010,False,sc appeal 8a 2010,
courts-sc-sc_appeal_90_2009.pdf,,SC,2009,False,sc appeal 90 2009,dismissed
courts-sc-sc_appeal_90_2016.pdf,,SC,2016,False,sc appeal 90 2016,
courts-sc-sc_appeal_91_2013.pdf,,SC,2013,False,sc appeal 91 2013,dismissed
courts-sc-sc_appeal_91_2020.pdf,,SC,2020,False,sc appeal 91 2020,dismissed
courts-sc-sc_appeal_92_2010.pdf,,SC,2010,False,sc appeal 92 2010,dismissed
courts-sc-sc_appeal_92_2012-1.pdf,,SC,2012,False,sc appeal 92 2012 1,
courts-sc-sc_appeal_92_2014.pdf,,SC,2014,False,sc appeal 92 2014,dismissed
courts-sc-sc_appeal_92_93_2013.pdf,,SC,2013,False,sc appeal 92 93 2013,dismissed
courts-sc-sc_appeal_93_2009.pdf,,SC,2009,False,sc appeal 93 2009,allowed
courts-sc-sc_appeal_93_2012.pdf,,SC,2012,False,sc appeal 93 2012,set-aside
courts-sc-sc_appeal_93_2015.pdf,,SC,2015,False,sc appeal 93 2015,dismissed
courts-sc-sc_appeal_93_2017.pdf,,SC,2017,False,sc appeal 93 2017,dismissed
courts-sc-sc_appeal_93_2022.pdf,,SC,2022,False,sc appeal 93 2022,dismissed
courts-sc-sc_appeal_93a_2011.pdf,,SC,2011,False,sc appeal 93a 2011,
courts-sc-sc_appeal_94_2013-1.pdf,,SC,2013,False,sc appeal 94 2013 1,dismissed
courts-sc-sc_appeal_94_2017.pdf,,SC,2017,False,sc appeal 94 2017,dismissed
courts-sc-sc_appeal_94_2025.pdf,,SC,2025,False,sc appeal 94 2025,dismissed
courts-sc-sc_appeal_94_and_95_2019.pdf,,SC,2019,False,sc appeal 94 and 95 2019,affirmed
courts-sc-sc_appeal_95_2015.pdf,,SC,2015,False,sc appeal 95 2015,allowed
courts-sc-sc_appeal_95_2016.pdf,,SC,2016,False,sc appeal 95 2016,allowed
courts-sc-sc_appeal_95_2018.pdf,,SC,2018,False,sc appeal 95 2018,set-aside
courts-sc-sc_appeal_95_2021.pdf,,SC,2021,False,sc appeal 95 2021,set-aside
courts-sc-sc_appeal_95_2025.pdf,,SC,2025,False,sc appeal 95 2025,set-aside
courts-sc-sc_appeal_96_2010.pdf,,SC,2010,False,sc appeal 96 2010,dismissed
courts-sc-sc_appeal_96_2013.pdf,,SC,2013,False,sc appeal 96 2013,dismissed
courts-sc-sc_appeal_96_2025.pdf,,SC,2025,False,sc appeal 96 2025,
courts-sc-sc_appeal_96_97_2016.pdf,,SC,2016,False,sc appeal 96 97 2016,allowed
courts-sc-sc_appeal_97_2010.pdf,,SC,2010,False,sc appeal 97 2010,allowed
courts-sc-sc_appeal_97_2011.pdf,,SC,2011,False,sc appeal 97 2011,dismissed
courts-sc-sc_appeal_97_2014.pdf,,SC,2014,False,sc appeal 97 2014,
courts-sc-sc_appeal_97_2015-1.pdf,,SC,2015,False,sc appeal 97 2015 1,allowed
courts-sc-sc_appeal_98_2007.pdf,,SC,2007,False,sc appeal 98 2007,allowed
courts-sc-sc_appeal_98_2014.pdf,,SC,2014,False,sc appeal 98 2014,dismissed
courts-sc-sc_appeal_98_2017.pdf,,SC,2017,False,sc appeal 98 2017,set-aside
courts-sc-sc_appeal_98_2019.pdf,,SC,2019,False,sc appeal 98 2019,dismissed
courts-sc-sc_appeal_99_2013.pdf,,SC,2013,False,sc appeal 99 2013,
courts-sc-sc_appeal_99_2016.pdf,,SC,2016,False,sc appeal 99 2016,dismissed
courts-sc-sc_appeal_99a_2009.pdf,,SC,2009,False,sc appeal 99a 2009,dismissed
courts-sc-sc_appeal_9_2011.pdf,,SC,2011,False,sc appeal 9 2011,allowed
courts-sc-sc_appeal_9_2016.pdf,,SC,2016,False,sc appeal 9 2016,dismissed
courts-sc-sc_appeal_9_2017.pdf,,SC,2017,False,sc appeal 9 2017,dismissed
courts-sc-sc_chc-appeal_54_2019.pdf,,SC,2019,False,sc chc appeal 54 2019,dismissed
courts-sc-sc_chc_-44_2012.pdf,,SC,2012,False,sc chc 44 2012,allowed
courts-sc-sc_chc_apleal_19_2002.pdf,,SC,2002,False,sc chc apleal 19 2002,set-aside
courts-sc-sc_chc_appeal_10_2015.pdf,,SC,2015,False,sc chc appeal 10 2015,dismissed
courts-sc-sc_chc_appeal_10_2017.pdf,,SC,2017,False,sc chc appeal 10 2017,dismissed
courts-sc-sc_chc_appeal_11_2014.pdf,,SC,2014,False,sc chc appeal 11 2014,dismissed
courts-sc-sc_chc_appeal_13_2001.pdf,,SC,2001,False,sc chc appeal 13 2001,set-aside
courts-sc-sc_chc_appeal_13_2010.pdf,,SC,2010,False,sc chc appeal 13 2010,affirmed
courts-sc-sc_chc_appeal_13_2012.pdf,,SC,2012,False,sc chc appeal 13 2012,
courts-sc-sc_chc_appeal_14_2015.pdf,,SC,2015,False,sc chc appeal 14 2015,set-aside
courts-sc-sc_chc_appeal_14_2016.pdf,,SC,2016,False,sc chc appeal 14 2016,
courts-sc-sc_chc_appeal_16_2007.pdf,,SC,2007,False,sc chc appeal 16 2007,dismissed
courts-sc-sc_chc_appeal_17_2014.pdf,,SC,2014,False,sc chc appeal 17 2014,dismissed
courts-sc-sc_chc_appeal_18_2008.pdf,,SC,2008,False,sc chc appeal 18 2008,dismissed
courts-sc-sc_chc_appeal_19_2013-1.pdf,,SC,2013,False,sc chc appeal 19 2013 1,
courts-sc-sc_chc_appeal_19_2022.pdf,,SC,2022,False,sc chc appeal 19 2022,set-aside
courts-sc-sc_chc_appeal_1_2014.pdf,,SC,2014,False,sc chc appeal 1 2014,dismissed
courts-sc-sc_chc_appeal_20_2012.pdf,,SC,2012,False,sc chc appeal 20 2012,allowed
courts-sc-sc_chc_appeal_21_2006.pdf,,SC,2006,False,sc chc appeal 21 2006,allowed
courts-sc-sc_chc_appeal_22_2011.pdf,,SC,2011,False,sc chc appeal 22 2011,dismissed
courts-sc-sc_chc_appeal_22_2013.pdf,,SC,2013,False,sc chc appeal 22 2013,dismissed
courts-sc-sc_chc_appeal_22_2014.pdf,,SC,2014,False,sc chc appeal 22 2014,dismissed
courts-sc-sc_chc_appeal_22_2020.pdf,,SC,2020,False,sc chc appeal 22 2020,dismissed
courts-sc-sc_chc_appeal_23_2008.pdf,,SC,2008,False,sc chc appeal 23 2008,dismissed
courts-sc-sc_chc_appeal_23_2013.pdf,,SC,2013,False,sc chc appeal 23 2013,dismissed
courts-sc-sc_chc_appeal_24_2008.pdf,,SC,2008,False,sc chc appeal 24 2008,dismissed
courts-sc-sc_chc_appeal_25_2015-1.pdf,,SC,2015,False,sc chc appeal 25 2015 1,dismissed
courts-sc-sc_chc_appeal_26_2003.pdf,,SC,2003,False,sc chc appeal 26 2003,dismissed
courts-sc-sc_chc_appeal_26_2010-1.pdf,,SC,2010,False,sc chc appeal 26 2010 1,dismissed
courts-sc-sc_chc_appeal_26_2018.pdf,,SC,2018,False,sc chc appeal 26 2018,dismissed
courts-sc-sc_chc_appeal_27_2007.pdf,,SC,2007,False,sc chc appeal 27 2007,dismissed
courts-sc-sc_chc_appeal_28_2008.pdf,,SC,2008,False,sc chc appeal 28 2008,dismissed
courts-sc-sc_chc_appeal_29_2011.pdf,,SC,2011,False,sc chc appeal 29 2011,allowed
courts-sc-sc_chc_appeal_2_2011.pdf,,SC,2011,False,sc chc appeal 2 2011,allowed
courts-sc-sc_chc_appeal_30_2013.pdf,,SC,2013,False,sc chc appeal 30 2013,affirmed
courts-sc-sc_chc_appeal_32_32A_2008.pdf,,SC,2008,False,sc chc appeal 32 32A 2008,dismissed
courts-sc-sc_chc_appeal_35_2009.pdf,,SC,2009,False,sc chc appeal 35 2009,dismissed
courts-sc-sc_chc_appeal_37_2006.pdf,,SC,2006,False,sc chc appeal 37 2006,allowed
courts-sc-sc_chc_appeal_38_2023.pdf,,SC,2023,False,sc chc appeal 38 2023,dismissed
courts-sc-sc_chc_appeal_39_2006.pdf,,SC,2006,False,sc chc appeal 39 2006,allowed
courts-sc-sc_chc_appeal_39_2010.pdf,,SC,2010,False,sc chc appeal 39 2010,set-aside
courts-sc-sc_chc_appeal_3_2000.pdf,,SC,2000,False,sc chc appeal 3 2000,dismissed
courts-sc-sc_chc_appeal_3_2009.pdf,,SC,2009,False,sc chc appeal 3 2009,dismissed
courts-sc-sc_chc_appeal_3_2012.pdf,,SC,2012,False,sc chc appeal 3 2012,affirmed
courts-sc-sc_chc_appeal_43_2022.pdf,,SC,2022,False,sc chc appeal 43 2022,set-aside
courts-sc-sc_chc_appeal_44_2014.pdf,,SC,2014,False,sc chc appeal 44 2014,
courts-sc-sc_chc_appeal_45_2014.pdf,,SC,2014,False,sc chc appeal 45 2014,dismissed
courts-sc-sc_chc_appeal_45_2017-.pdf,,SC,2017,False,sc chc appeal 45 2017,allowed
courts-sc-sc_chc_appeal_47_2019.pdf,,SC,2019,False,sc chc appeal 47 2019,
courts-sc-sc_chc_appeal_48_2013.pdf,,SC,2013,False,sc chc appeal 48 2013,dismissed
courts-sc-sc_chc_appeal_48_2017.pdf,,SC,2017,False,sc chc appeal 48 2017,dismissed
courts-sc-sc_chc_appeal_4_2006.pdf,,SC,2006,False,sc chc appeal 4 2006,
courts-sc-sc_chc_appeal_54_2007.pdf,,SC,2007,False,sc chc appeal 54 2007,dismissed
courts-sc-sc_chc_appeal_55_2006.pdf,,SC,2006,False,sc chc appeal 55 2006,dismissed
courts-sc-sc_chc_appeal_56_2013-1.pdf,,SC,2013,False,sc chc appeal 56 2013 1,dismissed
courts-sc-sc_chc_appeal_5_2007.pdf,,SC,2007,False,sc chc appeal 5 2007,allowed
courts-sc-sc_chc_appeal_5_2013.pdf,,SC,2013,False,sc chc appeal 5 2013,dismissed
courts-sc-sc_chc_appeal_62_2012.pdf,,SC,2012,False,sc chc appeal 62 2012,dismissed
courts-sc-sc_chc_appeal_64_2013.pdf,,SC,2013,False,sc chc appeal 64 2013,allowed
courts-sc-sc_chc_appeal_69_2013-1.pdf,,SC,2013,False,sc chc appeal 69 2013 1,
courts-sc-sc_chc_appeal_6_2011.pdf,,SC,2011,False,sc chc appeal 6 2011,dismissed
courts-sc-sc_chc_appeal_6_2019.pdf,,SC,2019,False,sc chc appeal 6 2019,dismissed
courts-sc-sc_chc_appeal_72_2013.pdf,,SC,2013,False,sc chc appeal 72 2013,allowed
courts-sc-sc_chc_appeal_7_2012.pdf,,SC,2012,False,sc chc appeal 7 2012,dismissed
courts-sc-sc_chc_appeal_8_2010.pdf,,SC,2010,False,sc chc appeal 8 2010,allowed
courts-sc-sc_chc_appeal_9_2009.pdf,,SC,2009,False,sc chc appeal 9 2009,
courts-sc-sc_chc_appeal_9_2010-1.pdf,,SC,2010,False,sc chc appeal 9 2010 1,set-aside
courts-sc-sc_chc_appeal_9_2016.pdf,,SC,2016,False,sc chc appeal 9 2016,dismissed
courts-sc-sc_cont_2_2024.pdf,,SC,2024,False,sc cont 2 2024,
courts-sc-sc_cont_3_2016.pdf,,SC,2016,False,sc cont 3 2016,
courts-sc-sc_fr_117_2011.pdf,,SC,2011,False,sc fr 117 2011,
courts-sc-sc_fr_137_2011.pdf,,SC,2011,False,sc fr 137 2011,
courts-sc-sc_fr_13_2020.pdf,,SC,2020,False,sc fr 13 2020,affirmed
courts-sc-sc_fr_141_2015.pdf,,SC,2015,False,sc fr 141 2015,
courts-sc-sc_fr_152_2019.pdf,,SC,2019,False,sc fr 152 2019,
courts-sc-sc_fr_158_2013.pdf,,SC,2013,False,sc fr 158 2013,
courts-sc-sc_fr_15_2010.pdf,,SC,2010,False,sc fr 15 2010,
courts-sc-sc_fr_162_2015.pdf,,SC,2015,False,sc fr 162 2015,dismissed
courts-sc-sc_fr_171_2017.pdf,,SC,2017,False,sc fr 171 2017,
courts-sc-sc_fr_17_2019.pdf,,SC,2019,False,sc fr 17 2019,
courts-sc-sc_fr_19_2009.pdf,,SC,2009,False,sc fr 19 2009,
courts-sc-sc_fr_19_2015.pdf,,SC,2015,False,sc fr 19 2015,
courts-sc-sc_fr_1_2015.pdf,,SC,2015,False,sc fr 1 2015,
courts-sc-sc_fr_204_2022.pdf,,SC,2022,False,sc fr 204 2022,
courts-sc-sc_fr_207_2016.pdf,,SC,2016,False,sc fr 207 2016,
courts-sc-sc_fr_212_2021.pdf,,SC,2021,False,sc fr 212 2021,
courts-sc-sc_fr_21_2019.pdf,,SC,2019,False,sc fr 21 2019,
courts-sc-sc_fr_236_2013.pdf,,SC,2013,False,sc fr 236 2013,
courts-sc-sc_fr_237_2013.pdf,,SC,2013,False,sc fr 237 2013,
courts-sc-sc_fr_238_2013.pdf,,SC,2013,False,sc fr 238 2013,
courts-sc-sc_fr_23_2021.pdf,,SC,2021,False,sc fr 23 2021,
courts-sc-sc_fr_241_2016.pdf,,SC,2016,False,sc fr 241 2016,
courts-sc-sc_fr_24_2013.pdf,,SC,2013,False,sc fr 24 2013,
courts-sc-sc_fr_24_2018.pdf,,SC,2018,False,sc fr 24 2018,
courts-sc-sc_fr_278_2021.pdf,,SC,2021,False,sc fr 278 2021,
courts-sc-sc_fr_286_2023.pdf,,SC,2023,False,sc fr 286 2023,
courts-sc-sc_fr_298_2021.pdf,,SC,2021,False,sc fr 298 2021,
courts-sc-sc_fr_307_2017.pdf,,SC,2017,False,sc fr 307 2017,dismissed
courts-sc-SC_FR_30_2012-1.pdf,,SC,2012,False,SC FR 30 2012 1,
courts-sc-sc_fr_30_2018.pdf,,SC,2018,False,sc fr 30 2018,
courts-sc-sc_fr_311_2015_and_sc_fr_318_2015-3.pdf,,SC,2015,False,sc fr 311 2015 and sc fr 318 2015 3,
courts-sc-sc_fr_311_2016-1.pdf,,SC,2016,False,sc fr 311 2016 1,
courts-sc-sc_fr_31_2011.pdf,,SC,2011,False,sc fr 31 2011,
courts-sc-sc_fr_31_2014.pdf,,SC,2014,False,sc fr 31 2014,
courts-sc-sc_fr_328_2011.pdf,,SC,2011,False,sc fr 328 2011,
courts-sc-sc_fr_335_2016.pdf,,SC,2016,False,sc fr 335 2016,affirmed
courts-sc-sc_fr_350_2013.pdf,,SC,2013,False,sc fr 350 2013,
courts-sc-sc_fr_351_2022.pdf,,SC,2022,False,sc fr 351 2022,set-aside
courts-sc-sc_fr_356_2016.pdf,,SC,2016,False,sc fr 356 2016,
courts-sc-sc_fr_35_2011.pdf,,SC,2011,False,sc fr 35 2011,set-aside
courts-sc-sc_fr_374_2017.pdf,,SC,2017,False,sc fr 374 2017,
courts-sc-sc_fr_37_2013-1.pdf,,SC,2013,False,sc fr 37 2013 1,set-aside
courts-sc-sc_fr_38_2018.pdf,,SC,2018,False,sc fr 38 2018,
courts-sc-sc_fr_393_2010-1.pdf,,SC,2010,False,sc fr 393 2010 1,
courts-sc-sc_fr_39_2013.pdf,,SC,2013,False,sc fr 39 2013,
courts-sc-sc_fr_39_2019.pdf,,SC,2019,False,sc fr 39 2019,dismissed
courts-sc-sc_fr_431_2005.pdf,,SC,2005,False,sc fr 431 2005,
courts-sc-sc_fr_43_2017.pdf,,SC,2017,False,sc fr 43 2017,
courts-sc-sc_fr_442_2016.pdf,,SC,2016,False,sc fr 442 2016,dismissed
courts-sc-sc_fr_448_2019.pdf,,SC,2019,False,sc fr 448 2019,
courts-sc-sc_fr_452_2008.pdf,,SC,2008,False,sc fr 452 2008,set-aside
courts-sc-sc_fr_459_2017.pdf,,SC,2017,False,sc fr 459 2017,dismissed
courts-sc-sc_fr_46_2021.pdf,,SC,2021,False,sc fr 46 2021,set-aside
courts-sc-sc_fr_498_2012.pdf,,SC,2012,False,sc fr 498 2012,
courts-sc-sc_fr_542_2009.pdf,,SC,2009,False,sc fr 542 2009,dismissed
courts-sc-sc_fr_62_2018.pdf,,SC,2018,False,sc fr 62 2018,
courts-sc-sc_fr_66_2024-1.pdf,,SC,2024,False,sc fr 66 2024 1,
courts-sc-sc_fr_70_2017.pdf,,SC,2017,False,sc fr 70 2017,
courts-sc-sc_fr_96_2012.pdf,,SC,2012,False,sc fr 96 2012,dismissed
courts-sc-sc_hc_cala_119_2015.pdf,,SC,2015,False,sc hc cala 119 2015,
courts-sc-sc_hc_cala_127_128_2014.pdf,,SC,2014,False,sc hc cala 127 128 2014,set-aside
courts-sc-sc_hc_cala_184_2016.pdf,,SC,2016,False,sc hc cala 184 2016,
courts-sc-sc_hc_cala_187_2016.pdf,,SC,2016,False,sc hc cala 187 2016,
courts-sc-sc_hc_cala_303_2019-1.pdf,,SC,2019,False,sc hc cala 303 2019 1,dismissed
courts-sc-sc_hc_cala_306_2013.pdf,,SC,2013,False,sc hc cala 306 2013,
courts-sc-sc_hc_cala_331_2010.pdf,,SC,2010,False,sc hc cala 331 2010,
courts-sc-sc_hc_cala_367_2016.pdf,,SC,2016,False,sc hc cala 367 2016,allowed
courts-sc-sc_hc_cala_449_2014.pdf,,SC,2014,False,sc hc cala 449 2014,
courts-sc-sc_hcla_42_2013.pdf,,SC,2013,False,sc hcla 42 2013,dismissed
courts-sc-sc_misc_02_2012-1.pdf,,SC,2012,False,sc misc 02 2012 1,allowed
courts-sc-sc_misc_1_2016.pdf,,SC,2016,False,sc misc 1 2016,allowed
courts-sc-sc_misc_2_2012-1.pdf,,SC,2012,False,sc misc 2 2012 1,allowed
courts-sc-sc_misc_2_2016.pdf,,SC,2016,False,sc misc 2 2016,dismissed
courts-sc-sc_miscellaneous_2_2011.pdf,,SC,2011,False,sc miscellaneous 2 2011,
courts-sc-sc_rule_14_2000.pdf,,SC,2000,False,sc rule 14 2000,
courts-sc-sc_rule_1_2010.pdf,,SC,2010,False,sc rule 1 2010,
courts-sc-sc_rule_3_2011.pdf,,SC,2011,False,sc rule 3 2011,
courts-sc-sc_rule_3_2023.pdf,,SC,2023,False,sc rule 3 2023,
courts-sc-sc_rule_4_2022.pdf,,SC,2022,False,sc rule 4 2022,
courts-sc-sc_rule_4_2024-1.pdf,,SC,2024,False,sc rule 4 2024 1,affirmed
courts-sc-sc_rule_5_2023.pdf,,SC,2023,False,sc rule 5 2023,
courts-sc-sc_rule_8_2022.pdf,,SC,2022,False,sc rule 8 2022,
courts-sc-sc_spl_3_2014.pdf,,SC,2014,False,sc spl 3 2014,
courts-sc-sc_spl_la_210_2016.pdf,,SC,2016,False,sc spl la 210 2016,
courts-sc-sc_tab_1a_1f_2017.pdf,,SC,2017,False,sc tab 1a 1f 2017,affirmed
courts-sc-sc_tab_2_2012.pdf,,SC,2012,False,sc tab 2 2012,set-aside
