case_id,track,status,model
commonlii-LKCA-1872-1,A->B,no-headnote,
commonlii-LKCA-1872-2,A->B,no-headnote,
commonlii-LKCA-1872-5,A->B,no-headnote,
commonlii-LKCA-1873-1,A->B,no-headnote,
commonlii-LKCA-1875-1,A->B,no-headnote,
commonlii-LKCA-1876-1,A->B,no-headnote,
commonlii-LKCA-1878-1,A->B,no-headnote,
commonlii-LKCA-1878-4,A->B,no-headnote,
commonlii-LKCA-1878-5,A->B,no-headnote,
commonlii-LKCA-1880-1,A->B,no-headnote,
commonlii-LKCA-1883-1,A->B,no-headnote,
commonlii-LKCA-1883-2,A->B,no-headnote,
commonlii-LKCA-1884-2,A->B,no-headnote,
commonlii-LKCA-1885-1,A->B,no-headnote,
commonlii-LKCA-1886-2,A->B,no-headnote,
commonlii-LKCA-1887-1,A->B,no-headnote,
commonlii-LKCA-1889-1,A->B,no-headnote,
commonlii-LKCA-1889-2,A->B,no-headnote,
commonlii-LKCA-1890-1,A->B,no-headnote,
commonlii-LKCA-1890-3,A->B,no-headnote,
commonlii-LKCA-1893-2,A->B,no-headnote,
commonlii-LKCA-1893-3,A->B,no-headnote,
commonlii-LKCA-1893-5,A->B,no-headnote,
commonlii-LKCA-1893-6,A->B,no-headnote,
commonlii-LKCA-1893-7,A->B,no-headnote,
commonlii-LKCA-1894-1,A->B,no-headnote,
commonlii-LKCA-1894-3,A->B,no-headnote,
commonlii-LKCA-1894-7,A->B,no-headnote,
commonlii-LKCA-1895-15,A->B,no-headnote,
commonlii-LKCA-1895-2,A->B,no-headnote,
commonlii-LKCA-1895-20,A->B,no-headnote,
commonlii-LKCA-1895-23,A->B,no-headnote,
commonlii-LKCA-1895-24,A->B,no-headnote,
commonlii-LKCA-1895-26,A->B,no-headnote,
commonlii-LKCA-1895-27,A->B,no-headnote,
commonlii-LKCA-1895-33,A->B,no-headnote,
commonlii-LKCA-1895-4,A->B,no-headnote,
commonlii-LKCA-1895-41,A->B,no-headnote,
commonlii-LKCA-1895-43,A->B,no-headnote,
commonlii-LKCA-1895-44,A->B,no-headnote,
commonlii-LKCA-1895-45,A->B,no-headnote,
commonlii-LKCA-1895-46,A->B,no-headnote,
commonlii-LKCA-1895-48,A->B,no-headnote,
commonlii-LKCA-1895-49,A->B,no-headnote,
commonlii-LKCA-1895-51,A->B,no-headnote,
commonlii-LKCA-1895-53,A->B,no-headnote,
commonlii-LKCA-1895-59,A->B,no-headnote,
commonlii-LKCA-1895-64,A->B,no-headnote,
commonlii-LKCA-1895-67,A->B,no-headnote,
commonlii-LKCA-1895-68,A->B,no-headnote,
commonlii-LKCA-1895-70,A->B,no-headnote,
commonlii-LKCA-1895-77,A->B,no-headnote,
commonlii-LKCA-1896-17,A->B,no-headnote,
commonlii-LKCA-1896-18,A->B,no-headnote,
commonlii-LKCA-1896-2,A->B,no-headnote,
commonlii-LKCA-1896-20,A->B,no-headnote,
commonlii-LKCA-1896-23,A->B,no-headnote,
commonlii-LKCA-1896-24,A->B,no-headnote,
commonlii-LKCA-1896-25,A->B,no-headnote,
commonlii-LKCA-1896-29,A->B,no-headnote,
commonlii-LKCA-1896-3,A->B,no-headnote,
commonlii-LKCA-1896-31,A->B,no-headnote,
commonlii-LKCA-1896-34,A->B,no-headnote,
commonlii-LKCA-1896-35,A->B,no-headnote,
commonlii-LKCA-1896-36,A->B,no-headnote,
commonlii-LKCA-1896-41,A->B,no-headnote,
commonlii-LKCA-1896-43,A->B,no-headnote,
commonlii-LKCA-1896-44,A->B,no-headnote,
commonlii-LKCA-1896-47,A->B,no-headnote,
commonlii-LKCA-1896-48,A->B,no-headnote,
commonlii-LKCA-1896-49,A->B,no-headnote,
commonlii-LKCA-1896-5,A->B,no-headnote,
commonlii-LKCA-1896-50,A->B,no-headnote,
commonlii-LKCA-1896-51,A->B,no-headnote,
commonlii-LKCA-1896-52,A->B,no-headnote,
commonlii-LKCA-1896-59,A->B,no-headnote,
commonlii-LKCA-1896-6,A->B,no-headnote,
commonlii-LKCA-1896-60,A->B,no-headnote,
commonlii-LKCA-1896-61,A->B,no-headnote,
commonlii-LKCA-1896-62,A->B,no-headnote,
commonlii-LKCA-1896-63,A->B,no-headnote,
commonlii-LKCA-1896-64,A->B,no-headnote,
commonlii-LKCA-1896-65,A->B,no-headnote,
commonlii-LKCA-1896-66,A->B,no-headnote,
commonlii-LKCA-1896-68,A->B,no-headnote,
commonlii-LKCA-1896-69,A->B,no-headnote,
commonlii-LKCA-1896-71,A->B,no-headnote,
commonlii-LKCA-1897-1,A->B,no-headnote,
commonlii-LKCA-1897-12,A->B,no-headnote,
commonlii-LKCA-1897-15,A->B,no-headnote,
commonlii-LKCA-1897-2,A->B,no-headnote,
commonlii-LKCA-1897-21,A->B,no-headnote,
commonlii-LKCA-1897-23,A->B,no-headnote,
commonlii-LKCA-1897-28,A->B,no-headnote,
commonlii-LKCA-1897-31,A->B,no-headnote,
commonlii-LKCA-1897-33,A->B,no-headnote,
commonlii-LKCA-1897-34,A->B,no-headnote,
commonlii-LKCA-1897-35,A->B,no-headnote,
commonlii-LKCA-1897-38,A->B,no-headnote,
commonlii-LKCA-1897-39,A->B,no-headnote,
commonlii-LKCA-1897-40,A->B,no-headnote,
commonlii-LKCA-1897-43,A->B,no-headnote,
commonlii-LKCA-1897-44,A->B,no-headnote,
commonlii-LKCA-1897-45,A->B,no-headnote,
commonlii-LKCA-1897-47,A->B,no-headnote,
commonlii-LKCA-1897-49,A->B,no-headnote,
commonlii-LKCA-1897-5,A->B,no-headnote,
commonlii-LKCA-1897-50,A->B,no-headnote,
commonlii-LKCA-1897-51,A->B,no-headnote,
commonlii-LKCA-1897-53,A->B,no-headnote,
commonlii-LKCA-1897-56,A->B,no-headnote,
commonlii-LKCA-1897-9,A->B,no-headnote,
commonlii-LKCA-1898-14,A->B,no-headnote,
commonlii-LKCA-1898-15,A->B,no-headnote,
commonlii-LKCA-1898-20,A->B,no-headnote,
commonlii-LKCA-1898-21,A->B,no-headnote,
commonlii-LKCA-1898-22,A->B,no-headnote,
commonlii-LKCA-1898-28,A->B,no-headnote,
commonlii-LKCA-1898-29,A->B,no-headnote,
commonlii-LKCA-1898-3,A->B,no-headnote,
commonlii-LKCA-1898-30,A->B,no-headnote,
commonlii-LKCA-1898-32,A->B,no-headnote,
commonlii-LKCA-1898-35,A->B,no-headnote,
commonlii-LKCA-1898-36,A->B,no-headnote,
commonlii-LKCA-1898-38,A->B,no-headnote,
commonlii-LKCA-1898-40,A->B,no-headnote,
commonlii-LKCA-1898-5,A->B,no-headnote,
commonlii-LKCA-1899-1,A->B,no-headnote,
commonlii-LKCA-1899-11,A->B,no-headnote,
commonlii-LKCA-1899-14,A->B,no-headnote,
commonlii-LKCA-1899-15,A->B,no-headnote,
commonlii-LKCA-1899-18,A->B,no-headnote,
commonlii-LKCA-1899-19,A->B,no-headnote,
commonlii-LKCA-1899-2,A->B,no-headnote,
commonlii-LKCA-1899-20,A->B,no-headnote,
commonlii-LKCA-1899-21,A->B,no-headnote,
commonlii-LKCA-1899-22,A->B,no-headnote,
commonlii-LKCA-1899-24,A->B,no-headnote,
commonlii-LKCA-1899-25,A->B,no-headnote,
commonlii-LKCA-1899-26,A->B,no-headnote,
commonlii-LKCA-1899-27,A->B,no-headnote,
commonlii-LKCA-1899-4,A->B,no-headnote,
commonlii-LKCA-1899-5,A->B,no-headnote,
commonlii-LKCA-1900-1,A->B,no-headnote,
commonlii-LKCA-1900-11,A->B,no-headnote,
commonlii-LKCA-1900-13,A->B,no-headnote,
commonlii-LKCA-1900-15,A->B,no-headnote,
commonlii-LKCA-1900-16,A->B,no-headnote,
commonlii-LKCA-1900-2,A->B,no-headnote,
commonlii-LKCA-1900-4,A->B,no-headnote,
commonlii-LKCA-1900-5,A->B,no-headnote,
commonlii-LKCA-1900-7,A->B,no-headnote,
commonlii-LKCA-1900-9,A->B,no-headnote,
commonlii-LKCA-1901-10,A->B,no-headnote,
commonlii-LKCA-1901-11,A->B,no-headnote,
commonlii-LKCA-1901-12,A->B,no-headnote,
commonlii-LKCA-1901-13,A->B,no-headnote,
commonlii-LKCA-1901-15,A->B,no-headnote,
commonlii-LKCA-1901-18,A->B,no-headnote,
commonlii-LKCA-1901-2,A->B,no-headnote,
commonlii-LKCA-1901-24,A->B,no-headnote,
commonlii-LKCA-1901-25,A->B,no-headnote,
commonlii-LKCA-1901-26,A->B,no-headnote,
commonlii-LKCA-1901-3,A->B,no-headnote,
commonlii-LKCA-1901-30,A->B,no-headnote,
commonlii-LKCA-1901-32,A->B,no-headnote,
commonlii-LKCA-1901-33,A->B,no-headnote,
commonlii-LKCA-1901-38,A->B,no-headnote,
commonlii-LKCA-1901-4,A->B,no-headnote,
commonlii-LKCA-1901-5,A->B,no-headnote,
commonlii-LKCA-1902-12,A->B,no-headnote,
commonlii-LKCA-1902-13,A->B,no-headnote,
commonlii-LKCA-1902-15,A->B,no-headnote,
commonlii-LKCA-1902-17,A->B,no-headnote,
commonlii-LKCA-1902-2,A->B,no-headnote,
commonlii-LKCA-1902-22,A->B,no-headnote,
commonlii-LKCA-1902-23,A->B,no-headnote,
commonlii-LKCA-1902-29,A->B,no-headnote,
commonlii-LKCA-1902-30,A->B,no-headnote,
commonlii-LKCA-1902-32,A->B,no-headnote,
commonlii-LKCA-1902-39,A->B,no-headnote,
commonlii-LKCA-1902-40,A->B,no-headnote,
commonlii-LKCA-1902-41,A->B,no-headnote,
commonlii-LKCA-1902-42,A->B,no-headnote,
commonlii-LKCA-1902-43,A->B,no-headnote,
commonlii-LKCA-1902-44,A->B,no-headnote,
commonlii-LKCA-1902-45,A->B,no-headnote,
commonlii-LKCA-1902-46,A->B,no-headnote,
commonlii-LKCA-1902-48,A->B,no-headnote,
commonlii-LKCA-1902-49,A->B,no-headnote,
commonlii-LKCA-1902-5,A->B,no-headnote,
commonlii-LKCA-1902-56,A->B,no-headnote,
commonlii-LKCA-1902-57,A->B,no-headnote,
commonlii-LKCA-1902-58,A->B,no-headnote,
commonlii-LKCA-1902-6,A->B,no-headnote,
commonlii-LKCA-1902-7,A->B,no-headnote,
commonlii-LKCA-1902-8,A->B,no-headnote,
commonlii-LKCA-1903-10,A->B,no-headnote,
commonlii-LKCA-1903-12,A->B,no-headnote,
commonlii-LKCA-1903-14,A->B,no-headnote,
commonlii-LKCA-1903-22,A->B,no-headnote,
commonlii-LKCA-1903-23,A->B,no-headnote,
commonlii-LKCA-1903-26,A->B,no-headnote,
commonlii-LKCA-1903-27,A->B,no-headnote,
commonlii-LKCA-1903-3,A->B,no-headnote,
commonlii-LKCA-1903-32,A->B,no-headnote,
commonlii-LKCA-1903-34,A->B,no-headnote,
commonlii-LKCA-1903-35,A->B,no-headnote,
commonlii-LKCA-1903-36,A->B,no-headnote,
commonlii-LKCA-1903-37,A->B,no-headnote,
commonlii-LKCA-1903-38,A->B,no-headnote,
commonlii-LKCA-1903-39,A->B,no-headnote,
commonlii-LKCA-1903-4,A->B,no-headnote,
commonlii-LKCA-1903-41,A->B,no-headnote,
commonlii-LKCA-1903-42,A->B,no-headnote,
commonlii-LKCA-1903-43,A->B,no-headnote,
commonlii-LKCA-1903-49,A->B,no-headnote,
commonlii-LKCA-1903-5,A->B,no-headnote,
commonlii-LKCA-1903-50,A->B,no-headnote,
commonlii-LKCA-1903-51,A->B,no-headnote,
commonlii-LKCA-1903-52,A->B,no-headnote,
commonlii-LKCA-1903-53,A->B,no-headnote,
commonlii-LKCA-1903-54,A->B,no-headnote,
commonlii-LKCA-1903-55,A->B,no-headnote,
commonlii-LKCA-1903-56,A->B,no-headnote,
commonlii-LKCA-1903-59,A->B,no-headnote,
commonlii-LKCA-1903-6,A->B,no-headnote,
commonlii-LKCA-1903-60,A->B,no-headnote,
commonlii-LKCA-1903-61,A->B,no-headnote,
commonlii-LKCA-1903-62,A->B,no-headnote,
commonlii-LKCA-1903-65,A->B,no-headnote,
commonlii-LKCA-1903-66,A->B,no-headnote,
commonlii-LKCA-1903-68,A->B,no-headnote,
commonlii-LKCA-1903-69,A->B,no-headnote,
commonlii-LKCA-1903-7,A->B,no-headnote,
commonlii-LKCA-1903-71,A->B,no-headnote,
commonlii-LKCA-1903-72,A->B,no-headnote,
commonlii-LKCA-1903-73,A->B,no-headnote,
commonlii-LKCA-1903-74,A->B,no-headnote,
commonlii-LKCA-1903-78,A->B,no-headnote,
commonlii-LKCA-1903-79,A->B,no-headnote,
commonlii-LKCA-1903-8,A->B,no-headnote,
commonlii-LKCA-1903-82,A->B,no-headnote,
commonlii-LKCA-1903-83,A->B,no-headnote,
commonlii-LKCA-1903-84,A->B,no-headnote,
commonlii-LKCA-1903-85,A->B,no-headnote,
commonlii-LKCA-1903-87,A->B,no-headnote,
commonlii-LKCA-1903-88,A->B,no-headnote,
commonlii-LKCA-1903-89,A->B,no-headnote,
commonlii-LKCA-1903-91,A->B,no-headnote,
commonlii-LKCA-1903-92,A->B,no-headnote,
commonlii-LKCA-1903-93,A->B,no-headnote,
commonlii-LKCA-1903-94,A->B,no-headnote,
commonlii-LKCA-1903-96,A->B,no-headnote,
commonlii-LKCA-1903-97,A->B,no-headnote,
commonlii-LKCA-1903-98,A->B,no-headnote,
commonlii-LKCA-1904-1,A->B,no-headnote,
commonlii-LKCA-1904-11,A->B,no-headnote,
commonlii-LKCA-1904-13,A->B,no-headnote,
commonlii-LKCA-1904-15,A->B,no-headnote,
commonlii-LKCA-1904-17,A->B,no-headnote,
commonlii-LKCA-1904-20,A->B,no-headnote,
commonlii-LKCA-1904-22,A->B,no-headnote,
commonlii-LKCA-1904-23,A->B,no-headnote,
commonlii-LKCA-1904-26,A->B,no-headnote,
commonlii-LKCA-1904-27,A->B,no-headnote,
commonlii-LKCA-1904-29,A->B,no-headnote,
commonlii-LKCA-1904-3,A->B,no-headnote,
commonlii-LKCA-1904-30,A->B,no-headnote,
commonlii-LKCA-1904-31,A->B,no-headnote,
commonlii-LKCA-1904-32,A->B,no-headnote,
commonlii-LKCA-1904-33,A->B,no-headnote,
commonlii-LKCA-1904-35,A->B,no-headnote,
commonlii-LKCA-1904-38,A->B,no-headnote,
commonlii-LKCA-1904-39,A->B,no-headnote,
commonlii-LKCA-1904-8,A->B,no-headnote,
commonlii-LKCA-1905-1,A->B,no-headnote,
commonlii-LKCA-1905-10,A->B,no-headnote,
commonlii-LKCA-1905-14,A->B,no-headnote,
commonlii-LKCA-1905-16,A->B,no-headnote,
commonlii-LKCA-1905-17,A->B,no-headnote,
commonlii-LKCA-1905-18,A->B,no-headnote,
commonlii-LKCA-1905-19,A->B,no-headnote,
commonlii-LKCA-1905-2,A->B,no-headnote,
commonlii-LKCA-1905-20,A->B,no-headnote,
commonlii-LKCA-1905-22,A->B,no-headnote,
commonlii-LKCA-1905-26,A->B,no-headnote,
commonlii-LKCA-1905-28,A->B,no-headnote,
commonlii-LKCA-1905-3,A->B,no-headnote,
commonlii-LKCA-1905-31,A->B,no-headnote,
commonlii-LKCA-1905-32,A->B,no-headnote,
commonlii-LKCA-1905-34,A->B,no-headnote,
commonlii-LKCA-1905-35,A->B,no-headnote,
commonlii-LKCA-1905-36,A->B,no-headnote,
commonlii-LKCA-1905-38,A->B,no-headnote,
commonlii-LKCA-1905-39,A->B,no-headnote,
commonlii-LKCA-1905-4,A->B,no-headnote,
commonlii-LKCA-1905-41,A->B,no-headnote,
commonlii-LKCA-1905-42,A->B,no-headnote,
commonlii-LKCA-1905-43,A->B,no-headnote,
commonlii-LKCA-1905-5,A->B,no-headnote,
commonlii-LKCA-1905-6,A->B,no-headnote,
commonlii-LKCA-1905-8,A->B,no-headnote,
commonlii-LKCA-1906-1,A->B,no-headnote,
commonlii-LKCA-1906-10,A->B,no-headnote,
commonlii-LKCA-1906-15,A->B,no-headnote,
commonlii-LKCA-1906-16,A->B,no-headnote,
commonlii-LKCA-1906-17,A->B,no-headnote,
commonlii-LKCA-1906-18,A->B,no-headnote,
commonlii-LKCA-1906-2,A->B,no-headnote,
commonlii-LKCA-1906-20,A->B,no-headnote,
commonlii-LKCA-1906-22,A->B,no-headnote,
commonlii-LKCA-1906-23,A->B,no-headnote,
commonlii-LKCA-1906-25,A->B,no-headnote,
commonlii-LKCA-1906-26,A->B,no-headnote,
commonlii-LKCA-1906-28,A->B,no-headnote,
commonlii-LKCA-1906-29,A->B,no-headnote,
commonlii-LKCA-1906-3,A->B,no-headnote,
commonlii-LKCA-1906-32,A->B,no-headnote,
commonlii-LKCA-1906-34,A->B,no-headnote,
commonlii-LKCA-1906-35,A->B,no-headnote,
commonlii-LKCA-1906-36,A->B,no-headnote,
commonlii-LKCA-1906-37,A->B,no-headnote,
commonlii-LKCA-1906-38,A->B,no-headnote,
commonlii-LKCA-1906-4,A->B,no-headnote,
commonlii-LKCA-1906-40,A->B,no-headnote,
commonlii-LKCA-1906-41,A->B,no-headnote,
commonlii-LKCA-1906-42,A->B,no-headnote,
commonlii-LKCA-1906-43,A->B,no-headnote,
commonlii-LKCA-1906-45,A->B,no-headnote,
commonlii-LKCA-1906-47,A->B,no-headnote,
commonlii-LKCA-1906-49,A->B,no-headnote,
commonlii-LKCA-1906-5,A->B,no-headnote,
commonlii-LKCA-1906-50,A->B,no-headnote,
commonlii-LKCA-1906-51,A->B,no-headnote,
commonlii-LKCA-1906-52,A->B,no-headnote,
commonlii-LKCA-1906-53,A->B,no-headnote,
commonlii-LKCA-1906-54,A->B,no-headnote,
commonlii-LKCA-1906-58,A->B,no-headnote,
commonlii-LKCA-1906-59,A->B,no-headnote,
commonlii-LKCA-1906-6,A->B,no-headnote,
commonlii-LKCA-1906-62,A->B,no-headnote,
commonlii-LKCA-1906-63,A->B,no-headnote,
commonlii-LKCA-1906-64,A->B,no-headnote,
commonlii-LKCA-1906-65,A->B,no-headnote,
commonlii-LKCA-1906-66,A->B,no-headnote,
commonlii-LKCA-1906-67,A->B,no-headnote,
commonlii-LKCA-1906-8,A->B,no-headnote,
commonlii-LKCA-1906-9,A->B,no-headnote,
commonlii-LKCA-1907-1,A->B,no-headnote,
commonlii-LKCA-1907-10,A->B,no-headnote,
commonlii-LKCA-1907-13,A->B,no-headnote,
commonlii-LKCA-1907-14,A->B,no-headnote,
commonlii-LKCA-1907-15,A->B,no-headnote,
commonlii-LKCA-1907-19,A->B,no-headnote,
commonlii-LKCA-1907-23,A->B,no-headnote,
commonlii-LKCA-1907-24,A->B,no-headnote,
commonlii-LKCA-1907-27,A->B,no-headnote,
commonlii-LKCA-1907-28,A->B,no-headnote,
commonlii-LKCA-1907-3,A->B,no-headnote,
commonlii-LKCA-1907-30,A->B,no-headnote,
commonlii-LKCA-1907-5,A->B,no-headnote,
commonlii-LKCA-1907-8,A->B,no-headnote,
commonlii-LKCA-1908-1,A->B,no-headnote,
commonlii-LKCA-1908-10,A->B,no-headnote,
commonlii-LKCA-1908-19,A->B,no-headnote,
commonlii-LKCA-1908-2,A->B,no-headnote,
commonlii-LKCA-1908-20,A->B,no-headnote,
commonlii-LKCA-1908-22,A->B,no-headnote,
commonlii-LKCA-1908-23,A->B,no-headnote,
commonlii-LKCA-1908-25,A->B,no-headnote,
commonlii-LKCA-1908-26,A->B,no-headnote,
commonlii-LKCA-1908-27,A->B,no-headnote,
commonlii-LKCA-1908-31,A->B,no-headnote,
commonlii-LKCA-1908-33,A->B,no-headnote,
commonlii-LKCA-1908-34,A->B,no-headnote,
commonlii-LKCA-1908-39,A->B,no-headnote,
commonlii-LKCA-1908-40,A->B,no-headnote,
commonlii-LKCA-1908-42,A->B,no-headnote,
commonlii-LKCA-1908-45,A->B,no-headnote,
commonlii-LKCA-1908-46,A->B,no-headnote,
commonlii-LKCA-1908-48,A->B,no-headnote,
commonlii-LKCA-1908-49,A->B,no-headnote,
commonlii-LKCA-1908-50,A->B,no-headnote,
commonlii-LKCA-1908-51,A->B,no-headnote,
commonlii-LKCA-1908-53,A->B,no-headnote,
commonlii-LKCA-1908-55,A->B,no-headnote,
commonlii-LKCA-1908-56,A->B,no-headnote,
commonlii-LKCA-1908-57,A->B,no-headnote,
commonlii-LKCA-1908-58,A->B,no-headnote,
commonlii-LKCA-1908-6,A->B,no-headnote,
commonlii-LKCA-1908-60,A->B,no-headnote,
commonlii-LKCA-1908-61,A->B,no-headnote,
commonlii-LKCA-1908-62,A->B,no-headnote,
commonlii-LKCA-1908-64,A->B,no-headnote,
commonlii-LKCA-1908-65,A->B,no-headnote,
commonlii-LKCA-1908-66,A->B,no-headnote,
commonlii-LKCA-1908-69,A->B,no-headnote,
commonlii-LKCA-1908-8,A->B,no-headnote,
commonlii-LKCA-1909-1,A->B,no-headnote,
commonlii-LKCA-1909-10,A->B,no-headnote,
commonlii-LKCA-1909-11,A->B,no-headnote,
commonlii-LKCA-1909-13,A->B,no-headnote,
commonlii-LKCA-1909-14,A->B,no-headnote,
commonlii-LKCA-1909-15,A->B,no-headnote,
commonlii-LKCA-1909-17,A->B,no-headnote,
commonlii-LKCA-1909-18,A->B,no-headnote,
commonlii-LKCA-1909-21,A->B,no-headnote,
commonlii-LKCA-1909-25,A->B,no-headnote,
commonlii-LKCA-1909-26,A->B,no-headnote,
commonlii-LKCA-1909-28,A->B,no-headnote,
commonlii-LKCA-1909-29,A->B,no-headnote,
commonlii-LKCA-1909-30,A->B,no-headnote,
commonlii-LKCA-1909-31,A->B,no-headnote,
commonlii-LKCA-1909-33,A->B,no-headnote,
commonlii-LKCA-1909-35,A->B,no-headnote,
commonlii-LKCA-1909-38,A->B,no-headnote,
commonlii-LKCA-1909-39,A->B,no-headnote,
commonlii-LKCA-1909-42,A->B,no-headnote,
commonlii-LKCA-1909-43,A->B,no-headnote,
commonlii-LKCA-1909-47,A->B,no-headnote,
commonlii-LKCA-1909-48,A->B,no-headnote,
commonlii-LKCA-1909-49,A->B,no-headnote,
commonlii-LKCA-1909-50,A->B,no-headnote,
commonlii-LKCA-1909-55,A->B,no-headnote,
commonlii-LKCA-1909-56,A->B,no-headnote,
commonlii-LKCA-1909-57,A->B,no-headnote,
commonlii-LKCA-1909-58,A->B,no-headnote,
commonlii-LKCA-1909-59,A->B,no-headnote,
commonlii-LKCA-1909-6,A->B,no-headnote,
commonlii-LKCA-1909-60,A->B,no-headnote,
commonlii-LKCA-1909-62,A->B,no-headnote,
commonlii-LKCA-1909-63,A->B,no-headnote,
commonlii-LKCA-1909-65,A->B,no-headnote,
commonlii-LKCA-1909-66,A->B,no-headnote,
commonlii-LKCA-1909-67,A->B,no-headnote,
commonlii-LKCA-1909-9,A->B,no-headnote,
commonlii-LKCA-1910-1,A->B,no-headnote,
commonlii-LKCA-1910-2,A->B,no-headnote,
commonlii-LKCA-1910-20,A->B,no-headnote,
commonlii-LKCA-1910-21,A->B,no-headnote,
commonlii-LKCA-1910-23,A->B,no-headnote,
commonlii-LKCA-1910-25,A->B,no-headnote,
commonlii-LKCA-1910-26,A->B,no-headnote,
commonlii-LKCA-1910-28,A->B,no-headnote,
commonlii-LKCA-1910-30,A->B,no-headnote,
commonlii-LKCA-1910-34,A->B,no-headnote,
commonlii-LKCA-1910-35,A->B,no-headnote,
commonlii-LKCA-1910-36,A->B,no-headnote,
commonlii-LKCA-1910-37,A->B,no-headnote,
commonlii-LKCA-1910-38,A->B,no-headnote,
commonlii-LKCA-1910-40,A->B,no-headnote,
commonlii-LKCA-1910-41,A->B,no-headnote,
commonlii-LKCA-1910-43,A->B,no-headnote,
commonlii-LKCA-1910-45,A->B,no-headnote,
commonlii-LKCA-1910-46,A->B,no-headnote,
commonlii-LKCA-1910-48,A->B,no-headnote,
commonlii-LKCA-1910-49,A->B,no-headnote,
commonlii-LKCA-1910-50,A->B,no-headnote,
commonlii-LKCA-1910-52,A->B,no-headnote,
commonlii-LKCA-1910-53,A->B,no-headnote,
commonlii-LKCA-1910-54,A->B,no-headnote,
commonlii-LKCA-1910-55,A->B,no-headnote,
commonlii-LKCA-1910-56,A->B,no-headnote,
commonlii-LKCA-1910-57,A->B,no-headnote,
commonlii-LKCA-1910-58,A->B,no-headnote,
commonlii-LKCA-1910-59,A->B,no-headnote,
commonlii-LKCA-1910-6,A->B,no-headnote,
commonlii-LKCA-1910-60,A->B,no-headnote,
commonlii-LKCA-1910-61,A->B,no-headnote,
commonlii-LKCA-1910-62,A->B,no-headnote,
commonlii-LKCA-1910-63,A->B,no-headnote,
commonlii-LKCA-1910-64,A->B,no-headnote,
commonlii-LKCA-1910-65,A->B,no-headnote,
commonlii-LKCA-1910-67,A->B,no-headnote,
commonlii-LKCA-1910-68,A->B,no-headnote,
commonlii-LKCA-1910-69,A->B,no-headnote,
commonlii-LKCA-1910-7,A->B,no-headnote,
commonlii-LKCA-1910-71,A->B,no-headnote,
commonlii-LKCA-1910-72,A->B,no-headnote,
commonlii-LKCA-1910-75,A->B,no-headnote,
commonlii-LKCA-1910-76,A->B,no-headnote,
commonlii-LKCA-1910-77,A->B,no-headnote,
commonlii-LKCA-1910-78,A->B,no-headnote,
commonlii-LKCA-1910-79,A->B,no-headnote,
commonlii-LKCA-1910-8,A->B,no-headnote,
commonlii-LKCA-1910-80,A->B,no-headnote,
commonlii-LKCA-1910-83,A->B,no-headnote,
commonlii-LKCA-1910-84,A->B,no-headnote,
commonlii-LKCA-1910-9,A->B,no-headnote,
commonlii-LKCA-1911-102,A->B,no-headnote,
commonlii-LKCA-1911-105,A->B,no-headnote,
commonlii-LKCA-1911-109,A->B,no-headnote,
commonlii-LKCA-1911-11,A->B,no-headnote,
commonlii-LKCA-1911-110,A->B,no-headnote,
commonlii-LKCA-1911-113,A->B,no-headnote,
commonlii-LKCA-1911-12,A->B,no-headnote,
commonlii-LKCA-1911-19,A->B,no-headnote,
commonlii-LKCA-1911-23,A->B,no-headnote,
commonlii-LKCA-1911-25,A->B,no-headnote,
commonlii-LKCA-1911-29,A->B,no-headnote,
commonlii-LKCA-1911-3,A->B,no-headnote,
commonlii-LKCA-1911-32,A->B,no-headnote,
commonlii-LKCA-1911-35,A->B,no-headnote,
commonlii-LKCA-1911-38,A->B,no-headnote,
commonlii-LKCA-1911-39,A->B,no-headnote,
commonlii-LKCA-1911-4,A->B,no-headnote,
commonlii-LKCA-1911-41,A->B,no-headnote,
commonlii-LKCA-1911-43,A->B,no-headnote,
commonlii-LKCA-1911-44,A->B,no-headnote,
commonlii-LKCA-1911-45,A->B,no-headnote,
commonlii-LKCA-1911-5,A->B,no-headnote,
commonlii-LKCA-1911-53,A->B,no-headnote,
commonlii-LKCA-1911-54,A->B,no-headnote,
commonlii-LKCA-1911-55,A->B,no-headnote,
commonlii-LKCA-1911-6,A->B,no-headnote,
commonlii-LKCA-1911-63,A->B,no-headnote,
commonlii-LKCA-1911-64,A->B,no-headnote,
commonlii-LKCA-1911-65,A->B,no-headnote,
commonlii-LKCA-1911-66,A->B,no-headnote,
commonlii-LKCA-1911-67,A->B,no-headnote,
commonlii-LKCA-1911-68,A->B,no-headnote,
commonlii-LKCA-1911-69,A->B,no-headnote,
commonlii-LKCA-1911-7,A->B,no-headnote,
commonlii-LKCA-1911-70,A->B,no-headnote,
commonlii-LKCA-1911-71,A->B,no-headnote,
commonlii-LKCA-1911-72,A->B,no-headnote,
commonlii-LKCA-1911-73,A->B,no-headnote,
commonlii-LKCA-1911-75,A->B,no-headnote,
commonlii-LKCA-1911-78,A->B,no-headnote,
commonlii-LKCA-1911-80,A->B,no-headnote,
commonlii-LKCA-1911-82,A->B,no-headnote,
commonlii-LKCA-1911-85,A->B,no-headnote,
commonlii-LKCA-1911-86,A->B,no-headnote,
commonlii-LKCA-1911-87,A->B,no-headnote,
commonlii-LKCA-1911-89,A->B,no-headnote,
commonlii-LKCA-1911-90,A->B,no-headnote,
commonlii-LKCA-1911-91,A->B,no-headnote,
commonlii-LKCA-1911-93,A->B,no-headnote,
commonlii-LKCA-1911-94,A->B,no-headnote,
commonlii-LKCA-1911-96,A->B,no-headnote,
commonlii-LKCA-1911-99,A->B,no-headnote,
commonlii-LKCA-1912-1,A->B,no-headnote,
commonlii-LKCA-1912-10,A->B,no-headnote,
commonlii-LKCA-1912-100,A->B,no-headnote,
commonlii-LKCA-1912-101,A->B,no-headnote,
commonlii-LKCA-1912-102,A->B,no-headnote,
commonlii-LKCA-1912-103,A->B,no-headnote,
commonlii-LKCA-1912-106,A->B,no-headnote,
commonlii-LKCA-1912-107,A->B,no-headnote,
commonlii-LKCA-1912-109,A->B,no-headnote,
commonlii-LKCA-1912-11,A->B,no-headnote,
commonlii-LKCA-1912-110,A->B,no-headnote,
commonlii-LKCA-1912-111,A->B,no-headnote,
commonlii-LKCA-1912-16,A->B,no-headnote,
commonlii-LKCA-1912-18,A->B,no-headnote,
commonlii-LKCA-1912-19,A->B,no-headnote,
commonlii-LKCA-1912-24,A->B,no-headnote,
commonlii-LKCA-1912-27,A->B,no-headnote,
commonlii-LKCA-1912-28,A->B,no-headnote,
commonlii-LKCA-1912-31,A->B,no-headnote,
commonlii-LKCA-1912-39,A->B,no-headnote,
commonlii-LKCA-1912-40,A->B,no-headnote,
commonlii-LKCA-1912-41,A->B,no-headnote,
commonlii-LKCA-1912-42,A->B,no-headnote,
commonlii-LKCA-1912-43,A->B,no-headnote,
commonlii-LKCA-1912-45,A->B,no-headnote,
commonlii-LKCA-1912-46,A->B,no-headnote,
commonlii-LKCA-1912-47,A->B,no-headnote,
commonlii-LKCA-1912-48,A->B,no-headnote,
commonlii-LKCA-1912-49,A->B,no-headnote,
commonlii-LKCA-1912-5,A->B,no-headnote,
commonlii-LKCA-1912-53,A->B,no-headnote,
commonlii-LKCA-1912-55,A->B,no-headnote,
commonlii-LKCA-1912-56,A->B,no-headnote,
commonlii-LKCA-1912-58,A->B,no-headnote,
commonlii-LKCA-1912-62,A->B,no-headnote,
commonlii-LKCA-1912-63,A->B,no-headnote,
commonlii-LKCA-1912-68,A->B,no-headnote,
commonlii-LKCA-1912-69,A->B,no-headnote,
commonlii-LKCA-1912-70,A->B,no-headnote,
commonlii-LKCA-1912-71,A->B,no-headnote,
commonlii-LKCA-1912-72,A->B,no-headnote,
commonlii-LKCA-1912-73,A->B,no-headnote,
commonlii-LKCA-1912-75,A->B,no-headnote,
commonlii-LKCA-1912-76,A->B,no-headnote,
commonlii-LKCA-1912-77,A->B,no-headnote,
commonlii-LKCA-1912-78,A->B,no-headnote,
commonlii-LKCA-1912-79,A->B,no-headnote,
commonlii-LKCA-1912-80,A->B,no-headnote,
commonlii-LKCA-1912-81,A->B,no-headnote,
commonlii-LKCA-1912-82,A->B,no-headnote,
commonlii-LKCA-1912-83,A->B,no-headnote,
commonlii-LKCA-1912-84,A->B,no-headnote,
commonlii-LKCA-1912-85,A->B,no-headnote,
commonlii-LKCA-1912-88,A->B,no-headnote,
commonlii-LKCA-1912-9,A->B,no-headnote,
commonlii-LKCA-1912-90,A->B,no-headnote,
commonlii-LKCA-1912-91,A->B,no-headnote,
commonlii-LKCA-1912-92,A->B,no-headnote,
commonlii-LKCA-1912-93,A->B,no-headnote,
commonlii-LKCA-1912-95,A->B,no-headnote,
commonlii-LKCA-1912-98,A->B,no-headnote,
commonlii-LKCA-1912-99,A->B,no-headnote,
commonlii-LKCA-1913-1,A->B,no-headnote,
commonlii-LKCA-1913-10,A->B,no-headnote,
commonlii-LKCA-1913-101,A->B,no-headnote,
commonlii-LKCA-1913-103,A->B,no-headnote,
commonlii-LKCA-1913-105,A->B,no-headnote,
commonlii-LKCA-1913-107,A->B,no-headnote,
commonlii-LKCA-1913-108,A->B,no-headnote,
commonlii-LKCA-1913-109,A->B,no-headnote,
commonlii-LKCA-1913-11,A->B,no-headnote,
commonlii-LKCA-1913-110,A->B,no-headnote,
commonlii-LKCA-1913-112,A->B,no-headnote,
commonlii-LKCA-1913-113,A->B,no-headnote,
commonlii-LKCA-1913-114,A->B,no-headnote,
commonlii-LKCA-1913-117,A->B,no-headnote,
commonlii-LKCA-1913-118,A->B,no-headnote,
commonlii-LKCA-1913-123,A->B,no-headnote,
commonlii-LKCA-1913-125,A->B,no-headnote,
commonlii-LKCA-1913-127,A->B,no-headnote,
commonlii-LKCA-1913-128,A->B,no-headnote,
commonlii-LKCA-1913-129,A->B,no-headnote,
commonlii-LKCA-1913-13,A->B,no-headnote,
commonlii-LKCA-1913-14,A->B,no-headnote,
commonlii-LKCA-1913-16,A->B,no-headnote,
commonlii-LKCA-1913-17,A->B,no-headnote,
commonlii-LKCA-1913-19,A->B,no-headnote,
commonlii-LKCA-1913-20,A->B,no-headnote,
commonlii-LKCA-1913-22,A->B,no-headnote,
commonlii-LKCA-1913-23,A->B,no-headnote,
commonlii-LKCA-1913-24,A->B,no-headnote,
commonlii-LKCA-1913-26,A->B,no-headnote,
commonlii-LKCA-1913-33,A->B,no-headnote,
commonlii-LKCA-1913-38,A->B,no-headnote,
commonlii-LKCA-1913-40,A->B,no-headnote,
commonlii-LKCA-1913-42,A->B,no-headnote,
commonlii-LKCA-1913-48,A->B,no-headnote,
commonlii-LKCA-1913-50,A->B,no-headnote,
commonlii-LKCA-1913-54,A->B,no-headnote,
commonlii-LKCA-1913-59,A->B,no-headnote,
commonlii-LKCA-1913-6,A->B,no-headnote,
commonlii-LKCA-1913-60,A->B,no-headnote,
commonlii-LKCA-1913-63,A->B,no-headnote,
commonlii-LKCA-1913-65,A->B,no-headnote,
commonlii-LKCA-1913-67,A->B,no-headnote,
commonlii-LKCA-1913-68,A->B,no-headnote,
commonlii-LKCA-1913-7,A->B,no-headnote,
commonlii-LKCA-1913-73,A->B,no-headnote,
commonlii-LKCA-1913-75,A->B,no-headnote,
commonlii-LKCA-1913-76,A->B,no-headnote,
commonlii-LKCA-1913-77,A->B,no-headnote,
commonlii-LKCA-1913-8,A->B,no-headnote,
commonlii-LKCA-1913-80,A->B,no-headnote,
commonlii-LKCA-1913-84,A->B,no-headnote,
commonlii-LKCA-1913-85,A->B,no-headnote,
commonlii-LKCA-1913-86,A->B,no-headnote,
commonlii-LKCA-1913-88,A->B,no-headnote,
commonlii-LKCA-1913-89,A->B,no-headnote,
commonlii-LKCA-1913-9,A->B,no-headnote,
commonlii-LKCA-1913-95,A->B,no-headnote,
commonlii-LKCA-1913-96,A->B,no-headnote,
commonlii-LKCA-1913-97,A->B,no-headnote,
commonlii-LKCA-1913-98,A->B,no-headnote,
commonlii-LKCA-1913-99,A->B,no-headnote,
commonlii-LKCA-1914-10,A->B,no-headnote,
commonlii-LKCA-1914-11,A->B,no-headnote,
commonlii-LKCA-1914-12,A->B,no-headnote,
commonlii-LKCA-1914-13,A->B,no-headnote,
commonlii-LKCA-1914-14,A->B,no-headnote,
commonlii-LKCA-1914-15,A->B,no-headnote,
commonlii-LKCA-1914-17,A->B,no-headnote,
commonlii-LKCA-1914-2,A->B,no-headnote,
commonlii-LKCA-1914-21,A->B,no-headnote,
commonlii-LKCA-1914-25,A->B,no-headnote,
commonlii-LKCA-1914-28,A->B,no-headnote,
commonlii-LKCA-1914-29,A->B,no-headnote,
commonlii-LKCA-1914-3,A->B,no-headnote,
commonlii-LKCA-1914-30,A->B,no-headnote,
commonlii-LKCA-1914-33,A->B,no-headnote,
commonlii-LKCA-1914-36,A->B,no-headnote,
commonlii-LKCA-1914-37,A->B,no-headnote,
commonlii-LKCA-1914-4,A->B,no-headnote,
commonlii-LKCA-1914-41,A->B,no-headnote,
commonlii-LKCA-1914-43,A->B,no-headnote,
commonlii-LKCA-1914-46,A->B,no-headnote,
commonlii-LKCA-1914-47,A->B,no-headnote,
commonlii-LKCA-1914-48,A->B,no-headnote,
commonlii-LKCA-1914-49,A->B,no-headnote,
commonlii-LKCA-1914-50,A->B,no-headnote,
commonlii-LKCA-1914-51,A->B,no-headnote,
commonlii-LKCA-1914-52,A->B,no-headnote,
commonlii-LKCA-1914-53,A->B,no-headnote,
commonlii-LKCA-1914-56,A->B,no-headnote,
commonlii-LKCA-1914-57,A->B,no-headnote,
commonlii-LKCA-1914-60,A->B,no-headnote,
commonlii-LKCA-1914-62,A->B,no-headnote,
commonlii-LKCA-1914-63,A->B,no-headnote,
commonlii-LKCA-1914-66,A->B,no-headnote,
commonlii-LKCA-1914-7,A->B,no-headnote,
commonlii-LKCA-1914-70,A->B,no-headnote,
commonlii-LKCA-1914-71,A->B,no-headnote,
commonlii-LKCA-1914-72,A->B,no-headnote,
commonlii-LKCA-1914-75,A->B,no-headnote,
commonlii-LKCA-1914-76,A->B,no-headnote,
commonlii-LKCA-1914-78,A->B,no-headnote,
commonlii-LKCA-1914-83,A->B,no-headnote,
commonlii-LKCA-1914-84,A->B,no-headnote,
commonlii-LKCA-1914-89,A->B,no-headnote,
commonlii-LKCA-1914-9,A->B,no-headnote,
commonlii-LKCA-1914-90,A->B,no-headnote,
commonlii-LKCA-1914-91,A->B,no-headnote,
commonlii-LKCA-1914-92,A->B,no-headnote,
commonlii-LKCA-1914-93,A->B,no-headnote,
commonlii-LKCA-1915-1,A->B,no-headnote,
commonlii-LKCA-1915-10,A->B,no-headnote,
commonlii-LKCA-1915-12,A->B,no-headnote,
commonlii-LKCA-1915-16,A->B,no-headnote,
commonlii-LKCA-1915-17,A->B,no-headnote,
commonlii-LKCA-1915-19,A->B,no-headnote,
commonlii-LKCA-1915-20,A->B,no-headnote,
commonlii-LKCA-1915-23,A->B,no-headnote,
commonlii-LKCA-1915-25,A->B,no-headnote,
commonlii-LKCA-1915-26,A->B,no-headnote,
commonlii-LKCA-1915-35,A->B,no-headnote,
commonlii-LKCA-1915-36,A->B,no-headnote,
commonlii-LKCA-1915-37,A->B,no-headnote,
commonlii-LKCA-1915-38,A->B,no-headnote,
commonlii-LKCA-1915-39,A->B,no-headnote,
commonlii-LKCA-1915-4,A->B,no-headnote,
commonlii-LKCA-1915-40,A->B,no-headnote,
commonlii-LKCA-1915-41,A->B,no-headnote,
commonlii-LKCA-1915-42,A->B,no-headnote,
commonlii-LKCA-1915-43,A->B,no-headnote,
commonlii-LKCA-1915-44,A->B,no-headnote,
commonlii-LKCA-1915-45,A->B,no-headnote,
commonlii-LKCA-1915-46,A->B,no-headnote,
commonlii-LKCA-1915-47,A->B,no-headnote,
commonlii-LKCA-1915-48,A->B,no-headnote,
commonlii-LKCA-1915-49,A->B,no-headnote,
commonlii-LKCA-1915-5,A->B,no-headnote,
commonlii-LKCA-1915-51,A->B,no-headnote,
commonlii-LKCA-1915-53,A->B,no-headnote,
commonlii-LKCA-1915-55,A->B,no-headnote,
commonlii-LKCA-1915-57,A->B,no-headnote,
commonlii-LKCA-1915-59,A->B,no-headnote,
commonlii-LKCA-1915-6,A->B,no-headnote,
commonlii-LKCA-1915-60,A->B,no-headnote,
commonlii-LKCA-1915-61,A->B,no-headnote,
commonlii-LKCA-1915-7,A->B,no-headnote,
commonlii-LKCA-1916-1,A->B,no-headnote,
commonlii-LKCA-1916-15,A->B,no-headnote,
commonlii-LKCA-1916-16,A->B,no-headnote,
commonlii-LKCA-1916-18,A->B,no-headnote,
commonlii-LKCA-1916-19,A->B,no-headnote,
commonlii-LKCA-1916-20,A->B,no-headnote,
commonlii-LKCA-1916-26,A->B,no-headnote,
commonlii-LKCA-1916-27,A->B,no-headnote,
commonlii-LKCA-1916-28,A->B,no-headnote,
commonlii-LKCA-1916-30,A->B,no-headnote,
commonlii-LKCA-1916-33,A->B,no-headnote,
commonlii-LKCA-1916-34,A->B,no-headnote,
commonlii-LKCA-1916-35,A->B,no-headnote,
commonlii-LKCA-1916-37,A->B,no-headnote,
commonlii-LKCA-1916-39,A->B,no-headnote,
commonlii-LKCA-1916-4,A->B,no-headnote,
commonlii-LKCA-1916-41,A->B,no-headnote,
commonlii-LKCA-1916-43,A->B,no-headnote,
commonlii-LKCA-1916-44,A->B,no-headnote,
commonlii-LKCA-1916-45,A->B,no-headnote,
commonlii-LKCA-1916-48,A->B,no-headnote,
commonlii-LKCA-1916-51,A->B,no-headnote,
commonlii-LKCA-1916-52,A->B,no-headnote,
commonlii-LKCA-1916-53,A->B,no-headnote,
commonlii-LKCA-1916-55,A->B,no-headnote,
commonlii-LKCA-1916-56,A->B,no-headnote,
commonlii-LKCA-1916-57,A->B,no-headnote,
commonlii-LKCA-1916-6,A->B,no-headnote,
commonlii-LKCA-1916-63,A->B,no-headnote,
commonlii-LKCA-1916-64,A->B,no-headnote,
commonlii-LKCA-1916-65,A->B,no-headnote,
commonlii-LKCA-1916-66,A->B,no-headnote,
commonlii-LKCA-1916-67,A->B,no-headnote,
commonlii-LKCA-1916-68,A->B,no-headnote,
commonlii-LKCA-1916-69,A->B,no-headnote,
commonlii-LKCA-1916-7,A->B,no-headnote,
commonlii-LKCA-1916-71,A->B,no-headnote,
commonlii-LKCA-1916-73,A->B,no-headnote,
commonlii-LKCA-1916-9,A->B,no-headnote,
commonlii-LKCA-1917-1,A->B,no-headnote,
commonlii-LKCA-1917-10,A->B,no-headnote,
commonlii-LKCA-1917-12,A->B,no-headnote,
commonlii-LKCA-1917-13,A->B,no-headnote,
commonlii-LKCA-1917-16,A->B,no-headnote,
commonlii-LKCA-1917-17,A->B,no-headnote,
commonlii-LKCA-1917-20,A->B,no-headnote,
commonlii-LKCA-1917-21,A->B,no-headnote,
commonlii-LKCA-1917-22,A->B,no-headnote,
commonlii-LKCA-1917-24,A->B,no-headnote,
commonlii-LKCA-1917-25,A->B,no-headnote,
commonlii-LKCA-1917-31,A->B,no-headnote,
commonlii-LKCA-1917-35,A->B,no-headnote,
commonlii-LKCA-1917-36,A->B,no-headnote,
commonlii-LKCA-1917-37,A->B,no-headnote,
commonlii-LKCA-1917-38,A->B,no-headnote,
commonlii-LKCA-1917-40,A->B,no-headnote,
commonlii-LKCA-1917-43,A->B,no-headnote,
commonlii-LKCA-1917-44,A->B,no-headnote,
commonlii-LKCA-1917-45,A->B,no-headnote,
commonlii-LKCA-1917-46,A->B,no-headnote,
commonlii-LKCA-1917-47,A->B,no-headnote,
commonlii-LKCA-1917-48,A->B,no-headnote,
commonlii-LKCA-1917-49,A->B,no-headnote,
commonlii-LKCA-1917-5,A->B,no-headnote,
commonlii-LKCA-1917-50,A->B,no-headnote,
commonlii-LKCA-1917-51,A->B,no-headnote,
commonlii-LKCA-1917-53,A->B,no-headnote,
commonlii-LKCA-1917-54,A->B,no-headnote,
commonlii-LKCA-1917-55,A->B,no-headnote,
commonlii-LKCA-1917-57,A->B,no-headnote,
commonlii-LKCA-1917-6,A->B,no-headnote,
commonlii-LKCA-1917-7,A->B,no-headnote,
commonlii-LKCA-1917-8,A->B,no-headnote,
commonlii-LKCA-1918-1,A->B,no-headnote,
commonlii-LKCA-1918-10,A->B,no-headnote,
commonlii-LKCA-1918-14,A->B,no-headnote,
commonlii-LKCA-1918-15,A->B,no-headnote,
commonlii-LKCA-1918-17,A->B,no-headnote,
commonlii-LKCA-1918-18,A->B,no-headnote,
commonlii-LKCA-1918-2,A->B,no-headnote,
commonlii-LKCA-1918-21,A->B,no-headnote,
commonlii-LKCA-1918-22,A->B,no-headnote,
commonlii-LKCA-1918-25,A->B,no-headnote,
commonlii-LKCA-1918-26,A->B,no-headnote,
commonlii-LKCA-1918-27,A->B,no-headnote,
commonlii-LKCA-1918-28,A->B,no-headnote,
commonlii-LKCA-1918-29,A->B,no-headnote,
commonlii-LKCA-1918-3,A->B,no-headnote,
commonlii-LKCA-1918-31,A->B,no-headnote,
commonlii-LKCA-1918-32,A->B,no-headnote,
commonlii-LKCA-1918-33,A->B,no-headnote,
commonlii-LKCA-1918-35,A->B,no-headnote,
commonlii-LKCA-1918-36,A->B,no-headnote,
commonlii-LKCA-1918-38,A->B,no-headnote,
commonlii-LKCA-1918-4,A->B,no-headnote,
commonlii-LKCA-1918-42,A->B,no-headnote,
commonlii-LKCA-1918-43,A->B,no-headnote,
commonlii-LKCA-1918-44,A->B,no-headnote,
commonlii-LKCA-1918-47,A->B,no-headnote,
commonlii-LKCA-1918-48,A->B,no-headnote,
commonlii-LKCA-1918-49,A->B,no-headnote,
commonlii-LKCA-1918-5,A->B,no-headnote,
commonlii-LKCA-1918-51,A->B,no-headnote,
commonlii-LKCA-1918-52,A->B,no-headnote,
commonlii-LKCA-1918-56,A->B,no-headnote,
commonlii-LKCA-1918-57,A->B,no-headnote,
commonlii-LKCA-1918-6,A->B,no-headnote,
commonlii-LKCA-1918-61,A->B,no-headnote,
commonlii-LKCA-1918-63,A->B,no-headnote,
commonlii-LKCA-1918-7,A->B,no-headnote,
commonlii-LKCA-1918-8,A->B,no-headnote,
commonlii-LKCA-1918-9,A->B,no-headnote,
commonlii-LKCA-1919-10,A->B,no-headnote,
commonlii-LKCA-1919-12,A->B,no-headnote,
commonlii-LKCA-1919-17,A->B,no-headnote,
commonlii-LKCA-1919-18,A->B,no-headnote,
commonlii-LKCA-1919-2,A->B,no-headnote,
commonlii-LKCA-1919-20,A->B,no-headnote,
commonlii-LKCA-1919-22,A->B,no-headnote,
commonlii-LKCA-1919-24,A->B,no-headnote,
commonlii-LKCA-1919-25,A->B,no-headnote,
commonlii-LKCA-1919-26,A->B,no-headnote,
commonlii-LKCA-1919-29,A->B,no-headnote,
commonlii-LKCA-1919-3,A->B,no-headnote,
commonlii-LKCA-1919-31,A->B,no-headnote,
commonlii-LKCA-1919-33,A->B,no-headnote,
commonlii-LKCA-1919-34,A->B,no-headnote,
commonlii-LKCA-1919-35,A->B,no-headnote,
commonlii-LKCA-1919-36,A->B,no-headnote,
commonlii-LKCA-1919-39,A->B,no-headnote,
commonlii-LKCA-1919-41,A->B,no-headnote,
commonlii-LKCA-1919-42,A->B,no-headnote,
commonlii-LKCA-1919-43,A->B,no-headnote,
commonlii-LKCA-1919-44,A->B,no-headnote,
commonlii-LKCA-1919-46,A->B,no-headnote,
commonlii-LKCA-1919-48,A->B,no-headnote,
commonlii-LKCA-1919-49,A->B,no-headnote,
commonlii-LKCA-1919-50,A->B,no-headnote,
commonlii-LKCA-1919-51,A->B,no-headnote,
commonlii-LKCA-1919-55,A->B,no-headnote,
commonlii-LKCA-1919-57,A->B,no-headnote,
commonlii-LKCA-1919-59,A->B,no-headnote,
commonlii-LKCA-1919-60,A->B,no-headnote,
commonlii-LKCA-1919-61,A->B,no-headnote,
commonlii-LKCA-1919-62,A->B,no-headnote,
commonlii-LKCA-1919-63,A->B,no-headnote,
commonlii-LKCA-1919-64,A->B,no-headnote,
commonlii-LKCA-1919-65,A->B,no-headnote,
commonlii-LKCA-1919-66,A->B,no-headnote,
commonlii-LKCA-1919-67,A->B,no-headnote,
commonlii-LKCA-1919-68,A->B,no-headnote,
commonlii-LKCA-1919-69,A->B,no-headnote,
commonlii-LKCA-1919-70,A->B,no-headnote,
commonlii-LKCA-1919-75,A->B,no-headnote,
commonlii-LKCA-1919-76,A->B,no-headnote,
commonlii-LKCA-1919-8,A->B,no-headnote,
commonlii-LKCA-1919-9,A->B,no-headnote,
commonlii-LKCA-1920-1,A->B,no-headnote,
commonlii-LKCA-1920-10,A->B,no-headnote,
commonlii-LKCA-1920-100,A->B,no-headnote,
commonlii-LKCA-1920-101,A->B,no-headnote,
commonlii-LKCA-1920-12,A->B,no-headnote,
commonlii-LKCA-1920-13,A->B,no-headnote,
commonlii-LKCA-1920-16,A->B,no-headnote,
commonlii-LKCA-1920-18,A->B,no-headnote,
commonlii-LKCA-1920-19,A->B,no-headnote,
commonlii-LKCA-1920-20,A->B,no-headnote,
commonlii-LKCA-1920-21,A->B,no-headnote,
commonlii-LKCA-1920-22,A->B,no-headnote,
commonlii-LKCA-1920-23,A->B,no-headnote,
commonlii-LKCA-1920-26,A->B,no-headnote,
commonlii-LKCA-1920-29,A->B,no-headnote,
commonlii-LKCA-1920-31,A->B,no-headnote,
commonlii-LKCA-1920-32,A->B,no-headnote,
commonlii-LKCA-1920-33,A->B,no-headnote,
commonlii-LKCA-1920-34,A->B,no-headnote,
commonlii-LKCA-1920-35,A->B,no-headnote,
commonlii-LKCA-1920-36,A->B,no-headnote,
commonlii-LKCA-1920-37,A->B,no-headnote,
commonlii-LKCA-1920-38,A->B,no-headnote,
commonlii-LKCA-1920-39,A->B,no-headnote,
commonlii-LKCA-1920-44,A->B,no-headnote,
commonlii-LKCA-1920-45,A->B,no-headnote,
commonlii-LKCA-1920-46,A->B,no-headnote,
commonlii-LKCA-1920-47,A->B,no-headnote,
commonlii-LKCA-1920-49,A->B,no-headnote,
commonlii-LKCA-1920-50,A->B,no-headnote,
commonlii-LKCA-1920-51,A->B,no-headnote,
commonlii-LKCA-1920-52,A->B,no-headnote,
commonlii-LKCA-1920-53,A->B,no-headnote,
commonlii-LKCA-1920-6,A->B,no-headnote,
commonlii-LKCA-1920-60,A->B,no-headnote,
commonlii-LKCA-1920-62,A->B,no-headnote,
commonlii-LKCA-1920-66,A->B,no-headnote,
commonlii-LKCA-1920-67,A->B,no-headnote,
commonlii-LKCA-1920-68,A->B,no-headnote,
commonlii-LKCA-1920-70,A->B,no-headnote,
commonlii-LKCA-1920-71,A->B,no-headnote,
commonlii-LKCA-1920-74,A->B,no-headnote,
commonlii-LKCA-1920-75,A->B,no-headnote,
commonlii-LKCA-1920-76,A->B,no-headnote,
commonlii-LKCA-1920-77,A->B,no-headnote,
commonlii-LKCA-1920-78,A->B,no-headnote,
commonlii-LKCA-1920-8,A->B,no-headnote,
commonlii-LKCA-1920-82,A->B,no-headnote,
commonlii-LKCA-1920-88,A->B,no-headnote,
commonlii-LKCA-1920-89,A->B,no-headnote,
commonlii-LKCA-1920-90,A->B,no-headnote,
commonlii-LKCA-1920-91,A->B,no-headnote,
commonlii-LKCA-1920-92,A->B,no-headnote,
commonlii-LKCA-1920-93,A->B,no-headnote,
commonlii-LKCA-1920-94,A->B,no-headnote,
commonlii-LKCA-1920-95,A->B,no-headnote,
commonlii-LKCA-1920-97,A->B,no-headnote,
commonlii-LKCA-1920-98,A->B,no-headnote,
commonlii-LKCA-1920-99,A->B,no-headnote,
commonlii-LKCA-1921-100,A->B,no-headnote,
commonlii-LKCA-1921-12,A->B,no-headnote,
commonlii-LKCA-1921-15,A->B,no-headnote,
commonlii-LKCA-1921-19,A->B,no-headnote,
commonlii-LKCA-1921-21,A->B,no-headnote,
commonlii-LKCA-1921-22,A->B,no-headnote,
commonlii-LKCA-1921-3,A->B,no-headnote,
commonlii-LKCA-1921-30,A->B,no-headnote,
commonlii-LKCA-1921-34,A->B,no-headnote,
commonlii-LKCA-1921-35,A->B,no-headnote,
commonlii-LKCA-1921-37,A->B,no-headnote,
commonlii-LKCA-1921-39,A->B,no-headnote,
commonlii-LKCA-1921-4,A->B,no-headnote,
commonlii-LKCA-1921-40,A->B,no-headnote,
commonlii-LKCA-1921-42,A->B,no-headnote,
commonlii-LKCA-1921-47,A->B,no-headnote,
commonlii-LKCA-1921-48,A->B,no-headnote,
commonlii-LKCA-1921-49,A->B,no-headnote,
commonlii-LKCA-1921-5,A->B,no-headnote,
commonlii-LKCA-1921-50,A->B,no-headnote,
commonlii-LKCA-1921-51,A->B,no-headnote,
commonlii-LKCA-1921-52,A->B,no-headnote,
commonlii-LKCA-1921-53,A->B,no-headnote,
commonlii-LKCA-1921-54,A->B,no-headnote,
commonlii-LKCA-1921-55,A->B,no-headnote,
commonlii-LKCA-1921-56,A->B,no-headnote,
commonlii-LKCA-1921-57,A->B,no-headnote,
commonlii-LKCA-1921-59,A->B,no-headnote,
commonlii-LKCA-1921-6,A->B,no-headnote,
commonlii-LKCA-1921-60,A->B,no-headnote,
commonlii-LKCA-1921-61,A->B,no-headnote,
commonlii-LKCA-1921-62,A->B,no-headnote,
commonlii-LKCA-1921-63,A->B,no-headnote,
commonlii-LKCA-1921-64,A->B,no-headnote,
commonlii-LKCA-1921-65,A->B,no-headnote,
commonlii-LKCA-1921-66,A->B,no-headnote,
commonlii-LKCA-1921-7,A->B,no-headnote,
commonlii-LKCA-1921-70,A->B,no-headnote,
commonlii-LKCA-1921-72,A->B,no-headnote,
commonlii-LKCA-1921-73,A->B,no-headnote,
commonlii-LKCA-1921-74,A->B,no-headnote,
commonlii-LKCA-1921-77,A->B,no-headnote,
commonlii-LKCA-1921-78,A->B,no-headnote,
commonlii-LKCA-1921-8,A->B,no-headnote,
commonlii-LKCA-1921-80,A->B,no-headnote,
commonlii-LKCA-1921-82,A->B,no-headnote,
commonlii-LKCA-1921-83,A->B,no-headnote,
commonlii-LKCA-1921-85,A->B,no-headnote,
commonlii-LKCA-1921-86,A->B,no-headnote,
commonlii-LKCA-1921-87,A->B,no-headnote,
commonlii-LKCA-1921-9,A->B,no-headnote,
commonlii-LKCA-1921-90,A->B,no-headnote,
commonlii-LKCA-1921-91,A->B,no-headnote,
commonlii-LKCA-1921-94,A->B,no-headnote,
commonlii-LKCA-1921-95,A->B,no-headnote,
commonlii-LKCA-1921-97,A->B,no-headnote,
commonlii-LKCA-1921-98,A->B,no-headnote,
commonlii-LKCA-1921-99,A->B,no-headnote,
commonlii-LKCA-1922-101,A->B,no-headnote,
commonlii-LKCA-1922-105,A->B,no-headnote,
commonlii-LKCA-1922-106,A->B,no-headnote,
commonlii-LKCA-1922-107,A->B,no-headnote,
commonlii-LKCA-1922-111,A->B,no-headnote,
commonlii-LKCA-1922-112,A->B,no-headnote,
commonlii-LKCA-1922-113,A->B,no-headnote,
commonlii-LKCA-1922-114,A->B,no-headnote,
commonlii-LKCA-1922-115,A->B,no-headnote,
commonlii-LKCA-1922-116,A->B,no-headnote,
commonlii-LKCA-1922-117,A->B,no-headnote,
commonlii-LKCA-1922-119,A->B,no-headnote,
commonlii-LKCA-1922-120,A->B,no-headnote,
commonlii-LKCA-1922-122,A->B,no-headnote,
commonlii-LKCA-1922-123,A->B,no-headnote,
commonlii-LKCA-1922-124,A->B,no-headnote,
commonlii-LKCA-1922-126,A->B,no-headnote,
commonlii-LKCA-1922-127,A->B,no-headnote,
commonlii-LKCA-1922-128,A->B,no-headnote,
commonlii-LKCA-1922-130,A->B,no-headnote,
commonlii-LKCA-1922-132,A->B,no-headnote,
commonlii-LKCA-1922-14,A->B,no-headnote,
commonlii-LKCA-1922-15,A->B,no-headnote,
commonlii-LKCA-1922-16,A->B,no-headnote,
commonlii-LKCA-1922-17,A->B,no-headnote,
commonlii-LKCA-1922-2,A->B,no-headnote,
commonlii-LKCA-1922-24,A->B,no-headnote,
commonlii-LKCA-1922-25,A->B,no-headnote,
commonlii-LKCA-1922-3,A->B,no-headnote,
commonlii-LKCA-1922-30,A->B,no-headnote,
commonlii-LKCA-1922-33,A->B,no-headnote,
commonlii-LKCA-1922-34,A->B,no-headnote,
commonlii-LKCA-1922-35,A->B,no-headnote,
commonlii-LKCA-1922-37,A->B,no-headnote,
commonlii-LKCA-1922-4,A->B,no-headnote,
commonlii-LKCA-1922-40,A->B,no-headnote,
commonlii-LKCA-1922-41,A->B,no-headnote,
commonlii-LKCA-1922-5,A->B,no-headnote,
commonlii-LKCA-1922-50,A->B,no-headnote,
commonlii-LKCA-1922-51,A->B,no-headnote,
commonlii-LKCA-1922-52,A->B,no-headnote,
commonlii-LKCA-1922-53,A->B,no-headnote,
commonlii-LKCA-1922-54,A->B,no-headnote,
commonlii-LKCA-1922-57,A->B,no-headnote,
commonlii-LKCA-1922-58,A->B,no-headnote,
commonlii-LKCA-1922-68,A->B,no-headnote,
commonlii-LKCA-1922-69,A->B,no-headnote,
commonlii-LKCA-1922-72,A->B,no-headnote,
commonlii-LKCA-1922-75,A->B,no-headnote,
commonlii-LKCA-1922-76,A->B,no-headnote,
commonlii-LKCA-1922-77,A->B,no-headnote,
commonlii-LKCA-1922-78,A->B,no-headnote,
commonlii-LKCA-1922-79,A->B,no-headnote,
commonlii-LKCA-1922-80,A->B,no-headnote,
commonlii-LKCA-1922-81,A->B,no-headnote,
commonlii-LKCA-1922-83,A->B,no-headnote,
commonlii-LKCA-1922-84,A->B,no-headnote,
commonlii-LKCA-1922-85,A->B,no-headnote,
commonlii-LKCA-1922-86,A->B,no-headnote,
commonlii-LKCA-1922-87,A->B,no-headnote,
commonlii-LKCA-1922-88,A->B,no-headnote,
commonlii-LKCA-1922-89,A->B,no-headnote,
commonlii-LKCA-1922-90,A->B,no-headnote,
commonlii-LKCA-1922-91,A->B,no-headnote,
commonlii-LKCA-1922-92,A->B,no-headnote,
commonlii-LKCA-1922-94,A->B,no-headnote,
commonlii-LKCA-1922-95,A->B,no-headnote,
commonlii-LKCA-1922-96,A->B,no-headnote,
commonlii-LKCA-1922-97,A->B,no-headnote,
commonlii-LKCA-1922-99,A->B,no-headnote,
commonlii-LKCA-1924-1,A->B,no-headnote,
commonlii-LKCA-1924-10,A->B,no-headnote,
commonlii-LKCA-1924-11,A->B,no-headnote,
commonlii-LKCA-1924-12,A->B,no-headnote,
commonlii-LKCA-1924-13,A->B,no-headnote,
commonlii-LKCA-1924-14,A->B,no-headnote,
commonlii-LKCA-1924-15,A->B,no-headnote,
commonlii-LKCA-1924-16,A->B,no-headnote,
commonlii-LKCA-1924-17,A->B,no-headnote,
commonlii-LKCA-1924-18,A->B,no-headnote,
commonlii-LKCA-1924-2,A->B,no-headnote,
commonlii-LKCA-1924-20,A->B,no-headnote,
commonlii-LKCA-1924-22,A->B,no-headnote,
commonlii-LKCA-1924-23,A->B,no-headnote,
commonlii-LKCA-1924-24,A->B,no-headnote,
commonlii-LKCA-1924-25,A->B,no-headnote,
commonlii-LKCA-1924-26,A->B,no-headnote,
commonlii-LKCA-1924-27,A->B,no-headnote,
commonlii-LKCA-1924-29,A->B,no-headnote,
commonlii-LKCA-1924-30,A->B,no-headnote,
commonlii-LKCA-1924-33,A->B,no-headnote,
commonlii-LKCA-1924-35,A->B,no-headnote,
commonlii-LKCA-1924-36,A->B,no-headnote,
commonlii-LKCA-1924-39,A->B,no-headnote,
commonlii-LKCA-1924-40,A->B,no-headnote,
commonlii-LKCA-1924-42,A->B,no-headnote,
commonlii-LKCA-1924-45,A->B,no-headnote,
commonlii-LKCA-1924-46,A->B,no-headnote,
commonlii-LKCA-1924-47,A->B,no-headnote,
commonlii-LKCA-1924-48,A->B,no-headnote,
commonlii-LKCA-1924-49,A->B,no-headnote,
commonlii-LKCA-1924-51,A->B,no-headnote,
commonlii-LKCA-1924-52,A->B,no-headnote,
commonlii-LKCA-1924-56,A->B,no-headnote,
commonlii-LKCA-1924-57,A->B,no-headnote,
commonlii-LKCA-1924-59,A->B,no-headnote,
commonlii-LKCA-1924-60,A->B,no-headnote,
commonlii-LKCA-1924-61,A->B,no-headnote,
commonlii-LKCA-1924-63,A->B,no-headnote,
commonlii-LKCA-1924-64,A->B,no-headnote,
commonlii-LKCA-1924-67,A->B,no-headnote,
commonlii-LKCA-1924-68,A->B,no-headnote,
commonlii-LKCA-1925-13,A->B,no-headnote,
commonlii-LKCA-1925-14,A->B,no-headnote,
commonlii-LKCA-1925-15,A->B,no-headnote,
commonlii-LKCA-1925-16,A->B,no-headnote,
commonlii-LKCA-1925-17,A->B,no-headnote,
commonlii-LKCA-1925-18,A->B,no-headnote,
commonlii-LKCA-1925-2,A->B,no-headnote,
commonlii-LKCA-1925-24,A->B,no-headnote,
commonlii-LKCA-1925-28,A->B,no-headnote,
commonlii-LKCA-1925-3,A->B,no-headnote,
commonlii-LKCA-1925-33,A->B,no-headnote,
commonlii-LKCA-1925-34,A->B,no-headnote,
commonlii-LKCA-1925-35,A->B,no-headnote,
commonlii-LKCA-1925-36,A->B,no-headnote,
commonlii-LKCA-1925-37,A->B,no-headnote,
commonlii-LKCA-1925-38,A->B,no-headnote,
commonlii-LKCA-1925-4,A->B,no-headnote,
commonlii-LKCA-1925-41,A->B,no-headnote,
commonlii-LKCA-1925-42,A->B,no-headnote,
commonlii-LKCA-1925-43,A->B,no-headnote,
commonlii-LKCA-1925-44,A->B,no-headnote,
commonlii-LKCA-1925-45,A->B,no-headnote,
commonlii-LKCA-1925-46,A->B,no-headnote,
commonlii-LKCA-1925-47,A->B,no-headnote,
commonlii-LKCA-1925-48,A->B,no-headnote,
commonlii-LKCA-1925-50,A->B,no-headnote,
commonlii-LKCA-1925-51,A->B,no-headnote,
commonlii-LKCA-1925-52,A->B,no-headnote,
commonlii-LKCA-1925-9,A->B,no-headnote,
commonlii-LKCA-1926-1,A->B,no-headnote,
commonlii-LKCA-1926-10,A->B,no-headnote,
commonlii-LKCA-1926-11,A->B,no-headnote,
commonlii-LKCA-1926-13,A->B,no-headnote,
commonlii-LKCA-1926-17,A->B,no-headnote,
commonlii-LKCA-1926-19,A->B,no-headnote,
commonlii-LKCA-1926-2,A->B,no-headnote,
commonlii-LKCA-1926-22,A->B,no-headnote,
commonlii-LKCA-1926-23,A->B,no-headnote,
commonlii-LKCA-1926-24,A->B,no-headnote,
commonlii-LKCA-1926-25,A->B,no-headnote,
commonlii-LKCA-1926-27,A->B,no-headnote,
commonlii-LKCA-1926-28,A->B,no-headnote,
commonlii-LKCA-1926-29,A->B,no-headnote,
commonlii-LKCA-1926-31,A->B,no-headnote,
commonlii-LKCA-1926-32,A->B,no-headnote,
commonlii-LKCA-1926-33,A->B,no-headnote,
commonlii-LKCA-1926-34,A->B,no-headnote,
commonlii-LKCA-1926-35,A->B,no-headnote,
commonlii-LKCA-1926-37,A->B,no-headnote,
commonlii-LKCA-1926-38,A->B,no-headnote,
commonlii-LKCA-1926-39,A->B,no-headnote,
commonlii-LKCA-1926-40,A->B,no-headnote,
commonlii-LKCA-1926-41,A->B,no-headnote,
commonlii-LKCA-1926-42,A->B,no-headnote,
commonlii-LKCA-1926-45,A->B,no-headnote,
commonlii-LKCA-1926-47,A->B,no-headnote,
commonlii-LKCA-1926-48,A->B,no-headnote,
commonlii-LKCA-1926-49,A->B,no-headnote,
commonlii-LKCA-1926-5,A->B,no-headnote,
commonlii-LKCA-1926-50,A->B,no-headnote,
commonlii-LKCA-1926-52,A->B,no-headnote,
commonlii-LKCA-1926-53,A->B,no-headnote,
commonlii-LKCA-1926-54,A->B,no-headnote,
commonlii-LKCA-1926-55,A->B,no-headnote,
commonlii-LKCA-1926-56,A->B,no-headnote,
commonlii-LKCA-1926-58,A->B,no-headnote,
commonlii-LKCA-1926-59,A->B,no-headnote,
commonlii-LKCA-1926-6,A->B,no-headnote,
commonlii-LKCA-1926-60,A->B,no-headnote,
commonlii-LKCA-1926-61,A->B,no-headnote,
commonlii-LKCA-1926-62,A->B,no-headnote,
commonlii-LKCA-1926-63,A->B,no-headnote,
commonlii-LKCA-1926-64,A->B,no-headnote,
commonlii-LKCA-1926-7,A->B,no-headnote,
commonlii-LKCA-1926-9,A->B,no-headnote,
commonlii-LKCA-1927-11,A->B,no-headnote,
commonlii-LKCA-1927-14,A->B,no-headnote,
commonlii-LKCA-1927-15,A->B,no-headnote,
commonlii-LKCA-1927-16,A->B,no-headnote,
commonlii-LKCA-1927-18,A->B,no-headnote,
commonlii-LKCA-1927-19,A->B,no-headnote,
commonlii-LKCA-1927-2,A->B,no-headnote,
commonlii-LKCA-1927-20,A->B,no-headnote,
commonlii-LKCA-1927-25,A->B,no-headnote,
commonlii-LKCA-1927-26,A->B,no-headnote,
commonlii-LKCA-1927-27,A->B,no-headnote,
commonlii-LKCA-1927-29,A->B,no-headnote,
commonlii-LKCA-1927-30,A->B,no-headnote,
commonlii-LKCA-1927-33,A->B,no-headnote,
commonlii-LKCA-1927-35,A->B,no-headnote,
commonlii-LKCA-1927-41,A->B,no-headnote,
commonlii-LKCA-1927-42,A->B,no-headnote,
commonlii-LKCA-1927-44,A->B,no-headnote,
commonlii-LKCA-1927-45,A->B,no-headnote,
commonlii-LKCA-1927-46,A->B,no-headnote,
commonlii-LKCA-1927-47,A->B,no-headnote,
commonlii-LKCA-1927-48,A->B,no-headnote,
commonlii-LKCA-1927-5,A->B,no-headnote,
commonlii-LKCA-1927-50,A->B,no-headnote,
commonlii-LKCA-1927-54,A->B,no-headnote,
commonlii-LKCA-1927-6,A->B,no-headnote,
commonlii-LKCA-1927-8,A->B,no-headnote,
commonlii-LKCA-1928-1,A->B,no-headnote,
commonlii-LKCA-1928-14,A->B,no-headnote,
commonlii-LKCA-1928-15,A->B,no-headnote,
commonlii-LKCA-1928-19,A->B,no-headnote,
commonlii-LKCA-1928-21,A->B,no-headnote,
commonlii-LKCA-1928-23,A->B,no-headnote,
commonlii-LKCA-1928-24,A->B,no-headnote,
commonlii-LKCA-1928-29,A->B,no-headnote,
commonlii-LKCA-1928-33,A->B,no-headnote,
commonlii-LKCA-1928-34,A->B,no-headnote,
commonlii-LKCA-1928-37,A->B,no-headnote,
commonlii-LKCA-1928-38,A->B,no-headnote,
commonlii-LKCA-1928-39,A->B,no-headnote,
commonlii-LKCA-1928-40,A->B,no-headnote,
commonlii-LKCA-1928-41,A->B,no-headnote,
commonlii-LKCA-1928-42,A->B,no-headnote,
commonlii-LKCA-1928-43,A->B,no-headnote,
commonlii-LKCA-1928-44,A->B,no-headnote,
commonlii-LKCA-1928-45,A->B,no-headnote,
commonlii-LKCA-1928-47,A->B,no-headnote,
commonlii-LKCA-1928-48,A->B,no-headnote,
commonlii-LKCA-1928-53,A->B,no-headnote,
commonlii-LKCA-1928-56,A->B,no-headnote,
commonlii-LKCA-1928-58,A->B,no-headnote,
commonlii-LKCA-1928-59,A->B,no-headnote,
commonlii-LKCA-1928-6,A->B,no-headnote,
commonlii-LKCA-1928-62,A->B,no-headnote,
commonlii-LKCA-1928-63,A->B,no-headnote,
commonlii-LKCA-1928-65,A->B,no-headnote,
commonlii-LKCA-1928-67,A->B,no-headnote,
commonlii-LKCA-1928-69,A->B,no-headnote,
commonlii-LKCA-1928-70,A->B,no-headnote,
commonlii-LKCA-1928-71,A->B,no-headnote,
commonlii-LKCA-1928-73,A->B,no-headnote,
commonlii-LKCA-1928-74,A->B,no-headnote,
commonlii-LKCA-1928-75,A->B,no-headnote,
commonlii-LKCA-1928-77,A->B,no-headnote,
commonlii-LKCA-1928-78,A->B,no-headnote,
commonlii-LKCA-1928-79,A->B,no-headnote,
commonlii-LKCA-1928-82,A->B,no-headnote,
commonlii-LKCA-1928-84,A->B,no-headnote,
commonlii-LKCA-1928-85,A->B,no-headnote,
commonlii-LKCA-1928-9,A->B,no-headnote,
commonlii-LKCA-1928-90,A->B,no-headnote,
commonlii-LKCA-1928-92,A->B,no-headnote,
commonlii-LKCA-1928-93,A->B,no-headnote,
commonlii-LKCA-1928-94,A->B,no-headnote,
commonlii-LKCA-1928-95,A->B,no-headnote,
commonlii-LKCA-1928-97,A->B,no-headnote,
commonlii-LKCA-1928-98,A->B,no-headnote,
commonlii-LKCA-1928-99,A->B,no-headnote,
commonlii-LKCA-1929-10,A->B,no-headnote,
commonlii-LKCA-1929-100,A->B,no-headnote,
commonlii-LKCA-1929-101,A->B,no-headnote,
commonlii-LKCA-1929-102,A->B,no-headnote,
commonlii-LKCA-1929-103,A->B,no-headnote,
commonlii-LKCA-1929-104,A->B,no-headnote,
commonlii-LKCA-1929-11,A->B,no-headnote,
commonlii-LKCA-1929-13,A->B,no-headnote,
commonlii-LKCA-1929-19,A->B,no-headnote,
commonlii-LKCA-1929-21,A->B,no-headnote,
commonlii-LKCA-1929-22,A->B,no-headnote,
commonlii-LKCA-1929-23,A->B,no-headnote,
commonlii-LKCA-1929-24,A->B,no-headnote,
commonlii-LKCA-1929-25,A->B,no-headnote,
commonlii-LKCA-1929-32,A->B,no-headnote,
commonlii-LKCA-1929-34,A->B,no-headnote,
commonlii-LKCA-1929-35,A->B,no-headnote,
commonlii-LKCA-1929-36,A->B,no-headnote,
commonlii-LKCA-1929-38,A->B,no-headnote,
commonlii-LKCA-1929-39,A->B,no-headnote,
commonlii-LKCA-1929-40,A->B,no-headnote,
commonlii-LKCA-1929-45,A->B,no-headnote,
commonlii-LKCA-1929-47,A->B,no-headnote,
commonlii-LKCA-1929-48,A->B,no-headnote,
commonlii-LKCA-1929-51,A->B,no-headnote,
commonlii-LKCA-1929-53,A->B,no-headnote,
commonlii-LKCA-1929-54,A->B,no-headnote,
commonlii-LKCA-1929-55,A->B,no-headnote,
commonlii-LKCA-1929-56,A->B,no-headnote,
commonlii-LKCA-1929-6,A->B,no-headnote,
commonlii-LKCA-1929-64,A->B,no-headnote,
commonlii-LKCA-1929-65,A->B,no-headnote,
commonlii-LKCA-1929-66,A->B,no-headnote,
commonlii-LKCA-1929-69,A->B,no-headnote,
commonlii-LKCA-1929-7,A->B,no-headnote,
commonlii-LKCA-1929-71,A->B,no-headnote,
commonlii-LKCA-1929-75,A->B,no-headnote,
commonlii-LKCA-1929-76,A->B,no-headnote,
commonlii-LKCA-1929-78,A->B,no-headnote,
commonlii-LKCA-1929-79,A->B,no-headnote,
commonlii-LKCA-1929-80,A->B,no-headnote,
commonlii-LKCA-1929-81,A->B,no-headnote,
commonlii-LKCA-1929-83,A->B,no-headnote,
commonlii-LKCA-1929-84,A->B,no-headnote,
commonlii-LKCA-1929-86,A->B,no-headnote,
commonlii-LKCA-1929-87,A->B,no-headnote,
commonlii-LKCA-1929-9,A->B,no-headnote,
commonlii-LKCA-1929-91,A->B,no-headnote,
commonlii-LKCA-1929-94,A->B,no-headnote,
commonlii-LKCA-1929-96,A->B,no-headnote,
commonlii-LKCA-1930-13,A->B,no-headnote,
commonlii-LKCA-1930-14,A->B,no-headnote,
commonlii-LKCA-1930-16,A->B,no-headnote,
commonlii-LKCA-1930-19,A->B,no-headnote,
commonlii-LKCA-1930-20,A->B,no-headnote,
commonlii-LKCA-1930-25,A->B,no-headnote,
commonlii-LKCA-1930-34,A->B,no-headnote,
commonlii-LKCA-1930-40,A->B,no-headnote,
commonlii-LKCA-1930-41,A->B,no-headnote,
commonlii-LKCA-1930-43,A->B,no-headnote,
commonlii-LKCA-1930-45,A->B,no-headnote,
commonlii-LKCA-1930-46,A->B,no-headnote,
commonlii-LKCA-1930-47,A->B,no-headnote,
commonlii-LKCA-1930-48,A->B,no-headnote,
commonlii-LKCA-1930-49,A->B,no-headnote,
commonlii-LKCA-1930-5,A->B,no-headnote,
commonlii-LKCA-1930-53,A->B,no-headnote,
commonlii-LKCA-1930-55,A->B,no-headnote,
commonlii-LKCA-1930-56,A->B,no-headnote,
commonlii-LKCA-1930-59,A->B,no-headnote,
commonlii-LKCA-1930-60,A->B,no-headnote,
commonlii-LKCA-1930-61,A->B,no-headnote,
commonlii-LKCA-1930-62,A->B,no-headnote,
commonlii-LKCA-1930-63,A->B,no-headnote,
commonlii-LKCA-1930-64,A->B,no-headnote,
commonlii-LKCA-1930-65,A->B,no-headnote,
commonlii-LKCA-1930-67,A->B,no-headnote,
commonlii-LKCA-1930-7,A->B,no-headnote,
commonlii-LKCA-1930-70,A->B,no-headnote,
commonlii-LKCA-1930-71,A->B,no-headnote,
commonlii-LKCA-1930-72,A->B,no-headnote,
commonlii-LKCA-1930-73,A->B,no-headnote,
commonlii-LKCA-1930-75,A->B,no-headnote,
commonlii-LKCA-1930-76,A->B,no-headnote,
commonlii-LKCA-1930-79,A->B,no-headnote,
commonlii-LKCA-1930-80,A->B,no-headnote,
commonlii-LKCA-1932-1,A->B,no-headnote,
commonlii-LKCA-1932-10,A->B,no-headnote,
commonlii-LKCA-1932-11,A->B,no-headnote,
commonlii-LKCA-1932-12,A->B,no-headnote,
commonlii-LKCA-1932-13,A->B,no-headnote,
commonlii-LKCA-1932-14,A->B,no-headnote,
commonlii-LKCA-1932-15,A->B,no-headnote,
commonlii-LKCA-1932-19,A->B,no-headnote,
commonlii-LKCA-1932-20,A->B,no-headnote,
commonlii-LKCA-1932-21,A->B,no-headnote,
commonlii-LKCA-1932-22,A->B,no-headnote,
commonlii-LKCA-1932-25,A->B,no-headnote,
commonlii-LKCA-1932-26,A->B,no-headnote,
commonlii-LKCA-1932-27,A->B,no-headnote,
commonlii-LKCA-1932-3,A->B,no-headnote,
commonlii-LKCA-1932-31,A->B,no-headnote,
commonlii-LKCA-1932-32,A->B,no-headnote,
commonlii-LKCA-1932-33,A->B,no-headnote,
commonlii-LKCA-1932-34,A->B,no-headnote,
commonlii-LKCA-1932-35,A->B,no-headnote,
commonlii-LKCA-1932-36,A->B,no-headnote,
commonlii-LKCA-1932-37,A->B,no-headnote,
commonlii-LKCA-1932-38,A->B,no-headnote,
commonlii-LKCA-1932-4,A->B,no-headnote,
commonlii-LKCA-1932-42,A->B,no-headnote,
commonlii-LKCA-1932-44,A->B,no-headnote,
commonlii-LKCA-1932-48,A->B,no-headnote,
commonlii-LKCA-1932-49,A->B,no-headnote,
commonlii-LKCA-1932-50,A->B,no-headnote,
commonlii-LKCA-1932-52,A->B,no-headnote,
commonlii-LKCA-1932-53,A->B,no-headnote,
commonlii-LKCA-1932-54,A->B,no-headnote,
commonlii-LKCA-1932-55,A->B,no-headnote,
commonlii-LKCA-1932-56,A->B,no-headnote,
commonlii-LKCA-1932-57,A->B,no-headnote,
commonlii-LKCA-1932-58,A->B,no-headnote,
commonlii-LKCA-1932-59,A->B,no-headnote,
commonlii-LKCA-1932-6,A->B,no-headnote,
commonlii-LKCA-1932-60,A->B,no-headnote,
commonlii-LKCA-1932-61,A->B,no-headnote,
commonlii-LKCA-1932-66,A->B,no-headnote,
commonlii-LKCA-1932-67,A->B,no-headnote,
commonlii-LKCA-1932-69,A->B,no-headnote,
commonlii-LKCA-1932-71,A->B,no-headnote,
commonlii-LKCA-1932-8,A->B,no-headnote,
commonlii-LKCA-1932-9,A->B,no-headnote,
commonlii-LKCA-1933-10,A->B,no-headnote,
commonlii-LKCA-1933-12,A->B,no-headnote,
commonlii-LKCA-1933-13,A->B,no-headnote,
commonlii-LKCA-1933-14,A->B,no-headnote,
commonlii-LKCA-1933-15,A->B,no-headnote,
commonlii-LKCA-1933-17,A->B,no-headnote,
commonlii-LKCA-1933-19,A->B,no-headnote,
commonlii-LKCA-1933-20,A->B,no-headnote,
commonlii-LKCA-1933-24,A->B,no-headnote,
commonlii-LKCA-1933-25,A->B,no-headnote,
commonlii-LKCA-1933-26,A->B,no-headnote,
commonlii-LKCA-1933-27,A->B,no-headnote,
commonlii-LKCA-1933-29,A->B,no-headnote,
commonlii-LKCA-1933-3,A->B,no-headnote,
commonlii-LKCA-1933-30,A->B,no-headnote,
commonlii-LKCA-1933-32,A->B,no-headnote,
commonlii-LKCA-1933-33,A->B,no-headnote,
commonlii-LKCA-1933-36,A->B,no-headnote,
commonlii-LKCA-1933-4,A->B,no-headnote,
commonlii-LKCA-1933-40,A->B,no-headnote,
commonlii-LKCA-1933-41,A->B,no-headnote,
commonlii-LKCA-1933-42,A->B,no-headnote,
commonlii-LKCA-1933-43,A->B,no-headnote,
commonlii-LKCA-1933-44,A->B,no-headnote,
commonlii-LKCA-1933-45,A->B,no-headnote,
commonlii-LKCA-1933-47,A->B,no-headnote,
commonlii-LKCA-1933-5,A->B,no-headnote,
commonlii-LKCA-1933-50,A->B,no-headnote,
commonlii-LKCA-1933-51,A->B,no-headnote,
commonlii-LKCA-1933-53,A->B,no-headnote,
commonlii-LKCA-1933-54,A->B,no-headnote,
commonlii-LKCA-1933-55,A->B,no-headnote,
commonlii-LKCA-1933-57,A->B,no-headnote,
commonlii-LKCA-1933-58,A->B,no-headnote,
commonlii-LKCA-1933-60,A->B,no-headnote,
commonlii-LKCA-1933-61,A->B,no-headnote,
commonlii-LKCA-1933-62,A->B,no-headnote,
commonlii-LKCA-1933-63,A->B,no-headnote,
commonlii-LKCA-1933-64,A->B,no-headnote,
commonlii-LKCA-1933-66,A->B,no-headnote,
commonlii-LKCA-1933-8,A->B,no-headnote,
commonlii-LKCA-1933-9,A->B,no-headnote,
commonlii-LKCA-1934-1,A->B,no-headnote,
commonlii-LKCA-1934-10,A->B,no-headnote,
commonlii-LKCA-1934-11,A->B,no-headnote,
commonlii-LKCA-1934-14,A->B,no-headnote,
commonlii-LKCA-1934-2,A->B,no-headnote,
commonlii-LKCA-1934-22,A->B,no-headnote,
commonlii-LKCA-1934-26,A->B,no-headnote,
commonlii-LKCA-1934-27,A->B,no-headnote,
commonlii-LKCA-1934-29,A->B,no-headnote,
commonlii-LKCA-1934-32,A->B,no-headnote,
commonlii-LKCA-1934-35,A->B,no-headnote,
commonlii-LKCA-1934-36,A->B,no-headnote,
commonlii-LKCA-1934-37,A->B,no-headnote,
commonlii-LKCA-1934-38,A->B,no-headnote,
commonlii-LKCA-1934-39,A->B,no-headnote,
commonlii-LKCA-1934-4,A->B,no-headnote,
commonlii-LKCA-1934-40,A->B,no-headnote,
commonlii-LKCA-1934-41,A->B,no-headnote,
commonlii-LKCA-1934-42,A->B,no-headnote,
commonlii-LKCA-1934-43,A->B,no-headnote,
commonlii-LKCA-1934-44,A->B,no-headnote,
commonlii-LKCA-1934-45,A->B,no-headnote,
commonlii-LKCA-1934-47,A->B,no-headnote,
commonlii-LKCA-1934-48,A->B,no-headnote,
commonlii-LKCA-1934-49,A->B,no-headnote,
commonlii-LKCA-1934-5,A->B,no-headnote,
commonlii-LKCA-1934-50,A->B,no-headnote,
commonlii-LKCA-1934-51,A->B,no-headnote,
commonlii-LKCA-1934-52,A->B,no-headnote,
commonlii-LKCA-1934-54,A->B,no-headnote,
commonlii-LKCA-1934-58,A->B,no-headnote,
commonlii-LKCA-1934-60,A->B,no-headnote,
commonlii-LKCA-1934-61,A->B,no-headnote,
commonlii-LKCA-1934-62,A->B,no-headnote,
commonlii-LKCA-1934-63,A->B,no-headnote,
commonlii-LKCA-1934-66,A->B,no-headnote,
commonlii-LKCA-1934-68,A->B,no-headnote,
commonlii-LKCA-1935-1,A->B,no-headnote,
commonlii-LKCA-1935-11,A->B,no-headnote,
commonlii-LKCA-1935-12,A->B,no-headnote,
commonlii-LKCA-1935-13,A->B,no-headnote,
commonlii-LKCA-1935-16,A->B,no-headnote,
commonlii-LKCA-1935-18,A->B,no-headnote,
commonlii-LKCA-1935-19,A->B,no-headnote,
commonlii-LKCA-1935-2,A->B,no-headnote,
commonlii-LKCA-1935-20,A->B,no-headnote,
commonlii-LKCA-1935-23,A->B,no-headnote,
commonlii-LKCA-1935-27,A->B,no-headnote,
commonlii-LKCA-1935-28,A->B,no-headnote,
commonlii-LKCA-1935-3,A->B,no-headnote,
commonlii-LKCA-1935-30,A->B,no-headnote,
commonlii-LKCA-1935-31,A->B,no-headnote,
commonlii-LKCA-1935-34,A->B,no-headnote,
commonlii-LKCA-1935-35,A->B,no-headnote,
commonlii-LKCA-1935-36,A->B,no-headnote,
commonlii-LKCA-1935-38,A->B,no-headnote,
commonlii-LKCA-1935-39,A->B,no-headnote,
commonlii-LKCA-1935-40,A->B,no-headnote,
commonlii-LKCA-1935-41,A->B,no-headnote,
commonlii-LKCA-1935-44,A->B,no-headnote,
commonlii-LKCA-1935-45,A->B,no-headnote,
commonlii-LKCA-1935-49,A->B,no-headnote,
commonlii-LKCA-1935-5,A->B,no-headnote,
commonlii-LKCA-1935-51,A->B,no-headnote,
commonlii-LKCA-1935-57,A->B,no-headnote,
commonlii-LKCA-1935-58,A->B,no-headnote,
commonlii-LKCA-1935-59,A->B,no-headnote,
commonlii-LKCA-1935-61,A->B,no-headnote,
commonlii-LKCA-1935-9,A->B,no-headnote,
commonlii-LKCA-1936-11,A->B,no-headnote,
commonlii-LKCA-1936-14,A->B,no-headnote,
commonlii-LKCA-1936-16,A->B,no-headnote,
commonlii-LKCA-1936-19,A->B,no-headnote,
commonlii-LKCA-1936-22,A->B,no-headnote,
commonlii-LKCA-1936-23,A->B,no-headnote,
commonlii-LKCA-1936-24,A->B,no-headnote,
commonlii-LKCA-1936-27,A->B,no-headnote,
commonlii-LKCA-1936-28,A->B,no-headnote,
commonlii-LKCA-1936-30,A->B,no-headnote,
commonlii-LKCA-1936-31,A->B,no-headnote,
commonlii-LKCA-1936-32,A->B,no-headnote,
commonlii-LKCA-1936-33,A->B,no-headnote,
commonlii-LKCA-1936-34,A->B,no-headnote,
commonlii-LKCA-1936-36,A->B,no-headnote,
commonlii-LKCA-1936-4,A->B,no-headnote,
commonlii-LKCA-1936-40,A->B,no-headnote,
commonlii-LKCA-1936-44,A->B,no-headnote,
commonlii-LKCA-1936-45,A->B,no-headnote,
commonlii-LKCA-1936-48,A->B,no-headnote,
commonlii-LKCA-1936-49,A->B,no-headnote,
commonlii-LKCA-1936-5,A->B,no-headnote,
commonlii-LKCA-1936-50,A->B,no-headnote,
commonlii-LKCA-1936-51,A->B,no-headnote,
commonlii-LKCA-1936-52,A->B,no-headnote,
commonlii-LKCA-1936-55,A->B,no-headnote,
commonlii-LKCA-1936-56,A->B,no-headnote,
commonlii-LKCA-1936-57,A->B,no-headnote,
commonlii-LKCA-1936-58,A->B,no-headnote,
commonlii-LKCA-1936-60,A->B,no-headnote,
commonlii-LKCA-1936-61,A->B,no-headnote,
commonlii-LKCA-1936-62,A->B,no-headnote,
commonlii-LKCA-1936-63,A->B,no-headnote,
commonlii-LKCA-1936-64,A->B,no-headnote,
commonlii-LKCA-1936-65,A->B,no-headnote,
commonlii-LKCA-1936-69,A->B,no-headnote,
commonlii-LKCA-1936-72,A->B,no-headnote,
commonlii-LKCA-1936-74,A->B,no-headnote,
commonlii-LKCA-1936-8,A->B,no-headnote,
commonlii-LKCA-1937-1,A->B,no-headnote,
commonlii-LKCA-1937-11,A->B,no-headnote,
commonlii-LKCA-1937-14,A->B,no-headnote,
commonlii-LKCA-1937-15,A->B,no-headnote,
commonlii-LKCA-1937-17,A->B,no-headnote,
commonlii-LKCA-1937-18,A->B,no-headnote,
commonlii-LKCA-1937-2,A->B,no-headnote,
commonlii-LKCA-1937-20,A->B,no-headnote,
commonlii-LKCA-1937-21,A->B,no-headnote,
commonlii-LKCA-1937-22,A->B,no-headnote,
commonlii-LKCA-1937-23,A->B,no-headnote,
commonlii-LKCA-1937-27,A->B,no-headnote,
commonlii-LKCA-1937-28,A->B,no-headnote,
commonlii-LKCA-1937-3,A->B,no-headnote,
commonlii-LKCA-1937-30,A->B,no-headnote,
commonlii-LKCA-1937-33,A->B,no-headnote,
commonlii-LKCA-1937-34,A->B,no-headnote,
commonlii-LKCA-1937-36,A->B,no-headnote,
commonlii-LKCA-1937-37,A->B,no-headnote,
commonlii-LKCA-1937-39,A->B,no-headnote,
commonlii-LKCA-1937-4,A->B,no-headnote,
commonlii-LKCA-1937-42,A->B,no-headnote,
commonlii-LKCA-1937-43,A->B,no-headnote,
commonlii-LKCA-1937-44,A->B,no-headnote,
commonlii-LKCA-1937-46,A->B,no-headnote,
commonlii-LKCA-1937-47,A->B,no-headnote,
commonlii-LKCA-1937-48,A->B,no-headnote,
commonlii-LKCA-1937-50,A->B,no-headnote,
commonlii-LKCA-1937-51,A->B,no-headnote,
commonlii-LKCA-1937-53,A->B,no-headnote,
commonlii-LKCA-1937-55,A->B,no-headnote,
commonlii-LKCA-1937-6,A->B,no-headnote,
commonlii-LKCA-1937-60,A->B,no-headnote,
commonlii-LKCA-1937-61,A->B,no-headnote,
commonlii-LKCA-1937-64,A->B,no-headnote,
commonlii-LKCA-1937-65,A->B,no-headnote,
commonlii-LKCA-1937-66,A->B,no-headnote,
commonlii-LKCA-1937-68,A->B,no-headnote,
commonlii-LKCA-1937-69,A->B,no-headnote,
commonlii-LKCA-1937-70,A->B,no-headnote,
commonlii-LKCA-1937-71,A->B,no-headnote,
commonlii-LKCA-1937-72,A->B,no-headnote,
commonlii-LKCA-1937-73,A->B,no-headnote,
commonlii-LKCA-1937-75,A->B,no-headnote,
commonlii-LKCA-1937-76,A->B,no-headnote,
commonlii-LKCA-1937-77,A->B,no-headnote,
commonlii-LKCA-1937-8,A->B,no-headnote,
commonlii-LKCA-1937-81,A->B,no-headnote,
commonlii-LKCA-1937-82,A->B,no-headnote,
commonlii-LKCA-1937-84,A->B,no-headnote,
commonlii-LKCA-1937-85,A->B,no-headnote,
commonlii-LKCA-1937-9,A->B,no-headnote,
commonlii-LKCA-1937-91,A->B,no-headnote,
commonlii-LKCA-1937-92,A->B,no-headnote,
commonlii-LKCA-1938-1,A->B,no-headnote,
commonlii-LKCA-1938-10,A->B,no-headnote,
commonlii-LKCA-1938-16,A->B,no-headnote,
commonlii-LKCA-1938-19,A->B,no-headnote,
commonlii-LKCA-1938-2,A->B,no-headnote,
commonlii-LKCA-1938-20,A->B,no-headnote,
commonlii-LKCA-1938-21,A->B,no-headnote,
commonlii-LKCA-1938-22,A->B,no-headnote,
commonlii-LKCA-1938-23,A->B,no-headnote,
commonlii-LKCA-1938-25,A->B,no-headnote,
commonlii-LKCA-1938-26,A->B,no-headnote,
commonlii-LKCA-1938-30,A->B,no-headnote,
commonlii-LKCA-1938-32,A->B,no-headnote,
commonlii-LKCA-1938-33,A->B,no-headnote,
commonlii-LKCA-1938-36,A->B,no-headnote,
commonlii-LKCA-1938-37,A->B,no-headnote,
commonlii-LKCA-1938-39,A->B,no-headnote,
commonlii-LKCA-1938-41,A->B,no-headnote,
commonlii-LKCA-1938-47,A->B,no-headnote,
commonlii-LKCA-1938-48,A->B,no-headnote,
commonlii-LKCA-1938-5,A->B,no-headnote,
commonlii-LKCA-1938-51,A->B,no-headnote,
commonlii-LKCA-1938-52,A->B,no-headnote,
commonlii-LKCA-1938-53,A->B,no-headnote,
commonlii-LKCA-1938-55,A->B,no-headnote,
commonlii-LKCA-1938-56,A->B,no-headnote,
commonlii-LKCA-1938-58,A->B,no-headnote,
commonlii-LKCA-1938-59,A->B,no-headnote,
commonlii-LKCA-1938-60,A->B,no-headnote,
commonlii-LKCA-1938-61,A->B,no-headnote,
commonlii-LKCA-1938-64,A->B,no-headnote,
commonlii-LKCA-1938-72,A->B,no-headnote,
commonlii-LKCA-1938-73,A->B,no-headnote,
commonlii-LKCA-1938-74,A->B,no-headnote,
commonlii-LKCA-1938-76,A->B,no-headnote,
commonlii-LKCA-1938-82,A->B,no-headnote,
commonlii-LKCA-1938-83,A->B,no-headnote,
commonlii-LKCA-1939-12,A->B,no-headnote,
commonlii-LKCA-1939-21,A->B,no-headnote,
commonlii-LKCA-1939-23,A->B,no-headnote,
commonlii-LKCA-1939-26,A->B,no-headnote,
commonlii-LKCA-1939-29,A->B,no-headnote,
commonlii-LKCA-1939-30,A->B,no-headnote,
commonlii-LKCA-1939-33,A->B,no-headnote,
commonlii-LKCA-1939-36,A->B,no-headnote,
commonlii-LKCA-1939-37,A->B,no-headnote,
commonlii-LKCA-1939-38,A->B,no-headnote,
commonlii-LKCA-1939-39,A->B,no-headnote,
commonlii-LKCA-1939-41,A->B,no-headnote,
commonlii-LKCA-1939-42,A->B,no-headnote,
commonlii-LKCA-1939-43,A->B,no-headnote,
commonlii-LKCA-1939-44,A->B,no-headnote,
commonlii-LKCA-1939-45,A->B,no-headnote,
commonlii-LKCA-1939-48,A->B,no-headnote,
commonlii-LKCA-1939-50,A->B,no-headnote,
commonlii-LKCA-1939-51,A->B,no-headnote,
commonlii-LKCA-1939-54,A->B,no-headnote,
commonlii-LKCA-1939-56,A->B,no-headnote,
commonlii-LKCA-1939-57,A->B,no-headnote,
commonlii-LKCA-1939-58,A->B,no-headnote,
commonlii-LKCA-1939-60,A->B,no-headnote,
commonlii-LKCA-1939-61,A->B,no-headnote,
commonlii-LKCA-1939-67,A->B,no-headnote,
commonlii-LKCA-1939-69,A->B,no-headnote,
commonlii-LKCA-1939-70,A->B,no-headnote,
commonlii-LKCA-1939-71,A->B,no-headnote,
commonlii-LKCA-1939-9,A->B,no-headnote,
commonlii-LKCA-1940-12,A->B,no-headnote,
commonlii-LKCA-1940-15,A->B,no-headnote,
commonlii-LKCA-1940-16,A->B,no-headnote,
commonlii-LKCA-1940-25,A->B,no-headnote,
commonlii-LKCA-1940-26,A->B,no-headnote,
commonlii-LKCA-1940-31,A->B,no-headnote,
commonlii-LKCA-1940-32,A->B,no-headnote,
commonlii-LKCA-1940-34,A->B,no-headnote,
commonlii-LKCA-1940-38,A->B,no-headnote,
commonlii-LKCA-1940-39,A->B,no-headnote,
commonlii-LKCA-1940-41,A->B,no-headnote,
commonlii-LKCA-1940-5,A->B,no-headnote,
commonlii-LKCA-1940-6,A->B,no-headnote,
commonlii-LKCA-1940-8,A->B,no-headnote,
commonlii-LKCA-1941-11,A->B,no-headnote,
commonlii-LKCA-1941-12,A->B,no-headnote,
commonlii-LKCA-1941-14,A->B,no-headnote,
commonlii-LKCA-1941-15,A->B,no-headnote,
commonlii-LKCA-1941-19,A->B,no-headnote,
commonlii-LKCA-1941-2,A->B,no-headnote,
commonlii-LKCA-1941-21,A->B,no-headnote,
commonlii-LKCA-1941-22,A->B,no-headnote,
commonlii-LKCA-1941-23,A->B,no-headnote,
commonlii-LKCA-1941-26,A->B,no-headnote,
commonlii-LKCA-1941-28,A->B,no-headnote,
commonlii-LKCA-1941-3,A->B,no-headnote,
commonlii-LKCA-1941-30,A->B,no-headnote,
commonlii-LKCA-1941-31,A->B,no-headnote,
commonlii-LKCA-1941-33,A->B,no-headnote,
commonlii-LKCA-1941-34,A->B,no-headnote,
commonlii-LKCA-1941-37,A->B,no-headnote,
commonlii-LKCA-1941-39,A->B,no-headnote,
commonlii-LKCA-1941-4,A->B,no-headnote,
commonlii-LKCA-1941-42,A->B,no-headnote,
commonlii-LKCA-1941-43,A->B,no-headnote,
commonlii-LKCA-1941-45,A->B,no-headnote,
commonlii-LKCA-1941-47,A->B,no-headnote,
commonlii-LKCA-1941-48,A->B,no-headnote,
commonlii-LKCA-1941-49,A->B,no-headnote,
commonlii-LKCA-1941-5,A->B,no-headnote,
commonlii-LKCA-1941-51,A->B,no-headnote,
commonlii-LKCA-1941-53,A->B,no-headnote,
commonlii-LKCA-1941-8,A->B,no-headnote,
commonlii-LKCA-1942-1,A->B,no-headnote,
commonlii-LKCA-1942-11,A->B,no-headnote,
commonlii-LKCA-1942-14,A->B,no-headnote,
commonlii-LKCA-1942-22,A->B,no-headnote,
commonlii-LKCA-1942-24,A->B,no-headnote,
commonlii-LKCA-1942-25,A->B,no-headnote,
commonlii-LKCA-1942-28,A->B,no-headnote,
commonlii-LKCA-1942-30,A->B,no-headnote,
commonlii-LKCA-1942-31,A->B,no-headnote,
commonlii-LKCA-1942-39,A->B,no-headnote,
commonlii-LKCA-1942-4,A->B,no-headnote,
commonlii-LKCA-1942-40,A->B,no-headnote,
commonlii-LKCA-1942-41,A->B,no-headnote,
commonlii-LKCA-1942-42,A->B,no-headnote,
commonlii-LKCA-1942-44,A->B,no-headnote,
commonlii-LKCA-1942-47,A->B,no-headnote,
commonlii-LKCA-1942-52,A->B,no-headnote,
commonlii-LKCA-1942-55,A->B,no-headnote,
commonlii-LKCA-1942-57,A->B,no-headnote,
commonlii-LKCA-1942-58,A->B,no-headnote,
commonlii-LKCA-1942-59,A->B,no-headnote,
commonlii-LKCA-1942-6,A->B,no-headnote,
commonlii-LKCA-1942-61,A->B,no-headnote,
commonlii-LKCA-1942-62,A->B,no-headnote,
commonlii-LKCA-1942-63,A->B,no-headnote,
commonlii-LKCA-1942-64,A->B,no-headnote,
commonlii-LKCA-1942-65,A->B,no-headnote,
commonlii-LKCA-1942-66,A->B,no-headnote,
commonlii-LKCA-1942-7,A->B,no-headnote,
commonlii-LKCA-1942-73,A->B,no-headnote,
commonlii-LKCA-1942-75,A->B,no-headnote,
commonlii-LKCA-1942-76,A->B,no-headnote,
commonlii-LKCA-1942-79,A->B,no-headnote,
commonlii-LKCA-1942-80,A->B,no-headnote,
commonlii-LKCA-1942-83,A->B,no-headnote,
commonlii-LKCA-1942-84,A->B,no-headnote,
commonlii-LKCA-1943-10,A->B,no-headnote,
commonlii-LKCA-1943-12,A->B,no-headnote,
commonlii-LKCA-1943-13,A->B,no-headnote,
commonlii-LKCA-1943-14,A->B,no-headnote,
commonlii-LKCA-1943-17,A->B,no-headnote,
commonlii-LKCA-1943-19,A->B,no-headnote,
commonlii-LKCA-1943-21,A->B,no-headnote,
commonlii-LKCA-1943-22,A->B,no-headnote,
commonlii-LKCA-1943-23,A->B,no-headnote,
commonlii-LKCA-1943-25,A->B,no-headnote,
commonlii-LKCA-1943-27,A->B,no-headnote,
commonlii-LKCA-1943-28,A->B,no-headnote,
commonlii-LKCA-1943-3,A->B,no-headnote,
commonlii-LKCA-1943-35,A->B,no-headnote,
commonlii-LKCA-1943-36,A->B,no-headnote,
commonlii-LKCA-1943-37,A->B,no-headnote,
commonlii-LKCA-1943-41,A->B,no-headnote,
commonlii-LKCA-1943-42,A->B,no-headnote,
commonlii-LKCA-1943-44,A->B,no-headnote,
commonlii-LKCA-1943-48,A->B,no-headnote,
commonlii-LKCA-1943-49,A->B,no-headnote,
commonlii-LKCA-1943-5,A->B,no-headnote,
commonlii-LKCA-1943-52,A->B,no-headnote,
commonlii-LKCA-1943-53,A->B,no-headnote,
commonlii-LKCA-1943-55,A->B,no-headnote,
commonlii-LKCA-1943-56,A->B,no-headnote,
commonlii-LKCA-1943-57,A->B,no-headnote,
commonlii-LKCA-1943-58,A->B,no-headnote,
commonlii-LKCA-1943-59,A->B,no-headnote,
commonlii-LKCA-1943-60,A->B,no-headnote,
commonlii-LKCA-1943-61,A->B,no-headnote,
commonlii-LKCA-1943-62,A->B,no-headnote,
commonlii-LKCA-1943-63,A->B,no-headnote,
commonlii-LKCA-1943-69,A->B,no-headnote,
commonlii-LKCA-1943-70,A->B,no-headnote,
commonlii-LKCA-1943-71,A->B,no-headnote,
commonlii-LKCA-1943-72,A->B,no-headnote,
commonlii-LKCA-1944-11,A->B,no-headnote,
commonlii-LKCA-1944-12,A->B,no-headnote,
commonlii-LKCA-1944-15,A->B,no-headnote,
commonlii-LKCA-1944-16,A->B,no-headnote,
commonlii-LKCA-1944-17,A->B,no-headnote,
commonlii-LKCA-1944-2,A->B,no-headnote,
commonlii-LKCA-1944-20,A->B,no-headnote,
commonlii-LKCA-1944-21,A->B,no-headnote,
commonlii-LKCA-1944-22,A->B,no-headnote,
commonlii-LKCA-1944-23,A->B,no-headnote,
commonlii-LKCA-1944-24,A->B,no-headnote,
commonlii-LKCA-1944-27,A->B,no-headnote,
commonlii-LKCA-1944-29,A->B,no-headnote,
commonlii-LKCA-1944-3,A->B,no-headnote,
commonlii-LKCA-1944-30,A->B,no-headnote,
commonlii-LKCA-1944-31,A->B,no-headnote,
commonlii-LKCA-1944-32,A->B,no-headnote,
commonlii-LKCA-1944-33,A->B,no-headnote,
commonlii-LKCA-1944-34,A->B,no-headnote,
commonlii-LKCA-1944-36,A->B,no-headnote,
commonlii-LKCA-1944-37,A->B,no-headnote,
commonlii-LKCA-1944-38,A->B,no-headnote,
commonlii-LKCA-1944-40,A->B,no-headnote,
commonlii-LKCA-1944-43,A->B,no-headnote,
commonlii-LKCA-1944-44,A->B,no-headnote,
commonlii-LKCA-1944-45,A->B,no-headnote,
commonlii-LKCA-1944-46,A->B,no-headnote,
commonlii-LKCA-1944-47,A->B,no-headnote,
commonlii-LKCA-1944-48,A->B,no-headnote,
commonlii-LKCA-1944-5,A->B,no-headnote,
commonlii-LKCA-1944-50,A->B,no-headnote,
commonlii-LKCA-1944-51,A->B,no-headnote,
commonlii-LKCA-1944-52,A->B,no-headnote,
commonlii-LKCA-1944-55,A->B,no-headnote,
commonlii-LKCA-1944-56,A->B,no-headnote,
commonlii-LKCA-1944-57,A->B,no-headnote,
commonlii-LKCA-1944-58,A->B,no-headnote,
commonlii-LKCA-1944-6,A->B,no-headnote,
commonlii-LKCA-1944-68,A->B,no-headnote,
commonlii-LKCA-1944-69,A->B,no-headnote,
commonlii-LKCA-1944-7,A->B,no-headnote,
commonlii-LKCA-1944-70,A->B,no-headnote,
commonlii-LKCA-1944-71,A->B,no-headnote,
commonlii-LKCA-1944-72,A->B,no-headnote,
commonlii-LKCA-1944-73,A->B,no-headnote,
commonlii-LKCA-1944-74,A->B,no-headnote,
commonlii-LKCA-1944-75,A->B,no-headnote,
commonlii-LKCA-1944-76,A->B,no-headnote,
commonlii-LKCA-1944-79,A->B,no-headnote,
commonlii-LKCA-1944-80,A->B,no-headnote,
commonlii-LKCA-1944-81,A->B,no-headnote,
commonlii-LKCA-1944-82,A->B,no-headnote,
commonlii-LKCA-1944-9,A->B,no-headnote,
commonlii-LKCA-1945-10,A->B,no-headnote,
commonlii-LKCA-1945-14,A->B,no-headnote,
commonlii-LKCA-1945-19,A->B,no-headnote,
commonlii-LKCA-1945-2,A->B,no-headnote,
commonlii-LKCA-1945-20,A->B,no-headnote,
commonlii-LKCA-1945-22,A->B,no-headnote,
commonlii-LKCA-1945-25,A->B,no-headnote,
commonlii-LKCA-1945-27,A->B,no-headnote,
commonlii-LKCA-1945-30,A->B,no-headnote,
commonlii-LKCA-1945-31,A->B,no-headnote,
commonlii-LKCA-1945-32,A->B,no-headnote,
commonlii-LKCA-1945-33,A->B,no-headnote,
commonlii-LKCA-1945-35,A->B,no-headnote,
commonlii-LKCA-1945-38,A->B,no-headnote,
commonlii-LKCA-1945-39,A->B,no-headnote,
commonlii-LKCA-1945-4,A->B,no-headnote,
commonlii-LKCA-1945-40,A->B,no-headnote,
commonlii-LKCA-1945-44,A->B,no-headnote,
commonlii-LKCA-1945-47,A->B,no-headnote,
commonlii-LKCA-1945-48,A->B,no-headnote,
commonlii-LKCA-1945-49,A->B,no-headnote,
commonlii-LKCA-1945-50,A->B,no-headnote,
commonlii-LKCA-1945-51,A->B,no-headnote,
commonlii-LKCA-1945-52,A->B,no-headnote,
commonlii-LKCA-1945-55,A->B,no-headnote,
commonlii-LKCA-1945-56,A->B,no-headnote,
commonlii-LKCA-1945-57,A->B,no-headnote,
commonlii-LKCA-1945-58,A->B,no-headnote,
commonlii-LKCA-1945-59,A->B,no-headnote,
commonlii-LKCA-1945-6,A->B,no-headnote,
commonlii-LKCA-1945-60,A->B,no-headnote,
commonlii-LKCA-1945-61,A->B,no-headnote,
commonlii-LKCA-1945-63,A->B,no-headnote,
commonlii-LKCA-1945-64,A->B,no-headnote,
commonlii-LKCA-1945-65,A->B,no-headnote,
commonlii-LKCA-1945-66,A->B,no-headnote,
commonlii-LKCA-1945-7,A->B,no-headnote,
commonlii-LKCA-1945-72,A->B,no-headnote,
commonlii-LKCA-1945-73,A->B,no-headnote,
commonlii-LKCA-1945-74,A->B,no-headnote,
commonlii-LKCA-1946-1,A->B,no-headnote,
commonlii-LKCA-1946-11,A->B,no-headnote,
commonlii-LKCA-1946-15,A->B,no-headnote,
commonlii-LKCA-1946-17,A->B,no-headnote,
commonlii-LKCA-1946-2,A->B,no-headnote,
commonlii-LKCA-1946-20,A->B,no-headnote,
commonlii-LKCA-1946-21,A->B,no-headnote,
commonlii-LKCA-1946-23,A->B,no-headnote,
commonlii-LKCA-1946-24,A->B,no-headnote,
commonlii-LKCA-1946-26,A->B,no-headnote,
commonlii-LKCA-1946-30,A->B,no-headnote,
commonlii-LKCA-1946-31,A->B,no-headnote,
commonlii-LKCA-1946-32,A->B,no-headnote,
commonlii-LKCA-1946-33,A->B,no-headnote,
commonlii-LKCA-1946-36,A->B,no-headnote,
commonlii-LKCA-1946-38,A->B,no-headnote,
commonlii-LKCA-1946-39,A->B,no-headnote,
commonlii-LKCA-1946-40,A->B,no-headnote,
commonlii-LKCA-1946-41,A->B,no-headnote,
commonlii-LKCA-1946-42,A->B,no-headnote,
commonlii-LKCA-1946-43,A->B,no-headnote,
commonlii-LKCA-1946-44,A->B,no-headnote,
commonlii-LKCA-1946-45,A->B,no-headnote,
commonlii-LKCA-1946-47,A->B,no-headnote,
commonlii-LKCA-1946-50,A->B,no-headnote,
commonlii-LKCA-1946-54,A->B,no-headnote,
commonlii-LKCA-1946-55,A->B,no-headnote,
commonlii-LKCA-1946-57,A->B,no-headnote,
commonlii-LKCA-1946-58,A->B,no-headnote,
commonlii-LKCA-1946-59,A->B,no-headnote,
commonlii-LKCA-1946-6,A->B,no-headnote,
commonlii-LKCA-1946-60,A->B,no-headnote,
commonlii-LKCA-1946-64,A->B,no-headnote,
commonlii-LKCA-1946-68,A->B,no-headnote,
commonlii-LKCA-1946-70,A->B,no-headnote,
commonlii-LKCA-1946-72,A->B,no-headnote,
commonlii-LKCA-1946-74,A->B,no-headnote,
commonlii-LKCA-1946-77,A->B,no-headnote,
commonlii-LKCA-1946-78,A->B,no-headnote,
commonlii-LKCA-1946-79,A->B,no-headnote,
commonlii-LKCA-1946-80,A->B,no-headnote,
commonlii-LKCA-1946-82,A->B,no-headnote,
commonlii-LKCA-1946-84,A->B,no-headnote,
commonlii-LKCA-1946-85,A->B,no-headnote,
commonlii-LKCA-1946-86,A->B,no-headnote,
commonlii-LKCA-1946-92,A->B,no-headnote,
commonlii-LKCA-1947-12,A->B,no-headnote,
commonlii-LKCA-1947-18,A->B,no-headnote,
commonlii-LKCA-1947-19,A->B,no-headnote,
commonlii-LKCA-1947-20,A->B,no-headnote,
commonlii-LKCA-1947-21,A->B,no-headnote,
commonlii-LKCA-1947-23,A->B,no-headnote,
commonlii-LKCA-1947-25,A->B,no-headnote,
commonlii-LKCA-1947-31,A->B,no-headnote,
commonlii-LKCA-1947-32,A->B,no-headnote,
commonlii-LKCA-1947-33,A->B,no-headnote,
commonlii-LKCA-1947-34,A->B,no-headnote,
commonlii-LKCA-1947-35,A->B,no-headnote,
commonlii-LKCA-1947-38,A->B,no-headnote,
commonlii-LKCA-1947-39,A->B,no-headnote,
commonlii-LKCA-1947-40,A->B,no-headnote,
commonlii-LKCA-1947-43,A->B,no-headnote,
commonlii-LKCA-1947-44,A->B,no-headnote,
commonlii-LKCA-1947-48,A->B,no-headnote,
commonlii-LKCA-1947-49,A->B,no-headnote,
commonlii-LKCA-1947-52,A->B,no-headnote,
commonlii-LKCA-1947-55,A->B,no-headnote,
commonlii-LKCA-1947-56,A->B,no-headnote,
commonlii-LKCA-1947-57,A->B,no-headnote,
commonlii-LKCA-1947-6,A->B,no-headnote,
commonlii-LKCA-1947-60,A->B,no-headnote,
commonlii-LKCA-1947-62,A->B,no-headnote,
commonlii-LKCA-1947-65,A->B,no-headnote,
commonlii-LKCA-1947-69,A->B,no-headnote,
commonlii-LKCA-1947-71,A->B,no-headnote,
commonlii-LKCA-1947-72,A->B,no-headnote,
commonlii-LKCA-1947-73,A->B,no-headnote,
commonlii-LKCA-1947-74,A->B,no-headnote,
commonlii-LKCA-1947-77,A->B,no-headnote,
commonlii-LKCA-1947-79,A->B,no-headnote,
commonlii-LKCA-1947-83,A->B,no-headnote,
commonlii-LKCA-1948-10,A->B,no-headnote,
commonlii-LKCA-1948-100,A->B,no-headnote,
commonlii-LKCA-1948-101,A->B,no-headnote,
commonlii-LKCA-1948-102,A->B,no-headnote,
commonlii-LKCA-1948-103,A->B,no-headnote,
commonlii-LKCA-1948-104,A->B,no-headnote,
commonlii-LKCA-1948-105,A->B,no-headnote,
commonlii-LKCA-1948-12,A->B,no-headnote,
commonlii-LKCA-1948-15,A->B,no-headnote,
commonlii-LKCA-1948-16,A->B,no-headnote,
commonlii-LKCA-1948-2,A->B,no-headnote,
commonlii-LKCA-1948-20,A->B,no-headnote,
commonlii-LKCA-1948-21,A->B,no-headnote,
commonlii-LKCA-1948-22,A->B,no-headnote,
commonlii-LKCA-1948-25,A->B,no-headnote,
commonlii-LKCA-1948-26,A->B,no-headnote,
commonlii-LKCA-1948-27,A->B,no-headnote,
commonlii-LKCA-1948-32,A->B,no-headnote,
commonlii-LKCA-1948-33,A->B,no-headnote,
commonlii-LKCA-1948-36,A->B,no-headnote,
commonlii-LKCA-1948-37,A->B,no-headnote,
commonlii-LKCA-1948-38,A->B,no-headnote,
commonlii-LKCA-1948-39,A->B,no-headnote,
commonlii-LKCA-1948-40,A->B,no-headnote,
commonlii-LKCA-1948-47,A->B,no-headnote,
commonlii-LKCA-1948-49,A->B,no-headnote,
commonlii-LKCA-1948-50,A->B,no-headnote,
commonlii-LKCA-1948-51,A->B,no-headnote,
commonlii-LKCA-1948-52,A->B,no-headnote,
commonlii-LKCA-1948-53,A->B,no-headnote,
commonlii-LKCA-1948-55,A->B,no-headnote,
commonlii-LKCA-1948-56,A->B,no-headnote,
commonlii-LKCA-1948-57,A->B,no-headnote,
commonlii-LKCA-1948-58,A->B,no-headnote,
commonlii-LKCA-1948-59,A->B,no-headnote,
commonlii-LKCA-1948-61,A->B,no-headnote,
commonlii-LKCA-1948-63,A->B,no-headnote,
commonlii-LKCA-1948-64,A->B,no-headnote,
commonlii-LKCA-1948-65,A->B,no-headnote,
commonlii-LKCA-1948-67,A->B,no-headnote,
commonlii-LKCA-1948-7,A->B,no-headnote,
commonlii-LKCA-1948-70,A->B,no-headnote,
commonlii-LKCA-1948-71,A->B,no-headnote,
commonlii-LKCA-1948-73,A->B,no-headnote,
commonlii-LKCA-1948-76,A->B,no-headnote,
commonlii-LKCA-1948-77,A->B,no-headnote,
commonlii-LKCA-1948-78,A->B,no-headnote,
commonlii-LKCA-1948-79,A->B,no-headnote,
commonlii-LKCA-1948-80,A->B,no-headnote,
commonlii-LKCA-1948-81,A->B,no-headnote,
commonlii-LKCA-1948-82,A->B,no-headnote,
commonlii-LKCA-1948-83,A->B,no-headnote,
commonlii-LKCA-1948-86,A->B,no-headnote,
commonlii-LKCA-1948-89,A->B,no-headnote,
commonlii-LKCA-1948-90,A->B,no-headnote,
commonlii-LKCA-1948-95,A->B,no-headnote,
commonlii-LKCA-1948-96,A->B,no-headnote,
commonlii-LKCA-1948-98,A->B,no-headnote,
commonlii-LKCA-1948-99,A->B,no-headnote,
commonlii-LKCA-1949-14,A->B,no-headnote,
commonlii-LKCA-1949-17,A->B,no-headnote,
commonlii-LKCA-1949-18,A->B,no-headnote,
commonlii-LKCA-1949-19,A->B,no-headnote,
commonlii-LKCA-1949-22,A->B,no-headnote,
commonlii-LKCA-1949-23,A->B,no-headnote,
commonlii-LKCA-1949-31,A->B,no-headnote,
commonlii-LKCA-1949-33,A->B,no-headnote,
commonlii-LKCA-1949-34,A->B,no-headnote,
commonlii-LKCA-1949-35,A->B,no-headnote,
commonlii-LKCA-1949-36,A->B,no-headnote,
commonlii-LKCA-1949-37,A->B,no-headnote,
commonlii-LKCA-1949-38,A->B,no-headnote,
commonlii-LKCA-1949-39,A->B,no-headnote,
commonlii-LKCA-1949-4,A->B,no-headnote,
commonlii-LKCA-1949-41,A->B,no-headnote,
commonlii-LKCA-1949-42,A->B,no-headnote,
commonlii-LKCA-1949-44,A->B,no-headnote,
commonlii-LKCA-1949-45,A->B,no-headnote,
commonlii-LKCA-1949-49,A->B,no-headnote,
commonlii-LKCA-1949-51,A->B,no-headnote,
commonlii-LKCA-1949-52,A->B,no-headnote,
commonlii-LKCA-1949-55,A->B,no-headnote,
commonlii-LKCA-1949-56,A->B,no-headnote,
commonlii-LKCA-1949-6,A->B,no-headnote,
commonlii-LKCA-1949-60,A->B,no-headnote,
commonlii-LKCA-1949-61,A->B,no-headnote,
commonlii-LKCA-1949-62,A->B,no-headnote,
commonlii-LKCA-1949-8,A->B,no-headnote,
commonlii-LKCA-1950-1,A->B,no-headnote,
commonlii-LKCA-1950-11,A->B,no-headnote,
commonlii-LKCA-1950-14,A->B,no-headnote,
commonlii-LKCA-1950-25,A->B,no-headnote,
commonlii-LKCA-1950-26,A->B,no-headnote,
commonlii-LKCA-1950-27,A->B,no-headnote,
commonlii-LKCA-1950-28,A->B,no-headnote,
commonlii-LKCA-1950-29,A->B,no-headnote,
commonlii-LKCA-1950-3,A->B,no-headnote,
commonlii-LKCA-1950-31,A->B,no-headnote,
commonlii-LKCA-1950-35,A->B,no-headnote,
commonlii-LKCA-1950-38,A->B,no-headnote,
commonlii-LKCA-1950-39,A->B,no-headnote,
commonlii-LKCA-1950-4,A->B,no-headnote,
commonlii-LKCA-1950-40,A->B,no-headnote,
commonlii-LKCA-1950-41,A->B,no-headnote,
commonlii-LKCA-1950-42,A->B,no-headnote,
commonlii-LKCA-1950-44,A->B,no-headnote,
commonlii-LKCA-1950-45,A->B,no-headnote,
commonlii-LKCA-1950-47,A->B,no-headnote,
commonlii-LKCA-1950-48,A->B,no-headnote,
commonlii-LKCA-1950-49,A->B,no-headnote,
commonlii-LKCA-1950-51,A->B,no-headnote,
commonlii-LKCA-1950-61,A->B,no-headnote,
commonlii-LKCA-1950-62,A->B,no-headnote,
commonlii-LKCA-1950-63,A->B,no-headnote,
commonlii-LKCA-1950-65,A->B,no-headnote,
commonlii-LKCA-1950-68,A->B,no-headnote,
commonlii-LKCA-1950-69,A->B,no-headnote,
commonlii-LKCA-1950-7,A->B,no-headnote,
commonlii-LKCA-1950-71,A->B,no-headnote,
commonlii-LKCA-1950-74,A->B,no-headnote,
commonlii-LKCA-1950-76,A->B,no-headnote,
commonlii-LKCA-1951-1,A->B,no-headnote,
commonlii-LKCA-1951-11,A->B,no-headnote,
commonlii-LKCA-1951-12,A->B,no-headnote,
commonlii-LKCA-1951-19,A->B,no-headnote,
commonlii-LKCA-1951-2,A->B,no-headnote,
commonlii-LKCA-1951-20,A->B,no-headnote,
commonlii-LKCA-1951-22,A->B,no-headnote,
commonlii-LKCA-1951-23,A->B,no-headnote,
commonlii-LKCA-1951-25,A->B,no-headnote,
commonlii-LKCA-1951-27,A->B,no-headnote,
commonlii-LKCA-1951-3,A->B,no-headnote,
commonlii-LKCA-1951-30,A->B,no-headnote,
commonlii-LKCA-1951-34,A->B,no-headnote,
commonlii-LKCA-1951-4,A->B,no-headnote,
commonlii-LKCA-1951-47,A->B,no-headnote,
commonlii-LKCA-1951-48,A->B,no-headnote,
commonlii-LKCA-1951-49,A->B,no-headnote,
commonlii-LKCA-1951-50,A->B,no-headnote,
commonlii-LKCA-1951-51,A->B,no-headnote,
commonlii-LKCA-1951-52,A->B,no-headnote,
commonlii-LKCA-1951-53,A->B,no-headnote,
commonlii-LKCA-1951-55,A->B,no-headnote,
commonlii-LKCA-1951-56,A->B,no-headnote,
commonlii-LKCA-1951-57,A->B,no-headnote,
commonlii-LKCA-1951-58,A->B,no-headnote,
commonlii-LKCA-1951-59,A->B,no-headnote,
commonlii-LKCA-1951-6,A->B,no-headnote,
commonlii-LKCA-1951-66,A->B,no-headnote,
commonlii-LKCA-1951-7,A->B,no-headnote,
commonlii-LKCA-1951-73,A->B,no-headnote,
commonlii-LKCA-1951-74,A->B,no-headnote,
commonlii-LKCA-1951-75,A->B,no-headnote,
commonlii-LKCA-1951-76,A->B,no-headnote,
commonlii-LKCA-1951-77,A->B,no-headnote,
commonlii-LKCA-1951-78,A->B,no-headnote,
commonlii-LKCA-1951-8,A->B,no-headnote,
commonlii-LKCA-1951-81,A->B,no-headnote,
commonlii-LKCA-1951-83,A->B,no-headnote,
commonlii-LKCA-1951-84,A->B,no-headnote,
commonlii-LKCA-1951-9,A->B,no-headnote,
commonlii-LKCA-1952-10,A->B,no-headnote,
commonlii-LKCA-1952-13,A->B,no-headnote,
commonlii-LKCA-1952-15,A->B,no-headnote,
commonlii-LKCA-1952-18,A->B,no-headnote,
commonlii-LKCA-1952-19,A->B,no-headnote,
commonlii-LKCA-1952-20,A->B,no-headnote,
commonlii-LKCA-1952-29,A->B,no-headnote,
commonlii-LKCA-1952-31,A->B,no-headnote,
commonlii-LKCA-1952-32,A->B,no-headnote,
commonlii-LKCA-1952-34,A->B,no-headnote,
commonlii-LKCA-1952-37,A->B,no-headnote,
commonlii-LKCA-1952-4,A->B,no-headnote,
commonlii-LKCA-1952-43,A->B,no-headnote,
commonlii-LKCA-1952-44,A->B,no-headnote,
commonlii-LKCA-1952-45,A->B,no-headnote,
commonlii-LKCA-1952-48,A->B,no-headnote,
commonlii-LKCA-1952-49,A->B,no-headnote,
commonlii-LKCA-1952-50,A->B,no-headnote,
commonlii-LKCA-1952-52,A->B,no-headnote,
commonlii-LKCA-1952-53,A->B,no-headnote,
commonlii-LKCA-1952-54,A->B,no-headnote,
commonlii-LKCA-1952-59,A->B,no-headnote,
commonlii-LKCA-1952-6,A->B,no-headnote,
commonlii-LKCA-1952-60,A->B,no-headnote,
commonlii-LKCA-1952-70,A->B,no-headnote,
commonlii-LKCA-1952-71,A->B,no-headnote,
commonlii-LKCA-1952-72,A->B,no-headnote,
commonlii-LKCA-1952-73,A->B,no-headnote,
commonlii-LKCA-1952-74,A->B,no-headnote,
commonlii-LKCA-1952-76,A->B,no-headnote,
commonlii-LKCA-1952-77,A->B,no-headnote,
commonlii-LKCA-1952-78,A->B,no-headnote,
commonlii-LKCA-1952-79,A->B,no-headnote,
commonlii-LKCA-1952-80,A->B,no-headnote,
commonlii-LKCA-1953-10,A->B,no-headnote,
commonlii-LKCA-1953-13,A->B,no-headnote,
commonlii-LKCA-1953-16,A->B,no-headnote,
commonlii-LKCA-1953-2,A->B,no-headnote,
commonlii-LKCA-1953-21,A->B,no-headnote,
commonlii-LKCA-1953-24,A->B,no-headnote,
commonlii-LKCA-1953-25,A->B,no-headnote,
commonlii-LKCA-1953-26,A->B,no-headnote,
commonlii-LKCA-1953-28,A->B,no-headnote,
commonlii-LKCA-1953-29,A->B,no-headnote,
commonlii-LKCA-1953-32,A->B,no-headnote,
commonlii-LKCA-1953-34,A->B,no-headnote,
commonlii-LKCA-1953-35,A->B,no-headnote,
commonlii-LKCA-1953-36,A->B,no-headnote,
commonlii-LKCA-1953-38,A->B,no-headnote,
commonlii-LKCA-1953-47,A->B,no-headnote,
commonlii-LKCA-1953-54,A->B,no-headnote,
commonlii-LKCA-1953-55,A->B,no-headnote,
commonlii-LKCA-1953-59,A->B,no-headnote,
commonlii-LKCA-1953-9,A->B,no-headnote,
commonlii-LKCA-1954-1,A->B,no-headnote,
commonlii-LKCA-1954-100,A->B,no-headnote,
commonlii-LKCA-1954-101,A->B,no-headnote,
commonlii-LKCA-1954-102,A->B,no-headnote,
commonlii-LKCA-1954-103,A->B,no-headnote,
commonlii-LKCA-1954-104,A->B,no-headnote,
commonlii-LKCA-1954-105,A->B,no-headnote,
commonlii-LKCA-1954-106,A->B,no-headnote,
commonlii-LKCA-1954-107,A->B,no-headnote,
commonlii-LKCA-1954-11,A->B,no-headnote,
commonlii-LKCA-1954-12,A->B,no-headnote,
commonlii-LKCA-1954-13,A->B,no-headnote,
commonlii-LKCA-1954-17,A->B,no-headnote,
commonlii-LKCA-1954-2,A->B,no-headnote,
commonlii-LKCA-1954-20,A->B,no-headnote,
commonlii-LKCA-1954-28,A->B,no-headnote,
commonlii-LKCA-1954-3,A->B,no-headnote,
commonlii-LKCA-1954-30,A->B,no-headnote,
commonlii-LKCA-1954-31,A->B,no-headnote,
commonlii-LKCA-1954-35,A->B,no-headnote,
commonlii-LKCA-1954-36,A->B,no-headnote,
commonlii-LKCA-1954-41,A->B,no-headnote,
commonlii-LKCA-1954-42,A->B,no-headnote,
commonlii-LKCA-1954-43,A->B,no-headnote,
commonlii-LKCA-1954-44,A->B,no-headnote,
commonlii-LKCA-1954-45,A->B,no-headnote,
commonlii-LKCA-1954-46,A->B,no-headnote,
commonlii-LKCA-1954-5,A->B,no-headnote,
commonlii-LKCA-1954-53,A->B,no-headnote,
commonlii-LKCA-1954-54,A->B,no-headnote,
commonlii-LKCA-1954-56,A->B,no-headnote,
commonlii-LKCA-1954-6,A->B,no-headnote,
commonlii-LKCA-1954-62,A->B,no-headnote,
commonlii-LKCA-1954-65,A->B,no-headnote,
commonlii-LKCA-1954-66,A->B,no-headnote,
commonlii-LKCA-1954-67,A->B,no-headnote,
commonlii-LKCA-1954-69,A->B,no-headnote,
commonlii-LKCA-1954-70,A->B,no-headnote,
commonlii-LKCA-1954-71,A->B,no-headnote,
commonlii-LKCA-1954-72,A->B,no-headnote,
commonlii-LKCA-1954-73,A->B,no-headnote,
commonlii-LKCA-1954-74,A->B,no-headnote,
commonlii-LKCA-1954-75,A->B,no-headnote,
commonlii-LKCA-1954-77,A->B,no-headnote,
commonlii-LKCA-1954-79,A->B,no-headnote,
commonlii-LKCA-1954-8,A->B,no-headnote,
commonlii-LKCA-1954-80,A->B,no-headnote,
commonlii-LKCA-1954-82,A->B,no-headnote,
commonlii-LKCA-1954-83,A->B,no-headnote,
commonlii-LKCA-1954-85,A->B,no-headnote,
commonlii-LKCA-1954-86,A->B,no-headnote,
commonlii-LKCA-1954-89,A->B,no-headnote,
commonlii-LKCA-1954-91,A->B,no-headnote,
commonlii-LKCA-1954-94,A->B,no-headnote,
commonlii-LKCA-1954-96,A->B,no-headnote,
commonlii-LKCA-1954-99,A->B,no-headnote,
commonlii-LKCA-1955-10,A->B,no-headnote,
commonlii-LKCA-1955-18,A->B,no-headnote,
commonlii-LKCA-1955-19,A->B,no-headnote,
commonlii-LKCA-1955-2,A->B,no-headnote,
commonlii-LKCA-1955-20,A->B,no-headnote,
commonlii-LKCA-1955-21,A->B,no-headnote,
commonlii-LKCA-1955-24,A->B,no-headnote,
commonlii-LKCA-1955-29,A->B,no-headnote,
commonlii-LKCA-1955-3,A->B,no-headnote,
commonlii-LKCA-1955-30,A->B,no-headnote,
commonlii-LKCA-1955-36,A->B,no-headnote,
commonlii-LKCA-1955-37,A->B,no-headnote,
commonlii-LKCA-1955-38,A->B,no-headnote,
commonlii-LKCA-1955-39,A->B,no-headnote,
commonlii-LKCA-1955-4,A->B,no-headnote,
commonlii-LKCA-1955-41,A->B,no-headnote,
commonlii-LKCA-1955-45,A->B,no-headnote,
commonlii-LKCA-1955-50,A->B,no-headnote,
commonlii-LKCA-1955-51,A->B,no-headnote,
commonlii-LKCA-1955-53,A->B,no-headnote,
commonlii-LKCA-1955-54,A->B,no-headnote,
commonlii-LKCA-1955-59,A->B,no-headnote,
commonlii-LKCA-1955-60,A->B,no-headnote,
commonlii-LKCA-1955-62,A->B,no-headnote,
commonlii-LKCA-1955-63,A->B,no-headnote,
commonlii-LKCA-1955-65,A->B,no-headnote,
commonlii-LKCA-1955-67,A->B,no-headnote,
commonlii-LKCA-1955-69,A->B,no-headnote,
commonlii-LKCA-1955-7,A->B,no-headnote,
commonlii-LKCA-1955-71,A->B,no-headnote,
commonlii-LKCA-1955-73,A->B,no-headnote,
commonlii-LKCA-1955-74,A->B,no-headnote,
commonlii-LKCA-1955-75,A->B,no-headnote,
commonlii-LKCA-1955-76,A->B,no-headnote,
commonlii-LKCA-1955-77,A->B,no-headnote,
commonlii-LKCA-1955-78,A->B,no-headnote,
commonlii-LKCA-1955-79,A->B,no-headnote,
commonlii-LKCA-1955-8,A->B,no-headnote,
commonlii-LKCA-1955-80,A->B,no-headnote,
commonlii-LKCA-1955-82,A->B,no-headnote,
commonlii-LKCA-1956-1,A->B,no-headnote,
commonlii-LKCA-1956-11,A->B,no-headnote,
commonlii-LKCA-1956-13,A->B,no-headnote,
commonlii-LKCA-1956-14,A->B,no-headnote,
commonlii-LKCA-1956-15,A->B,no-headnote,
commonlii-LKCA-1956-16,A->B,no-headnote,
commonlii-LKCA-1956-17,A->B,no-headnote,
commonlii-LKCA-1956-18,A->B,no-headnote,
commonlii-LKCA-1956-20,A->B,no-headnote,
commonlii-LKCA-1956-22,A->B,no-headnote,
commonlii-LKCA-1956-23,A->B,no-headnote,
commonlii-LKCA-1956-26,A->B,no-headnote,
commonlii-LKCA-1956-27,A->B,no-headnote,
commonlii-LKCA-1956-28,A->B,no-headnote,
commonlii-LKCA-1956-29,A->B,no-headnote,
commonlii-LKCA-1956-30,A->B,no-headnote,
commonlii-LKCA-1956-31,A->B,no-headnote,
commonlii-LKCA-1956-32,A->B,no-headnote,
commonlii-LKCA-1956-33,A->B,no-headnote,
commonlii-LKCA-1956-34,A->B,no-headnote,
commonlii-LKCA-1956-37,A->B,no-headnote,
commonlii-LKCA-1956-38,A->B,no-headnote,
commonlii-LKCA-1956-44,A->B,no-headnote,
commonlii-LKCA-1956-45,A->B,no-headnote,
commonlii-LKCA-1956-47,A->B,no-headnote,
commonlii-LKCA-1956-49,A->B,no-headnote,
commonlii-LKCA-1956-50,A->B,no-headnote,
commonlii-LKCA-1956-52,A->B,no-headnote,
commonlii-LKCA-1956-53,A->B,no-headnote,
commonlii-LKCA-1956-56,A->B,no-headnote,
commonlii-LKCA-1956-57,A->B,no-headnote,
commonlii-LKCA-1956-60,A->B,no-headnote,
commonlii-LKCA-1956-62,A->B,no-headnote,
commonlii-LKCA-1956-63,A->B,no-headnote,
commonlii-LKCA-1956-66,A->B,no-headnote,
commonlii-LKCA-1956-68,A->B,no-headnote,
commonlii-LKCA-1956-69,A->B,no-headnote,
commonlii-LKCA-1956-7,A->B,no-headnote,
commonlii-LKCA-1956-73,A->B,no-headnote,
commonlii-LKCA-1956-74,A->B,no-headnote,
commonlii-LKCA-1956-78,A->B,no-headnote,
commonlii-LKCA-1956-79,A->B,no-headnote,
commonlii-LKCA-1956-8,A->B,no-headnote,
commonlii-LKCA-1956-84,A->B,no-headnote,
commonlii-LKCA-1956-86,A->B,no-headnote,
commonlii-LKCA-1956-87,A->B,no-headnote,
commonlii-LKCA-1956-88,A->B,no-headnote,
commonlii-LKCA-1956-90,A->B,no-headnote,
commonlii-LKCA-1956-91,A->B,no-headnote,
commonlii-LKCA-1956-92,A->B,no-headnote,
commonlii-LKCA-1957-1,A->B,no-headnote,
commonlii-LKCA-1957-100,A->B,no-headnote,
commonlii-LKCA-1957-101,A->B,no-headnote,
commonlii-LKCA-1957-102,A->B,no-headnote,
commonlii-LKCA-1957-103,A->B,no-headnote,
commonlii-LKCA-1957-15,A->B,no-headnote,
commonlii-LKCA-1957-16,A->B,no-headnote,
commonlii-LKCA-1957-18,A->B,no-headnote,
commonlii-LKCA-1957-19,A->B,no-headnote,
commonlii-LKCA-1957-2,A->B,no-headnote,
commonlii-LKCA-1957-24,A->B,no-headnote,
commonlii-LKCA-1957-27,A->B,no-headnote,
commonlii-LKCA-1957-28,A->B,no-headnote,
commonlii-LKCA-1957-29,A->B,no-headnote,
commonlii-LKCA-1957-30,A->B,no-headnote,
commonlii-LKCA-1957-36,A->B,no-headnote,
commonlii-LKCA-1957-40,A->B,no-headnote,
commonlii-LKCA-1957-43,A->B,no-headnote,
commonlii-LKCA-1957-46,A->B,no-headnote,
commonlii-LKCA-1957-47,A->B,no-headnote,
commonlii-LKCA-1957-48,A->B,no-headnote,
commonlii-LKCA-1957-49,A->B,no-headnote,
commonlii-LKCA-1957-5,A->B,no-headnote,
commonlii-LKCA-1957-50,A->B,no-headnote,
commonlii-LKCA-1957-51,A->B,no-headnote,
commonlii-LKCA-1957-52,A->B,no-headnote,
commonlii-LKCA-1957-55,A->B,no-headnote,
commonlii-LKCA-1957-56,A->B,no-headnote,
commonlii-LKCA-1957-58,A->B,no-headnote,
commonlii-LKCA-1957-61,A->B,no-headnote,
commonlii-LKCA-1957-62,A->B,no-headnote,
commonlii-LKCA-1957-63,A->B,no-headnote,
commonlii-LKCA-1957-64,A->B,no-headnote,
commonlii-LKCA-1957-65,A->B,no-headnote,
commonlii-LKCA-1957-66,A->B,no-headnote,
commonlii-LKCA-1957-67,A->B,no-headnote,
commonlii-LKCA-1957-68,A->B,no-headnote,
commonlii-LKCA-1957-69,A->B,no-headnote,
commonlii-LKCA-1957-72,A->B,no-headnote,
commonlii-LKCA-1957-75,A->B,no-headnote,
commonlii-LKCA-1957-76,A->B,no-headnote,
commonlii-LKCA-1957-77,A->B,no-headnote,
commonlii-LKCA-1957-83,A->B,no-headnote,
commonlii-LKCA-1957-87,A->B,no-headnote,
commonlii-LKCA-1957-89,A->B,no-headnote,
commonlii-LKCA-1957-90,A->B,no-headnote,
commonlii-LKCA-1957-91,A->B,no-headnote,
commonlii-LKCA-1957-92,A->B,no-headnote,
commonlii-LKCA-1957-93,A->B,no-headnote,
commonlii-LKCA-1957-98,A->B,no-headnote,
commonlii-LKCA-1957-99,A->B,no-headnote,
commonlii-LKCA-1958-11,A->B,no-headnote,
commonlii-LKCA-1958-12,A->B,no-headnote,
commonlii-LKCA-1958-13,A->B,no-headnote,
commonlii-LKCA-1958-14,A->B,no-headnote,
commonlii-LKCA-1958-15,A->B,no-headnote,
commonlii-LKCA-1958-17,A->B,no-headnote,
commonlii-LKCA-1958-18,A->B,no-headnote,
commonlii-LKCA-1958-19,A->B,no-headnote,
commonlii-LKCA-1958-20,A->B,no-headnote,
commonlii-LKCA-1958-21,A->B,no-headnote,
commonlii-LKCA-1958-22,A->B,no-headnote,
commonlii-LKCA-1958-23,A->B,no-headnote,
commonlii-LKCA-1958-24,A->B,no-headnote,
commonlii-LKCA-1958-25,A->B,no-headnote,
commonlii-LKCA-1958-28,A->B,no-headnote,
commonlii-LKCA-1958-30,A->B,no-headnote,
commonlii-LKCA-1958-33,A->B,no-headnote,
commonlii-LKCA-1958-34,A->B,no-headnote,
commonlii-LKCA-1958-35,A->B,no-headnote,
commonlii-LKCA-1958-36,A->B,no-headnote,
commonlii-LKCA-1958-37,A->B,no-headnote,
commonlii-LKCA-1958-4,A->B,no-headnote,
commonlii-LKCA-1958-40,A->B,no-headnote,
commonlii-LKCA-1958-42,A->B,no-headnote,
commonlii-LKCA-1958-44,A->B,no-headnote,
commonlii-LKCA-1958-46,A->B,no-headnote,
commonlii-LKCA-1958-47,A->B,no-headnote,
commonlii-LKCA-1958-48,A->B,no-headnote,
commonlii-LKCA-1958-50,A->B,no-headnote,
commonlii-LKCA-1958-52,A->B,no-headnote,
commonlii-LKCA-1958-61,A->B,no-headnote,
commonlii-LKCA-1958-62,A->B,no-headnote,
commonlii-LKCA-1958-63,A->B,no-headnote,
commonlii-LKCA-1958-64,A->B,no-headnote,
commonlii-LKCA-1958-65,A->B,no-headnote,
commonlii-LKCA-1958-67,A->B,no-headnote,
commonlii-LKCA-1958-68,A->B,no-headnote,
commonlii-LKCA-1958-7,A->B,no-headnote,
commonlii-LKCA-1958-70,A->B,no-headnote,
commonlii-LKCA-1958-71,A->B,no-headnote,
commonlii-LKCA-1958-72,A->B,no-headnote,
commonlii-LKCA-1958-73,A->B,no-headnote,
commonlii-LKCA-1958-74,A->B,no-headnote,
commonlii-LKCA-1959-1,A->B,no-headnote,
commonlii-LKCA-1959-10,A->B,no-headnote,
commonlii-LKCA-1959-12,A->B,no-headnote,
commonlii-LKCA-1959-13,A->B,no-headnote,
commonlii-LKCA-1959-14,A->B,no-headnote,
commonlii-LKCA-1959-16,A->B,no-headnote,
commonlii-LKCA-1959-17,A->B,no-headnote,
commonlii-LKCA-1959-18,A->B,no-headnote,
commonlii-LKCA-1959-19,A->B,no-headnote,
commonlii-LKCA-1959-23,A->B,no-headnote,
commonlii-LKCA-1959-27,A->B,no-headnote,
commonlii-LKCA-1959-3,A->B,no-headnote,
commonlii-LKCA-1959-31,A->B,no-headnote,
commonlii-LKCA-1959-37,A->B,no-headnote,
commonlii-LKCA-1959-38,A->B,no-headnote,
commonlii-LKCA-1959-39,A->B,no-headnote,
commonlii-LKCA-1959-4,A->B,no-headnote,
commonlii-LKCA-1959-40,A->B,no-headnote,
commonlii-LKCA-1959-41,A->B,no-headnote,
commonlii-LKCA-1959-49,A->B,no-headnote,
commonlii-LKCA-1959-50,A->B,no-headnote,
commonlii-LKCA-1959-53,A->B,no-headnote,
commonlii-LKCA-1959-55,A->B,no-headnote,
commonlii-LKCA-1959-56,A->B,no-headnote,
commonlii-LKCA-1959-60,A->B,no-headnote,
commonlii-LKCA-1959-61,A->B,no-headnote,
commonlii-LKCA-1959-64,A->B,no-headnote,
commonlii-LKCA-1959-65,A->B,no-headnote,
commonlii-LKCA-1959-66,A->B,no-headnote,
commonlii-LKCA-1959-68,A->B,no-headnote,
commonlii-LKCA-1959-69,A->B,no-headnote,
commonlii-LKCA-1959-7,A->B,no-headnote,
commonlii-LKCA-1959-72,A->B,no-headnote,
commonlii-LKCA-1959-73,A->B,no-headnote,
commonlii-LKCA-1960-1,A->B,no-headnote,
commonlii-LKCA-1960-13,A->B,no-headnote,
commonlii-LKCA-1960-16,A->B,no-headnote,
commonlii-LKCA-1960-19,A->B,no-headnote,
commonlii-LKCA-1960-2,A->B,no-headnote,
commonlii-LKCA-1960-22,A->B,no-headnote,
commonlii-LKCA-1960-26,A->B,no-headnote,
commonlii-LKCA-1960-27,A->B,no-headnote,
commonlii-LKCA-1960-29,A->B,no-headnote,
commonlii-LKCA-1960-3,A->B,no-headnote,
commonlii-LKCA-1960-30,A->B,no-headnote,
commonlii-LKCA-1960-34,A->B,no-headnote,
commonlii-LKCA-1960-35,A->B,no-headnote,
commonlii-LKCA-1960-37,A->B,no-headnote,
commonlii-LKCA-1960-39,A->B,no-headnote,
commonlii-LKCA-1960-40,A->B,no-headnote,
commonlii-LKCA-1960-41,A->B,no-headnote,
commonlii-LKCA-1960-43,A->B,no-headnote,
commonlii-LKCA-1960-46,A->B,no-headnote,
commonlii-LKCA-1960-48,A->B,no-headnote,
commonlii-LKCA-1960-49,A->B,no-headnote,
commonlii-LKCA-1960-5,A->B,no-headnote,
commonlii-LKCA-1960-52,A->B,no-headnote,
commonlii-LKCA-1960-53,A->B,no-headnote,
commonlii-LKCA-1960-57,A->B,no-headnote,
commonlii-LKCA-1960-59,A->B,no-headnote,
commonlii-LKCA-1960-6,A->B,no-headnote,
commonlii-LKCA-1960-60,A->B,no-headnote,
commonlii-LKCA-1960-61,A->B,no-headnote,
commonlii-LKCA-1960-62,A->B,no-headnote,
commonlii-LKCA-1960-64,A->B,no-headnote,
commonlii-LKCA-1960-67,A->B,no-headnote,
commonlii-LKCA-1960-68,A->B,no-headnote,
commonlii-LKCA-1960-70,A->B,no-headnote,
commonlii-LKCA-1960-71,A->B,no-headnote,
commonlii-LKCA-1960-72,A->B,no-headnote,
commonlii-LKCA-1961-12,A->B,no-headnote,
commonlii-LKCA-1961-14,A->B,no-headnote,
commonlii-LKCA-1961-15,A->B,no-headnote,
commonlii-LKCA-1961-16,A->B,no-headnote,
commonlii-LKCA-1961-2,A->B,no-headnote,
commonlii-LKCA-1961-23,A->B,no-headnote,
commonlii-LKCA-1961-24,A->B,no-headnote,
commonlii-LKCA-1961-25,A->B,no-headnote,
commonlii-LKCA-1961-3,A->B,no-headnote,
commonlii-LKCA-1961-30,A->B,no-headnote,
commonlii-LKCA-1961-31,A->B,no-headnote,
commonlii-LKCA-1961-32,A->B,no-headnote,
commonlii-LKCA-1961-33,A->B,no-headnote,
commonlii-LKCA-1961-35,A->B,no-headnote,
commonlii-LKCA-1961-36,A->B,no-headnote,
commonlii-LKCA-1961-37,A->B,no-headnote,
commonlii-LKCA-1961-38,A->B,no-headnote,
commonlii-LKCA-1961-4,A->B,no-headnote,
commonlii-LKCA-1961-40,A->B,no-headnote,
commonlii-LKCA-1961-41,A->B,no-headnote,
commonlii-LKCA-1961-43,A->B,no-headnote,
commonlii-LKCA-1961-48,A->B,no-headnote,
commonlii-LKCA-1961-49,A->B,no-headnote,
commonlii-LKCA-1961-50,A->B,no-headnote,
commonlii-LKCA-1961-52,A->B,no-headnote,
commonlii-LKCA-1961-53,A->B,no-headnote,
commonlii-LKCA-1961-54,A->B,no-headnote,
commonlii-LKCA-1961-55,A->B,no-headnote,
commonlii-LKCA-1962-15,A->B,no-headnote,
commonlii-LKCA-1962-16,A->B,no-headnote,
commonlii-LKCA-1962-19,A->B,no-headnote,
commonlii-LKCA-1962-2,A->B,no-headnote,
commonlii-LKCA-1962-20,A->B,no-headnote,
commonlii-LKCA-1962-28,A->B,no-headnote,
commonlii-LKCA-1962-29,A->B,no-headnote,
commonlii-LKCA-1962-30,A->B,no-headnote,
commonlii-LKCA-1962-31,A->B,no-headnote,
commonlii-LKCA-1962-34,A->B,no-headnote,
commonlii-LKCA-1962-35,A->B,no-headnote,
commonlii-LKCA-1962-37,A->B,no-headnote,
commonlii-LKCA-1962-38,A->B,no-headnote,
commonlii-LKCA-1962-39,A->B,no-headnote,
commonlii-LKCA-1962-4,A->B,no-headnote,
commonlii-LKCA-1962-40,A->B,no-headnote,
commonlii-LKCA-1962-41,A->B,no-headnote,
commonlii-LKCA-1962-45,A->B,no-headnote,
commonlii-LKCA-1962-48,A->B,no-headnote,
commonlii-LKCA-1962-5,A->B,no-headnote,
commonlii-LKCA-1962-51,A->B,no-headnote,
commonlii-LKCA-1962-52,A->B,no-headnote,
commonlii-LKCA-1962-56,A->B,no-headnote,
commonlii-LKCA-1962-59,A->B,no-headnote,
commonlii-LKCA-1962-6,A->B,no-headnote,
commonlii-LKCA-1962-63,A->B,no-headnote,
commonlii-LKCA-1962-66,A->B,no-headnote,
commonlii-LKCA-1962-67,A->B,no-headnote,
commonlii-LKCA-1962-68,A->B,no-headnote,
commonlii-LKCA-1962-69,A->B,no-headnote,
commonlii-LKCA-1962-7,A->B,no-headnote,
commonlii-LKCA-1962-70,A->B,no-headnote,
commonlii-LKCA-1962-72,A->B,no-headnote,
commonlii-LKCA-1962-73,A->B,no-headnote,
commonlii-LKCA-1962-74,A->B,no-headnote,
commonlii-LKCA-1962-75,A->B,no-headnote,
commonlii-LKCA-1963-1,A->B,no-headnote,
commonlii-LKCA-1963-10,A->B,no-headnote,
commonlii-LKCA-1963-11,A->B,no-headnote,
commonlii-LKCA-1963-18,A->B,no-headnote,
commonlii-LKCA-1963-21,A->B,no-headnote,
commonlii-LKCA-1963-22,A->B,no-headnote,
commonlii-LKCA-1963-24,A->B,no-headnote,
commonlii-LKCA-1963-28,A->B,no-headnote,
commonlii-LKCA-1963-29,A->B,no-headnote,
commonlii-LKCA-1963-30,A->B,no-headnote,
commonlii-LKCA-1963-31,A->B,no-headnote,
commonlii-LKCA-1963-34,A->B,no-headnote,
commonlii-LKCA-1963-46,A->B,no-headnote,
commonlii-LKCA-1963-47,A->B,no-headnote,
commonlii-LKCA-1963-48,A->B,no-headnote,
commonlii-LKCA-1963-49,A->B,no-headnote,
commonlii-LKCA-1963-50,A->B,no-headnote,
commonlii-LKCA-1963-51,A->B,no-headnote,
commonlii-LKCA-1963-52,A->B,no-headnote,
commonlii-LKCA-1963-54,A->B,no-headnote,
commonlii-LKCA-1963-56,A->B,no-headnote,
commonlii-LKCA-1963-57,A->B,no-headnote,
commonlii-LKCA-1963-58,A->B,no-headnote,
commonlii-LKCA-1963-64,A->B,no-headnote,
commonlii-LKCA-1963-65,A->B,no-headnote,
commonlii-LKCA-1963-67,A->B,no-headnote,
commonlii-LKCA-1963-8,A->B,no-headnote,
commonlii-LKCA-1964-1,A->B,no-headnote,
commonlii-LKCA-1964-10,A->B,no-headnote,
commonlii-LKCA-1964-11,A->B,no-headnote,
commonlii-LKCA-1964-15,A->B,no-headnote,
commonlii-LKCA-1964-2,A->B,no-headnote,
commonlii-LKCA-1964-25,A->B,no-headnote,
commonlii-LKCA-1964-27,A->B,no-headnote,
commonlii-LKCA-1964-3,A->B,no-headnote,
commonlii-LKCA-1964-39,A->B,no-headnote,
commonlii-LKCA-1964-43,A->B,no-headnote,
commonlii-LKCA-1964-44,A->B,no-headnote,
commonlii-LKCA-1964-6,A->B,no-headnote,
commonlii-LKCA-1965-14,A->B,no-headnote,
commonlii-LKCA-1965-15,A->B,no-headnote,
commonlii-LKCA-1965-16,A->B,no-headnote,
commonlii-LKCA-1965-20,A->B,no-headnote,
commonlii-LKCA-1965-22,A->B,no-headnote,
commonlii-LKCA-1965-28,A->B,no-headnote,
commonlii-LKCA-1965-30,A->B,no-headnote,
commonlii-LKCA-1965-32,A->B,no-headnote,
commonlii-LKCA-1965-33,A->B,no-headnote,
commonlii-LKCA-1965-34,A->B,no-headnote,
commonlii-LKCA-1965-35,A->B,no-headnote,
commonlii-LKCA-1965-36,A->B,no-headnote,
commonlii-LKCA-1965-37,A->B,no-headnote,
commonlii-LKCA-1965-41,A->B,no-headnote,
commonlii-LKCA-1965-42,A->B,no-headnote,
commonlii-LKCA-1965-43,A->B,no-headnote,
commonlii-LKCA-1965-48,A->B,no-headnote,
commonlii-LKCA-1965-49,A->B,no-headnote,
commonlii-LKCA-1965-5,A->B,no-headnote,
commonlii-LKCA-1965-51,A->B,no-headnote,
commonlii-LKCA-1965-52,A->B,no-headnote,
commonlii-LKCA-1965-54,A->B,no-headnote,
commonlii-LKCA-1965-58,A->B,no-headnote,
commonlii-LKCA-1965-59,A->B,no-headnote,
commonlii-LKCA-1965-60,A->B,no-headnote,
commonlii-LKCA-1965-61,A->B,no-headnote,
commonlii-LKCA-1965-62,A->B,no-headnote,
commonlii-LKCA-1965-63,A->B,no-headnote,
commonlii-LKCA-1965-64,A->B,no-headnote,
commonlii-LKCA-1965-65,A->B,no-headnote,
commonlii-LKCA-1965-66,A->B,no-headnote,
commonlii-LKCA-1965-68,A->B,no-headnote,
commonlii-LKCA-1965-8,A->B,no-headnote,
commonlii-LKCA-1965-9,A->B,no-headnote,
commonlii-LKCA-1966-1,A->B,no-headnote,
commonlii-LKCA-1966-16,A->B,no-headnote,
commonlii-LKCA-1966-18,A->B,no-headnote,
commonlii-LKCA-1966-22,A->B,no-headnote,
commonlii-LKCA-1966-24,A->B,no-headnote,
commonlii-LKCA-1966-27,A->B,no-headnote,
commonlii-LKCA-1966-28,A->B,no-headnote,
commonlii-LKCA-1966-29,A->B,no-headnote,
commonlii-LKCA-1966-39,A->B,no-headnote,
commonlii-LKCA-1966-4,A->B,no-headnote,
commonlii-LKCA-1966-49,A->B,no-headnote,
commonlii-LKCA-1966-50,A->B,no-headnote,
commonlii-LKCA-1966-52,A->B,no-headnote,
commonlii-LKCA-1966-53,A->B,no-headnote,
commonlii-LKCA-1966-54,A->B,no-headnote,
commonlii-LKCA-1966-55,A->B,no-headnote,
commonlii-LKCA-1966-6,A->B,no-headnote,
commonlii-LKCA-1966-8,A->B,no-headnote,
commonlii-LKCA-1967-1,A->B,no-headnote,
commonlii-LKCA-1967-16,A->B,no-headnote,
commonlii-LKCA-1967-17,A->B,no-headnote,
commonlii-LKCA-1967-2,A->B,no-headnote,
commonlii-LKCA-1967-23,A->B,no-headnote,
commonlii-LKCA-1967-24,A->B,no-headnote,
commonlii-LKCA-1967-26,A->B,no-headnote,
commonlii-LKCA-1967-27,A->B,no-headnote,
commonlii-LKCA-1967-28,A->B,no-headnote,
commonlii-LKCA-1967-3,A->B,no-headnote,
commonlii-LKCA-1967-33,A->B,no-headnote,
commonlii-LKCA-1967-38,A->B,no-headnote,
commonlii-LKCA-1967-40,A->B,no-headnote,
commonlii-LKCA-1967-43,A->B,no-headnote,
commonlii-LKCA-1967-45,A->B,no-headnote,
commonlii-LKCA-1967-47,A->B,no-headnote,
commonlii-LKCA-1967-48,A->B,no-headnote,
commonlii-LKCA-1967-5,A->B,no-headnote,
commonlii-LKCA-1967-50,A->B,no-headnote,
commonlii-LKCA-1967-52,A->B,no-headnote,
commonlii-LKCA-1967-54,A->B,no-headnote,
commonlii-LKCA-1967-55,A->B,no-headnote,
commonlii-LKCA-1967-57,A->B,no-headnote,
commonlii-LKCA-1967-61,A->B,no-headnote,
commonlii-LKCA-1967-70,A->B,no-headnote,
commonlii-LKCA-1967-71,A->B,no-headnote,
commonlii-LKCA-1967-72,A->B,no-headnote,
commonlii-LKCA-1967-73,A->B,no-headnote,
commonlii-LKCA-1967-74,A->B,no-headnote,
commonlii-LKCA-1967-75,A->B,no-headnote,
commonlii-LKCA-1967-76,A->B,no-headnote,
commonlii-LKCA-1967-77,A->B,no-headnote,
commonlii-LKCA-1967-78,A->B,no-headnote,
commonlii-LKCA-1967-79,A->B,no-headnote,
commonlii-LKCA-1967-9,A->B,no-headnote,
commonlii-LKCA-1968-1,A->B,no-headnote,
commonlii-LKCA-1968-11,A->B,no-headnote,
commonlii-LKCA-1968-12,A->B,no-headnote,
commonlii-LKCA-1968-13,A->B,no-headnote,
commonlii-LKCA-1968-14,A->B,no-headnote,
commonlii-LKCA-1968-18,A->B,no-headnote,
commonlii-LKCA-1968-20,A->B,no-headnote,
commonlii-LKCA-1968-22,A->B,no-headnote,
commonlii-LKCA-1968-24,A->B,no-headnote,
commonlii-LKCA-1968-25,A->B,no-headnote,
commonlii-LKCA-1968-26,A->B,no-headnote,
commonlii-LKCA-1968-27,A->B,no-headnote,
commonlii-LKCA-1968-3,A->B,no-headnote,
commonlii-LKCA-1968-31,A->B,no-headnote,
commonlii-LKCA-1968-34,A->B,no-headnote,
commonlii-LKCA-1968-35,A->B,no-headnote,
commonlii-LKCA-1968-36,A->B,no-headnote,
commonlii-LKCA-1968-37,A->B,no-headnote,
commonlii-LKCA-1968-40,A->B,no-headnote,
commonlii-LKCA-1968-41,A->B,no-headnote,
commonlii-LKCA-1968-53,A->B,no-headnote,
commonlii-LKCA-1968-60,A->B,no-headnote,
commonlii-LKCA-1968-61,A->B,no-headnote,
commonlii-LKCA-1968-62,A->B,no-headnote,
commonlii-LKCA-1968-8,A->B,no-headnote,
commonlii-LKCA-1969-1,A->B,no-headnote,
commonlii-LKCA-1969-13,A->B,no-headnote,
commonlii-LKCA-1969-14,A->B,no-headnote,
commonlii-LKCA-1969-16,A->B,no-headnote,
commonlii-LKCA-1969-18,A->B,no-headnote,
commonlii-LKCA-1969-19,A->B,no-headnote,
commonlii-LKCA-1969-20,A->B,no-headnote,
commonlii-LKCA-1969-27,A->B,no-headnote,
commonlii-LKCA-1969-30,A->B,no-headnote,
commonlii-LKCA-1969-33,A->B,no-headnote,
commonlii-LKCA-1969-34,A->B,no-headnote,
commonlii-LKCA-1969-37,A->B,no-headnote,
commonlii-LKCA-1969-42,A->B,no-headnote,
commonlii-LKCA-1969-43,A->B,no-headnote,
commonlii-LKCA-1969-45,A->B,no-headnote,
commonlii-LKCA-1969-6,A->B,no-headnote,
commonlii-LKCA-1969-9,A->B,no-headnote,
commonlii-LKCA-1970-10,A->B,no-headnote,
commonlii-LKCA-1970-11,A->B,no-headnote,
commonlii-LKCA-1970-12,A->B,no-headnote,
commonlii-LKCA-1970-19,A->B,no-headnote,
commonlii-LKCA-1970-2,A->B,no-headnote,
commonlii-LKCA-1970-23,A->B,no-headnote,
commonlii-LKCA-1970-24,A->B,no-headnote,
commonlii-LKCA-1970-26,A->B,no-headnote,
commonlii-LKCA-1970-3,A->B,no-headnote,
commonlii-LKCA-1970-31,A->B,no-headnote,
commonlii-LKCA-1970-32,A->B,no-headnote,
commonlii-LKCA-1970-33,A->B,no-headnote,
commonlii-LKCA-1970-35,A->B,no-headnote,
commonlii-LKCA-1970-36,A->B,no-headnote,
commonlii-LKCA-1970-37,A->B,no-headnote,
commonlii-LKCA-1970-38,A->B,no-headnote,
commonlii-LKCA-1970-46,A->B,no-headnote,
commonlii-LKCA-1970-49,A->B,no-headnote,
commonlii-LKCA-1970-50,A->B,no-headnote,
commonlii-LKCA-1970-52,A->B,no-headnote,
commonlii-LKCA-1970-55,A->B,no-headnote,
commonlii-LKCA-1970-56,A->B,no-headnote,
commonlii-LKCA-1971-1,A->B,no-headnote,
commonlii-LKCA-1971-12,A->B,no-headnote,
commonlii-LKCA-1971-14,A->B,no-headnote,
commonlii-LKCA-1971-17,A->B,no-headnote,
commonlii-LKCA-1971-18,A->B,no-headnote,
commonlii-LKCA-1971-22,A->B,no-headnote,
commonlii-LKCA-1971-24,A->B,no-headnote,
commonlii-LKCA-1971-26,A->B,no-headnote,
commonlii-LKCA-1971-27,A->B,no-headnote,
commonlii-LKCA-1971-28,A->B,no-headnote,
commonlii-LKCA-1971-29,A->B,no-headnote,
commonlii-LKCA-1971-31,A->B,no-headnote,
commonlii-LKCA-1971-38,A->B,no-headnote,
commonlii-LKCA-1971-4,A->B,no-headnote,
commonlii-LKCA-1971-40,A->B,no-headnote,
commonlii-LKCA-1971-41,A->B,no-headnote,
commonlii-LKCA-1971-46,A->B,no-headnote,
commonlii-LKCA-1971-49,A->B,no-headnote,
commonlii-LKCA-1971-5,A->B,no-headnote,
commonlii-LKCA-1971-51,A->B,no-headnote,
commonlii-LKCA-1971-53,A->B,no-headnote,
commonlii-LKCA-1971-58,A->B,no-headnote,
commonlii-LKCA-1971-59,A->B,no-headnote,
commonlii-LKCA-1971-64,A->B,no-headnote,
commonlii-LKCA-1971-66,A->B,no-headnote,
commonlii-LKCA-1971-67,A->B,no-headnote,
commonlii-LKCA-1971-68,A->B,no-headnote,
commonlii-LKCA-1971-69,A->B,no-headnote,
commonlii-LKCA-1971-70,A->B,no-headnote,
commonlii-LKCA-1971-71,A->B,no-headnote,
commonlii-LKCA-1972-10,A->B,no-headnote,
commonlii-LKCA-1972-11,A->B,no-headnote,
commonlii-LKCA-1972-13,A->B,no-headnote,
commonlii-LKCA-1972-22,A->B,no-headnote,
commonlii-LKCA-1972-23,A->B,no-headnote,
commonlii-LKCA-1972-24,A->B,no-headnote,
commonlii-LKCA-1972-25,A->B,no-headnote,
commonlii-LKCA-1972-5,A->B,no-headnote,
commonlii-LKCA-1972-8,A->B,no-headnote,
commonlii-LKCA-1972-9,A->B,no-headnote,
commonlii-LKCA-1973-1,A->B,no-headnote,
commonlii-LKCA-1973-11,A->B,no-headnote,
commonlii-LKCA-1973-12,A->B,no-headnote,
commonlii-LKCA-1973-2,A->B,no-headnote,
commonlii-LKCA-1973-21,A->B,no-headnote,
commonlii-LKCA-1973-31,A->B,no-headnote,
commonlii-LKCA-1973-32,A->B,no-headnote,
commonlii-LKCA-1973-33,A->B,no-headnote,
commonlii-LKCA-1973-37,A->B,no-headnote,
commonlii-LKCA-1973-7,A->B,no-headnote,
commonlii-LKCA-1974-10,A->B,no-headnote,
commonlii-LKCA-1974-11,A->B,no-headnote,
commonlii-LKCA-1974-14,A->B,no-headnote,
commonlii-LKCA-1974-16,A->B,no-headnote,
commonlii-LKCA-1974-18,A->B,no-headnote,
commonlii-LKCA-1974-19,A->B,no-headnote,
commonlii-LKCA-1974-20,A->B,no-headnote,
commonlii-LKCA-1974-22,A->B,no-headnote,
commonlii-LKCA-1975-13,A->B,no-headnote,
commonlii-LKCA-1975-16,A->B,no-headnote,
commonlii-LKCA-1975-18,A->B,no-headnote,
commonlii-LKCA-1975-19,A->B,no-headnote,
commonlii-LKCA-1975-22,A->B,no-headnote,
commonlii-LKCA-1975-25,A->B,no-headnote,
commonlii-LKCA-1975-26,A->B,no-headnote,
commonlii-LKCA-1975-4,A->B,no-headnote,
commonlii-LKCA-1976-12,A->B,no-headnote,
commonlii-LKCA-1976-13,A->B,no-headnote,
commonlii-LKCA-1976-15,A->B,no-headnote,
commonlii-LKCA-1976-17,A->B,no-headnote,
commonlii-LKCA-1976-19,A->B,no-headnote,
commonlii-LKCA-1976-23,A->B,no-headnote,
commonlii-LKCA-1976-24,A->B,no-headnote,
commonlii-LKCA-1976-7,A->B,no-headnote,
commonlii-LKCA-1976-9,A->B,no-headnote,
commonlii-LKCA-1977-1,A->B,no-headnote,
commonlii-LKCA-1977-12,A->B,no-headnote,
commonlii-LKCA-1977-17,A->B,no-headnote,
commonlii-LKCA-1977-23,A->B,no-headnote,
commonlii-LKCA-1978-1,A->B,no-headnote,
commonlii-LKCA-1978-6,A->B,no-headnote,
commonlii-LKCA-1980-34,A->B,no-headnote,
commonlii-LKCA-1980-44,A->B,no-headnote,
commonlii-LKCA-1980-5,A->B,no-headnote,
commonlii-LKCA-1980-8,A->B,no-headnote,
commonlii-LKCA-1980-9,A->B,no-headnote,
commonlii-LKCA-1981-1,A->B,no-headnote,
commonlii-LKCA-1981-14,A->B,no-headnote,
commonlii-LKCA-1981-21,A->B,no-headnote,
commonlii-LKCA-1981-23,A->B,no-headnote,
commonlii-LKCA-1981-26,A->B,no-headnote,
commonlii-LKCA-1981-31,A->B,no-headnote,
commonlii-LKCA-1981-33,A->B,no-headnote,
commonlii-LKCA-1981-34,A->B,no-headnote,
commonlii-LKCA-1981-36,A->B,no-headnote,
commonlii-LKCA-1981-40,A->B,no-headnote,
commonlii-LKCA-1981-46,A->B,no-headnote,
commonlii-LKCA-1981-5,A->B,no-headnote,
commonlii-LKCA-1981-6,A->B,no-headnote,
commonlii-LKCA-1982-1,A->B,no-headnote,
commonlii-LKCA-1982-10,A->B,no-headnote,
commonlii-LKCA-1982-14,A->B,no-headnote,
commonlii-LKCA-1982-17,A->B,no-headnote,
commonlii-LKCA-1982-27,A->B,no-headnote,
commonlii-LKCA-1983-14,A->B,no-headnote,
commonlii-LKCA-1983-19,A->B,no-headnote,
commonlii-LKCA-1983-21,A->B,no-headnote,
commonlii-LKCA-1983-22,A->B,no-headnote,
commonlii-LKCA-1983-23,A->B,no-headnote,
commonlii-LKCA-1984-26,A->B,no-headnote,
commonlii-LKCA-1984-27,A->B,no-headnote,
commonlii-LKCA-1984-40,A->B,no-headnote,
commonlii-LKCA-1985-1,A->B,no-headnote,
commonlii-LKCA-1985-16,A->B,no-headnote,
commonlii-LKCA-1985-17,A->B,no-headnote,
commonlii-LKCA-1985-24,A->B,no-headnote,
commonlii-LKCA-1985-39,A->B,no-headnote,
commonlii-LKCA-1986-20,A->B,no-headnote,
commonlii-LKCA-1986-29,A->B,no-headnote,
commonlii-LKCA-1986-3,A->B,no-headnote,
commonlii-LKCA-1986-32,A->B,no-headnote,
commonlii-LKCA-1986-4,A->B,no-headnote,
commonlii-LKCA-1986-6,A->B,no-headnote,
commonlii-LKCA-1986-8,A->B,no-headnote,
commonlii-LKCA-1987-11,A->B,no-headnote,
commonlii-LKCA-1987-13,A->B,no-headnote,
commonlii-LKCA-1987-18,A->B,no-headnote,
commonlii-LKCA-1987-34,A->B,no-headnote,
commonlii-LKCA-1987-37,A->B,no-headnote,
commonlii-LKCA-1987-40,A->B,no-headnote,
commonlii-LKCA-1988-15,A->B,no-headnote,
commonlii-LKCA-1988-16,A->B,no-headnote,
commonlii-LKCA-1988-19,A->B,no-headnote,
commonlii-LKCA-1988-21,A->B,no-headnote,
commonlii-LKCA-1988-25,A->B,no-headnote,
commonlii-LKCA-1988-4,A->B,no-headnote,
commonlii-LKCA-1988-43,A->B,no-headnote,
commonlii-LKCA-1988-44,A->B,no-headnote,
commonlii-LKCA-1988-47,A->B,no-headnote,
commonlii-LKCA-1988-49,A->B,no-headnote,
commonlii-LKCA-1988-5,A->B,no-headnote,
commonlii-LKCA-1988-50,A->B,no-headnote,
commonlii-LKCA-1989-15,A->B,no-headnote,
commonlii-LKCA-1989-16,A->B,no-headnote,
commonlii-LKCA-1989-20,A->B,no-headnote,
commonlii-LKCA-1989-22,A->B,no-headnote,
commonlii-LKCA-1989-25,A->B,no-headnote,
commonlii-LKCA-1989-28,A->B,no-headnote,
commonlii-LKCA-1989-32,A->B,no-headnote,
commonlii-LKCA-1989-35,A->B,no-headnote,
commonlii-LKCA-1990-17,A->B,no-headnote,
commonlii-LKCA-1990-22,A->B,no-headnote,
commonlii-LKCA-1990-39,A->B,no-headnote,
commonlii-LKCA-1990-65,A->B,no-headnote,
commonlii-LKCA-1991-1,A->B,no-headnote,
commonlii-LKCA-1991-13,A->B,no-headnote,
commonlii-LKCA-1991-20,A->B,no-headnote,
commonlii-LKCA-1991-27,A->B,no-headnote,
commonlii-LKCA-1991-41,A->B,no-headnote,
commonlii-LKCA-1991-51,A->B,no-headnote,
commonlii-LKCA-1991-55,A->B,no-headnote,
commonlii-LKCA-1992-1,A->B,no-headnote,
commonlii-LKCA-1992-25,A->B,no-headnote,
commonlii-LKCA-1994-35,A->B,no-headnote,
commonlii-LKCA-1995-34,A->B,no-headnote,
commonlii-LKCA-1997-18,A->B,no-headnote,
commonlii-LKCA-1997-2,A->B,no-headnote,
commonlii-LKCA-1997-25,A->B,no-headnote,
commonlii-LKCA-1997-26,A->B,no-headnote,
commonlii-LKCA-1997-37,A->B,no-headnote,
commonlii-LKCA-1997-42,A->B,no-headnote,
commonlii-LKCA-1997-79,A->B,no-headnote,
commonlii-LKCA-2000-12,A->B,no-headnote,
commonlii-LKCA-2000-56,A->B,no-headnote,
commonlii-LKCA-2001-103,A->B,no-headnote,
commonlii-LKCA-2001-79,A->B,no-headnote,
commonlii-LKCA-2003-47,A->B,no-headnote,
commonlii-LKCA-2003-55,A->B,no-headnote,
commonlii-LKCA-2004-38,A->B,no-headnote,
commonlii-LKCA-2004-62,A->B,no-headnote,
commonlii-LKCA-2004-66,A->B,no-headnote,
commonlii-LKCA-2004-70,A->B,no-headnote,
commonlii-LKCA-2005-12,A->B,no-headnote,
commonlii-LKCA-2005-20,A->B,no-headnote,
commonlii-LKCA-2005-42,A->B,no-headnote,
commonlii-LKCA-2005-8,A->B,no-headnote,
commonlii-LKCA-2005-88,A->B,no-headnote,
commonlii-LKCA-2006-28,A->B,no-headnote,
commonlii-LKSC-1895-1,A->B,no-headnote,
commonlii-LKSC-1895-2,A->B,no-headnote,
commonlii-LKSC-1896-4,A->B,no-headnote,
commonlii-LKSC-1896-5,A->B,no-headnote,
commonlii-LKSC-1897-1,A->B,no-headnote,
commonlii-LKSC-1898-2,A->B,no-headnote,
commonlii-LKSC-1900-1,A->B,no-headnote,
commonlii-LKSC-1902-1,A->B,no-headnote,
commonlii-LKSC-1902-10,A->B,no-headnote,
commonlii-LKSC-1902-11,A->B,no-headnote,
commonlii-LKSC-1902-12,A->B,no-headnote,
commonlii-LKSC-1902-7,A->B,no-headnote,
commonlii-LKSC-1902-9,A->B,no-headnote,
commonlii-LKSC-1906-3,A->B,no-headnote,
commonlii-LKSC-1908-1,A->B,no-headnote,
commonlii-LKSC-1912-1,A->B,no-headnote,
commonlii-LKSC-1916-1,A->B,no-headnote,
commonlii-LKSC-1917-1,A->B,no-headnote,
commonlii-LKSC-1917-4,A->B,no-headnote,
commonlii-LKSC-1918-1,A->B,no-headnote,
commonlii-LKSC-1918-2,A->B,no-headnote,
commonlii-LKSC-1920-1,A->B,no-headnote,
commonlii-LKSC-1920-2,A->B,no-headnote,
commonlii-LKSC-1920-3,A->B,no-headnote,
commonlii-LKSC-1921-1,A->B,no-headnote,
commonlii-LKSC-1921-2,A->B,no-headnote,
commonlii-LKSC-1921-3,A->B,no-headnote,
commonlii-LKSC-1922-1,A->B,no-headnote,
commonlii-LKSC-1923-4,A->B,no-headnote,
commonlii-LKSC-1924-1,A->B,no-headnote,
commonlii-LKSC-1924-4,A->B,no-headnote,
commonlii-LKSC-1924-7,A->B,no-headnote,
commonlii-LKSC-1926-1,A->B,no-headnote,
commonlii-LKSC-1926-2,A->B,no-headnote,
commonlii-LKSC-1927-1,A->B,no-headnote,
commonlii-LKSC-1927-3,A->B,no-headnote,
commonlii-LKSC-1928-1,A->B,no-headnote,
commonlii-LKSC-1930-3,A->B,no-headnote,
commonlii-LKSC-1935-3,A->B,no-headnote,
commonlii-LKSC-1935-7,A->B,no-headnote,
commonlii-LKSC-1935-8,A->B,no-headnote,
commonlii-LKSC-1936-1,A->B,no-headnote,
commonlii-LKSC-1936-11,A->B,no-headnote,
commonlii-LKSC-1936-14,A->B,no-headnote,
commonlii-LKSC-1936-15,A->B,no-headnote,
commonlii-LKSC-1936-16,A->B,no-headnote,
commonlii-LKSC-1936-3,A->B,no-headnote,
commonlii-LKSC-1937-1,A->B,no-headnote,
commonlii-LKSC-1937-10,A->B,no-headnote,
commonlii-LKSC-1938-12,A->B,no-headnote,
commonlii-LKSC-1938-6,A->B,no-headnote,
commonlii-LKSC-1938-9,A->B,no-headnote,
commonlii-LKSC-1939-1,A->B,no-headnote,
commonlii-LKSC-1939-2,A->B,no-headnote,
commonlii-LKSC-1940-5,A->B,no-headnote,
commonlii-LKSC-1941-13,A->B,no-headnote,
commonlii-LKSC-1941-14,A->B,no-headnote,
commonlii-LKSC-1941-2,A->B,no-headnote,
commonlii-LKSC-1941-5,A->B,no-headnote,
commonlii-LKSC-1943-16,A->B,no-headnote,
commonlii-LKSC-1944-1,A->B,no-headnote,
commonlii-LKSC-1944-14,A->B,no-headnote,
commonlii-LKSC-1944-7,A->B,no-headnote,
commonlii-LKSC-1944-8,A->B,no-headnote,
commonlii-LKSC-1945-16,A->B,no-headnote,
commonlii-LKSC-1946-6,A->B,no-headnote,
commonlii-LKSC-1946-7,A->B,no-headnote,
commonlii-LKSC-1947-19,A->B,no-headnote,
commonlii-LKSC-1947-4,A->B,no-headnote,
commonlii-LKSC-1948-10,A->B,no-headnote,
commonlii-LKSC-1948-2,A->B,no-headnote,
commonlii-LKSC-1948-28,A->B,no-headnote,
commonlii-LKSC-1948-34,A->B,no-headnote,
commonlii-LKSC-1948-7,A->B,no-headnote,
commonlii-LKSC-1948-9,A->B,no-headnote,
commonlii-LKSC-1949-5,A->B,no-headnote,
commonlii-LKSC-1949-9,A->B,no-headnote,
commonlii-LKSC-1950-7,A->B,no-headnote,
commonlii-LKSC-1952-10,A->B,no-headnote,
commonlii-LKSC-1952-17,A->B,no-headnote,
commonlii-LKSC-1953-27,A->B,no-headnote,
commonlii-LKSC-1954-15,A->B,no-headnote,
commonlii-LKSC-1954-6,A->B,no-headnote,
commonlii-LKSC-1955-20,A->B,no-headnote,
commonlii-LKSC-1956-13,A->B,no-headnote,
commonlii-LKSC-1957-20,A->B,no-headnote,
commonlii-LKSC-1957-22,A->B,no-headnote,
commonlii-LKSC-1957-23,A->B,no-headnote,
commonlii-LKSC-1958-13,A->B,no-headnote,
commonlii-LKSC-1958-23,A->B,no-headnote,
commonlii-LKSC-1958-27,A->B,no-headnote,
commonlii-LKSC-1958-30,A->B,no-headnote,
commonlii-LKSC-1959-16,A->B,no-headnote,
commonlii-LKSC-1959-21,A->B,no-headnote,
commonlii-LKSC-1961-1,A->B,no-headnote,
commonlii-LKSC-1961-16,A->B,no-headnote,
commonlii-LKSC-1961-19,A->B,no-headnote,
commonlii-LKSC-1961-25,A->B,no-headnote,
commonlii-LKSC-1961-38,A->B,no-headnote,
commonlii-LKSC-1962-11,A->B,no-headnote,
commonlii-LKSC-1962-12,A->B,no-headnote,
commonlii-LKSC-1962-19,A->B,no-headnote,
commonlii-LKSC-1962-22,A->B,no-headnote,
commonlii-LKSC-1962-4,A->B,no-headnote,
commonlii-LKSC-1962-9,A->B,no-headnote,
commonlii-LKSC-1963-2,A->B,no-headnote,
commonlii-LKSC-1963-21,A->B,no-headnote,
commonlii-LKSC-1963-3,A->B,no-headnote,
commonlii-LKSC-1964-12,A->B,no-headnote,
commonlii-LKSC-1965-1,A->B,no-headnote,
commonlii-LKSC-1965-10,A->B,no-headnote,
commonlii-LKSC-1965-14,A->B,no-headnote,
commonlii-LKSC-1965-27,A->B,no-headnote,
commonlii-LKSC-1965-29,A->B,no-headnote,
commonlii-LKSC-1965-30,A->B,no-headnote,
commonlii-LKSC-1966-15,A->B,no-headnote,
commonlii-LKSC-1966-30,A->B,no-headnote,
commonlii-LKSC-1967-20,A->B,no-headnote,
commonlii-LKSC-1967-28,A->B,no-headnote,
commonlii-LKSC-1968-11,A->B,no-headnote,
commonlii-LKSC-1968-14,A->B,no-headnote,
commonlii-LKSC-1968-2,A->B,no-headnote,
commonlii-LKSC-1968-30,A->B,no-headnote,
commonlii-LKSC-1968-33,A->B,no-headnote,
commonlii-LKSC-1968-4,A->B,no-headnote,
commonlii-LKSC-1968-7,A->B,no-headnote,
commonlii-LKSC-1969-19,A->B,no-headnote,
commonlii-LKSC-1969-4,A->B,no-headnote,
commonlii-LKSC-1970-11,A->B,no-headnote,
commonlii-LKSC-1970-23,A->B,no-headnote,
commonlii-LKSC-1970-3,A->B,no-headnote,
commonlii-LKSC-1971-1,A->B,no-headnote,
commonlii-LKSC-1971-12,A->B,no-headnote,
commonlii-LKSC-1971-18,A->B,no-headnote,
commonlii-LKSC-1971-38,A->B,no-headnote,
commonlii-LKSC-1971-5,A->B,no-headnote,
commonlii-LKSC-1972-11,A->B,no-headnote,
commonlii-LKSC-1972-16,A->B,no-headnote,
commonlii-LKSC-1972-22,A->B,no-headnote,
commonlii-LKSC-1973-16,A->B,no-headnote,
commonlii-LKSC-1973-19,A->B,no-headnote,
commonlii-LKSC-1973-2,A->B,no-headnote,
commonlii-LKSC-1974-1,A->B,no-headnote,
commonlii-LKSC-1974-3,A->B,no-headnote,
commonlii-LKSC-1975-14,A->B,no-headnote,
commonlii-LKSC-1976-12,A->B,no-headnote,
commonlii-LKSC-1980-1,A->B,no-headnote,
commonlii-LKSC-1981-1,A->B,no-headnote,
commonlii-LKSC-1981-11,A->B,no-headnote,
commonlii-LKSC-1981-12,A->B,no-headnote,
commonlii-LKSC-1981-13,A->B,no-headnote,
commonlii-LKSC-1981-20,A->B,no-headnote,
commonlii-LKSC-1981-21,A->B,no-headnote,
commonlii-LKSC-1981-24,A->B,no-headnote,
commonlii-LKSC-1981-25,A->B,no-headnote,
commonlii-LKSC-1981-33,A->B,no-headnote,
commonlii-LKSC-1981-37,A->B,no-headnote,
commonlii-LKSC-1981-40,A->B,no-headnote,
commonlii-LKSC-1981-41,A->B,no-headnote,
commonlii-LKSC-1981-45,A->B,no-headnote,
commonlii-LKSC-1981-8,A->B,no-headnote,
commonlii-LKSC-1982-1,A->B,no-headnote,
commonlii-LKSC-1982-13,A->B,no-headnote,
commonlii-LKSC-1982-14,A->B,no-headnote,
commonlii-LKSC-1982-16,A->B,no-headnote,
commonlii-LKSC-1982-26,A->B,no-headnote,
commonlii-LKSC-1982-37,A->B,no-headnote,
commonlii-LKSC-1982-39,A->B,no-headnote,
commonlii-LKSC-1983-1,A->B,no-headnote,
commonlii-LKSC-1983-3,A->B,no-headnote,
commonlii-LKSC-1984-11,A->B,no-headnote,
commonlii-LKSC-1984-19,A->B,no-headnote,
commonlii-LKSC-1984-21,A->B,no-headnote,
commonlii-LKSC-1984-23,A->B,no-headnote,
commonlii-LKSC-1984-25,A->B,no-headnote,
commonlii-LKSC-1984-5,A->B,no-headnote,
commonlii-LKSC-1985-5,A->B,no-headnote,
commonlii-LKSC-1985-8,A->B,no-headnote,
commonlii-LKSC-1986-10,A->B,no-headnote,
commonlii-LKSC-1986-11,A->B,no-headnote,
commonlii-LKSC-1986-15,A->B,no-headnote,
commonlii-LKSC-1986-18,A->B,no-headnote,
commonlii-LKSC-1986-19,A->B,no-headnote,
commonlii-LKSC-1986-22,A->B,no-headnote,
commonlii-LKSC-1986-29,A->B,no-headnote,
commonlii-LKSC-1986-31,A->B,no-headnote,
commonlii-LKSC-1986-38,A->B,no-headnote,
commonlii-LKSC-1986-40,A->B,no-headnote,
commonlii-LKSC-1987-11,A->B,no-headnote,
commonlii-LKSC-1987-17,A->B,no-headnote,
commonlii-LKSC-1987-18,A->B,no-headnote,
commonlii-LKSC-1987-2,A->B,no-headnote,
commonlii-LKSC-1987-23,A->B,no-headnote,
commonlii-LKSC-1987-6,A->B,no-headnote,
commonlii-LKSC-1988-9,A->B,no-headnote,
commonlii-LKSC-1989-11,A->B,no-headnote,
commonlii-LKSC-1989-26,A->B,no-headnote,
commonlii-LKSC-1989-6,A->B,no-headnote,
commonlii-LKSC-1990-1,A->B,no-headnote,
commonlii-LKSC-1990-14,A->B,no-headnote,
commonlii-LKSC-1990-17,A->B,no-headnote,
commonlii-LKSC-1990-4,A->B,no-headnote,
commonlii-LKSC-1991-14,A->B,no-headnote,
commonlii-LKSC-1991-26,A->B,no-headnote,
commonlii-LKSC-1991-3,A->B,no-headnote,
commonlii-LKSC-1991-4,A->B,no-headnote,
commonlii-LKSC-1991-6,A->B,no-headnote,
commonlii-LKSC-1993-19,A->B,no-headnote,
commonlii-LKSC-1993-24,A->B,no-headnote,
commonlii-LKSC-1993-26,A->B,no-headnote,
commonlii-LKSC-1993-4,A->B,no-headnote,
commonlii-LKSC-1993-40,A->B,no-headnote,
commonlii-LKSC-1993-47,A->B,no-headnote,
commonlii-LKSC-1994-1,A->B,no-headnote,
commonlii-LKSC-1994-13,A->B,no-headnote,
commonlii-LKSC-1994-35,A->B,no-headnote,
commonlii-LKSC-1994-42,A->B,no-headnote,
commonlii-LKSC-1994-43,A->B,no-headnote,
commonlii-LKSC-1994-7,A->B,no-headnote,
commonlii-LKSC-1995-4,A->B,no-headnote,
commonlii-LKSC-1995-8,A->B,no-headnote,
commonlii-LKSC-1996-9,A->B,no-headnote,
commonlii-LKSC-1998-4,A->B,no-headnote,
commonlii-LKSC-2000-34,A->B,no-headnote,
commonlii-LKSC-2003-6,A->B,no-headnote,
commonlii-LKSC-2008-5,A->B,no-headnote,
commonlii-LKSC-2008-7,A->B,no-headnote,
commonlii-LKSC-2009-10,A->B,no-headnote,
commonlii-LKSC-2010-3,A->B,no-headnote,
courts-coa-1.-ca-17-1999-f-11.3.2019.pdf,B,reject:quote-not-found,meta/llama-3.3-70b-instruct
courts-coa-254-2014-writ-14.01.19.pdf,B,reject:quote-not-found,meta/llama-3.3-70b-instruct
courts-coa-27.-ca-tax-0008-2007-1.pdf,B,reject:quote-not-found,meta/llama-3.3-70b-instruct
courts-coa-c.a-dc-466-1999.pdf,B,reject:quote-not-found,meta/llama-3.3-70b-instruct
courts-coa-c.a-dc-566-1997.pdf,B,abstained,meta/llama-3.3-70b-instruct
courts-coa-c.a-dc-831_2000.pdf,B,reject:quote-not-found,meta/llama-3.3-70b-instruct
courts-coa-c.a-dcf-642-99.pdf,B,abstained,meta/llama-3.3-70b-instruct
courts-coa-c.a-hc-238-2016.pdf,B,abstained,meta/llama-3.1-8b-instruct
courts-coa-c.a-lta-272-2003.pdf,B,abstained,meta/llama-3.3-70b-instruct
courts-coa-c.a-phc-123-2008.pdf,B,abstained,meta/llama-3.1-8b-instruct
courts-coa-c.a-ri-05-2018.pdf,B,reject:quote-not-found,meta/llama-3.3-70b-instruct
courts-coa-c.a-writ-196-2007.pdf,B,reject:quote-not-found,meta/llama-3.3-70b-instruct
courts-coa-c.a-writ-357-2016.pdf,B,abstained,meta/llama-3.1-8b-instruct
courts-coa-c.a-writ-386-2015-1.pdf,B,reject:quote-not-found,meta/llama-3.3-70b-instruct
courts-coa-c.a.-dc_559_1993.pdf,B,abstained,meta/llama-3.1-8b-instruct
courts-coa-c.a.-dc_664_1997.pdf,B,reject:quote-not-found,meta/llama-3.3-70b-instruct
courts-coa-c.a.writ-272-2014.final_.pdf,B,reject:quote-not-found,meta/llama-3.3-70b-instruct
courts-coa-CA-48-49-2021.pdf,B,abstained,meta/llama-3.1-8b-instruct
courts-coa-ca-989-2000-f-16.10.2019.pdf,B,reject:quote-not-found,meta/llama-3.3-70b-instruct
courts-coa-ca-dcf-524-a-1999-08.02.2021-prescription.pdf,B,abstained,meta/llama-3.1-8b-instruct
courts-coa-ca-phc-122_18-1.pdf,B,reject:quote-not-found,meta/llama-3.3-70b-instruct
courts-coa-ca-tax-0005-2019-final-interest-income-indian-overseas-bank-15.12.2022.pdf,B,abstained,meta/llama-3.1-8b-instruct
courts-coa-CA-TAX-0014-20.pdf,B,abstained,meta/llama-3.1-8b-instruct
courts-coa-CA-Writ-124-2018.pdf,B,reject:quote-not-found,meta/llama-3.3-70b-instruct
courts-coa-ca-writ-150-2018-24.9.2020.pdf,B,abstained,meta/llama-3.1-8b-instruct
courts-coa-CA-Writ-201-22-Judgment-final.pdf,B,abstained,meta/llama-3.1-8b-instruct
courts-coa-ca-writ-328-2015-19.02.2020.pdf,B,abstained,meta/llama-3.1-8b-instruct
courts-coa-ca-writ-434-2016-17.09.2020.pdf,B,abstained,meta/llama-3.3-70b-instruct
courts-coa-ca.-apn_91_2003.pdf,B,abstained,meta/llama-3.1-8b-instruct
courts-coa-ca.-phc_106_2009.pdf,B,reject:quote-not-found,meta/llama-3.1-8b-instruct
courts-coa-ca.-phc_167_2013.pdf,B,reject:quote-not-found,meta/llama-3.1-8b-instruct
courts-coa-ca.50.14.final_.pdf,B,reject:quote-not-found,meta/llama-3.1-8b-instruct
courts-coa-ca.66.13.final_.pdf,B,abstained,meta/llama-3.1-8b-instruct
courts-coa-CA.RII_.41.23-2024.06.28.pdf,B,reject:quote-not-found,meta/llama-3.1-8b-instruct
courts-coa-CA.WRT_.-0016.2019-03.05.2024.pdf,B,abstained,meta/llama-3.1-8b-instruct
courts-coa-ca_169_2011.pdf,B,reject:quote-not-found,meta/llama-3.1-8b-instruct
courts-coa-ca_dc_1217_00.pdf,B,abstained,meta/llama-3.1-8b-instruct
courts-coa-ca_dc_374_00.pdf,B,reject:quote-not-found,meta/llama-3.1-8b-instruct
courts-coa-ca_dc_702_89.pdf,B,reject:quote-not-found,meta/llama-3.1-8b-instruct
courts-coa-ca_dc_711_96.pdf,B,reject:quote-not-found,meta/llama-3.1-8b-instruct
courts-coa-ca_dc_791_97.pdf,B,reject:quote-not-found,meta/llama-3.1-8b-instruct
courts-coa-ca_dc_846_97.pdf,B,reject:quote-not-found,meta/llama-3.1-8b-instruct
courts-coa-ca_dc_awissawella_897_99.pdf,B,reject:quote-not-found,meta/llama-3.1-8b-instruct
courts-coa-ca_dc_balapitiya_347_00.pdf,B,reject:quote-not-found,meta/llama-3.1-8b-instruct
courts-coa-ca_dc_colombo_1223_96.pdf,B,reject:quote-not-found,meta/llama-3.1-8b-instruct
courts-coa-ca_dc_colombo_326_98.pdf,B,reject:quote-not-found,meta/llama-3.1-8b-instruct
courts-coa-ca_dc_colombo_402_99.pdf,B,reject:quote-not-found,meta/llama-3.1-8b-instruct
courts-coa-ca_dc_colombo_411_97.pdf,B,reject:quote-not-found,meta/llama-3.1-8b-instruct
courts-coa-ca_dc_colombo_415_98.pdf,B,reject:quote-not-found,meta/llama-3.1-8b-instruct
courts-coa-ca_dc_colombo_713_00.pdf,B,reject:quote-not-found,meta/llama-3.1-8b-instruct
courts-coa-ca_dc_galle_1101_98.pdf,B,abstained,meta/llama-3.1-8b-instruct
courts-coa-ca_dc_galle_1212_98.pdf,B,reject:quote-not-found,meta/llama-3.1-8b-instruct
courts-coa-ca_dc_galle_123_92.pdf,B,abstained,meta/llama-3.1-8b-instruct
courts-coa-ca_dc_galle_1331_96.pdf,B,abstained,meta/llama-3.1-8b-instruct
courts-coa-ca_dc_galle_412_93.pdf,B,reject:quote-not-found,meta/llama-3.1-8b-instruct
courts-coa-ca_dc_gampaha_957_98.pdf,B,reject:quote-not-found,meta/llama-3.1-8b-instruct
courts-coa-ca_dc_homagama_1470_2002.pdf,B,abstained,meta/llama-3.1-8b-instruct
courts-coa-ca_dc_horana_1068_98.pdf,B,reject:quote-not-found,meta/llama-3.1-8b-instruct
courts-coa-ca_dc_kalutara_957_00.pdf,B,reject:quote-not-found,meta/llama-3.1-8b-instruct
courts-coa-ca_dc_kegalle_1154_00.pdf,B,reject:quote-not-found,meta/llama-3.1-8b-instruct
courts-coa-ca_dc_kegalle_320_99.pdf,B,reject:quote-not-found,meta/llama-3.1-8b-instruct
courts-coa-ca_dc_kegalle_710_96.pdf,B,reject:quote-not-found,meta/llama-3.1-8b-instruct
courts-coa-ca_dc_kuliyapitiya_505_98.pdf,B,reject:quote-not-found,meta/llama-3.1-8b-instruct
courts-coa-ca_dc_kurunegala_185_98.pdf,B,reject:quote-not-found,meta/llama-3.1-8b-instruct
courts-coa-ca_dc_matara_63_1998.pdf,B,reject:quote-not-found,meta/llama-3.1-8b-instruct
courts-coa-ca_dc_mathugama_40_98.pdf,B,reject:quote-not-found,meta/llama-3.1-8b-instruct
courts-coa-ca_dc_mathugama_879_98-1.pdf,B,abstained,meta/llama-3.1-8b-instruct
courts-coa-ca_dc_mt.lavinia_1125_98.pdf,B,reject:quote-not-found,meta/llama-3.1-8b-instruct
courts-coa-ca_dc_mt.lavinia_131_96.pdf,B,reject:quote-not-found,meta/llama-3.1-8b-instruct
courts-coa-ca_dc_mt.lavinia_175_98.pdf,B,reject:quote-not-found,meta/llama-3.1-8b-instruct
courts-coa-ca_dc_mt.lavinia_25_94.pdf,B,reject:quote-not-found,meta/llama-3.1-8b-instruct
courts-coa-ca_dc_mt.lavinia_310_98.pdf,B,abstained,meta/llama-3.1-8b-instruct
courts-coa-ca_dc_mt.lavinia_70_97.pdf,B,reject:quote-not-found,meta/llama-3.1-8b-instruct
courts-coa-ca_dc_rathnapura_855_98.pdf,B,reject:quote-not-found,meta/llama-3.1-8b-instruct
courts-coa-ca_dc_tangalle_876_98.pdf,B,reject:quote-not-found,meta/llama-3.1-8b-instruct
courts-coa-ca_dc_walasmulla_1118_98.pdf,B,abstained,meta/llama-3.1-8b-instruct
courts-coa-ca_dc_walasmulla_161_1997_f.pdf,B,reject:quote-not-found,meta/llama-3.1-8b-instruct
courts-coa-ca_hc_249_2013.pdf,B,reject:quote-not-found,meta/llama-3.1-8b-instruct
courts-coa-ca_la_156_2004.pdf,B,reject:quote-not-found,meta/llama-3.1-8b-instruct
courts-coa-ca_phc_apn_136_2015.pdf,B,reject:quote-not-found,meta/llama-3.1-8b-instruct
courts-coa-ca_phc_apn_141_2013.pdf,B,reject:quote-not-found,meta/llama-3.1-8b-instruct
courts-coa-ca_ri_19_2014.pdf,B,abstained,meta/llama-3.1-8b-instruct
courts-coa-ca_rv_1249_2005.pdf,B,reject:quote-not-found,meta/llama-3.1-8b-instruct
courts-coa-ca_rv_1447_06.pdf,B,reject:quote-not-found,meta/llama-3.1-8b-instruct
courts-coa-ca_writ_169_2013.pdf,B,abstained,meta/llama-3.1-8b-instruct
courts-coa-ca_writ_2107_04.pdf,B,reject:quote-not-found,meta/llama-3.1-8b-instruct
courts-coa-ca_writ_76_2015.pdf,B,reject:quote-not-found,meta/llama-3.1-8b-instruct
courts-coa-cala-459-2006-3.10.2019.pdf,B,reject:quote-not-found,meta/llama-3.1-8b-instruct
courts-coa-cala_dc_kalutara_171_2003.pdf,B,reject:quote-not-found,meta/llama-3.1-8b-instruct
courts-coa-HCC-255-23.pdf,B,reject:quote-not-found,meta/llama-3.1-8b-instruct
courts-coa-HCC-277-16-28.02.2024.pdf,B,reject:quote-not-found,meta/llama-3.1-8b-instruct
courts-coa-LTA-0006-22-JUDGMENT.pdf,B,reject:quote-not-found,meta/llama-3.1-8b-instruct
courts-coa-PHC-115-18.pdf,B,reject:quote-not-found,meta/llama-3.1-8b-instruct
courts-coa-RII-0017-20.pdf,B,reject:quote-not-found,meta/llama-3.1-8b-instruct
courts-coa-TAX-05-21.pdf,B,reject:quote-not-found,meta/llama-3.1-8b-instruct
courts-coa-TAX-96-24.pdf,B,reject:quote-not-found,meta/llama-3.1-8b-instruct
courts-coa-Writ-112-2018-Judgment.pdf,B,abstained,meta/llama-3.1-8b-instruct
courts-coa-Writ-123-20-.pdf,B,abstained,meta/llama-3.1-8b-instruct
courts-coa-Writ-188-22.pdf,B,abstained,meta/llama-3.1-8b-instruct
courts-coa-Writ-501-23.pdf,B,reject:quote-not-found,meta/llama-3.1-8b-instruct
courts-coa-WRT-0247-15.pdf,B,abstained,meta/llama-3.1-8b-instruct
courts-coa-WRT-0529-25-NIPO-Director-General-Final.pdf,B,abstained,meta/llama-3.1-8b-instruct
courts-coa-WRT-113-24-JUDGMENT-1.pdf,B,reject:quote-not-found,meta/llama-3.1-8b-instruct
courts-coa-WRT-113-24-JUDGMENT.pdf,B,reject:quote-not-found,meta/llama-3.1-8b-instruct
courts-coa-WRT-151-21.pdf,B,reject:quote-not-found,meta/llama-3.1-8b-instruct
courts-coa-wrt-226-18-judgment-1.pdf,B,reject:quote-not-found,meta/llama-3.1-8b-instruct
courts-coa-WRT-260-23-JUDGMENT-1.pdf,B,abstained,meta/llama-3.1-8b-instruct
courts-coa-WRT-294-23-JUDGMENT-1.pdf,B,reject:quote-not-found,meta/llama-3.1-8b-instruct
courts-coa-WRT-323-24.pdf,B,reject:quote-not-found,meta/llama-3.1-8b-instruct
courts-coa-WRT-330-23-JUDGMENT.pdf,B,abstained,meta/llama-3.1-8b-instruct
courts-coa-WRT-505-21.pdf,B,abstained,meta/llama-3.1-8b-instruct
courts-sc-ac_appeal_217_2014-1.pdf,B,reject:quote-not-found,meta/llama-3.1-8b-instruct
courts-sc-sc_appeal_08_2014-1.pdf,B,abstained,meta/llama-3.1-8b-instruct
courts-sc-sc_appeal_100_2020.pdf,B,reject:quote-not-found,meta/llama-3.1-8b-instruct
courts-sc-sc_appeal_101_2017.pdf,B,reject:quote-not-found,meta/llama-3.1-8b-instruct
courts-sc-sc_appeal_104_2005.pdf,B,abstained,meta/llama-3.1-8b-instruct
courts-sc-sc_appeal_110_2014-1.pdf,B,reject:quote-not-found,meta/llama-3.1-8b-instruct
courts-sc-sc_appeal_111_2014.pdf,B,reject:quote-not-found,meta/llama-3.1-8b-instruct
courts-sc-sc_appeal_116_2014.pdf,B,reject:quote-not-found,meta/llama-3.1-8b-instruct
courts-sc-sc_appeal_116_2020.pdf,B,reject:quote-not-found,meta/llama-3.1-8b-instruct
courts-sc-sc_appeal_117_2020.pdf,B,reject:quote-not-found,meta/llama-3.1-8b-instruct
courts-sc-sc_appeal_11_2013.pdf,B,reject:quote-not-found,meta/llama-3.1-8b-instruct
courts-sc-sc_appeal_120_2011.pdf,B,reject:quote-not-found,meta/llama-3.1-8b-instruct
courts-sc-sc_appeal_125_2016.pdf,B,reject:quote-not-found,meta/llama-3.1-8b-instruct
courts-sc-sc_appeal_125_2018.pdf,B,reject:quote-not-found,meta/llama-3.1-8b-instruct
courts-sc-sc_appeal_126_2011.pdf,B,reject:quote-not-found,meta/llama-3.1-8b-instruct
courts-sc-sc_appeal_126_2012.pdf,B,reject:quote-not-found,meta/llama-3.1-8b-instruct
courts-sc-sc_appeal_127_2017.pdf,B,reject:quote-not-found,meta/llama-3.1-8b-instruct
courts-sc-sc_appeal_132_2009.pdf,B,reject:quote-not-found,meta/llama-3.1-8b-instruct
courts-sc-sc_appeal_132_2014.pdf,B,reject:quote-not-found,meta/llama-3.1-8b-instruct
courts-sc-sc_appeal_133_2010.pdf,B,reject:quote-not-found,meta/llama-3.1-8b-instruct
courts-sc-sc_appeal_134_2016.pdf,B,reject:quote-not-found,meta/llama-3.1-8b-instruct
courts-sc-sc_appeal_137_2019.pdf,B,reject:quote-not-found,meta/llama-3.1-8b-instruct
courts-sc-sc_appeal_138_2016.pdf,B,reject:quote-not-found,meta/llama-3.1-8b-instruct
courts-sc-sc_appeal_139_2011.pdf,B,reject:quote-not-found,meta/llama-3.1-8b-instruct
courts-sc-sc_appeal_13_2020.pdf,B,reject:quote-not-found,meta/llama-3.1-8b-instruct
courts-sc-sc_appeal_141_2009.pdf,B,reject:quote-not-found,meta/llama-3.1-8b-instruct
courts-sc-sc_appeal_143_2016.pdf,B,reject:quote-not-found,meta/llama-3.1-8b-instruct
courts-sc-sc_appeal_144_2017.pdf,B,reject:quote-not-found,meta/llama-3.1-8b-instruct
courts-sc-sc_appeal_145_2012.pdf,B,reject:quote-not-found,meta/llama-3.1-8b-instruct
courts-sc-sc_appeal_145_2013.pdf,B,reject:quote-not-found,meta/llama-3.1-8b-instruct
courts-sc-sc_appeal_147_2014.pdf,B,abstained,meta/llama-3.1-8b-instruct
courts-sc-sc_appeal_148_2013.pdf,B,reject:quote-not-found,meta/llama-3.1-8b-instruct
courts-sc-sc_appeal_148_2018.pdf,B,abstained,meta/llama-3.1-8b-instruct
courts-sc-sc_appeal_150_2015.pdf,B,reject:quote-not-found,meta/llama-3.1-8b-instruct
courts-sc-sc_appeal_150_2016.pdf,B,reject:quote-not-found,meta/llama-3.1-8b-instruct
courts-sc-sc_appeal_151_2012.pdf,B,reject:quote-not-found,meta/llama-3.1-8b-instruct
courts-sc-sc_appeal_151_2016.pdf,B,reject:quote-not-found,meta/llama-3.1-8b-instruct
courts-sc-sc_appeal_151_2019.pdf,B,reject:quote-not-found,meta/llama-3.1-8b-instruct
courts-sc-sc_appeal_155_2010.pdf,B,reject:quote-not-found,meta/llama-3.1-8b-instruct
courts-sc-sc_appeal_15_2010.pdf,B,reject:quote-not-found,meta/llama-3.1-8b-instruct
courts-sc-sc_appeal_160_2015.pdf,B,reject:quote-not-found,meta/llama-3.1-8b-instruct
courts-sc-sc_appeal_161_2013.pdf,B,reject:quote-not-found,meta/llama-3.1-8b-instruct
courts-sc-sc_appeal_162-2019_am1.pdf,B,reject:quote-not-found,meta/llama-3.1-8b-instruct
courts-sc-sc_appeal_162_2010-1.pdf,B,reject:quote-not-found,meta/llama-3.1-8b-instruct
courts-sc-sc_appeal_162_2017.pdf,B,reject:quote-not-found,meta/llama-3.1-8b-instruct
courts-sc-sc_appeal_162_2018.pdf,B,reject:quote-not-found,meta/llama-3.1-8b-instruct
courts-sc-sc_appeal_163_2016.pdf,B,reject:quote-not-found,meta/llama-3.1-8b-instruct
courts-sc-sc_appeal_164_2012.pdf,B,reject:quote-not-found,meta/llama-3.1-8b-instruct
courts-sc-sc_appeal_166_2013.pdf,B,reject:quote-not-found,meta/llama-3.1-8b-instruct
courts-sc-sc_appeal_166_2017.pdf,B,reject:quote-not-found,meta/llama-3.1-8b-instruct
courts-sc-sc_appeal_169_2018.pdf,B,reject:quote-not-found,meta/llama-3.1-8b-instruct
courts-sc-sc_appeal_16_2009.pdf,B,reject:quote-not-found,meta/llama-3.1-8b-instruct
courts-sc-sc_appeal_16_2011.pdf,B,reject:quote-not-found,meta/llama-3.1-8b-instruct
courts-sc-sc_appeal_170_2011.pdf,B,reject:quote-not-found,meta/llama-3.1-8b-instruct
courts-sc-sc_appeal_171_2019.pdf,B,reject:quote-not-found,meta/llama-3.1-8b-instruct
courts-sc-sc_appeal_173_2011.pdf,B,reject:quote-not-found,meta/llama-3.1-8b-instruct
courts-sc-sc_appeal_174_2014.pdf,B,reject:quote-not-found,meta/llama-3.1-8b-instruct
courts-sc-sc_appeal_175_2016.pdf,B,reject:quote-not-found,meta/llama-3.1-8b-instruct
courts-sc-sc_appeal_176_2014.pdf,B,reject:quote-not-found,meta/llama-3.1-8b-instruct
courts-sc-sc_appeal_177_2023.pdf,B,reject:quote-not-found,meta/llama-3.1-8b-instruct
courts-sc-sc_appeal_178_2013.pdf,B,reject:quote-not-found,meta/llama-3.1-8b-instruct
courts-sc-sc_appeal_179_2014.pdf,B,reject:quote-not-found,meta/llama-3.1-8b-instruct
courts-sc-sc_appeal_179_2016.pdf,B,reject:quote-not-found,meta/llama-3.1-8b-instruct
courts-sc-sc_appeal_179_2018.pdf,B,reject:quote-not-found,meta/llama-3.1-8b-instruct
courts-sc-sc_appeal_17_2012-1.pdf,B,reject:quote-not-found,meta/llama-3.1-8b-instruct
courts-sc-sc_appeal_180_2010.pdf,B,reject:quote-not-found,meta/llama-3.1-8b-instruct
courts-sc-sc_appeal_183_2011.pdf,B,reject:quote-not-found,meta/llama-3.1-8b-instruct
courts-sc-sc_appeal_196_2015-1.pdf,B,reject:quote-not-found,meta/llama-3.1-8b-instruct
courts-sc-sc_appeal_202_2012.pdf,B,reject:quote-not-found,meta/llama-3.1-8b-instruct
courts-sc-sc_appeal_203_2016.pdf,B,reject:quote-not-found,meta/llama-3.1-8b-instruct
courts-sc-sc_appeal_208_2017.pdf,B,reject:quote-not-found,meta/llama-3.1-8b-instruct
courts-sc-sc_appeal_209_2014.pdf,B,reject:quote-not-found,meta/llama-3.1-8b-instruct
courts-sc-sc_appeal_211_2014.pdf,B,reject:quote-not-found,meta/llama-3.1-8b-instruct
courts-sc-sc_appeal_213_2012.pdf,B,reject:quote-not-found,meta/llama-3.1-8b-instruct
courts-sc-sc_appeal_213_2017.pdf,B,reject:quote-not-found,meta/llama-3.1-8b-instruct
courts-sc-sc_appeal_219_2014.pdf,B,reject:quote-not-found,meta/llama-3.1-8b-instruct
courts-sc-sc_appeal_21_2005.pdf,B,abstained,meta/llama-3.1-8b-instruct
courts-sc-sc_appeal_235_2014.pdf,B,reject:quote-not-found,meta/llama-3.1-8b-instruct
courts-sc-sc_appeal_241_2016.pdf,B,reject:quote-not-found,meta/llama-3.1-8b-instruct
courts-sc-sc_appeal_243_2014.pdf,B,reject:quote-not-found,meta/llama-3.1-8b-instruct
courts-sc-sc_appeal_249_2017.pdf,B,reject:quote-not-found,meta/llama-3.1-8b-instruct
courts-sc-sc_appeal_25_2012.pdf,B,abstained,meta/llama-3.1-8b-instruct
courts-sc-sc_appeal_29_2014.pdf,B,reject:quote-not-found,meta/llama-3.1-8b-instruct
courts-sc-sc_appeal_2_2009.pdf,B,reject:quote-not-found,meta/llama-3.1-8b-instruct
courts-sc-sc_appeal_30_2024.pdf,B,abstained,meta/llama-3.1-8b-instruct
courts-sc-sc_appeal_31_2017.pdf,B,reject:quote-not-found,meta/llama-3.1-8b-instruct
courts-sc-sc_appeal_34_2014.pdf,B,reject:quote-not-found,meta/llama-3.1-8b-instruct
courts-sc-sc_appeal_35_2018.pdf,B,reject:quote-not-found,meta/llama-3.1-8b-instruct
courts-sc-sc_appeal_35_2021-1.pdf,B,reject:quote-not-found,meta/llama-3.1-8b-instruct
courts-sc-sc_appeal_38_39_2006.pdf,B,abstained,meta/llama-3.1-8b-instruct
courts-sc-sc_appeal_40_2013.pdf,B,reject:quote-not-found,meta/llama-3.1-8b-instruct
courts-sc-sc_appeal_42_2010-1.pdf,B,reject:quote-not-found,meta/llama-3.1-8b-instruct
courts-sc-sc_appeal_46_2014.pdf,B,reject:quote-not-found,meta/llama-3.1-8b-instruct
courts-sc-sc_appeal_46_2018.pdf,B,reject:quote-not-found,meta/llama-3.1-8b-instruct
courts-sc-sc_appeal_46_2020.pdf,B,reject:quote-not-found,meta/llama-3.1-8b-instruct
courts-sc-sc_appeal_47_2020.pdf,B,reject:quote-not-found,meta/llama-3.1-8b-instruct
courts-sc-sc_appeal_48_2012.pdf,B,reject:quote-not-found,meta/llama-3.1-8b-instruct
courts-sc-sc_appeal_48_2021.pdf,B,reject:quote-not-found,meta/llama-3.1-8b-instruct
courts-sc-sc_appeal_49_2003-part_I.pdf,B,reject:quote-not-found,meta/llama-3.1-8b-instruct
courts-sc-sc_appeal_49_2018.pdf,B,reject:quote-not-found,meta/llama-3.1-8b-instruct
courts-sc-sc_appeal_4_2010.pdf,B,reject:quote-not-found,meta/llama-3.1-8b-instruct
courts-sc-sc_appeal_51_2024.pdf,B,abstained,meta/llama-3.1-8b-instruct
courts-sc-sc_appeal_52_2024.pdf,B,reject:quote-not-found,meta/llama-3.1-8b-instruct
courts-sc-sc_appeal_55_2013.pdf,B,reject:quote-not-found,meta/llama-3.1-8b-instruct
courts-sc-sc_appeal_56_2010.pdf,B,reject:quote-not-found,meta/llama-3.1-8b-instruct
courts-sc-sc_appeal_56_2018.pdf,B,reject:quote-not-found,meta/llama-3.1-8b-instruct
courts-sc-sc_appeal_58_2018.pdf,B,reject:quote-not-found,meta/llama-3.1-8b-instruct
courts-sc-sc_appeal_58_2021.pdf,B,reject:quote-not-found,meta/llama-3.1-8b-instruct
courts-sc-sc_appeal_60_2014.pdf,B,reject:quote-not-found,meta/llama-3.1-8b-instruct
courts-sc-sc_appeal_61_2008.pdf,B,reject:quote-not-found,meta/llama-3.1-8b-instruct
courts-sc-sc_appeal_65_2025-2.pdf,B,reject:quote-not-found,meta/llama-3.1-8b-instruct
courts-sc-sc_appeal_66_2011.pdf,B,reject:quote-not-found,meta/llama-3.1-8b-instruct
courts-sc-sc_appeal_66_2012.pdf,B,reject:quote-not-found,meta/llama-3.1-8b-instruct
courts-sc-sc_appeal_66_2022.pdf,B,reject:quote-not-found,meta/llama-3.1-8b-instruct
courts-sc-sc_appeal_67_2025.pdf,B,reject:quote-not-found,meta/llama-3.1-8b-instruct
courts-sc-sc_appeal_69_2015-1.pdf,B,reject:quote-not-found,meta/llama-3.1-8b-instruct
courts-sc-sc_appeal_70_2013.pdf,B,reject:quote-not-found,meta/llama-3.1-8b-instruct
courts-sc-sc_appeal_74_2020.pdf,B,reject:quote-not-found,meta/llama-3.1-8b-instruct
courts-sc-sc_appeal_75_2014.pdf,B,reject:quote-not-found,meta/llama-3.1-8b-instruct
courts-sc-sc_appeal_76_2011.pdf,B,reject:quote-not-found,meta/llama-3.1-8b-instruct
courts-sc-sc_appeal_77_2013.pdf,B,reject:quote-not-found,meta/llama-3.1-8b-instruct
courts-sc-sc_appeal_77_2017.pdf,B,reject:quote-not-found,meta/llama-3.1-8b-instruct
courts-sc-sc_appeal_77_2019.pdf,B,reject:quote-not-found,meta/llama-3.1-8b-instruct
courts-sc-sc_appeal_78_2018.pdf,B,reject:quote-not-found,meta/llama-3.1-8b-instruct
courts-sc-sc_appeal_78_2024.pdf,B,reject:quote-not-found,meta/llama-3.1-8b-instruct
courts-sc-sc_appeal_81_2010.pdf,B,reject:quote-not-found,meta/llama-3.1-8b-instruct
courts-sc-sc_appeal_81_2020.pdf,B,reject:quote-not-found,meta/llama-3.1-8b-instruct
courts-sc-sc_appeal_83_2011.pdf,B,reject:quote-not-found,meta/llama-3.1-8b-instruct
courts-sc-sc_appeal_83_2014.pdf,B,reject:quote-not-found,meta/llama-3.1-8b-instruct
courts-sc-sc_appeal_85_2021.pdf,B,abstained,meta/llama-3.1-8b-instruct
courts-sc-sc_appeal_85a_2009.pdf,B,abstained,meta/llama-3.1-8b-instruct
courts-sc-sc_appeal_87_2002.pdf,B,reject:quote-not-found,meta/llama-3.1-8b-instruct
courts-sc-sc_appeal_89_2017-1.pdf,B,reject:quote-not-found,meta/llama-3.1-8b-instruct
courts-sc-sc_appeal_89_2019.pdf,B,reject:quote-not-found,meta/llama-3.1-8b-instruct
courts-sc-sc_appeal_91_2013.pdf,B,reject:quote-not-found,meta/llama-3.1-8b-instruct
courts-sc-sc_appeal_93_2012.pdf,B,reject:quote-not-found,meta/llama-3.1-8b-instruct
courts-sc-sc_appeal_93_2022.pdf,B,reject:quote-not-found,meta/llama-3.1-8b-instruct
courts-sc-sc_appeal_93a_2011.pdf,B,reject:quote-not-found,meta/llama-3.1-8b-instruct
courts-sc-sc_appeal_97_2015-1.pdf,B,reject:quote-not-found,meta/llama-3.1-8b-instruct
courts-sc-sc_chc_-44_2012.pdf,B,abstained,meta/llama-3.1-8b-instruct
courts-sc-sc_chc_appeal_10_2015.pdf,B,abstained,meta/llama-3.1-8b-instruct
courts-sc-sc_chc_appeal_11_2014.pdf,B,abstained,meta/llama-3.1-8b-instruct
courts-sc-sc_chc_appeal_17_2014.pdf,B,reject:quote-not-found,meta/llama-3.1-8b-instruct
courts-sc-sc_chc_appeal_18_2008.pdf,B,reject:quote-not-found,meta/llama-3.1-8b-instruct
courts-sc-sc_chc_appeal_19_2022.pdf,B,reject:quote-not-found,meta/llama-3.1-8b-instruct
courts-sc-sc_chc_appeal_22_2011.pdf,B,reject:quote-not-found,meta/llama-3.1-8b-instruct
courts-sc-sc_chc_appeal_25_2015-1.pdf,B,reject:quote-not-found,meta/llama-3.1-8b-instruct
courts-sc-sc_chc_appeal_27_2007.pdf,B,reject:quote-not-found,meta/llama-3.1-8b-instruct
courts-sc-sc_chc_appeal_37_2006.pdf,B,reject:quote-not-found,meta/llama-3.1-8b-instruct
courts-sc-sc_chc_appeal_39_2010.pdf,B,reject:quote-not-found,meta/llama-3.1-8b-instruct
courts-sc-sc_chc_appeal_48_2013.pdf,B,reject:quote-not-found,meta/llama-3.1-8b-instruct
courts-sc-sc_chc_appeal_54_2007.pdf,B,reject:quote-not-found,meta/llama-3.1-8b-instruct
courts-sc-sc_chc_appeal_9_2009.pdf,B,reject:quote-not-found,meta/llama-3.1-8b-instruct
courts-sc-sc_fr_152_2019.pdf,B,reject:quote-not-found,meta/llama-3.1-8b-instruct
courts-sc-sc_fr_162_2015.pdf,B,abstained,meta/llama-3.1-8b-instruct
courts-sc-sc_fr_17_2019.pdf,B,reject:quote-not-found,meta/llama-3.1-8b-instruct
courts-sc-sc_fr_19_2009.pdf,B,reject:quote-not-found,meta/llama-3.1-8b-instruct
courts-sc-sc_fr_207_2016.pdf,B,abstained,meta/llama-3.1-8b-instruct
courts-sc-sc_fr_236_2013.pdf,B,abstained,meta/llama-3.1-8b-instruct
courts-sc-sc_fr_24_2018.pdf,B,abstained,meta/llama-3.1-8b-instruct
courts-sc-SC_FR_30_2012-1.pdf,B,reject:quote-not-found,meta/llama-3.1-8b-instruct
courts-sc-sc_fr_30_2018.pdf,B,abstained,meta/llama-3.1-8b-instruct
courts-sc-sc_fr_311_2015_and_sc_fr_318_2015-3.pdf,B,abstained,meta/llama-3.1-8b-instruct
courts-sc-sc_fr_351_2022.pdf,B,abstained,meta/llama-3.1-8b-instruct
courts-sc-sc_fr_374_2017.pdf,B,reject:quote-not-found,meta/llama-3.1-8b-instruct
courts-sc-sc_fr_37_2013-1.pdf,B,reject:quote-not-found,meta/llama-3.1-8b-instruct
courts-sc-sc_fr_452_2008.pdf,B,reject:quote-not-found,meta/llama-3.1-8b-instruct
courts-sc-sc_fr_46_2021.pdf,B,abstained,meta/llama-3.1-8b-instruct
courts-sc-sc_hc_cala_331_2010.pdf,B,reject:quote-not-found,meta/llama-3.1-8b-instruct
courts-sc-sc_misc_2_2016.pdf,B,reject:quote-not-found,meta/llama-3.1-8b-instruct
courts-sc-sc_rule_14_2000.pdf,B,reject:quote-not-found,meta/llama-3.1-8b-instruct
courts-sc-sc_spl_la_210_2016.pdf,B,reject:quote-not-found,meta/llama-3.1-8b-instruct
courts-sc-sc_tab_1a_1f_2017.pdf,B,abstained,meta/llama-3.1-8b-instruct
courts-sc-sc_tab_2_2012.pdf,B,abstained,meta/llama-3.1-8b-instruct
